unit	goJsdoc	goReparsed	tsErr	goErr	L0	L1	L2	classL2	tsOnlyKinds
c00000u0_ES5SymbolProperty1.ts	0	0	0	0	1	1	1		
c00001u0_ES5SymbolProperty2.ts	0	0	0	0	1	1	1		
c00002u0_ES5SymbolProperty3.ts	0	0	0	0	1	1	1		
c00003u0_ES5SymbolProperty4.ts	0	0	0	0	1	1	1		
c00004u0_ES5SymbolProperty5.ts	0	0	0	0	1	1	1		
c00005u0_ES5SymbolProperty6.ts	0	0	0	0	1	1	1		
c00006u0_ES5SymbolProperty7.ts	0	0	0	0	1	1	1		
c00007u0_ES5SymbolType1.ts	0	0	0	0	1	1	1		
c00008u0_noPropertyAccessFromIndexSignature1.ts	0	0	0	0	1	1	1		
c00009u0_ambientDeclarations.ts	0	0	0	0	1	1	1		
c00010u0_decls.ts	0	0	0	0	1	1	1		
c00010u1_consumer.ts	0	0	0	0	1	1	1		
c00011u0_declarations.d.ts	0	0	0	0	1	1	1		
c00011u1_user.ts	0	0	0	0	1	1	1		
c00012u0_types.ts	0	0	0	0	1	1	1		
c00012u1_testA.ts	0	0	0	0	1	1	1		
c00012u2_testB.ts	0	0	0	0	1	1	1		
c00013u0_types.ts	0	0	0	0	1	1	1		
c00013u1_testA.ts	0	0	0	0	1	1	1		
c00013u2_testB.ts	0	0	0	0	1	1	1		
c00014u0_types.ts	0	0	0	0	1	1	1		
c00014u1_test.ts	0	0	0	0	1	1	1		
c00015u0_ambientDeclarationsPatterns_tooManyAsterisks.ts	0	0	0	0	1	1	1		
c00016u0_ambientEnumDeclaration1.ts	0	0	0	0	1	1	1		
c00017u0_ambientEnumDeclaration2.ts	0	0	0	0	1	1	1		
c00018u0_ambientErrors.ts	0	0	0	0	1	1	1		
c00019u0_ambientExternalModuleInsideNonAmbient.ts	0	0	0	0	1	1	1		
c00020u0_ambientExternalModuleInsideNonAmbientExternalModule.ts	0	0	0	0	1	1	1		
c00021u0_ambientExternalModuleMerging_use.ts	0	0	0	0	1	1	1		
c00021u1_ambientExternalModuleMerging_declare.ts	0	0	0	0	1	1	1		
c00022u0_ambientInsideNonAmbient.ts	0	0	0	0	1	1	1		
c00023u0_ambientInsideNonAmbientExternalModule.ts	0	0	0	0	1	1	1		
c00024u0_ambientModuleDeclarationWithReservedIdentifierInDottedPath.ts	0	1	2	2	1	1	1		
c00025u0_ambientModuleDeclarationWithReservedIdentifierInDottedPath2.ts	0	1	2	2	1	1	1		
c00026u0_declarations.d.ts	0	0	0	0	1	1	1		
c00026u1_user.ts	0	0	0	0	1	1	1		
c00027u0_ambientShorthand_declarationEmit.ts	0	0	0	0	1	1	1		
c00028u0_declarations1.d.ts	0	0	0	0	1	1	1		
c00028u1_declarations2.d.ts	0	0	0	0	1	1	1		
c00028u2_user.ts	0	0	0	0	1	1	1		
c00029u0_declarations1.d.ts	0	0	0	0	1	1	1		
c00029u1_declarations2.d.ts	0	0	0	0	1	1	1		
c00029u2_user.ts	0	0	0	0	1	1	1		
c00030u0_declarations.d.ts	0	0	0	0	1	1	1		
c00030u1_reExportX.ts	0	0	0	0	1	1	1		
c00030u2_reExportAll.ts	0	0	0	0	1	1	1		
c00030u3_reExportUser.ts	0	0	0	0	1	1	1		
c00031u0_asyncFunctionDeclarationParameterEvaluation.ts	0	0	0	0	1	1	1		
c00032u0_arrowFunctionWithParameterNameAsync_es2017.ts	0	0	0	0	1	1	1		
c00033u0_asyncArrowFunction10_es2017.ts	0	0	0	0	1	1	1		
c00034u0_asyncArrowFunction1_es2017.ts	0	0	0	0	1	1	1		
c00035u0_asyncArrowFunction2_es2017.ts	0	0	0	0	1	1	1		
c00036u0_asyncArrowFunction3_es2017.ts	0	0	0	0	1	1	1		
c00037u0_asyncArrowFunction4_es2017.ts	0	0	0	0	1	1	1		
c00038u0_asyncArrowFunction5_es2017.ts	0	0	0	0	1	1	1		
c00039u0_asyncArrowFunction6_es2017.ts	0	0	1	1	1	1	1		
c00040u0_asyncArrowFunction7_es2017.ts	0	0	1	1	1	1	1		
c00041u0_asyncArrowFunction8_es2017.ts	0	0	1	1	1	1	1		
c00042u0_asyncArrowFunction9_es2017.ts	0	0	3	3	1	1	1		
c00043u0_asyncArrowFunctionCapturesArguments_es2017.ts	0	0	0	0	1	1	1		
c00044u0_asyncArrowFunctionCapturesThis_es2017.ts	0	0	0	0	1	1	1		
c00046u0_asyncUnParenthesizedArrowFunction_es2017.ts	0	0	0	0	1	1	1		
c00047u0_asyncAwaitIsolatedModules_es2017.ts	0	0	0	0	1	1	1		
c00048u0_asyncAwait_es2017.ts	0	0	0	0	1	1	1		
c00049u0_asyncMethodWithSuperConflict_es6.ts	0	0	0	0	1	1	1		
c00050u0_asyncMethodWithSuper_es2017.ts	0	0	0	0	1	1	1		
c00051u0_asyncUseStrict_es2017.ts	0	0	0	0	1	1	1		
c00052u0_awaitBinaryExpression1_es2017.ts	0	0	0	0	1	1	1		
c00053u0_awaitBinaryExpression2_es2017.ts	0	0	0	0	1	1	1		
c00054u0_awaitBinaryExpression3_es2017.ts	0	0	0	0	1	1	1		
c00055u0_awaitBinaryExpression4_es2017.ts	0	0	0	0	1	1	1		
c00056u0_awaitBinaryExpression5_es2017.ts	0	0	0	0	1	1	1		
c00057u0_awaitCallExpression1_es2017.ts	0	0	0	0	1	1	1		
c00058u0_awaitCallExpression2_es2017.ts	0	0	0	0	1	1	1		
c00059u0_awaitCallExpression3_es2017.ts	0	0	0	0	1	1	1		
c00060u0_awaitCallExpression4_es2017.ts	0	0	0	0	1	1	1		
c00061u0_awaitCallExpression5_es2017.ts	0	0	0	0	1	1	1		
c00062u0_awaitCallExpression6_es2017.ts	0	0	0	0	1	1	1		
c00063u0_awaitCallExpression7_es2017.ts	0	0	0	0	1	1	1		
c00064u0_awaitCallExpression8_es2017.ts	0	0	0	0	1	1	1		
c00065u0_awaitClassExpression_es2017.ts	0	0	0	0	1	1	1		
c00066u0_awaitInheritedPromise_es2017.ts	0	0	0	0	1	1	1		
c00067u0_await_incorrectThisType.ts	0	0	0	0	1	1	1		
c00068u0_await_unaryExpression_es2017.ts	0	0	0	0	1	1	1		
c00069u0_await_unaryExpression_es2017_1.ts	0	0	0	0	1	1	1		
c00070u0_await_unaryExpression_es2017_2.ts	0	0	0	0	1	1	1		
c00071u0_await_unaryExpression_es2017_3.ts	0	0	2	2	1	1	1		
c00072u0_asyncFunctionDeclaration10_es2017.ts	0	0	1	1	1	1	1		
c00073u0_asyncFunctionDeclaration11_es2017.ts	0	0	0	0	1	1	1		
c00074u0_asyncFunctionDeclaration12_es2017.ts	0	0	0	0	1	1	1		
c00075u0_asyncFunctionDeclaration13_es2017.ts	0	0	0	0	1	1	1		
c00076u0_asyncFunctionDeclaration14_es2017.ts	0	0	0	0	1	1	1		
c00077u0_asyncFunctionDeclaration1_es2017.ts	0	0	0	0	1	1	1		
c00078u0_asyncFunctionDeclaration2_es2017.ts	0	0	0	0	1	1	1		
c00079u0_asyncFunctionDeclaration3_es2017.ts	0	0	0	0	1	1	1		
c00080u0_asyncFunctionDeclaration4_es2017.ts	0	0	0	0	1	1	1		
c00081u0_asyncFunctionDeclaration5_es2017.ts	0	0	0	0	1	1	1		
c00082u0_asyncFunctionDeclaration6_es2017.ts	0	0	1	1	1	1	1		
c00083u0_asyncFunctionDeclaration7_es2017.ts	0	0	1	1	1	1	1		
c00084u0_asyncFunctionDeclaration8_es2017.ts	0	0	0	0	1	1	1		
c00085u0_asyncFunctionDeclaration9_es2017.ts	0	0	1	1	1	1	1		
c00086u0_asyncAliasReturnType_es5.ts	0	0	0	0	1	1	1		
c00087u0_arrowFunctionWithParameterNameAsync_es5.ts	0	0	0	0	1	1	1		
c00088u0_asyncArrowFunction10_es5.ts	0	0	0	0	1	1	1		
c00089u0_asyncArrowFunction11_es5.ts	0	0	0	0	1	1	1		
c00090u0_asyncArrowFunction1_es5.ts	0	0	0	0	1	1	1		
c00091u0_asyncArrowFunction2_es5.ts	0	0	0	0	1	1	1		
c00092u0_asyncArrowFunction3_es5.ts	0	0	0	0	1	1	1		
c00093u0_asyncArrowFunction4_es5.ts	0	0	0	0	1	1	1		
c00094u0_asyncArrowFunction5_es5.ts	0	0	0	0	1	1	1		
c00095u0_asyncArrowFunction6_es5.ts	0	0	1	1	1	1	1		
c00096u0_asyncArrowFunction7_es5.ts	0	0	1	1	1	1	1		
c00097u0_asyncArrowFunction8_es5.ts	0	0	1	1	1	1	1		
c00098u0_asyncArrowFunction9_es5.ts	0	0	3	3	1	1	1		
c00099u0_asyncArrowFunctionCapturesArguments_es5.ts	0	0	0	0	1	1	1		
c00100u0_asyncArrowFunctionCapturesThis_es5.ts	0	0	0	0	1	1	1		
c00101u0_asyncUnParenthesizedArrowFunction_es5.ts	0	0	0	0	1	1	1		
c00102u0_asyncAwaitIsolatedModules_es5.ts	0	0	0	0	1	1	1		
c00103u0_asyncAwaitNestedClasses_es5.ts	0	0	0	0	1	1	1		
c00104u0_asyncAwait_es5.ts	0	0	0	0	1	1	1		
c00105u0_asyncClass_es5.ts	0	0	0	0	1	1	1		
c00106u0_asyncConstructor_es5.ts	0	0	0	0	1	1	1		
c00107u0_asyncDeclare_es5.ts	0	0	0	0	1	1	1		
c00108u0_asyncEnum_es5.ts	0	0	0	0	1	1	1		
c00109u0_asyncGetter_es5.ts	0	0	0	0	1	1	1		
c00110u0_task.ts	0	0	0	0	1	1	1		
c00110u1_test.ts	0	0	0	0	1	1	1		
c00111u0_asyncInterface_es5.ts	0	0	0	0	1	1	1		
c00112u0_asyncMethodWithSuper_es5.ts	0	0	0	0	1	1	1		
c00113u0_asyncModule_es5.ts	0	0	0	0	1	1	1		
c00114u0_a.ts	0	0	0	0	1	1	1		
c00114u1_b.ts	0	0	0	0	1	1	1		
c00115u0_asyncQualifiedReturnType_es5.ts	0	0	0	0	1	1	1		
c00116u0_asyncSetter_es5.ts	0	0	0	0	1	1	1		
c00117u0_asyncUseStrict_es5.ts	0	0	0	0	1	1	1		
c00118u0_awaitBinaryExpression1_es5.ts	0	0	0	0	1	1	1		
c00119u0_awaitBinaryExpression2_es5.ts	0	0	0	0	1	1	1		
c00120u0_awaitBinaryExpression3_es5.ts	0	0	0	0	1	1	1		
c00121u0_awaitBinaryExpression4_es5.ts	0	0	0	0	1	1	1		
c00122u0_awaitBinaryExpression5_es5.ts	0	0	0	0	1	1	1		
c00123u0_awaitCallExpression1_es5.ts	0	0	0	0	1	1	1		
c00124u0_awaitCallExpression2_es5.ts	0	0	0	0	1	1	1		
c00125u0_awaitCallExpression3_es5.ts	0	0	0	0	1	1	1		
c00126u0_awaitCallExpression4_es5.ts	0	0	0	0	1	1	1		
c00127u0_awaitCallExpression5_es5.ts	0	0	0	0	1	1	1		
c00128u0_awaitCallExpression6_es5.ts	0	0	0	0	1	1	1		
c00129u0_awaitCallExpression7_es5.ts	0	0	0	0	1	1	1		
c00130u0_awaitCallExpression8_es5.ts	0	0	0	0	1	1	1		
c00131u0_awaitClassExpression_es5.ts	0	0	0	0	1	1	1		
c00132u0_awaitUnion_es5.ts	0	0	0	0	1	1	1		
c00133u0_asyncFunctionDeclaration10_es5.ts	0	0	1	1	1	1	1		
c00134u0_asyncFunctionDeclaration11_es5.ts	0	0	0	0	1	1	1		
c00135u0_asyncFunctionDeclaration12_es5.ts	0	0	0	0	1	1	1		
c00136u0_asyncFunctionDeclaration13_es5.ts	0	0	0	0	1	1	1		
c00137u0_asyncFunctionDeclaration14_es5.ts	0	0	0	0	1	1	1		
c00138u0_asyncFunctionDeclaration15_es5.ts	0	0	0	0	1	1	1		
c00139u0_types.d.ts	0	0	0	0	1	1	1		
c00140u0_asyncFunctionDeclaration1_es5.ts	0	0	0	0	1	1	1		
c00141u0_asyncFunctionDeclaration2_es5.ts	0	0	0	0	1	1	1		
c00142u0_asyncFunctionDeclaration3_es5.ts	0	0	0	0	1	1	1		
c00143u0_asyncFunctionDeclaration4_es5.ts	0	0	0	0	1	1	1		
c00144u0_asyncFunctionDeclaration5_es5.ts	0	0	0	0	1	1	1		
c00145u0_asyncFunctionDeclaration6_es5.ts	0	0	1	1	1	1	1		
c00146u0_asyncFunctionDeclaration7_es5.ts	0	0	1	1	1	1	1		
c00147u0_asyncFunctionDeclaration8_es5.ts	0	0	0	0	1	1	1		
c00148u0_asyncFunctionDeclaration9_es5.ts	0	0	1	1	1	1	1		
c00149u0_asyncFunctionDeclarationCapturesArguments_es5.ts	0	0	0	0	1	1	1		
c00150u0_asyncAliasReturnType_es6.ts	0	0	0	0	1	1	1		
c00151u0_arrowFunctionWithParameterNameAsync_es6.ts	0	0	0	0	1	1	1		
c00152u0_asyncArrowFunction10_es6.ts	0	0	0	0	1	1	1		
c00153u0_asyncArrowFunction1_es6.ts	0	0	0	0	1	1	1		
c00154u0_asyncArrowFunction2_es6.ts	0	0	0	0	1	1	1		
c00155u0_asyncArrowFunction3_es6.ts	0	0	0	0	1	1	1		
c00156u0_asyncArrowFunction4_es6.ts	0	0	0	0	1	1	1		
c00157u0_asyncArrowFunction5_es6.ts	0	0	0	0	1	1	1		
c00158u0_asyncArrowFunction6_es6.ts	0	0	1	1	1	1	1		
c00159u0_asyncArrowFunction7_es6.ts	0	0	1	1	1	1	1		
c00160u0_asyncArrowFunction8_es6.ts	0	0	1	1	1	1	1		
c00161u0_asyncArrowFunction9_es6.ts	0	0	3	3	1	1	1		
c00162u0_asyncArrowFunctionCapturesArguments_es6.ts	0	0	0	0	1	1	1		
c00163u0_asyncArrowFunctionCapturesThis_es6.ts	0	0	0	0	1	1	1		
c00164u0_asyncUnParenthesizedArrowFunction_es6.ts	0	0	0	0	1	1	1		
c00165u0_asyncAwaitIsolatedModules_es6.ts	0	0	0	0	1	1	1		
c00166u0_asyncAwait_es6.ts	0	0	0	0	1	1	1		
c00167u0_asyncClass_es6.ts	0	0	0	0	1	1	1		
c00168u0_asyncConstructor_es6.ts	0	0	0	0	1	1	1		
c00169u0_asyncDeclare_es6.ts	0	0	0	0	1	1	1		
c00170u0_asyncEnum_es6.ts	0	0	0	0	1	1	1		
c00171u0_asyncGetter_es6.ts	0	0	0	0	1	1	1		
c00172u0_task.ts	0	0	0	0	1	1	1		
c00172u1_test.ts	0	0	0	0	1	1	1		
c00173u0_asyncInterface_es6.ts	0	0	0	0	1	1	1		
c00174u0_asyncMethodWithSuper_es6.ts	0	0	0	0	1	1	1		
c00175u0_asyncModule_es6.ts	0	0	0	0	1	1	1		
c00176u0_a.ts	0	0	0	0	1	1	1		
c00176u1_b.ts	0	0	0	0	1	1	1		
c00177u0_asyncQualifiedReturnType_es6.ts	0	0	0	0	1	1	1		
c00178u0_asyncSetter_es6.ts	0	0	0	0	1	1	1		
c00179u0_asyncUseStrict_es6.ts	0	0	0	0	1	1	1		
c00180u0_asyncWithVarShadowing_es6.ts	0	0	0	0	1	1	1		
c00181u0_awaitBinaryExpression1_es6.ts	0	0	0	0	1	1	1		
c00182u0_awaitBinaryExpression2_es6.ts	0	0	0	0	1	1	1		
c00183u0_awaitBinaryExpression3_es6.ts	0	0	0	0	1	1	1		
c00184u0_awaitBinaryExpression4_es6.ts	0	0	0	0	1	1	1		
c00185u0_awaitBinaryExpression5_es6.ts	0	0	0	0	1	1	1		
c00186u0_awaitCallExpression1_es6.ts	0	0	0	0	1	1	1		
c00187u0_awaitCallExpression2_es6.ts	0	0	0	0	1	1	1		
c00188u0_awaitCallExpression3_es6.ts	0	0	0	0	1	1	1		
c00189u0_awaitCallExpression4_es6.ts	0	0	0	0	1	1	1		
c00190u0_awaitCallExpression5_es6.ts	0	0	0	0	1	1	1		
c00191u0_awaitCallExpression6_es6.ts	0	0	0	0	1	1	1		
c00192u0_awaitCallExpression7_es6.ts	0	0	0	0	1	1	1		
c00193u0_awaitCallExpression8_es6.ts	0	0	0	0	1	1	1		
c00194u0_awaitClassExpression_es6.ts	0	0	0	0	1	1	1		
c00195u0_awaitUnion_es6.ts	0	0	0	0	1	1	1		
c00196u0_await_unaryExpression_es6.ts	0	0	0	0	1	1	1		
c00197u0_await_unaryExpression_es6_1.ts	0	0	0	0	1	1	1		
c00198u0_await_unaryExpression_es6_2.ts	0	0	0	0	1	1	1		
c00199u0_await_unaryExpression_es6_3.ts	0	0	2	2	1	1	1		
c00200u0_asyncFunctionDeclaration10_es6.ts	0	0	1	1	1	1	1		
c00201u0_asyncFunctionDeclaration11_es6.ts	0	0	0	0	1	1	1		
c00202u0_asyncFunctionDeclaration12_es6.ts	0	0	0	0	1	1	1		
c00203u0_asyncFunctionDeclaration13_es6.ts	0	0	0	0	1	1	1		
c00204u0_asyncFunctionDeclaration14_es6.ts	0	0	0	0	1	1	1		
c00205u0_asyncFunctionDeclaration15_es6.ts	0	0	0	0	1	1	1		
c00206u0_asyncFunctionDeclaration1_es6.ts	0	0	0	0	1	1	1		
c00207u0_asyncFunctionDeclaration2_es6.ts	0	0	0	0	1	1	1		
c00208u0_asyncFunctionDeclaration3_es6.ts	0	0	0	0	1	1	1		
c00209u0_asyncFunctionDeclaration4_es6.ts	0	0	0	0	1	1	1		
c00210u0_asyncFunctionDeclaration5_es6.ts	0	0	0	0	1	1	1		
c00211u0_asyncFunctionDeclaration6_es6.ts	0	0	1	1	1	1	1		
c00212u0_asyncFunctionDeclaration7_es6.ts	0	0	1	1	1	1	1		
c00213u0_asyncFunctionDeclaration8_es6.ts	0	0	0	0	1	1	1		
c00214u0_asyncFunctionDeclaration9_es6.ts	0	0	1	1	1	1	1		
c00215u0_asyncOrYieldAsBindingIdentifier1.ts	0	0	0	0	1	1	1		
c00216u0_asyncGeneratorGenericNonWrappedReturn.ts	0	0	0	0	1	1	1		
c00217u0_asyncGeneratorParameterEvaluation.ts	0	0	0	0	1	1	1		
c00218u0_asyncGeneratorPromiseNextType.ts	0	0	0	0	1	1	1		
c00219u0_awaitAndYieldInProperty.ts	0	0	0	0	1	1	1		
c00220u0_classAbstractAccessor.ts	0	0	0	0	1	1	1		
c00221u0_classAbstractAsIdentifier.ts	0	0	0	0	1	1	1		
c00222u0_classAbstractAssignabilityConstructorFunction.ts	0	0	0	0	1	1	1		
c00223u0_classAbstractClinterfaceAssignability.ts	0	0	0	0	1	1	1		
c00224u0_classAbstractConstructor.ts	0	0	0	0	1	1	1		
c00225u0_classAbstractConstructorAssignability.ts	0	0	0	0	1	1	1		
c00226u0_classAbstractCrashedOnce.ts	0	0	1	1	1	1	1		
c00227u0_classAbstractDeclarations.d.ts	0	0	0	0	1	1	1		
c00228u0_classAbstractExtends.ts	0	0	0	0	1	1	1		
c00229u0_classAbstractFactoryFunction.ts	0	0	0	0	1	1	1		
c00230u0_classAbstractGeneric.ts	0	0	0	0	1	1	1		
c00231u0_classAbstractImportInstantiation.ts	0	0	0	0	1	1	1		
c00232u0_classAbstractInAModule.ts	0	0	0	0	1	1	1		
c00233u0_classAbstractInheritance1.ts	0	0	0	0	1	1	1		
c00234u0_classAbstractInheritance2.ts	0	0	0	0	1	1	1		
c00235u0_classAbstractInstantiations1.ts	0	0	0	0	1	1	1		
c00236u0_classAbstractInstantiations2.ts	0	0	0	0	1	1	1		
c00237u0_classAbstractManyKeywords.ts	0	0	2	2	1	1	1		
c00238u0_classAbstractMergedDeclaration.ts	0	0	0	0	1	1	1		
c00239u0_classAbstractMethodInNonAbstractClass.ts	0	0	0	0	1	1	1		
c00240u0_classAbstractMethodWithImplementation.ts	0	0	0	0	1	1	1		
c00241u0_classAbstractMixedWithModifiers.ts	0	0	0	0	1	1	1		
c00242u0_classAbstractOverloads.ts	0	0	0	0	1	1	1		
c00243u0_classAbstractOverrideWithAbstract.ts	0	0	0	0	1	1	1		
c00244u0_classAbstractProperties.ts	0	0	0	0	1	1	1		
c00245u0_classAbstractSingleLineDecl.ts	0	0	0	0	1	1	1		
c00246u0_classAbstractSuperCalls.ts	0	0	0	0	1	1	1		
c00247u0_classAbstractUsingAbstractMethod1.ts	0	0	0	0	1	1	1		
c00248u0_classAbstractUsingAbstractMethods2.ts	0	0	0	0	1	1	1		
c00249u0_classAbstractWithInterface.ts	0	0	0	0	1	1	1		
c00250u0_classAndInterfaceMerge.d.ts	0	0	0	0	1	1	1		
c00251u0_classAndInterfaceMergeConflictingMembers.ts	0	0	0	0	1	1	1		
c00252u0_classAndInterfaceWithSameName.ts	0	0	0	0	1	1	1		
c00253u0_classAndVariableWithSameName.ts	0	0	0	0	1	1	1		
c00254u0_classBodyWithStatements.ts	0	0	4	4	1	1	1		
c00255u0_classWithEmptyBody.ts	0	0	0	0	1	1	1		
c00256u0_classDeclarationLoop.ts	0	0	0	0	1	1	1		
c00257u0_classExtendingBuiltinType.ts	0	0	0	0	1	1	1		
c00258u0_classExtendingClassLikeType.ts	0	0	0	0	1	1	1		
c00259u0_classExtendingNonConstructor.ts	0	0	0	0	1	1	1		
c00260u0_classExtendingNull.ts	0	0	0	0	1	1	1		
c00261u0_classAppearsToHaveMembersOfObject.ts	0	0	0	0	1	1	1		
c00262u0_classExtendingClass.ts	0	0	0	0	1	1	1		
c00263u0_classExtendingOptionalChain.ts	0	0	0	0	1	1	1		
c00264u0_classExtendingPrimitive.ts	0	0	1	1	1	1	1		
c00265u0_classExtendingPrimitive2.ts	0	0	1	1	1	1	1		
c00266u0_classExtendsEveryObjectType.ts	0	0	1	1	1	1	1		
c00267u0_classExtendsEveryObjectType2.ts	0	0	1	1	1	1	1		
c00268u0_classExtendsItself.ts	0	0	0	0	1	1	1		
c00269u0_classExtendsItselfIndirectly.ts	0	0	0	0	1	1	1		
c00270u0_classExtendsItselfIndirectly2.ts	0	0	0	0	1	1	1		
c00271u0_classExtendsItselfIndirectly_file1.ts	0	0	0	0	1	1	1		
c00271u1_classExtendsItselfIndirectly_file2.ts	0	0	0	0	1	1	1		
c00271u2_classExtendsItselfIndirectly_file3.ts	0	0	0	0	1	1	1		
c00271u3_classExtendsItselfIndirectly_file4.ts	0	0	0	0	1	1	1		
c00271u4_classExtendsItselfIndirectly_file5.ts	0	0	0	0	1	1	1		
c00271u5_classExtendsItselfIndirectly_file6.ts	0	0	0	0	1	1	1		
c00272u0_classExtendsShadowedConstructorFunction.ts	0	0	0	0	1	1	1		
c00273u0_classExtendsValidConstructorFunction.ts	0	0	0	0	1	1	1		
c00274u0_classIsSubtypeOfBaseType.ts	0	0	0	0	1	1	1		
c00275u0_constructorFunctionTypeIsAssignableToBaseType.ts	0	0	0	0	1	1	1		
c00276u0_constructorFunctionTypeIsAssignableToBaseType2.ts	0	0	0	0	1	1	1		
c00277u0_derivedTypeDoesNotRequireExtendsClause.ts	0	0	0	0	1	1	1		
c00278u0_classImplementsMergedClassInterface.ts	0	0	0	0	1	1	1		
c00279u0_classInsideBlock.ts	0	0	0	0	1	1	1		
c00280u0_classWithPredefinedTypesAsNames.ts	0	0	0	0	1	1	1		
c00281u0_classWithPredefinedTypesAsNames2.ts	0	0	1	1	1	1	1		
c00282u0_classWithSemicolonClassElement1.ts	0	0	0	0	1	1	1		
c00283u0_classWithSemicolonClassElement2.ts	0	0	0	0	1	1	1		
c00284u0_file1.ts	0	0	0	0	1	1	1		
c00284u1_file2.ts	0	0	0	0	1	1	1		
c00284u2_file3.ts	0	0	0	0	1	1	1		
c00285u0_mergeClassInterfaceAndModule.ts	0	0	0	0	1	1	1		
c00286u0_file1.ts	0	0	0	0	1	1	1		
c00286u1_file2.ts	0	0	0	0	1	1	1		
c00286u2_file3.ts	0	0	0	0	1	1	1		
c00287u0_mergedInheritedClassInterface.ts	0	0	0	0	1	1	1		
c00288u0_modifierOnClassDeclarationMemberInFunction.ts	0	0	0	0	1	1	1		
c00289u0_classExpression.ts	0	0	0	0	1	1	1		
c00290u0_classExpression1.ts	0	0	0	0	1	1	1		
c00291u0_classExpression2.ts	0	0	0	0	1	1	1		
c00292u0_classExpression3.ts	0	0	0	0	1	1	1		
c00293u0_classExpression4.ts	0	0	0	0	1	1	1		
c00294u0_classExpression5.ts	0	0	0	0	1	1	1		
c00295u0_classExpressionLoop.ts	0	0	0	0	1	1	1		
c00296u0_classWithStaticFieldInParameterBindingPattern.2.ts	0	0	0	0	1	1	1		
c00297u0_classWithStaticFieldInParameterBindingPattern.3.ts	0	0	0	0	1	1	1		
c00298u0_classWithStaticFieldInParameterBindingPattern.ts	0	0	0	0	1	1	1		
c00299u0_classWithStaticFieldInParameterInitializer.2.ts	0	0	0	0	1	1	1		
c00300u0_classWithStaticFieldInParameterInitializer.3.ts	0	0	0	0	1	1	1		
c00301u0_classWithStaticFieldInParameterInitializer.ts	0	0	0	0	1	1	1		
c00302u0_foo1.ts	0	0	0	0	1	1	1		
c00302u1_foo2.ts	0	0	0	0	1	1	1		
c00303u0_genericClassExpressionInFunction.ts	0	0	0	0	1	1	1		
c00304u0_modifierOnClassExpressionMemberInFunction.ts	0	0	0	0	1	1	1		
c00305u0_classStaticBlock1.ts	0	0	0	0	1	1	1		
c00306u0_classStaticBlock10.ts	0	0	0	0	1	1	1		
c00307u0_classStaticBlock11.ts	0	0	0	0	1	1	1		
c00308u0_classStaticBlock12.ts	0	0	0	0	1	1	1		
c00309u0_classStaticBlock13.ts	0	0	0	0	1	1	1		
c00310u0_classStaticBlock14.ts	0	0	0	0	1	1	1		
c00311u0_classStaticBlock15.ts	0	0	0	0	1	1	1		
c00312u0_classStaticBlock16.ts	0	0	0	0	1	1	1		
c00313u0_classStaticBlock17.ts	0	0	0	0	1	1	1		
c00314u0_classStaticBlock18.ts	0	0	0	0	1	1	1		
c00315u0_classStaticBlock19.ts	0	0	0	0	1	1	1		
c00316u0_classStaticBlock2.ts	0	0	0	0	1	1	1		
c00317u0_classStaticBlock20.ts	0	0	0	0	1	1	1		
c00318u0_classStaticBlock21.ts	0	0	0	0	1	1	1		
c00319u0_classStaticBlock22.ts	0	0	0	0	1	1	1		
c00320u0_classStaticBlock23.ts	0	0	0	0	1	1	1		
c00321u0_classStaticBlock24.ts	0	0	0	0	1	1	1		
c00322u0_classStaticBlock25.ts	0	0	0	0	1	1	1		
c00323u0_classStaticBlock26.ts	0	0	10	10	1	1	1		
c00324u0_classStaticBlock27.ts	0	0	0	0	1	1	1		
c00325u0_classStaticBlock28.ts	0	0	0	0	1	1	1		
c00326u0_classStaticBlock3.ts	0	0	0	0	1	1	1		
c00327u0_classStaticBlock4.ts	0	0	0	0	1	1	1		
c00328u0_classStaticBlock5.ts	0	0	0	0	1	1	1		
c00329u0_classStaticBlock6.ts	0	0	4	4	1	1	1		
c00330u0_classStaticBlock7.ts	0	0	0	0	1	1	1		
c00331u0_classStaticBlock8.ts	0	0	0	0	1	1	1		
c00332u0_classStaticBlock9.ts	0	0	0	0	1	1	1		
c00333u0_classStaticBlockUseBeforeDef1.ts	0	0	0	0	1	1	1		
c00334u0_classStaticBlockUseBeforeDef2.ts	0	0	0	0	1	1	1		
c00335u0_classStaticBlockUseBeforeDef3.ts	0	0	0	0	1	1	1		
c00336u0_classStaticBlockUseBeforeDef4.ts	0	0	0	0	1	1	1		
c00337u0_classStaticBlockUseBeforeDef5.ts	0	0	0	0	1	1	1		
c00338u0_classWithoutExplicitConstructor.ts	0	0	0	0	1	1	1		
c00339u0_derivedClassWithoutExplicitConstructor.ts	0	0	0	0	1	1	1		
c00340u0_derivedClassWithoutExplicitConstructor2.ts	0	0	0	0	1	1	1		
c00341u0_derivedClassWithoutExplicitConstructor3.ts	0	0	0	0	1	1	1		
c00342u0_classConstructorAccessibility.ts	0	0	0	0	1	1	1		
c00343u0_classConstructorAccessibility2.ts	0	0	0	0	1	1	1		
c00344u0_classConstructorAccessibility3.ts	0	0	0	0	1	1	1		
c00345u0_classConstructorAccessibility4.ts	0	0	0	0	1	1	1		
c00346u0_classConstructorAccessibility5.ts	0	0	0	0	1	1	1		
c00347u0_classConstructorOverloadsAccessibility.ts	0	0	0	0	1	1	1		
c00348u0_classConstructorParametersAccessibility.ts	0	0	0	0	1	1	1		
c00349u0_classConstructorParametersAccessibility2.ts	0	0	0	0	1	1	1		
c00350u0_classConstructorParametersAccessibility3.ts	0	0	0	0	1	1	1		
c00351u0_classWithTwoConstructorDefinitions.ts	0	0	0	0	1	1	1		
c00352u0_constructorDefaultValuesReferencingThis.ts	0	0	0	0	1	1	1		
c00353u0_constructorImplementationWithDefaultValues.ts	0	0	0	0	1	1	1		
c00354u0_constructorImplementationWithDefaultValues2.ts	0	0	0	0	1	1	1		
c00355u0_constructorOverloadsWithDefaultValues.ts	0	0	0	0	1	1	1		
c00356u0_constructorOverloadsWithOptionalParameters.ts	0	0	0	0	1	1	1		
c00357u0_constructorParameterProperties.ts	0	0	0	0	1	1	1		
c00358u0_constructorParameterProperties2.ts	0	0	0	0	1	1	1		
c00359u0_declarationEmitReadonly.ts	0	0	0	0	1	1	1		
c00360u0_readonlyConstructorAssignment.ts	0	0	0	0	1	1	1		
c00361u0_readonlyInAmbientClass.ts	0	0	0	0	1	1	1		
c00362u0_readonlyInConstructorParameters.ts	0	0	0	0	1	1	1		
c00363u0_readonlyReadonly.ts	0	0	0	0	1	1	1		
c00364u0_constructorWithAssignableReturnExpression.ts	0	0	0	0	1	1	1		
c00365u0_constructorWithExpressionLessReturn.ts	0	0	0	0	1	1	1		
c00366u0_quotedConstructors.ts	0	0	0	0	1	1	1		
c00367u0_derivedClassConstructorWithoutSuperCall.ts	0	0	0	0	1	1	1		
c00368u0_derivedClassParameterProperties.ts	0	0	0	0	1	1	1		
c00369u0_derivedClassSuperCallsInNonConstructorMembers.ts	0	0	4	4	1	1	1		
c00370u0_derivedClassSuperCallsWithThisArg.ts	0	0	0	0	1	1	1		
c00371u0_derivedClassSuperProperties.ts	0	0	0	0	1	1	1		
c00372u0_derivedClassSuperStatementPosition.ts	0	0	0	0	1	1	1		
c00373u0_emitStatementsBeforeSuperCall.ts	0	0	0	0	1	1	1		
c00374u0_emitStatementsBeforeSuperCallWithDefineFields.ts	0	0	0	0	1	1	1		
c00375u0_superCallInConstructorWithNoBaseType.ts	0	0	0	0	1	1	1		
c00376u0_superPropertyInConstructorBeforeSuperCall.ts	0	0	0	0	1	1	1		
c00377u0_privateIndexer.ts	0	0	0	0	1	1	1		
c00378u0_privateIndexer2.ts	0	0	4	4	1	1	1		
c00379u0_publicIndexer.ts	0	0	0	0	1	1	1		
c00380u0_staticIndexers.ts	0	0	0	0	1	1	1		
c00381u0_classPropertyAsPrivate.ts	0	0	0	0	1	1	1		
c00382u0_classPropertyAsProtected.ts	0	0	0	0	1	1	1		
c00383u0_classPropertyIsPublicByDefault.ts	0	0	0	0	1	1	1		
c00384u0_privateClassPropertyAccessibleWithinClass.ts	0	0	0	0	1	1	1		
c00385u0_privateClassPropertyAccessibleWithinNestedClass.ts	0	0	0	0	1	1	1		
c00386u0_privateInstanceMemberAccessibility.ts	0	0	1	1	1	1	1		
c00387u0_privateProtectedMembersAreNotAccessibleDestructuring.ts	0	0	0	0	1	1	1		
c00388u0_privateStaticMemberAccessibility.ts	0	0	0	0	1	1	1		
c00389u0_privateStaticNotAccessibleInClodule.ts	0	0	0	0	1	1	1		
c00390u0_privateStaticNotAccessibleInClodule2.ts	0	0	0	0	1	1	1		
c00391u0_protectedClassPropertyAccessibleWithinClass.ts	0	0	0	0	1	1	1		
c00392u0_protectedClassPropertyAccessibleWithinNestedClass.ts	0	0	0	0	1	1	1		
c00393u0_protectedClassPropertyAccessibleWithinNestedSubclass.ts	0	0	0	0	1	1	1		
c00394u0_protectedClassPropertyAccessibleWithinNestedSubclass1.ts	0	0	0	0	1	1	1		
c00395u0_protectedClassPropertyAccessibleWithinSubclass.ts	0	0	0	0	1	1	1		
c00396u0_protectedClassPropertyAccessibleWithinSubclass2.ts	0	0	0	0	1	1	1		
c00397u0_protectedClassPropertyAccessibleWithinSubclass3.ts	0	0	0	0	1	1	1		
c00398u0_protectedInstanceMemberAccessibility.ts	0	0	0	0	1	1	1		
c00399u0_protectedStaticClassPropertyAccessibleWithinSubclass.ts	0	0	0	0	1	1	1		
c00400u0_protectedStaticClassPropertyAccessibleWithinSubclass2.ts	0	0	0	0	1	1	1		
c00401u0_protectedStaticNotAccessibleInClodule.ts	0	0	0	0	1	1	1		
c00402u0_genericSetterInClassType.ts	0	0	0	0	1	1	1		
c00404u0_indexersInClassType.ts	0	0	0	0	1	1	1		
c00405u0_instancePropertiesInheritedIntoClassType.ts	0	0	0	0	1	1	1		
c00406u0_instancePropertyInClassType.ts	0	0	0	0	1	1	1		
c00407u0_staticPropertyNotInClassType.ts	0	0	0	0	1	1	1		
c00408u0_classWithBaseClassButNoConstructor.ts	0	0	0	0	1	1	1		
c00409u0_classWithConstructors.ts	0	0	0	0	1	1	1		
c00410u0_classWithNoConstructorOrBaseClass.ts	0	0	0	0	1	1	1		
c00411u0_classWithStaticMembers.ts	0	0	0	0	1	1	1		
c00412u0_constructorHasPrototypeProperty.ts	0	0	0	0	1	1	1		
c00413u0_derivedClassFunctionOverridesBaseClassAccessor.ts	0	0	0	0	1	1	1		
c00414u0_derivedClassIncludesInheritedMembers.ts	0	0	0	0	1	1	1		
c00415u0_derivedClassOverridesIndexersWithAssignmentCompatibility.ts	0	0	0	0	1	1	1		
c00416u0_derivedClassOverridesPrivates.ts	0	0	0	0	1	1	1		
c00417u0_derivedClassOverridesProtectedMembers.ts	0	0	0	0	1	1	1		
c00418u0_derivedClassOverridesProtectedMembers2.ts	0	0	0	0	1	1	1		
c00419u0_derivedClassOverridesProtectedMembers3.ts	0	0	0	0	1	1	1		
c00420u0_derivedClassOverridesProtectedMembers4.ts	0	0	0	0	1	1	1		
c00421u0_derivedClassOverridesPublicMembers.ts	0	0	0	0	1	1	1		
c00422u0_derivedClassOverridesWithoutSubtype.ts	0	0	0	0	1	1	1		
c00423u0_derivedClassTransitivity.ts	0	0	0	0	1	1	1		
c00424u0_derivedClassTransitivity2.ts	0	0	0	0	1	1	1		
c00425u0_derivedClassTransitivity3.ts	0	0	0	0	1	1	1		
c00426u0_derivedClassTransitivity4.ts	0	0	0	0	1	1	1		
c00427u0_derivedClassWithAny.ts	0	0	0	0	1	1	1		
c00428u0_derivedClassWithPrivateInstanceShadowingProtectedInstance.ts	0	0	0	0	1	1	1		
c00429u0_derivedClassWithPrivateInstanceShadowingPublicInstance.ts	0	0	0	0	1	1	1		
c00430u0_derivedClassWithPrivateStaticShadowingProtectedStatic.ts	0	0	0	0	1	1	1		
c00431u0_derivedClassWithPrivateStaticShadowingPublicStatic.ts	0	0	0	0	1	1	1		
c00432u0_derivedGenericClassWithAny.ts	0	0	0	0	1	1	1		
c00433u0_external.ts	0	0	0	0	1	1	1		
c00433u10_funcDeclInContainingScopeStaticField.ts	0	0	0	0	1	1	1		
c00433u11_funcDeclInContainingScopeStaticBlock.ts	0	0	0	0	1	1	1		
c00433u12_valueNamespaceInContainingScopeStaticField.ts	0	0	0	0	1	1	1		
c00433u13_valueNamespaceInContainingScopeStaticBlock.ts	0	0	0	0	1	1	1		
c00433u14_enumInContainingScopeStaticField.ts	0	0	0	0	1	1	1		
c00433u15_enumInContainingScopeStaticBlock.ts	0	0	0	0	1	1	1		
c00433u16_constEnumInContainingScopeStaticField.ts	0	0	0	0	1	1	1		
c00433u17_constEnumInContainingScopeStaticBlock.ts	0	0	0	0	1	1	1		
c00433u18_namespaceImportInContainingScopeStaticField.ts	0	0	0	0	1	1	1		
c00433u19_namespaceImportInContainingScopeStaticBlock.ts	0	0	0	0	1	1	1		
c00433u1_locals.ts	0	0	0	0	1	1	1		
c00433u20_namedImportInContainingScopeStaticField.ts	0	0	0	0	1	1	1		
c00433u21_namedImportInContainingScopeStaticBlock.ts	0	0	0	0	1	1	1		
c00433u22_namedImportOfInterfaceInContainingScopeStaticField.ts	0	0	0	0	1	1	1		
c00433u23_namedImportOfInterfaceInContainingScopeStaticBlock.ts	0	0	0	0	1	1	1		
c00433u24_namedImportOfUninstantiatedNamespaceInContainingScopeStaticField.ts	0	0	0	0	1	1	1		
c00433u25_namedImportOfUninstantiatedNamespaceInContainingScopeStaticBlock.ts	0	0	0	0	1	1	1		
c00433u26_namedImportOfConstEnumInContainingScopeStaticField.ts	0	0	0	0	1	1	1		
c00433u27_namedImportOfConstEnumInContainingScopeStaticBlock.ts	0	0	0	0	1	1	1		
c00433u28_typeOnlyNamedImportInContainingScopeStaticField.ts	0	0	0	0	1	1	1		
c00433u29_typeOnlyNamedImportInContainingScopeStaticBlock.ts	0	0	0	0	1	1	1		
c00433u2_varInContainingScopeStaticField1.ts	0	0	0	0	1	1	1		
c00433u30_defaultImportInContainingScopeStaticField.ts	0	0	0	0	1	1	1		
c00433u31_defaultImportInContainingScopeStaticBlock.ts	0	0	0	0	1	1	1		
c00433u32_typeOnlyDefaultImportInContainingScopeStaticField.ts	0	0	0	0	1	1	1		
c00433u33_typeOnlyDefaultImportInContainingScopeStaticBlock.ts	0	0	0	0	1	1	1		
c00433u34_typeInContainingScopeStaticField.ts	0	0	0	0	1	1	1		
c00433u35_typeInContainingScopeStaticBlock.ts	0	0	0	0	1	1	1		
c00433u36_interfaceInContainingScopeStaticField.ts	0	0	0	0	1	1	1		
c00433u37_interfaceInContainingScopeStaticBlock.ts	0	0	0	0	1	1	1		
c00433u38_uninstantiatedNamespaceInContainingScopeStaticField.ts	0	0	0	0	1	1	1		
c00433u39_uninstantiatedNamespaceInContainingScopeStaticBlock.ts	0	0	0	0	1	1	1		
c00433u3_varInContainingScopeStaticField2.ts	0	0	0	0	1	1	1		
c00433u40_classExprInContainingScopeStaticField.ts	0	0	0	0	1	1	1		
c00433u41_classExprInContainingScopeStaticBlock.ts	0	0	0	0	1	1	1		
c00433u42_inContainingClassExprStaticField.ts	0	0	0	0	1	1	1		
c00433u43_inContainingClassExprStaticBlock.ts	0	0	0	0	1	1	1		
c00433u44_funcExprInContainingScopeStaticField.ts	0	0	0	0	1	1	1		
c00433u45_funcExprInContainingScopeStaticBlock.ts	0	0	0	0	1	1	1		
c00433u46_inContainingFuncExprStaticField.ts	0	0	0	0	1	1	1		
c00433u47_inContainingFuncExprStaticBlock.ts	0	0	0	0	1	1	1		
c00433u4_varInContainingScopeStaticField3.ts	0	0	0	0	1	1	1		
c00433u5_varInContainingScopeStaticBlock1.ts	0	0	0	0	1	1	1		
c00433u6_varInContainingScopeStaticBlock2.ts	0	0	0	0	1	1	1		
c00433u7_varInContainingScopeStaticBlock3.ts	0	0	0	0	1	1	1		
c00433u8_classDeclInContainingScopeStaticField.ts	0	0	0	0	1	1	1		
c00433u9_classDeclInContainingScopeStaticBlock.ts	0	0	0	0	1	1	1		
c00434u0_thisAndSuperInStaticMembers1.ts	0	0	0	0	1	1	1		
c00435u0_thisAndSuperInStaticMembers2.ts	0	0	0	0	1	1	1		
c00436u0_thisAndSuperInStaticMembers3.ts	0	0	0	0	1	1	1		
c00437u0_thisAndSuperInStaticMembers4.ts	0	0	0	0	1	1	1		
c00438u0_typeOfThisInInstanceMember.ts	0	0	0	0	1	1	1		
c00439u0_typeOfThisInInstanceMember2.ts	0	0	0	0	1	1	1		
c00440u0_typeOfThisInStaticMembers.ts	0	0	0	0	1	1	1		
c00441u0_typeOfThisInStaticMembers10.ts	0	0	0	0	1	1	1		
c00442u0_typeOfThisInStaticMembers11.ts	0	0	0	0	1	1	1		
c00443u0_typeOfThisInStaticMembers12.ts	0	0	0	0	1	1	1		
c00444u0_typeOfThisInStaticMembers13.ts	0	0	0	0	1	1	1		
c00445u0_typeOfThisInStaticMembers2.ts	0	0	0	0	1	1	1		
c00446u0_typeOfThisInStaticMembers3.ts	0	0	0	0	1	1	1		
c00447u0_typeOfThisInStaticMembers4.ts	0	0	0	0	1	1	1		
c00448u0_typeOfThisInStaticMembers5.ts	0	0	0	0	1	1	1		
c00449u0_typeOfThisInStaticMembers6.ts	0	0	0	0	1	1	1		
c00450u0_typeOfThisInStaticMembers7.ts	0	0	0	0	1	1	1		
c00451u0_typeOfThisInStaticMembers8.ts	0	0	0	0	1	1	1		
c00452u0_typeOfThisInStaticMembers9.ts	0	0	0	0	1	1	1		
c00453u0_typeOfThisInstanceMemberNarrowedWithLoopAntecedent.ts	0	0	0	0	1	1	1		
c00454u0_privateNameAccessors.ts	0	0	0	0	1	1	1		
c00455u0_privateNameAccessorsAccess.ts	0	0	0	0	1	1	1		
c00456u0_privateNameAccessorsCallExpression.ts	0	0	0	0	1	1	1		
c00457u0_privateNameAccessorssDerivedClasses.ts	0	0	0	0	1	1	1		
c00458u0_privateNameAmbientNoImplicitAny.ts	0	0	0	0	1	1	1		
c00459u0_privateNameAndAny.ts	0	0	0	0	1	1	1		
c00460u0_privateNameAndIndexSignature.ts	0	0	0	0	1	1	1		
c00461u0_privateNameAndObjectRestSpread.ts	0	0	0	0	1	1	1		
c00462u0_privateNameAndPropertySignature.ts	0	0	0	0	1	1	1		
c00463u0_privateNameAndStaticInitializer.ts	0	0	0	0	1	1	1		
c00464u0_privateNameBadAssignment.ts	0	0	0	0	1	1	1		
c00465u0_privateNameBadDeclaration.ts	0	0	0	0	1	1	1		
c00466u0_privateNameBadSuper.ts	0	0	0	0	1	1	1		
c00467u0_privateNameBadSuperUseDefineForClassFields.ts	0	0	0	0	1	1	1		
c00468u0_privateNameCircularReference.ts	0	0	0	0	1	1	1		
c00469u0_privateNameClassExpressionLoop.ts	0	0	0	0	1	1	1		
c00470u0_privateNameComputedPropertyName1.ts	0	0	0	0	1	1	1		
c00471u0_privateNameComputedPropertyName2.ts	0	0	0	0	1	1	1		
c00472u0_privateNameComputedPropertyName3.ts	0	0	0	0	1	1	1		
c00473u0_privateNameComputedPropertyName4.ts	0	0	0	0	1	1	1		
c00474u0_privateNameConstructorReserved.ts	0	0	0	0	1	1	1		
c00475u0_privateNameConstructorSignature.ts	0	0	0	0	1	1	1		
c00476u0_privateNameDeclaration.ts	0	0	0	0	1	1	1		
c00477u0_privateNameDeclarationMerging.ts	0	0	0	0	1	1	1		
c00478u0_privateNameDuplicateField.ts	0	0	0	0	1	1	1		
c00479u0_privateNameES5Ban.ts	0	0	0	0	1	1	1		
c00480u0_main.ts	0	0	0	0	1	1	1		
c00480u1_index.d.ts	0	0	0	0	1	1	1		
c00481u0_privateNameEnum.ts	0	0	0	0	1	1	1		
c00482u0_privateNameField.ts	0	0	0	0	1	1	1		
c00483u0_privateNameFieldAccess.ts	0	0	0	0	1	1	1		
c00484u0_privateNameFieldAssignment.ts	0	0	0	0	1	1	1		
c00485u0_privateNameFieldCallExpression.ts	0	0	0	0	1	1	1		
c00486u0_privateNameFieldClassExpression.ts	0	0	0	0	1	1	1		
c00487u0_privateNameFieldDerivedClasses.ts	0	0	0	0	1	1	1		
c00488u0_privateNameFieldDestructuredBinding.ts	0	0	0	0	1	1	1		
c00489u0_privateNameFieldInitializer.ts	0	0	0	0	1	1	1		
c00490u0_privateNameFieldParenthesisLeftAssignment.ts	0	0	0	0	1	1	1		
c00491u0_privateNameFieldUnaryMutation.ts	0	0	0	0	1	1	1		
c00492u0_privateNameFieldsESNext.ts	0	0	0	0	1	1	1		
c00493u0_privateNameHashCharName.ts	0	0	3	3	1	1	1		
c00495u0_privateNameInInExpression.ts	0	0	0	0	1	1	1		
c00496u0_privateNameInInExpressionTransform.ts	0	0	2	2	1	1	1		
c00497u0_privateNameInInExpressionUnused.ts	0	0	0	0	1	1	1		
c00498u0_privateNameInLhsReceiverExpression.ts	0	0	0	0	1	1	1		
c00499u0_privateNameInObjectLiteral-1.ts	0	0	0	0	1	1	1		
c00500u0_privateNameInObjectLiteral-2.ts	0	0	0	0	1	1	1		
c00501u0_privateNameInObjectLiteral-3.ts	0	0	0	0	1	1	1		
c00504u0_privateNameLateSuper.ts	0	0	0	0	1	1	1		
c00505u0_privateNameLateSuperUseDefineForClassFields.ts	0	0	0	0	1	1	1		
c00506u0_privateNameMethod.ts	0	0	0	0	1	1	1		
c00507u0_privateNameMethodAccess.ts	0	0	0	0	1	1	1		
c00508u0_privateNameMethodAssignment.ts	0	0	0	0	1	1	1		
c00509u0_privateNameMethodAsync.ts	0	0	0	0	1	1	1		
c00510u0_privateNameMethodCallExpression.ts	0	0	0	0	1	1	1		
c00511u0_privateNameMethodClassExpression.ts	0	0	0	0	1	1	1		
c00512u0_privateNameMethodInStaticFieldInit.ts	0	0	0	0	1	1	1		
c00513u0_privateNameMethodsDerivedClasses.ts	0	0	0	0	1	1	1		
c00514u0_privateNameNestedClassAccessorsShadowing.ts	0	0	0	0	1	1	1		
c00515u0_privateNameNestedClassFieldShadowing.ts	0	0	0	0	1	1	1		
c00516u0_privateNameNestedClassMethodShadowing.ts	0	0	0	0	1	1	1		
c00517u0_privateNameNestedClassNameConflict.ts	0	0	0	0	1	1	1		
c00518u0_privateNameNestedMethodAccess.ts	0	0	0	0	1	1	1		
c00519u0_privateNameNotAccessibleOutsideDefiningClass.ts	0	0	0	0	1	1	1		
c00520u0_privateNameNotAllowedOutsideClass.ts	0	0	1	1	1	1	1		
c00521u0_privateNameReadonly.ts	0	0	0	0	1	1	1		
c00522u0_privateNameSetterExprReturnValue.ts	0	0	0	0	1	1	1		
c00523u0_privateNameSetterNoGetter.ts	0	0	0	0	1	1	1		
c00524u0_privateNameStaticAccessors.ts	0	0	0	0	1	1	1		
c00525u0_privateNameStaticAccessorsAccess.ts	0	0	0	0	1	1	1		
c00526u0_privateNameStaticAccessorsCallExpression.ts	0	0	0	0	1	1	1		
c00527u0_privateNameStaticAccessorssDerivedClasses.ts	0	0	0	0	1	1	1		
c00528u0_privateNameStaticAndStaticInitializer.ts	0	0	0	0	1	1	1		
c00529u0_main.ts	0	0	0	0	1	1	1		
c00529u1_index.d.ts	0	0	0	0	1	1	1		
c00530u0_privateNameStaticFieldAccess.ts	0	0	0	0	1	1	1		
c00531u0_privateNameStaticFieldAssignment.ts	0	0	0	0	1	1	1		
c00532u0_privateNameStaticFieldCallExpression.ts	0	0	0	0	1	1	1		
c00533u0_privateNameStaticFieldClassExpression.ts	0	0	0	0	1	1	1		
c00534u0_privateNameStaticFieldDerivedClasses.ts	0	0	0	0	1	1	1		
c00535u0_privateNameStaticFieldDestructuredBinding.ts	0	0	0	0	1	1	1		
c00536u0_privateNameStaticFieldInitializer.ts	0	0	0	0	1	1	1		
c00537u0_privateNameStaticFieldNoInitializer.ts	0	0	0	0	1	1	1		
c00538u0_privateNameStaticFieldUnaryMutation.ts	0	0	0	0	1	1	1		
c00539u0_privateNameStaticMethod.ts	0	0	0	0	1	1	1		
c00540u0_privateNameStaticMethodAssignment.ts	0	0	0	0	1	1	1		
c00541u0_privateNameStaticMethodAsync.ts	0	0	0	0	1	1	1		
c00542u0_privateNameStaticMethodCallExpression.ts	0	0	0	0	1	1	1		
c00543u0_privateNameStaticMethodClassExpression.ts	0	0	0	0	1	1	1		
c00544u0_privateNameStaticMethodInStaticFieldInit.ts	0	0	0	0	1	1	1		
c00545u0_privateNameStaticsAndStaticMethods.ts	0	0	0	0	1	1	1		
c00547u0_privateNameUnused.ts	0	0	0	0	1	1	1		
c00548u0_privateNameWhenNotUseDefineForClassFieldsInEsNext.ts	0	0	0	0	1	1	1		
c00549u0_privateNamesAndDecorators.ts	0	0	0	0	1	1	1		
c00550u0_privateNamesAndFields.ts	0	0	0	0	1	1	1		
c00551u0_privateNamesAndGenericClasses-2.ts	0	0	0	0	1	1	1		
c00552u0_privateNamesAndIndexedAccess.ts	0	0	4	4	1	1	1		
c00553u0_privateNamesAndMethods.ts	0	0	0	0	1	1	1		
c00554u0_privateNamesAndStaticFields.ts	0	0	0	0	1	1	1		
c00555u0_privateNamesAndStaticMethods.ts	0	0	0	0	1	1	1		
c00556u0_privateNamesAndkeyof.ts	0	0	0	0	1	1	1		
c00557u0_privateNamesAssertion.ts	0	0	0	0	1	1	1		
c00558u0_privateNamesConstructorChain-1.ts	0	0	0	0	1	1	1		
c00559u0_privateNamesConstructorChain-2.ts	0	0	0	0	1	1	1		
c00560u0_privateNamesInGenericClasses.ts	0	0	0	0	1	1	1		
c00561u0_privateNamesInNestedClasses-1.ts	0	0	0	0	1	1	1		
c00562u0_privateNamesInNestedClasses-2.ts	0	0	0	0	1	1	1		
c00563u0_privateNamesIncompatibleModifiers.ts	0	0	0	0	1	1	1		
c00565u0_privateNamesInterfaceExtendingClass.ts	0	0	0	0	1	1	1		
c00566u0_privateNamesNoDelete.ts	0	0	0	0	1	1	1		
c00567u0_privateNamesNotAllowedAsParameters.ts	0	0	1	1	1	1	1		
c00568u0_privateNamesNotAllowedInVariableDeclarations.ts	0	0	1	1	1	1	1		
c00569u0_privateNamesUnique-1.ts	0	0	0	0	1	1	1		
c00570u0_a.ts	0	0	0	0	1	1	1		
c00570u1_b.ts	0	0	0	0	1	1	1		
c00570u2_main.ts	0	0	0	0	1	1	1		
c00571u0_privateNamesUnique-3.ts	0	0	0	0	1	1	1		
c00572u0_privateNamesUnique-4.ts	0	0	0	0	1	1	1		
c00573u0_privateNamesUnique-5.ts	0	0	0	0	1	1	1		
c00574u0_privateNamesUseBeforeDef.ts	0	0	0	0	1	1	1		
c00575u0_privateStaticNameShadowing.ts	0	0	0	0	1	1	1		
c00576u0_privateWriteOnlyAccessorRead.ts	0	0	0	0	1	1	1		
c00577u0_typeFromPrivatePropertyAssignment.ts	0	0	0	0	1	1	1		
c00579u0_optionalMethodDeclarations.ts	0	0	0	0	1	1	1		
c00580u0_mixinAbstractClasses.2.ts	0	0	0	0	1	1	1		
c00581u0_mixinAbstractClasses.ts	0	0	0	0	1	1	1		
c00582u0_mixinAbstractClassesReturnTypeInference.ts	0	0	0	0	1	1	1		
c00583u0_mixinAccessModifiers.ts	0	0	0	0	1	1	1		
c00584u0_mixinAccessors1.ts	0	0	0	0	1	1	1		
c00585u0_mixinAccessors2.ts	0	0	0	0	1	1	1		
c00586u0_mixinAccessors3.ts	0	0	0	0	1	1	1		
c00587u0_mixinAccessors4.ts	0	0	0	0	1	1	1		
c00588u0_mixinAccessors5.ts	0	0	0	0	1	1	1		
c00589u0_mixinClassesAnnotated.ts	0	0	0	0	1	1	1		
c00590u0_mixinClassesAnonymous.ts	0	0	0	0	1	1	1		
c00591u0_mixinClassesMembers.ts	0	0	0	0	1	1	1		
c00592u0_mixinWithBaseDependingOnSelfNoCrash1.ts	0	0	0	0	1	1	1		
c00593u0_nestedClassDeclaration.ts	0	0	5	5	1	1	1		
c00594u0_abstractProperty.ts	0	0	0	0	1	1	1		
c00595u0_abstractPropertyInitializer.ts	0	0	0	0	1	1	1		
c00596u0_accessibilityModifiers.ts	0	0	0	0	1	1	1		
c00597u0_accessorsOverrideMethod.ts	0	0	0	0	1	1	1		
c00598u0_accessorsOverrideProperty.ts	0	0	0	0	1	1	1		
c00599u0_accessorsOverrideProperty10.ts	0	0	0	0	1	1	1		
c00600u0_accessorsOverrideProperty2.ts	0	0	0	0	1	1	1		
c00601u0_accessorsOverrideProperty3.ts	0	0	0	0	1	1	1		
c00602u0_accessorsOverrideProperty4.ts	0	0	0	0	1	1	1		
c00603u0_accessorsOverrideProperty5.ts	0	0	0	0	1	1	1		
c00604u0_accessorsOverrideProperty6.ts	0	0	0	0	1	1	1		
c00605u0_accessorsOverrideProperty7.ts	0	0	0	0	1	1	1		
c00606u0_accessorsOverrideProperty8.ts	0	0	0	0	1	1	1		
c00607u0_accessorsOverrideProperty9.ts	0	0	0	0	1	1	1		
c00608u0_assignParameterPropertyToPropertyDeclarationES2022.ts	0	0	0	0	1	1	1		
c00609u0_assignParameterPropertyToPropertyDeclarationESNext.ts	0	0	0	0	1	1	1		
c00610u0_autoAccessor1.ts	0	0	0	0	1	1	1		
c00611u0_autoAccessor10.ts	0	0	0	0	1	1	1		
c00612u0_autoAccessor11.ts	0	0	0	0	1	1	1		
c00613u0_autoAccessor2.ts	0	0	0	0	1	1	1		
c00614u0_autoAccessor3.ts	0	0	0	0	1	1	1		
c00615u0_autoAccessor4.ts	0	0	0	0	1	1	1		
c00616u0_autoAccessor5.ts	0	0	0	0	1	1	1		
c00617u0_autoAccessor6.ts	0	0	0	0	1	1	1		
c00618u0_autoAccessor7.ts	0	0	0	0	1	1	1		
c00619u0_autoAccessor8.ts	0	0	0	0	1	1	1		
c00620u0_autoAccessor9.ts	0	0	0	0	1	1	1		
c00621u0_autoAccessorAllowedModifiers.ts	0	0	0	0	1	1	1		
c00622u0_autoAccessorDisallowedModifiers.ts	0	0	0	0	1	1	1		
c00623u0_autoAccessorExperimentalDecorators.ts	0	0	0	0	1	1	1		
c00624u0_file1.ts	0	0	0	0	1	1	1		
c00624u1_file2.ts	0	0	0	0	1	1	1		
c00624u2_file3.ts	0	0	0	0	1	1	1		
c00624u3_file3.ts	0	0	0	0	1	1	1		
c00624u4_file4.ts	0	0	0	0	1	1	1		
c00624u5_file5.ts	0	0	0	0	1	1	1		
c00624u6_file6.ts	0	0	0	0	1	1	1		
c00625u0_canFollowGetSetKeyword.ts	0	0	2	2	1	1	1		
c00626u0_constructorParameterShadowsOuterScopes.ts	0	0	0	0	1	1	1		
c00627u0_constructorParameterShadowsOuterScopes2.ts	0	0	0	0	1	1	1		
c00628u0_defineProperty.ts	0	0	0	0	1	1	1		
c00629u0_derivedUninitializedPropertyDeclaration.ts	0	0	0	0	1	1	1		
c00630u0_initializationOrdering1.ts	0	0	0	0	1	1	1		
c00631u0_initializerReferencingConstructorLocals.ts	0	0	0	0	1	1	1		
c00632u0_initializerReferencingConstructorParameters.ts	0	0	0	0	1	1	1		
c00633u0_instanceMemberInitialization.ts	0	0	0	0	1	1	1		
c00634u0_instanceMemberWithComputedPropertyName.ts	0	0	0	0	1	1	1		
c00635u0_instanceMemberWithComputedPropertyName2.ts	0	0	0	0	1	1	1		
c00636u0_accessorWithES5.ts	0	0	0	0	1	1	1		
c00637u0_accessorWithMismatchedAccessibilityModifiers.ts	0	0	0	0	1	1	1		
c00638u0_accessorsAreNotContextuallyTyped.ts	0	0	0	0	1	1	1		
c00639u0_ambientAccessors.ts	0	0	0	0	1	1	1		
c00640u0_typeOfThisInAccessor.ts	0	0	0	0	1	1	1		
c00641u0_derivedTypeAccessesHiddenBaseCallViaSuperPropertyAccess.ts	0	0	0	0	1	1	1		
c00642u0_instanceMemberAssignsToClassPrototype.ts	0	0	0	0	1	1	1		
c00643u0_memberFunctionOverloadMixingStaticAndInstance.ts	0	0	0	0	1	1	1		
c00644u0_memberFunctionsWithPrivateOverloads.ts	0	0	0	0	1	1	1		
c00645u0_memberFunctionsWithPublicOverloads.ts	0	0	0	0	1	1	1		
c00646u0_memberFunctionsWithPublicPrivateOverloads.ts	0	0	0	0	1	1	1		
c00647u0_staticFactory1.ts	0	0	0	0	1	1	1		
c00648u0_staticMemberAssignsToConstructorFunctionMembers.ts	0	0	0	0	1	1	1		
c00649u0_typeOfThisInMemberFunctions.ts	0	0	0	0	1	1	1		
c00650u0_optionalMethod.ts	0	0	0	0	1	1	1		
c00651u0_optionalProperty.ts	0	0	0	0	1	1	1		
c00652u0_overrideInterfaceProperty.ts	0	0	0	0	1	1	1		
c00653u0_propertyAndAccessorWithSameName.ts	0	0	0	0	1	1	1		
c00654u0_propertyAndFunctionWithSameName.ts	0	0	0	0	1	1	1		
c00655u0_propertyNamedConstructor.ts	0	0	0	0	1	1	1		
c00656u0_propertyNamedPrototype.ts	0	0	0	0	1	1	1		
c00657u0_propertyOverridesAccessors.ts	0	0	0	0	1	1	1		
c00658u0_propertyOverridesAccessors2.ts	0	0	0	0	1	1	1		
c00659u0_propertyOverridesAccessors3.ts	0	0	0	0	1	1	1		
c00660u0_propertyOverridesAccessors4.ts	0	0	0	0	1	1	1		
c00661u0_propertyOverridesAccessors5.ts	0	0	0	0	1	1	1		
c00662u0_propertyOverridesAccessors6.ts	0	0	0	0	1	1	1		
c00663u0_propertyOverridesMethod.ts	0	0	0	0	1	1	1		
c00664u0_redeclaredProperty.ts	0	0	0	0	1	1	1		
c00665u0_redefinedPararameterProperty.ts	0	0	0	0	1	1	1		
c00666u0_staticAndNonStaticPropertiesSameName.ts	0	0	0	0	1	1	1		
c00667u0_staticAutoAccessors.ts	0	0	0	0	1	1	1		
c00668u0_staticAutoAccessorsWithDecorators.ts	0	0	0	0	1	1	1		
c00669u0_staticMemberInitialization.ts	0	0	0	0	1	1	1		
c00670u0_staticPropertyAndFunctionWithSameName.ts	0	0	0	0	1	1	1		
c00671u0_staticPropertyNameConflicts.ts	0	0	0	0	1	1	1		
c00672u0_decl.d.ts	0	0	0	0	1	1	1		
c00673u0_strictPropertyInitialization.ts	0	0	0	0	1	1	1		
c00674u0_thisInInstanceMemberInitializer.ts	0	0	0	0	1	1	1		
c00675u0_foo.ts	0	0	0	0	1	1	1		
c00676u0_twoAccessorsWithSameName.ts	0	0	0	0	1	1	1		
c00677u0_twoAccessorsWithSameName2.ts	0	0	0	0	1	1	1		
c00678u0_staticIndexSignature1.ts	0	0	0	0	1	1	1		
c00679u0_staticIndexSignature2.ts	0	0	0	0	1	1	1		
c00680u0_staticIndexSignature3.ts	0	0	0	0	1	1	1		
c00681u0_staticIndexSignature4.ts	0	0	0	0	1	1	1		
c00682u0_staticIndexSignature5.ts	0	0	0	0	1	1	1		
c00683u0_staticIndexSignature6.ts	0	0	0	0	1	1	1		
c00684u0_staticIndexSignature7.ts	0	0	0	0	1	1	1		
c00685u0_constEnum1.ts	0	0	0	0	1	1	1		
c00686u0_constEnum2.ts	0	0	0	0	1	1	1		
c00687u0_constEnum3.ts	0	0	0	0	1	1	1		
c00688u0_constEnum4.ts	0	0	0	0	1	1	1		
c00689u0_constEnumNoObjectPrototypePropertyAccess.ts	0	0	0	0	1	1	1		
c00690u0_constEnumPropertyAccess1.ts	0	0	0	0	1	1	1		
c00691u0_constEnumPropertyAccess2.ts	0	0	0	0	1	1	1		
c00692u0_constEnumPropertyAccess3.ts	0	0	0	0	1	1	1		
c00693u0_enum.ts	0	0	0	0	1	1	1		
c00693u1_merge.ts	0	0	0	0	1	1	1		
c00693u2_index.ts	0	0	0	0	1	1	1		
c00694u0_assertionTypePredicates1.ts	0	0	0	0	1	1	1		
c00696u0_constLocalsInFunctionExpressions.ts	0	0	0	0	1	1	1		
c00697u0_controlFlowAliasing.ts	0	0	0	0	1	1	1		
c00698u0_controlFlowAliasing2.ts	0	0	0	0	1	1	1		
c00699u0_controlFlowAliasingCatchVariables.ts	0	0	0	0	1	1	1		
c00700u0_controlFlowAssignmentExpression.ts	0	0	0	0	1	1	1		
c00701u0_controlFlowAssignmentPatternOrder.ts	0	0	0	0	1	1	1		
c00702u0_controlFlowBinaryAndExpression.ts	0	0	0	0	1	1	1		
c00703u0_controlFlowBinaryOrExpression.ts	0	0	0	0	1	1	1		
c00704u0_controlFlowBindingElement.ts	0	0	0	0	1	1	1		
c00705u0_controlFlowBindingPatternOrder.ts	0	0	0	0	1	1	1		
c00706u0_controlFlowCommaOperator.ts	0	0	0	0	1	1	1		
c00707u0_controlFlowComputedPropertyNames.ts	0	0	0	0	1	1	1		
c00708u0_controlFlowConditionalExpression.ts	0	0	0	0	1	1	1		
c00709u0_controlFlowDeleteOperator.ts	0	0	0	0	1	1	1		
c00710u0_controlFlowDestructuringDeclaration.ts	0	0	0	0	1	1	1		
c00711u0_controlFlowDoWhileStatement.ts	0	0	0	0	1	1	1		
c00712u0_controlFlowElementAccess.ts	0	0	0	0	1	1	1		
c00713u0_controlFlowElementAccess2.ts	0	0	0	0	1	1	1		
c00714u0_controlFlowElementAccessNoCrash1.ts	0	0	0	0	1	1	1		
c00715u0_controlFlowForInStatement.ts	0	0	0	0	1	1	1		
c00716u0_controlFlowForInStatement2.ts	0	0	0	0	1	1	1		
c00717u0_controlFlowForOfStatement.ts	0	0	0	0	1	1	1		
c00718u0_controlFlowForStatement.ts	0	0	0	0	1	1	1		
c00719u0_controlFlowGenericTypes.ts	0	0	0	0	1	1	1		
c00720u0_controlFlowIIFE.ts	0	0	0	0	1	1	1		
c00721u0_controlFlowIfStatement.ts	0	0	0	0	1	1	1		
c00722u0_controlFlowInOperator.ts	0	0	0	0	1	1	1		
c00723u0_controlFlowInstanceOfGuardPrimitives.ts	0	0	0	0	1	1	1		
c00724u0_controlFlowInstanceofExtendsFunction.ts	0	0	0	0	1	1	1		
c00725u0_controlFlowIteration.ts	0	0	0	0	1	1	1		
c00726u0_controlFlowIterationErrors.ts	0	0	0	0	1	1	1		
c00727u0_controlFlowIterationErrorsAsync.ts	0	0	0	0	1	1	1		
c00728u0_controlFlowNoIntermediateErrors.ts	0	0	0	0	1	1	1		
c00729u0_controlFlowNullishCoalesce.ts	0	0	0	0	1	1	1		
c00730u0_controlFlowOptionalChain.ts	0	0	0	0	1	1	1		
c00731u0_controlFlowOptionalChain2.ts	0	0	0	0	1	1	1		
c00732u0_controlFlowOptionalChain3.tsx	0	0	0	0	1	1	1		
c00733u0_controlFlowParameter.ts	0	0	0	0	1	1	1		
c00734u0_controlFlowStringIndex.ts	0	0	0	0	1	1	1		
c00735u0_controlFlowSuperPropertyAccess.ts	0	0	0	0	1	1	1		
c00736u0_controlFlowTruthiness.ts	0	0	0	0	1	1	1		
c00737u0_controlFlowTypeofObject.ts	0	0	0	0	1	1	1		
c00738u0_controlFlowWhileStatement.ts	0	0	0	0	1	1	1		
c00739u0_controlFlowWithTemplateLiterals.ts	0	0	0	0	1	1	1		
c00740u0_definiteAssignmentAssertions.ts	0	0	0	0	1	1	1		
c00741u0_definiteAssignmentAssertionsWithObjectShortHand.ts	0	0	0	0	1	1	1		
c00742u0_dependentDestructuredVariables.ts	0	0	0	0	1	1	1		
c00743u0_dependentDestructuredVariablesFromNestedPatterns.ts	0	0	0	0	1	1	1		
c00744u0_dependentDestructuredVariablesWithExport.ts	0	0	0	0	1	1	1		
c00745u0_exhaustiveSwitchStatements1.ts	0	0	0	0	1	1	1		
c00746u0_neverReturningFunctions1.ts	0	0	0	0	1	1	1		
c00747u0_switchWithConstrainedTypeVariable.ts	0	0	0	0	1	1	1		
c00748u0_typeGuardsAsAssertions.ts	0	0	0	0	1	1	1		
c00749u0_typeGuardsNestedAssignments.ts	0	0	0	0	1	1	1		
c00750u0_typeGuardsTypeParameters.ts	0	0	0	0	1	1	1		
c00751u0_anonymousClassAccessorsDeclarationEmit1.ts	0	0	0	0	1	1	1		
c00752u0_classDoesNotDependOnPrivateMember.ts	0	0	0	0	1	1	1		
c00753u0_declarationEmitWorkWithInlineComments.ts	1	0	0	0	1	1	1		
c00754u0_exportDefaultExpressionComments.ts	1	0	0	0	1	1	1		
c00755u0_exportDefaultNamespace.ts	0	0	0	0	1	1	1		
c00756u0_a.ts	0	0	0	0	1	1	1		
c00756u1_b.ts	0	0	0	0	1	1	1		
c00756u2_c.ts	0	0	0	0	1	1	1		
c00757u0_file1.ts	0	0	0	0	1	1	1		
c00757u1_file2.ts	0	0	0	0	1	1	1		
c00758u0_file1.ts	0	0	0	0	1	1	1		
c00758u1_file2.ts	0	0	0	0	1	1	1		
c00759u0_fakelib.ts	0	0	0	0	1	1	1		
c00759u1_file1.ts	0	0	0	0	1	1	1		
c00760u0_fakelib.ts	0	0	0	0	1	1	1		
c00760u1_file1.ts	0	0	0	0	1	1	1		
c00761u0_nullPropertyName.ts	0	0	0	0	1	1	1		
c00762u0_declarationEmitIdentifierPredicates01.ts	0	0	0	0	1	1	1		
c00763u0_declarationEmitIdentifierPredicatesWithPrivateName01.ts	0	0	0	0	1	1	1		
c00764u0_declarationEmitThisPredicates01.ts	0	0	0	0	1	1	1		
c00765u0_declarationEmitThisPredicates02.ts	0	0	0	0	1	1	1		
c00766u0_declarationEmitThisPredicatesWithPrivateName01.ts	0	0	0	0	1	1	1		
c00767u0_declarationEmitThisPredicatesWithPrivateName02.ts	0	0	0	0	1	1	1		
c00768u0_index.d.ts	0	0	0	0	1	1	1		
c00768u1_fs.d.ts	0	0	0	0	1	1	1		
c00768u2_main.ts	0	0	0	0	1	1	1		
c00769u0_button.ts	0	0	0	0	1	1	1		
c00769u1_lit.ts	0	0	0	0	1	1	1		
c00770u0_index.d.ts	0	0	0	0	1	1	1		
c00770u1_index.d.ts	0	0	0	0	1	1	1		
c00770u2_main.ts	0	0	0	0	1	1	1		
c00771u0_index.d.ts	0	0	0	0	1	1	1		
c00771u1_other.d.ts	0	0	0	0	1	1	1		
c00771u2_index.d.ts	0	0	0	0	1	1	1		
c00771u3_other.d.ts	0	0	0	0	1	1	1		
c00771u4_main.ts	0	0	0	0	1	1	1		
c00772u0_index.d.ts	0	0	0	0	1	1	1		
c00772u1_other.d.ts	0	0	0	0	1	1	1		
c00772u2_index.d.ts	0	0	0	0	1	1	1		
c00772u3_other.d.ts	0	0	0	0	1	1	1		
c00772u4_main.ts	0	0	0	0	1	1	1		
c00773u0_index.d.ts	0	0	0	0	1	1	1		
c00773u1_other.d.ts	0	0	0	0	1	1	1		
c00773u2_index.d.ts	0	0	0	0	1	1	1		
c00773u3_main.ts	0	0	0	0	1	1	1		
c00774u0_decoratorOnClassAccessor1.ts	0	0	0	0	1	1	1		
c00775u0_decoratorOnClassAccessor2.ts	0	0	0	0	1	1	1		
c00776u0_decoratorOnClassAccessor3.ts	0	0	1	1	1	1	1		
c00777u0_decoratorOnClassAccessor4.ts	0	0	0	0	1	1	1		
c00778u0_decoratorOnClassAccessor5.ts	0	0	0	0	1	1	1		
c00779u0_decoratorOnClassAccessor6.ts	0	0	1	1	1	1	1		
c00780u0_decoratorOnClassAccessor7.ts	0	0	0	0	1	1	1		
c00781u0_decoratorOnClassAccessor8.ts	0	0	0	0	1	1	1		
c00782u0_constructableDecoratorOnClass01.ts	0	0	0	0	1	1	1		
c00783u0_decoratorOnClassConstructor1.ts	0	0	0	0	1	1	1		
c00784u0_0.ts	0	0	0	0	1	1	1		
c00784u1_2.ts	0	0	0	0	1	1	1		
c00785u0_0.ts	0	0	0	0	1	1	1		
c00785u1_2.ts	0	0	0	0	1	1	1		
c00786u0_decoratorOnClassConstructor4.ts	0	0	0	0	1	1	1		
c00787u0_decoratorOnClassConstructorParameter1.ts	0	0	0	0	1	1	1		
c00788u0_decoratorOnClassConstructorParameter4.ts	0	0	1	1	1	1	1		
c00789u0_decoratorOnClassConstructorParameter5.ts	0	0	0	0	1	1	1		
c00790u0_a.ts	0	0	0	0	1	1	1		
c00791u0_a.ts	0	0	0	0	1	1	1		
c00792u0_a.ts	0	0	0	0	1	1	1		
c00793u0_a.ts	0	0	0	0	1	1	1		
c00794u0_a.ts	0	0	0	0	1	1	1		
c00795u0_a.ts	0	0	0	0	1	1	1		
c00796u0_a.ts	0	0	0	0	1	1	1		
c00797u0_decorated.ts	0	0	0	0	1	1	1		
c00797u1_undecorated.ts	0	0	0	0	1	1	1		
c00798u0_decoratorChecksFunctionBodies.ts	0	0	0	0	1	1	1		
c00799u0_a.ts	0	0	0	0	1	1	1		
c00799u1_b.ts	0	0	0	0	1	1	1		
c00800u0_decoratorOnClass1.ts	0	0	0	0	1	1	1		
c00801u0_decoratorOnClass2.ts	0	0	0	0	1	1	1		
c00802u0_decoratorOnClass3.ts	0	0	0	0	1	1	1		
c00803u0_decoratorOnClass4.ts	0	0	0	0	1	1	1		
c00804u0_decoratorOnClass5.ts	0	0	0	0	1	1	1		
c00805u0_decoratorOnClass8.ts	0	0	0	0	1	1	1		
c00806u0_decoratorOnClass9.ts	0	0	0	0	1	1	1		
c00807u0_decoratorOnClassMethod1.ts	0	0	0	0	1	1	1		
c00808u0_decoratorOnClassMethod10.ts	0	0	0	0	1	1	1		
c00809u0_decoratorOnClassMethod11.ts	0	0	0	0	1	1	1		
c00810u0_decoratorOnClassMethod12.ts	0	0	0	0	1	1	1		
c00811u0_decoratorOnClassMethod13.ts	0	0	0	0	1	1	1		
c00812u0_decoratorOnClassMethod14.ts	0	0	0	0	1	1	1		
c00813u0_decoratorOnClassMethod15.ts	0	0	0	0	1	1	1		
c00814u0_decoratorOnClassMethod16.ts	0	0	0	0	1	1	1		
c00815u0_decoratorOnClassMethod17.ts	0	0	1	1	1	1	1		
c00816u0_decoratorOnClassMethod18.ts	0	0	0	0	1	1	1		
c00817u0_decoratorOnClassMethod19.ts	0	0	0	0	1	1	1		
c00818u0_decoratorOnClassMethod2.ts	0	0	0	0	1	1	1		
c00819u0_decoratorOnClassMethod3.ts	0	0	1	1	1	1	1		
c00820u0_decoratorOnClassMethod4.ts	0	0	0	0	1	1	1		
c00821u0_decoratorOnClassMethod5.ts	0	0	0	0	1	1	1		
c00822u0_decoratorOnClassMethod6.ts	0	0	0	0	1	1	1		
c00823u0_decoratorOnClassMethod7.ts	0	0	0	0	1	1	1		
c00824u0_decoratorOnClassMethod8.ts	0	0	0	0	1	1	1		
c00825u0_decoratorOnClassMethodOverload1.ts	0	0	0	0	1	1	1		
c00826u0_decoratorOnClassMethodOverload2.ts	0	0	0	0	1	1	1		
c00827u0_decoratorOnClassMethodParameter1.ts	0	0	0	0	1	1	1		
c00828u0_decoratorOnClassMethodParameter2.ts	0	0	0	0	1	1	1		
c00829u0_decoratorOnClassMethodParameter3.ts	0	0	0	0	1	1	1		
c00830u0_decoratorOnClassMethodThisParameter.ts	0	0	2	2	1	1	1		
c00831u0_decoratorOnClassProperty1.ts	0	0	0	0	1	1	1		
c00832u0_decoratorOnClassProperty10.ts	0	0	0	0	1	1	1		
c00833u0_decoratorOnClassProperty11.ts	0	0	0	0	1	1	1		
c00834u0_decoratorOnClassProperty12.ts	0	0	0	0	1	1	1		
c00835u0_decoratorOnClassProperty13.ts	0	0	0	0	1	1	1		
c00836u0_decoratorOnClassProperty2.ts	0	0	0	0	1	1	1		
c00837u0_decoratorOnClassProperty3.ts	0	0	1	1	1	1	1		
c00838u0_decoratorOnClassProperty6.ts	0	0	0	0	1	1	1		
c00839u0_decoratorOnClassProperty7.ts	0	0	0	0	1	1	1		
c00840u0_decoratorCallGeneric.ts	0	0	0	0	1	1	1		
c00841u0_decoratorInAmbientContext.ts	0	0	0	0	1	1	1		
c00842u0_decoratorMetadata-jsdoc.ts	0	0	0	0	1	1	1		
c00843u0_service.ts	0	0	0	0	1	1	1		
c00843u1_component.ts	0	0	0	0	1	1	1		
c00844u0_service.ts	0	0	0	0	1	1	1		
c00844u1_component.ts	0	0	0	0	1	1	1		
c00845u0_services.ts	0	0	0	0	1	1	1		
c00845u1_index.ts	0	0	0	0	1	1	1		
c00846u0_decoratorOnArrowFunction.ts	0	0	2	2	1	1	1		
c00847u0_decoratorOnAwait.ts	0	0	1	1	1	1	1		
c00848u0_decoratorOnEnum.ts	0	0	0	0	1	1	1		
c00849u0_decoratorOnEnum2.ts	0	0	3	3	1	1	1		
c00850u0_decoratorOnFunctionDeclaration.ts	0	0	0	0	1	1	1		
c00851u0_decoratorOnFunctionExpression.ts	0	0	3	3	1	1	1		
c00852u0_decoratorOnFunctionParameter.ts	0	0	2	2	1	1	1		
c00853u0_decoratorOnImportEquals1.ts	0	0	0	0	1	1	1		
c00854u0_decoratorOnImportEquals2_0.ts	0	0	0	0	1	1	1		
c00854u1_decoratorOnImportEquals2_1.ts	0	0	0	0	1	1	1		
c00855u0_decoratorOnInterface.ts	0	0	0	0	1	1	1		
c00856u0_decoratorOnInternalModule.ts	0	0	0	0	1	1	1		
c00857u0_decoratorOnTypeAlias.ts	0	0	0	0	1	1	1		
c00858u0_decoratorOnUsing.ts	0	0	1	1	1	1	1		
c00859u0_decoratorOnVar.ts	0	0	0	0	1	1	1		
c00860u0_legacyDecorators-contextualTypes.ts	0	0	0	0	1	1	1		
c00861u0_a.ts	0	0	0	0	1	1	1		
c00861u1_b.ts	0	0	0	0	1	1	1		
c00862u0_a.ts	1	0	0	0	1	1	1		
c00862u1_b.tsx	0	0	0	0	1	1	1		
c00865u0_ts-expect-error-nocheck.ts	0	0	0	0	1	1	1		
c00866u0_ts-expect-error.ts	0	0	0	0	1	1	1		
c00867u0_ts-ignore.ts	0	0	0	0	1	1	1		
c00868u0_0.ts	0	0	0	0	1	1	1		
c00868u1_1.ts	0	0	0	0	1	1	1		
c00869u0_0.ts	0	0	0	0	1	1	1		
c00869u1_2.ts	0	0	0	0	1	1	1		
c00870u0_0.ts	0	0	0	0	1	1	1		
c00870u1_2.ts	0	0	0	0	1	1	1		
c00871u0_0.ts	0	0	0	0	1	1	1		
c00871u1_1.ts	0	0	0	0	1	1	1		
c00871u2_2.ts	0	0	0	0	1	1	1		
c00872u0_0.ts	0	0	0	0	1	1	1		
c00872u1_1.ts	0	0	0	0	1	1	1		
c00872u2_2.ts	0	0	0	0	1	1	1		
c00873u0_0.ts	0	0	0	0	1	1	1		
c00873u1_1.ts	0	0	0	0	1	1	1		
c00873u2_2.ts	0	0	0	0	1	1	1		
c00874u0_test.ts	0	0	0	0	1	1	1		
c00875u0_test.ts	0	0	0	0	1	1	1		
c00876u0_test.ts	0	0	0	0	1	1	1		
c00877u0_test.ts	0	0	0	0	1	1	1		
c00878u0_test.ts	0	0	0	0	1	1	1		
c00879u0_test.ts	0	0	0	0	1	1	1		
c00880u0_test.ts	0	0	0	0	1	1	1		
c00881u0_test.ts	0	0	0	0	1	1	1		
c00882u0_test.ts	0	0	0	0	1	1	1		
c00883u0_anotherModule.ts	0	0	0	0	1	1	1		
c00883u1_defaultPath.ts	0	0	0	0	1	1	1		
c00883u2_1.ts	0	0	0	0	1	1	1		
c00884u0_importCallExpressionDeclarationEmit1.ts	0	0	0	0	1	1	1		
c00885u0_0.ts	0	0	0	0	1	1	1		
c00885u1_1.ts	0	0	0	0	1	1	1		
c00886u0_0.ts	0	0	0	0	1	1	1		
c00886u1_1.ts	0	0	0	0	1	1	1		
c00887u0_0.ts	0	0	0	0	1	1	1		
c00887u1_1.ts	0	0	0	0	1	1	1		
c00888u0_0.ts	0	0	0	0	1	1	1		
c00888u1_1.ts	0	0	0	0	1	1	1		
c00889u0_0.ts	0	0	0	0	1	1	1		
c00889u1_1.ts	0	0	0	0	1	1	1		
c00890u0_0.ts	0	0	0	0	1	1	1		
c00890u1_1.ts	0	0	0	0	1	1	1		
c00891u0_0.ts	0	0	0	0	1	1	1		
c00891u1_1.ts	0	0	0	0	1	1	1		
c00892u0_0.ts	0	0	0	0	1	1	1		
c00892u1_1.ts	0	0	0	0	1	1	1		
c00893u0_0.ts	0	0	0	0	1	1	1		
c00893u1_1.ts	0	0	0	0	1	1	1		
c00894u0_0.ts	0	0	0	0	1	1	1		
c00894u1_1.ts	0	0	0	0	1	1	1		
c00895u0_0.ts	0	0	0	0	1	1	1		
c00895u1_1.ts	0	0	0	0	1	1	1		
c00896u0_importCallExpressionGrammarError.ts	0	0	0	0	1	1	1		
c00897u0_0.ts	0	0	0	0	1	1	1		
c00897u1_1.ts	0	0	0	0	1	1	1		
c00898u0_0.ts	0	0	0	0	1	1	1		
c00898u1_2.ts	0	0	0	0	1	1	1		
c00899u0_0.ts	0	0	0	0	1	1	1		
c00899u1_2.ts	0	0	0	0	1	1	1		
c00900u0_0.ts	0	0	0	0	1	1	1		
c00900u1_1.ts	0	0	0	0	1	1	1		
c00900u2_2.ts	0	0	0	0	1	1	1		
c00901u0_0.ts	0	0	0	0	1	1	1		
c00901u1_1.ts	0	0	0	0	1	1	1		
c00902u0_0.ts	0	0	0	0	1	1	1		
c00902u1_1.ts	0	0	0	0	1	1	1		
c00902u2_2.ts	0	0	0	0	1	1	1		
c00903u0_0.ts	0	0	0	0	1	1	1		
c00903u1_2.ts	0	0	0	0	1	1	1		
c00904u0_0.ts	0	0	0	0	1	1	1		
c00904u1_2.ts	0	0	0	0	1	1	1		
c00905u0_0.ts	0	0	0	0	1	1	1		
c00905u1_1.ts	0	0	0	0	1	1	1		
c00905u2_2.ts	0	0	0	0	1	1	1		
c00906u0_something.ts	0	0	0	0	1	1	1		
c00906u1_index.ts	0	0	0	0	1	1	1		
c00907u0_something.ts	0	0	0	0	1	1	1		
c00907u1_index.ts	0	0	0	0	1	1	1		
c00908u0_something.ts	0	0	0	0	1	1	1		
c00908u1_index.ts	0	0	0	0	1	1	1		
c00909u0_0.ts	0	0	0	0	1	1	1		
c00909u1_1.ts	0	0	0	0	1	1	1		
c00910u0_0.ts	0	0	0	0	1	1	1		
c00910u1_1.ts	0	0	0	0	1	1	1		
c00911u0_0.ts	0	0	0	0	1	1	1		
c00911u1_1.ts	0	0	0	0	1	1	1		
c00912u0_0.ts	0	0	0	0	1	1	1		
c00912u1_2.ts	0	0	0	0	1	1	1		
c00913u0_0.ts	0	0	0	0	1	1	1		
c00913u1_2.ts	0	0	0	0	1	1	1		
c00914u0_0.ts	0	0	0	0	1	1	1		
c00914u1_1.ts	0	0	0	0	1	1	1		
c00914u2_2.ts	0	0	0	0	1	1	1		
c00915u0_0.ts	0	0	0	0	1	1	1		
c00915u1_1.ts	0	0	0	0	1	1	1		
c00916u0_0.ts	0	0	0	0	1	1	1		
c00916u1_2.ts	0	0	0	0	1	1	1		
c00917u0_0.ts	0	0	0	0	1	1	1		
c00917u1_2.ts	0	0	0	0	1	1	1		
c00918u0_0.ts	0	0	0	0	1	1	1		
c00918u1_1.ts	0	0	0	0	1	1	1		
c00918u2_2.ts	0	0	0	0	1	1	1		
c00919u0_0.ts	0	0	0	0	1	1	1		
c00919u1_1.ts	0	0	0	0	1	1	1		
c00920u0_0.ts	0	0	0	0	1	1	1		
c00920u1_1.ts	0	0	1	1	1	1	1		
c00921u0_0.ts	0	0	0	0	1	1	1		
c00921u1_1.ts	0	0	1	1	1	1	1		
c00922u0_foo.ts	0	0	0	0	1	1	1		
c00922u1_index.ts	0	0	0	0	1	1	1		
c00923u0_foo.ts	0	0	0	0	1	1	1		
c00923u1_index.ts	0	0	0	0	1	1	1		
c00924u0_foo.ts	0	0	0	0	1	1	1		
c00924u1_index.ts	0	0	0	0	1	1	1		
c00925u0_foo.ts	0	0	0	0	1	1	1		
c00925u1_index.ts	0	0	0	0	1	1	1		
c00926u0_foo.ts	0	0	0	0	1	1	1		
c00926u1_index.ts	0	0	0	0	1	1	1		
c00927u0_foo.ts	0	0	0	0	1	1	1		
c00927u1_index.ts	0	0	0	0	1	1	1		
c00928u0_foo.ts	0	0	0	0	1	1	1		
c00928u1_index.ts	0	0	0	0	1	1	1		
c00929u0_foo.ts	0	0	0	0	1	1	1		
c00929u1_index.ts	0	0	0	0	1	1	1		
c00930u0_foo.ts	0	0	0	0	1	1	1		
c00930u1_index.ts	0	0	0	0	1	1	1		
c00931u0_foo.ts	0	0	0	0	1	1	1		
c00931u1_index.ts	0	0	0	0	1	1	1		
c00932u0_foo.ts	0	0	0	0	1	1	1		
c00932u1_index.ts	0	0	0	0	1	1	1		
c00933u0_foo.ts	0	0	0	0	1	1	1		
c00933u1_index.ts	0	0	0	0	1	1	1		
c00934u0_0.ts	0	0	0	0	1	1	1		
c00934u1_1.ts	0	0	0	0	1	1	1		
c00934u2_2.ts	0	0	0	0	1	1	1		
c00935u0_defaultPath.ts	0	0	0	0	1	1	1		
c00935u1_1.ts	0	0	0	0	1	1	1		
c00936u0_importCallExpressionShouldNotGetParen.ts	0	0	0	0	1	1	1		
c00937u0_importCallExpressionSpecifierNotStringTypeError.ts	0	0	0	0	1	1	1		
c00938u0_0.ts	0	0	0	0	1	1	1		
c00938u1_1.ts	0	0	0	0	1	1	1		
c00939u0_C1.ts	0	0	0	0	1	1	1		
c00939u1_C2.ts	0	0	0	0	1	1	1		
c00939u2_C3.ts	0	0	0	0	1	1	1		
c00939u3_C4.ts	0	0	0	0	1	1	1		
c00939u4_C5.ts	0	0	0	0	1	1	1		
c00939u5_C6.ts	0	0	0	0	1	1	1		
c00939u6_C7.ts	0	0	0	0	1	1	1		
c00939u7_C8.ts	0	0	0	0	1	1	1		
c00939u8_C9.ts	0	0	0	0	1	1	1		
c00940u0_F1.ts	0	0	0	0	1	1	1		
c00940u1_F2.ts	0	0	0	0	1	1	1		
c00940u2_F3.ts	0	0	0	0	1	1	1		
c00940u3_F4.ts	0	0	0	0	1	1	1		
c00940u4_F5.ts	0	0	0	0	1	1	1		
c00940u5_F6.ts	0	0	0	0	1	1	1		
c00940u6_F7.ts	0	0	0	0	1	1	1		
c00941u0_F1.ts	0	0	0	0	1	1	1		
c00941u1_F2.ts	0	0	0	0	1	1	1		
c00941u2_F3.ts	0	0	0	0	1	1	1		
c00941u3_F4.ts	0	0	0	0	1	1	1		
c00941u4_F5.ts	0	0	0	0	1	1	1		
c00941u5_F6.ts	0	0	0	0	1	1	1		
c00941u6_F7.ts	0	0	0	0	1	1	1		
c00942u0_O1.ts	0	0	0	0	1	1	1		
c00942u1_O2.ts	0	0	0	0	1	1	1		
c00942u2_O3.ts	0	0	0	0	1	1	1		
c00942u3_O4.ts	0	0	0	0	1	1	1		
c00942u4_O5.ts	0	0	0	0	1	1	1		
c00942u5_O6.ts	0	0	0	0	1	1	1		
c00942u6_O7.ts	0	0	0	0	1	1	1		
c00943u0_C1.ts	0	0	0	0	1	1	1		
c00943u1_C2.ts	0	0	0	0	1	1	1		
c00943u2_C3.ts	0	0	0	0	1	1	1		
c00943u3_C4.ts	0	0	0	0	1	1	1		
c00943u4_C5.ts	0	0	0	0	1	1	1		
c00943u5_C6.ts	0	0	0	0	1	1	1		
c00943u6_C7.ts	0	0	0	0	1	1	1		
c00943u7_C8.ts	0	0	0	0	1	1	1		
c00943u8_C9.ts	0	0	0	0	1	1	1		
c00944u0_F1.ts	0	0	0	0	1	1	1		
c00944u1_F2.ts	0	0	0	0	1	1	1		
c00944u2_F3.ts	0	0	0	0	1	1	1		
c00944u3_F4.ts	0	0	0	0	1	1	1		
c00944u4_F5.ts	0	0	0	0	1	1	1		
c00944u5_F6.ts	0	0	0	0	1	1	1		
c00944u6_F7.ts	0	0	0	0	1	1	1		
c00945u0_F1.ts	0	0	0	0	1	1	1		
c00945u1_F2.ts	0	0	0	0	1	1	1		
c00945u2_F3.ts	0	0	0	0	1	1	1		
c00945u3_F4.ts	0	0	0	0	1	1	1		
c00945u4_F5.ts	0	0	0	0	1	1	1		
c00945u5_F6.ts	0	0	0	0	1	1	1		
c00945u6_F7.ts	0	0	0	0	1	1	1		
c00946u0_O1.ts	0	0	0	0	1	1	1		
c00946u1_O2.ts	0	0	0	0	1	1	1		
c00946u2_O3.ts	0	0	0	0	1	1	1		
c00946u3_O4.ts	0	0	0	0	1	1	1		
c00946u4_O5.ts	0	0	0	0	1	1	1		
c00946u5_O6.ts	0	0	0	0	1	1	1		
c00946u6_O7.ts	0	0	0	0	1	1	1		
c00947u0_emitter.noCatchBinding.es2019.ts	0	0	0	0	1	1	1		
c00948u0_C1.ts	0	0	0	0	1	1	1		
c00948u1_C2.ts	0	0	0	0	1	1	1		
c00948u2_C3.ts	0	0	0	0	1	1	1		
c00948u3_C4.ts	0	0	0	0	1	1	1		
c00948u4_C5.ts	0	0	0	0	1	1	1		
c00948u5_C6.ts	0	0	0	0	1	1	1		
c00948u6_C7.ts	0	0	0	0	1	1	1		
c00948u7_C8.ts	0	0	0	0	1	1	1		
c00948u8_C9.ts	0	0	0	0	1	1	1		
c00949u0_F1.ts	0	0	0	0	1	1	1		
c00949u1_F2.ts	0	0	0	0	1	1	1		
c00949u2_F3.ts	0	0	0	0	1	1	1		
c00949u3_F4.ts	0	0	0	0	1	1	1		
c00949u4_F5.ts	0	0	0	0	1	1	1		
c00949u5_F6.ts	0	0	0	0	1	1	1		
c00949u6_F7.ts	0	0	0	0	1	1	1		
c00950u0_F1.ts	0	0	0	0	1	1	1		
c00950u1_F2.ts	0	0	0	0	1	1	1		
c00950u2_F3.ts	0	0	0	0	1	1	1		
c00950u3_F4.ts	0	0	0	0	1	1	1		
c00950u4_F5.ts	0	0	0	0	1	1	1		
c00950u5_F6.ts	0	0	0	0	1	1	1		
c00950u6_F7.ts	0	0	0	0	1	1	1		
c00951u0_O1.ts	0	0	0	0	1	1	1		
c00951u1_O2.ts	0	0	0	0	1	1	1		
c00951u2_O3.ts	0	0	0	0	1	1	1		
c00951u3_O4.ts	0	0	0	0	1	1	1		
c00951u4_O5.ts	0	0	0	0	1	1	1		
c00951u5_O6.ts	0	0	0	0	1	1	1		
c00951u6_O7.ts	0	0	0	0	1	1	1		
c00952u0_awaitAndYield.ts	0	0	0	0	1	1	1		
c00953u0_enumBasics.ts	0	0	0	0	1	1	1		
c00954u0_enumClassification.ts	0	0	0	0	1	1	1		
c00955u0_enumConstantMemberWithString.ts	0	0	0	0	1	1	1		
c00956u0_enumConstantMemberWithStringEmitDeclaration.ts	0	0	0	0	1	1	1		
c00957u0_enumConstantMemberWithTemplateLiterals.ts	0	0	0	0	1	1	1		
c00958u0_enumConstantMemberWithTemplateLiteralsEmitDeclaration.ts	0	0	0	0	1	1	1		
c00959u0_enumConstantMembers.ts	0	0	0	0	1	1	1		
c00960u0_enumErrorOnConstantBindingWithInitializer.ts	0	0	0	0	1	1	1		
c00961u0_enumErrors.ts	0	0	7	7	1	1	1		
c00962u0_enumExportMergingES6.ts	0	0	0	0	1	1	1		
c00963u0_enumMerging.ts	0	1	0	0	1	1	1		
c00964u0_enumMergingErrors.ts	0	0	0	0	1	1	1		
c00965u0_enumShadowedInfinityNaN.ts	0	0	0	0	1	1	1		
c00966u0_es2016IntlAPIs.ts	0	0	0	0	1	1	1		
c00967u0_assignSharedArrayBufferToArrayBuffer.ts	0	0	0	0	1	1	1		
c00968u0_es2017DateAPIs.ts	0	0	0	0	1	1	1		
c00969u0_useObjectValuesAndEntries1.ts	0	0	0	0	1	1	1		
c00970u0_useObjectValuesAndEntries2.ts	0	0	0	0	1	1	1		
c00971u0_useObjectValuesAndEntries3.ts	0	0	0	0	1	1	1		
c00972u0_useObjectValuesAndEntries4.ts	0	0	0	0	1	1	1		
c00973u0_useSharedArrayBuffer1.ts	0	0	0	0	1	1	1		
c00974u0_useSharedArrayBuffer2.ts	0	0	0	0	1	1	1		
c00975u0_useSharedArrayBuffer3.ts	0	0	0	0	1	1	1		
c00976u0_useSharedArrayBuffer4.ts	0	0	0	0	1	1	1		
c00977u0_useSharedArrayBuffer5.ts	0	0	0	0	1	1	1		
c00978u0_useSharedArrayBuffer6.ts	0	0	0	0	1	1	1		
c00979u0_es2018IntlAPIs.ts	0	0	0	0	1	1	1		
c00980u0_invalidTaggedTemplateEscapeSequences.ts	0	0	3	3	1	1	1		
c00981u0_usePromiseFinally.ts	0	0	0	0	1	1	1		
c00982u0_useRegexpGroups.ts	0	0	0	0	1	1	1		
c00983u0_allowUnescapedParagraphAndLineSeparatorsInStringLiteral.ts	0	0	0	0	1	1	1		
c00984u0_globalThisAmbientModules.ts	0	0	0	0	1	1	1		
c00985u0_globalThisBlockscopedProperties.ts	0	0	0	0	1	1	1		
c00987u0_globalThisGlobalExportAsGlobal.ts	0	0	0	0	1	1	1		
c00989u0_globalThisReadonlyProperties.ts	0	0	0	0	1	1	1		
c00990u0_globalThisTypeIndexAccess.ts	0	0	0	0	1	1	1		
c00991u0_globalThisUnknown.ts	0	0	0	0	1	1	1		
c00992u0_globalThisUnknownNoImplicitAny.ts	0	0	0	0	1	1	1		
c00993u1_actual.ts	0	0	0	0	1	1	1		
c00994u0_example.ts	0	0	0	0	1	1	1		
c00994u1_moduleLookingFile01.ts	0	0	0	0	1	1	1		
c00994u2_scriptLookingFile01.ts	0	0	0	0	1	1	1		
c00994u3_assignmentTargets.ts	0	0	0	0	1	1	1		
c00995u0_importMetaNarrowing.ts	0	0	0	0	1	1	1		
c00996u0_bigintMissingES2019.ts	0	0	0	0	1	1	1		
c00997u0_bigintMissingES2020.ts	0	0	0	0	1	1	1		
c00998u0_bigintMissingESNext.ts	0	0	0	0	1	1	1		
c00999u0_constructBigint.ts	0	0	0	0	1	1	1		
c01000u0_es2020IntlAPIs.ts	0	0	0	0	1	1	1		
c01001u0_intlNumberFormatES2020.ts	0	0	0	0	1	1	1		
c01002u0_localesObjectArgument.ts	0	0	0	0	1	1	1		
c01003u0_0.ts	0	0	0	0	1	1	1		
c01003u1_1.ts	0	0	0	0	1	1	1		
c01003u2_2.ts	0	0	0	0	1	1	1		
c01004u0_0.ts	0	0	0	0	1	1	1		
c01004u1_1.ts	0	0	0	0	1	1	1		
c01004u2_2.ts	0	0	0	0	1	1	1		
c01005u0_0.ts	0	0	0	0	1	1	1		
c01005u1_1.ts	0	0	0	0	1	1	1		
c01005u2_2.ts	0	0	0	0	1	1	1		
c01006u0_0.ts	0	0	0	0	1	1	1		
c01006u1_1.ts	0	0	0	0	1	1	1		
c01006u2_11.ts	0	0	0	0	1	1	1		
c01006u3_2.ts	0	0	0	0	1	1	1		
c01007u0_three.d.ts	0	0	0	0	1	1	1		
c01007u1_two.d.ts	0	0	0	0	1	1	1		
c01007u2_one.ts	0	0	0	0	1	1	1		
c01008u0_a.ts	0	0	0	0	1	1	1		
c01008u1_b.ts	0	0	0	0	1	1	1		
c01009u0_a.ts	0	0	0	0	1	1	1		
c01009u1_b.ts	0	0	0	0	1	1	1		
c01010u0_exportAsNamespace_nonExistent.ts	0	0	0	0	1	1	1		
c01011u0_es2021LocalesObjectArgument.ts	0	0	0	0	1	1	1		
c01012u0_intlDateTimeFormatRangeES2021.ts	0	0	0	0	1	1	1		
c01013u0_logicalAssignment1.ts	0	0	0	0	1	1	1		
c01014u0_logicalAssignment10.ts	0	0	0	0	1	1	1		
c01015u0_logicalAssignment2.ts	0	0	0	0	1	1	1		
c01016u0_logicalAssignment3.ts	0	0	0	0	1	1	1		
c01017u0_logicalAssignment4.ts	0	0	0	0	1	1	1		
c01018u0_logicalAssignment5.ts	0	0	0	0	1	1	1		
c01019u0_logicalAssignment6.ts	0	0	0	0	1	1	1		
c01020u0_logicalAssignment7.ts	0	0	0	0	1	1	1		
c01021u0_logicalAssignment8.ts	0	0	0	0	1	1	1		
c01022u0_logicalAssignment9.ts	0	0	0	0	1	1	1		
c01023u0_arbitraryModuleNamespaceIdentifiers_exportEmpty.ts	0	0	0	0	1	1	1		
c01024u0_arbitraryModuleNamespaceIdentifiers_importEmpty.ts	0	0	0	0	1	1	1		
c01025u0_arbitraryModuleNamespaceIdentifiers_module.ts	0	0	0	0	1	1	1		
c01026u0_values-valid.ts	0	0	0	0	1	1	1		
c01026u10_type-clause-valid.ts	0	0	0	0	1	1	1		
c01026u11_type-clause-bad-import.ts	0	0	1	1	0	0	0	pos KindIdentifier	
c01026u12_type-clause-bad-export.ts	0	0	0	0	1	1	1		
c01026u13_type-clause-no-as.ts	0	0	1	1	0	0	0	pos KindIdentifier	
c01026u14_type-clause-type-as-as.ts	0	0	1	1	0	0	0	pos KindIdentifier	
c01026u1_values-bad-import.ts	0	0	1	1	0	0	0	pos KindIdentifier	
c01026u2_values-bad-export.ts	0	0	0	0	1	1	1		
c01026u3_values-no-as.ts	0	0	1	1	0	0	0	pos KindIdentifier	
c01026u4_values-type-as.ts	0	0	1	1	0	0	0	pos KindIdentifier	
c01026u5_type-decls-valid.ts	0	0	0	0	1	1	1		
c01026u6_type-decls-bad-import.ts	0	0	1	1	0	0	0	pos KindIdentifier	
c01026u7_type-decls-bad-export.ts	0	0	0	0	1	1	1		
c01026u8_type-decls-no-as.ts	0	0	1	1	0	0	0	pos KindIdentifier	
c01026u9_type-decls-type-as.ts	0	0	1	1	0	0	0	pos KindIdentifier	
c01027u0_es2022IntlAPIs.ts	0	0	0	0	1	1	1		
c01028u0_es2022LocalesObjectArgument.ts	0	0	0	0	1	1	1		
c01029u0_es2024SharedMemory.ts	0	0	0	0	1	1	1		
c01030u0_intlNumberFormatES2023.ts	0	0	0	0	1	1	1		
c01031u0_intlNumberFormatES5UseGrouping.ts	0	0	0	0	1	1	1		
c01032u0_resizableArrayBuffer.ts	0	0	0	0	1	1	1		
c01033u0_sharedMemory.ts	0	0	0	0	1	1	1		
c01034u0_transferableArrayBuffer.ts	0	0	0	0	1	1	1		
c01035u0_float16Array.ts	0	0	0	0	1	1	1		
c01036u0_intlDurationFormat.ts	0	0	0	0	1	1	1		
c01037u0_regExpEscape.ts	0	0	0	0	1	1	1		
c01038u0_syncIteratorHelpers.ts	0	0	0	0	1	1	1		
c01039u0_es5DateAPIs.ts	0	0	0	0	1	1	1		
c01040u0_symbolDeclarationEmit1.ts	0	0	0	0	1	1	1		
c01041u0_symbolDeclarationEmit10.ts	0	0	0	0	1	1	1		
c01042u0_symbolDeclarationEmit11.ts	0	0	0	0	1	1	1		
c01043u0_symbolDeclarationEmit12.ts	0	0	0	0	1	1	1		
c01044u0_symbolDeclarationEmit13.ts	0	0	0	0	1	1	1		
c01045u0_symbolDeclarationEmit14.ts	0	0	0	0	1	1	1		
c01046u0_symbolDeclarationEmit2.ts	0	0	0	0	1	1	1		
c01047u0_symbolDeclarationEmit3.ts	0	0	0	0	1	1	1		
c01048u0_symbolDeclarationEmit4.ts	0	0	0	0	1	1	1		
c01049u0_symbolDeclarationEmit5.ts	0	0	0	0	1	1	1		
c01050u0_symbolDeclarationEmit6.ts	0	0	0	0	1	1	1		
c01051u0_symbolDeclarationEmit7.ts	0	0	0	0	1	1	1		
c01052u0_symbolDeclarationEmit8.ts	0	0	0	0	1	1	1		
c01053u0_symbolDeclarationEmit9.ts	0	0	0	0	1	1	1		
c01054u0_symbolProperty1.ts	0	0	0	0	1	1	1		
c01055u0_symbolProperty10.ts	0	0	0	0	1	1	1		
c01056u0_symbolProperty11.ts	0	0	0	0	1	1	1		
c01057u0_symbolProperty12.ts	0	0	0	0	1	1	1		
c01058u0_symbolProperty13.ts	0	0	0	0	1	1	1		
c01059u0_symbolProperty14.ts	0	0	0	0	1	1	1		
c01060u0_symbolProperty15.ts	0	0	0	0	1	1	1		
c01061u0_symbolProperty16.ts	0	0	0	0	1	1	1		
c01062u0_symbolProperty17.ts	0	0	0	0	1	1	1		
c01063u0_symbolProperty18.ts	0	0	0	0	1	1	1		
c01064u0_symbolProperty19.ts	0	0	0	0	1	1	1		
c01065u0_symbolProperty2.ts	0	0	0	0	1	1	1		
c01066u0_symbolProperty20.ts	0	0	0	0	1	1	1		
c01067u0_symbolProperty21.ts	0	0	0	0	1	1	1		
c01068u0_symbolProperty22.ts	0	0	0	0	1	1	1		
c01069u0_symbolProperty23.ts	0	0	0	0	1	1	1		
c01070u0_symbolProperty24.ts	0	0	0	0	1	1	1		
c01071u0_symbolProperty25.ts	0	0	0	0	1	1	1		
c01072u0_symbolProperty26.ts	0	0	0	0	1	1	1		
c01073u0_symbolProperty27.ts	0	0	0	0	1	1	1		
c01074u0_symbolProperty28.ts	0	0	0	0	1	1	1		
c01075u0_symbolProperty29.ts	0	0	0	0	1	1	1		
c01076u0_symbolProperty3.ts	0	0	0	0	1	1	1		
c01077u0_symbolProperty30.ts	0	0	0	0	1	1	1		
c01078u0_symbolProperty31.ts	0	0	0	0	1	1	1		
c01079u0_symbolProperty32.ts	0	0	0	0	1	1	1		
c01080u0_symbolProperty33.ts	0	0	0	0	1	1	1		
c01081u0_symbolProperty34.ts	0	0	0	0	1	1	1		
c01082u0_symbolProperty35.ts	0	0	0	0	1	1	1		
c01083u0_symbolProperty36.ts	0	0	0	0	1	1	1		
c01084u0_symbolProperty37.ts	0	0	0	0	1	1	1		
c01085u0_symbolProperty38.ts	0	0	0	0	1	1	1		
c01086u0_symbolProperty39.ts	0	0	0	0	1	1	1		
c01087u0_symbolProperty4.ts	0	0	0	0	1	1	1		
c01088u0_symbolProperty40.ts	0	0	0	0	1	1	1		
c01089u0_symbolProperty41.ts	0	0	0	0	1	1	1		
c01090u0_symbolProperty42.ts	0	0	0	0	1	1	1		
c01091u0_symbolProperty43.ts	0	0	0	0	1	1	1		
c01092u0_symbolProperty44.ts	0	0	0	0	1	1	1		
c01093u0_symbolProperty45.ts	0	0	0	0	1	1	1		
c01094u0_symbolProperty46.ts	0	0	0	0	1	1	1		
c01095u0_symbolProperty47.ts	0	0	0	0	1	1	1		
c01096u0_symbolProperty48.ts	0	0	0	0	1	1	1		
c01097u0_symbolProperty49.ts	0	0	0	0	1	1	1		
c01098u0_symbolProperty5.ts	0	0	0	0	1	1	1		
c01099u0_symbolProperty50.ts	0	0	0	0	1	1	1		
c01100u0_symbolProperty51.ts	0	0	0	0	1	1	1		
c01101u0_symbolProperty52.ts	0	0	0	0	1	1	1		
c01102u0_symbolProperty53.ts	0	0	0	0	1	1	1		
c01103u0_symbolProperty54.ts	0	0	0	0	1	1	1		
c01104u0_symbolProperty55.ts	0	0	0	0	1	1	1		
c01105u0_symbolProperty56.ts	0	0	0	0	1	1	1		
c01106u0_symbolProperty57.ts	0	0	0	0	1	1	1		
c01107u0_symbolProperty58.ts	0	0	0	0	1	1	1		
c01108u0_symbolProperty59.ts	0	0	0	0	1	1	1		
c01109u0_symbolProperty6.ts	0	0	0	0	1	1	1		
c01110u0_symbolProperty60.ts	0	0	0	0	1	1	1		
c01111u0_symbolProperty61.ts	0	0	0	0	1	1	1		
c01112u0_symbolProperty7.ts	0	0	0	0	1	1	1		
c01113u0_symbolProperty8.ts	0	0	0	0	1	1	1		
c01114u0_symbolProperty9.ts	0	0	0	0	1	1	1		
c01115u0_symbolType1.ts	0	0	0	0	1	1	1		
c01116u0_symbolType10.ts	0	0	0	0	1	1	1		
c01117u0_symbolType11.ts	0	0	0	0	1	1	1		
c01118u0_symbolType12.ts	0	0	0	0	1	1	1		
c01119u0_symbolType13.ts	0	0	0	0	1	1	1		
c01120u0_symbolType14.ts	0	0	0	0	1	1	1		
c01121u0_symbolType15.ts	0	0	0	0	1	1	1		
c01122u0_symbolType16.ts	0	0	0	0	1	1	1		
c01123u0_symbolType17.ts	0	0	0	0	1	1	1		
c01124u0_symbolType18.ts	0	0	0	0	1	1	1		
c01125u0_symbolType19.ts	0	0	0	0	1	1	1		
c01126u0_symbolType2.ts	0	0	0	0	1	1	1		
c01127u0_symbolType20.ts	0	0	0	0	1	1	1		
c01128u0_symbolType3.ts	0	0	0	0	1	1	1		
c01129u0_symbolType4.ts	0	0	0	0	1	1	1		
c01130u0_symbolType5.ts	0	0	0	0	1	1	1		
c01131u0_symbolType6.ts	0	0	0	0	1	1	1		
c01132u0_symbolType7.ts	0	0	0	0	1	1	1		
c01133u0_symbolType8.ts	0	0	0	0	1	1	1		
c01134u0_symbolType9.ts	0	0	0	0	1	1	1		
c01135u0_disallowLineTerminatorBeforeArrow.ts	0	0	0	0	1	1	1		
c01136u0_emitArrowFunction.ts	0	0	0	0	1	1	1		
c01137u0_emitArrowFunctionAsIs.ts	0	0	0	0	1	1	1		
c01138u0_emitArrowFunctionAsIsES6.ts	0	0	0	0	1	1	1		
c01139u0_emitArrowFunctionES6.ts	0	0	0	0	1	1	1		
c01140u0_emitArrowFunctionThisCapturing.ts	0	0	0	0	1	1	1		
c01141u0_emitArrowFunctionThisCapturingES6.ts	0	0	0	0	1	1	1		
c01142u0_emitArrowFunctionWhenUsingArguments01.ts	0	0	0	0	1	1	1		
c01143u0_emitArrowFunctionWhenUsingArguments01_ES6.ts	0	0	0	0	1	1	1		
c01144u0_emitArrowFunctionWhenUsingArguments02.ts	0	0	0	0	1	1	1		
c01145u0_emitArrowFunctionWhenUsingArguments02_ES6.ts	0	0	0	0	1	1	1		
c01146u0_emitArrowFunctionWhenUsingArguments03.ts	0	0	0	0	1	1	1		
c01147u0_emitArrowFunctionWhenUsingArguments03_ES6.ts	0	0	0	0	1	1	1		
c01148u0_emitArrowFunctionWhenUsingArguments04.ts	0	0	0	0	1	1	1		
c01149u0_emitArrowFunctionWhenUsingArguments04_ES6.ts	0	0	0	0	1	1	1		
c01150u0_emitArrowFunctionWhenUsingArguments05.ts	0	0	0	0	1	1	1		
c01151u0_emitArrowFunctionWhenUsingArguments05_ES6.ts	0	0	0	0	1	1	1		
c01152u0_emitArrowFunctionWhenUsingArguments06.ts	0	0	0	0	1	1	1		
c01153u0_emitArrowFunctionWhenUsingArguments06_ES6.ts	0	0	0	0	1	1	1		
c01154u0_emitArrowFunctionWhenUsingArguments07.ts	0	0	0	0	1	1	1		
c01155u0_emitArrowFunctionWhenUsingArguments07_ES6.ts	0	0	0	0	1	1	1		
c01156u0_emitArrowFunctionWhenUsingArguments08.ts	0	0	0	0	1	1	1		
c01157u0_emitArrowFunctionWhenUsingArguments08_ES6.ts	0	0	0	0	1	1	1		
c01158u0_emitArrowFunctionWhenUsingArguments09.ts	0	0	0	0	1	1	1		
c01159u0_emitArrowFunctionWhenUsingArguments09_ES6.ts	0	0	0	0	1	1	1		
c01160u0_emitArrowFunctionWhenUsingArguments10.ts	0	0	0	0	1	1	1		
c01161u0_emitArrowFunctionWhenUsingArguments10_ES6.ts	0	0	0	0	1	1	1		
c01162u0_emitArrowFunctionWhenUsingArguments11.ts	0	0	0	0	1	1	1		
c01163u0_emitArrowFunctionWhenUsingArguments11_ES6.ts	0	0	0	0	1	1	1		
c01164u0_emitArrowFunctionWhenUsingArguments12.ts	0	0	0	0	1	1	1		
c01165u0_emitArrowFunctionWhenUsingArguments12_ES6.ts	0	0	0	0	1	1	1		
c01166u0_emitArrowFunctionWhenUsingArguments13.ts	0	0	0	0	1	1	1		
c01167u0_emitArrowFunctionWhenUsingArguments13_ES6.ts	0	0	0	0	1	1	1		
c01168u0_emitArrowFunctionWhenUsingArguments14.ts	0	0	0	0	1	1	1		
c01169u0_emitArrowFunctionWhenUsingArguments14_ES6.ts	0	0	0	0	1	1	1		
c01170u0_emitArrowFunctionWhenUsingArguments15.ts	0	0	0	0	1	1	1		
c01171u0_emitArrowFunctionWhenUsingArguments15_ES6.ts	0	0	0	0	1	1	1		
c01172u0_emitArrowFunctionWhenUsingArguments16.ts	0	0	0	0	1	1	1		
c01173u0_emitArrowFunctionWhenUsingArguments16_ES6.ts	0	0	0	0	1	1	1		
c01174u0_emitArrowFunctionWhenUsingArguments17.ts	0	0	0	0	1	1	1		
c01175u0_emitArrowFunctionWhenUsingArguments17_ES6.ts	0	0	0	0	1	1	1		
c01176u0_emitArrowFunctionWhenUsingArguments18.ts	0	0	0	0	1	1	1		
c01177u0_emitArrowFunctionWhenUsingArguments18_ES6.ts	0	0	0	0	1	1	1		
c01178u0_emitArrowFunctionWhenUsingArguments19.ts	0	0	0	0	1	1	1		
c01179u0_emitArrowFunctionWhenUsingArguments19_ES6.ts	0	0	0	0	1	1	1		
c01180u0_emitArrowFunctionsAsIs.ts	0	0	0	0	1	1	1		
c01181u0_emitArrowFunctionsAsIsES6.ts	0	0	0	0	1	1	1		
c01182u0_binaryIntegerLiteral.ts	0	0	0	0	1	1	1		
c01183u0_binaryIntegerLiteralES6.ts	0	0	0	0	1	1	1		
c01184u0_binaryIntegerLiteralError.ts	0	0	2	2	1	1	1		
c01185u0_invalidBinaryIntegerLiteralAndOctalIntegerLiteral.ts	0	0	4	4	1	1	1		
c01186u0_octalIntegerLiteral.ts	0	0	0	0	1	1	1		
c01187u0_octalIntegerLiteralES6.ts	0	0	0	0	1	1	1		
c01188u0_octalIntegerLiteralError.ts	0	0	2	2	1	1	1		
c01189u0_classWithSemicolonClassElementES61.ts	0	0	0	0	1	1	1		
c01190u0_classWithSemicolonClassElementES62.ts	0	0	0	0	1	1	1		
c01191u0_emitClassDeclarationOverloadInES6.ts	0	0	0	0	1	1	1		
c01192u0_emitClassDeclarationWithConstructorInES6.ts	0	0	0	0	1	1	1		
c01193u0_emitClassDeclarationWithExtensionAndTypeArgumentInES6.ts	0	0	0	0	1	1	1		
c01194u0_emitClassDeclarationWithExtensionInES6.ts	0	0	0	0	1	1	1		
c01195u0_emitClassDeclarationWithGetterSetterInES6.ts	0	0	0	0	1	1	1		
c01196u0_emitClassDeclarationWithLiteralPropertyNameInES6.ts	0	0	0	0	1	1	1		
c01197u0_emitClassDeclarationWithMethodInES6.ts	0	0	0	0	1	1	1		
c01198u0_emitClassDeclarationWithPropertyAccessInHeritageClause1.ts	0	0	0	0	1	1	1		
c01199u0_emitClassDeclarationWithPropertyAssignmentInES6.ts	0	0	0	0	1	1	1		
c01200u0_emitClassDeclarationWithStaticPropertyAssignmentInES6.ts	0	0	0	0	1	1	1		
c01201u0_emitClassDeclarationWithSuperMethodCall01.ts	0	0	0	0	1	1	1		
c01202u0_emitClassDeclarationWithThisKeywordInES6.ts	0	0	0	0	1	1	1		
c01203u0_emitClassDeclarationWithTypeArgumentAndOverloadInES6.ts	0	0	0	0	1	1	1		
c01204u0_emitClassDeclarationWithTypeArgumentInES6.ts	0	0	0	0	1	1	1		
c01205u0_exportDefaultClassWithStaticPropertyAssignmentsInES6.ts	0	0	0	0	1	1	1		
c01206u0_parseClassDeclarationInStrictModeByDefaultInES6.ts	0	0	0	0	1	1	1		
c01207u0_superCallBeforeThisAccessing1.ts	0	0	0	0	1	1	1		
c01208u0_superCallBeforeThisAccessing2.ts	0	0	0	0	1	1	1		
c01209u0_superCallBeforeThisAccessing3.ts	0	0	0	0	1	1	1		
c01210u0_superCallBeforeThisAccessing4.ts	0	0	0	0	1	1	1		
c01211u0_superCallBeforeThisAccessing5.ts	0	0	0	0	1	1	1		
c01212u0_superCallBeforeThisAccessing6.ts	0	0	0	0	1	1	1		
c01213u0_superCallBeforeThisAccessing7.ts	0	0	0	0	1	1	1		
c01214u0_superCallBeforeThisAccessing8.ts	0	0	0	0	1	1	1		
c01215u0_superCallFromClassThatHasNoBaseTypeButWithSameSymbolInterface.ts	0	0	0	0	1	1	1		
c01216u0_classExpressionES61.ts	0	0	0	0	1	1	1		
c01217u0_classExpressionES62.ts	0	0	0	0	1	1	1		
c01218u0_classExpressionES63.ts	0	0	0	0	1	1	1		
c01219u0_typeArgumentInferenceWithClassExpression1.ts	0	0	0	0	1	1	1		
c01220u0_typeArgumentInferenceWithClassExpression2.ts	0	0	0	0	1	1	1		
c01221u0_typeArgumentInferenceWithClassExpression3.ts	0	0	0	0	1	1	1		
c01222u0_computedPropertyNames10_ES5.ts	0	0	0	0	1	1	1		
c01223u0_computedPropertyNames10_ES6.ts	0	0	0	0	1	1	1		
c01224u0_computedPropertyNames11_ES5.ts	0	0	0	0	1	1	1		
c01225u0_computedPropertyNames11_ES6.ts	0	0	0	0	1	1	1		
c01226u0_computedPropertyNames12_ES5.ts	0	0	0	0	1	1	1		
c01227u0_computedPropertyNames12_ES6.ts	0	0	0	0	1	1	1		
c01228u0_computedPropertyNames13_ES5.ts	0	0	0	0	1	1	1		
c01229u0_computedPropertyNames13_ES6.ts	0	0	0	0	1	1	1		
c01230u0_computedPropertyNames14_ES5.ts	0	0	0	0	1	1	1		
c01231u0_computedPropertyNames14_ES6.ts	0	0	0	0	1	1	1		
c01232u0_computedPropertyNames15_ES5.ts	0	0	0	0	1	1	1		
c01233u0_computedPropertyNames15_ES6.ts	0	0	0	0	1	1	1		
c01234u0_computedPropertyNames16_ES5.ts	0	0	0	0	1	1	1		
c01235u0_computedPropertyNames16_ES6.ts	0	0	0	0	1	1	1		
c01236u0_computedPropertyNames17_ES5.ts	0	0	0	0	1	1	1		
c01237u0_computedPropertyNames17_ES6.ts	0	0	0	0	1	1	1		
c01238u0_computedPropertyNames18_ES5.ts	0	0	0	0	1	1	1		
c01239u0_computedPropertyNames18_ES6.ts	0	0	0	0	1	1	1		
c01240u0_computedPropertyNames19_ES5.ts	0	0	0	0	1	1	1		
c01241u0_computedPropertyNames19_ES6.ts	0	0	0	0	1	1	1		
c01242u0_computedPropertyNames1_ES5.ts	0	0	0	0	1	1	1		
c01243u0_computedPropertyNames1_ES6.ts	0	0	0	0	1	1	1		
c01244u0_computedPropertyNames20_ES5.ts	0	0	0	0	1	1	1		
c01245u0_computedPropertyNames20_ES6.ts	0	0	0	0	1	1	1		
c01246u0_computedPropertyNames21_ES5.ts	0	0	0	0	1	1	1		
c01247u0_computedPropertyNames21_ES6.ts	0	0	0	0	1	1	1		
c01248u0_computedPropertyNames22_ES5.ts	0	0	0	0	1	1	1		
c01249u0_computedPropertyNames22_ES6.ts	0	0	0	0	1	1	1		
c01250u0_computedPropertyNames23_ES5.ts	0	0	0	0	1	1	1		
c01251u0_computedPropertyNames23_ES6.ts	0	0	0	0	1	1	1		
c01252u0_computedPropertyNames24_ES5.ts	0	0	0	0	1	1	1		
c01253u0_computedPropertyNames24_ES6.ts	0	0	0	0	1	1	1		
c01254u0_computedPropertyNames25_ES5.ts	0	0	0	0	1	1	1		
c01255u0_computedPropertyNames25_ES6.ts	0	0	0	0	1	1	1		
c01256u0_computedPropertyNames26_ES5.ts	0	0	0	0	1	1	1		
c01257u0_computedPropertyNames26_ES6.ts	0	0	0	0	1	1	1		
c01258u0_computedPropertyNames27_ES5.ts	0	0	0	0	1	1	1		
c01259u0_computedPropertyNames27_ES6.ts	0	0	0	0	1	1	1		
c01260u0_computedPropertyNames28_ES5.ts	0	0	0	0	1	1	1		
c01261u0_computedPropertyNames28_ES6.ts	0	0	0	0	1	1	1		
c01262u0_computedPropertyNames29_ES5.ts	0	0	0	0	1	1	1		
c01263u0_computedPropertyNames29_ES6.ts	0	0	0	0	1	1	1		
c01264u0_computedPropertyNames2_ES5.ts	0	0	0	0	1	1	1		
c01265u0_computedPropertyNames2_ES6.ts	0	0	0	0	1	1	1		
c01266u0_computedPropertyNames30_ES5.ts	0	0	0	0	1	1	1		
c01267u0_computedPropertyNames30_ES6.ts	0	0	0	0	1	1	1		
c01268u0_computedPropertyNames31_ES5.ts	0	0	0	0	1	1	1		
c01269u0_computedPropertyNames31_ES6.ts	0	0	0	0	1	1	1		
c01270u0_computedPropertyNames32_ES5.ts	0	0	0	0	1	1	1		
c01271u0_computedPropertyNames32_ES6.ts	0	0	0	0	1	1	1		
c01272u0_computedPropertyNames33_ES5.ts	0	0	0	0	1	1	1		
c01273u0_computedPropertyNames33_ES6.ts	0	0	0	0	1	1	1		
c01274u0_computedPropertyNames34_ES5.ts	0	0	0	0	1	1	1		
c01275u0_computedPropertyNames34_ES6.ts	0	0	0	0	1	1	1		
c01276u0_computedPropertyNames35_ES5.ts	0	0	0	0	1	1	1		
c01277u0_computedPropertyNames35_ES6.ts	0	0	0	0	1	1	1		
c01278u0_computedPropertyNames36_ES5.ts	0	0	0	0	1	1	1		
c01279u0_computedPropertyNames36_ES6.ts	0	0	0	0	1	1	1		
c01280u0_computedPropertyNames37_ES5.ts	0	0	0	0	1	1	1		
c01281u0_computedPropertyNames37_ES6.ts	0	0	0	0	1	1	1		
c01282u0_computedPropertyNames38_ES5.ts	0	0	0	0	1	1	1		
c01283u0_computedPropertyNames38_ES6.ts	0	0	0	0	1	1	1		
c01284u0_computedPropertyNames39_ES5.ts	0	0	0	0	1	1	1		
c01285u0_computedPropertyNames39_ES6.ts	0	0	0	0	1	1	1		
c01286u0_computedPropertyNames3_ES5.ts	0	0	0	0	1	1	1		
c01287u0_computedPropertyNames3_ES6.ts	0	0	0	0	1	1	1		
c01288u0_computedPropertyNames40_ES5.ts	0	0	0	0	1	1	1		
c01289u0_computedPropertyNames40_ES6.ts	0	0	0	0	1	1	1		
c01290u0_computedPropertyNames41_ES5.ts	0	0	0	0	1	1	1		
c01291u0_computedPropertyNames41_ES6.ts	0	0	0	0	1	1	1		
c01292u0_computedPropertyNames42_ES5.ts	0	0	0	0	1	1	1		
c01293u0_computedPropertyNames42_ES6.ts	0	0	0	0	1	1	1		
c01294u0_computedPropertyNames43_ES5.ts	0	0	0	0	1	1	1		
c01295u0_computedPropertyNames43_ES6.ts	0	0	0	0	1	1	1		
c01296u0_computedPropertyNames44_ES5.ts	0	0	0	0	1	1	1		
c01297u0_computedPropertyNames44_ES6.ts	0	0	0	0	1	1	1		
c01298u0_computedPropertyNames45_ES5.ts	0	0	0	0	1	1	1		
c01299u0_computedPropertyNames45_ES6.ts	0	0	0	0	1	1	1		
c01300u0_computedPropertyNames46_ES5.ts	0	0	0	0	1	1	1		
c01301u0_computedPropertyNames46_ES6.ts	0	0	0	0	1	1	1		
c01302u0_computedPropertyNames47_ES5.ts	0	0	0	0	1	1	1		
c01303u0_computedPropertyNames47_ES6.ts	0	0	0	0	1	1	1		
c01304u0_computedPropertyNames48_ES5.ts	0	0	0	0	1	1	1		
c01305u0_computedPropertyNames48_ES6.ts	0	0	0	0	1	1	1		
c01306u0_computedPropertyNames49_ES5.ts	0	0	0	0	1	1	1		
c01307u0_computedPropertyNames49_ES6.ts	0	0	0	0	1	1	1		
c01308u0_computedPropertyNames4_ES5.ts	0	0	0	0	1	1	1		
c01309u0_computedPropertyNames4_ES6.ts	0	0	0	0	1	1	1		
c01310u0_computedPropertyNames50_ES5.ts	0	0	0	0	1	1	1		
c01311u0_computedPropertyNames50_ES6.ts	0	0	0	0	1	1	1		
c01312u0_computedPropertyNames51_ES5.ts	0	0	0	0	1	1	1		
c01313u0_computedPropertyNames51_ES6.ts	0	0	0	0	1	1	1		
c01315u0_computedPropertyNames5_ES5.ts	0	0	0	0	1	1	1		
c01316u0_computedPropertyNames5_ES6.ts	0	0	0	0	1	1	1		
c01317u0_computedPropertyNames6_ES5.ts	0	0	0	0	1	1	1		
c01318u0_computedPropertyNames6_ES6.ts	0	0	0	0	1	1	1		
c01319u0_computedPropertyNames7_ES5.ts	0	0	0	0	1	1	1		
c01320u0_computedPropertyNames7_ES6.ts	0	0	0	0	1	1	1		
c01321u0_computedPropertyNames8_ES5.ts	0	0	0	0	1	1	1		
c01322u0_computedPropertyNames8_ES6.ts	0	0	0	0	1	1	1		
c01323u0_computedPropertyNames9_ES5.ts	0	0	0	0	1	1	1		
c01324u0_computedPropertyNames9_ES6.ts	0	0	0	0	1	1	1		
c01325u0_computedPropertyNamesContextualType10_ES5.ts	0	0	0	0	1	1	1		
c01326u0_computedPropertyNamesContextualType10_ES6.ts	0	0	0	0	1	1	1		
c01327u0_computedPropertyNamesContextualType1_ES5.ts	0	0	0	0	1	1	1		
c01328u0_computedPropertyNamesContextualType1_ES6.ts	0	0	0	0	1	1	1		
c01329u0_computedPropertyNamesContextualType2_ES5.ts	0	0	0	0	1	1	1		
c01330u0_computedPropertyNamesContextualType2_ES6.ts	0	0	0	0	1	1	1		
c01331u0_computedPropertyNamesContextualType3_ES5.ts	0	0	0	0	1	1	1		
c01332u0_computedPropertyNamesContextualType3_ES6.ts	0	0	0	0	1	1	1		
c01333u0_computedPropertyNamesContextualType4_ES5.ts	0	0	0	0	1	1	1		
c01334u0_computedPropertyNamesContextualType4_ES6.ts	0	0	0	0	1	1	1		
c01335u0_computedPropertyNamesContextualType5_ES5.ts	0	0	0	0	1	1	1		
c01336u0_computedPropertyNamesContextualType5_ES6.ts	0	0	0	0	1	1	1		
c01337u0_computedPropertyNamesContextualType6_ES5.ts	0	0	0	0	1	1	1		
c01338u0_computedPropertyNamesContextualType6_ES6.ts	0	0	0	0	1	1	1		
c01339u0_computedPropertyNamesContextualType7_ES5.ts	0	0	0	0	1	1	1		
c01340u0_computedPropertyNamesContextualType7_ES6.ts	0	0	0	0	1	1	1		
c01341u0_computedPropertyNamesContextualType8_ES5.ts	0	0	0	0	1	1	1		
c01342u0_computedPropertyNamesContextualType8_ES6.ts	0	0	0	0	1	1	1		
c01343u0_computedPropertyNamesContextualType9_ES5.ts	0	0	0	0	1	1	1		
c01344u0_computedPropertyNamesContextualType9_ES6.ts	0	0	0	0	1	1	1		
c01345u0_computedPropertyNamesDeclarationEmit1_ES5.ts	0	0	0	0	1	1	1		
c01346u0_computedPropertyNamesDeclarationEmit1_ES6.ts	0	0	0	0	1	1	1		
c01347u0_computedPropertyNamesDeclarationEmit2_ES5.ts	0	0	0	0	1	1	1		
c01348u0_computedPropertyNamesDeclarationEmit2_ES6.ts	0	0	0	0	1	1	1		
c01349u0_computedPropertyNamesDeclarationEmit3_ES5.ts	0	0	0	0	1	1	1		
c01350u0_computedPropertyNamesDeclarationEmit3_ES6.ts	0	0	0	0	1	1	1		
c01351u0_computedPropertyNamesDeclarationEmit4_ES5.ts	0	0	0	0	1	1	1		
c01352u0_computedPropertyNamesDeclarationEmit4_ES6.ts	0	0	0	0	1	1	1		
c01353u0_computedPropertyNamesDeclarationEmit5_ES5.ts	0	0	0	0	1	1	1		
c01354u0_computedPropertyNamesDeclarationEmit5_ES6.ts	0	0	0	0	1	1	1		
c01355u0_computedPropertyNamesDeclarationEmit6_ES5.ts	0	0	0	0	1	1	1		
c01356u0_computedPropertyNamesDeclarationEmit6_ES6.ts	0	0	0	0	1	1	1		
c01357u0_computedPropertyNamesOnOverloads_ES5.ts	0	0	0	0	1	1	1		
c01358u0_computedPropertyNamesOnOverloads_ES6.ts	0	0	0	0	1	1	1		
c01359u0_computedPropertyNamesSourceMap1_ES5.ts	0	0	0	0	1	1	1		
c01360u0_computedPropertyNamesSourceMap1_ES6.ts	0	0	0	0	1	1	1		
c01361u0_computedPropertyNamesSourceMap2_ES5.ts	0	0	0	0	1	1	1		
c01362u0_computedPropertyNamesSourceMap2_ES6.ts	0	0	0	0	1	1	1		
c01363u0_computedPropertyNamesWithStaticProperty.ts	0	0	0	0	1	1	1		
c01364u0_decoratorOnClassAccessor1.es6.ts	0	0	0	0	1	1	1		
c01365u0_decoratorOnClass1.es6.ts	0	0	0	0	1	1	1		
c01366u0_decoratorOnClass2.es6.ts	0	0	0	0	1	1	1		
c01367u0_decoratorOnClass3.es6.ts	0	0	0	0	1	1	1		
c01368u0_decoratorOnClass4.es6.ts	0	0	0	0	1	1	1		
c01369u0_decoratorOnClass5.es6.ts	0	0	0	0	1	1	1		
c01370u0_decoratorOnClass6.es6.ts	0	0	0	0	1	1	1		
c01371u0_decoratorOnClass7.es6.ts	0	0	0	0	1	1	1		
c01372u0_decoratorOnClass8.es6.ts	0	0	0	0	1	1	1		
c01373u0_decoratorOnClassMethod1.es6.ts	0	0	0	0	1	1	1		
c01374u0_decoratorOnClassMethodParameter1.es6.ts	0	0	0	0	1	1	1		
c01375u0_decoratorOnClassProperty1.es6.ts	0	0	0	0	1	1	1		
c01376u0_emitDefaultParametersFunction.ts	0	0	0	0	1	1	1		
c01377u0_emitDefaultParametersFunctionES6.ts	0	0	0	0	1	1	1		
c01378u0_emitDefaultParametersFunctionExpression.ts	0	0	0	0	1	1	1		
c01379u0_emitDefaultParametersFunctionExpressionES6.ts	0	0	0	0	1	1	1		
c01380u0_emitDefaultParametersFunctionProperty.ts	0	0	0	0	1	1	1		
c01381u0_emitDefaultParametersFunctionPropertyES6.ts	0	0	0	0	1	1	1		
c01382u0_emitDefaultParametersMethod.ts	0	0	0	0	1	1	1		
c01383u0_emitDefaultParametersMethodES6.ts	0	0	0	0	1	1	1		
c01384u0_arrayAssignmentPatternWithAny.ts	0	0	0	0	1	1	1		
c01385u0_declarationInAmbientContext.ts	0	0	0	0	1	1	1		
c01386u0_declarationWithNoInitializer.ts	0	0	0	0	1	1	1		
c01387u0_declarationsAndAssignments.ts	0	0	0	0	1	1	1		
c01388u0_destructuringArrayBindingPatternAndAssignment1ES5.ts	0	0	0	0	1	1	1		
c01389u0_destructuringArrayBindingPatternAndAssignment1ES5iterable.ts	0	0	0	0	1	1	1		
c01390u0_destructuringArrayBindingPatternAndAssignment1ES6.ts	0	0	0	0	1	1	1		
c01391u0_destructuringArrayBindingPatternAndAssignment2.ts	0	0	0	0	1	1	1		
c01392u0_destructuringArrayBindingPatternAndAssignment3.ts	0	0	0	0	1	1	1		
c01393u0_destructuringArrayBindingPatternAndAssignment4.ts	0	0	0	0	1	1	1		
c01394u0_destructuringArrayBindingPatternAndAssignment5SiblingInitializer.ts	0	0	0	0	1	1	1		
c01395u0_destructuringAssignabilityCheck.ts	0	0	0	0	1	1	1		
c01396u0_destructuringCatch.ts	0	0	0	0	1	1	1		
c01397u0_destructuringControlFlow.ts	0	0	0	0	1	1	1		
c01398u0_destructuringEvaluationOrder.ts	0	0	0	0	1	1	1		
c01399u0_destructuringInFunctionType.ts	0	0	0	0	1	1	1		
c01400u0_destructuringObjectAssignmentPatternWithNestedSpread.ts	0	0	0	0	1	1	1		
c01401u0_destructuringObjectBindingPatternAndAssignment1ES5.ts	0	0	0	0	1	1	1		
c01402u0_destructuringObjectBindingPatternAndAssignment1ES6.ts	0	0	0	0	1	1	1		
c01403u0_destructuringObjectBindingPatternAndAssignment3.ts	0	0	4	4	1	1	1		
c01404u0_destructuringObjectBindingPatternAndAssignment4.ts	0	0	0	0	1	1	1		
c01405u0_destructuringObjectBindingPatternAndAssignment5.ts	0	0	0	0	1	1	1		
c01406u0_destructuringObjectBindingPatternAndAssignment6.ts	0	0	0	0	1	1	1		
c01407u0_destructuringObjectBindingPatternAndAssignment7.ts	0	0	0	0	1	1	1		
c01408u0_destructuringObjectBindingPatternAndAssignment8.ts	0	0	0	0	1	1	1		
c01409u0_destructuringObjectBindingPatternAndAssignment9SiblingInitializer.ts	0	0	0	0	1	1	1		
c01410u0_destructuringParameterDeclaration10.ts	0	0	0	0	1	1	1		
c01411u0_destructuringParameterDeclaration1ES5.ts	0	0	0	0	1	1	1		
c01412u0_destructuringParameterDeclaration1ES5iterable.ts	0	0	0	0	1	1	1		
c01413u0_destructuringParameterDeclaration1ES6.ts	0	0	0	0	1	1	1		
c01414u0_destructuringParameterDeclaration2.ts	0	0	1	1	1	1	1		
c01415u0_destructuringParameterDeclaration3ES5.ts	0	0	0	0	1	1	1		
c01416u0_destructuringParameterDeclaration3ES5iterable.ts	0	0	0	0	1	1	1		
c01417u0_destructuringParameterDeclaration3ES6.ts	0	0	0	0	1	1	1		
c01418u0_destructuringParameterDeclaration4.ts	0	0	0	0	1	1	1		
c01419u0_destructuringParameterDeclaration5.ts	0	0	0	0	1	1	1		
c01420u0_destructuringParameterDeclaration6.ts	0	0	9	9	1	1	1		
c01421u0_destructuringParameterDeclaration7ES5.ts	0	0	0	0	1	1	1		
c01422u0_destructuringParameterDeclaration7ES5iterable.ts	0	0	0	0	1	1	1		
c01423u0_destructuringParameterDeclaration8.ts	0	0	0	0	1	1	1		
c01425u0_destructuringParameterProperties1.ts	0	0	0	0	1	1	1		
c01426u0_destructuringParameterProperties2.ts	0	0	0	0	1	1	1		
c01427u0_destructuringParameterProperties3.ts	0	0	0	0	1	1	1		
c01428u0_destructuringParameterProperties4.ts	0	0	0	0	1	1	1		
c01429u0_destructuringParameterProperties5.ts	0	0	0	0	1	1	1		
c01430u0_destructuringReassignsRightHandSide.ts	0	0	0	0	1	1	1		
c01431u0_destructuringSameNames.ts	0	0	0	0	1	1	1		
c01432u0_destructuringSpread.ts	0	0	0	0	1	1	1		
c01433u0_destructuringTypeAssertionsES5_1.ts	0	0	0	0	1	1	1		
c01434u0_destructuringTypeAssertionsES5_2.ts	0	0	0	0	1	1	1		
c01435u0_destructuringTypeAssertionsES5_3.ts	0	0	0	0	1	1	1		
c01436u0_destructuringTypeAssertionsES5_4.ts	0	0	0	0	1	1	1		
c01437u0_destructuringTypeAssertionsES5_5.ts	0	0	0	0	1	1	1		
c01438u0_destructuringTypeAssertionsES5_6.ts	0	0	0	0	1	1	1		
c01439u0_destructuringTypeAssertionsES5_7.ts	0	0	0	0	1	1	1		
c01440u0_destructuringVariableDeclaration1ES5.ts	0	0	0	0	1	1	1		
c01441u0_destructuringVariableDeclaration1ES5iterable.ts	0	0	0	0	1	1	1		
c01442u0_destructuringVariableDeclaration1ES6.ts	0	0	0	0	1	1	1		
c01443u0_destructuringVariableDeclaration2.ts	0	0	0	0	1	1	1		
c01444u0_destructuringVoid.ts	0	0	0	0	1	1	1		
c01445u0_destructuringVoidStrictNullChecks.ts	0	0	0	0	1	1	1		
c01446u0_destructuringWithLiteralInitializers.ts	0	0	0	0	1	1	1		
c01447u0_destructuringWithLiteralInitializers2.ts	0	0	0	0	1	1	1		
c01448u0_emptyArrayBindingPatternParameter01.ts	0	0	0	0	1	1	1		
c01449u0_emptyArrayBindingPatternParameter02.ts	0	0	0	0	1	1	1		
c01450u0_emptyArrayBindingPatternParameter03.ts	0	0	0	0	1	1	1		
c01451u0_emptyArrayBindingPatternParameter04.ts	0	0	0	0	1	1	1		
c01452u0_emptyAssignmentPatterns01_ES5.ts	0	0	0	0	1	1	1		
c01453u0_emptyAssignmentPatterns01_ES5iterable.ts	0	0	0	0	1	1	1		
c01454u0_emptyAssignmentPatterns01_ES6.ts	0	0	0	0	1	1	1		
c01455u0_emptyAssignmentPatterns02_ES5.ts	0	0	0	0	1	1	1		
c01456u0_emptyAssignmentPatterns02_ES5iterable.ts	0	0	0	0	1	1	1		
c01457u0_emptyAssignmentPatterns02_ES6.ts	0	0	0	0	1	1	1		
c01458u0_emptyAssignmentPatterns03_ES5.ts	0	0	0	0	1	1	1		
c01459u0_emptyAssignmentPatterns03_ES5iterable.ts	0	0	0	0	1	1	1		
c01460u0_emptyAssignmentPatterns03_ES6.ts	0	0	0	0	1	1	1		
c01461u0_emptyAssignmentPatterns04_ES5.ts	0	0	0	0	1	1	1		
c01462u0_emptyAssignmentPatterns04_ES5iterable.ts	0	0	0	0	1	1	1		
c01463u0_emptyAssignmentPatterns04_ES6.ts	0	0	0	0	1	1	1		
c01464u0_emptyObjectBindingPatternParameter01.ts	0	0	0	0	1	1	1		
c01465u0_emptyObjectBindingPatternParameter02.ts	0	0	0	0	1	1	1		
c01466u0_emptyObjectBindingPatternParameter03.ts	0	0	0	0	1	1	1		
c01467u0_emptyObjectBindingPatternParameter04.ts	0	0	0	0	1	1	1		
c01468u0_emptyVariableDeclarationBindingPatterns01_ES5.ts	0	0	0	0	1	1	1		
c01469u0_emptyVariableDeclarationBindingPatterns01_ES5iterable.ts	0	0	0	0	1	1	1		
c01470u0_emptyVariableDeclarationBindingPatterns01_ES6.ts	0	0	0	0	1	1	1		
c01471u0_emptyVariableDeclarationBindingPatterns02_ES5.ts	0	0	0	0	1	1	1		
c01472u0_emptyVariableDeclarationBindingPatterns02_ES5iterable.ts	0	0	0	0	1	1	1		
c01473u0_emptyVariableDeclarationBindingPatterns02_ES6.ts	0	0	0	0	1	1	1		
c01474u0_iterableArrayPattern1.ts	0	0	0	0	1	1	1		
c01475u0_iterableArrayPattern10.ts	0	0	0	0	1	1	1		
c01476u0_iterableArrayPattern11.ts	0	0	0	0	1	1	1		
c01477u0_iterableArrayPattern12.ts	0	0	0	0	1	1	1		
c01478u0_iterableArrayPattern13.ts	0	0	0	0	1	1	1		
c01479u0_iterableArrayPattern14.ts	0	0	0	0	1	1	1		
c01480u0_iterableArrayPattern15.ts	0	0	0	0	1	1	1		
c01481u0_iterableArrayPattern16.ts	0	0	0	0	1	1	1		
c01482u0_iterableArrayPattern17.ts	0	0	0	0	1	1	1		
c01483u0_iterableArrayPattern18.ts	0	0	0	0	1	1	1		
c01484u0_iterableArrayPattern19.ts	0	0	0	0	1	1	1		
c01485u0_iterableArrayPattern2.ts	0	0	0	0	1	1	1		
c01486u0_iterableArrayPattern20.ts	0	0	0	0	1	1	1		
c01487u0_iterableArrayPattern21.ts	0	0	0	0	1	1	1		
c01488u0_iterableArrayPattern22.ts	0	0	0	0	1	1	1		
c01489u0_iterableArrayPattern23.ts	0	0	0	0	1	1	1		
c01490u0_iterableArrayPattern24.ts	0	0	0	0	1	1	1		
c01491u0_iterableArrayPattern25.ts	0	0	0	0	1	1	1		
c01492u0_iterableArrayPattern26.ts	0	0	0	0	1	1	1		
c01493u0_iterableArrayPattern27.ts	0	0	0	0	1	1	1		
c01494u0_iterableArrayPattern28.ts	0	0	0	0	1	1	1		
c01495u0_iterableArrayPattern29.ts	0	0	0	0	1	1	1		
c01496u0_iterableArrayPattern3.ts	0	0	0	0	1	1	1		
c01497u0_iterableArrayPattern30.ts	0	0	0	0	1	1	1		
c01498u0_iterableArrayPattern4.ts	0	0	0	0	1	1	1		
c01499u0_iterableArrayPattern5.ts	0	0	0	0	1	1	1		
c01500u0_iterableArrayPattern6.ts	0	0	0	0	1	1	1		
c01501u0_iterableArrayPattern7.ts	0	0	0	0	1	1	1		
c01502u0_iterableArrayPattern8.ts	0	0	0	0	1	1	1		
c01503u0_iterableArrayPattern9.ts	0	0	0	0	1	1	1		
c01504u0_missingAndExcessProperties.ts	0	0	0	0	1	1	1		
c01505u0_nonIterableRestElement1.ts	0	0	0	0	1	1	1		
c01506u0_nonIterableRestElement2.ts	0	0	0	0	1	1	1		
c01507u0_nonIterableRestElement3.ts	0	0	0	0	1	1	1		
c01508u0_objectBindingPatternKeywordIdentifiers01.ts	0	0	1	1	1	1	1		
c01509u0_objectBindingPatternKeywordIdentifiers02.ts	0	0	2	2	1	1	1		
c01510u0_objectBindingPatternKeywordIdentifiers03.ts	0	0	1	1	1	1	1		
c01511u0_objectBindingPatternKeywordIdentifiers04.ts	0	0	2	2	1	1	1		
c01512u0_objectBindingPatternKeywordIdentifiers05.ts	0	0	0	0	1	1	1		
c01513u0_objectBindingPatternKeywordIdentifiers06.ts	0	0	0	0	1	1	1		
c01514u0_optionalBindingParameters1.ts	0	0	0	0	1	1	1		
c01515u0_optionalBindingParameters2.ts	0	0	0	0	1	1	1		
c01518u0_optionalBindingParametersInOverloads1.ts	0	0	0	0	1	1	1		
c01519u0_optionalBindingParametersInOverloads2.ts	0	0	0	0	1	1	1		
c01520u0_restElementWithAssignmentPattern1.ts	0	0	0	0	1	1	1		
c01521u0_restElementWithAssignmentPattern2.ts	0	0	0	0	1	1	1		
c01522u0_restElementWithAssignmentPattern3.ts	0	0	0	0	1	1	1		
c01523u0_restElementWithAssignmentPattern4.ts	0	0	0	0	1	1	1		
c01524u0_restElementWithAssignmentPattern5.ts	0	0	0	0	1	1	1		
c01525u0_restElementWithBindingPattern.ts	0	0	0	0	1	1	1		
c01526u0_restElementWithBindingPattern2.ts	0	0	0	0	1	1	1		
c01527u0_restElementWithInitializer1.ts	0	0	0	0	1	1	1		
c01528u0_restElementWithInitializer2.ts	0	0	0	0	1	1	1		
c01529u0_restElementWithNullInitializer.ts	0	0	0	0	1	1	1		
c01530u0_restPropertyWithBindingPattern.ts	0	0	0	0	1	1	1		
c01531u0_for-of-excess-declarations.ts	0	0	0	0	1	1	1		
c01532u0_for-of1.ts	0	0	0	0	1	1	1		
c01533u0_for-of10.ts	0	0	0	0	1	1	1		
c01534u0_for-of11.ts	0	0	0	0	1	1	1		
c01535u0_for-of12.ts	0	0	0	0	1	1	1		
c01536u0_for-of13.ts	0	0	0	0	1	1	1		
c01537u0_for-of14.ts	0	0	0	0	1	1	1		
c01538u0_for-of15.ts	0	0	0	0	1	1	1		
c01539u0_for-of16.ts	0	0	0	0	1	1	1		
c01540u0_for-of17.ts	0	0	0	0	1	1	1		
c01541u0_for-of18.ts	0	0	0	0	1	1	1		
c01542u0_for-of19.ts	0	0	0	0	1	1	1		
c01543u0_for-of2.ts	0	0	0	0	1	1	1		
c01544u0_for-of20.ts	0	0	0	0	1	1	1		
c01545u0_for-of21.ts	0	0	0	0	1	1	1		
c01546u0_for-of22.ts	0	0	0	0	1	1	1		
c01547u0_for-of23.ts	0	0	0	0	1	1	1		
c01548u0_for-of24.ts	0	0	0	0	1	1	1		
c01549u0_for-of25.ts	0	0	0	0	1	1	1		
c01550u0_for-of26.ts	0	0	0	0	1	1	1		
c01551u0_for-of27.ts	0	0	0	0	1	1	1		
c01552u0_for-of28.ts	0	0	0	0	1	1	1		
c01553u0_for-of29.ts	0	0	0	0	1	1	1		
c01554u0_for-of3.ts	0	0	0	0	1	1	1		
c01555u0_for-of30.ts	0	0	0	0	1	1	1		
c01556u0_for-of31.ts	0	0	0	0	1	1	1		
c01557u0_for-of32.ts	0	0	0	0	1	1	1		
c01558u0_for-of33.ts	0	0	0	0	1	1	1		
c01559u0_for-of34.ts	0	0	0	0	1	1	1		
c01560u0_for-of35.ts	0	0	0	0	1	1	1		
c01561u0_for-of36.ts	0	0	0	0	1	1	1		
c01562u0_for-of37.ts	0	0	0	0	1	1	1		
c01563u0_for-of38.ts	0	0	0	0	1	1	1		
c01564u0_for-of39.ts	0	0	0	0	1	1	1		
c01565u0_for-of4.ts	0	0	0	0	1	1	1		
c01566u0_for-of40.ts	0	0	0	0	1	1	1		
c01567u0_for-of41.ts	0	0	0	0	1	1	1		
c01568u0_for-of42.ts	0	0	0	0	1	1	1		
c01569u0_for-of43.ts	0	0	0	0	1	1	1		
c01570u0_for-of44.ts	0	0	0	0	1	1	1		
c01571u0_for-of45.ts	0	0	0	0	1	1	1		
c01572u0_for-of46.ts	0	0	0	0	1	1	1		
c01573u0_for-of47.ts	0	0	0	0	1	1	1		
c01574u0_for-of48.ts	0	0	0	0	1	1	1		
c01575u0_for-of49.ts	0	0	0	0	1	1	1		
c01576u0_for-of5.ts	0	0	0	0	1	1	1		
c01577u0_for-of50.ts	0	0	0	0	1	1	1		
c01578u0_for-of51.ts	0	0	0	0	1	1	1		
c01579u0_for-of52.ts	0	0	0	0	1	1	1		
c01580u0_for-of53.ts	0	0	0	0	1	1	1		
c01581u0_for-of54.ts	0	0	0	0	1	1	1		
c01582u0_for-of55.ts	0	0	0	0	1	1	1		
c01583u0_for-of56.ts	0	0	0	0	1	1	1		
c01584u0_for-of57.ts	0	0	0	0	1	1	1		
c01585u0_for-of58.ts	0	0	0	0	1	1	1		
c01586u0_for-of6.ts	0	0	0	0	1	1	1		
c01587u0_for-of7.ts	0	0	0	0	1	1	1		
c01588u0_for-of8.ts	0	0	0	0	1	1	1		
c01589u0_for-of9.ts	0	0	0	0	1	1	1		
c01590u0_FunctionDeclaration10_es6.ts	0	0	1	1	1	1	1		
c01591u0_FunctionDeclaration11_es6.ts	0	0	0	0	1	1	1		
c01592u0_FunctionDeclaration12_es6.ts	0	0	0	0	1	1	1		
c01593u0_FunctionDeclaration13_es6.ts	0	0	0	0	1	1	1		
c01594u0_FunctionDeclaration1_es6.ts	0	0	0	0	1	1	1		
c01595u0_FunctionDeclaration2_es6.ts	0	0	0	0	1	1	1		
c01596u0_FunctionDeclaration3_es6.ts	0	0	0	0	1	1	1		
c01597u0_FunctionDeclaration4_es6.ts	0	0	0	0	1	1	1		
c01598u0_FunctionDeclaration5_es6.ts	0	0	0	0	1	1	1		
c01599u0_FunctionDeclaration6_es6.ts	0	0	0	0	1	1	1		
c01600u0_FunctionDeclaration7_es6.ts	0	0	0	0	1	1	1		
c01601u0_FunctionDeclaration8_es6.ts	0	0	0	0	1	1	1		
c01602u0_FunctionDeclaration9_es6.ts	0	0	0	0	1	1	1		
c01603u0_FunctionExpression1_es6.ts	0	0	0	0	1	1	1		
c01604u0_FunctionExpression2_es6.ts	0	0	0	0	1	1	1		
c01605u0_FunctionPropertyAssignments1_es6.ts	0	0	0	0	1	1	1		
c01606u0_FunctionPropertyAssignments2_es6.ts	0	0	1	1	1	1	1		
c01607u0_FunctionPropertyAssignments3_es6.ts	0	0	1	1	1	1	1		
c01608u0_FunctionPropertyAssignments4_es6.ts	0	0	1	1	1	1	1		
c01609u0_FunctionPropertyAssignments5_es6.ts	0	0	0	0	1	1	1		
c01610u0_FunctionPropertyAssignments6_es6.ts	0	0	1	1	1	1	1		
c01611u0_MemberFunctionDeclaration1_es6.ts	0	0	0	0	1	1	1		
c01612u0_MemberFunctionDeclaration2_es6.ts	0	0	0	0	1	1	1		
c01613u0_MemberFunctionDeclaration3_es6.ts	0	0	0	0	1	1	1		
c01614u0_MemberFunctionDeclaration4_es6.ts	0	0	1	1	1	1	1		
c01615u0_MemberFunctionDeclaration5_es6.ts	0	0	1	1	1	1	1		
c01616u0_MemberFunctionDeclaration6_es6.ts	0	0	1	1	1	1	1		
c01617u0_MemberFunctionDeclaration7_es6.ts	0	0	0	0	1	1	1		
c01618u0_MemberFunctionDeclaration8_es6.ts	0	0	2	2	1	1	1		
c01619u0_a.ts	0	0	0	0	1	1	1		
c01619u1_b.ts	0	0	0	0	1	1	1		
c01620u0_a.ts	0	0	0	0	1	1	1		
c01620u1_b.ts	0	0	0	0	1	1	1		
c01621u0_a.ts	0	0	0	0	1	1	1		
c01621u1_b.ts	0	0	0	0	1	1	1		
c01622u0_a.ts	0	0	0	0	1	1	1		
c01622u1_b.ts	0	0	0	0	1	1	1		
c01623u0_a.ts	0	0	0	0	1	1	1		
c01623u1_b.ts	0	0	0	0	1	1	1		
c01624u0_a.ts	0	0	0	0	1	1	1		
c01624u1_b.ts	0	0	0	0	1	1	1		
c01625u0_a.ts	0	0	0	0	1	1	1		
c01625u1_b.ts	0	0	0	0	1	1	1		
c01626u0_a.ts	0	0	0	0	1	1	1		
c01626u1_b.ts	0	0	0	0	1	1	1		
c01627u0_a.ts	0	0	0	0	1	1	1		
c01627u1_b.ts	0	0	0	0	1	1	1		
c01628u0_a.ts	0	0	0	0	1	1	1		
c01628u1_b.ts	0	0	0	0	1	1	1		
c01629u0_a.ts	0	0	0	0	1	1	1		
c01629u1_b.ts	0	0	0	0	1	1	1		
c01630u0_topLevelVarHoistingCommonJS.ts	0	0	0	0	1	1	1		
c01631u0_topLevelVarHoistingSystem.ts	0	0	0	0	1	1	1		
c01632u0_a.ts	0	0	0	0	1	1	1		
c01632u1_b.ts	0	0	0	0	1	1	1		
c01633u0_a.ts	0	0	0	0	1	1	1		
c01633u1_b.ts	0	0	0	0	1	1	1		
c01634u0_a.ts	0	0	0	0	1	1	1		
c01634u1_b.ts	0	0	0	0	1	1	1		
c01635u0_a.ts	0	0	0	0	1	1	1		
c01635u1_b.ts	0	0	0	0	1	1	1		
c01636u0_a.ts	0	0	0	0	1	1	1		
c01636u1_b.ts	0	0	0	0	1	1	1		
c01637u0_defaultExportWithOverloads01.ts	0	0	0	0	1	1	1		
c01638u0_m1.ts	0	0	0	0	1	1	1		
c01638u1_m2.ts	0	0	0	0	1	1	1		
c01639u0_m1.ts	0	0	0	0	1	1	1		
c01639u1_m2.ts	0	0	0	0	1	1	1		
c01640u0_m1.ts	0	0	0	0	1	1	1		
c01640u1_m2.ts	0	0	0	0	1	1	1		
c01641u0_defaultExportsCannotMerge04.ts	0	0	0	0	1	1	1		
c01642u0_m1.ts	0	0	0	0	1	1	1		
c01642u1_m2.ts	0	0	0	0	1	1	1		
c01643u0_m1.ts	0	0	0	0	1	1	1		
c01643u1_m2.ts	0	0	0	0	1	1	1		
c01644u0_exportConsts.ts	0	0	0	0	1	1	1		
c01644u1_exportVars.ts	0	0	0	0	1	1	1		
c01645u0_a.ts	0	0	0	0	1	1	1		
c01645u1_b.ts	0	0	0	0	1	1	1		
c01646u0_t1.ts	0	0	0	0	1	1	1		
c01646u1_t2.ts	0	0	0	0	1	1	1		
c01646u2_t3.ts	0	0	0	0	1	1	1		
c01646u3_t4.ts	0	0	0	0	1	1	1		
c01646u4_main.ts	0	0	0	0	1	1	1		
c01647u0_t1.ts	0	0	0	0	1	1	1		
c01647u1_t2.ts	0	0	0	0	1	1	1		
c01647u2_t3.ts	0	0	0	0	1	1	1		
c01647u3_t4.ts	0	0	0	0	1	1	1		
c01647u4_main.ts	0	0	0	0	1	1	1		
c01648u0_t1.ts	0	0	0	0	1	1	1		
c01648u1_t2.ts	0	0	0	0	1	1	1		
c01648u2_t3.ts	0	0	0	0	1	1	1		
c01649u0_t1.ts	0	0	0	0	1	1	1		
c01649u1_t2.ts	0	0	0	0	1	1	1		
c01649u2_t3.ts	0	0	0	0	1	1	1		
c01650u0_t1.ts	0	0	0	0	1	1	1		
c01650u1_t2.ts	0	0	0	0	1	1	1		
c01650u2_t3.ts	0	0	0	0	1	1	1		
c01651u0_t1.ts	0	0	0	0	1	1	1		
c01651u1_t2.ts	0	0	0	0	1	1	1		
c01651u2_t3.ts	0	0	0	0	1	1	1		
c01652u0_t1.ts	0	0	0	0	1	1	1		
c01652u1_t2.ts	0	0	0	0	1	1	1		
c01652u2_t3.ts	0	0	0	0	1	1	1		
c01653u0_t1.ts	0	0	0	0	1	1	1		
c01653u1_t2.ts	0	0	0	0	1	1	1		
c01653u2_t3.ts	0	0	0	0	1	1	1		
c01654u0_t1.ts	0	0	0	0	1	1	1		
c01654u1_t2.ts	0	0	0	0	1	1	1		
c01654u2_t3.ts	0	0	0	0	1	1	1		
c01655u0_t1.ts	0	0	0	0	1	1	1		
c01655u1_t2.ts	0	0	0	0	1	1	1		
c01655u2_t3.ts	0	0	0	0	1	1	1		
c01656u0_t1.ts	0	0	0	0	1	1	1		
c01656u1_t2.ts	0	0	0	0	1	1	1		
c01656u2_t3.ts	0	0	0	0	1	1	1		
c01657u0_t1.ts	0	0	0	0	1	1	1		
c01657u1_t2.ts	0	0	0	0	1	1	1		
c01657u2_t3.ts	0	0	0	0	1	1	1		
c01658u0_t1.ts	0	0	0	0	1	1	1		
c01658u1_t2.ts	0	0	0	0	1	1	1		
c01658u2_t3.ts	0	0	0	0	1	1	1		
c01659u0_t1.ts	0	0	0	0	1	1	1		
c01659u1_t2.ts	0	0	0	0	1	1	1		
c01659u2_t3.ts	0	0	0	0	1	1	1		
c01660u0_a.ts	0	0	0	0	1	1	1		
c01660u1_b.ts	0	0	0	0	1	1	1		
c01661u0_t1.ts	0	0	0	0	1	1	1		
c01661u1_t2.ts	0	0	0	0	1	1	1		
c01661u2_t3.ts	0	0	0	0	1	1	1		
c01661u3_t4.ts	0	0	0	0	1	1	1		
c01662u0_t1.ts	0	0	0	0	1	1	1		
c01662u1_t2.ts	0	0	0	0	1	1	1		
c01662u2_t3.ts	0	0	0	0	1	1	1		
c01662u3_t4.ts	0	0	0	0	1	1	1		
c01663u0_m1.ts	0	0	1	1	1	1	1		
c01663u1_m2.ts	0	0	0	0	1	1	1		
c01664u0_m1.ts	0	0	0	0	1	1	1		
c01664u1_m2.ts	0	0	0	0	1	1	1		
c01665u0_m1.ts	0	0	0	0	1	1	1		
c01665u1_m2.ts	0	0	0	0	1	1	1		
c01666u0_m1.ts	0	0	0	0	1	1	1		
c01666u1_m2.ts	0	0	0	0	1	1	1		
c01667u0_importEmptyFromModuleNotExisted.ts	0	0	0	0	1	1	1		
c01668u0_m1.ts	0	0	0	0	1	1	1		
c01668u1_m2.ts	0	0	0	0	1	1	1		
c01669u0_m1.ts	0	0	0	0	1	1	1		
c01669u1_m2.ts	0	0	0	0	1	1	1		
c01670u0_multipleDefaultExports03.ts	0	0	0	0	1	1	1		
c01671u0_multipleDefaultExports04.ts	0	0	0	0	1	1	1		
c01672u0_multipleDefaultExports05.ts	0	0	0	0	1	1	1		
c01673u0_m1.ts	0	0	0	0	1	1	1		
c01673u1_m2.ts	0	0	0	0	1	1	1		
c01674u0_invalidNewTarget.es5.ts	0	0	0	0	1	1	1		
c01675u0_invalidNewTarget.es6.ts	0	0	0	0	1	1	1		
c01676u0_newTarget.es5.ts	0	0	0	0	1	1	1		
c01677u0_newTarget.es6.ts	0	0	0	0	1	1	1		
c01678u0_newTargetNarrowing.ts	0	0	0	0	1	1	1		
c01679u0_propertyAccessNumericLiterals.es6.ts	0	0	0	0	1	1	1		
c01680u0_emitRestParametersFunction.ts	0	0	0	0	1	1	1		
c01681u0_emitRestParametersFunctionES6.ts	0	0	0	0	1	1	1		
c01682u0_emitRestParametersFunctionExpression.ts	0	0	0	0	1	1	1		
c01683u0_emitRestParametersFunctionExpressionES6.ts	0	0	0	0	1	1	1		
c01684u0_emitRestParametersFunctionProperty.ts	0	0	0	0	1	1	1		
c01685u0_emitRestParametersFunctionPropertyES6.ts	0	0	0	0	1	1	1		
c01686u0_emitRestParametersMethod.ts	0	0	0	0	1	1	1		
c01687u0_emitRestParametersMethodES6.ts	0	0	0	0	1	1	1		
c01688u0_readonlyRestParameters.ts	0	0	0	0	1	1	1		
c01689u0_objectLiteralShorthandProperties.ts	0	0	0	0	1	1	1		
c01690u0_objectLiteralShorthandPropertiesAssignment.ts	0	0	0	0	1	1	1		
c01691u0_objectLiteralShorthandPropertiesAssignmentES6.ts	0	0	0	0	1	1	1		
c01692u0_objectLiteralShorthandPropertiesAssignmentError.ts	0	0	0	0	1	1	1		
c01693u0_objectLiteralShorthandPropertiesAssignmentErrorFromMissingIdentifier.ts	0	0	0	0	1	1	1		
c01694u0_objectLiteralShorthandPropertiesES6.ts	0	0	0	0	1	1	1		
c01695u0_objectLiteralShorthandPropertiesErrorFromNoneExistingIdentifier.ts	0	0	0	0	1	1	1		
c01696u0_objectLiteralShorthandPropertiesErrorFromNotUsingIdentifier.ts	0	0	15	15	1	1	1		
c01697u0_objectLiteralShorthandPropertiesErrorWithModule.ts	0	0	1	1	1	1	1		
c01698u0_objectLiteralShorthandPropertiesFunctionArgument.ts	0	0	0	0	1	1	1		
c01699u0_objectLiteralShorthandPropertiesFunctionArgument2.ts	0	0	0	0	1	1	1		
c01700u0_objectLiteralShorthandPropertiesWithModule.ts	0	0	0	0	1	1	1		
c01701u0_objectLiteralShorthandPropertiesWithModuleES6.ts	0	0	0	0	1	1	1		
c01702u0_arrayLiteralSpread.ts	0	0	0	0	1	1	1		
c01703u0_arrayLiteralSpreadES5iterable.ts	0	0	0	0	1	1	1		
c01704u0_main.ts	0	0	0	0	1	1	1		
c01704u1_tslib.d.ts	0	0	0	0	1	1	1		
c01705u0_arraySpreadInCall.ts	0	0	0	0	1	1	1		
c01706u0_iteratorSpreadInArray.ts	0	0	0	0	1	1	1		
c01707u0_iteratorSpreadInArray10.ts	0	0	0	0	1	1	1		
c01708u0_iteratorSpreadInArray11.ts	0	0	0	0	1	1	1		
c01709u0_iteratorSpreadInArray2.ts	0	0	0	0	1	1	1		
c01710u0_iteratorSpreadInArray3.ts	0	0	0	0	1	1	1		
c01711u0_iteratorSpreadInArray4.ts	0	0	0	0	1	1	1		
c01712u0_iteratorSpreadInArray5.ts	0	0	0	0	1	1	1		
c01713u0_iteratorSpreadInArray6.ts	0	0	0	0	1	1	1		
c01714u0_iteratorSpreadInArray7.ts	0	0	0	0	1	1	1		
c01715u0_iteratorSpreadInArray8.ts	0	0	0	0	1	1	1		
c01716u0_iteratorSpreadInArray9.ts	0	0	0	0	1	1	1		
c01717u0_iteratorSpreadInCall.ts	0	0	0	0	1	1	1		
c01718u0_iteratorSpreadInCall10.ts	0	0	0	0	1	1	1		
c01719u0_iteratorSpreadInCall11.ts	0	0	0	0	1	1	1		
c01720u0_iteratorSpreadInCall12.ts	0	0	0	0	1	1	1		
c01721u0_iteratorSpreadInCall2.ts	0	0	0	0	1	1	1		
c01722u0_iteratorSpreadInCall3.ts	0	0	0	0	1	1	1		
c01723u0_iteratorSpreadInCall4.ts	0	0	0	0	1	1	1		
c01724u0_iteratorSpreadInCall5.ts	0	0	0	0	1	1	1		
c01725u0_iteratorSpreadInCall6.ts	0	0	0	0	1	1	1		
c01726u0_iteratorSpreadInCall7.ts	0	0	0	0	1	1	1		
c01727u0_iteratorSpreadInCall8.ts	0	0	0	0	1	1	1		
c01728u0_iteratorSpreadInCall9.ts	0	0	0	0	1	1	1		
c01729u0_TemplateExpression1.ts	0	0	1	1	1	1	1		
c01730u0_taggedTemplateStringsPlainCharactersThatArePartsOfEscapes01.ts	0	0	0	0	1	1	1		
c01731u0_taggedTemplateStringsPlainCharactersThatArePartsOfEscapes01_ES6.ts	0	0	0	0	1	1	1		
c01732u0_taggedTemplateStringsPlainCharactersThatArePartsOfEscapes02.ts	0	0	0	0	1	1	1		
c01733u0_taggedTemplateStringsPlainCharactersThatArePartsOfEscapes02_ES6.ts	0	0	0	0	1	1	1		
c01734u0_taggedTemplateStringsTypeArgumentInference.ts	0	0	0	0	1	1	1		
c01735u0_taggedTemplateStringsTypeArgumentInferenceES6.ts	0	0	0	0	1	1	1		
c01736u0_taggedTemplateStringsWithIncompatibleTypedTags.ts	0	0	0	0	1	1	1		
c01737u0_taggedTemplateStringsWithIncompatibleTypedTagsES6.ts	0	0	0	0	1	1	1		
c01738u0_taggedTemplateStringsWithManyCallAndMemberExpressions.ts	0	0	0	0	1	1	1		
c01739u0_taggedTemplateStringsWithManyCallAndMemberExpressionsES6.ts	0	0	0	0	1	1	1		
c01740u0_taggedTemplateStringsWithOverloadResolution1.ts	0	0	0	0	1	1	1		
c01741u0_taggedTemplateStringsWithOverloadResolution1_ES6.ts	0	0	0	0	1	1	1		
c01742u0_taggedTemplateStringsWithOverloadResolution2.ts	0	0	0	0	1	1	1		
c01743u0_taggedTemplateStringsWithOverloadResolution2_ES6.ts	0	0	0	0	1	1	1		
c01744u0_taggedTemplateStringsWithOverloadResolution3.ts	0	0	0	0	1	1	1		
c01745u0_taggedTemplateStringsWithOverloadResolution3_ES6.ts	0	0	0	0	1	1	1		
c01746u0_taggedTemplateStringsWithTagNamedDeclare.ts	0	0	0	0	1	1	1		
c01747u0_taggedTemplateStringsWithTagNamedDeclareES6.ts	0	0	0	0	1	1	1		
c01748u0_taggedTemplateStringsWithTagsTypedAsAny.ts	0	0	0	0	1	1	1		
c01749u0_taggedTemplateStringsWithTagsTypedAsAnyES6.ts	0	0	0	0	1	1	1		
c01750u0_taggedTemplateStringsWithTypeErrorInFunctionExpressionsInSubstitutionExpression.ts	0	0	0	0	1	1	1		
c01751u0_taggedTemplateStringsWithTypeErrorInFunctionExpressionsInSubstitutionExpressionES6.ts	0	0	0	0	1	1	1		
c01752u0_taggedTemplateStringsWithTypedTags.ts	0	0	0	0	1	1	1		
c01753u0_taggedTemplateStringsWithTypedTagsES6.ts	0	0	0	0	1	1	1		
c01754u0_taggedTemplateUntypedTagCall01.ts	0	0	0	0	1	1	1		
c01755u0_taggedTemplateWithConstructableTag01.ts	0	0	0	0	1	1	1		
c01756u0_taggedTemplateWithConstructableTag02.ts	0	0	0	0	1	1	1		
c01757u0_taggedTemplatesWithTypeArguments1.ts	0	0	0	0	1	1	1		
c01758u0_taggedTemplatesWithTypeArguments2.ts	1	0	2	2	1	1	1		
c01759u0_templateStringBinaryOperations.ts	0	0	0	0	1	1	1		
c01760u0_templateStringBinaryOperationsES6.ts	0	0	0	0	1	1	1		
c01761u0_templateStringBinaryOperationsES6Invalid.ts	0	0	0	0	1	1	1		
c01762u0_templateStringBinaryOperationsInvalid.ts	0	0	0	0	1	1	1		
c01763u0_templateStringControlCharacterEscapes01.ts	0	0	0	0	1	1	1		
c01764u0_templateStringControlCharacterEscapes01_ES6.ts	0	0	0	0	1	1	1		
c01765u0_templateStringControlCharacterEscapes02.ts	0	0	0	0	1	1	1		
c01766u0_templateStringControlCharacterEscapes02_ES6.ts	0	0	0	0	1	1	1		
c01767u0_templateStringControlCharacterEscapes03.ts	0	0	0	0	1	1	1		
c01768u0_templateStringControlCharacterEscapes03_ES6.ts	0	0	0	0	1	1	1		
c01769u0_templateStringControlCharacterEscapes04.ts	0	0	0	0	1	1	1		
c01770u0_templateStringControlCharacterEscapes04_ES6.ts	0	0	0	0	1	1	1		
c01771u0_templateStringInArray.ts	0	0	0	0	1	1	1		
c01772u0_templateStringInArrowFunction.ts	0	0	0	0	1	1	1		
c01773u0_templateStringInArrowFunctionES6.ts	0	0	0	0	1	1	1		
c01774u0_templateStringInCallExpression.ts	0	0	0	0	1	1	1		
c01775u0_templateStringInCallExpressionES6.ts	0	0	0	0	1	1	1		
c01776u0_templateStringInConditional.ts	0	0	0	0	1	1	1		
c01777u0_templateStringInConditionalES6.ts	0	0	0	0	1	1	1		
c01778u0_templateStringInDeleteExpression.ts	0	0	0	0	1	1	1		
c01779u0_templateStringInDeleteExpressionES6.ts	0	0	0	0	1	1	1		
c01780u0_templateStringInDivision.ts	0	0	0	0	1	1	1		
c01781u0_templateStringInEqualityChecks.ts	0	0	0	0	1	1	1		
c01782u0_templateStringInEqualityChecksES6.ts	0	0	0	0	1	1	1		
c01783u0_templateStringInFunctionExpression.ts	0	0	0	0	1	1	1		
c01784u0_templateStringInFunctionExpressionES6.ts	0	0	0	0	1	1	1		
c01785u0_templateStringInFunctionParameterType.ts	0	0	1	1	1	1	1		
c01786u0_templateStringInFunctionParameterTypeES6.ts	0	0	1	1	1	1	1		
c01787u0_templateStringInInOperator.ts	0	0	0	0	1	1	1		
c01788u0_templateStringInInOperatorES6.ts	0	0	0	0	1	1	1		
c01789u0_templateStringInIndexExpression.ts	0	0	0	0	1	1	1		
c01790u0_templateStringInIndexExpressionES6.ts	0	0	0	0	1	1	1		
c01791u0_templateStringInInstanceOf.ts	0	0	0	0	1	1	1		
c01792u0_templateStringInInstanceOfES6.ts	0	0	0	0	1	1	1		
c01793u0_templateStringInModuleName.ts	0	0	2	2	1	1	1		
c01794u0_templateStringInModuleNameES6.ts	0	0	2	2	1	1	1		
c01795u0_templateStringInModulo.ts	0	0	0	0	1	1	1		
c01796u0_templateStringInModuloES6.ts	0	0	0	0	1	1	1		
c01797u0_templateStringInMultiplication.ts	0	0	0	0	1	1	1		
c01798u0_templateStringInMultiplicationES6.ts	0	0	0	0	1	1	1		
c01799u0_templateStringInNewExpression.ts	0	0	0	0	1	1	1		
c01800u0_templateStringInNewExpressionES6.ts	0	0	0	0	1	1	1		
c01801u0_templateStringInNewOperator.ts	0	0	0	0	1	1	1		
c01802u0_templateStringInNewOperatorES6.ts	0	0	0	0	1	1	1		
c01803u0_templateStringInObjectLiteral.ts	0	0	4	4	1	1	1		
c01804u0_templateStringInObjectLiteralES6.ts	0	0	4	4	1	1	1		
c01805u0_templateStringInParentheses.ts	0	0	0	0	1	1	1		
c01806u0_templateStringInParenthesesES6.ts	0	0	0	0	1	1	1		
c01807u0_templateStringInPropertyAssignment.ts	0	0	0	0	1	1	1		
c01808u0_templateStringInPropertyAssignmentES6.ts	0	0	0	0	1	1	1		
c01809u0_templateStringInPropertyName1.ts	0	0	4	4	1	1	1		
c01810u0_templateStringInPropertyName2.ts	0	0	4	4	1	1	1		
c01811u0_templateStringInPropertyNameES6_1.ts	0	0	4	4	1	1	1		
c01812u0_templateStringInPropertyNameES6_2.ts	0	0	4	4	1	1	1		
c01813u0_templateStringInSwitchAndCase.ts	0	0	0	0	1	1	1		
c01814u0_templateStringInSwitchAndCaseES6.ts	0	0	0	0	1	1	1		
c01815u0_templateStringInTaggedTemplate.ts	0	0	0	0	1	1	1		
c01816u0_templateStringInTaggedTemplateES6.ts	0	0	0	0	1	1	1		
c01817u0_templateStringInTypeAssertion.ts	0	0	0	0	1	1	1		
c01818u0_templateStringInTypeAssertionES6.ts	0	0	0	0	1	1	1		
c01819u0_templateStringInTypeOf.ts	0	0	0	0	1	1	1		
c01820u0_templateStringInTypeOfES6.ts	0	0	0	0	1	1	1		
c01821u0_templateStringInUnaryPlus.ts	0	0	0	0	1	1	1		
c01822u0_templateStringInUnaryPlusES6.ts	0	0	0	0	1	1	1		
c01823u0_templateStringInWhile.ts	0	0	0	0	1	1	1		
c01824u0_templateStringInWhileES6.ts	0	0	0	0	1	1	1		
c01825u0_templateStringInYieldKeyword.ts	0	0	0	0	1	1	1		
c01826u0_templateStringMultiline1.ts	0	0	0	0	1	1	1		
c01827u0_templateStringMultiline1_ES6.ts	0	0	0	0	1	1	1		
c01828u0_templateStringMultiline2.ts	0	0	0	0	1	1	1		
c01829u0_templateStringMultiline2_ES6.ts	0	0	0	0	1	1	1		
c01830u0_templateStringMultiline3.ts	0	0	0	0	1	1	1		
c01831u0_templateStringMultiline3_ES6.ts	0	0	0	0	1	1	1		
c01832u0_templateStringPlainCharactersThatArePartsOfEscapes01.ts	0	0	0	0	1	1	1		
c01833u0_templateStringPlainCharactersThatArePartsOfEscapes01_ES6.ts	0	0	0	0	1	1	1		
c01834u0_templateStringPlainCharactersThatArePartsOfEscapes02.ts	0	0	0	0	1	1	1		
c01835u0_templateStringPlainCharactersThatArePartsOfEscapes02_ES6.ts	0	0	0	0	1	1	1		
c01836u0_templateStringTermination1.ts	0	0	0	0	1	1	1		
c01837u0_templateStringTermination1_ES6.ts	0	0	0	0	1	1	1		
c01838u0_templateStringTermination2.ts	0	0	0	0	1	1	1		
c01839u0_templateStringTermination2_ES6.ts	0	0	0	0	1	1	1		
c01840u0_templateStringTermination3.ts	0	0	0	0	1	1	1		
c01841u0_templateStringTermination3_ES6.ts	0	0	0	0	1	1	1		
c01842u0_templateStringTermination4.ts	0	0	0	0	1	1	1		
c01843u0_templateStringTermination4_ES6.ts	0	0	0	0	1	1	1		
c01844u0_templateStringTermination5.ts	0	0	0	0	1	1	1		
c01845u0_templateStringTermination5_ES6.ts	0	0	0	0	1	1	1		
c01846u0_templateStringUnterminated1.ts	0	0	1	1	1	1	1		
c01847u0_templateStringUnterminated1_ES6.ts	0	0	1	1	1	1	1		
c01848u0_templateStringUnterminated2.ts	0	0	1	1	1	1	1		
c01849u0_templateStringUnterminated2_ES6.ts	0	0	1	1	1	1	1		
c01850u0_templateStringUnterminated3.ts	0	0	1	1	1	1	1		
c01851u0_templateStringUnterminated3_ES6.ts	0	0	1	1	1	1	1		
c01852u0_templateStringUnterminated4.ts	0	0	1	1	1	1	1		
c01853u0_templateStringUnterminated4_ES6.ts	0	0	1	1	1	1	1		
c01854u0_templateStringUnterminated5.ts	0	0	1	1	1	1	1		
c01855u0_templateStringUnterminated5_ES6.ts	0	0	1	1	1	1	1		
c01856u0_templateStringWhitespaceEscapes1.ts	0	0	0	0	1	1	1		
c01857u0_templateStringWhitespaceEscapes1_ES6.ts	0	0	0	0	1	1	1		
c01858u0_templateStringWhitespaceEscapes2.ts	0	0	0	0	1	1	1		
c01859u0_templateStringWhitespaceEscapes2_ES6.ts	0	0	0	0	1	1	1		
c01860u0_templateStringWithBackslashEscapes01.ts	0	0	0	0	1	1	1		
c01861u0_templateStringWithBackslashEscapes01_ES6.ts	0	0	0	0	1	1	1		
c01862u0_templateStringWithCommentsInArrowFunction.ts	0	0	0	0	1	1	1		
c01863u0_templateStringWithEmbeddedAddition.ts	0	0	0	0	1	1	1		
c01864u0_templateStringWithEmbeddedAdditionES6.ts	0	0	0	0	1	1	1		
c01865u0_templateStringWithEmbeddedArray.ts	0	0	0	0	1	1	1		
c01866u0_templateStringWithEmbeddedArrayES6.ts	0	0	0	0	1	1	1		
c01867u0_templateStringWithEmbeddedArrowFunction.ts	0	0	0	0	1	1	1		
c01868u0_templateStringWithEmbeddedArrowFunctionES6.ts	0	0	0	0	1	1	1		
c01869u0_templateStringWithEmbeddedComments.ts	0	0	0	0	1	1	1		
c01870u0_templateStringWithEmbeddedCommentsES6.ts	0	0	0	0	1	1	1		
c01871u0_templateStringWithEmbeddedConditional.ts	0	0	0	0	1	1	1		
c01872u0_templateStringWithEmbeddedConditionalES6.ts	0	0	0	0	1	1	1		
c01873u0_templateStringWithEmbeddedDivision.ts	0	0	0	0	1	1	1		
c01874u0_templateStringWithEmbeddedDivisionES6.ts	0	0	0	0	1	1	1		
c01875u0_templateStringWithEmbeddedFunctionExpression.ts	0	0	0	0	1	1	1		
c01876u0_templateStringWithEmbeddedFunctionExpressionES6.ts	0	0	0	0	1	1	1		
c01877u0_templateStringWithEmbeddedInOperator.ts	0	0	0	0	1	1	1		
c01878u0_templateStringWithEmbeddedInOperatorES6.ts	0	0	0	0	1	1	1		
c01879u0_templateStringWithEmbeddedInstanceOf.ts	0	0	0	0	1	1	1		
c01880u0_templateStringWithEmbeddedInstanceOfES6.ts	0	0	0	0	1	1	1		
c01881u0_templateStringWithEmbeddedModulo.ts	0	0	0	0	1	1	1		
c01882u0_templateStringWithEmbeddedModuloES6.ts	0	0	0	0	1	1	1		
c01883u0_templateStringWithEmbeddedMultiplication.ts	0	0	0	0	1	1	1		
c01884u0_templateStringWithEmbeddedMultiplicationES6.ts	0	0	0	0	1	1	1		
c01885u0_templateStringWithEmbeddedNewOperator.ts	0	0	0	0	1	1	1		
c01886u0_templateStringWithEmbeddedNewOperatorES6.ts	0	0	0	0	1	1	1		
c01887u0_templateStringWithEmbeddedObjectLiteral.ts	0	0	0	0	1	1	1		
c01888u0_templateStringWithEmbeddedObjectLiteralES6.ts	0	0	0	0	1	1	1		
c01889u0_templateStringWithEmbeddedTemplateString.ts	0	0	0	0	1	1	1		
c01890u0_templateStringWithEmbeddedTemplateStringES6.ts	0	0	0	0	1	1	1		
c01891u0_templateStringWithEmbeddedTypeAssertionOnAddition.ts	0	0	0	0	1	1	1		
c01892u0_templateStringWithEmbeddedTypeAssertionOnAdditionES6.ts	0	0	0	0	1	1	1		
c01893u0_templateStringWithEmbeddedTypeOfOperator.ts	0	0	0	0	1	1	1		
c01894u0_templateStringWithEmbeddedTypeOfOperatorES6.ts	0	0	0	0	1	1	1		
c01895u0_templateStringWithEmbeddedUnaryPlus.ts	0	0	0	0	1	1	1		
c01896u0_templateStringWithEmbeddedUnaryPlusES6.ts	0	0	0	0	1	1	1		
c01897u0_templateStringWithEmbeddedYieldKeyword.ts	0	0	1	1	1	1	1		
c01898u0_templateStringWithEmbeddedYieldKeywordES6.ts	0	0	0	0	1	1	1		
c01899u0_templateStringWithEmptyLiteralPortions.ts	0	0	0	0	1	1	1		
c01900u0_templateStringWithEmptyLiteralPortionsES6.ts	0	0	0	0	1	1	1		
c01901u0_templateStringWithOpenCommentInStringPortion.ts	0	0	0	0	1	1	1		
c01902u0_templateStringWithOpenCommentInStringPortionES6.ts	0	0	0	0	1	1	1		
c01903u0_templateStringWithPropertyAccess.ts	0	0	0	0	1	1	1		
c01904u0_templateStringWithPropertyAccessES6.ts	0	0	0	0	1	1	1		
c01905u0_templateStringsWithTypeErrorInFunctionExpressionsInSubstitutionExpression.ts	0	0	0	0	1	1	1		
c01906u0_templateStringsWithTypeErrorInFunctionExpressionsInSubstitutionExpressionES6.ts	0	0	0	0	1	1	1		
c01907u0_unicodeExtendedEscapesInRegularExpressions01.ts	0	0	0	0	1	1	1		
c01908u0_unicodeExtendedEscapesInRegularExpressions02.ts	0	0	0	0	1	1	1		
c01909u0_unicodeExtendedEscapesInRegularExpressions03.ts	0	0	0	0	1	1	1		
c01910u0_unicodeExtendedEscapesInRegularExpressions04.ts	0	0	0	0	1	1	1		
c01911u0_unicodeExtendedEscapesInRegularExpressions05.ts	0	0	0	0	1	1	1		
c01912u0_unicodeExtendedEscapesInRegularExpressions06.ts	0	0	0	0	1	1	1		
c01913u0_unicodeExtendedEscapesInRegularExpressions07.ts	0	0	0	0	1	1	1		
c01914u0_unicodeExtendedEscapesInRegularExpressions08.ts	0	0	0	0	1	1	1		
c01915u0_unicodeExtendedEscapesInRegularExpressions09.ts	0	0	0	0	1	1	1		
c01916u0_unicodeExtendedEscapesInRegularExpressions10.ts	0	0	0	0	1	1	1		
c01917u0_unicodeExtendedEscapesInRegularExpressions11.ts	0	0	0	0	1	1	1		
c01918u0_unicodeExtendedEscapesInRegularExpressions12.ts	0	0	0	0	1	1	1		
c01919u0_unicodeExtendedEscapesInRegularExpressions13.ts	0	0	0	0	1	1	1		
c01920u0_unicodeExtendedEscapesInRegularExpressions14.ts	0	0	0	0	1	1	1		
c01921u0_unicodeExtendedEscapesInRegularExpressions15.ts	0	0	0	0	1	1	1		
c01922u0_unicodeExtendedEscapesInRegularExpressions16.ts	0	0	0	0	1	1	1		
c01923u0_unicodeExtendedEscapesInRegularExpressions17.ts	0	0	0	0	1	1	1		
c01924u0_unicodeExtendedEscapesInRegularExpressions18.ts	0	0	0	0	1	1	1		
c01925u0_unicodeExtendedEscapesInRegularExpressions19.ts	0	0	0	0	1	1	1		
c01926u0_unicodeExtendedEscapesInStrings01.ts	0	0	0	0	1	1	1		
c01927u0_unicodeExtendedEscapesInStrings02.ts	0	0	0	0	1	1	1		
c01928u0_unicodeExtendedEscapesInStrings03.ts	0	0	0	0	1	1	1		
c01929u0_unicodeExtendedEscapesInStrings04.ts	0	0	0	0	1	1	1		
c01930u0_unicodeExtendedEscapesInStrings05.ts	0	0	0	0	1	1	1		
c01931u0_unicodeExtendedEscapesInStrings06.ts	0	0	0	0	1	1	1		
c01932u0_unicodeExtendedEscapesInStrings07.ts	0	0	1	1	1	1	1		
c01933u0_unicodeExtendedEscapesInStrings08.ts	0	0	0	0	1	1	1		
c01934u0_unicodeExtendedEscapesInStrings09.ts	0	0	0	0	1	1	1		
c01935u0_unicodeExtendedEscapesInStrings10.ts	0	0	0	0	1	1	1		
c01936u0_unicodeExtendedEscapesInStrings11.ts	0	0	0	0	1	1	1		
c01937u0_unicodeExtendedEscapesInStrings12.ts	0	0	1	1	1	1	1		
c01938u0_unicodeExtendedEscapesInStrings13.ts	0	0	0	0	1	1	1		
c01939u0_unicodeExtendedEscapesInStrings14.ts	0	0	1	1	1	1	1		
c01940u0_unicodeExtendedEscapesInStrings15.ts	0	0	0	0	1	1	1		
c01941u0_unicodeExtendedEscapesInStrings16.ts	0	0	0	0	1	1	1		
c01942u0_unicodeExtendedEscapesInStrings17.ts	0	0	3	3	1	1	1		
c01943u0_unicodeExtendedEscapesInStrings18.ts	0	0	0	0	1	1	1		
c01944u0_unicodeExtendedEscapesInStrings19.ts	0	0	1	1	1	1	1		
c01945u0_unicodeExtendedEscapesInStrings20.ts	0	0	1	1	1	1	1		
c01946u0_unicodeExtendedEscapesInStrings21.ts	0	0	1	1	1	1	1		
c01947u0_unicodeExtendedEscapesInStrings22.ts	0	0	1	1	1	1	1		
c01948u0_unicodeExtendedEscapesInStrings23.ts	0	0	0	0	1	1	1		
c01949u0_unicodeExtendedEscapesInStrings24.ts	0	0	1	1	1	1	1		
c01950u0_unicodeExtendedEscapesInStrings25.ts	0	0	1	1	1	1	1		
c01951u0_unicodeExtendedEscapesInTemplates01.ts	0	0	0	0	1	1	1		
c01952u0_unicodeExtendedEscapesInTemplates02.ts	0	0	0	0	1	1	1		
c01953u0_unicodeExtendedEscapesInTemplates03.ts	0	0	0	0	1	1	1		
c01954u0_unicodeExtendedEscapesInTemplates04.ts	0	0	0	0	1	1	1		
c01955u0_unicodeExtendedEscapesInTemplates05.ts	0	0	0	0	1	1	1		
c01956u0_unicodeExtendedEscapesInTemplates06.ts	0	0	0	0	1	1	1		
c01957u0_unicodeExtendedEscapesInTemplates07.ts	0	0	1	1	1	1	1		
c01958u0_unicodeExtendedEscapesInTemplates08.ts	0	0	0	0	1	1	1		
c01959u0_unicodeExtendedEscapesInTemplates09.ts	0	0	0	0	1	1	1		
c01960u0_unicodeExtendedEscapesInTemplates10.ts	0	0	0	0	1	1	1		
c01961u0_unicodeExtendedEscapesInTemplates11.ts	0	0	0	0	1	1	1		
c01962u0_unicodeExtendedEscapesInTemplates12.ts	0	0	1	1	1	1	1		
c01963u0_unicodeExtendedEscapesInTemplates13.ts	0	0	0	0	1	1	1		
c01964u0_unicodeExtendedEscapesInTemplates14.ts	0	0	1	1	1	1	1		
c01965u0_unicodeExtendedEscapesInTemplates15.ts	0	0	0	0	1	1	1		
c01966u0_unicodeExtendedEscapesInTemplates16.ts	0	0	0	0	1	1	1		
c01967u0_unicodeExtendedEscapesInTemplates17.ts	0	0	3	3	1	1	1		
c01968u0_unicodeExtendedEscapesInTemplates18.ts	0	0	0	0	1	1	1		
c01969u0_unicodeExtendedEscapesInTemplates19.ts	0	0	1	1	1	1	1		
c01970u0_unicodeExtendedEscapesInTemplates20.ts	0	0	0	0	1	1	1		
c01971u0_VariableDeclaration10_es6.ts	0	0	0	0	1	1	1		
c01972u0_VariableDeclaration11_es6.ts	0	0	0	0	1	1	1		
c01973u0_VariableDeclaration12_es6.ts	0	0	0	0	1	1	1		
c01974u0_VariableDeclaration13_es6.ts	0	0	3	3	1	1	1		
c01975u0_VariableDeclaration1_es6.ts	0	0	0	0	1	1	1		
c01976u0_VariableDeclaration2_es6.ts	0	0	0	0	1	1	1		
c01977u0_VariableDeclaration3_es6.ts	0	0	0	0	1	1	1		
c01978u0_VariableDeclaration4_es6.ts	0	0	0	0	1	1	1		
c01979u0_VariableDeclaration5_es6.ts	0	0	0	0	1	1	1		
c01980u0_VariableDeclaration6_es6.ts	0	0	0	0	1	1	1		
c01981u0_VariableDeclaration7_es6.ts	0	0	0	0	1	1	1		
c01982u0_VariableDeclaration8_es6.ts	0	0	0	0	1	1	1		
c01983u0_VariableDeclaration9_es6.ts	0	0	0	0	1	1	1		
c01984u0_YieldExpression10_es6.ts	0	0	0	0	1	1	1		
c01985u0_YieldExpression11_es6.ts	0	0	0	0	1	1	1		
c01986u0_YieldExpression12_es6.ts	0	0	0	0	1	1	1		
c01987u0_YieldExpression13_es6.ts	0	0	0	0	1	1	1		
c01988u0_YieldExpression14_es6.ts	0	0	0	0	1	1	1		
c01989u0_YieldExpression15_es6.ts	0	0	0	0	1	1	1		
c01990u0_YieldExpression16_es6.ts	0	0	0	0	1	1	1		
c01991u0_YieldExpression17_es6.ts	0	0	0	0	1	1	1		
c01992u0_YieldExpression18_es6.ts	0	0	0	0	1	1	1		
c01993u0_YieldExpression19_es6.ts	0	0	0	0	1	1	1		
c01994u0_YieldExpression1_es6.ts	0	0	0	0	1	1	1		
c01995u0_YieldExpression20_es6.ts	0	0	0	0	1	1	1		
c01996u0_YieldExpression2_es6.ts	0	0	0	0	1	1	1		
c01997u0_YieldExpression3_es6.ts	0	0	0	0	1	1	1		
c01998u0_YieldExpression4_es6.ts	0	0	0	0	1	1	1		
c01999u0_YieldExpression5_es6.ts	0	0	1	1	1	1	1		
c02000u0_YieldExpression6_es6.ts	0	0	0	0	1	1	1		
c02001u0_YieldExpression7_es6.ts	0	0	0	0	1	1	1		
c02002u0_YieldExpression8_es6.ts	0	0	0	0	1	1	1		
c02003u0_YieldExpression9_es6.ts	0	0	0	0	1	1	1		
c02004u0_YieldStarExpression1_es6.ts	0	0	0	0	1	1	1		
c02005u0_YieldStarExpression2_es6.ts	0	0	1	1	1	1	1		
c02006u0_YieldStarExpression3_es6.ts	0	0	1	1	1	1	1		
c02007u0_YieldStarExpression4_es6.ts	0	0	0	0	1	1	1		
c02008u0_generatorInAmbientContext1.ts	0	0	0	0	1	1	1		
c02009u0_generatorInAmbientContext2.ts	0	0	0	0	1	1	1		
c02010u0_generatorInAmbientContext3.d.ts	0	0	0	0	1	1	1		
c02011u0_generatorInAmbientContext4.d.ts	0	0	0	0	1	1	1		
c02012u0_generatorInAmbientContext5.ts	0	0	0	0	1	1	1		
c02013u0_generatorInAmbientContext6.ts	0	0	0	0	1	1	1		
c02014u0_generatorNoImplicitReturns.ts	0	0	0	0	1	1	1		
c02015u0_generatorOverloads1.ts	0	0	0	0	1	1	1		
c02016u0_generatorOverloads2.ts	0	0	0	0	1	1	1		
c02017u0_generatorOverloads3.ts	0	0	0	0	1	1	1		
c02018u0_generatorOverloads4.ts	0	0	0	0	1	1	1		
c02019u0_generatorOverloads5.ts	0	0	0	0	1	1	1		
c02020u0_generatorTypeCheck1.ts	0	0	0	0	1	1	1		
c02021u0_generatorTypeCheck10.ts	0	0	0	0	1	1	1		
c02022u0_generatorTypeCheck11.ts	0	0	0	0	1	1	1		
c02023u0_generatorTypeCheck12.ts	0	0	0	0	1	1	1		
c02024u0_generatorTypeCheck13.ts	0	0	0	0	1	1	1		
c02025u0_generatorTypeCheck14.ts	0	0	0	0	1	1	1		
c02026u0_generatorTypeCheck15.ts	0	0	0	0	1	1	1		
c02027u0_generatorTypeCheck16.ts	0	0	0	0	1	1	1		
c02028u0_generatorTypeCheck17.ts	0	0	0	0	1	1	1		
c02029u0_generatorTypeCheck18.ts	0	0	0	0	1	1	1		
c02030u0_generatorTypeCheck19.ts	0	0	0	0	1	1	1		
c02031u0_generatorTypeCheck2.ts	0	0	0	0	1	1	1		
c02032u0_generatorTypeCheck20.ts	0	0	0	0	1	1	1		
c02033u0_generatorTypeCheck21.ts	0	0	0	0	1	1	1		
c02034u0_generatorTypeCheck22.ts	0	0	0	0	1	1	1		
c02035u0_generatorTypeCheck23.ts	0	0	0	0	1	1	1		
c02036u0_generatorTypeCheck24.ts	0	0	0	0	1	1	1		
c02037u0_generatorTypeCheck25.ts	0	0	0	0	1	1	1		
c02038u0_generatorTypeCheck26.ts	0	0	0	0	1	1	1		
c02039u0_generatorTypeCheck27.ts	0	0	0	0	1	1	1		
c02040u0_generatorTypeCheck28.ts	0	0	0	0	1	1	1		
c02041u0_generatorTypeCheck29.ts	0	0	0	0	1	1	1		
c02042u0_generatorTypeCheck3.ts	0	0	0	0	1	1	1		
c02043u0_generatorTypeCheck30.ts	0	0	0	0	1	1	1		
c02044u0_generatorTypeCheck31.ts	0	0	0	0	1	1	1		
c02045u0_generatorTypeCheck32.ts	0	0	0	0	1	1	1		
c02046u0_generatorTypeCheck33.ts	0	0	0	0	1	1	1		
c02047u0_generatorTypeCheck34.ts	0	0	0	0	1	1	1		
c02048u0_generatorTypeCheck35.ts	0	0	0	0	1	1	1		
c02049u0_generatorTypeCheck36.ts	0	0	0	0	1	1	1		
c02050u0_generatorTypeCheck37.ts	0	0	0	0	1	1	1		
c02051u0_generatorTypeCheck38.ts	0	0	0	0	1	1	1		
c02052u0_generatorTypeCheck39.ts	0	0	0	0	1	1	1		
c02053u0_generatorTypeCheck4.ts	0	0	0	0	1	1	1		
c02054u0_generatorTypeCheck40.ts	0	0	0	0	1	1	1		
c02055u0_generatorTypeCheck41.ts	0	0	0	0	1	1	1		
c02056u0_generatorTypeCheck42.ts	0	0	0	0	1	1	1		
c02057u0_generatorTypeCheck43.ts	0	0	0	0	1	1	1		
c02058u0_generatorTypeCheck44.ts	0	0	0	0	1	1	1		
c02059u0_generatorTypeCheck45.ts	0	0	0	0	1	1	1		
c02060u0_generatorTypeCheck46.ts	0	0	0	0	1	1	1		
c02061u0_generatorTypeCheck47.ts	0	0	0	0	1	1	1		
c02062u0_generatorTypeCheck48.ts	0	0	0	0	1	1	1		
c02063u0_generatorTypeCheck49.ts	0	0	0	0	1	1	1		
c02064u0_generatorTypeCheck5.ts	0	0	0	0	1	1	1		
c02065u0_generatorTypeCheck50.ts	0	0	0	0	1	1	1		
c02066u0_generatorTypeCheck51.ts	0	0	0	0	1	1	1		
c02067u0_generatorTypeCheck52.ts	0	0	0	0	1	1	1		
c02068u0_generatorTypeCheck53.ts	0	0	0	0	1	1	1		
c02069u0_generatorTypeCheck54.ts	0	0	0	0	1	1	1		
c02070u0_generatorTypeCheck55.ts	0	0	0	0	1	1	1		
c02071u0_generatorTypeCheck56.ts	0	0	0	0	1	1	1		
c02072u0_generatorTypeCheck57.ts	0	0	0	0	1	1	1		
c02073u0_generatorTypeCheck58.ts	0	0	0	0	1	1	1		
c02074u0_generatorTypeCheck59.ts	0	0	0	0	1	1	1		
c02075u0_generatorTypeCheck6.ts	0	0	0	0	1	1	1		
c02076u0_generatorTypeCheck60.ts	0	0	0	0	1	1	1		
c02077u0_generatorTypeCheck61.ts	0	0	0	0	1	1	1		
c02078u0_generatorTypeCheck62.ts	0	0	0	0	1	1	1		
c02079u0_generatorTypeCheck63.ts	0	0	0	0	1	1	1		
c02080u0_generatorTypeCheck64.ts	0	0	0	0	1	1	1		
c02081u0_generatorTypeCheck7.ts	0	0	0	0	1	1	1		
c02082u0_generatorTypeCheck8.ts	0	0	0	0	1	1	1		
c02083u0_generatorTypeCheck9.ts	0	0	0	0	1	1	1		
c02084u1_alsoFails.ts	0	0	0	0	1	1	1		
c02085u0_compoundExponentiationAssignmentLHSCanBeAssigned1.ts	0	0	0	0	1	1	1		
c02086u0_compoundExponentiationAssignmentLHSCannotBeAssigned.ts	0	0	0	0	1	1	1		
c02087u0_compoundExponentiationAssignmentLHSIsReference.ts	0	0	0	0	1	1	1		
c02088u0_compoundExponentiationAssignmentLHSIsValue.ts	0	0	6	6	1	1	1		
c02089u0_emitCompoundExponentiationAssignmentWithIndexingOnLHS1.ts	0	0	0	0	1	1	1		
c02090u0_emitCompoundExponentiationAssignmentWithIndexingOnLHS2.ts	0	0	0	0	1	1	1		
c02091u0_emitCompoundExponentiationAssignmentWithIndexingOnLHS3.ts	0	0	0	0	1	1	1		
c02092u0_emitCompoundExponentiationAssignmentWithIndexingOnLHS4.ts	0	0	0	0	1	1	1		
c02093u0_emitCompoundExponentiationAssignmentWithPropertyAccessingOnLHS1.ts	0	0	0	0	1	1	1		
c02094u0_emitCompoundExponentiationOperator1.ts	0	0	0	0	1	1	1		
c02095u0_emitCompoundExponentiationOperator2.ts	0	0	0	0	1	1	1		
c02096u0_emitExponentiationOperator1.ts	0	0	0	0	1	1	1		
c02097u0_emitExponentiationOperator2.ts	0	0	0	0	1	1	1		
c02098u0_emitExponentiationOperator3.ts	0	0	0	0	1	1	1		
c02099u0_emitExponentiationOperator4.ts	0	0	0	0	1	1	1		
c02100u0_emitExponentiationOperatorInTempalteString4.ts	0	0	0	0	1	1	1		
c02101u0_emitExponentiationOperatorInTempalteString4ES6.ts	0	0	0	0	1	1	1		
c02102u0_emitExponentiationOperatorInTemplateString1.ts	0	0	0	0	1	1	1		
c02103u0_emitExponentiationOperatorInTemplateString1ES6.ts	0	0	0	0	1	1	1		
c02104u0_emitExponentiationOperatorInTemplateString2.ts	0	0	0	0	1	1	1		
c02105u0_emitExponentiationOperatorInTemplateString2ES6.ts	0	0	0	0	1	1	1		
c02106u0_emitExponentiationOperatorInTemplateString3.ts	0	0	0	0	1	1	1		
c02107u0_emitExponentiationOperatorInTemplateString3ES6.ts	0	0	0	0	1	1	1		
c02108u0_exponentiationOperatorInTemplateStringWithSyntaxError1.ts	0	0	30	30	1	1	1		
c02109u0_exponentiationOperatorInTemplateStringWithSyntaxError2.ts	0	0	30	30	1	1	1		
c02110u0_exponentiationOperatorInTemplateStringWithSyntaxError3.ts	0	0	30	30	1	1	1		
c02111u0_exponentiationOperatorSyntaxError1.ts	0	0	31	31	1	1	1		
c02112u0_exponentiationOperatorSyntaxError2.ts	0	0	53	53	1	1	1		
c02113u0_exponentiationOperatorWithAnyAndNumber.ts	0	0	0	0	1	1	1		
c02114u0_exponentiationOperatorWithEnum.ts	0	0	0	0	1	1	1		
c02115u0_exponentiationOperatorWithEnumUnion.ts	0	0	0	0	1	1	1		
c02116u0_exponentiationOperatorWithInvalidOperands.ts	0	0	0	0	1	1	1		
c02117u0_exponentiationOperatorWithInvalidSimpleUnaryExpressionOperands.ts	0	0	0	0	1	1	1		
c02118u0_exponentiationOperatorWithNew.ts	0	0	0	0	1	1	1		
c02119u0_exponentiationOperatorWithNullValueAndInvalidOperands.ts	0	0	0	0	1	1	1		
c02120u0_exponentiationOperatorWithNullValueAndValidOperands.ts	0	0	0	0	1	1	1		
c02121u0_exponentiationOperatorWithOnlyNullValueOrUndefinedValue.ts	0	0	0	0	1	1	1		
c02122u0_exponentiationOperatorWithTemplateStringInvalid.ts	0	0	0	0	1	1	1		
c02123u0_exponentiationOperatorWithTemplateStringInvalidES6.ts	0	0	0	0	1	1	1		
c02124u0_exponentiationOperatorWithTypeParameter.ts	0	0	0	0	1	1	1		
c02125u0_exponentiationOperatorWithUndefinedValueAndInvalidOperands.ts	0	0	0	0	1	1	1		
c02126u0_exponentiationOperatorWithUndefinedValueAndValidOperands.ts	0	0	0	0	1	1	1		
c02127u0_trailingCommasInBindingPatterns.ts	0	0	0	0	1	1	1		
c02128u0_trailingCommasInFunctionParametersAndArguments.ts	0	0	0	0	1	1	1		
c02129u0_trailingCommasInGetter.ts	0	0	1	1	1	1	1		
c02130u0_esDecorators-classDeclaration-accessors-nonStatic.ts	0	0	0	0	1	1	1		
c02131u0_esDecorators-classDeclaration-accessors-nonStaticAbstract.ts	0	0	0	0	1	1	1		
c02132u0_esDecorators-classDeclaration-accessors-nonStaticPrivate.ts	0	0	0	0	1	1	1		
c02133u0_esDecorators-classDeclaration-accessors-static.ts	0	0	0	0	1	1	1		
c02134u0_esDecorators-classDeclaration-accessors-staticPrivate.ts	0	0	0	0	1	1	1		
c02135u0_esDecorators-classDeclaration-classSuper.1.ts	0	0	0	0	1	1	1		
c02136u0_esDecorators-classDeclaration-classSuper.2.ts	0	0	0	0	1	1	1		
c02137u0_esDecorators-classDeclaration-classSuper.3.ts	0	0	0	0	1	1	1		
c02138u0_esDecorators-classDeclaration-classSuper.4.ts	0	0	0	0	1	1	1		
c02139u0_esDecorators-classDeclaration-classSuper.5.ts	0	0	0	0	1	1	1		
c02140u0_esDecorators-classDeclaration-classSuper.6.ts	0	0	0	0	1	1	1		
c02141u0_esDecorators-classDeclaration-classSuper.7.ts	0	0	0	0	1	1	1		
c02142u0_esDecorators-classDeclaration-classThisReference.es5.ts	0	0	0	0	1	1	1		
c02143u0_esDecorators-classDeclaration-classThisReference.ts	0	0	0	0	1	1	1		
c02144u0_file1.ts	0	0	0	0	1	1	1		
c02144u1_file2.ts	0	0	0	0	1	1	1		
c02144u2_file3.ts	0	0	0	0	1	1	1		
c02145u0_esDecorators-classDeclaration-commonjs-classNamespaceMerge.ts	0	0	0	0	1	1	1		
c02146u0_esDecorators-classDeclaration-commonjs.ts	0	0	0	0	1	1	1		
c02147u0_global.ts	1	0	0	0	1	1	1		
c02147u10_file10.ts	0	0	0	0	1	1	1		
c02147u11_file11.ts	0	0	0	0	1	1	1		
c02147u12_file12.ts	0	0	0	0	1	1	1		
c02147u13_file13.ts	0	0	1	1	1	1	1		
c02147u14_file14.ts	0	0	2	2	1	1	1		
c02147u15_file15.ts	0	0	1	1	1	1	1		
c02147u1_file1.ts	0	0	0	0	1	1	1		
c02147u2_file2.ts	0	0	0	0	1	1	1		
c02147u3_file3.ts	0	0	0	0	1	1	1		
c02147u4_file4.ts	0	0	0	0	1	1	1		
c02147u5_file5.ts	0	0	0	0	1	1	1		
c02147u6_file6.ts	0	0	0	0	1	1	1		
c02147u7_file7.ts	0	0	0	0	1	1	1		
c02147u8_file8.ts	0	0	0	0	1	1	1		
c02147u9_file9.ts	0	0	0	0	1	1	1		
c02149u0_main.ts	0	0	0	0	1	1	1		
c02149u1_tslib.d.ts	0	0	0	0	1	1	1		
c02150u0_main.ts	0	0	0	0	1	1	1		
c02150u1_tslib.d.ts	0	0	0	0	1	1	1		
c02151u0_main.ts	0	0	0	0	1	1	1		
c02151u1_tslib.d.ts	0	0	0	0	1	1	1		
c02152u0_main.ts	0	0	0	0	1	1	1		
c02152u1_tslib.d.ts	0	0	0	0	1	1	1		
c02153u0_main.ts	0	0	0	0	1	1	1		
c02153u1_tslib.d.ts	0	0	0	0	1	1	1		
c02154u0_main.ts	0	0	0	0	1	1	1		
c02154u1_tslib.d.ts	0	0	0	0	1	1	1		
c02155u0_main.ts	0	0	0	0	1	1	1		
c02155u1_tslib.d.ts	0	0	0	0	1	1	1		
c02156u0_main.ts	0	0	0	0	1	1	1		
c02156u1_tslib.d.ts	0	0	0	0	1	1	1		
c02157u0_main.ts	0	0	0	0	1	1	1		
c02157u1_tslib.d.ts	0	0	0	0	1	1	1		
c02158u0_main.ts	0	0	0	0	1	1	1		
c02158u1_tslib.d.ts	0	0	0	0	1	1	1		
c02159u0_main.ts	0	0	0	0	1	1	1		
c02159u1_tslib.d.ts	0	0	0	0	1	1	1		
c02160u0_main.ts	0	0	0	0	1	1	1		
c02160u1_tslib.d.ts	0	0	0	0	1	1	1		
c02161u0_main.ts	0	0	0	0	1	1	1		
c02161u1_tslib.d.ts	0	0	0	0	1	1	1		
c02162u0_main.ts	0	0	0	0	1	1	1		
c02162u1_tslib.d.ts	0	0	0	0	1	1	1		
c02163u0_main.ts	0	0	0	0	1	1	1		
c02163u1_tslib.d.ts	0	0	0	0	1	1	1		
c02164u0_main.ts	0	0	0	0	1	1	1		
c02164u1_tslib.d.ts	0	0	0	0	1	1	1		
c02165u0_main.ts	0	0	0	0	1	1	1		
c02165u1_tslib.d.ts	0	0	0	0	1	1	1		
c02166u0_main.ts	0	0	0	0	1	1	1		
c02166u1_tslib.d.ts	0	0	0	0	1	1	1		
c02167u0_esDecorators-classDeclaration-multipleDecorators.ts	0	0	0	0	1	1	1		
c02168u0_esDecorators-classDeclaration-outerThisReference.ts	0	0	0	0	1	1	1		
c02169u0_esDecorators-classDeclaration-parameterDecorators.ts	0	0	0	0	1	1	1		
c02170u0_esDecorators-classDeclaration-parameterProperties.ts	0	0	0	0	1	1	1		
c02171u0_a.ts	0	0	0	0	1	1	1		
c02171u1_b.ts	0	0	0	0	1	1	1		
c02171u2_c.ts	0	0	0	0	1	1	1		
c02171u3_c.ts	0	0	0	0	1	1	1		
c02172u0_esDecorators-classDeclaration-simpleTransformation.ts	0	0	0	0	1	1	1		
c02173u0_esDecorators-classDeclaration-sourceMap.ts	0	0	0	0	1	1	1		
c02174u0_esDecorators-classDeclaration-fields-nonStatic.ts	0	0	0	0	1	1	1		
c02175u0_esDecorators-classDeclaration-fields-nonStaticAbstract.ts	0	0	0	0	1	1	1		
c02176u0_esDecorators-classDeclaration-fields-nonStaticAbstractAccessor.ts	0	0	0	0	1	1	1		
c02177u0_esDecorators-classDeclaration-fields-nonStaticAccessor.ts	0	0	0	0	1	1	1		
c02178u0_esDecorators-classDeclaration-fields-nonStaticAmbient.ts	0	0	0	0	1	1	1		
c02179u0_esDecorators-classDeclaration-fields-nonStaticPrivate.ts	0	0	0	0	1	1	1		
c02180u0_esDecorators-classDeclaration-fields-nonStaticPrivateAccessor.ts	0	0	0	0	1	1	1		
c02181u0_esDecorators-classDeclaration-fields-static.ts	0	0	0	0	1	1	1		
c02182u0_esDecorators-classDeclaration-fields-staticAccessor.ts	0	0	0	0	1	1	1		
c02183u0_esDecorators-classDeclaration-fields-staticAmbient.ts	0	0	0	0	1	1	1		
c02184u0_esDecorators-classDeclaration-fields-staticPrivate.ts	0	0	0	0	1	1	1		
c02185u0_esDecorators-classDeclaration-fields-staticPrivateAccessor.ts	0	0	0	0	1	1	1		
c02186u0_esDecorators-classDeclaration-methods-nonStatic.ts	0	0	0	0	1	1	1		
c02187u0_esDecorators-classDeclaration-methods-nonStaticAbstract.ts	0	0	0	0	1	1	1		
c02188u0_esDecorators-classDeclaration-methods-nonStaticPrivate.ts	0	0	0	0	1	1	1		
c02189u0_esDecorators-classDeclaration-methods-static.ts	0	0	0	0	1	1	1		
c02190u0_esDecorators-classDeclaration-methods-staticPrivate.ts	0	0	0	0	1	1	1		
c02191u0_esDecorators-classExpression-classSuper.1.ts	0	0	0	0	1	1	1		
c02192u0_esDecorators-classExpression-classSuper.2.ts	0	0	0	0	1	1	1		
c02193u0_esDecorators-classExpression-classSuper.3.ts	0	0	0	0	1	1	1		
c02194u0_esDecorators-classExpression-classSuper.4.ts	0	0	0	0	1	1	1		
c02195u0_esDecorators-classExpression-classSuper.5.ts	0	0	0	0	1	1	1		
c02196u0_esDecorators-classExpression-classSuper.6.ts	0	0	0	0	1	1	1		
c02197u0_esDecorators-classExpression-commentPreservation.ts	0	0	0	0	1	1	1		
c02198u0_main.ts	0	0	0	0	1	1	1		
c02198u1_tslib.d.ts	0	0	0	0	1	1	1		
c02199u0_main.ts	0	0	0	0	1	1	1		
c02199u1_tslib.d.ts	0	0	0	0	1	1	1		
c02200u0_main.ts	0	0	0	0	1	1	1		
c02200u1_tslib.d.ts	0	0	0	0	1	1	1		
c02201u0_main.ts	0	0	0	0	1	1	1		
c02201u1_tslib.d.ts	0	0	0	0	1	1	1		
c02202u0_main.ts	0	0	0	0	1	1	1		
c02202u1_tslib.d.ts	0	0	0	0	1	1	1		
c02203u0_main.ts	0	0	0	0	1	1	1		
c02203u1_tslib.d.ts	0	0	0	0	1	1	1		
c02204u0_main.ts	0	0	0	0	1	1	1		
c02204u1_tslib.d.ts	0	0	0	0	1	1	1		
c02205u0_main.ts	0	0	0	0	1	1	1		
c02205u1_tslib.d.ts	0	0	0	0	1	1	1		
c02206u0_main.ts	0	0	0	0	1	1	1		
c02206u1_tslib.d.ts	0	0	0	0	1	1	1		
c02207u0_main.ts	0	0	0	0	1	1	1		
c02207u1_tslib.d.ts	0	0	0	0	1	1	1		
c02208u0_main.ts	0	0	0	0	1	1	1		
c02208u1_tslib.d.ts	0	0	0	0	1	1	1		
c02209u0_main.ts	0	0	0	0	1	1	1		
c02209u1_tslib.d.ts	0	0	0	0	1	1	1		
c02210u0_main.ts	0	0	0	0	1	1	1		
c02210u1_tslib.d.ts	0	0	0	0	1	1	1		
c02211u0_main.ts	0	0	0	0	1	1	1		
c02211u1_tslib.d.ts	0	0	0	0	1	1	1		
c02212u0_main.ts	0	0	0	0	1	1	1		
c02212u1_tslib.d.ts	0	0	0	0	1	1	1		
c02213u0_main.ts	0	0	0	0	1	1	1		
c02213u1_tslib.d.ts	0	0	0	0	1	1	1		
c02214u0_main.ts	0	0	0	0	1	1	1		
c02214u1_tslib.d.ts	0	0	0	0	1	1	1		
c02215u0_esDecorators-classExpression-namedEvaluation.1.ts	0	0	0	0	1	1	1		
c02216u0_esDecorators-classExpression-namedEvaluation.10.ts	0	0	0	0	1	1	1		
c02217u0_esDecorators-classExpression-namedEvaluation.11.ts	0	0	0	0	1	1	1		
c02218u0_esDecorators-classExpression-namedEvaluation.2.ts	0	0	0	0	1	1	1		
c02219u0_esDecorators-classExpression-namedEvaluation.3.ts	0	0	0	0	1	1	1		
c02220u0_esDecorators-classExpression-namedEvaluation.4.ts	0	0	0	0	1	1	1		
c02221u0_esDecorators-classExpression-namedEvaluation.5.ts	0	0	0	0	1	1	1		
c02222u0_esDecorators-classExpression-namedEvaluation.6.ts	0	0	0	0	1	1	1		
c02223u0_esDecorators-classExpression-namedEvaluation.7.ts	0	0	0	0	1	1	1		
c02224u0_a.ts	0	0	0	0	1	1	1		
c02224u1_b.ts	0	0	0	0	1	1	1		
c02225u0_a.ts	0	0	0	0	1	1	1		
c02225u1_b.ts	0	0	0	0	1	1	1		
c02226u0_esDecorators-arguments.ts	0	0	0	0	1	1	1		
c02227u0_esDecorators-contextualTypes.2.ts	0	0	0	0	1	1	1		
c02228u0_esDecorators-contextualTypes.ts	0	0	0	0	1	1	1		
c02229u0_esDecorators-decoratorExpression.1.ts	0	0	0	0	1	1	1		
c02230u0_esDecorators-decoratorExpression.2.ts	0	0	0	0	1	1	1		
c02231u0_esDecorators-decoratorExpression.3.ts	0	0	2	2	1	1	1		
c02232u0_esDecorators-emitDecoratorMetadata.ts	0	0	0	0	1	1	1		
c02233u0_esDecorators-preservesThis.ts	0	0	0	0	1	1	1		
c02234u0_esDecorators-privateFieldAccess.ts	0	0	0	0	1	1	1		
c02235u0_foo.ts	0	0	0	0	1	1	1		
c02236u0_foo.ts	0	0	0	0	1	1	1		
c02237u0_foo.ts	0	0	0	0	1	1	1		
c02238u0_foo.ts	0	0	0	0	1	1	1		
c02239u0_foo.ts	0	0	0	0	1	1	1		
c02240u0_esnextSharedMemory.ts	0	0	0	0	1	1	1		
c02241u0_logicalAssignment11.ts	0	0	0	0	1	1	1		
c02242u0_arrayLiteralInference.ts	0	0	0	0	1	1	1		
c02243u0_arrayLiterals.ts	0	0	0	0	1	1	1		
c02244u0_arrayLiterals2ES5.ts	0	0	0	0	1	1	1		
c02245u0_arrayLiterals2ES6.ts	0	0	0	0	1	1	1		
c02246u0_arrayLiterals3.ts	0	0	0	0	1	1	1		
c02247u0_asOpEmitParens.ts	0	0	0	0	1	1	1		
c02248u0_asOperator1.ts	0	0	0	0	1	1	1		
c02249u0_asOperator2.ts	0	0	0	0	1	1	1		
c02250u0_asOperator3.ts	0	0	0	0	1	1	1		
c02251u0_foo.ts	0	0	0	0	1	1	1		
c02251u1_bar.ts	0	0	0	0	1	1	1		
c02252u0_asOperatorASI.ts	0	0	0	0	1	1	1		
c02253u0_asOperatorAmbiguity.ts	0	0	0	0	1	1	1		
c02254u0_asOperatorContextualType.ts	0	0	0	0	1	1	1		
c02255u0_asOperatorNames.ts	0	0	0	0	1	1	1		
c02256u0_assignmentGenericLookupTypeNarrowing.ts	0	0	0	0	1	1	1		
c02257u0_assignmentLHSIsReference.ts	0	0	0	0	1	1	1		
c02258u0_assignmentLHSIsValue.ts	0	0	7	7	1	1	1		
c02259u0_assignmentTypeNarrowing.ts	0	0	0	0	1	1	1		
c02260u0_compoundAdditionAssignmentLHSCanBeAssigned.ts	0	0	0	0	1	1	1		
c02261u0_compoundAdditionAssignmentLHSCannotBeAssigned.ts	0	0	0	0	1	1	1		
c02262u0_compoundAdditionAssignmentWithInvalidOperands.ts	0	0	0	0	1	1	1		
c02263u0_compoundArithmeticAssignmentLHSCanBeAssigned.ts	0	0	0	0	1	1	1		
c02264u0_compoundArithmeticAssignmentWithInvalidOperands.ts	0	0	0	0	1	1	1		
c02265u0_compoundAssignmentLHSIsReference.ts	0	0	0	0	1	1	1		
c02266u0_compoundAssignmentLHSIsValue.ts	0	0	12	12	1	1	1		
c02267u0_additionOperatorWithAnyAndEveryType.ts	0	0	0	0	1	1	1		
c02268u0_additionOperatorWithConstrainedTypeParameter.ts	0	0	0	0	1	1	1		
c02269u0_additionOperatorWithInvalidOperands.ts	0	0	0	0	1	1	1		
c02270u0_additionOperatorWithNullValueAndInvalidOperator.ts	0	0	0	0	1	1	1		
c02271u0_additionOperatorWithNullValueAndValidOperator.ts	0	0	0	0	1	1	1		
c02272u0_additionOperatorWithNumberAndEnum.ts	0	0	0	0	1	1	1		
c02273u0_additionOperatorWithOnlyNullValueOrUndefinedValue.ts	0	0	0	0	1	1	1		
c02274u0_additionOperatorWithStringAndEveryType.ts	0	0	0	0	1	1	1		
c02275u0_additionOperatorWithTypeParameter.ts	0	0	0	0	1	1	1		
c02276u0_additionOperatorWithUndefinedValueAndInvalidOperands.ts	0	0	0	0	1	1	1		
c02277u0_additionOperatorWithUndefinedValueAndValidOperator.ts	0	0	0	0	1	1	1		
c02278u0_arithmeticOperatorWithAnyAndNumber.ts	0	0	0	0	1	1	1		
c02279u0_arithmeticOperatorWithEnum.ts	0	0	0	0	1	1	1		
c02280u0_arithmeticOperatorWithEnumUnion.ts	0	0	0	0	1	1	1		
c02281u0_arithmeticOperatorWithInvalidOperands.ts	0	0	0	0	1	1	1		
c02282u0_arithmeticOperatorWithNullValueAndInvalidOperands.ts	0	0	0	0	1	1	1		
c02283u0_arithmeticOperatorWithNullValueAndValidOperands.ts	0	0	0	0	1	1	1		
c02284u0_arithmeticOperatorWithOnlyNullValueOrUndefinedValue.ts	0	0	0	0	1	1	1		
c02285u0_arithmeticOperatorWithTypeParameter.ts	0	0	0	0	1	1	1		
c02286u0_arithmeticOperatorWithUndefinedValueAndInvalidOperands.ts	0	0	0	0	1	1	1		
c02287u0_arithmeticOperatorWithUndefinedValueAndValidOperands.ts	0	0	0	0	1	1	1		
c02288u0_comparisonOperatorWithIdenticalObjects.ts	0	0	0	0	1	1	1		
c02289u0_comparisonOperatorWithIdenticalPrimitiveType.ts	0	0	0	0	1	1	1		
c02290u0_comparisonOperatorWithIdenticalTypeParameter.ts	0	0	0	0	1	1	1		
c02291u0_comparisonOperatorWithIntersectionType.ts	0	0	0	0	1	1	1		
c02292u0_comparisonOperatorWithNoRelationshipObjectsOnCallSignature.ts	0	0	0	0	1	1	1		
c02293u0_comparisonOperatorWithNoRelationshipObjectsOnConstructorSignature.ts	0	0	0	0	1	1	1		
c02294u0_comparisonOperatorWithNoRelationshipObjectsOnIndexSignature.ts	0	0	0	0	1	1	1		
c02295u0_comparisonOperatorWithNoRelationshipObjectsOnInstantiatedCallSignature.ts	0	0	0	0	1	1	1		
c02296u0_comparisonOperatorWithNoRelationshipObjectsOnInstantiatedConstructorSignature.ts	0	0	0	0	1	1	1		
c02297u0_comparisonOperatorWithNoRelationshipObjectsOnOptionalProperty.ts	0	0	0	0	1	1	1		
c02298u0_comparisonOperatorWithNoRelationshipObjectsOnProperty.ts	0	0	0	0	1	1	1		
c02299u0_comparisonOperatorWithNoRelationshipPrimitiveType.ts	0	0	0	0	1	1	1		
c02300u0_comparisonOperatorWithNoRelationshipTypeParameter.ts	0	0	0	0	1	1	1		
c02301u0_comparisonOperatorWithNumberOperand.ts	0	0	0	0	1	1	1		
c02302u0_comparisonOperatorWithNumericLiteral.ts	0	0	0	0	1	1	1		
c02303u0_comparisonOperatorWithOneOperandIsAny.ts	0	0	0	0	1	1	1		
c02304u0_comparisonOperatorWithOneOperandIsNull.ts	0	0	0	0	1	1	1		
c02305u0_comparisonOperatorWithOneOperandIsUndefined.ts	0	0	0	0	1	1	1		
c02306u0_comparisonOperatorWithSubtypeEnumAndNumber.ts	0	0	0	0	1	1	1		
c02307u0_comparisonOperatorWithSubtypeObjectOnCallSignature.ts	0	0	0	0	1	1	1		
c02308u0_comparisonOperatorWithSubtypeObjectOnConstructorSignature.ts	0	0	0	0	1	1	1		
c02309u0_comparisonOperatorWithSubtypeObjectOnIndexSignature.ts	0	0	0	0	1	1	1		
c02310u0_comparisonOperatorWithSubtypeObjectOnInstantiatedCallSignature.ts	0	0	0	0	1	1	1		
c02311u0_comparisonOperatorWithSubtypeObjectOnInstantiatedConstructorSignature.ts	0	0	0	0	1	1	1		
c02312u0_comparisonOperatorWithSubtypeObjectOnOptionalProperty.ts	0	0	0	0	1	1	1		
c02313u0_comparisonOperatorWithSubtypeObjectOnProperty.ts	0	0	0	0	1	1	1		
c02314u0_comparisonOperatorWithTwoOperandsAreAny.ts	0	0	0	0	1	1	1		
c02315u0_comparisonOperatorWithTypeParameter.ts	0	0	0	0	1	1	1		
c02316u0_inOperatorWithInvalidOperands.ts	0	0	0	0	1	1	1		
c02317u0_inOperatorWithValidOperands.ts	0	0	0	0	1	1	1		
c02318u0_instanceofOperatorWithAny.ts	0	0	0	0	1	1	1		
c02319u0_instanceofOperatorWithInvalidOperands.es2015.ts	0	0	0	0	1	1	1		
c02320u0_instanceofOperatorWithInvalidOperands.ts	0	0	0	0	1	1	1		
c02321u0_instanceofOperatorWithInvalidStaticToString.ts	0	0	0	0	1	1	1		
c02322u0_instanceofOperatorWithLHSIsObject.ts	0	0	0	0	1	1	1		
c02323u0_instanceofOperatorWithLHSIsTypeParameter.ts	0	0	0	0	1	1	1		
c02324u0_instanceofOperatorWithRHSHasSymbolHasInstance.ts	0	0	0	0	1	1	1		
c02325u0_instanceofOperatorWithRHSIsSubtypeOfFunction.ts	0	0	0	0	1	1	1		
c02326u0_logicalAndOperatorStrictMode.ts	0	0	0	0	1	1	1		
c02327u0_logicalAndOperatorWithEveryType.ts	0	0	0	0	1	1	1		
c02328u0_logicalAndOperatorWithTypeParameters.ts	0	0	0	0	1	1	1		
c02329u0_logicalOrExpressionIsContextuallyTyped.ts	0	0	0	0	1	1	1		
c02330u0_logicalOrExpressionIsNotContextuallyTyped.ts	0	0	0	0	1	1	1		
c02331u0_logicalOrOperatorWithEveryType.ts	0	0	0	0	1	1	1		
c02332u0_logicalOrOperatorWithTypeParameters.ts	0	0	0	0	1	1	1		
c02333u0_commaOperatorInvalidAssignmentType.ts	0	0	0	0	1	1	1		
c02334u0_commaOperatorOtherInvalidOperation.ts	0	0	0	0	1	1	1		
c02335u0_commaOperatorOtherValidOperation.ts	0	0	0	0	1	1	1		
c02336u0_commaOperatorWithSecondOperandAnyType.ts	0	0	0	0	1	1	1		
c02337u0_commaOperatorWithSecondOperandBooleanType.ts	0	0	0	0	1	1	1		
c02338u0_commaOperatorWithSecondOperandNumberType.ts	0	0	0	0	1	1	1		
c02339u0_commaOperatorWithSecondOperandObjectType.ts	0	0	0	0	1	1	1		
c02340u0_commaOperatorWithSecondOperandStringType.ts	0	0	0	0	1	1	1		
c02341u0_commaOperatorWithoutOperand.ts	0	0	12	12	1	1	1		
c02342u0_commaOperatorsMultipleOperators.ts	0	0	0	0	1	1	1		
c02343u0_conditionalOperatorConditionIsBooleanType.ts	0	0	0	0	1	1	1		
c02344u0_conditionalOperatorConditionIsNumberType.ts	0	0	0	0	1	1	1		
c02345u0_conditionalOperatorConditionIsObjectType.ts	0	0	0	0	1	1	1		
c02346u0_conditionalOperatorConditoinIsAnyType.ts	0	0	0	0	1	1	1		
c02347u0_conditionalOperatorConditoinIsStringType.ts	0	0	0	0	1	1	1		
c02348u0_conditionalOperatorWithIdenticalBCT.ts	0	0	0	0	1	1	1		
c02349u0_conditionalOperatorWithoutIdenticalBCT.ts	0	0	0	0	1	1	1		
c02350u0_argumentExpressionContextualTyping.ts	0	0	0	0	1	1	1		
c02351u0_arrayLiteralExpressionContextualTyping.ts	0	0	0	0	1	1	1		
c02352u0_functionExpressionContextualTyping1.ts	0	0	0	0	1	1	1		
c02353u0_functionExpressionContextualTyping2.ts	0	0	0	0	1	1	1		
c02354u0_functionExpressionContextualTyping3.ts	0	0	0	0	1	1	1		
c02355u0_generatedContextualTyping.ts	0	0	0	0	1	1	1		
c02356u0_getSetAccessorContextualTyping.ts	0	0	0	0	1	1	1		
c02357u0_iterableContextualTyping1.ts	0	0	0	0	1	1	1		
c02358u0_objectLiteralContextualTyping.ts	0	0	0	0	1	1	1		
c02359u0_parenthesizedContexualTyping1.ts	0	0	0	0	1	1	1		
c02360u0_parenthesizedContexualTyping2.ts	0	0	0	0	1	1	1		
c02361u0_parenthesizedContexualTyping3.ts	1	0	0	0	1	1	1		
c02362u0_superCallParameterContextualTyping1.ts	0	0	0	0	1	1	1		
c02363u0_superCallParameterContextualTyping2.ts	0	0	0	0	1	1	1		
c02364u0_superCallParameterContextualTyping3.ts	0	0	0	0	1	1	1		
c02365u0_taggedTemplateContextualTyping1.ts	0	0	0	0	1	1	1		
c02366u0_taggedTemplateContextualTyping2.ts	0	0	0	0	1	1	1		
c02367u0_letIdentifierInElementAccess01.ts	0	0	0	0	1	1	1		
c02368u0_stringEnumInElementAccess01.ts	0	0	0	0	1	1	1		
c02369u0_callOverload.ts	0	0	0	0	1	1	1		
c02370u0_callWithMissingVoid.ts	0	0	0	0	1	1	1		
c02371u0_defs.d.ts	0	0	0	0	1	1	1		
c02371u2_tsfile.ts	0	0	0	0	1	1	1		
c02372u0_callWithSpread.ts	0	0	0	0	1	1	1		
c02373u0_callWithSpread2.ts	0	0	0	0	1	1	1		
c02374u0_callWithSpread3.ts	0	0	0	0	1	1	1		
c02375u0_callWithSpread4.ts	0	0	0	0	1	1	1		
c02376u0_callWithSpread5.ts	0	0	0	0	1	1	1		
c02377u0_callWithSpreadES6.ts	0	0	0	0	1	1	1		
c02378u0_forgottenNew.ts	0	0	0	0	1	1	1		
c02379u0_functionCalls.ts	0	0	0	0	1	1	1		
c02380u0_grammarAmbiguities.ts	0	0	0	0	1	1	1		
c02381u0_newWithSpread.ts	0	0	0	0	1	1	1		
c02382u0_newWithSpreadES5.ts	0	0	0	0	1	1	1		
c02383u0_newWithSpreadES6.ts	0	0	0	0	1	1	1		
c02384u0_overloadResolution.ts	0	0	0	0	1	1	1		
c02385u0_overloadResolutionClassConstructors.ts	0	0	0	0	1	1	1		
c02386u0_overloadResolutionConstructors.ts	0	0	0	0	1	1	1		
c02387u0_typeArgumentInference.ts	0	0	0	0	1	1	1		
c02388u0_typeArgumentInferenceConstructSignatures.ts	0	0	0	0	1	1	1		
c02389u0_typeArgumentInferenceErrors.ts	0	0	0	0	1	1	1		
c02390u0_typeArgumentInferenceTransitiveConstraints.ts	0	0	0	0	1	1	1		
c02391u0_typeArgumentInferenceWithConstraints.ts	0	0	0	0	1	1	1		
c02392u0_typeArgumentInferenceWithObjectLiteral.ts	0	0	0	0	1	1	1		
c02393u0_arrowFunctionContexts.ts	0	0	0	0	1	1	1		
c02394u0_arrowFunctionExpressions.ts	0	0	0	0	1	1	1		
c02395u0_contextuallyTypedFunctionExpressionsAndReturnAnnotations.ts	0	0	0	0	1	1	1		
c02396u0_contextuallyTypedIife.ts	0	0	0	0	1	1	1		
c02397u0_contextuallyTypedIifeStrict.ts	0	0	0	0	1	1	1		
c02398u0_typeOfThisInFunctionExpression.ts	0	0	0	0	1	1	1		
c02399u0_voidParamAssignmentCompatibility.ts	0	0	0	0	1	1	1		
c02400u0_scopeResolutionIdentifiers.ts	0	0	0	0	1	1	1		
c02401u0_literals.ts	0	0	2	2	1	1	1		
c02402u0_strictModeOctalLiterals.ts	0	0	3	3	1	1	1		
c02403u0_newOperatorConformance.ts	0	0	0	0	1	1	1		
c02404u0_newOperatorErrorCases.ts	0	0	1	1	1	1	1		
c02405u0_newOperatorErrorCases_noImplicitAny.ts	0	0	0	0	1	1	1		
c02406u0_nullishCoalescingAssignmentVsPrivateFieldsJsEmit1.ts	0	0	0	0	1	1	1		
c02407u0_nullishCoalescingOperator1.ts	0	0	0	0	1	1	1		
c02408u0_nullishCoalescingOperator10.ts	0	0	0	0	1	1	1		
c02409u0_nullishCoalescingOperator11.ts	0	0	0	0	1	1	1		
c02410u0_nullishCoalescingOperator12.ts	0	0	0	0	1	1	1		
c02411u0_nullishCoalescingOperator2.ts	0	0	0	0	1	1	1		
c02412u0_nullishCoalescingOperator3.ts	0	0	0	0	1	1	1		
c02413u0_nullishCoalescingOperator4.ts	0	0	0	0	1	1	1		
c02414u0_nullishCoalescingOperator5.ts	0	0	0	0	1	1	1		
c02415u0_nullishCoalescingOperator6.ts	0	0	0	0	1	1	1		
c02416u0_nullishCoalescingOperator7.ts	0	0	0	0	1	1	1		
c02417u0_nullishCoalescingOperator8.ts	0	0	0	0	1	1	1		
c02418u0_nullishCoalescingOperator9.ts	0	0	0	0	1	1	1		
c02419u0_nullishCoalescingOperatorInAsyncGenerator.ts	0	0	0	0	1	1	1		
c02420u0_nullishCoalescingOperatorInParameterBindingPattern.2.ts	0	0	0	0	1	1	1		
c02421u0_nullishCoalescingOperatorInParameterBindingPattern.ts	0	0	0	0	1	1	1		
c02422u0_nullishCoalescingOperatorInParameterInitializer.2.ts	0	0	0	0	1	1	1		
c02423u0_nullishCoalescingOperatorInParameterInitializer.ts	0	0	0	0	1	1	1		
c02424u0_nullishCoalescingOperator_es2020.ts	0	0	0	0	1	1	1		
c02425u0_nullishCoalescingOperator_not_strict.ts	0	0	0	0	1	1	1		
c02426u0_objectLiteralErrors.ts	0	0	0	0	1	1	1		
c02427u0_objectLiteralGettersAndSetters.ts	0	0	0	0	1	1	1		
c02428u0_objectLiteralNormalization.ts	0	0	0	0	1	1	1		
c02429u0_incrementAndDecrement.ts	0	0	36	36	1	1	1		
c02430u0_callChain.2.ts	0	0	0	0	1	1	1		
c02431u0_callChain.3.ts	0	0	0	0	1	1	1		
c02432u0_callChain.ts	0	0	0	0	1	1	1		
c02433u0_callChainInference.ts	0	0	0	0	1	1	1		
c02434u0_callChainWithSuper.ts	0	0	0	0	1	1	1		
c02435u0_parentheses.ts	0	0	0	0	1	1	1		
c02436u0_superMethodCall.ts	0	0	0	0	1	1	1		
c02437u0_thisMethodCall.ts	0	0	0	0	1	1	1		
c02438u0_deleteChain.ts	0	0	0	0	1	1	1		
c02439u0_elementAccessChain.2.ts	0	0	0	0	1	1	1		
c02440u0_elementAccessChain.3.ts	0	0	0	0	1	1	1		
c02441u0_elementAccessChain.ts	0	0	0	0	1	1	1		
c02442u0_optionalChainingInArrow.ts	0	0	0	0	1	1	1		
c02443u0_optionalChainingInLoop.ts	0	0	0	0	1	1	1		
c02444u0_optionalChainingInParameterBindingPattern.2.ts	0	0	0	0	1	1	1		
c02445u0_optionalChainingInParameterBindingPattern.ts	0	0	0	0	1	1	1		
c02446u0_optionalChainingInParameterInitializer.2.ts	0	0	0	0	1	1	1		
c02447u0_optionalChainingInParameterInitializer.ts	0	0	0	0	1	1	1		
c02448u0_optionalChainingInTypeAssertions.ts	0	0	0	0	1	1	1		
c02449u0_optionalChainingInference.ts	0	0	0	0	1	1	1		
c02450u0_privateIdentifierChain.1.ts	0	0	3	3	1	1	1		
c02451u0_propertyAccessChain.2.ts	0	0	0	0	1	1	1		
c02452u0_propertyAccessChain.3.ts	0	0	0	0	1	1	1		
c02453u0_propertyAccessChain.ts	0	0	0	0	1	1	1		
c02454u0_taggedTemplateChain.ts	0	0	0	0	1	1	1		
c02455u0_propertyAccess.ts	0	0	0	0	1	1	1		
c02456u0_propertyAccessNumericLiterals.ts	0	0	5	5	1	1	1		
c02457u0_propertyAccessStringIndexSignature.ts	0	0	0	0	1	1	1		
c02458u0_propertyAccessWidening.ts	0	0	0	0	1	1	1		
c02459u0_errorSuperCalls.ts	0	0	1	1	0	0	0	flags KindCallExpression xor=0x8000	
c02460u0_superCalls.ts	0	0	0	0	1	1	1		
c02461u0_errorSuperPropertyAccess.ts	0	0	0	0	1	1	1		
c02462u0_superPropertyAccessNoError.ts	0	0	0	0	1	1	1		
c02463u0_superSymbolIndexedAccess1.ts	0	0	0	0	1	1	1		
c02464u0_superSymbolIndexedAccess2.ts	0	0	0	0	1	1	1		
c02465u0_superSymbolIndexedAccess3.ts	0	0	0	0	1	1	1		
c02466u0_superSymbolIndexedAccess4.ts	0	0	0	0	1	1	1		
c02467u0_superSymbolIndexedAccess5.ts	0	0	0	0	1	1	1		
c02468u0_superSymbolIndexedAccess6.ts	0	0	0	0	1	1	1		
c02469u0_thisInInvalidContexts.ts	0	0	0	0	1	1	1		
c02470u0_thisInInvalidContextsExternalModule.ts	0	0	0	0	1	1	1		
c02471u0_thisInObjectLiterals.ts	0	0	0	0	1	1	1		
c02472u0_typeOfThisGeneral.ts	0	0	0	0	1	1	1		
c02473u0_typeOfThisInConstructorParamList.ts	0	0	0	0	1	1	1		
c02474u0_enum.ts	0	0	0	0	1	1	1		
c02474u1_test.ts	0	0	0	0	1	1	1		
c02474u2_ns.ts	0	0	0	0	1	1	1		
c02474u3_more.ts	0	0	0	0	1	1	1		
c02475u0_constAssertions.ts	0	0	0	0	1	1	1		
c02476u0_duplicatePropertiesInTypeAssertions01.ts	0	0	0	0	1	1	1		
c02477u0_duplicatePropertiesInTypeAssertions02.ts	0	0	0	0	1	1	1		
c02478u0_typeAssertions.ts	0	0	6	6	1	1	1		
c02479u0_TypeGuardWithArrayUnion.ts	0	0	0	0	1	1	1		
c02480u0_TypeGuardWithEnumUnion.ts	0	0	0	0	1	1	1		
c02481u0_nullOrUndefinedTypeGuardIsOrderIndependent.ts	0	0	0	0	1	1	1		
c02482u0_typeGuardEnums.ts	0	0	0	0	1	1	1		
c02483u0_typeGuardFunction.ts	0	0	0	0	1	1	1		
c02484u0_typeGuardFunctionErrors.ts	0	0	12	12	1	1	1		
c02485u0_typeGuardFunctionGenerics.ts	0	0	0	0	1	1	1		
c02486u0_typeGuardFunctionOfFormThis.ts	0	0	0	0	1	1	1		
c02487u0_typeGuardFunctionOfFormThisErrors.ts	0	0	0	0	1	1	1		
c02488u0_typeGuardInClass.ts	0	0	0	0	1	1	1		
c02489u0_typeGuardIntersectionTypes.ts	0	0	0	0	1	1	1		
c02490u0_typeGuardNarrowsPrimitiveIntersection.ts	0	0	0	0	1	1	1		
c02491u0_typeGuardNarrowsToLiteralType.ts	0	0	0	0	1	1	1		
c02492u0_typeGuardNarrowsToLiteralTypeUnion.ts	0	0	0	0	1	1	1		
c02493u0_typeGuardNesting.ts	0	0	0	0	1	1	1		
c02494u0_typeGuardOfFormExpr1AndExpr2.ts	0	0	0	0	1	1	1		
c02495u0_typeGuardOfFormExpr1OrExpr2.ts	0	0	0	0	1	1	1		
c02496u0_typeGuardOfFormFunctionEquality.ts	0	0	0	0	1	1	1		
c02497u0_typeGuardOfFormInstanceOf.ts	0	0	0	0	1	1	1		
c02498u0_typeGuardOfFormInstanceOfOnInterface.ts	0	0	0	0	1	1	1		
c02499u0_typeGuardOfFormIsType.ts	0	0	0	0	1	1	1		
c02500u0_typeGuardOfFormIsTypeOnInterfaces.ts	0	0	0	0	1	1	1		
c02501u0_typeGuardOfFormNotExpr.ts	0	0	0	0	1	1	1		
c02502u0_typeGuardOfFormThisMember.ts	0	0	0	0	1	1	1		
c02503u0_typeGuardOfFormThisMemberErrors.ts	0	0	0	0	1	1	1		
c02504u0_typeGuardOfFormTypeOfBoolean.ts	0	0	0	0	1	1	1		
c02505u0_typeGuardOfFormTypeOfEqualEqualHasNoEffect.ts	0	0	0	0	1	1	1		
c02506u0_typeGuardOfFormTypeOfFunction.ts	0	0	0	0	1	1	1		
c02507u0_typeGuardOfFormTypeOfIsOrderIndependent.ts	0	0	0	0	1	1	1		
c02508u0_typeGuardOfFormTypeOfNotEqualHasNoEffect.ts	0	0	0	0	1	1	1		
c02509u0_typeGuardOfFormTypeOfNumber.ts	0	0	0	0	1	1	1		
c02510u0_typeGuardOfFormTypeOfOther.ts	0	0	0	0	1	1	1		
c02511u0_typeGuardOfFormTypeOfPrimitiveSubtype.ts	0	0	0	0	1	1	1		
c02512u0_typeGuardOfFormTypeOfString.ts	0	0	0	0	1	1	1		
c02513u0_typeGuardOfFromPropNameInUnionType.ts	0	0	0	0	1	1	1		
c02514u0_typeGuardRedundancy.ts	0	0	0	0	1	1	1		
c02515u0_typeGuardTautologicalConsistiency.ts	0	0	0	0	1	1	1		
c02516u0_typeGuardTypeOfUndefined.ts	0	0	0	0	1	1	1		
c02517u0_typeGuardsDefeat.ts	0	0	0	0	1	1	1		
c02518u0_typeGuardsInClassAccessors.ts	0	0	0	0	1	1	1		
c02519u0_typeGuardsInClassMethods.ts	0	0	0	0	1	1	1		
c02520u0_typeGuardsInConditionalExpression.ts	0	0	0	0	1	1	1		
c02521u0_typeGuardsInDoStatement.ts	0	0	0	0	1	1	1		
c02522u0_typeGuardsInExternalModule.ts	0	0	0	0	1	1	1		
c02523u0_typeGuardsInForStatement.ts	0	0	0	0	1	1	1		
c02524u0_typeGuardsInFunction.ts	0	0	0	0	1	1	1		
c02525u0_typeGuardsInFunctionAndModuleBlock.ts	0	1	0	0	1	1	1		
c02526u0_typeGuardsInGlobal.ts	0	0	0	0	1	1	1		
c02527u0_typeGuardsInIfStatement.ts	0	0	0	0	1	1	1		
c02528u0_typeGuardsInModule.ts	0	1	0	0	1	1	1		
c02529u0_typeGuardsInProperties.ts	0	0	0	0	1	1	1		
c02530u0_typeGuardsInRightOperandOfAndAndOperator.ts	0	0	0	0	1	1	1		
c02531u0_typeGuardsInRightOperandOfOrOrOperator.ts	0	0	0	0	1	1	1		
c02532u0_typeGuardsInWhileStatement.ts	0	0	0	0	1	1	1		
c02533u0_typeGuardsObjectMethods.ts	0	0	0	0	1	1	1		
c02534u0_typeGuardsOnClassProperty.ts	0	0	0	0	1	1	1		
c02535u0_typeGuardsWithAny.ts	0	0	0	0	1	1	1		
c02536u0_typeGuardsWithInstanceOf.ts	0	0	0	0	1	1	1		
c02537u0_typeGuardsWithInstanceOfByConstructorSignature.ts	0	0	0	0	1	1	1		
c02538u0_typeGuardsWithInstanceOfBySymbolHasInstance.ts	0	0	0	0	1	1	1		
c02539u0_typePredicateASI.ts	0	0	0	0	1	1	1		
c02540u0_typePredicateOnVariableDeclaration01.ts	0	0	0	0	1	1	1		
c02541u0_typePredicateOnVariableDeclaration02.ts	0	0	2	2	1	1	1		
c02542u0_typeSatisfaction.ts	0	0	0	0	1	1	1		
c02543u0_a.ts	0	0	0	0	1	1	1		
c02543u1_b.ts	0	0	0	0	1	1	1		
c02544u0_typeSatisfaction_asConstArrays.ts	0	0	0	0	1	1	1		
c02545u0_typeSatisfaction_contextualTyping1.ts	0	0	0	0	1	1	1		
c02546u0_typeSatisfaction_contextualTyping2.ts	0	0	0	0	1	1	1		
c02547u0_typeSatisfaction_contextualTyping3.ts	0	0	0	0	1	1	1		
c02548u0_typeSatisfaction_ensureInterfaceImpl.ts	0	0	0	0	1	1	1		
c02549u0_typeSatisfaction_errorLocations1.ts	0	0	0	0	1	1	1		
c02551u0_typeSatisfaction_optionalMemberConformance.ts	0	0	0	0	1	1	1		
c02552u0_typeSatisfaction_propNameConstraining.ts	0	0	0	0	1	1	1		
c02553u0_typeSatisfaction_propertyNameFulfillment.ts	0	0	0	0	1	1	1		
c02554u0_typeSatisfaction_propertyValueConformance1.ts	0	0	0	0	1	1	1		
c02555u0_typeSatisfaction_propertyValueConformance2.ts	0	0	0	0	1	1	1		
c02556u0_typeSatisfaction_propertyValueConformance3.ts	0	0	0	0	1	1	1		
c02557u0_typeSatisfaction_vacuousIntersectionOfContextualTypes.ts	0	0	0	0	1	1	1		
c02558u0_bitwiseNotOperatorInvalidOperations.ts	0	0	4	4	1	1	1		
c02559u0_bitwiseNotOperatorWithAnyOtherType.ts	0	0	0	0	1	1	1		
c02560u0_bitwiseNotOperatorWithBooleanType.ts	0	0	0	0	1	1	1		
c02561u0_bitwiseNotOperatorWithEnumType.ts	0	0	0	0	1	1	1		
c02562u0_bitwiseNotOperatorWithNumberType.ts	0	0	0	0	1	1	1		
c02563u0_bitwiseNotOperatorWithStringType.ts	0	0	0	0	1	1	1		
c02564u0_decrementOperatorWithAnyOtherType.ts	0	0	0	0	1	1	1		
c02565u0_decrementOperatorWithAnyOtherTypeInvalidOperations.ts	0	0	12	12	1	1	1		
c02566u0_decrementOperatorWithEnumType.ts	0	0	0	0	1	1	1		
c02567u0_decrementOperatorWithEnumTypeInvalidOperations.ts	0	0	0	0	1	1	1		
c02568u0_decrementOperatorWithNumberType.ts	0	0	0	0	1	1	1		
c02569u0_decrementOperatorWithNumberTypeInvalidOperations.ts	0	0	0	0	1	1	1		
c02570u0_decrementOperatorWithUnsupportedBooleanType.ts	0	0	0	0	1	1	1		
c02571u0_decrementOperatorWithUnsupportedStringType.ts	0	0	0	0	1	1	1		
c02572u0_deleteOperatorInvalidOperations.ts	0	0	3	3	1	1	1		
c02573u0_deleteOperatorWithAnyOtherType.ts	0	0	0	0	1	1	1		
c02574u0_deleteOperatorWithBooleanType.ts	0	0	0	0	1	1	1		
c02575u0_deleteOperatorWithEnumType.ts	0	0	0	0	1	1	1		
c02576u0_deleteOperatorWithNumberType.ts	0	0	0	0	1	1	1		
c02577u0_deleteOperatorWithStringType.ts	0	0	0	0	1	1	1		
c02578u0_incrementOperatorWithAnyOtherType.ts	0	0	0	0	1	1	1		
c02579u0_incrementOperatorWithAnyOtherTypeInvalidOperations.ts	0	0	6	6	1	1	1		
c02580u0_incrementOperatorWithEnumType.ts	0	0	0	0	1	1	1		
c02581u0_incrementOperatorWithEnumTypeInvalidOperations.ts	0	0	0	0	1	1	1		
c02582u0_incrementOperatorWithNumberType.ts	0	0	0	0	1	1	1		
c02583u0_incrementOperatorWithNumberTypeInvalidOperations.ts	0	0	0	0	1	1	1		
c02584u0_incrementOperatorWithUnsupportedBooleanType.ts	0	0	0	0	1	1	1		
c02585u0_incrementOperatorWithUnsupportedStringType.ts	0	0	0	0	1	1	1		
c02586u0_logicalNotOperatorInvalidOperations.ts	0	0	1	1	1	1	1		
c02587u0_logicalNotOperatorWithAnyOtherType.ts	0	0	0	0	1	1	1		
c02588u0_logicalNotOperatorWithBooleanType.ts	0	0	0	0	1	1	1		
c02589u0_logicalNotOperatorWithEnumType.ts	0	0	0	0	1	1	1		
c02590u0_logicalNotOperatorWithNumberType.ts	0	0	0	0	1	1	1		
c02591u0_logicalNotOperatorWithStringType.ts	0	0	0	0	1	1	1		
c02592u0_negateOperatorInvalidOperations.ts	0	0	4	4	1	1	1		
c02593u0_negateOperatorWithAnyOtherType.ts	0	0	0	0	1	1	1		
c02594u0_negateOperatorWithBooleanType.ts	0	0	0	0	1	1	1		
c02595u0_negateOperatorWithEnumType.ts	0	0	0	0	1	1	1		
c02596u0_negateOperatorWithNumberType.ts	0	0	0	0	1	1	1		
c02597u0_negateOperatorWithStringType.ts	0	0	0	0	1	1	1		
c02598u0_plusOperatorInvalidOperations.ts	0	0	2	2	1	1	1		
c02599u0_plusOperatorWithAnyOtherType.ts	0	0	0	0	1	1	1		
c02600u0_plusOperatorWithBooleanType.ts	0	0	0	0	1	1	1		
c02601u0_plusOperatorWithEnumType.ts	0	0	0	0	1	1	1		
c02602u0_plusOperatorWithNumberType.ts	0	0	0	0	1	1	1		
c02603u0_plusOperatorWithStringType.ts	0	0	0	0	1	1	1		
c02604u0_typeofOperatorInvalidOperations.ts	0	0	3	3	1	1	1		
c02605u0_typeofOperatorWithAnyOtherType.ts	0	0	0	0	1	1	1		
c02606u0_typeofOperatorWithBooleanType.ts	0	0	0	0	1	1	1		
c02607u0_typeofOperatorWithEnumType.ts	0	0	0	0	1	1	1		
c02608u0_typeofOperatorWithNumberType.ts	0	0	0	0	1	1	1		
c02609u0_typeofOperatorWithStringType.ts	0	0	0	0	1	1	1		
c02610u0_voidOperatorInvalidOperations.ts	0	0	3	3	1	1	1		
c02611u0_voidOperatorWithAnyOtherType.ts	0	0	0	0	1	1	1		
c02612u0_voidOperatorWithBooleanType.ts	0	0	0	0	1	1	1		
c02613u0_voidOperatorWithEnumType.ts	0	0	0	0	1	1	1		
c02614u0_voidOperatorWithNumberType.ts	0	0	0	0	1	1	1		
c02615u0_voidOperatorWithStringType.ts	0	0	0	0	1	1	1		
c02616u0_assignmentToParenthesizedIdentifiers.ts	0	0	0	0	1	1	1		
c02617u0_assignments.ts	0	0	0	0	1	1	1		
c02618u0_foo_0.ts	0	0	0	0	1	1	1		
c02618u1_foo_1.ts	0	0	0	0	1	1	1		
c02619u0_foo_0.ts	0	0	0	0	1	1	1		
c02619u1_foo_1.ts	0	0	0	0	1	1	1		
c02620u0_asiPreventsParsingAsAmbientExternalModule01.ts	0	0	0	0	1	1	1		
c02621u0_asiPreventsParsingAsAmbientExternalModule02.ts	0	0	0	0	1	1	1		
c02622u0_foo1.ts	0	0	0	0	1	1	1		
c02622u1_foo2.ts	0	0	0	0	1	1	1		
c02623u0_foo_0.ts	0	0	0	0	1	1	1		
c02623u1_foo_1.ts	0	0	0	0	1	1	1		
c02624u0_foo_0.ts	0	0	0	0	1	1	1		
c02624u1_foo_1.ts	0	0	0	0	1	1	1		
c02625u0_foo.d.ts	0	0	0	0	1	1	1		
c02626u0_foo1.ts	0	0	0	0	1	1	1		
c02626u1_foo2.ts	0	0	0	0	1	1	1		
c02626u2_foo3.ts	0	0	0	0	1	1	1		
c02626u3_foo4.ts	0	0	0	0	1	1	1		
c02626u4_foo5.ts	0	0	0	0	1	1	1		
c02627u0_es6modulekind.ts	0	0	0	0	1	1	1		
c02628u0_es6modulekindExportClassNameWithObject.ts	0	0	0	0	1	1	1		
c02629u0_es6modulekindWithES2015Target.ts	0	0	0	0	1	1	1		
c02630u0_es6modulekindWithES5Target.ts	0	0	0	0	1	1	1		
c02631u0_es6modulekindWithES5Target10.ts	0	0	0	0	1	1	1		
c02632u0_es6modulekindWithES5Target11.ts	0	0	0	0	1	1	1		
c02633u0_es6modulekindWithES5Target12.ts	0	0	0	0	1	1	1		
c02634u0_es6modulekindWithES5Target2.ts	0	0	0	0	1	1	1		
c02635u0_es6modulekindWithES5Target3.ts	0	0	0	0	1	1	1		
c02636u0_es6modulekindWithES5Target4.ts	0	0	0	0	1	1	1		
c02637u0_es6modulekindWithES5Target5.ts	0	0	0	0	1	1	1		
c02638u0_es6modulekindWithES5Target6.ts	0	0	0	0	1	1	1		
c02639u0_es6modulekindWithES5Target7.ts	0	0	0	0	1	1	1		
c02640u0_es6modulekindWithES5Target8.ts	0	0	0	0	1	1	1		
c02641u0_es6modulekindWithES5Target9.ts	0	0	0	0	1	1	1		
c02642u0_esnextmodulekind.ts	0	0	0	0	1	1	1		
c02643u0_esnextmodulekindWithES2015Target.ts	0	0	0	0	1	1	1		
c02644u0_esnextmodulekindWithES5Target.ts	0	0	0	0	1	1	1		
c02645u0_esnextmodulekindWithES5Target10.ts	0	0	0	0	1	1	1		
c02646u0_esnextmodulekindWithES5Target11.ts	0	0	0	0	1	1	1		
c02647u0_esnextmodulekindWithES5Target12.ts	0	0	0	0	1	1	1		
c02648u0_esnextmodulekindWithES5Target2.ts	0	0	0	0	1	1	1		
c02649u0_esnextmodulekindWithES5Target3.ts	0	0	0	0	1	1	1		
c02650u0_esnextmodulekindWithES5Target4.ts	0	0	0	0	1	1	1		
c02651u0_esnextmodulekindWithES5Target5.ts	0	0	0	0	1	1	1		
c02652u0_esnextmodulekindWithES5Target6.ts	0	0	0	0	1	1	1		
c02653u0_esnextmodulekindWithES5Target7.ts	0	0	0	0	1	1	1		
c02654u0_esnextmodulekindWithES5Target8.ts	0	0	0	0	1	1	1		
c02655u0_esnextmodulekindWithES5Target9.ts	0	0	0	0	1	1	1		
c02656u0_exnextmodulekindExportClassNameWithObject.ts	0	0	0	0	1	1	1		
c02657u0_exportAmbientClassNameWithObject.ts	0	0	0	0	1	1	1		
c02658u0_foo1.ts	0	0	0	0	1	1	1		
c02658u1_foo2.ts	0	0	0	0	1	1	1		
c02659u0_foo1.ts	0	0	0	0	1	1	1		
c02659u1_foo2.ts	0	0	0	0	1	1	1		
c02659u2_foo3.ts	0	0	0	0	1	1	1		
c02660u0_foo1.ts	0	0	0	0	1	1	1		
c02660u1_foo2.ts	0	0	0	0	1	1	1		
c02660u2_foo3.ts	0	0	0	0	1	1	1		
c02660u3_foo4.ts	0	0	0	0	1	1	1		
c02660u4_foo5.ts	0	0	0	0	1	1	1		
c02660u5_foo6.ts	0	0	1	1	1	1	1		
c02660u6_foo7.ts	0	0	0	0	1	1	1		
c02660u7_foo8.ts	0	0	0	0	1	1	1		
c02661u0_expString.ts	0	0	0	0	1	1	1		
c02661u1_expNumber.ts	0	0	0	0	1	1	1		
c02661u2_expBoolean.ts	0	0	0	0	1	1	1		
c02661u3_expArray.ts	0	0	0	0	1	1	1		
c02661u4_expObject.ts	0	0	0	0	1	1	1		
c02661u5_expAny.ts	0	0	0	0	1	1	1		
c02661u6_expGeneric.ts	0	0	0	0	1	1	1		
c02661u7_consumer.ts	0	0	0	0	1	1	1		
c02662u0_foo_0.ts	0	0	0	0	1	1	1		
c02663u0_foo_0.ts	0	0	0	0	1	1	1		
c02663u1_foo_1.ts	0	0	0	0	1	1	1		
c02663u2_foo_2.ts	0	0	0	0	1	1	1		
c02664u0_foo_0.ts	0	0	0	0	1	1	1		
c02664u1_foo_1.ts	0	0	0	0	1	1	1		
c02665u0_foo_0.ts	0	0	0	0	1	1	1		
c02665u1_foo_1.ts	0	0	0	0	1	1	1		
c02666u0_foo_0.ts	0	0	0	0	1	1	1		
c02666u1_foo_1.ts	0	0	0	0	1	1	1		
c02667u0_foo_0.ts	0	0	0	0	1	1	1		
c02667u1_foo_1.ts	0	0	0	0	1	1	1		
c02668u0_main.ts	0	0	0	0	1	1	1		
c02668u1_external.d.ts	0	0	0	0	1	1	1		
c02669u0_foo_0.ts	0	0	0	0	1	1	1		
c02669u1_foo_1.ts	0	0	0	0	1	1	1		
c02670u0_foo_0.ts	0	0	0	0	1	1	1		
c02670u1_foo_1.ts	0	0	0	0	1	1	1		
c02671u0_foo_0.ts	0	0	0	0	1	1	1		
c02671u1_foo_1.ts	0	0	0	0	1	1	1		
c02672u0_foo_0.ts	0	0	0	0	1	1	1		
c02672u1_foo_1.ts	0	0	0	0	1	1	1		
c02673u0_exportClassNameWithObjectAMD.ts	0	0	0	0	1	1	1		
c02674u0_exportClassNameWithObjectCommonJS.ts	0	0	0	0	1	1	1		
c02675u0_exportClassNameWithObjectSystem.ts	0	0	0	0	1	1	1		
c02676u0_exportClassNameWithObjectUMD.ts	0	0	0	0	1	1	1		
c02677u0_foo1.ts	0	0	0	0	1	1	1		
c02677u1_foo2.ts	0	0	0	0	1	1	1		
c02678u0_exportDefaultClassNameWithObject.ts	0	0	0	0	1	1	1		
c02679u0_exportNonInitializedVariablesAMD.ts	0	0	0	0	1	1	1		
c02680u0_exportNonInitializedVariablesCommonJS.ts	0	0	0	0	1	1	1		
c02681u0_exportNonInitializedVariablesES6.ts	0	0	0	0	1	1	1		
c02682u0_exportNonInitializedVariablesInIfThenStatementNoCrash1.ts	0	0	0	0	1	1	1		
c02683u0_exportNonInitializedVariablesSystem.ts	0	0	0	0	1	1	1		
c02684u0_exportNonInitializedVariablesUMD.ts	0	0	0	0	1	1	1		
c02685u0_exportNonLocalDeclarations.ts	0	0	0	0	1	1	1		
c02686u0_foo1.ts	0	0	0	0	1	1	1		
c02686u1_foo2.ts	0	0	0	0	1	1	1		
c02686u2_foo3.ts	0	0	0	0	1	1	1		
c02687u0_usage.ts	0	0	0	0	1	1	1		
c02687u1_Something.ts	0	0	0	0	1	1	1		
c02687u2_prelude.ts	0	0	0	0	1	1	1		
c02688u0_a.ts	0	0	0	0	1	1	1		
c02689u0_foo_0.ts	0	0	0	0	1	1	1		
c02689u1_foo_1.ts	0	0	0	0	1	1	1		
c02689u2_foo_2.ts	0	0	0	0	1	1	1		
c02690u0_foo_0.ts	0	0	0	0	1	1	1		
c02690u1_foo_1.ts	0	0	0	0	1	1	1		
c02691u0_foo_0.ts	0	0	0	0	1	1	1		
c02692u0_foo_0.d.ts	0	0	0	0	1	1	1		
c02692u1_foo_0.ts	0	0	0	0	1	1	1		
c02692u2_foo_1.ts	0	0	0	0	1	1	1		
c02693u0_a.ts	0	0	0	0	1	1	1		
c02693u1_b.ts	0	0	0	0	1	1	1		
c02694u0_file1.d.ts	0	0	0	0	1	1	1		
c02695u0_0.ts	0	0	0	0	1	1	1		
c02695u1_1.ts	0	0	3	3	1	1	1		
c02696u0_0.ts	0	0	0	0	1	1	1		
c02696u1_1.ts	0	0	3	3	1	1	1		
c02697u0_0.ts	0	0	0	0	1	1	1		
c02697u1_1.ts	0	0	3	3	1	1	1		
c02698u0_a.ts	0	0	0	0	1	1	1		
c02698u1_b.ts	0	0	0	0	1	1	1		
c02698u2_d.ts	0	0	0	0	1	1	1		
c02698u3_jquery.d.ts	0	0	0	0	1	1	1		
c02698u4_jquery_user_1.ts	0	0	0	0	1	1	1		
c02698u5_jquery_user_1.ts	0	0	0	0	1	1	1		
c02699u0_foo.mts	0	0	0	0	1	1	1		
c02699u1_bar.mts	0	0	0	0	1	1	1		
c02700u0_buzz.mts	0	0	0	0	1	1	1		
c02701u0_foo.tsx	0	0	0	0	1	1	1		
c02701u1_bar.mts	0	0	0	0	1	1	1		
c02702u0_foo.tsx	0	0	0	0	1	1	1		
c02702u1_bar.mts	0	0	0	0	1	1	1		
c02703u0_buzz.mts	0	0	0	0	1	1	1		
c02704u0_bar.cts	0	0	0	0	1	1	1		
c02705u0_bar.cts	0	0	0	0	1	1	1		
c02706u0_bar.cts	0	0	0	0	1	1	1		
c02707u0_file1.ts	0	0	0	0	1	1	1		
c02707u1_file2.ts	0	0	0	0	1	1	1		
c02707u2_file3.ts	0	0	0	0	1	1	1		
c02707u3_file4.ts	0	0	0	0	1	1	1		
c02707u4_file5.ts	0	0	0	0	1	1	1		
c02708u0_multipleExportDefault1.ts	0	0	0	0	1	1	1		
c02709u0_multipleExportDefault2.ts	0	0	0	0	1	1	1		
c02710u0_multipleExportDefault3.ts	0	0	0	0	1	1	1		
c02711u0_multipleExportDefault4.ts	0	0	0	0	1	1	1		
c02712u0_multipleExportDefault5.ts	0	0	0	0	1	1	1		
c02713u0_multipleExportDefault6.ts	0	0	0	0	1	1	1		
c02714u0_foo_0.ts	0	0	0	0	1	1	1		
c02714u1_foo_1.ts	0	0	0	0	1	1	1		
c02715u0_foo_0.ts	0	0	0	0	1	1	1		
c02715u1_foo_1.ts	0	0	0	0	1	1	1		
c02716u0_foo_0.ts	0	0	0	0	1	1	1		
c02716u1_foo_1.ts	0	0	0	0	1	1	1		
c02716u2_foo_2.ts	0	0	0	0	1	1	1		
c02716u3_foo_3.ts	0	0	0	0	1	1	1		
c02717u0_foo1.ts	0	0	0	0	1	1	1		
c02717u1_foo2.ts	0	0	0	0	1	1	1		
c02717u2_foo3.ts	0	0	0	0	1	1	1		
c02718u0_foo_0.ts	0	0	0	0	1	1	1		
c02718u1_foo_1.ts	0	0	0	0	1	1	1		
c02719u0_foo.d.ts	0	0	0	0	1	1	1		
c02719u1_other.d.ts	0	0	0	0	1	1	1		
c02719u2_relMod.d.ts	0	0	0	0	1	1	1		
c02719u3_file1.ts	0	0	0	0	1	1	1		
c02720u0_index.ts	0	0	0	0	1	1	1		
c02720u1_index.ts	0	0	0	0	1	1	1		
c02721u0_globals.d.ts	0	0	0	0	1	1	1		
c02721u1_main.ts	0	0	0	0	1	1	1		
c02721u3_no.ts	0	0	0	0	1	1	1		
c02721u4_lol.ts	0	0	0	0	1	1	1		
c02722u1_b.ts	0	0	0	0	1	1	1		
c02723u0_add.ts	0	0	0	0	1	1	1		
c02723u1_index.ts	0	0	0	0	1	1	1		
c02724u0_styles.d.css.ts	0	0	0	0	1	1	1		
c02724u1_index.mts	0	0	0	0	1	1	1		
c02725u0_foo.ts	0	0	0	0	1	1	1		
c02725u1_foo.ts	0	0	0	0	1	1	1		
c02725u2_index.ts	0	0	0	0	1	1	1		
c02726u0_foo_0.ts	0	0	0	0	1	1	1		
c02726u1_foo_1.ts	0	0	0	0	1	1	1		
c02727u0_index.ts	0	0	0	0	1	1	1		
c02727u1_other.ts	0	0	0	0	1	1	1		
c02728u0_topLevelAwait.2.ts	0	0	0	0	1	1	1		
c02729u0_index.d.ts	0	0	0	0	1	1	1		
c02730u0_topLevelAwaitErrors.1.ts	0	0	15	15	1	1	1		
c02731u0_index.ts	0	0	0	0	1	1	1		
c02731u1_other.ts	0	0	0	0	1	1	1		
c02732u0_index.ts	0	0	0	0	1	1	1		
c02732u1_other.ts	0	0	0	0	1	1	1		
c02733u0_topLevelAwaitErrors.12.ts	0	0	0	0	1	1	1		
c02734u0_topLevelAwaitErrors.2.ts	0	0	0	0	1	1	1		
c02735u0_topLevelAwaitErrors.3.ts	0	0	0	0	1	1	1		
c02736u0_topLevelAwaitErrors.4.ts	0	0	0	0	1	1	1		
c02737u0_topLevelAwaitErrors.5.ts	0	0	0	0	1	1	1		
c02738u0_topLevelAwaitErrors.6.ts	0	0	0	0	1	1	1		
c02739u0_index.ts	0	0	0	0	1	1	1		
c02739u1_other.ts	0	0	0	0	1	1	1		
c02740u0_index.ts	0	0	0	0	1	1	1		
c02740u1_other.ts	0	0	0	0	1	1	1		
c02741u0_index.ts	0	0	0	0	1	1	1		
c02741u1_other.ts	0	0	0	0	1	1	1		
c02742u0_topLevelAwaitNonModule.ts	0	0	0	0	1	1	1		
c02743u0_foo_0.ts	0	0	0	0	1	1	1		
c02743u1_fum.d.ts	0	0	0	0	1	1	1		
c02743u2_foo_1.ts	0	0	0	0	1	1	1		
c02744u0_foo_0.ts	0	0	0	0	1	1	1		
c02744u1_foo_1.ts	0	0	0	0	1	1	1		
c02745u0_index.ts	0	0	0	0	1	1	1		
c02745u1_foo_1.ts	0	0	0	0	1	1	1		
c02745u2_foo_2.ts	0	0	0	0	1	1	1		
c02746u0_constants.ts	0	0	0	0	1	1	1		
c02746u1_drink.ts	0	0	0	0	1	1	1		
c02746u2_index.ts	0	0	0	0	1	1	1		
c02747u0_a.ts	0	0	0	0	1	1	1		
c02747u1_a.d.ts	0	0	0	0	1	1	1		
c02747u2_b.ts	0	0	0	0	1	1	1		
c02747u3_c.ts	0	0	0	0	1	1	1		
c02748u0_a.ts	0	0	0	0	1	1	1		
c02748u1_b.ts	0	0	0	0	1	1	1		
c02749u0_a.ts	0	0	0	0	1	1	1		
c02749u1_b.ts	0	0	0	0	1	1	1		
c02749u2_c.ts	0	0	0	0	1	1	1		
c02749u3_d.ts	0	0	0	0	1	1	1		
c02750u0_a.ts	0	0	0	0	1	1	1		
c02750u1_b.ts	0	0	0	0	1	1	1		
c02750u2_c.ts	0	0	0	0	1	1	1		
c02750u3_d.ts	0	0	0	0	1	1	1		
c02751u0_a.ts	0	0	0	0	1	1	1		
c02751u1_b.ts	0	0	0	0	1	1	1		
c02752u0_a.ts	0	0	0	0	1	1	1		
c02752u1_b.ts	0	0	0	0	1	1	1		
c02753u0_a.ts	0	0	0	0	1	1	1		
c02753u1_b.ts	0	0	0	0	1	1	1		
c02754u0_a.ts	0	0	0	0	1	1	1		
c02754u1_b.ts	0	0	0	0	1	1	1		
c02755u0_index.d.ts	0	0	0	0	1	1	1		
c02755u1_index.ts	0	0	0	0	1	1	1		
c02756u0_framework-hooks.ts	0	0	0	0	1	1	1		
c02756u1_component.ts	0	0	0	0	1	1	1		
c02757u0_a.ts	0	0	0	0	1	1	1		
c02757u1_b.ts	0	0	0	0	1	1	1		
c02757u2_c.ts	0	0	0	0	1	1	1		
c02758u0_a.ts	0	0	0	0	1	1	1		
c02758u1_b.ts	0	0	0	0	1	1	1		
c02758u2_c.ts	0	0	0	0	1	1	1		
c02758u3_d.ts	0	0	0	0	1	1	1		
c02759u0_exportDeclaration_missingBraces.ts	0	0	5	5	1	1	1		
c02760u0_a.ts	0	0	0	0	1	1	1		
c02760u1_b.ts	0	0	0	0	1	1	1		
c02761u0_a.ts	0	0	0	0	1	1	1		
c02761u1_b.ts	0	0	0	0	1	1	1		
c02761u2_c.ts	0	0	0	0	1	1	1		
c02762u0_a.ts	0	0	0	0	1	1	1		
c02762u1_b.ts	0	0	0	0	1	1	1		
c02763u0_a.ts	0	0	0	0	1	1	1		
c02763u1_b.ts	0	0	0	0	1	1	1		
c02763u2_c.ts	0	0	0	0	1	1	1		
c02763u3_d.ts	0	0	0	0	1	1	1		
c02763u4_e.ts	0	0	0	0	1	1	1		
c02763u5_f.ts	0	0	0	0	1	1	1		
c02763u6_g.ts	0	0	0	0	1	1	1		
c02764u0_a.ts	0	0	0	0	1	1	1		
c02764u1_b.ts	0	0	0	0	1	1	1		
c02764u2_c.ts	0	0	0	0	1	1	1		
c02764u3_d.ts	0	0	0	0	1	1	1		
c02765u0_a.ts	0	0	0	0	1	1	1		
c02765u1_b.ts	0	0	0	0	1	1	1		
c02765u2_c.ts	0	0	0	0	1	1	1		
c02766u0_main.ts	0	0	0	0	1	1	1		
c02766u1_intermediate.ts	0	0	0	0	1	1	1		
c02766u2_ghost.ts	0	0	0	0	1	1	1		
c02767u0_main.ts	0	0	0	0	1	1	1		
c02767u1_types.ts	0	0	0	0	1	1	1		
c02767u2_values.ts	0	0	0	0	1	1	1		
c02768u0_a.ts	0	0	0	0	1	1	1		
c02768u1_b.ts	0	0	0	0	1	1	1		
c02768u2_c.ts	0	0	0	0	1	1	1		
c02768u3_d.ts	0	0	0	0	1	1	1		
c02769u0_a.ts	0	0	0	0	1	1	1		
c02769u1_b.ts	0	0	0	0	1	1	1		
c02769u2_c.ts	0	0	0	0	1	1	1		
c02769u3_d.ts	0	0	0	0	1	1	1		
c02770u0_a.ts	0	0	0	0	1	1	1		
c02770u1_b.ts	0	0	0	0	1	1	1		
c02770u2_c.ts	0	0	0	0	1	1	1		
c02770u3_d.ts	0	0	0	0	1	1	1		
c02770u4_e.ts	0	0	0	0	1	1	1		
c02771u0_a.ts	0	0	0	0	1	1	1		
c02771u1_b.ts	0	0	0	0	1	1	1		
c02771u2_c.ts	0	0	0	0	1	1	1		
c02771u3_d.ts	0	0	0	0	1	1	1		
c02771u4_e.ts	0	0	0	0	1	1	1		
c02772u0_a.ts	0	0	0	0	1	1	1		
c02772u1_b.ts	0	0	0	0	1	1	1		
c02772u2_c.ts	0	0	0	0	1	1	1		
c02772u3_d.ts	0	0	0	0	1	1	1		
c02773u0_a.ts	0	0	0	0	1	1	1		
c02773u1_b.ts	0	0	0	0	1	1	1		
c02773u2_c.ts	0	0	0	0	1	1	1		
c02773u3_d.ts	0	0	0	0	1	1	1		
c02773u4_e.ts	0	0	0	0	1	1	1		
c02774u0_a.ts	0	0	0	0	1	1	1		
c02774u1_b.ts	0	0	0	0	1	1	1		
c02774u2_c.ts	0	0	0	0	1	1	1		
c02774u3_d.ts	0	0	0	0	1	1	1		
c02775u0_a.ts	0	0	0	0	1	1	1		
c02775u1_b.ts	0	0	0	0	1	1	1		
c02775u2_c.ts	0	0	0	0	1	1	1		
c02775u3_d.ts	0	0	0	0	1	1	1		
c02775u4_e.ts	0	0	0	0	1	1	1		
c02775u5_f.ts	0	0	0	0	1	1	1		
c02775u6_g.ts	0	0	0	0	1	1	1		
c02777u0_imports.ts	0	0	0	0	1	1	1		
c02777u1_exports.ts	0	0	0	0	1	1	1		
c02779u0_types.ts	0	0	0	0	1	1	1		
c02779u1_ns.ts	0	0	0	0	1	1	1		
c02779u2_index.ts	0	0	0	0	1	1	1		
c02780u0_ns.ts	0	0	0	0	1	1	1		
c02780u1_a.ts	0	0	0	0	1	1	1		
c02781u0_a.ts	0	0	0	0	1	1	1		
c02781u1_b.ts	0	0	0	0	1	1	1		
c02782u0_a.ts	0	0	0	0	1	1	1		
c02782u1_b.ts	0	0	0	0	1	1	1		
c02782u3_c.ts	0	0	0	0	1	1	1		
c02783u0_types.ts	0	0	0	0	1	1	1		
c02783u1_ns.ts	0	0	0	0	1	1	1		
c02783u2_index.ts	0	0	0	0	1	1	1		
c02784u0_a.ts	0	0	0	0	1	1	1		
c02784u1_b.ts	0	0	0	0	1	1	1		
c02785u0_abc.ts	0	0	0	0	1	1	1		
c02785u1_d.ts	0	0	0	0	1	1	1		
c02786u0_a.ts	0	0	0	0	1	1	1		
c02786u1_b.ts	0	0	0	0	1	1	1		
c02787u0_a.ts	0	0	0	0	1	1	1		
c02787u1_b.ts	0	0	0	0	1	1	1		
c02788u0_a.ts	0	0	0	0	1	1	1		
c02788u1_b.ts	0	0	0	0	1	1	1		
c02789u0_a.ts	0	0	0	0	1	1	1		
c02789u1_b.ts	0	0	0	0	1	1	1		
c02790u0_a.ts	0	0	0	0	1	1	1		
c02790u1_b.ts	0	0	0	0	1	1	1		
c02790u2_c.ts	0	0	0	0	1	1	1		
c02790u3_d.ts	0	0	0	0	1	1	1		
c02790u4_e.ts	0	0	0	0	1	1	1		
c02790u5_f.ts	0	0	0	0	1	1	1		
c02790u6_g.ts	0	0	0	0	1	1	1		
c02791u0_a.ts	0	0	0	0	1	1	1		
c02791u1_b.ts	0	0	0	0	1	1	1		
c02791u2_c.ts	0	0	0	0	1	1	1		
c02792u0_a.ts	0	0	0	0	1	1	1		
c02792u1_b.ts	0	0	0	0	1	1	1		
c02792u2_c.ts	0	0	0	0	1	1	1		
c02793u0_a.ts	0	0	0	0	1	1	1		
c02793u1_b.ts	0	0	0	0	1	1	1		
c02793u2_c.ts	0	0	0	0	1	1	1		
c02794u0_mod.ts	0	0	0	0	1	1	1		
c02794u1_a.ts	0	0	0	0	1	1	1		
c02794u2_b.ts	0	0	0	0	1	1	1		
c02794u3_c.ts	0	0	0	0	1	1	1		
c02794u4_d.ts	0	0	1	1	1	1	1		
c02794u5_e.ts	0	0	0	0	1	1	1		
c02794u6_f.ts	0	0	3	3	1	1	1		
c02794u7_g.ts	0	0	0	0	1	1	1		
c02795u0_a.ts	0	0	0	0	1	1	1		
c02796u0_a.ts	0	0	0	0	1	1	1		
c02796u10_k.ts	0	0	0	0	1	1	1		
c02796u11_l.ts	0	0	0	0	1	1	1		
c02796u12_j.ts	0	0	0	0	1	1	1		
c02796u1_b.ts	0	0	0	0	1	1	1		
c02796u2_c.ts	0	0	0	0	1	1	1		
c02796u3_d.ts	0	0	0	0	1	1	1		
c02796u4_e.ts	0	0	0	0	1	1	1		
c02796u5_f.ts	0	0	0	0	1	1	1		
c02796u6_g.ts	0	0	0	0	1	1	1		
c02796u7_h.ts	0	0	0	0	1	1	1		
c02796u8_i.ts	0	0	0	0	1	1	1		
c02796u9_j.ts	0	0	0	0	1	1	1		
c02797u0_a.ts	0	0	0	0	1	1	1		
c02797u1_b.ts	0	0	0	0	1	1	1		
c02798u0_a.ts	0	0	0	0	1	1	1		
c02798u1_b.ts	0	0	0	0	1	1	1		
c02799u0_z.ts	0	0	0	0	1	1	1		
c02799u1_a.ts	0	0	0	0	1	1	1		
c02799u2_b.ts	0	0	0	0	1	1	1		
c02800u0_a.ts	0	0	0	0	1	1	1		
c02800u1_b.ts	0	0	0	0	1	1	1		
c02801u0_a.ts	0	0	0	0	1	1	1		
c02801u1_b.ts	0	0	0	0	1	1	1		
c02802u0_a.ts	0	0	0	0	1	1	1		
c02802u1_b.ts	0	0	0	0	1	1	1		
c02803u0_a.ts	0	0	0	0	1	1	1		
c02803u1_b.ts	0	0	0	0	1	1	1		
c02804u0_a.ts	0	0	0	0	1	1	1		
c02804u1_b.ts	0	0	0	0	1	1	1		
c02804u2_c.ts	0	0	0	0	1	1	1		
c02804u3_d.ts	0	0	0	0	1	1	1		
c02804u4_e.ts	0	0	0	0	1	1	1		
c02804u5_f.ts	0	0	0	0	1	1	1		
c02805u0_a.ts	0	0	0	0	1	1	1		
c02805u1_b.ts	0	0	0	0	1	1	1		
c02805u2_c.ts	0	0	0	0	1	1	1		
c02805u3_c.fixed.ts	0	0	0	0	1	1	1		
c02805u4_d.ts	0	0	0	0	1	1	1		
c02805u5_d.fixed.ts	0	0	0	0	1	1	1		
c02805u6_e.ts	0	0	0	0	1	1	1		
c02805u7_e.fixed.ts	0	0	0	0	1	1	1		
c02805u8_f.ts	0	0	0	0	1	1	1		
c02805u9_f.fixed.ts	0	0	0	0	1	1	1		
c02806u0_mod.ts	0	0	0	0	1	1	1		
c02806u1_index.ts	0	0	0	0	1	1	1		
c02806u2_reexport.ts	0	0	0	0	1	1	1		
c02807u0_exports.ts	0	0	0	0	1	1	1		
c02807u1_index.ts	0	0	0	0	1	1	1		
c02807u2_index.fixed.ts	0	0	0	0	1	1	1		
c02808u0_preserveValueImports_module.ts	0	0	0	0	1	1	1		
c02809u0_a.ts	0	0	0	0	1	1	1		
c02809u1_b.ts	0	0	0	0	1	1	1		
c02809u2_c.ts	0	0	0	0	1	1	1		
c02810u0_module.mts	0	0	0	0	1	1	1		
c02810u1_common.cts	0	0	0	0	1	1	1		
c02811u0_a.ts	0	0	0	0	1	1	1		
c02811u1_b.ts	0	0	0	0	1	1	1		
c02812u0_a.ts	0	0	0	0	1	1	1		
c02812u1_b.ts	0	0	0	0	1	1	1		
c02812u2_c.ts	0	0	0	0	1	1	1		
c02813u0_a.ts	0	0	0	0	1	1	1		
c02813u1_b.ts	0	0	0	0	1	1	1		
c02813u2_c.ts	0	0	0	0	1	1	1		
c02813u3_d.ts	0	0	0	0	1	1	1		
c02814u0_a.ts	0	0	0	0	1	1	1		
c02814u1_b.ts	0	0	0	0	1	1	1		
c02814u2_c.ts	0	0	0	0	1	1	1		
c02815u0_other.ts	0	0	0	0	1	1	1		
c02815u1_main.ts	0	0	0	0	1	1	1		
c02816u0_foo_0.ts	0	0	0	0	1	1	1		
c02816u1_foo_1.ts	0	0	0	0	1	1	1		
c02817u0_index.d.ts	0	0	0	0	1	1	1		
c02817u1_math2d-augment.d.ts	0	0	0	0	1	1	1		
c02817u2_b.ts	0	0	0	0	1	1	1		
c02818u0_index.d.ts	0	0	0	0	1	1	1		
c02818u1_math2d-augment.d.ts	0	0	0	0	1	1	1		
c02818u2_a.ts	0	0	0	0	1	1	1		
c02819u0_index.d.ts	0	0	0	0	1	1	1		
c02819u1_math2d-augment.d.ts	0	0	0	0	1	1	1		
c02819u2_b.ts	0	0	0	0	1	1	1		
c02820u0_index.d.ts	0	0	0	0	1	1	1		
c02820u1_math2d-augment.d.ts	0	0	0	0	1	1	1		
c02820u2_a.ts	0	0	0	0	1	1	1		
c02821u0_err1.d.ts	0	0	0	0	1	1	1		
c02821u1_err2.d.ts	0	0	0	0	1	1	1		
c02821u2_err3.d.ts	0	0	1	1	1	1	1		
c02821u3_err4.d.ts	0	0	0	0	1	1	1		
c02821u4_err5.ts	0	0	0	0	1	1	1		
c02822u0_foo.d.ts	0	0	0	0	1	1	1		
c02822u1_a.ts	0	0	0	0	1	1	1		
c02823u0_foo.d.ts	0	0	0	0	1	1	1		
c02823u1_a.ts	0	0	0	0	1	1	1		
c02824u0_foo.d.ts	0	0	0	0	1	1	1		
c02824u1_a.ts	0	0	0	0	1	1	1		
c02825u0_foo.d.ts	0	0	0	0	1	1	1		
c02825u1_a.ts	0	0	0	0	1	1	1		
c02826u0_foo.d.ts	0	0	0	0	1	1	1		
c02826u1_a.ts	0	0	0	0	1	1	1		
c02827u0_foo.d.ts	0	0	0	0	1	1	1		
c02827u1_a.ts	0	0	0	0	1	1	1		
c02828u0_foo.d.ts	0	0	0	0	1	1	1		
c02828u1_a.ts	0	0	0	0	1	1	1		
c02829u0_foo.d.ts	0	0	0	0	1	1	1		
c02829u1_a.ts	0	0	0	0	1	1	1		
c02830u0_foo.d.ts	0	0	0	0	1	1	1		
c02830u1_a.ts	0	0	0	0	1	1	1		
c02831u0_a.ts	0	0	0	0	1	1	1		
c02831u1_b.ts	0	0	0	0	1	1	1		
c02831u2_c.ts	0	0	0	0	1	1	1		
c02832u0_index.d.ts	0	0	0	0	1	1	1		
c02832u1_a.ts	0	0	0	0	1	1	1		
c02832u2_b.ts	0	0	0	0	1	1	1		
c02833u0_verbatimModuleSyntaxCompat.ts	0	0	0	0	1	1	1		
c02834u0_index.ts	0	0	0	0	1	1	1		
c02835u0_index.ts	0	0	0	0	1	1	1		
c02836u0_index.ts	0	0	0	0	1	1	1		
c02837u0_verbatimModuleSyntaxConstEnum.ts	0	0	0	0	1	1	1		
c02838u0_foo.ts	0	0	0	0	1	1	1		
c02838u1_bar.ts	0	0	0	0	1	1	1		
c02839u0_type1.d.ts	0	0	0	0	1	1	1		
c02839u1_type2.d.ts	0	0	0	0	1	1	1		
c02840u0_verbatimModuleSyntaxInternalImportEquals.ts	0	0	0	0	1	1	1		
c02841u0_a.ts	0	0	0	0	1	1	1		
c02841u1_b.ts	0	0	0	0	1	1	1		
c02841u2_c.ts	0	0	0	0	1	1	1		
c02841u3_d.ts	0	0	0	0	1	1	1		
c02841u4_e.d.ts	0	0	0	0	1	1	1		
c02841u5_f.ts	0	0	0	0	1	1	1		
c02841u6_z.ts	0	0	0	0	1	1	1		
c02842u0_a.ts	0	0	0	0	1	1	1		
c02842u1_b.ts	0	0	0	0	1	1	1		
c02842u2_c.ts	0	0	0	0	1	1	1		
c02842u3_main4.ts	0	0	0	0	1	1	1		
c02842u4_main5.ts	0	0	0	0	1	1	1		
c02842u5_main6.ts	0	0	0	0	1	1	1		
c02842u6_main7.ts	0	0	0	0	1	1	1		
c02843u0_decl.d.ts	0	0	0	0	1	1	1		
c02843u1_ambient.d.ts	0	0	0	0	1	1	1		
c02843u2_main.ts	0	0	0	0	1	1	1		
c02843u3_main2.ts	0	0	0	0	1	1	1		
c02843u4_main3.ts	0	0	0	0	1	1	1		
c02843u5_main4.ts	0	0	0	0	1	1	1		
c02843u6_main5.ts	0	0	0	0	1	1	1		
c02843u7_main6.ts	0	0	0	0	1	1	1		
c02843u8_main7.ts	0	0	0	0	1	1	1		
c02844u0_decl.d.ts	0	0	0	0	1	1	1		
c02844u1_ambient.d.ts	0	0	0	0	1	1	1		
c02844u2_types.ts	0	0	0	0	1	1	1		
c02844u3_main.ts	0	0	0	0	1	1	1		
c02844u4_ns.ts	0	0	0	0	1	1	1		
c02845u0_fixSignatureCaching.ts	1	0	0	0	0	1	1		JSDocClassTag,JSDocMemberName
c02846u0_functionImplementationErrors.ts	0	0	0	0	1	1	1		
c02847u0_functionImplementations.ts	0	0	0	0	1	1	1		
c02848u0_functionNameConflicts.ts	0	0	0	0	1	1	1		
c02849u0_functionOverloadCompatibilityWithVoid01.ts	0	0	0	0	1	1	1		
c02850u0_functionOverloadCompatibilityWithVoid02.ts	0	0	0	0	1	1	1		
c02851u0_functionOverloadCompatibilityWithVoid03.ts	0	0	0	0	1	1	1		
c02852u0_functionOverloadErrors.ts	0	0	0	0	1	1	1		
c02853u0_functionOverloadErrorsSyntax.ts	0	0	0	0	1	1	1		
c02854u0_functionParameterObjectRestAndInitializers.ts	0	0	0	0	1	1	1		
c02855u0_functionWithUseStrictAndSimpleParameterList.ts	0	0	0	0	1	1	1		
c02856u0_functionWithUseStrictAndSimpleParameterList_es2016.ts	0	0	0	0	1	1	1		
c02857u0_parameterInitializersBackwardReferencing.ts	0	0	0	0	1	1	1		
c02858u0_parameterInitializersForwardReferencing.2.ts	0	0	0	0	1	1	1		
c02859u0_parameterInitializersForwardReferencing.ts	0	0	0	0	1	1	1		
c02860u0_parameterInitializersForwardReferencing1.ts	0	0	0	0	1	1	1		
c02861u0_parameterInitializersForwardReferencing1_es6.ts	0	0	0	0	1	1	1		
c02862u0_strictBindCallApply1.ts	0	0	0	0	1	1	1		
c02863u0_strictBindCallApply2.ts	0	0	0	0	1	1	1		
c02864u0_generatorAssignability.ts	0	0	0	0	1	1	1		
c02865u0_generatorExplicitReturnType.ts	0	0	0	0	1	1	1		
c02866u0_generatorImplicitAny.ts	0	0	0	0	1	1	1		
c02867u0_generatorReturnContextualType.ts	0	0	0	0	1	1	1		
c02868u0_generatorReturnTypeFallback.1.ts	0	0	0	0	1	1	1		
c02869u0_generatorReturnTypeFallback.2.ts	0	0	0	0	1	1	1		
c02870u0_generatorReturnTypeFallback.3.ts	0	0	0	0	1	1	1		
c02871u0_generatorReturnTypeFallback.4.ts	0	0	0	0	1	1	1		
c02872u0_generatorReturnTypeFallback.5.ts	0	0	0	0	1	1	1		
c02873u0_generatorReturnTypeIndirectReferenceToGlobalType.ts	0	0	0	0	1	1	1		
c02874u0_generatorReturnTypeInference.ts	0	0	0	0	1	1	1		
c02875u0_generatorReturnTypeInferenceNonStrict.ts	0	0	0	0	1	1	1		
c02876u0_generatorYieldContextualType.ts	0	0	0	0	1	1	1		
c02877u0_restParameterInDownlevelGenerator.ts	0	0	0	0	1	1	1		
c02878u0_yieldStatementNoAsiAfterTransform.ts	0	0	0	0	1	1	1		
c02879u0_0.ts	0	0	0	0	1	1	1		
c02879u1_1.ts	0	0	0	0	1	1	1		
c02879u2_2.ts	0	0	0	0	1	1	1		
c02879u3_3.ts	0	0	0	0	1	1	1		
c02880u0_0.ts	0	0	0	0	1	1	1		
c02880u1_1.ts	0	0	0	0	1	1	1		
c02880u2_2.ts	0	0	0	0	1	1	1		
c02881u0_0.ts	0	0	0	0	1	1	1		
c02881u1_1.ts	0	0	0	0	1	1	1		
c02881u2_2.ts	0	0	0	0	1	1	1		
c02882u0_importAssertion4.ts	0	0	1	1	1	1	1		
c02883u0_importAssertion5.ts	0	0	1	1	1	1	1		
c02884u0_0.ts	0	0	0	0	1	1	1		
c02884u1_1.ts	0	0	0	0	1	1	1		
c02884u2_2.ts	0	0	0	0	1	1	1		
c02884u3_3.ts	0	0	0	0	1	1	1		
c02885u0_b.ts	0	0	4	4	1	1	1		
c02886u0_b.mts	0	0	0	0	1	1	1		
c02887u0_0.ts	0	0	0	0	1	1	1		
c02887u1_1.ts	0	0	0	0	1	1	1		
c02887u2_2.ts	0	0	0	0	1	1	1		
c02888u0_0.ts	0	0	0	0	1	1	1		
c02888u1_1.ts	0	0	0	0	1	1	1		
c02888u2_2.ts	0	0	0	0	1	1	1		
c02889u0_importAttributes4.ts	0	0	1	1	1	1	1		
c02890u0_importAttributes5.ts	0	0	1	1	1	1	1		
c02891u0_mod.mts	0	0	0	0	1	1	1		
c02892u0_a.ts	0	0	0	0	1	1	1		
c02892u1_b.ts	0	0	0	0	1	1	1		
c02893u0_a.ts	0	0	0	0	1	1	1		
c02893u1_b.ts	0	0	0	0	1	1	1		
c02894u0_a.ts	0	0	0	0	1	1	1		
c02894u1_b.ts	0	0	0	0	1	1	1		
c02895u0_a.ts	0	0	0	0	1	1	1		
c02895u1_b.ts	0	0	0	0	1	1	1		
c02896u0_b.ts	0	0	0	0	1	1	1		
c02897u0_a.ts	0	0	0	0	1	1	1		
c02897u1_b.ts	0	0	3	3	1	1	1		
c02898u0_a.ts	0	0	0	0	1	1	1		
c02898u1_b.ts	0	0	0	0	1	1	1		
c02899u0_a.ts	0	0	0	0	1	1	1		
c02899u1_b.ts	0	0	0	0	1	1	1		
c02900u0_a.ts	0	0	0	0	1	1	1		
c02900u1_b.ts	0	0	0	0	1	1	1		
c02901u0_a.ts	0	0	0	0	1	1	1		
c02901u1_b.ts	0	0	0	0	1	1	1		
c02902u0_a.ts	0	0	0	0	1	1	1		
c02902u1_b.ts	0	0	0	0	1	1	1		
c02903u0_a.ts	0	0	0	0	1	1	1		
c02903u1_b.ts	0	0	0	0	1	1	1		
c02904u0_a.ts	0	0	0	0	1	1	1		
c02904u1_b.ts	0	0	0	0	1	1	1		
c02905u0_a.ts	0	0	0	0	1	1	1		
c02905u1_b.ts	0	0	0	0	1	1	1		
c02906u0_a.ts	0	0	0	0	1	1	1		
c02906u1_b.ts	0	0	0	0	1	1	1		
c02907u0_a.ts	0	0	0	0	1	1	1		
c02907u1_b.ts	0	0	3	3	1	1	1		
c02908u0_a.ts	0	0	0	0	1	1	1		
c02908u1_b.ts	0	0	3	3	1	1	1		
c02909u0_a.ts	0	0	0	0	1	1	1		
c02909u1_b.ts	0	0	0	0	1	1	1		
c02910u0_b.ts	0	0	0	0	1	1	1		
c02911u0_a.ts	0	0	0	0	1	1	1		
c02911u1_b.ts	0	0	2	2	1	1	1		
c02912u0_inferFromBindingPattern.ts	0	0	0	0	1	1	1		
c02913u0_genericAndNonGenericInterfaceWithTheSameName.ts	0	0	0	0	1	1	1		
c02914u0_genericAndNonGenericInterfaceWithTheSameName2.ts	0	0	0	0	1	1	1		
c02915u0_mergeThreeInterfaces.ts	0	0	0	0	1	1	1		
c02916u0_mergeThreeInterfaces2.ts	0	0	0	0	1	1	1		
c02917u0_mergeTwoInterfaces.ts	0	0	0	0	1	1	1		
c02918u0_mergeTwoInterfaces2.ts	0	0	0	0	1	1	1		
c02919u0_mergedInheritedMembersSatisfyAbstractBase.ts	0	0	0	0	1	1	1		
c02920u0_mergedInterfacesWithConflictingPropertyNames.ts	0	0	0	0	1	1	1		
c02921u0_mergedInterfacesWithConflictingPropertyNames2.ts	0	0	0	0	1	1	1		
c02922u0_mergedInterfacesWithIndexers.ts	0	0	0	0	1	1	1		
c02923u0_mergedInterfacesWithIndexers2.ts	0	0	0	0	1	1	1		
c02924u0_mergedInterfacesWithInheritedPrivates.ts	0	0	0	0	1	1	1		
c02925u0_mergedInterfacesWithInheritedPrivates2.ts	0	0	0	0	1	1	1		
c02926u0_mergedInterfacesWithInheritedPrivates3.ts	0	0	0	0	1	1	1		
c02927u0_mergedInterfacesWithMultipleBases.ts	0	0	0	0	1	1	1		
c02928u0_mergedInterfacesWithMultipleBases2.ts	0	0	0	0	1	1	1		
c02929u0_mergedInterfacesWithMultipleBases3.ts	0	0	0	0	1	1	1		
c02930u0_mergedInterfacesWithMultipleBases4.ts	0	0	0	0	1	1	1		
c02931u0_twoGenericInterfacesDifferingByTypeParameterName.ts	0	0	0	0	1	1	1		
c02932u0_twoGenericInterfacesDifferingByTypeParameterName2.ts	0	0	0	0	1	1	1		
c02933u0_twoGenericInterfacesWithDifferentConstraints.ts	0	0	0	0	1	1	1		
c02934u0_twoGenericInterfacesWithTheSameNameButDifferentArity.ts	0	0	0	0	1	1	1		
c02935u0_twoInterfacesDifferentRootModule.ts	0	0	0	0	1	1	1		
c02936u0_twoInterfacesDifferentRootModule2.ts	0	0	0	0	1	1	1		
c02937u0_twoMergedInterfacesWithDifferingOverloads.ts	0	0	0	0	1	1	1		
c02938u0_twoMergedInterfacesWithDifferingOverloads2.ts	0	0	0	0	1	1	1		
c02939u0_asiPreventsParsingAsInterface01.ts	0	0	0	0	1	1	1		
c02940u0_asiPreventsParsingAsInterface02.ts	0	0	0	0	1	1	1		
c02941u0_asiPreventsParsingAsInterface03.ts	0	0	0	0	1	1	1		
c02942u0_asiPreventsParsingAsInterface04.ts	0	0	0	0	1	1	1		
c02943u0_asiPreventsParsingAsInterface05.ts	0	0	0	0	1	1	1		
c02944u0_derivedInterfaceDoesNotHideBaseSignatures.ts	0	0	0	0	1	1	1		
c02945u0_derivedInterfaceIncompatibleWithBaseIndexer.ts	0	0	0	0	1	1	1		
c02946u0_interfaceExtendingOptionalChain.ts	0	0	0	0	1	1	1		
c02947u0_interfaceExtendsObjectIntersection.ts	0	0	0	0	1	1	1		
c02948u0_interfaceExtendsObjectIntersectionErrors.ts	0	0	0	0	1	1	1		
c02949u0_interfaceThatHidesBaseProperty.ts	0	0	0	0	1	1	1		
c02950u0_interfaceThatHidesBaseProperty2.ts	0	0	0	0	1	1	1		
c02951u0_interfaceThatIndirectlyInheritsFromItself.ts	0	0	0	0	1	1	1		
c02952u0_interfaceThatInheritsFromItself.ts	0	0	0	0	1	1	1		
c02953u0_interfaceWithAccessibilityModifiers.ts	0	0	0	0	1	1	1		
c02954u0_interfaceWithCallAndConstructSignature.ts	0	0	0	0	1	1	1		
c02955u0_interfaceWithCallSignaturesThatHidesBaseSignature.ts	0	0	0	0	1	1	1		
c02956u0_interfaceWithCallSignaturesThatHidesBaseSignature2.ts	0	0	0	0	1	1	1		
c02957u0_interfaceWithConstructSignaturesThatHidesBaseSignature.ts	0	0	0	0	1	1	1		
c02958u0_interfaceWithConstructSignaturesThatHidesBaseSignature2.ts	0	0	0	0	1	1	1		
c02959u0_interfaceWithMultipleBaseTypes.ts	0	0	0	0	1	1	1		
c02960u0_interfaceWithMultipleBaseTypes2.ts	0	0	0	0	1	1	1		
c02961u0_interfaceWithOverloadedCallAndConstructSignatures.ts	0	0	0	0	1	1	1		
c02962u0_interfaceWithPropertyOfEveryType.ts	0	0	0	0	1	1	1		
c02963u0_interfaceWithPropertyThatIsPrivateInBaseType.ts	0	0	0	0	1	1	1		
c02964u0_interfaceWithPropertyThatIsPrivateInBaseType2.ts	0	0	0	0	1	1	1		
c02965u0_interfaceWithSpecializedCallAndConstructSignatures.ts	0	0	0	0	1	1	1		
c02966u0_interfaceWithStringIndexerHidingBaseTypeIndexer.ts	0	0	0	0	1	1	1		
c02967u0_interfaceWithStringIndexerHidingBaseTypeIndexer2.ts	0	0	0	0	1	1	1		
c02968u0_interfaceWithStringIndexerHidingBaseTypeIndexer3.ts	0	0	0	0	1	1	1		
c02969u0_interfacesWithPredefinedTypesAsNames.ts	0	0	1	1	1	1	1		
c02970u0_implementingAnInterfaceExtendingClassWithPrivates.ts	0	0	0	0	1	1	1		
c02971u0_implementingAnInterfaceExtendingClassWithPrivates2.ts	0	0	0	0	1	1	1		
c02972u0_implementingAnInterfaceExtendingClassWithProtecteds.ts	0	0	0	0	1	1	1		
c02973u0_interfaceExtendingClass.ts	0	0	0	0	1	1	1		
c02974u0_interfaceExtendingClass2.ts	0	0	3	3	1	1	1		
c02975u0_interfaceExtendingClassWithPrivates.ts	0	0	0	0	1	1	1		
c02976u0_interfaceExtendingClassWithPrivates2.ts	0	0	0	0	1	1	1		
c02977u0_interfaceExtendingClassWithProtecteds.ts	0	0	0	0	1	1	1		
c02978u0_interfaceExtendingClassWithProtecteds2.ts	0	0	0	0	1	1	1		
c02979u0_module.d.ts	0	0	0	0	1	1	1		
c02979u1_function.d.ts	0	0	0	0	1	1	1		
c02979u2_test.ts	0	0	0	0	1	1	1		
c02980u0_module.d.ts	0	0	0	0	1	1	1		
c02980u1_class.d.ts	0	0	0	0	1	1	1		
c02980u2_test.ts	0	0	0	0	1	1	1		
c02981u0_module.d.ts	0	0	0	0	1	1	1		
c02981u1_classPoint.ts	0	0	0	0	1	1	1		
c02981u2_test.ts	0	0	0	0	1	1	1		
c02982u0_module.d.ts	0	0	0	0	1	1	1		
c02982u1_function.ts	0	0	0	0	1	1	1		
c02982u2_test.ts	0	0	0	0	1	1	1		
c02983u0_ClassAndModuleThatMergeWithModuleMemberThatUsesClassTypeParameter.ts	0	0	0	0	1	1	1		
c02984u0_ClassAndModuleThatMergeWithModulesExportedGenericFunctionAndGenericClassStaticFunctionOfTheSameName.ts	0	0	0	0	1	1	1		
c02985u0_ClassAndModuleThatMergeWithModulesExportedGenericFunctionAndNonGenericClassStaticFunctionOfTheSameName.ts	0	0	0	0	1	1	1		
c02986u0_ClassAndModuleThatMergeWithModulesExportedStaticFunctionUsingClassPrivateStatics.ts	0	0	0	0	1	1	1		
c02987u0_ClassAndModuleThatMergeWithStaticFunctionAndExportedFunctionThatShareAName.ts	0	0	0	0	1	1	1		
c02988u0_ClassAndModuleThatMergeWithStaticFunctionAndNonExportedFunctionThatShareAName.ts	0	0	0	0	1	1	1		
c02989u0_ClassAndModuleThatMergeWithStaticVariableAndExportedVarThatShareAName.ts	0	0	0	0	1	1	1		
c02990u0_ClassAndModuleThatMergeWithStaticVariableAndNonExportedVarThatShareAName.ts	0	0	0	0	1	1	1		
c02991u0_ClassAndModuleThatMergeWithStringIndexerAndExportedFunctionWithTypeIncompatibleWithIndexer.ts	0	0	0	0	1	1	1		
c02992u0_class.ts	0	1	0	0	1	1	1		
c02992u1_module.ts	0	1	0	0	1	1	1		
c02992u2_test.ts	0	0	0	0	1	1	1		
c02992u3_simple.ts	0	0	0	0	1	1	1		
c02993u0_class.ts	0	1	0	0	1	1	1		
c02993u1_module.ts	0	1	0	0	1	1	1		
c02993u2_test.ts	0	0	0	0	1	1	1		
c02993u3_simple.ts	0	0	0	0	1	1	1		
c02994u0_EnumAndModuleWithSameNameAndCommonRoot.ts	0	0	0	0	1	1	1		
c02995u0_function.ts	0	0	0	0	1	1	1		
c02995u1_module.ts	0	0	0	0	1	1	1		
c02995u2_test.ts	0	0	0	0	1	1	1		
c02995u3_simple.ts	0	0	0	0	1	1	1		
c02996u0_function.ts	0	0	0	0	1	1	1		
c02996u1_module.ts	0	0	0	0	1	1	1		
c02996u2_test.ts	0	0	0	0	1	1	1		
c02997u0_module.ts	0	1	0	0	1	1	1		
c02997u1_classPoint.ts	0	1	0	0	1	1	1		
c02997u2_simple.ts	0	0	0	0	1	1	1		
c02998u0_ModuleAndEnumWithSameNameAndCommonRoot.ts	0	0	0	0	1	1	1		
c02999u0_module.ts	0	0	0	0	1	1	1		
c02999u1_function.ts	0	0	0	0	1	1	1		
c02999u2_simple.ts	0	0	0	0	1	1	1		
c03000u0_TwoInternalModulesThatMergeEachWithExportedAndNonExportedClassesOfTheSameName.ts	0	1	0	0	1	1	1		
c03001u0_TwoInternalModulesThatMergeEachWithExportedAndNonExportedInterfacesOfTheSameName.ts	0	1	0	0	1	1	1		
c03002u0_part1.ts	0	0	0	0	1	1	1		
c03002u1_part2.ts	0	0	0	0	1	1	1		
c03002u2_part3.ts	0	0	0	0	1	1	1		
c03003u0_TwoInternalModulesThatMergeEachWithExportedClassesOfTheSameName.ts	0	1	0	0	1	1	1		
c03004u0_TwoInternalModulesThatMergeEachWithExportedInterfacesOfTheSameName.ts	0	1	0	0	1	1	1		
c03005u0_part1.ts	0	0	0	0	1	1	1		
c03005u1_part2.ts	0	0	0	0	1	1	1		
c03006u0_TwoInternalModulesThatMergeEachWithExportedModulesOfTheSameName.ts	0	1	0	0	1	1	1		
c03007u0_part1.ts	0	0	0	0	1	1	1		
c03007u1_part2.ts	0	0	0	0	1	1	1		
c03008u0_part1.ts	0	0	0	0	1	1	1		
c03008u1_part2.ts	0	0	0	0	1	1	1		
c03008u2_part3.ts	0	0	0	0	1	1	1		
c03009u0_exportCodeGen.ts	0	0	0	0	1	1	1		
c03010u0_importStatements.ts	0	0	0	0	1	1	1		
c03011u0_importStatementsInterfaces.ts	0	0	0	0	1	1	1		
c03012u0_nameCollision.ts	0	1	0	0	1	1	1		
c03013u0_ExportClassWhichExtendsInterfaceWithInaccessibleType.ts	0	0	0	0	1	1	1		
c03014u0_ExportClassWithAccessibleTypesInTypeParameterConstraintsClassHeritageListMemberTypeAnnotations.ts	0	0	0	0	1	1	1		
c03015u0_ExportClassWithInaccessibleTypeInIndexerTypeAnnotations.ts	0	0	0	0	1	1	1		
c03016u0_ExportClassWithInaccessibleTypeInTypeParameterConstraint.ts	0	0	0	0	1	1	1		
c03017u0_ExportFunctionWithAccessibleTypesInParameterAndReturnTypeAnnotation.ts	0	0	0	0	1	1	1		
c03018u0_ExportFunctionWithInaccessibleTypesInParameterTypeAnnotation.ts	0	0	0	0	1	1	1		
c03019u0_ExportFunctionWithInaccessibleTypesInReturnTypeAnnotation.ts	0	0	0	0	1	1	1		
c03020u0_ExportInterfaceWithAccessibleTypesInTypeParameterConstraintsClassHeritageListMemberTypeAnnotations.ts	0	0	0	0	1	1	1		
c03021u0_ExportInterfaceWithInaccessibleTypeInIndexerTypeAnnotations.ts	0	0	0	0	1	1	1		
c03022u0_ExportInterfaceWithInaccessibleTypeInTypeParameterConstraint.ts	0	0	0	0	1	1	1		
c03023u0_ExportModuleWithAccessibleTypesOnItsExportedMembers.ts	0	0	0	0	1	1	1		
c03024u0_ExportObjectLiteralAndObjectTypeLiteralWithAccessibleTypesInMemberTypeAnnotations.ts	0	0	0	0	1	1	1		
c03025u0_ExportObjectLiteralAndObjectTypeLiteralWithAccessibleTypesInNestedMemberTypeAnnotations.ts	0	0	0	0	1	1	1		
c03026u0_ExportVariableOfGenericTypeWithInaccessibleTypeAsTypeArgument.ts	0	0	0	0	1	1	1		
c03027u0_ExportVariableWithAccessibleTypeInTypeAnnotation.ts	0	0	0	0	1	1	1		
c03028u0_ExportVariableWithInaccessibleTypeInTypeAnnotation.ts	0	0	0	0	1	1	1		
c03029u0_ModuleWithExportedAndNonExportedClasses.ts	0	0	0	0	1	1	1		
c03030u0_ModuleWithExportedAndNonExportedEnums.ts	0	0	0	0	1	1	1		
c03031u0_ModuleWithExportedAndNonExportedFunctions.ts	0	0	0	0	1	1	1		
c03032u0_ModuleWithExportedAndNonExportedImportAlias.ts	0	0	0	0	1	1	1		
c03033u0_ModuleWithExportedAndNonExportedVariables.ts	0	0	0	0	1	1	1		
c03034u0_NonInitializedExportInInternalModule.ts	0	0	0	0	1	1	1		
c03035u0_circularImportAlias.ts	0	0	0	0	1	1	1		
c03036u0_exportImportAlias.ts	0	0	0	0	1	1	1		
c03037u0_importAliasIdentifiers.ts	0	0	0	0	1	1	1		
c03038u0_invalidImportAliasIdentifiers.ts	0	0	0	0	1	1	1		
c03039u0_shadowedInternalModule.ts	0	0	0	0	1	1	1		
c03040u0_invalidModuleWithStatementsOfEveryKind.ts	0	0	0	0	1	1	1		
c03041u0_invalidModuleWithVarStatements.ts	0	0	0	0	1	1	1		
c03042u0_moduleWithStatementsOfEveryKind.ts	0	0	0	0	1	1	1		
c03043u0_InvalidNonInstantiatedModule.ts	0	0	0	0	1	1	1		
c03044u0_asiPreventsParsingAsNamespace01.ts	0	0	0	0	1	1	1		
c03045u0_asiPreventsParsingAsNamespace02.ts	0	0	0	0	1	1	1		
c03046u0_asiPreventsParsingAsNamespace03.ts	0	0	0	0	1	1	1		
c03047u0_asiPreventsParsingAsNamespace04.ts	0	0	0	0	1	1	1		
c03048u0_asiPreventsParsingAsNamespace05.ts	0	1	0	0	1	1	1		
c03049u0_instantiatedModule.ts	0	0	0	0	1	1	1		
c03050u0_invalidInstantiatedModule.ts	0	0	0	0	1	1	1		
c03051u0_invalidNestedModules.ts	0	1	0	0	1	1	1		
c03052u0_nestedModules.ts	0	1	0	0	1	1	1		
c03053u0_nonInstantiatedModule.ts	0	0	0	0	1	1	1		
c03054u0_reExportAliasMakesInstantiated.ts	0	0	0	0	1	1	1		
c03066u3_validator.ts	0	0	0	0	1	1	1		
c03067u1_validator.ts	0	0	0	0	1	1	1		
c03092u0_t.d.ts	0	0	0	0	1	1	1		
c03101u1_validate.ts	0	0	0	0	1	1	1		
c03107u0_supplement.d.ts	0	0	0	0	1	1	1		
c03109u0_interface.ts	0	0	0	0	1	1	1		
c03114u1_Bar.ts	0	0	0	0	1	1	1		
c03187u0_some-mod.d.ts	0	0	0	0	1	1	1		
c03188u0_some-mod.d.ts	0	0	0	0	1	1	1		
c03189u0_index.d.ts	0	0	0	0	1	1	1		
c03190u0_something.ts	0	0	0	0	1	1	1		
c03191u0_index.d.ts	0	0	0	0	1	1	1		
c03192u0_index.d.ts	0	0	0	0	1	1	1		
c03216u0_types.ts	0	0	0	0	1	1	1		
c03217u0_types.ts	0	0	0	0	1	1	1		
c03221u0_types.ts	0	0	0	0	1	1	1		
c03223u0_0.ts	0	0	0	0	1	1	1		
c03224u0_a.ts	0	0	0	0	1	1	1		
c03225u0_index.d.mts	0	0	0	0	1	1	1		
c03225u1_index.d.cts	0	0	0	0	1	1	1		
c03226u0_a.ts	0	0	0	0	1	1	1		
c03227u0_a.ts	0	0	0	0	1	1	1		
c03228u0_types.ts	0	0	0	0	1	1	1		
c03229u0_a.ts	0	0	0	0	1	1	1		
c03230u0_index.d.ts	0	0	0	0	1	1	1		
c03230u1_tslib.d.ts	0	0	0	0	1	1	1		
c03231u0_index.d.ts	0	0	0	0	1	1	1		
c03231u1_tslib.d.ts	0	0	0	0	1	1	1		
c03231u2_test.ts	1	0	0	0	1	1	1		
c03232u0_a.ts	0	0	0	0	1	1	1		
c03233u0_types.d.ts	0	0	0	0	1	1	1		
c03234u0_types.d.ts	0	0	0	0	1	1	1		
c03235u0_types.ts	0	0	0	0	1	1	1		
c03236u0_types.ts	0	0	0	0	1	1	1		
c03237u0_types.ts	0	0	0	0	1	1	1		
c03238u0_types.ts	0	0	0	0	1	1	1		
c03239u0_types.ts	0	0	0	0	1	1	1		
c03240u0_types.ts	0	0	0	0	1	1	1		
c03241u0_types.ts	0	0	0	0	1	1	1		
c03252u0_a.d.ts	0	0	0	0	1	1	1		
c03255u0_jsdocDisallowedInTypescript.ts	0	0	0	9	0	0	0	shape go<.Statements:> ts<.Statements:>	JSDocFunctionType,JSDocUnknownType
c03260u0_defs.d.ts	0	0	0	0	1	1	1		
c03261u0_defs.d.ts	0	0	0	0	1	1	1		
c03263u0_defs.d.ts	0	0	0	0	1	1	1		
c03265u0_defs.d.ts	0	0	0	0	1	1	1		
c03266u0_types.d.ts	0	0	0	0	1	1	1		
c03267u0_types.d.ts	0	0	0	0	1	1	1		
c03269u0_ex.d.ts	0	0	0	0	1	1	1		
c03270u0_ex.d.ts	0	0	0	0	1	1	1		
c03273u0_a.ts	0	0	0	0	1	1	1		
c03273u1_b.ts	1	0	0	0	0	0	1		
c03275u0_a.ts	0	0	0	0	1	1	1		
c03275u1_b.ts	1	0	0	0	1	1	1		
c03276u0_a.ts	0	0	0	0	1	1	1		
c03276u1_b.ts	1	0	0	0	1	1	1		
c03277u0_a.ts	1	0	0	0	0	0	1		
c03278u0_a.ts	1	0	0	0	1	1	1		
c03281u0_a.ts	0	0	0	0	1	1	1		
c03281u1_b.ts	1	0	0	0	0	0	1		
c03290u1_ts.ts	1	0	0	0	0	1	1		
c03292u0_jsdocParseErrorsInTypescript.ts	0	0	1	1	1	1	1		
c03319u0_types.d.ts	0	0	0	0	1	1	1		
c03320u0_jsdocTwoLineTypedef.ts	1	0	0	0	1	1	1		
c03326u1_ex.d.ts	0	0	0	0	1	1	1		
c03332u1_b.ts	0	0	0	0	1	1	1		
c03333u0_a.ts	0	0	0	0	1	1	1		
c03338u1_b.ts	0	0	0	0	1	1	1		
c03339u0_declarations.d.ts	0	0	0	0	1	1	1		
c03352u0_decls.d.ts	0	0	0	0	1	1	1		
c03353u0_decls.d.ts	0	0	0	0	1	1	1		
c03357u0_parseLinkTag.ts	1	0	0	0	0	1	1		
c03358u0_parseThrowsTag.ts	1	0	0	0	0	1	1		
c03360u0_seeTag1.ts	1	0	0	0	0	1	1		
c03361u0_seeTag2.ts	1	0	0	0	0	0	0	label go<.TagName: KindIdentifier> ts<.NameExpression: KindJSDocNameReference>	
c03364u0_dummyType.d.ts	0	0	0	0	1	1	1		
c03366u0_thisPrototypeMethodCompoundAssignment.ts	0	0	0	0	1	1	1		
c03371u0_file.ts	0	0	0	0	1	1	1		
c03372u0_file.ts	0	0	0	0	1	1	1		
c03373u0_file.ts	0	0	0	0	1	1	1		
c03374u0_typeParameterExtendsUnionConstraintDistributed.ts	0	0	0	0	1	1	1		
c03381u0_commonjs.d.ts	0	0	0	0	1	1	1		
c03388u1_test.ts	0	0	0	0	1	1	1		
c03396u0_checkJsxChildrenCanBeTupleType.tsx	0	0	0	0	1	1	1		
c03397u0_file.tsx	0	0	0	0	1	1	1		
c03398u0_file.tsx	0	0	0	0	1	1	1		
c03399u0_file.tsx	0	0	0	0	1	1	1		
c03400u0_file.tsx	0	0	0	0	1	1	1		
c03401u0_file.tsx	0	0	0	0	1	1	1		
c03402u0_file.tsx	0	0	0	0	1	1	1		
c03403u0_file.tsx	0	0	0	0	1	1	1		
c03404u0_checkJsxChildrenProperty16.tsx	0	0	0	0	1	1	1		
c03405u0_file.tsx	0	0	0	0	1	1	1		
c03406u0_file.tsx	0	0	0	0	1	1	1		
c03407u0_file.tsx	0	0	0	0	1	1	1		
c03408u0_file.tsx	0	0	0	0	1	1	1		
c03409u0_file.tsx	0	0	0	0	1	1	1		
c03410u0_file.tsx	0	0	0	0	1	1	1		
c03411u0_file.tsx	0	0	0	0	1	1	1		
c03412u0_file.tsx	0	0	0	0	1	1	1		
c03413u0_file.tsx	0	0	0	0	1	1	1		
c03414u0_checkJsxIntersectionElementPropsType.tsx	0	0	0	0	1	1	1		
c03415u0_checkJsxNamespaceNamesQuestionableForms.tsx	0	0	3	3	1	1	1		
c03416u0_checkJsxSubtleSkipContextSensitiveBug.tsx	0	0	0	0	1	1	1		
c03417u0_checkJsxUnionSFXContextualTypeInferredCorrectly.tsx	0	0	0	0	1	1	1		
c03418u0_file.tsx	0	0	0	0	1	1	1		
c03419u0_declaration.d.ts	0	0	0	0	1	1	1		
c03419u1_0.tsx	0	0	0	0	1	1	1		
c03420u0_declaration.d.ts	0	0	0	0	1	1	1		
c03420u1_0.tsx	0	0	0	0	1	1	1		
c03421u0_declaration.d.ts	0	0	0	0	1	1	1		
c03421u1_0.tsx	0	0	0	0	1	1	1		
c03422u0_declaration.d.ts	0	0	0	0	1	1	1		
c03422u1_0.tsx	0	0	0	0	1	1	1		
c03423u0_renderer.d.ts	0	0	0	0	1	1	1		
c03423u1_preacty.tsx	1	0	0	0	0	1	1		
c03423u2_snabbdomy.tsx	0	0	0	0	1	1	1		
c03423u3_preacty-only-fragment.tsx	1	0	0	0	0	1	1		
c03423u4_snabbdomy-only-fragment.tsx	0	0	0	0	1	1	1		
c03423u5_preacty-only-fragment-no-jsx.tsx	1	0	0	0	0	1	1		
c03423u6_snabbdomy-only-fragment-no-jsx.tsx	0	0	0	0	1	1	1		
c03423u7_preacty-no-fragment.tsx	1	0	0	0	0	1	1		
c03423u8_snabbdomy-no-fragment.tsx	0	0	0	0	1	1	1		
c03423u9_preacty-only-component.tsx	1	0	0	0	0	1	1		
c03424u0_react.d.ts	0	0	0	0	1	1	1		
c03424u1_preact.d.ts	0	0	0	0	1	1	1		
c03424u2_snabbdom.d.ts	0	0	0	0	1	1	1		
c03424u3_reacty.tsx	0	0	0	0	1	1	1		
c03424u4_preacty.tsx	1	0	0	0	0	1	1		
c03424u5_snabbdomy.tsx	1	0	0	0	0	1	1		
c03424u6_mix-n-match.tsx	0	0	0	0	1	1	1		
c03425u0_renderer.d.ts	0	0	0	0	1	1	1		
c03425u1_otherreacty.tsx	1	0	0	0	0	1	1		
c03425u2_other.tsx	1	0	0	0	0	1	1		
c03425u3_othernoalias.tsx	1	0	0	0	0	1	1		
c03425u4_reacty.tsx	0	0	0	0	1	1	1		
c03425u5_index.tsx	1	0	0	0	0	1	1		
c03426u0_renderer.d.ts	0	0	0	0	1	1	1		
c03426u1_renderer2.d.ts	0	0	0	0	1	1	1		
c03426u2_component.tsx	1	0	0	0	0	1	1		
c03426u3_index.tsx	1	0	0	0	0	1	1		
c03427u0_renderer.d.ts	0	0	0	0	1	1	1		
c03427u1_renderer2.d.ts	0	0	0	0	1	1	1		
c03427u2_component.tsx	1	0	0	0	0	1	1		
c03427u3_index.tsx	1	0	0	0	0	1	1		
c03428u0_renderer.d.ts	0	0	0	0	1	1	1		
c03428u1_reacty.tsx	1	0	0	0	0	1	1		
c03428u2_index.tsx	0	0	0	0	1	1	1		
c03429u0_renderer.d.ts	0	0	0	0	1	1	1		
c03429u1_reacty.tsx	1	0	0	0	0	1	1		
c03429u2_index.tsx	1	0	0	0	0	1	1		
c03430u0_jsxAndTypeAssertion.tsx	0	0	32	32	0	0	0	flags KindIdentifier xor=0x8000	
c03431u0_a.tsx	0	0	1	1	0	0	0	pos KindJsxAttributes	
c03432u0_component.d.ts	0	0	0	0	1	1	1		
c03433u0_jsxEsprimaFbTestSuite.tsx	0	0	1	1	1	1	1		
c03434u0_1.tsx	0	0	3	3	1	1	1		
c03434u10_11.tsx	0	0	1	1	1	1	1		
c03434u11_12.tsx	0	0	5	5	1	1	1		
c03434u12_13.tsx	0	0	2	2	1	1	1		
c03434u13_14.tsx	0	0	3	3	1	1	1		
c03434u14_15.tsx	0	0	3	3	1	1	1		
c03434u15_16.tsx	0	0	2	2	1	1	1		
c03434u16_17.tsx	0	0	2	2	1	1	1		
c03434u17_18.tsx	0	0	1	1	1	1	1		
c03434u18_19.tsx	0	0	1	1	1	1	1		
c03434u19_20.tsx	0	0	2	2	1	1	1		
c03434u1_2.tsx	0	0	1	1	1	1	1		
c03434u20_21.tsx	0	0	1	1	1	1	1		
c03434u21_22.tsx	0	0	2	2	1	1	1		
c03434u22_23.tsx	0	0	1	1	1	1	1		
c03434u23_24.tsx	0	0	4	4	1	1	1		
c03434u24_25.tsx	0	0	4	4	1	1	1		
c03434u25_26.tsx	0	0	1	1	1	1	1		
c03434u26_27.tsx	0	0	1	1	1	1	1		
c03434u27_28.tsx	0	0	3	3	1	1	1		
c03434u28_29.tsx	0	0	2	2	1	1	1		
c03434u29_30.tsx	0	0	1	1	1	1	1		
c03434u2_3.tsx	0	0	4	4	1	1	1		
c03434u30_31.tsx	0	0	1	1	1	1	1		
c03434u3_4.tsx	0	0	1	1	1	1	1		
c03434u4_5.tsx	0	0	2	2	1	1	1		
c03434u5_6.tsx	0	0	1	1	1	1	1		
c03434u6_7.tsx	0	0	1	1	1	1	1		
c03434u7_8.tsx	0	0	1	1	1	1	1		
c03434u8_9.tsx	0	0	3	3	1	1	1		
c03434u9_10.tsx	0	0	3	3	1	1	1		
c03435u0_file.tsx	0	0	0	0	1	1	1		
c03436u0_file.tsx	0	0	0	0	1	1	1		
c03436u1_Error1.tsx	0	0	1	1	1	1	1		
c03436u2_Error2.tsx	0	0	1	1	1	1	1		
c03436u3_Error3.tsx	0	0	2	2	1	1	1		
c03436u4_Error4.tsx	0	0	3	3	1	1	1		
c03436u5_Error5.tsx	0	0	4	4	1	1	1		
c03437u0_file.tsx	0	0	0	0	1	1	1		
c03437u1_Error1.tsx	0	0	1	1	1	1	1		
c03437u2_Error2.tsx	0	0	1	1	1	1	1		
c03437u3_Error3.tsx	0	0	1	1	1	1	1		
c03437u4_Error4.tsx	0	0	1	1	1	1	1		
c03437u5_Error5.tsx	0	0	1	1	1	1	1		
c03437u6_Error6.tsx	0	0	1	1	1	1	1		
c03438u0_a.tsx	0	0	0	0	1	1	1		
c03439u0_a.tsx	0	0	2	2	1	1	1		
c03440u0_jsxReactTestSuite.tsx	0	0	0	0	1	1	1		
c03441u0_file.tsx	0	0	0	0	1	1	1		
c03442u0_jsxParserRecovery.tsx	0	0	28	28	0	0	0	fields KindJsxText	
c03443u0_jsxJsxsCjsTransformChildren.tsx	0	0	0	0	1	1	1		
c03444u0_jsxJsxsCjsTransformCustomImport.tsx	0	0	0	0	1	1	1		
c03445u0_preact.tsx	0	0	0	0	1	1	1		
c03445u1_react.tsx	0	0	0	0	1	1	1		
c03446u0_jsxJsxsCjsTransformKeyProp.tsx	0	0	0	0	1	1	1		
c03447u0_jsxJsxsCjsTransformKeyPropCustomImport.tsx	0	0	0	0	1	1	1		
c03448u0_preact.tsx	0	0	0	0	1	1	1		
c03448u1_react.tsx	0	0	0	0	1	1	1		
c03449u0_jsxJsxsCjsTransformNestedSelfClosingChild.tsx	0	0	0	0	1	1	1		
c03450u0_jsxJsxsCjsTransformSubstitutesNames.tsx	0	0	0	0	1	1	1		
c03451u0_jsxJsxsCjsTransformSubstitutesNamesFragment.tsx	0	0	0	0	1	1	1		
c03452u0_tsxAttributeErrors.tsx	0	0	0	0	1	1	1		
c03453u0_file.tsx	0	0	9	9	1	1	1		
c03454u0_tsxAttributeResolution.tsx	0	0	0	0	1	1	1		
c03455u0_file.tsx	0	0	0	0	1	1	1		
c03456u0_react.d.ts	0	0	0	0	1	1	1		
c03456u1_file.tsx	0	0	0	0	1	1	1		
c03457u0_react.d.ts	0	0	0	0	1	1	1		
c03457u1_file.tsx	0	0	0	0	1	1	1		
c03458u0_react.d.ts	0	0	0	0	1	1	1		
c03458u1_file.tsx	0	0	0	0	1	1	1		
c03459u0_test.tsx	0	0	0	0	1	1	1		
c03460u0_react.d.ts	0	0	0	0	1	1	1		
c03460u1_file.tsx	0	0	0	0	1	1	1		
c03461u0_file.tsx	0	0	0	0	1	1	1		
c03462u0_file.tsx	0	0	0	0	1	1	1		
c03463u0_file.tsx	0	0	0	0	1	1	1		
c03464u0_file.tsx	0	0	0	0	1	1	1		
c03465u0_file.tsx	0	0	0	0	1	1	1		
c03466u0_file.tsx	0	0	0	0	1	1	1		
c03467u0_file.tsx	0	0	0	0	1	1	1		
c03468u0_file.tsx	0	0	0	0	1	1	1		
c03469u0_file.tsx	0	0	0	0	1	1	1		
c03470u0_react.d.ts	0	0	0	0	1	1	1		
c03470u1_file.tsx	0	0	0	0	1	1	1		
c03471u0_tsxCorrectlyParseLessThanComparison1.tsx	0	0	0	0	1	1	1		
c03472u0_file.tsx	0	0	0	0	1	1	1		
c03473u0_file.tsx	0	0	0	0	1	1	1		
c03474u0_file.tsx	0	0	0	0	1	1	1		
c03475u0_tsxDynamicTagName1.tsx	0	0	0	0	1	1	1		
c03476u0_tsxDynamicTagName2.tsx	0	0	0	0	1	1	1		
c03477u0_tsxDynamicTagName3.tsx	0	0	0	0	1	1	1		
c03478u0_tsxDynamicTagName4.tsx	0	0	0	0	1	1	1		
c03479u0_react.d.ts	0	0	0	0	1	1	1		
c03479u1_app.tsx	0	0	0	0	1	1	1		
c03480u0_tsxDynamicTagName6.tsx	0	0	0	0	1	1	1		
c03481u0_react.d.ts	0	0	0	0	1	1	1		
c03481u1_app.tsx	0	0	0	0	1	1	1		
c03482u0_react.d.ts	0	0	0	0	1	1	1		
c03482u1_app.tsx	0	0	0	0	1	1	1		
c03483u0_react.d.ts	0	0	0	0	1	1	1		
c03483u1_app.tsx	0	0	0	0	1	1	1		
c03484u0_tsxElementResolution.tsx	0	0	0	0	1	1	1		
c03485u0_file.tsx	0	0	0	0	1	1	1		
c03486u0_file.tsx	0	0	0	0	1	1	1		
c03487u0_file.tsx	0	0	0	0	1	1	1		
c03488u0_file.tsx	0	0	0	0	1	1	1		
c03489u0_file.tsx	0	0	0	0	1	1	1		
c03490u0_file.tsx	0	0	0	0	1	1	1		
c03491u0_file.tsx	0	0	0	0	1	1	1		
c03492u0_file.tsx	0	0	0	0	1	1	1		
c03493u0_file.tsx	0	0	0	0	1	1	1		
c03493u1_consumer.tsx	0	0	0	0	1	1	1		
c03494u0_file1.tsx	0	0	0	0	1	1	1		
c03495u0_react.d.ts	0	0	0	0	1	1	1		
c03495u1_file1.tsx	0	0	0	0	1	1	1		
c03495u2_file2.tsx	0	0	0	0	1	1	1		
c03496u0_file.tsx	0	0	0	0	1	1	1		
c03497u0_file.tsx	0	0	0	0	1	1	1		
c03498u0_file.tsx	0	0	0	0	1	1	1		
c03499u0_file1.tsx	0	0	0	0	1	1	1		
c03500u0_file.tsx	0	0	0	0	1	1	1		
c03501u0_file.tsx	0	0	0	0	1	1	1		
c03502u0_file.tsx	0	0	0	0	1	1	1		
c03503u0_file.tsx	0	0	0	0	1	1	1		
c03504u0_file.tsx	0	0	0	0	1	1	1		
c03505u0_file.tsx	0	0	0	0	1	1	1		
c03506u0_file.tsx	0	0	0	0	1	1	1		
c03507u0_test.tsx	0	0	0	0	1	1	1		
c03508u0_file.tsx	0	0	1	1	1	1	1		
c03509u0_file1.tsx	0	0	1	1	1	1	1		
c03509u1_file2.tsx	0	0	1	1	1	1	1		
c03510u0_file1.tsx	0	0	1	1	1	1	1		
c03510u1_file2.tsx	0	0	1	1	1	1	1		
c03511u0_react.d.ts	0	0	0	0	1	1	1		
c03511u1_app.tsx	0	0	0	0	1	1	1		
c03511u2_button.tsx	0	0	0	0	1	1	1		
c03512u0_modules.d.ts	0	0	0	0	1	1	1		
c03512u1_app.tsx	0	0	0	0	1	1	1		
c03513u0_file.tsx	0	0	3	3	1	1	1		
c03514u0_file.tsx	0	0	0	0	1	1	1		
c03515u0_file.tsx	0	0	0	0	1	1	1		
c03516u0_file.tsx	0	0	3	3	1	1	1		
c03517u0_file.tsx	0	0	0	0	1	1	1		
c03518u0_file.tsx	0	0	0	0	1	1	1		
c03519u0_file.tsx	0	0	0	0	1	1	1		
c03520u0_file.tsx	0	0	0	0	1	1	1		
c03521u0_file.tsx	0	0	0	0	1	1	1		
c03522u0_file.tsx	0	0	0	0	1	1	1		
c03523u0_file.tsx	0	0	0	0	1	1	1		
c03524u0_file.tsx	0	0	0	0	1	1	1		
c03525u0_file.tsx	0	0	0	0	1	1	1		
c03526u0_tsxInArrowFunction.tsx	0	0	0	0	1	1	1		
c03527u0_tsxIntrinsicAttributeErrors.tsx	0	0	0	0	1	1	1		
c03528u0_tsxLibraryManagedAttributes.tsx	0	0	0	0	1	1	1		
c03529u0_a.tsx	0	0	0	0	1	1	1		
c03530u0_a.tsx	0	0	0	0	1	1	1		
c03531u0_a.tsx	0	0	0	0	1	1	1		
c03532u0_a.tsx	0	0	0	0	1	1	1		
c03533u0_tsxNoJsx.tsx	0	0	0	0	1	1	1		
c03534u0_file.tsx	0	1	0	0	1	1	1		
c03535u0_file.tsx	0	0	0	0	1	1	1		
c03536u0_file.tsx	0	0	0	0	1	1	1		
c03537u0_react.d.ts	0	0	0	0	1	1	1		
c03537u1_test.tsx	0	0	0	0	1	1	1		
c03538u0_test.tsx	0	0	0	0	1	1	1		
c03539u0_file.tsx	0	0	0	0	1	1	1		
c03539u1_test.d.ts	0	0	0	0	1	1	1		
c03539u2_react-consumer.tsx	0	0	0	0	1	1	1		
c03540u0_file.tsx	0	0	0	0	1	1	1		
c03541u0_file.tsx	0	0	0	0	1	1	1		
c03542u0_file.tsx	0	0	0	0	1	1	1		
c03543u0_file.tsx	0	0	0	0	1	1	1		
c03544u0_file.tsx	0	0	0	0	1	1	1		
c03545u0_test.tsx	0	0	0	0	1	1	1		
c03546u0_file.tsx	0	0	0	0	1	1	1		
c03547u0_file.tsx	0	0	0	0	1	1	1		
c03547u1_test.d.ts	0	0	0	0	1	1	1		
c03547u2_react-consumer.tsx	0	0	0	0	1	1	1		
c03548u0_file.tsx	0	0	0	0	1	1	1		
c03548u1_react-consumer.tsx	0	0	0	0	1	1	1		
c03549u0_file.tsx	0	0	0	0	1	1	1		
c03550u0_tsxReactEmit8.tsx	0	0	0	0	1	1	1		
c03551u0_file.tsx	0	0	0	0	1	1	1		
c03552u0_file.tsx	0	0	0	0	1	1	1		
c03553u0_test.tsx	0	0	0	0	1	1	1		
c03554u0_file.tsx	0	0	0	0	1	1	1		
c03555u0_file.tsx	0	0	0	0	1	1	1		
c03556u0_file.tsx	0	0	0	0	1	1	1		
c03557u0_file.tsx	0	0	0	0	1	1	1		
c03558u0_file.tsx	0	0	0	0	1	1	1		
c03559u0_file.tsx	0	0	0	0	1	1	1		
c03560u0_file.tsx	0	0	0	0	1	1	1		
c03561u0_file.tsx	0	0	0	0	1	1	1		
c03562u0_file.tsx	0	0	0	0	1	1	1		
c03563u0_file.tsx	0	0	0	0	1	1	1		
c03564u0_file.tsx	0	0	0	0	1	1	1		
c03565u0_file.tsx	0	0	0	0	1	1	1		
c03566u0_file.tsx	0	0	0	0	1	1	1		
c03567u0_file.tsx	0	0	0	0	1	1	1		
c03568u0_file.tsx	0	0	0	0	1	1	1		
c03569u0_file.tsx	0	0	0	0	1	1	1		
c03570u0_file.tsx	0	0	0	0	1	1	1		
c03571u0_file.tsx	0	0	0	0	1	1	1		
c03572u0_file.tsx	0	0	0	0	1	1	1		
c03573u0_file.tsx	0	0	0	0	1	1	1		
c03574u0_file.tsx	0	0	0	0	1	1	1		
c03575u0_file.tsx	0	0	0	0	1	1	1		
c03576u0_tsxSpreadChildren.tsx	0	0	0	0	1	1	1		
c03577u0_tsxSpreadChildrenInvalidType.tsx	0	0	0	0	1	1	1		
c03578u0_a.tsx	0	0	0	0	1	1	1		
c03579u0_file.tsx	0	0	0	0	1	1	1		
c03580u0_file.tsx	0	0	0	0	1	1	1		
c03581u0_file.tsx	0	0	0	0	1	1	1		
c03582u0_file.tsx	0	0	0	0	1	1	1		
c03583u0_file.tsx	0	0	0	0	1	1	1		
c03584u0_file.tsx	0	0	0	0	1	1	1		
c03585u0_file.tsx	0	0	0	0	1	1	1		
c03586u0_file.tsx	0	0	0	0	1	1	1		
c03587u0_file.tsx	0	0	1	1	1	1	1		
c03588u0_file.tsx	0	0	0	0	1	1	1		
c03589u0_file.tsx	0	0	0	0	1	1	1		
c03590u0_file.tsx	0	0	0	0	1	1	1		
c03591u0_file.tsx	0	0	0	0	1	1	1		
c03592u0_file.tsx	0	0	0	0	1	1	1		
c03593u0_file.tsx	0	0	0	0	1	1	1		
c03594u0_file.tsx	0	0	0	0	1	1	1		
c03595u0_file.tsx	0	0	0	0	1	1	1		
c03596u0_foo.tsx	0	0	0	0	1	1	1		
c03597u0_tsxTypeErrors.tsx	0	0	0	0	1	1	1		
c03598u0_file.tsx	0	0	0	0	1	1	1		
c03599u0_file.tsx	0	0	0	0	1	1	1		
c03600u0_file.tsx	0	0	0	0	1	1	1		
c03601u0_file.tsx	0	0	0	0	1	1	1		
c03602u0_file.tsx	0	0	0	0	1	1	1		
c03603u0_file.tsx	0	0	0	0	1	1	1		
c03604u0_file.tsx	0	0	0	0	1	1	1		
c03605u0_file.tsx	0	0	0	0	1	1	1		
c03606u0_file.tsx	0	0	11	11	1	1	1		
c03607u0_ts.ts	0	0	0	0	1	1	1		
c03607u1_tsx.tsx	0	0	0	0	1	1	1		
c03607u2_dts.d.ts	0	0	0	0	1	1	1		
c03607u3_b.ts	0	0	0	0	1	1	1		
c03607u4_c.ts	0	0	0	0	1	1	1		
c03608u0_types.d.ts	0	0	0	0	1	1	1		
c03608u1_a.ts	0	0	0	0	1	1	1		
c03609u0_index.d.ts	0	0	0	0	1	1	1		
c03609u1_requires.ts	0	0	0	0	1	1	1		
c03609u2_imports.ts	0	0	0	0	1	1	1		
c03609u3_real-imports.mts	0	0	0	0	1	1	1		
c03610u1_index.node.d.ts	0	0	0	0	1	1	1		
c03610u3_index.web.d.ts	0	0	0	0	1	1	1		
c03610u4_main.ts	0	0	0	0	1	1	1		
c03611u1_index.d.ts	0	0	0	0	1	1	1		
c03611u2_test.ts	0	0	0	0	1	1	1		
c03612u0_esm.mts	0	0	0	0	1	1	1		
c03612u1_not-actually-cjs.cts	0	0	0	0	1	1	1		
c03612u2_still-not-cjs.ts	0	0	0	0	1	1	1		
c03613u0_a.ts	0	0	0	0	1	1	1		
c03613u10_types.d.ts	0	0	0	0	1	1	1		
c03613u1_b.ts	0	0	0	0	1	1	1		
c03613u3_b.d.ts	0	0	0	0	1	1	1		
c03613u4_c.ts	0	0	0	0	1	1	1		
c03613u5_c.tsx	0	0	0	0	1	1	1		
c03613u6_index.ts	0	0	0	0	1	1	1		
c03613u7_e.ts	0	0	0	0	1	1	1		
c03613u8_e.txt.ts	0	0	0	0	1	1	1		
c03613u9_main.ts	0	0	0	0	1	1	1		
c03614u1_index.d.ts	0	0	0	0	1	1	1		
c03614u3_index.d.cts	0	0	0	0	1	1	1		
c03614u4_main.ts	0	0	0	0	1	1	1		
c03614u5_main.mts	0	0	0	0	1	1	1		
c03614u6_main.cts	0	0	0	0	1	1	1		
c03615u0_index.ts	0	0	0	0	1	1	1		
c03616u0_index.ts	0	0	0	0	1	1	1		
c03616u1_index.ts	0	0	0	0	1	1	1		
c03616u2_esm.d.ts	0	0	0	0	1	1	1		
c03616u3_cjs.d.ts	0	0	0	0	1	1	1		
c03616u4_main.ts	0	0	0	0	1	1	1		
c03617u0_index.d.ts	0	0	0	0	1	1	1		
c03617u1_ambient.d.ts	0	0	0	0	1	1	1		
c03617u3_main.ts	0	0	0	0	1	1	1		
c03617u4_a.ts	0	0	0	0	1	1	1		
c03618u0_index.d.ts	0	0	0	0	1	1	1		
c03618u2_index.mts	0	0	0	0	1	1	1		
c03619u0_index.d.ts	0	0	0	0	1	1	1		
c03619u1_index.mts	0	0	0	0	1	1	1		
c03620u0_index.d.ts	0	0	0	0	1	1	1		
c03620u1_browser.d.ts	0	0	0	0	1	1	1		
c03620u2_webpack.d.ts	0	0	0	0	1	1	1		
c03620u3_index.ts	0	0	0	0	1	1	1		
c03621u1_index.d.ts	0	0	0	0	1	1	1		
c03621u3_index.ts	0	0	0	0	1	1	1		
c03622u2_index.ts	0	0	0	0	1	1	1		
c03622u4_b.ts	0	0	0	0	1	1	1		
c03623u0_a.ts	0	0	0	0	1	1	1		
c03623u1_index.ts	0	0	0	0	1	1	1		
c03623u2_b.ts	0	0	0	0	1	1	1		
c03624u0_useMergedRefs.d.ts	0	0	0	0	1	1	1		
c03624u1_main.ts	0	0	0	0	1	1	1		
c03625u0_definitely-not-index.d.ts	0	0	0	0	1	1	1		
c03625u1_index.ts	0	0	0	0	1	1	1		
c03626u1_definitely-not-index.d.ts	0	0	0	0	1	1	1		
c03626u2_index.ts	0	0	0	0	1	1	1		
c03627u0_index.d.ts	0	0	0	0	1	1	1		
c03627u1_definitely-not-index.d.ts	0	0	0	0	1	1	1		
c03627u2_main.ts	0	0	0	0	1	1	1		
c03628u0_index.d.ts	0	0	0	0	1	1	1		
c03628u1_definitely-not-index.d.ts	0	0	0	0	1	1	1		
c03628u2_main.ts	0	0	0	0	1	1	1		
c03629u0_index.d.ts	0	0	0	0	1	1	1		
c03629u1_index.d.ts	0	0	0	0	1	1	1		
c03629u3_index.d.ts	0	0	0	0	1	1	1		
c03629u5_index.ts	0	0	0	0	1	1	1		
c03630u0_index.ts	0	0	0	0	1	1	1		
c03631u0_index.ts	0	0	0	0	1	1	1		
c03632u3_a.ts	0	0	0	0	1	1	1		
c03633u1_a.ts	0	0	0	0	1	1	1		
c03634u0_index.d.mts	0	0	0	0	1	1	1		
c03634u1_index.d.ts	0	0	0	0	1	1	1		
c03634u2_index.ts	0	0	0	0	1	1	1		
c03635u0_index.d.mts	0	0	0	0	1	1	1		
c03635u1_index.d.cts	0	0	0	0	1	1	1		
c03635u2_app.ts	0	0	0	0	1	1	1		
c03635u3_other.ts	0	0	0	0	1	1	1		
c03636u0_index.d.mts	0	0	0	0	1	1	1		
c03636u1_index.d.cts	0	0	0	0	1	1	1		
c03636u2_app.ts	0	0	0	0	1	1	1		
c03637u0_index.d.mts	0	0	0	0	1	1	1		
c03637u1_index.d.cts	0	0	0	0	1	1	1		
c03637u2_app.ts	0	0	0	0	1	1	1		
c03638u0_index.d.mts	0	0	0	0	1	1	1		
c03638u1_index.d.cts	0	0	0	0	1	1	1		
c03638u2_app.ts	0	0	0	0	1	1	1		
c03639u0_index.d.mts	0	0	0	0	1	1	1		
c03639u1_index.d.cts	0	0	0	0	1	1	1		
c03639u2_app.ts	0	0	0	0	1	1	1		
c03640u0_index.d.mts	0	0	0	0	1	1	1		
c03640u1_index.d.cts	0	0	0	0	1	1	1		
c03640u2_app.ts	0	0	0	0	1	1	1		
c03641u0_index.d.mts	0	0	0	0	1	1	1		
c03641u1_index.d.cts	0	0	0	0	1	1	1		
c03641u2_app.ts	0	0	0	0	1	1	1		
c03641u3_other.ts	0	0	0	0	1	1	1		
c03642u2_index.d.ts	0	0	0	0	1	1	1		
c03642u3_index.d.ts	0	0	0	0	1	1	1		
c03642u6_index.mts	0	0	0	0	1	1	1		
c03643u0_index.d.ts	0	0	0	0	1	1	1		
c03643u1_index.d.ts	0	0	0	0	1	1	1		
c03643u2_z.d.ts	0	0	0	0	1	1	1		
c03643u3_a.ts	0	0	0	0	1	1	1		
c03644u0_index.d.ts	0	0	0	0	1	1	1		
c03644u1_a.ts	0	0	0	0	1	1	1		
c03645u0_walk.d.ts	0	0	0	0	1	1	1		
c03645u2_index.ts	0	0	0	0	1	1	1		
c03646u0_index.d.ts	0	0	0	0	1	1	1		
c03646u1_index.d.ts	0	0	0	0	1	1	1		
c03646u2_main.ts	0	0	0	0	1	1	1		
c03647u0_index.d.ts	0	0	0	0	1	1	1		
c03647u1_user.ts	0	0	0	0	1	1	1		
c03648u0_index.d.ts	0	0	0	0	1	1	1		
c03648u1_user.ts	0	0	0	0	1	1	1		
c03649u0_index.d.ts	0	0	0	0	1	1	1		
c03649u1_other.d.ts	0	0	0	0	1	1	1		
c03649u2_index.d.ts	0	0	0	0	1	1	1		
c03649u3_other.d.ts	0	0	0	0	1	1	1		
c03649u4_main.ts	0	0	0	0	1	1	1		
c03650u1_a.ts	0	0	0	0	1	1	1		
c03650u2_b.ts	0	0	0	0	1	1	1		
c03650u3_c.ts	0	0	0	0	1	1	1		
c03651u1_a.ts	0	0	0	0	1	1	1		
c03652u1_a.ts	0	0	0	0	1	1	1		
c03653u1_a.ts	0	0	0	0	1	1	1		
c03654u1_a.ts	0	0	0	0	1	1	1		
c03655u0_index.d.ts	0	0	0	0	1	1	1		
c03655u3_index.d.ts	0	0	0	0	1	1	1		
c03655u6_a.ts	0	0	0	0	1	1	1		
c03656u1_declarations.d.ts	0	0	0	0	1	1	1		
c03656u2_a.ts	0	0	0	0	1	1	1		
c03657u1_a.ts	0	0	0	0	1	1	1		
c03659u0_foo.d.ts	0	0	0	0	1	1	1		
c03659u1_foo.d.ts	0	0	0	0	1	1	1		
c03661u1_bar.ts	0	0	0	0	1	1	1		
c03662u3_index.d.ts	0	0	0	0	1	1	1		
c03662u4_test.d.ts	0	0	0	0	1	1	1		
c03662u5_index.d.mts	0	0	0	0	1	1	1		
c03662u6_test.d.mts	0	0	0	0	1	1	1		
c03662u7_index.d.cts	0	0	0	0	1	1	1		
c03662u8_test.d.cts	0	0	0	0	1	1	1		
c03663u2_types.d.ts	0	0	0	0	1	1	1		
c03667u3_types.d.ts	0	0	0	0	1	1	1		
c03668u2_types.d.ts	0	0	0	0	1	1	1		
c03669u0_index.ts	0	0	0	0	1	1	1		
c03669u2_types.d.ts	0	0	0	0	1	1	1		
c03670u2_types.d.ts	0	0	0	0	1	1	1		
c03672u3_index.d.ts	0	0	0	0	1	1	1		
c03672u4_test.d.ts	0	0	0	0	1	1	1		
c03672u5_index.d.mts	0	0	0	0	1	1	1		
c03672u6_test.d.mts	0	0	0	0	1	1	1		
c03672u7_index.d.cts	0	0	0	0	1	1	1		
c03672u8_test.d.cts	0	0	0	0	1	1	1		
c03674u3_index.d.ts	0	0	0	0	1	1	1		
c03674u4_test.d.ts	0	0	0	0	1	1	1		
c03674u5_index.d.mts	0	0	0	0	1	1	1		
c03674u6_test.d.mts	0	0	0	0	1	1	1		
c03674u7_index.d.cts	0	0	0	0	1	1	1		
c03674u8_test.d.cts	0	0	0	0	1	1	1		
c03675u3_index.d.ts	0	0	0	0	1	1	1		
c03675u4_index.d.mts	0	0	0	0	1	1	1		
c03675u5_index.d.cts	0	0	0	0	1	1	1		
c03676u3_index.d.ts	0	0	0	0	1	1	1		
c03676u4_test.d.ts	0	0	0	0	1	1	1		
c03676u5_index.d.mts	0	0	0	0	1	1	1		
c03676u6_test.d.mts	0	0	0	0	1	1	1		
c03676u7_index.d.cts	0	0	0	0	1	1	1		
c03676u8_test.d.cts	0	0	0	0	1	1	1		
c03679u1_importer-cts.cts	0	0	0	0	1	1	1		
c03679u2_exporter.mts	0	0	0	0	1	1	1		
c03680u1_importer-cts.cts	0	0	0	0	1	1	1		
c03680u2_exporter.mts	0	0	0	0	1	1	1		
c03681u1_importer-cts.cts	0	0	0	0	1	1	1		
c03681u2_exporter.mts	0	0	0	0	1	1	1		
c03682u0_index.ts	0	0	0	0	1	1	1		
c03682u1_index.d.ts	0	0	0	0	1	1	1		
c03682u2_other.d.ts	0	0	0	0	1	1	1		
c03682u3_private.d.ts	0	0	0	0	1	1	1		
c03683u0_index.ts	0	0	0	0	1	1	1		
c03683u10_index.cts	0	0	0	0	1	1	1		
c03683u11_index.ts	0	0	0	0	1	1	1		
c03683u1_index.cts	0	0	0	0	1	1	1		
c03683u2_index.mts	0	0	0	0	1	1	1		
c03683u3_index.ts	0	0	0	0	1	1	1		
c03683u4_index.cts	0	0	0	0	1	1	1		
c03683u5_index.mts	0	0	0	0	1	1	1		
c03683u6_index.ts	0	0	0	0	1	1	1		
c03683u7_index.mts	0	0	0	0	1	1	1		
c03683u8_index.cts	0	0	0	0	1	1	1		
c03683u9_index.mts	0	0	0	0	1	1	1		
c03685u0_module.mts	0	0	0	0	1	1	1		
c03685u1_tsExtension.ts	0	0	0	0	1	1	1		
c03685u3_ctsExtension.cts	0	0	0	0	1	1	1		
c03685u4_tsxExtension.tsx	0	0	0	0	1	1	1		
c03686u0_module.mts	0	0	0	0	1	1	1		
c03686u1_tsExtension.ts	0	0	0	0	1	1	1		
c03686u3_ctsExtension.cts	0	0	0	0	1	1	1		
c03686u4_tsxExtension.tsx	0	0	0	0	1	1	1		
c03687u0_module.mts	0	0	0	0	1	1	1		
c03687u1_tsExtension.ts	0	0	0	0	1	1	1		
c03687u3_ctsExtension.cts	0	0	0	0	1	1	1		
c03687u4_tsxExtension.tsx	0	0	0	0	1	1	1		
c03688u0_module.mts	0	0	0	0	1	1	1		
c03688u1_tsExtension.ts	0	0	0	0	1	1	1		
c03688u3_ctsExtension.cts	0	0	0	0	1	1	1		
c03688u4_tsxExtension.tsx	0	0	0	0	1	1	1		
c03689u0_index.ts	0	0	0	0	1	1	1		
c03689u1_index.ts	0	0	0	0	1	1	1		
c03690u0_index.ts	0	0	0	0	1	1	1		
c03690u1_index.mts	0	0	0	0	1	1	1		
c03690u2_index.cts	0	0	0	0	1	1	1		
c03690u3_index.d.ts	0	0	0	0	1	1	1		
c03690u4_test.d.ts	0	0	0	0	1	1	1		
c03690u5_index.d.mts	0	0	0	0	1	1	1		
c03690u6_test.d.mts	0	0	0	0	1	1	1		
c03690u7_index.d.cts	0	0	0	0	1	1	1		
c03690u8_test.d.cts	0	0	0	0	1	1	1		
c03691u0_index.ts	0	0	0	0	1	1	1		
c03691u10_index.d.mts	0	0	0	0	1	1	1		
c03691u11_index.d.cts	0	0	0	0	1	1	1		
c03691u1_index.mts	0	0	0	0	1	1	1		
c03691u2_index.cts	0	0	0	0	1	1	1		
c03691u3_other.ts	0	0	0	0	1	1	1		
c03691u4_other2.ts	0	0	0	0	1	1	1		
c03691u5_other.mts	0	0	0	0	1	1	1		
c03691u6_other2.mts	0	0	0	0	1	1	1		
c03691u7_other.cts	0	0	0	0	1	1	1		
c03691u8_other2.cts	0	0	0	0	1	1	1		
c03691u9_index.d.ts	0	0	0	0	1	1	1		
c03692u0_index.ts	0	0	0	0	1	1	1		
c03692u1_index.mts	0	0	0	0	1	1	1		
c03692u2_index.cts	0	0	0	0	1	1	1		
c03692u3_index.d.ts	0	0	0	0	1	1	1		
c03692u4_index.d.mts	0	0	0	0	1	1	1		
c03692u5_index.d.cts	0	0	0	0	1	1	1		
c03693u0_index.ts	0	0	0	0	1	1	1		
c03693u1_index.ts	0	0	0	0	1	1	1		
c03693u2_types.d.ts	0	0	0	0	1	1	1		
c03694u0_index.ts	0	0	0	0	1	1	1		
c03694u1_index.ts	0	0	0	0	1	1	1		
c03695u0_index.ts	0	0	0	0	1	1	1		
c03695u1_index.d.ts	0	0	0	0	1	1	1		
c03695u2_other.d.ts	0	0	0	0	1	1	1		
c03696u1_foo.d.ts	0	0	0	0	1	1	1		
c03696u2_foo.d.ts	0	0	0	0	1	1	1		
c03696u3_main.cts	0	0	0	0	1	1	1		
c03696u4_main.mts	0	0	0	0	1	1	1		
c03697u0_example.d.ts	0	0	0	0	1	1	1		
c03697u1_main.mts	0	0	0	0	1	1	1		
c03698u0_index.ts	0	0	0	0	1	1	1		
c03698u1_index.ts	0	0	0	0	1	1	1		
c03698u2_other.ts	0	0	0	0	1	1	1		
c03699u0_index.ts	0	0	0	0	1	1	1		
c03699u1_index.d.ts	0	0	0	0	1	1	1		
c03699u2_other.d.ts	0	0	0	0	1	1	1		
c03700u0_index.ts	0	0	0	0	1	1	1		
c03700u1_index.d.ts	0	0	0	0	1	1	1		
c03700u2_other.d.ts	0	0	0	0	1	1	1		
c03701u0_index.ts	0	0	0	0	1	1	1		
c03701u1_index.d.ts	0	0	0	0	1	1	1		
c03701u2_other.d.ts	0	0	0	0	1	1	1		
c03702u0_index.ts	0	0	0	0	1	1	1		
c03702u10_index.cts	0	0	0	0	1	1	1		
c03702u11_index.ts	0	0	0	0	1	1	1		
c03702u1_index.cts	0	0	0	0	1	1	1		
c03702u2_index.mts	0	0	0	0	1	1	1		
c03702u3_index.ts	0	0	0	0	1	1	1		
c03702u4_index.cts	0	0	0	0	1	1	1		
c03702u5_index.mts	0	0	0	0	1	1	1		
c03702u6_index.ts	0	0	0	0	1	1	1		
c03702u7_index.mts	0	0	0	0	1	1	1		
c03702u8_index.cts	0	0	0	0	1	1	1		
c03702u9_index.mts	0	0	0	0	1	1	1		
c03703u0_index.ts	0	0	0	0	1	1	1		
c03703u1_index.ts	0	0	0	0	1	1	1		
c03704u0_index.ts	0	0	0	0	1	1	1		
c03704u1_otherc.cts	0	0	0	0	1	1	1		
c03705u0_index.ts	0	0	0	0	1	1	1		
c03705u1_index.ts	0	0	0	0	1	1	1		
c03705u2_file.ts	0	0	0	0	1	1	1		
c03705u3_types.d.ts	0	0	0	0	1	1	1		
c03706u0_index.ts	0	0	0	0	1	1	1		
c03706u1_otherc.cts	0	0	0	0	1	1	1		
c03707u0_import.d.ts	0	0	0	0	1	1	1		
c03707u1_require.d.ts	0	0	0	0	1	1	1		
c03707u2_index.ts	0	0	0	0	1	1	1		
c03708u0_import.d.ts	0	0	0	0	1	1	1		
c03708u1_require.d.ts	0	0	0	0	1	1	1		
c03708u2_index.ts	0	0	0	0	1	1	1		
c03709u0_import.d.ts	0	0	0	0	1	1	1		
c03709u1_require.d.ts	0	0	0	0	1	1	1		
c03709u2_index.ts	0	0	0	0	1	1	1		
c03710u0_import.d.ts	0	0	0	0	1	1	1		
c03710u1_require.d.ts	0	0	0	0	1	1	1		
c03710u2_index.ts	0	0	0	0	1	1	1		
c03711u0_import.d.ts	0	0	0	0	1	1	1		
c03711u1_require.d.ts	0	0	0	0	1	1	1		
c03711u2_index.ts	0	0	0	0	1	1	1		
c03711u3_other.ts	0	0	19	19	1	1	1		
c03711u4_other2.ts	0	0	0	0	1	1	1		
c03711u5_other3.ts	0	0	7	7	1	1	1		
c03711u6_other4.ts	0	0	11	11	1	1	1		
c03711u7_other5.ts	0	0	0	0	1	1	1		
c03712u0_index.ts	0	0	0	0	1	1	1		
c03712u1_index.ts	0	0	0	0	1	1	1		
c03712u2_types.d.ts	0	0	0	0	1	1	1		
c03713u0_index.ts	0	0	0	0	1	1	1		
c03713u1_index.ts	0	0	0	0	1	1	1		
c03713u2_types.d.ts	0	0	0	0	1	1	1		
c03714u0_index.ts	0	0	0	0	1	1	1		
c03714u1_index.ts	0	0	0	0	1	1	1		
c03714u2_types.d.ts	0	0	0	0	1	1	1		
c03715u0_index.ts	0	0	0	0	1	1	1		
c03715u1_index.ts	0	0	0	0	1	1	1		
c03716u0_import.d.ts	0	0	0	0	1	1	1		
c03716u1_require.d.ts	0	0	0	0	1	1	1		
c03716u2_index.ts	0	0	0	0	1	1	1		
c03717u0_import.d.ts	0	0	0	0	1	1	1		
c03717u1_require.d.ts	0	0	0	0	1	1	1		
c03717u2_index.ts	0	0	0	0	1	1	1		
c03718u0_import.d.ts	0	0	0	0	1	1	1		
c03718u1_require.d.ts	0	0	0	0	1	1	1		
c03718u2_index.ts	0	0	0	0	1	1	1		
c03719u0_index.ts	0	0	0	0	1	1	1		
c03719u1_index.mts	0	0	0	0	1	1	1		
c03719u2_index.cts	0	0	0	0	1	1	1		
c03720u0_index.ts	0	0	0	0	1	1	1		
c03720u1_index.mts	0	0	0	0	1	1	1		
c03720u2_index.cts	0	0	0	0	1	1	1		
c03721u0_import.d.ts	0	0	0	0	1	1	1		
c03721u1_require.d.ts	0	0	0	0	1	1	1		
c03721u2_index.ts	0	0	0	0	1	1	1		
c03722u0_import.d.ts	0	0	0	0	1	1	1		
c03722u1_require.d.ts	0	0	0	0	1	1	1		
c03722u2_index.ts	0	0	0	0	1	1	1		
c03722u3_other.ts	0	0	19	19	1	1	1		
c03722u4_other2.ts	0	0	0	4	1	1	1		
c03722u5_other3.ts	0	0	7	7	1	1	1		
c03722u6_other4.ts	0	0	11	11	1	1	1		
c03722u7_other5.ts	0	0	0	4	1	1	1		
c03723u0_index.d.ts	0	0	0	0	1	1	1		
c03723u1_typed.d.json.ts	0	0	0	0	1	1	1		
c03723u2_main.mts	0	0	0	0	1	1	1		
c03723u3_loosey.cts	0	0	0	0	1	1	1		
c03724u0_index.d.ts	0	0	0	0	1	1	1		
c03724u1_index.d.ts	0	0	0	0	1	1	1		
c03724u2_index.ts	0	0	0	0	1	1	1		
c03725u0_index.ts	0	0	0	0	1	1	1		
c03725u1_index.mts	0	0	0	0	1	1	1		
c03725u2_index.cts	0	0	0	0	1	1	1		
c03725u3_index.d.ts	0	0	0	0	1	1	1		
c03725u4_test.d.ts	0	0	0	0	1	1	1		
c03725u5_index.d.mts	0	0	0	0	1	1	1		
c03725u6_test.d.mts	0	0	0	0	1	1	1		
c03725u7_index.d.cts	0	0	0	0	1	1	1		
c03725u8_test.d.cts	0	0	0	0	1	1	1		
c03726u0_index.ts	0	0	0	0	1	1	1		
c03726u1_index.mts	0	0	0	0	1	1	1		
c03726u2_index.cts	0	0	0	0	1	1	1		
c03727u0_foo.ts	0	0	0	0	1	1	1		
c03727u1_bar.ts	0	0	0	0	1	1	1		
c03727u2_baz.ts	0	0	0	0	1	1	1		
c03727u3_index.ts	0	0	0	0	1	1	1		
c03727u4_index.mts	0	0	0	0	1	1	1		
c03727u5_index.cts	0	0	0	0	1	1	1		
c03728u0_foo.ts	0	0	0	0	1	1	1		
c03728u1_index.ts	0	0	0	0	1	1	1		
c03729u0_index.ts	0	0	0	0	1	1	1		
c03729u1_index.mts	0	0	0	0	1	1	1		
c03729u2_index.cts	0	0	0	0	1	1	1		
c03729u3_index.d.ts	0	0	0	0	1	1	1		
c03729u4_test.d.ts	0	0	0	0	1	1	1		
c03729u5_index.d.mts	0	0	0	0	1	1	1		
c03729u6_test.d.mts	0	0	0	0	1	1	1		
c03729u7_index.d.cts	0	0	0	0	1	1	1		
c03729u8_test.d.cts	0	0	0	0	1	1	1		
c03730u0_index.ts	0	0	0	0	1	1	1		
c03730u10_test.d.ts	0	0	0	0	1	1	1		
c03730u11_index.d.mts	0	0	0	0	1	1	1		
c03730u12_test.d.mts	0	0	0	0	1	1	1		
c03730u13_index.d.cts	0	0	0	0	1	1	1		
c03730u14_test.d.cts	0	0	0	0	1	1	1		
c03730u1_index.mts	0	0	0	0	1	1	1		
c03730u2_index.cts	0	0	0	0	1	1	1		
c03730u3_index.d.ts	0	0	0	0	1	1	1		
c03730u4_test.d.ts	0	0	0	0	1	1	1		
c03730u5_index.d.mts	0	0	0	0	1	1	1		
c03730u6_test.d.mts	0	0	0	0	1	1	1		
c03730u7_index.d.cts	0	0	0	0	1	1	1		
c03730u8_test.d.cts	0	0	0	0	1	1	1		
c03730u9_index.d.ts	0	0	0	0	1	1	1		
c03731u0_index.ts	0	0	0	0	1	1	1		
c03731u1_index.mts	0	0	0	0	1	1	1		
c03731u2_index.cts	0	0	0	0	1	1	1		
c03731u3_index.d.ts	0	0	0	0	1	1	1		
c03731u4_test.d.ts	0	0	0	0	1	1	1		
c03731u5_index.d.mts	0	0	0	0	1	1	1		
c03731u6_test.d.mts	0	0	0	0	1	1	1		
c03731u7_index.d.cts	0	0	0	0	1	1	1		
c03731u8_test.d.cts	0	0	0	0	1	1	1		
c03732u0_index.ts	0	0	0	0	1	1	1		
c03732u1_index.cts	0	0	0	0	1	1	1		
c03732u2_index.mts	0	0	0	0	1	1	1		
c03733u0_index.ts	0	0	0	0	1	1	1		
c03733u1_index.ts	0	0	0	0	1	1	1		
c03734u0_index.ts	0	0	0	0	1	1	1		
c03734u1_index.ts	0	0	0	0	1	1	1		
c03735u0_import.d.ts	0	0	0	0	1	1	1		
c03735u1_require.d.ts	0	0	0	0	1	1	1		
c03735u2_index.ts	0	0	0	0	1	1	1		
c03736u0_import.d.ts	0	0	0	0	1	1	1		
c03736u1_require.d.ts	0	0	0	0	1	1	1		
c03736u2_index.ts	0	0	0	0	1	1	1		
c03737u0_import.d.ts	0	0	0	0	1	1	1		
c03737u1_require.d.ts	0	0	0	0	1	1	1		
c03737u2_index.ts	0	0	0	0	1	1	1		
c03738u0_import.d.ts	0	0	0	0	1	1	1		
c03738u1_require.d.ts	0	0	0	0	1	1	1		
c03738u2_index.ts	0	0	0	0	1	1	1		
c03739u0_import.d.ts	0	0	0	0	1	1	1		
c03739u1_require.d.ts	0	0	0	0	1	1	1		
c03739u2_index.ts	0	0	0	0	1	1	1		
c03740u0_import.d.ts	0	0	0	0	1	1	1		
c03740u1_require.d.ts	0	0	0	0	1	1	1		
c03740u2_uses.ts	0	0	0	0	1	1	1		
c03740u3_index.ts	0	0	0	0	1	1	1		
c03741u0_import.d.ts	0	0	0	0	1	1	1		
c03741u1_require.d.ts	0	0	0	0	1	1	1		
c03741u2_uses.ts	0	0	0	0	1	1	1		
c03741u3_uses.ts	0	0	0	0	1	1	1		
c03741u4_index.ts	0	0	0	0	1	1	1		
c03742u0_import.d.ts	0	0	0	0	1	1	1		
c03742u1_require.d.ts	0	0	0	0	1	1	1		
c03742u2_index.ts	0	0	0	0	1	1	1		
c03743u0_import.d.ts	0	0	0	0	1	1	1		
c03743u1_require.d.ts	0	0	0	0	1	1	1		
c03743u2_index.ts	0	0	0	0	1	1	1		
c03744u0_import.d.ts	0	0	0	0	1	1	1		
c03744u1_require.d.ts	0	0	0	0	1	1	1		
c03744u2_index.ts	0	0	0	0	1	1	1		
c03745u0_import.d.ts	0	0	0	0	1	1	1		
c03745u1_require.d.ts	0	0	0	0	1	1	1		
c03745u2_index.ts	0	0	0	0	1	1	1		
c03746u0_import.d.ts	0	0	0	0	1	1	1		
c03746u1_require.d.ts	0	0	0	0	1	1	1		
c03746u2_index.ts	0	0	0	0	1	1	1		
c03747u0_import.d.ts	0	0	0	0	1	1	1		
c03747u1_require.d.ts	0	0	0	0	1	1	1		
c03747u2_index.ts	0	0	1	1	1	1	1		
c03748u0_import.d.ts	0	0	0	0	1	1	1		
c03748u1_require.d.ts	0	0	0	0	1	1	1		
c03748u2_index.ts	0	0	0	0	1	1	1		
c03749u0_index.ts	0	0	0	0	1	1	1		
c03749u1_index.mts	0	0	0	0	1	1	1		
c03749u2_index.cts	0	0	0	0	1	1	1		
c03749u3_index.d.ts	0	0	0	0	1	1	1		
c03749u4_index.d.mts	0	0	0	0	1	1	1		
c03749u5_index.d.cts	0	0	0	0	1	1	1		
c03749u6_old-types.d.ts	0	0	0	0	1	1	1		
c03749u7_new-types.d.ts	0	0	0	0	1	1	1		
c03749u8_future-types.d.ts	0	0	0	0	1	1	1		
c03750u0_index.ts	0	0	0	0	1	1	1		
c03750u1_index.mts	0	0	0	0	1	1	1		
c03750u2_index.cts	0	0	0	0	1	1	1		
c03751u0_index.ts	0	0	0	0	1	1	1		
c03751u1_index.mts	0	0	0	0	1	1	1		
c03751u2_index.cts	0	0	0	0	1	1	1		
c03752u0_component.d.html.ts	0	0	0	0	1	1	1		
c03752u1_file.d.ts	0	0	0	0	1	1	1		
c03752u2_main.ts	0	0	0	0	1	1	1		
c03753u0_component.d.html.ts	0	0	0	0	1	1	1		
c03753u1_file.ts	0	0	0	0	1	1	1		
c03754u0_main.ts	0	0	0	0	1	1	1		
c03754u1_data.d.json.ts	0	0	0	0	1	1	1		
c03755u0_main.ts	0	0	0	0	1	1	1		
c03755u10_file.d.d.mts.ts	0	0	0	0	1	1	1		
c03755u11_file.d.d.cts.ts	0	0	0	0	1	1	1		
c03755u12_file.d.d.json.ts	0	0	0	0	1	1	1		
c03755u1_file.d.js.ts	0	0	0	0	1	1	1		
c03755u2_file.d.jsx.ts	0	0	0	0	1	1	1		
c03755u3_file.d.ts.ts	0	0	0	0	1	1	1		
c03755u4_file.d.tsx.ts	0	0	0	0	1	1	1		
c03755u5_file.d.mjs.ts	0	0	0	0	1	1	1		
c03755u6_file.d.cjs.ts	0	0	0	0	1	1	1		
c03755u7_file.d.mts.ts	0	0	0	0	1	1	1		
c03755u8_file.d.cts.ts	0	0	0	0	1	1	1		
c03755u9_file.d.d.ts.ts	0	0	0	0	1	1	1		
c03756u0_native.d.node.ts	0	0	0	0	1	1	1		
c03756u1_main.ts	0	0	0	0	1	1	1		
c03757u0_override1.ts	0	0	0	0	1	1	1		
c03758u0_override10.ts	0	0	0	0	1	1	1		
c03759u0_override11.ts	0	0	0	0	1	1	1		
c03760u0_override12.ts	0	0	0	0	1	1	1		
c03761u0_override13.ts	0	0	0	0	1	1	1		
c03762u0_override14.ts	0	0	0	0	1	1	1		
c03763u0_override15.ts	0	0	0	0	1	1	1		
c03764u0_override16.ts	0	0	0	0	1	1	1		
c03765u0_override17.ts	0	0	0	0	1	1	1		
c03766u0_override18.ts	0	0	0	0	1	1	1		
c03767u0_override19.ts	0	0	0	0	1	1	1		
c03768u0_override2.ts	0	0	0	0	1	1	1		
c03769u0_override20.ts	0	0	0	0	1	1	1		
c03770u0_override21.ts	0	0	0	0	1	1	1		
c03771u0_override3.ts	0	0	0	0	1	1	1		
c03772u0_override4.ts	0	0	0	0	1	1	1		
c03773u0_override5.ts	0	0	0	0	1	1	1		
c03774u0_override6.ts	0	0	0	0	1	1	1		
c03775u0_override7.ts	0	0	0	0	1	1	1		
c03776u0_override8.ts	0	0	0	0	1	1	1		
c03777u0_override9.ts	0	0	0	0	1	1	1		
c03778u0_overrideDynamicName1.ts	0	0	0	0	1	1	1		
c03779u0_overrideKeywordOrder.ts	0	0	0	0	1	1	1		
c03780u0_overrideLateBindableIndexSignature1.ts	0	0	0	0	1	1	1		
c03781u0_overrideLateBindableName1.ts	0	0	0	0	1	1	1		
c03782u0_overrideParameterProperty.ts	0	0	0	0	1	1	1		
c03783u0_overrideWithoutNoImplicitOverride1.ts	0	0	0	0	1	1	1		
c03788u0_methodIsOk.ts	0	0	0	0	1	1	1		
c03788u10_nestedFunctionDeclarationNamedAwaitIsError.ts	0	0	0	0	1	1	1		
c03788u11_nestedFunctionExpressionNamedAwaitIsError.ts	0	0	0	0	1	1	1		
c03788u12_yieldIsOk.ts	0	0	0	0	1	1	1		
c03788u13_yieldWithValueIsOk.ts	0	0	0	0	1	1	1		
c03788u14_yieldStarMissingValueIsError.ts	0	0	1	1	1	1	1		
c03788u15_yieldStarWithValueIsOk.ts	0	0	0	0	1	1	1		
c03788u16_awaitWithValueIsOk.ts	0	0	0	0	1	1	1		
c03788u17_awaitMissingValueIsError.ts	0	0	1	1	1	1	1		
c03788u18_awaitAsTypeIsOk.ts	0	0	0	0	1	1	1		
c03788u19_yieldAsTypeIsStrictError.ts	0	0	0	0	1	1	1		
c03788u1_awaitMethodNameIsOk.ts	0	0	0	0	1	1	1		
c03788u20_yieldInClassComputedPropertyIsError.ts	0	0	0	0	1	1	1		
c03788u21_yieldInNestedComputedPropertyIsOk.ts	0	0	0	0	1	1	1		
c03788u22_asyncGeneratorGetAccessorIsError.ts	0	0	1	1	1	1	1		
c03788u23_asyncGeneratorSetAccessorIsError.ts	0	0	1	1	1	1	1		
c03788u24_asyncGeneratorPropertyIsError.ts	0	0	1	1	1	1	1		
c03788u2_yieldMethodNameIsOk.ts	0	0	0	0	1	1	1		
c03788u3_awaitParameterIsError.ts	0	0	0	0	1	1	1		
c03788u4_yieldParameterIsError.ts	0	0	0	0	1	1	1		
c03788u5_awaitInParameterInitializerIsError.ts	0	0	0	0	1	1	1		
c03788u6_yieldInParameterInitializerIsError.ts	0	0	0	0	1	1	1		
c03788u7_nestedAsyncGeneratorIsOk.ts	0	0	0	0	1	1	1		
c03788u8_nestedFunctionDeclarationNamedYieldIsError.ts	0	0	0	0	1	1	1		
c03788u9_nestedFunctionExpressionNamedYieldIsError.ts	0	0	0	0	1	1	1		
c03789u0_functionDeclarationIsOk.ts	0	0	0	0	1	1	1		
c03789u10_nestedFunctionDeclarationNamedAwaitIsError.ts	0	0	0	0	1	1	1		
c03789u11_nestedFunctionExpressionNamedAwaitIsError.ts	0	0	0	0	1	1	1		
c03789u12_yieldIsOk.ts	0	0	0	0	1	1	1		
c03789u13_yieldWithValueIsOk.ts	0	0	0	0	1	1	1		
c03789u14_yieldStarMissingValueIsError.ts	0	0	1	1	1	1	1		
c03789u15_yieldStarWithValueIsOk.ts	0	0	0	0	1	1	1		
c03789u16_awaitWithValueIsOk.ts	0	0	0	0	1	1	1		
c03789u17_awaitMissingValueIsError.ts	0	0	1	1	1	1	1		
c03789u18_awaitAsTypeIsOk.ts	0	0	0	0	1	1	1		
c03789u19_yieldAsTypeIsOk.ts	0	0	0	0	1	1	1		
c03789u1_awaitNameIsOk.ts	0	0	0	0	1	1	1		
c03789u20_yieldInNestedComputedPropertyIsOk.ts	0	0	0	0	1	1	1		
c03789u2_yieldNameIsOk.ts	0	0	0	0	1	1	1		
c03789u3_awaitParameterIsError.ts	0	0	0	0	1	1	1		
c03789u4_yieldParameterIsError.ts	0	0	0	0	1	1	1		
c03789u5_awaitInParameterInitializerIsError.ts	0	0	0	0	1	1	1		
c03789u6_yieldInParameterInitializerIsError.ts	0	0	0	0	1	1	1		
c03789u7_nestedAsyncGeneratorIsOk.ts	0	0	0	0	1	1	1		
c03789u8_nestedFunctionDeclarationNamedYieldIsError.ts	0	0	0	0	1	1	1		
c03789u9_nestedFunctionExpressionNamedYieldIsError.ts	0	0	0	0	1	1	1		
c03790u0_functionExpressionIsOk.ts	0	0	0	0	1	1	1		
c03790u10_nestedFunctionDeclarationNamedAwaitIsError.ts	0	0	0	0	1	1	1		
c03790u11_nestedFunctionExpressionNamedAwaitIsError.ts	0	0	0	0	1	1	1		
c03790u12_yieldIsOk.ts	0	0	0	0	1	1	1		
c03790u13_yieldWithValueIsOk.ts	0	0	0	0	1	1	1		
c03790u14_yieldStarMissingValueIsError.ts	0	0	1	1	1	1	1		
c03790u15_yieldStarWithValueIsOk.ts	0	0	0	0	1	1	1		
c03790u16_awaitWithValueIsOk.ts	0	0	0	0	1	1	1		
c03790u17_awaitMissingValueIsError.ts	0	0	1	1	1	1	1		
c03790u18_awaitAsTypeIsOk.ts	0	0	0	0	1	1	1		
c03790u19_yieldAsTypeIsOk.ts	0	0	0	0	1	1	1		
c03790u1_awaitNameIsError.ts	0	0	0	0	1	1	1		
c03790u20_yieldInNestedComputedPropertyIsOk.ts	0	0	0	0	1	1	1		
c03790u2_yieldNameIsError.ts	0	0	0	0	1	1	1		
c03790u3_awaitParameterIsError.ts	0	0	0	0	1	1	1		
c03790u4_yieldParameterIsError.ts	0	0	0	0	1	1	1		
c03790u5_awaitInParameterInitializerIsError.ts	0	0	0	0	1	1	1		
c03790u6_yieldInParameterInitializerIsError.ts	0	0	0	0	1	1	1		
c03790u7_nestedAsyncGeneratorIsOk.ts	0	0	0	0	1	1	1		
c03790u8_nestedFunctionDeclarationNamedYieldIsError.ts	0	0	0	0	1	1	1		
c03790u9_nestedFunctionExpressionNamedYieldIsError.ts	0	0	0	0	1	1	1		
c03791u0_methodIsOk.ts	0	0	0	0	1	1	1		
c03791u10_nestedFunctionDeclarationNamedAwaitIsError.ts	0	0	0	0	1	1	1		
c03791u11_nestedFunctionExpressionNamedAwaitIsError.ts	0	0	0	0	1	1	1		
c03791u12_yieldIsOk.ts	0	0	0	0	1	1	1		
c03791u13_yieldWithValueIsOk.ts	0	0	0	0	1	1	1		
c03791u14_yieldStarMissingValueIsError.ts	0	0	1	1	1	1	1		
c03791u15_yieldStarWithValueIsOk.ts	0	0	0	0	1	1	1		
c03791u16_awaitWithValueIsOk.ts	0	0	0	0	1	1	1		
c03791u17_awaitMissingValueIsError.ts	0	0	1	1	1	1	1		
c03791u18_awaitAsTypeIsOk.ts	0	0	0	0	1	1	1		
c03791u19_yieldAsTypeIsOk.ts	0	0	0	0	1	1	1		
c03791u1_awaitMethodNameIsOk.ts	0	0	0	0	1	1	1		
c03791u20_yieldInNestedComputedPropertyIsOk.ts	0	0	0	0	1	1	1		
c03791u21_asyncGeneratorGetAccessorIsError.ts	0	0	1	1	1	1	1		
c03791u22_asyncGeneratorSetAccessorIsError.ts	0	0	1	1	1	1	1		
c03791u23_asyncGeneratorPropertyIsError.ts	0	0	1	1	1	1	1		
c03791u2_yieldMethodNameIsOk.ts	0	0	0	0	1	1	1		
c03791u3_awaitParameterIsError.ts	0	0	0	0	1	1	1		
c03791u4_yieldParameterIsError.ts	0	0	0	0	1	1	1		
c03791u5_awaitInParameterInitializerIsError.ts	0	0	0	0	1	1	1		
c03791u6_yieldInParameterInitializerIsError.ts	0	0	0	0	1	1	1		
c03791u7_nestedAsyncGeneratorIsOk.ts	0	0	0	0	1	1	1		
c03791u8_nestedFunctionDeclarationNamedYieldIsError.ts	0	0	0	0	1	1	1		
c03791u9_nestedFunctionExpressionNamedYieldIsError.ts	0	0	0	0	1	1	1		
c03792u0_topLevelWithDeclIsError.ts	0	0	0	0	1	1	1		
c03792u10_inGeneratorWithDeclIsError.ts	0	0	0	0	1	1	1		
c03792u11_inGeneratorWithExprIsError.ts	0	0	0	0	1	1	1		
c03792u1_topLevelWithExprIsError.ts	0	0	0	0	1	1	1		
c03792u2_forAwaitInWithDeclIsError.ts	0	0	1	1	1	1	1		
c03792u3_forAwaitInWithExprIsError.ts	0	0	1	1	1	1	1		
c03792u4_inFunctionDeclWithDeclIsError.ts	0	0	0	0	1	1	1		
c03792u5_inFunctionDeclWithExprIsError.ts	0	0	0	0	1	1	1		
c03792u6_inAsyncFunctionWithDeclIsOk.ts	0	0	0	0	1	1	1		
c03792u7_inAsyncFunctionWithExprIsOk.ts	0	0	0	0	1	1	1		
c03792u8_inAsyncGeneratorWithDeclIsOk.ts	0	0	0	0	1	1	1		
c03792u9_inAsyncGeneratorWithExpressionIsOk.ts	0	0	0	0	1	1	1		
c03793u0_parser.numericSeparators.binary.ts	0	0	0	0	1	1	1		
c03794u0_1.ts	0	0	1	1	1	1	1		
c03794u1_2.ts	0	0	1	1	1	1	1		
c03794u2_3.ts	0	0	2	2	1	1	1		
c03794u3_4.ts	0	0	1	1	1	1	1		
c03794u4_5.ts	0	0	1	1	1	1	1		
c03794u5_6.ts	0	0	3	3	1	1	1		
c03795u0_parser.numericSeparators.decimal.ts	0	0	0	0	1	1	1		
c03796u0_1.ts	0	0	0	0	1	1	1		
c03796u10_11.ts	0	0	1	1	1	1	1		
c03796u11_12.ts	0	0	1	1	1	1	1		
c03796u12_13.ts	0	0	1	1	1	1	1		
c03796u13_14.ts	0	0	1	1	1	1	1		
c03796u14_15.ts	0	0	1	1	1	1	1		
c03796u15_16.ts	0	0	1	1	1	1	1		
c03796u16_17.ts	0	0	1	1	1	1	1		
c03796u17_18.ts	0	0	2	2	1	1	1		
c03796u18_19.ts	0	0	1	1	1	1	1		
c03796u19_20.ts	0	0	1	1	1	1	1		
c03796u1_2.ts	0	0	1	1	1	1	1		
c03796u20_21.ts	0	0	1	1	1	1	1		
c03796u21_22.ts	0	0	1	1	1	1	1		
c03796u22_23.ts	0	0	1	1	1	1	1		
c03796u23_24.ts	0	0	1	1	1	1	1		
c03796u24_25.ts	0	0	1	1	1	1	1		
c03796u25_26.ts	0	0	1	1	1	1	1		
c03796u26_27.ts	0	0	1	1	1	1	1		
c03796u27_28.ts	0	0	1	1	1	1	1		
c03796u28_29.ts	0	0	1	1	1	1	1		
c03796u29_30.ts	0	0	1	1	1	1	1		
c03796u2_3.ts	0	0	1	1	1	1	1		
c03796u30_31.ts	0	0	2	2	1	1	1		
c03796u31_32.ts	0	0	1	1	1	1	1		
c03796u32_33.ts	0	0	1	1	1	1	1		
c03796u33_34.ts	0	0	1	1	1	1	1		
c03796u34_35.ts	0	0	1	1	1	1	1		
c03796u35_36.ts	0	0	1	1	1	1	1		
c03796u36_37.ts	0	0	1	1	1	1	1		
c03796u37_38.ts	0	0	1	1	1	1	1		
c03796u38_39.ts	0	0	1	1	1	1	1		
c03796u39_40.ts	0	0	1	1	1	1	1		
c03796u3_4.ts	0	0	1	1	1	1	1		
c03796u40_41.ts	0	0	1	1	1	1	1		
c03796u41_42.ts	0	0	1	1	1	1	1		
c03796u42_43.ts	0	0	1	1	1	1	1		
c03796u43_44.ts	0	0	2	2	1	1	1		
c03796u44_45.ts	0	0	1	1	1	1	1		
c03796u45_46.ts	0	0	1	1	1	1	1		
c03796u46_47.ts	0	0	1	1	1	1	1		
c03796u47_48.ts	0	0	1	1	1	1	1		
c03796u48_49.ts	0	0	2	2	1	1	1		
c03796u49_50.ts	0	0	2	2	1	1	1		
c03796u4_5.ts	0	0	1	1	1	1	1		
c03796u50_51.ts	0	0	1	1	1	1	1		
c03796u5_6.ts	0	0	1	1	1	1	1		
c03796u6_7.ts	0	0	1	1	1	1	1		
c03796u7_8.ts	0	0	1	1	1	1	1		
c03796u8_9.ts	0	0	1	1	1	1	1		
c03796u9_10.ts	0	0	1	1	1	1	1		
c03797u0_parser.numericSeparators.hex.ts	0	0	0	0	1	1	1		
c03798u0_1.ts	0	0	1	1	1	1	1		
c03798u1_2.ts	0	0	1	1	1	1	1		
c03798u2_3.ts	0	0	2	2	1	1	1		
c03798u3_4.ts	0	0	1	1	1	1	1		
c03798u4_5.ts	0	0	1	1	1	1	1		
c03798u5_6.ts	0	0	3	3	1	1	1		
c03799u0_parser.numericSeparators.octal.ts	0	0	0	0	1	1	1		
c03800u0_1.ts	0	0	1	1	1	1	1		
c03800u1_2.ts	0	0	1	1	1	1	1		
c03800u2_3.ts	0	0	2	2	1	1	1		
c03800u3_4.ts	0	0	1	1	1	1	1		
c03800u4_5.ts	0	0	1	1	1	1	1		
c03800u5_6.ts	0	0	3	3	1	1	1		
c03801u0_1.ts	0	0	1	1	1	1	1		
c03801u10_11.ts	0	0	1	1	1	1	1		
c03801u11_12.ts	0	0	0	0	1	1	1		
c03801u12_13.ts	0	0	1	1	1	1	1		
c03801u13_14.ts	0	0	1	1	1	1	1		
c03801u14_15.ts	0	0	1	1	1	1	1		
c03801u15_16.ts	0	0	0	0	1	1	1		
c03801u16_17.ts	0	0	1	1	1	1	1		
c03801u17_18.ts	0	0	1	1	1	1	1		
c03801u18_19.ts	0	0	1	1	1	1	1		
c03801u19_20.ts	0	0	0	0	1	1	1		
c03801u1_2.ts	0	0	1	1	1	1	1		
c03801u20_21.ts	0	0	1	1	1	1	1		
c03801u21_22.ts	0	0	1	1	1	1	1		
c03801u22_23.ts	0	0	1	1	1	1	1		
c03801u23_24.ts	0	0	0	0	1	1	1		
c03801u24_25.ts	0	0	1	1	1	1	1		
c03801u25_26.ts	0	0	1	1	1	1	1		
c03801u26_27.ts	0	0	1	1	1	1	1		
c03801u27_28.ts	0	0	0	0	1	1	1		
c03801u28_29.ts	0	0	0	0	1	1	1		
c03801u29_30.ts	0	0	0	0	1	1	1		
c03801u2_3.ts	0	0	1	1	1	1	1		
c03801u30_31.ts	0	0	0	0	1	1	1		
c03801u31_32.ts	0	0	0	0	1	1	1		
c03801u32_33.ts	0	0	0	0	1	1	1		
c03801u33_34.ts	0	0	0	0	1	1	1		
c03801u34_35.ts	0	0	0	0	1	1	1		
c03801u35_36.ts	0	0	0	0	1	1	1		
c03801u36_37.ts	0	0	1	1	1	1	1		
c03801u37_38.ts	0	0	1	1	1	1	1		
c03801u38_39.ts	0	0	1	1	1	1	1		
c03801u39_40.ts	0	0	0	0	1	1	1		
c03801u3_4.ts	0	0	0	0	1	1	1		
c03801u40_41.ts	0	0	1	1	1	1	1		
c03801u41_42.ts	0	0	1	1	1	1	1		
c03801u42_43.ts	0	0	1	1	1	1	1		
c03801u43_44.ts	0	0	0	0	1	1	1		
c03801u44_45.ts	0	0	1	1	1	1	1		
c03801u45_46.ts	0	0	1	1	1	1	1		
c03801u46_47.ts	0	0	1	1	1	1	1		
c03801u47_48.ts	0	0	0	0	1	1	1		
c03801u4_5.ts	0	0	1	1	1	1	1		
c03801u5_6.ts	0	0	1	1	1	1	1		
c03801u6_7.ts	0	0	1	1	1	1	1		
c03801u7_8.ts	0	0	0	0	1	1	1		
c03801u8_9.ts	0	0	1	1	1	1	1		
c03801u9_10.ts	0	0	1	1	1	1	1		
c03802u0_parserES3Accessors1.ts	0	0	0	0	1	1	1		
c03803u0_parserES3Accessors2.ts	0	0	0	0	1	1	1		
c03804u0_parserES3Accessors3.ts	0	0	0	0	1	1	1		
c03805u0_parserES3Accessors4.ts	0	0	0	0	1	1	1		
c03806u0_parserAccessors1.ts	0	0	0	0	1	1	1		
c03807u0_parserAccessors10.ts	0	0	0	0	1	1	1		
c03808u0_parserAccessors2.ts	0	0	0	0	1	1	1		
c03809u0_parserAccessors3.ts	0	0	0	0	1	1	1		
c03810u0_parserAccessors4.ts	0	0	0	0	1	1	1		
c03811u0_parserAccessors5.ts	0	0	0	0	1	1	1		
c03812u0_parserAccessors6.ts	0	0	0	0	1	1	1		
c03813u0_parserAccessors7.ts	0	0	0	0	1	1	1		
c03814u0_parserAccessors8.ts	0	0	0	0	1	1	1		
c03815u0_parserAccessors9.ts	0	0	0	0	1	1	1		
c03816u0_parserGetAccessorWithTypeParameters1.ts	0	0	0	0	1	1	1		
c03817u0_parserSetAccessorWithTypeAnnotation1.ts	0	0	0	0	1	1	1		
c03818u0_parserSetAccessorWithTypeParameters1.ts	0	0	0	0	1	1	1		
c03819u0_parserArrayLiteralExpression1.ts	0	0	0	0	1	1	1		
c03820u0_parserArrayLiteralExpression10.ts	0	0	0	0	1	1	1		
c03821u0_parserArrayLiteralExpression11.ts	0	0	0	0	1	1	1		
c03822u0_parserArrayLiteralExpression12.ts	0	0	0	0	1	1	1		
c03823u0_parserArrayLiteralExpression13.ts	0	0	0	0	1	1	1		
c03824u0_parserArrayLiteralExpression14.ts	0	0	0	0	1	1	1		
c03825u0_parserArrayLiteralExpression15.ts	0	0	0	0	1	1	1		
c03826u0_parserArrayLiteralExpression2.ts	0	0	0	0	1	1	1		
c03827u0_parserArrayLiteralExpression3.ts	0	0	0	0	1	1	1		
c03828u0_parserArrayLiteralExpression4.ts	0	0	0	0	1	1	1		
c03829u0_parserArrayLiteralExpression5.ts	0	0	0	0	1	1	1		
c03830u0_parserArrayLiteralExpression6.ts	0	0	0	0	1	1	1		
c03831u0_parserArrayLiteralExpression7.ts	0	0	0	0	1	1	1		
c03832u0_parserArrayLiteralExpression8.ts	0	0	0	0	1	1	1		
c03833u0_parserArrayLiteralExpression9.ts	0	0	0	0	1	1	1		
c03834u0_parserArrowFunctionExpression1.ts	0	0	0	0	1	1	1		
c03835u1_fileTs.ts	0	0	0	0	1	1	1		
c03836u1_fileTs.ts	0	0	0	0	1	1	1		
c03837u1_fileTs.ts	0	0	0	0	1	1	1		
c03838u1_fileTs.ts	0	0	0	0	1	1	1		
c03839u1_fileTs.ts	0	0	0	0	1	1	1		
c03840u1_fileTs.ts	0	0	0	0	1	1	1		
c03841u1_fileTs.ts	0	0	0	0	1	1	1		
c03842u1_fileTs.ts	0	0	0	0	1	1	1		
c03843u0_parserArrowFunctionExpression2.ts	0	0	1	1	1	1	1		
c03844u0_parserArrowFunctionExpression3.ts	0	0	2	2	1	1	1		
c03845u0_parserArrowFunctionExpression4.ts	0	0	0	0	1	1	1		
c03846u0_parserArrowFunctionExpression5.ts	0	0	0	0	1	1	1		
c03847u0_parserArrowFunctionExpression6.ts	0	0	0	0	1	1	1		
c03848u0_parserArrowFunctionExpression7.ts	0	0	0	0	1	1	1		
c03849u1_fileTs.ts	0	0	0	0	1	1	1		
c03850u1_fileTs.ts	0	0	0	0	1	1	1		
c03851u0_parserAutomaticSemicolonInsertion1.ts	0	0	0	0	1	1	1		
c03852u0_parserCatchClauseWithTypeAnnotation1.ts	0	0	0	0	1	1	1		
c03853u0_parserClass1.ts	0	0	0	0	1	1	1		
c03854u0_parserClass2.ts	0	0	0	0	1	1	1		
c03855u0_parserClassDeclaration1.ts	0	0	0	0	1	1	1		
c03856u0_parserClassDeclaration10.ts	0	0	0	0	1	1	1		
c03857u0_parserClassDeclaration11.ts	0	0	0	0	1	1	1		
c03858u0_parserClassDeclaration12.ts	0	0	0	0	1	1	1		
c03859u0_parserClassDeclaration13.ts	0	0	0	0	1	1	1		
c03860u0_parserClassDeclaration14.ts	0	0	0	0	1	1	1		
c03861u0_parserClassDeclaration15.ts	0	0	0	0	1	1	1		
c03862u0_parserClassDeclaration16.ts	0	0	0	0	1	1	1		
c03863u0_parserClassDeclaration17.ts	0	0	0	0	1	1	1		
c03864u0_parserClassDeclaration18.ts	0	0	0	0	1	1	1		
c03865u0_parserClassDeclaration19.ts	0	0	0	0	1	1	1		
c03866u0_parserClassDeclaration2.ts	0	0	0	0	1	1	1		
c03867u0_parserClassDeclaration20.ts	0	0	0	0	1	1	1		
c03868u0_parserClassDeclaration21.ts	0	0	0	0	1	1	1		
c03869u0_parserClassDeclaration22.ts	0	0	0	0	1	1	1		
c03870u0_parserClassDeclaration23.ts	0	0	0	0	1	1	1		
c03871u0_parserClassDeclaration24.ts	0	0	0	0	1	1	1		
c03872u0_parserClassDeclaration25.ts	0	0	0	0	1	1	1		
c03873u0_parserClassDeclaration26.ts	0	0	0	0	1	1	1		
c03874u0_parserClassDeclaration3.ts	0	0	0	0	1	1	1		
c03875u0_parserClassDeclaration4.ts	0	0	0	0	1	1	1		
c03876u0_parserClassDeclaration5.ts	0	0	0	0	1	1	1		
c03877u0_parserClassDeclaration6.ts	0	0	0	0	1	1	1		
c03878u0_parserClassDeclaration7.d.ts	0	0	0	0	1	1	1		
c03879u0_parserClassDeclaration7.ts	0	0	0	0	1	1	1		
c03880u0_parserClassDeclaration8.ts	0	0	0	0	1	1	1		
c03881u0_parserClassDeclaration9.ts	0	0	0	0	1	1	1		
c03882u0_parserClassDeclarationIndexSignature1.ts	0	0	0	0	1	1	1		
c03883u0_parserES5ComputedPropertyName1.ts	0	0	0	0	1	1	1		
c03884u0_parserES5ComputedPropertyName10.ts	0	0	0	0	1	1	1		
c03885u0_parserES5ComputedPropertyName11.ts	0	0	0	0	1	1	1		
c03886u0_parserES5ComputedPropertyName2.ts	0	0	0	0	1	1	1		
c03887u0_parserES5ComputedPropertyName3.ts	0	0	0	0	1	1	1		
c03888u0_parserES5ComputedPropertyName4.ts	0	0	0	0	1	1	1		
c03889u0_parserES5ComputedPropertyName5.ts	0	0	0	0	1	1	1		
c03890u0_parserES5ComputedPropertyName6.ts	0	0	0	0	1	1	1		
c03891u0_parserES5ComputedPropertyName7.ts	0	0	0	0	1	1	1		
c03892u0_parserES5ComputedPropertyName8.ts	0	0	0	0	1	1	1		
c03893u0_parserES5ComputedPropertyName9.ts	0	0	0	0	1	1	1		
c03894u0_parserConstructorDeclaration1.ts	0	0	0	0	1	1	1		
c03895u0_parserConstructorDeclaration10.ts	0	0	0	0	1	1	1		
c03896u0_parserConstructorDeclaration11.ts	0	0	0	0	1	1	1		
c03897u0_parserConstructorDeclaration2.ts	0	0	0	0	1	1	1		
c03898u0_parserConstructorDeclaration3.ts	0	0	0	0	1	1	1		
c03899u0_parserConstructorDeclaration4.ts	0	0	0	0	1	1	1		
c03900u0_parserConstructorDeclaration5.ts	0	0	0	0	1	1	1		
c03901u0_parserConstructorDeclaration6.ts	0	0	0	0	1	1	1		
c03902u0_parserConstructorDeclaration7.ts	0	0	0	0	1	1	1		
c03903u0_parserConstructorDeclaration8.ts	0	0	1	1	1	1	1		
c03904u0_parserConstructorDeclaration9.ts	0	0	0	0	1	1	1		
c03905u0_parserEnum1.ts	0	0	0	0	1	1	1		
c03906u0_parserEnum2.ts	0	0	0	0	1	1	1		
c03907u0_parserEnum3.ts	0	0	0	0	1	1	1		
c03908u0_parserEnum4.ts	0	0	1	1	1	1	1		
c03909u0_parserEnum5.ts	0	0	3	3	1	1	1		
c03910u0_parserEnum6.ts	0	0	0	0	1	1	1		
c03911u0_parserEnum7.ts	0	0	0	0	1	1	1		
c03912u0_parserEnumDeclaration1.ts	0	0	0	0	1	1	1		
c03913u0_parserEnumDeclaration2.d.ts	0	0	0	0	1	1	1		
c03914u0_parserEnumDeclaration2.ts	0	0	0	0	1	1	1		
c03915u0_parserEnumDeclaration3.d.ts	0	0	0	0	1	1	1		
c03916u0_parserEnumDeclaration3.ts	0	0	0	0	1	1	1		
c03917u0_parserEnumDeclaration4.ts	0	0	1	1	1	1	1		
c03918u0_parserEnumDeclaration5.ts	0	0	0	0	1	1	1		
c03919u0_parserEnumDeclaration6.ts	0	0	0	0	1	1	1		
c03920u0_parserInterfaceKeywordInEnum.ts	0	0	0	0	1	1	1		
c03921u0_parserInterfaceKeywordInEnum1.ts	0	0	0	0	1	1	1		
c03922u0_parserAccessibilityAfterStatic1.ts	0	0	0	0	1	1	1		
c03923u0_parserAccessibilityAfterStatic10.ts	0	0	0	0	1	1	1		
c03924u0_parserAccessibilityAfterStatic11.ts	0	0	0	0	1	1	1		
c03925u0_parserAccessibilityAfterStatic14.ts	0	0	0	0	1	1	1		
c03926u0_parserAccessibilityAfterStatic2.ts	0	0	0	0	1	1	1		
c03927u0_parserAccessibilityAfterStatic3.ts	0	0	0	0	1	1	1		
c03928u0_parserAccessibilityAfterStatic4.ts	0	0	0	0	1	1	1		
c03929u0_parserAccessibilityAfterStatic5.ts	0	0	0	0	1	1	1		
c03930u0_parserAccessibilityAfterStatic6.ts	0	0	1	1	1	1	1		
c03931u0_parserAccessibilityAfterStatic7.ts	0	0	0	0	1	1	1		
c03932u0_parserErrorRecovery_ArgumentList1.ts	0	0	1	1	1	1	1		
c03933u0_parserErrorRecovery_ArgumentList2.ts	0	0	1	1	1	1	1		
c03934u0_parserErrorRecovery_ArgumentList3.ts	0	0	1	1	1	1	1		
c03935u0_parserErrorRecovery_ArgumentList4.ts	0	0	1	1	1	1	1		
c03936u0_parserErrorRecovery_ArgumentList6.ts	0	0	2	2	1	1	1		
c03937u0_parserErrorRecovery_ArgumentList7.ts	0	0	2	2	1	1	1		
c03938u0_parserErrorRecoveryArrayLiteralExpression1.ts	0	0	1	1	1	1	1		
c03939u0_parserErrorRecoveryArrayLiteralExpression2.ts	0	0	1	1	1	1	1		
c03940u0_parserErrorRecoveryArrayLiteralExpression3.ts	0	0	2	2	1	1	1		
c03941u0_ArrowFunction1.ts	0	0	1	1	1	1	1		
c03942u0_ArrowFunction3.ts	0	0	2	2	1	1	1		
c03943u0_ArrowFunction4.ts	0	0	0	0	1	1	1		
c03944u0_parserX_ArrowFunction1.ts	0	0	1	1	1	1	1		
c03945u0_parserX_ArrowFunction3.ts	0	0	2	2	1	1	1		
c03946u0_parserX_ArrowFunction4.ts	0	0	0	0	1	1	1		
c03947u0_parserErrorRecovery_Block1.ts	0	0	1	1	1	1	1		
c03948u0_parserErrorRecovery_Block2.ts	0	0	1	1	1	1	1		
c03949u0_parserErrorRecovery_Block3.ts	0	0	1	1	1	1	1		
c03950u0_parserErrorRecovery_ClassElement1.ts	0	0	1	1	1	1	1		
c03951u0_parserErrorRecovery_ClassElement2.ts	0	0	1	1	1	1	1		
c03952u0_parserErrorRecovery_ClassElement3.ts	0	0	4	4	1	1	1		
c03953u0_parserErrorRecovery_Expression1.ts	0	0	1	1	1	1	1		
c03954u0_parserErrorRecovery_ExtendsOrImplementsClause1.ts	0	0	0	0	1	1	1		
c03955u0_parserErrorRecovery_ExtendsOrImplementsClause2.ts	0	0	0	0	1	1	1		
c03956u0_parserErrorRecovery_ExtendsOrImplementsClause3.ts	0	0	0	0	1	1	1		
c03957u0_parserErrorRecovery_ExtendsOrImplementsClause4.ts	0	0	0	0	1	1	1		
c03958u0_parserErrorRecovery_ExtendsOrImplementsClause5.ts	0	0	0	0	1	1	1		
c03959u0_parserErrorRecovery_ExtendsOrImplementsClause6.ts	0	0	0	0	1	1	1		
c03960u0_parserErrorRecoveryIfStatement1.ts	0	0	1	1	1	1	1		
c03961u0_parserErrorRecoveryIfStatement2.ts	0	0	1	1	1	1	1		
c03962u0_parserErrorRecoveryIfStatement3.ts	0	0	1	1	1	1	1		
c03963u0_parserErrorRecoveryIfStatement4.ts	0	0	1	1	1	1	1		
c03964u0_parserErrorRecoveryIfStatement5.ts	0	0	3	3	1	1	1		
c03965u0_parserErrorRecoveryIfStatement6.ts	0	0	1	1	1	1	1		
c03966u0_parserErrorRecovery_IncompleteMemberVariable1.ts	0	0	0	0	1	1	1		
c03967u0_parserErrorRecovery_IncompleteMemberVariable2.ts	0	0	1	1	1	1	1		
c03968u0_parserErrorRecovery_LeftShift1.ts	0	0	1	1	1	1	1		
c03969u0_parserErrorRecovery_ModuleElement1.ts	0	0	2	2	1	1	1		
c03970u0_parserErrorRecovery_ModuleElement2.ts	0	0	2	2	1	1	1		
c03971u0_parserErrorRecovery_ObjectLiteral1.ts	0	0	1	1	1	1	1		
c03972u0_parserErrorRecovery_ObjectLiteral2.ts	0	0	3	3	1	1	1		
c03973u0_parserErrorRecovery_ObjectLiteral3.ts	0	0	3	3	1	1	1		
c03974u0_parserErrorRecovery_ObjectLiteral4.ts	0	0	3	3	1	1	1		
c03975u0_parserErrorRecovery_ObjectLiteral5.ts	0	0	2	2	1	1	1		
c03976u0_parserErrorRecovery_ParameterList1.ts	0	0	2	2	1	1	1		
c03977u0_parserErrorRecovery_ParameterList2.ts	0	0	1	1	1	1	1		
c03978u0_parserErrorRecovery_ParameterList4.ts	0	0	1	1	1	1	1		
c03979u0_parserErrorRecovery_ParameterList5.ts	0	0	2	2	1	1	1		
c03980u0_parserErrorRecovery_ParameterList6.ts	0	0	0	0	1	1	1		
c03981u0_parserErrorRecovery_SourceUnit1.ts	0	0	1	1	1	1	1		
c03982u0_parserErrorRecovery_SwitchStatement1.ts	0	0	2	2	1	1	1		
c03983u0_parserErrorRecovery_SwitchStatement2.ts	0	0	2	2	1	1	1		
c03984u0_TypeArgumentList1.ts	0	0	1	1	1	1	1		
c03985u0_parserX_TypeArgumentList1.ts	0	0	1	1	1	1	1		
c03986u0_parserErrorRecovery_VariableList1.ts	0	0	0	0	1	1	1		
c03987u0_parserInvalidIdentifiersInVariableStatements1.ts	0	0	3	3	1	1	1		
c03988u0_parserVariableStatement1.ts	0	0	0	0	1	1	1		
c03989u0_parserVariableStatement2.ts	0	0	0	0	1	1	1		
c03990u0_parserVariableStatement3.ts	0	0	0	0	1	1	1		
c03991u0_parserVariableStatement4.ts	0	0	0	0	1	1	1		
c03992u0_parserCommaInTypeMemberList1.ts	0	0	0	0	1	1	1		
c03993u0_parserCommaInTypeMemberList2.ts	0	0	0	0	1	1	1		
c03994u0_parserEmptyParenthesizedExpression1.ts	0	0	1	1	1	1	1		
c03995u0_parserEqualsGreaterThanAfterFunction1.ts	0	0	1	1	1	1	1		
c03996u0_parserEqualsGreaterThanAfterFunction2.ts	0	0	4	4	1	1	1		
c03997u0_parserErrantAccessibilityModifierInModule1.ts	0	0	1	1	1	1	1		
c03998u0_parserErrantEqualsGreaterThanAfterFunction1.ts	0	0	1	1	1	1	1		
c03999u0_parserErrantEqualsGreaterThanAfterFunction2.ts	0	0	1	1	1	1	1		
c04000u0_parserErrantSemicolonInClass1.ts	0	0	0	0	1	1	1		
c04001u0_parserFuzz1.ts	0	0	4	4	1	1	1		
c04002u0_parserMissingLambdaOpenBrace1.ts	0	0	1	1	1	1	1		
c04003u0_parserModifierOnPropertySignature1.ts	0	0	0	0	1	1	1		
c04004u0_parserModifierOnPropertySignature2.ts	0	0	0	0	1	1	1		
c04005u0_parserModifierOnStatementInBlock1.ts	0	0	0	0	1	1	1		
c04006u0_parserModifierOnStatementInBlock2.ts	0	0	0	0	1	1	1		
c04007u0_parserModifierOnStatementInBlock3.ts	0	0	0	0	1	1	1		
c04008u0_parserModifierOnStatementInBlock4.ts	0	0	0	0	1	1	1		
c04009u0_parserPublicBreak1.ts	0	0	1	1	1	1	1		
c04010u0_parserStatementIsNotAMemberVariableDeclaration1.ts	0	0	0	0	1	1	1		
c04011u0_parserUnfinishedTypeNameBeforeKeyword1.ts	0	0	1	1	1	1	1		
c04012u0_parserUnterminatedGeneric1.ts	0	0	1	1	1	1	1		
c04013u0_parserUnterminatedGeneric2.ts	0	0	6	6	1	1	1		
c04014u0_parserExportAssignment1.ts	0	0	0	0	1	1	1		
c04015u0_parserExportAssignment2.ts	0	0	0	0	1	1	1		
c04016u0_parserExportAssignment3.ts	0	0	1	1	1	1	1		
c04017u0_parserExportAssignment4.ts	0	0	1	1	1	1	1		
c04018u0_parserExportAssignment5.ts	0	0	0	0	1	1	1		
c04019u0_parserExportAssignment6.ts	0	0	0	0	1	1	1		
c04020u0_parserExportAssignment7.ts	0	0	0	0	1	1	1		
c04021u0_parserExportAssignment8.ts	0	0	0	0	1	1	1		
c04022u0_parserExportAssignment9.ts	0	0	0	0	1	1	1		
c04023u0_parseIncompleteBinaryExpression1.ts	0	0	1	1	1	1	1		
c04024u0_parserAssignmentExpression1.ts	0	0	0	0	1	1	1		
c04025u0_parserConditionalExpression1.ts	0	0	0	0	1	1	1		
c04026u0_parserInvocationOfMemberAccessOffOfObjectCreationExpression1.ts	0	0	0	0	1	1	1		
c04027u0_parserMemberAccessAfterPostfixExpression1.ts	0	0	1	1	1	1	1		
c04028u0_parserObjectCreation2.ts	0	0	0	0	1	1	1		
c04029u0_parserPostfixPostfixExpression1.ts	0	0	2	2	1	1	1		
c04030u0_parserPostfixUnaryExpression1.ts	0	0	2	2	1	1	1		
c04031u0_parserTypeAssertionInObjectCreationExpression1.ts	0	0	1	1	1	1	1		
c04032u0_parserUnaryExpression1.ts	0	0	0	0	1	1	1		
c04033u0_parserUnaryExpression2.ts	0	0	0	0	1	1	1		
c04034u0_parserUnaryExpression3.ts	0	0	0	0	1	1	1		
c04035u0_parserUnaryExpression4.ts	0	0	0	0	1	1	1		
c04036u0_parserUnaryExpression5.ts	0	0	1	1	1	1	1		
c04037u0_parserUnaryExpression6.ts	0	0	0	0	1	1	1		
c04038u0_parserUnaryExpression7.ts	0	0	0	0	1	1	1		
c04039u0_parserFunctionDeclaration1.d.ts	0	0	0	0	1	1	1		
c04040u0_parserFunctionDeclaration1.ts	0	0	0	0	1	1	1		
c04041u0_parserFunctionDeclaration2.d.ts	0	0	0	0	1	1	1		
c04042u0_parserFunctionDeclaration2.ts	0	0	0	0	1	1	1		
c04043u0_parserFunctionDeclaration3.ts	0	0	0	0	1	1	1		
c04044u0_parserFunctionDeclaration4.ts	0	0	0	0	1	1	1		
c04045u0_parserFunctionDeclaration5.ts	0	0	0	0	1	1	1		
c04046u0_parserFunctionDeclaration6.ts	0	0	0	0	1	1	1		
c04047u0_parserFunctionDeclaration7.ts	0	0	0	0	1	1	1		
c04048u0_parserFunctionDeclaration8.ts	0	0	0	0	1	1	1		
c04049u0_parser0_004152.ts	0	0	19	19	1	1	1		
c04050u0_parser768531.ts	0	0	0	0	1	1	1		
c04051u0_parserAmbiguity1.ts	0	0	0	0	1	1	1		
c04052u0_parserAmbiguity2.ts	0	0	0	0	1	1	1		
c04053u0_parserAmbiguity3.ts	0	0	0	0	1	1	1		
c04054u0_parserAmbiguityWithBinaryOperator1.ts	0	0	0	0	1	1	1		
c04055u0_parserAmbiguityWithBinaryOperator2.ts	0	0	0	0	1	1	1		
c04056u0_parserAmbiguityWithBinaryOperator3.ts	0	0	0	0	1	1	1		
c04057u0_parserAmbiguityWithBinaryOperator4.ts	0	0	0	0	1	1	1		
c04058u0_parserCastVersusArrowFunction1.ts	0	0	0	0	1	1	1		
c04059u0_parserConstructorAmbiguity1.ts	0	0	0	0	1	1	1		
c04060u0_parserConstructorAmbiguity2.ts	0	0	0	0	1	1	1		
c04061u0_parserConstructorAmbiguity3.ts	0	0	0	0	1	1	1		
c04062u0_parserConstructorAmbiguity4.ts	0	0	0	0	1	1	1		
c04063u0_parserGenericClass1.ts	0	0	0	0	1	1	1		
c04064u0_parserGenericClass2.ts	0	0	0	0	1	1	1		
c04065u0_parserGenericConstraint1.ts	0	0	0	0	1	1	1		
c04066u0_parserGenericConstraint2.ts	0	0	0	0	1	1	1		
c04067u0_parserGenericConstraint3.ts	0	0	0	0	1	1	1		
c04068u0_parserGenericConstraint4.ts	0	0	0	0	1	1	1		
c04069u0_parserGenericConstraint5.ts	0	0	0	0	1	1	1		
c04070u0_parserGenericConstraint6.ts	0	0	0	0	1	1	1		
c04071u0_parserGenericConstraint7.ts	0	0	0	0	1	1	1		
c04072u0_parserGenericsInInterfaceDeclaration1.ts	0	0	0	0	1	1	1		
c04073u0_parserGenericsInTypeContexts1.ts	0	0	0	0	1	1	1		
c04074u0_parserGenericsInTypeContexts2.ts	0	0	0	0	1	1	1		
c04075u0_parserGenericsInVariableDeclaration1.ts	0	0	0	0	1	1	1		
c04076u0_parserGreaterThanTokenAmbiguity1.ts	0	0	0	0	1	1	1		
c04077u0_parserGreaterThanTokenAmbiguity10.ts	0	0	0	0	1	1	1		
c04078u0_parserGreaterThanTokenAmbiguity11.ts	0	0	0	0	1	1	1		
c04079u0_parserGreaterThanTokenAmbiguity12.ts	0	0	1	1	1	1	1		
c04080u0_parserGreaterThanTokenAmbiguity13.ts	0	0	1	1	1	1	1		
c04081u0_parserGreaterThanTokenAmbiguity14.ts	0	0	1	1	1	1	1		
c04082u0_parserGreaterThanTokenAmbiguity15.ts	0	0	0	0	1	1	1		
c04083u0_parserGreaterThanTokenAmbiguity16.ts	0	0	0	0	1	1	1		
c04084u0_parserGreaterThanTokenAmbiguity17.ts	0	0	1	1	1	1	1		
c04085u0_parserGreaterThanTokenAmbiguity18.ts	0	0	1	1	1	1	1		
c04086u0_parserGreaterThanTokenAmbiguity19.ts	0	0	1	1	1	1	1		
c04087u0_parserGreaterThanTokenAmbiguity2.ts	0	0	1	1	1	1	1		
c04088u0_parserGreaterThanTokenAmbiguity20.ts	0	0	0	0	1	1	1		
c04089u0_parserGreaterThanTokenAmbiguity3.ts	0	0	1	1	1	1	1		
c04090u0_parserGreaterThanTokenAmbiguity4.ts	0	0	1	1	1	1	1		
c04091u0_parserGreaterThanTokenAmbiguity5.ts	0	0	0	0	1	1	1		
c04092u0_parserGreaterThanTokenAmbiguity6.ts	0	0	0	0	1	1	1		
c04093u0_parserGreaterThanTokenAmbiguity7.ts	0	0	1	1	1	1	1		
c04094u0_parserGreaterThanTokenAmbiguity8.ts	0	0	1	1	1	1	1		
c04095u0_parserGreaterThanTokenAmbiguity9.ts	0	0	1	1	1	1	1		
c04096u0_parserMemberAccessExpression1.ts	0	0	2	2	1	1	1		
c04097u0_parserMemberAccessOffOfGenericType1.ts	0	0	1	1	1	1	1		
c04098u0_parserObjectCreation1.ts	0	0	0	0	1	1	1		
c04099u0_parserIndexMemberDeclaration1.ts	0	0	0	0	1	1	1		
c04100u0_parserIndexMemberDeclaration10.ts	0	0	1	1	1	1	1		
c04101u0_parserIndexMemberDeclaration2.ts	0	0	0	0	1	1	1		
c04102u0_parserIndexMemberDeclaration3.ts	0	0	0	0	1	1	1		
c04103u0_parserIndexMemberDeclaration4.ts	0	0	0	0	1	1	1		
c04104u0_parserIndexMemberDeclaration5.ts	0	0	1	1	1	1	1		
c04105u0_parserIndexMemberDeclaration6.ts	0	0	0	0	1	1	1		
c04106u0_parserIndexMemberDeclaration7.ts	0	0	0	0	1	1	1		
c04107u0_parserIndexMemberDeclaration8.ts	0	0	0	0	1	1	1		
c04108u0_parserIndexMemberDeclaration9.ts	0	0	0	0	1	1	1		
c04109u0_parserIndexSignature1.ts	0	0	0	0	1	1	1		
c04110u0_parserIndexSignature10.ts	0	0	0	0	1	1	1		
c04111u0_parserIndexSignature11.ts	0	0	0	0	1	1	1		
c04112u0_parserIndexSignature2.ts	0	0	0	0	1	1	1		
c04113u0_parserIndexSignature3.ts	0	0	0	0	1	1	1		
c04114u0_parserIndexSignature4.ts	0	0	0	0	1	1	1		
c04115u0_parserIndexSignature5.ts	0	0	0	0	1	1	1		
c04116u0_parserIndexSignature6.ts	0	0	0	0	1	1	1		
c04117u0_parserIndexSignature7.ts	0	0	0	0	1	1	1		
c04118u0_parserIndexSignature8.ts	0	0	0	0	1	1	1		
c04119u0_parserIndexSignature9.ts	0	0	0	0	1	1	1		
c04120u0_parserInterfaceDeclaration1.ts	0	0	0	0	1	1	1		
c04121u0_parserInterfaceDeclaration2.ts	0	0	0	0	1	1	1		
c04122u0_parserInterfaceDeclaration3.ts	0	0	0	0	1	1	1		
c04123u0_parserInterfaceDeclaration4.ts	0	0	0	0	1	1	1		
c04124u0_parserInterfaceDeclaration5.ts	0	0	0	0	1	1	1		
c04125u0_parserInterfaceDeclaration6.ts	0	0	0	0	1	1	1		
c04126u0_parserInterfaceDeclaration7.ts	0	0	0	0	1	1	1		
c04127u0_parserInterfaceDeclaration8.ts	0	0	0	0	1	1	1		
c04128u0_parserInterfaceDeclaration9.ts	0	0	0	0	1	1	1		
c04129u0_parserMemberAccessor1.ts	0	0	0	0	1	1	1		
c04130u0_parserMemberAccessorDeclaration1.ts	0	0	0	0	1	1	1		
c04131u0_parserMemberAccessorDeclaration10.ts	0	0	0	0	1	1	1		
c04132u0_parserMemberAccessorDeclaration11.ts	0	0	0	0	1	1	1		
c04133u0_parserMemberAccessorDeclaration12.ts	0	0	0	0	1	1	1		
c04134u0_parserMemberAccessorDeclaration13.ts	0	0	0	0	1	1	1		
c04135u0_parserMemberAccessorDeclaration14.ts	0	0	0	0	1	1	1		
c04136u0_parserMemberAccessorDeclaration15.ts	0	0	0	0	1	1	1		
c04137u0_parserMemberAccessorDeclaration16.ts	0	0	0	0	1	1	1		
c04138u0_parserMemberAccessorDeclaration17.ts	0	0	0	0	1	1	1		
c04139u0_parserMemberAccessorDeclaration18.ts	0	0	0	0	1	1	1		
c04140u0_parserMemberAccessorDeclaration2.ts	0	0	0	0	1	1	1		
c04141u0_parserMemberAccessorDeclaration3.ts	0	0	0	0	1	1	1		
c04142u0_parserMemberAccessorDeclaration4.ts	0	0	0	0	1	1	1		
c04143u0_parserMemberAccessorDeclaration5.ts	0	0	0	0	1	1	1		
c04144u0_parserMemberAccessorDeclaration6.ts	0	0	0	0	1	1	1		
c04145u0_parserMemberAccessorDeclaration7.ts	0	0	0	0	1	1	1		
c04146u0_parserMemberAccessorDeclaration8.ts	0	0	1	1	1	1	1		
c04147u0_parserMemberAccessorDeclaration9.ts	0	0	0	0	1	1	1		
c04148u0_parserMemberFunctionDeclaration1.ts	0	0	0	0	1	1	1		
c04149u0_parserMemberFunctionDeclaration2.ts	0	0	1	1	1	1	1		
c04150u0_parserMemberFunctionDeclaration3.ts	0	0	0	0	1	1	1		
c04151u0_parserMemberFunctionDeclaration4.ts	0	0	0	0	1	1	1		
c04152u0_parserMemberFunctionDeclaration5.ts	0	0	0	0	1	1	1		
c04153u0_parserMemberFunctionDeclarationAmbiguities1.ts	0	0	0	0	1	1	1		
c04154u0_parserMemberVariableDeclaration1.ts	0	0	0	0	1	1	1		
c04155u0_parserMemberVariableDeclaration2.ts	0	0	1	1	1	1	1		
c04156u0_parserMemberVariableDeclaration3.ts	0	0	0	0	1	1	1		
c04157u0_parserMemberVariableDeclaration4.ts	0	0	0	0	1	1	1		
c04158u0_parserMemberVariableDeclaration5.ts	0	0	0	0	1	1	1		
c04159u0_parserMethodSignature1.ts	0	0	0	0	1	1	1		
c04160u0_parserMethodSignature10.ts	0	0	0	0	1	1	1		
c04161u0_parserMethodSignature11.ts	0	0	0	0	1	1	1		
c04162u0_parserMethodSignature12.ts	0	0	0	0	1	1	1		
c04163u0_parserMethodSignature2.ts	0	0	0	0	1	1	1		
c04164u0_parserMethodSignature3.ts	0	0	0	0	1	1	1		
c04165u0_parserMethodSignature4.ts	0	0	0	0	1	1	1		
c04166u0_parserMethodSignature5.ts	0	0	0	0	1	1	1		
c04167u0_parserMethodSignature6.ts	0	0	0	0	1	1	1		
c04168u0_parserMethodSignature7.ts	0	0	0	0	1	1	1		
c04169u0_parserMethodSignature8.ts	0	0	0	0	1	1	1		
c04170u0_parserMethodSignature9.ts	0	0	0	0	1	1	1		
c04171u0_parserMissingToken1.ts	0	0	2	2	1	1	1		
c04172u0_parserMissingToken2.ts	0	0	1	1	1	1	1		
c04173u0_parserModule1.ts	0	0	0	0	1	1	1		
c04174u0_parserModuleDeclaration1.d.ts	0	0	0	0	1	1	1		
c04175u0_parserModuleDeclaration1.ts	0	0	0	0	1	1	1		
c04176u0_parserModuleDeclaration10.ts	0	0	0	0	1	1	1		
c04177u0_parserModuleDeclaration11.ts	0	0	0	0	1	1	1		
c04178u0_parserModuleDeclaration12.ts	0	1	0	0	1	1	1		
c04179u0_parserModuleDeclaration2.d.ts	0	0	0	0	1	1	1		
c04180u0_parserModuleDeclaration2.ts	0	0	0	0	1	1	1		
c04181u0_parserModuleDeclaration3.d.ts	0	0	0	0	1	1	1		
c04182u0_parserModuleDeclaration3.ts	0	0	0	0	1	1	1		
c04183u0_parserModuleDeclaration4.d.ts	0	0	0	0	1	1	1		
c04184u0_parserModuleDeclaration4.ts	0	0	0	0	1	1	1		
c04185u0_parserModuleDeclaration5.ts	0	0	0	0	1	1	1		
c04186u0_parserModuleDeclaration6.ts	0	0	0	0	1	1	1		
c04187u0_parserModuleDeclaration7.ts	0	1	0	0	1	1	1		
c04188u0_parserModuleDeclaration8.ts	0	1	0	0	1	1	1		
c04189u0_parserModuleDeclaration9.ts	0	1	0	0	1	1	1		
c04190u0_parserObjectLiterals1.ts	0	0	0	0	1	1	1		
c04191u0_parserObjectType1.ts	0	0	0	0	1	1	1		
c04192u0_parserObjectType2.ts	0	0	0	0	1	1	1		
c04193u0_parserObjectType3.ts	0	0	0	0	1	1	1		
c04194u0_parserObjectType4.ts	0	0	0	0	1	1	1		
c04195u0_parserObjectType5.ts	0	0	1	1	1	1	1		
c04196u0_parserObjectType6.ts	0	0	0	0	1	1	1		
c04197u0_parserParameterList1.ts	0	0	0	0	1	1	1		
c04198u0_parserParameterList10.ts	0	0	0	0	1	1	1		
c04199u0_parserParameterList11.ts	0	0	0	0	1	1	1		
c04200u0_parserParameterList12.ts	0	0	0	0	1	1	1		
c04201u0_parserParameterList13.ts	0	0	0	0	1	1	1		
c04202u0_parserParameterList14.ts	0	0	0	0	1	1	1		
c04203u0_parserParameterList15.ts	0	0	0	0	1	1	1		
c04204u0_parserParameterList16.ts	0	0	0	0	1	1	1		
c04205u0_parserParameterList17.ts	0	0	0	0	1	1	1		
c04206u0_parserParameterList2.ts	0	0	0	0	1	1	1		
c04207u0_parserParameterList3.ts	0	0	0	0	1	1	1		
c04208u0_parserParameterList4.ts	0	0	0	0	1	1	1		
c04209u0_parserParameterList5.ts	0	0	0	0	1	1	1		
c04210u0_parserParameterList6.ts	0	0	0	0	1	1	1		
c04211u0_parserParameterList7.ts	0	0	0	0	1	1	1		
c04212u0_parserParameterList8.ts	0	0	0	0	1	1	1		
c04213u0_parserParameterList9.ts	0	0	0	0	1	1	1		
c04214u0_parserFunctionPropertyAssignment1.ts	0	0	0	0	1	1	1		
c04215u0_parserFunctionPropertyAssignment2.ts	0	0	0	0	1	1	1		
c04216u0_parserFunctionPropertyAssignment3.ts	0	0	0	0	1	1	1		
c04217u0_parserFunctionPropertyAssignment4.ts	0	0	0	0	1	1	1		
c04218u0_parserPropertySignature1.ts	0	0	0	0	1	1	1		
c04219u0_parserPropertySignature10.ts	0	0	0	0	1	1	1		
c04220u0_parserPropertySignature11.ts	0	0	0	0	1	1	1		
c04221u0_parserPropertySignature12.ts	0	0	0	0	1	1	1		
c04222u0_parserPropertySignature2.ts	0	0	0	0	1	1	1		
c04223u0_parserPropertySignature3.ts	0	0	0	0	1	1	1		
c04224u0_parserPropertySignature4.ts	0	0	0	0	1	1	1		
c04225u0_parserPropertySignature5.ts	0	0	0	0	1	1	1		
c04226u0_parserPropertySignature6.ts	0	0	0	0	1	1	1		
c04227u0_parserPropertySignature7.ts	0	0	0	0	1	1	1		
c04228u0_parserPropertySignature8.ts	0	0	0	0	1	1	1		
c04229u0_parserPropertySignature9.ts	0	0	0	0	1	1	1		
c04230u0_Protected1.ts	0	0	0	0	1	1	1		
c04231u0_Protected2.ts	0	0	0	0	1	1	1		
c04232u0_Protected3.ts	0	0	0	0	1	1	1		
c04233u0_Protected4.ts	0	0	0	0	1	1	1		
c04234u0_Protected5.ts	0	0	0	0	1	1	1		
c04235u0_Protected6.ts	0	0	0	0	1	1	1		
c04236u0_Protected7.ts	0	0	0	0	1	1	1		
c04237u0_Protected8.ts	0	0	0	0	1	1	1		
c04238u0_Protected9.ts	0	0	0	0	1	1	1		
c04239u0_parserharness.ts	1	0	1	1	0	1	1		
c04240u0_parserindenter.ts	0	0	0	0	1	1	1		
c04241u0_parser509534.ts	0	0	0	0	1	1	1		
c04242u0_parser509546.ts	0	0	0	0	1	1	1		
c04243u0_parser509546_1.ts	0	0	0	0	1	1	1		
c04244u0_parser509546_2.ts	0	0	0	0	1	1	1		
c04245u0_parser509618.ts	0	0	0	0	1	1	1		
c04246u0_parser509630.ts	0	0	1	1	1	1	1		
c04247u0_parser509667.ts	0	0	1	1	1	1	1		
c04248u0_parser509668.ts	0	0	0	0	1	1	1		
c04249u0_parser509669.ts	0	0	1	1	1	1	1		
c04250u0_parser509677.ts	0	0	0	0	1	1	1		
c04251u0_parser509693.ts	0	0	0	0	1	1	1		
c04252u0_parser509698.ts	0	0	0	0	1	1	1		
c04253u0_parser512084.ts	0	0	1	1	1	1	1		
c04254u0_parser512097.ts	0	0	1	1	1	1	1		
c04255u0_parser512325.ts	0	0	1	1	1	1	1		
c04256u0_parser519458.ts	0	0	1	1	1	1	1		
c04257u0_parser521128.ts	0	0	1	1	1	1	1		
c04258u0_parser536727.ts	0	0	0	0	1	1	1		
c04259u0_parser553699.ts	0	0	0	0	1	1	1		
c04260u0_parser566700.ts	0	0	1	1	1	1	1		
c04261u0_parser579071.ts	0	0	0	0	1	1	1		
c04262u0_parser585151.ts	0	0	2	2	1	1	1		
c04263u0_parser596700.ts	0	0	0	0	1	1	1		
c04264u0_parser618973.ts	0	0	0	0	1	1	1		
c04265u0_parser630933.ts	0	0	0	0	1	1	1		
c04266u0_parser642331.ts	0	0	0	0	1	1	1		
c04267u0_parser642331_1.ts	0	0	0	0	1	1	1		
c04268u0_parser643728.ts	0	0	0	0	1	1	1		
c04269u0_parser645086_1.ts	0	0	2	2	1	1	1		
c04270u0_parser645086_2.ts	0	0	2	2	1	1	1		
c04271u0_parser645086_3.ts	0	0	0	0	1	1	1		
c04272u0_parser645086_4.ts	0	0	0	0	1	1	1		
c04273u0_parser645484.ts	0	0	0	0	1	1	1		
c04274u0_parserNotHexLiteral1.ts	0	0	0	0	1	1	1		
c04275u0_parserTernaryAndCommaOperators1.ts	0	0	0	0	1	1	1		
c04276u0_parseRegularExpressionMixedWithComments.ts	0	0	0	0	1	1	1		
c04277u0_parserRegularExpression1.ts	0	0	0	0	1	1	1		
c04278u0_parserRegularExpression2.ts	0	0	0	0	1	1	1		
c04279u0_parserRegularExpression3.ts	0	0	0	0	1	1	1		
c04280u0_parserRegularExpression4.ts	0	0	0	0	1	1	1		
c04281u0_parserRegularExpression5.ts	0	0	0	0	1	1	1		
c04282u0_parserRegularExpression6.ts	0	0	0	0	1	1	1		
c04283u0_parserRegularExpressionDivideAmbiguity1.ts	0	0	0	0	1	1	1		
c04284u0_parserRegularExpressionDivideAmbiguity2.ts	0	0	0	0	1	1	1		
c04285u0_parserRegularExpressionDivideAmbiguity3.ts	0	0	0	0	1	1	1		
c04286u0_parserRegularExpressionDivideAmbiguity4.ts	0	0	1	1	1	1	1		
c04287u0_parserRegularExpressionDivideAmbiguity5.ts	0	0	0	0	1	1	1		
c04288u0_parserRegularExpressionDivideAmbiguity6.ts	0	0	0	0	1	1	1		
c04289u0_parserRegularExpressionDivideAmbiguity7.ts	0	0	1	1	1	1	1		
c04290u0_parserSkippedTokens1.ts	0	0	1	1	1	1	1		
c04291u0_parserSkippedTokens10.ts	0	0	2	2	1	1	1		
c04292u0_parserSkippedTokens11.ts	0	0	3	3	1	1	1		
c04293u0_parserSkippedTokens12.ts	0	0	3	3	1	1	1		
c04294u0_parserSkippedTokens13.ts	0	0	1	1	1	1	1		
c04295u0_parserSkippedTokens14.ts	0	0	2	2	1	1	1		
c04296u0_parserSkippedTokens15.ts	0	0	2	2	1	1	1		
c04297u0_parserSkippedTokens16.ts	0	0	6	6	1	1	1		
c04298u0_parserSkippedTokens17.ts	0	0	2	2	1	1	1		
c04299u0_parserSkippedTokens18.ts	0	0	2	2	1	1	1		
c04300u0_parserSkippedTokens19.ts	0	0	1	1	1	1	1		
c04301u0_parserSkippedTokens2.ts	0	0	2	2	1	1	1		
c04302u0_parserSkippedTokens20.ts	0	0	1	1	1	1	1		
c04303u0_parserSkippedTokens3.ts	0	0	2	2	1	1	1		
c04304u0_parserSkippedTokens4.ts	0	0	1	1	1	1	1		
c04305u0_parserSkippedTokens5.ts	0	0	1	1	1	1	1		
c04306u0_parserSkippedTokens6.ts	0	0	1	1	1	1	1		
c04307u0_parserSkippedTokens7.ts	0	0	1	1	1	1	1		
c04308u0_parserSkippedTokens8.ts	0	0	1	1	1	1	1		
c04309u0_parserSkippedTokens9.ts	0	0	1	1	1	1	1		
c04310u0_parser_breakInIterationOrSwitchStatement1.ts	0	0	0	0	1	1	1		
c04311u0_parser_breakInIterationOrSwitchStatement2.ts	0	0	0	0	1	1	1		
c04312u0_parser_breakInIterationOrSwitchStatement3.ts	0	0	0	0	1	1	1		
c04313u0_parser_breakInIterationOrSwitchStatement4.ts	0	0	0	0	1	1	1		
c04314u0_parser_breakNotInIterationOrSwitchStatement1.ts	0	0	0	0	1	1	1		
c04315u0_parser_breakNotInIterationOrSwitchStatement2.ts	0	0	0	0	1	1	1		
c04316u0_parser_breakTarget1.ts	0	0	0	0	1	1	1		
c04317u0_parser_breakTarget2.ts	0	0	0	0	1	1	1		
c04318u0_parser_breakTarget3.ts	0	0	0	0	1	1	1		
c04319u0_parser_breakTarget4.ts	0	0	0	0	1	1	1		
c04320u0_parser_breakTarget5.ts	0	0	0	0	1	1	1		
c04321u0_parser_breakTarget6.ts	0	0	0	0	1	1	1		
c04322u0_parser_continueInIterationStatement1.ts	0	0	0	0	1	1	1		
c04323u0_parser_continueInIterationStatement2.ts	0	0	0	0	1	1	1		
c04324u0_parser_continueInIterationStatement3.ts	0	0	0	0	1	1	1		
c04325u0_parser_continueInIterationStatement4.ts	0	0	0	0	1	1	1		
c04326u0_parser_continueLabel.ts	0	0	0	0	1	1	1		
c04327u0_parser_continueNotInIterationStatement1.ts	0	0	0	0	1	1	1		
c04328u0_parser_continueNotInIterationStatement2.ts	0	0	0	0	1	1	1		
c04329u0_parser_continueNotInIterationStatement3.ts	0	0	0	0	1	1	1		
c04330u0_parser_continueNotInIterationStatement4.ts	0	0	0	0	1	1	1		
c04331u0_parser_continueTarget1.ts	0	0	0	0	1	1	1		
c04332u0_parser_continueTarget2.ts	0	0	0	0	1	1	1		
c04333u0_parser_continueTarget3.ts	0	0	0	0	1	1	1		
c04334u0_parser_continueTarget4.ts	0	0	0	0	1	1	1		
c04335u0_parser_continueTarget5.ts	0	0	0	0	1	1	1		
c04336u0_parser_continueTarget6.ts	0	0	0	0	1	1	1		
c04337u0_parser_duplicateLabel1.ts	0	0	0	0	1	1	1		
c04338u0_parser_duplicateLabel2.ts	0	0	0	0	1	1	1		
c04339u0_parser_duplicateLabel3.ts	0	0	0	0	1	1	1		
c04340u0_parser_duplicateLabel4.ts	0	0	0	0	1	1	1		
c04341u0_parserReturnStatement1.ts	0	0	0	0	1	1	1		
c04342u0_parserReturnStatement2.ts	0	0	0	0	1	1	1		
c04343u0_parserReturnStatement3.ts	0	0	0	0	1	1	1		
c04345u0_parserReturnStatement4.ts	0	0	0	0	1	1	1		
c04346u0_parserBlockStatement1.d.ts	0	0	0	0	1	1	1		
c04347u0_parserBreakStatement1.d.ts	0	0	0	0	1	1	1		
c04348u0_parserContinueStatement1.d.ts	0	0	0	0	1	1	1		
c04349u0_parserDebuggerStatement1.d.ts	0	0	0	0	1	1	1		
c04350u0_parserDoStatement1.d.ts	0	0	0	0	1	1	1		
c04351u0_parserDoStatement2.ts	0	0	0	0	1	1	1		
c04352u0_parserES5ForOfStatement1.d.ts	0	0	0	0	1	1	1		
c04353u0_parserES5ForOfStatement10.ts	0	0	0	0	1	1	1		
c04354u0_parserES5ForOfStatement11.ts	0	0	0	0	1	1	1		
c04355u0_parserES5ForOfStatement12.ts	0	0	0	0	1	1	1		
c04356u0_parserES5ForOfStatement13.ts	0	0	0	0	1	1	1		
c04357u0_parserES5ForOfStatement14.ts	0	0	0	0	1	1	1		
c04358u0_parserES5ForOfStatement15.ts	0	0	0	0	1	1	1		
c04359u0_parserES5ForOfStatement16.ts	0	0	0	0	1	1	1		
c04360u0_parserES5ForOfStatement17.ts	0	0	0	0	1	1	1		
c04361u0_parserES5ForOfStatement18.ts	0	0	0	0	1	1	1		
c04362u0_parserES5ForOfStatement19.ts	0	0	0	0	1	1	1		
c04363u0_parserES5ForOfStatement2.ts	0	0	0	0	1	1	1		
c04364u0_parserES5ForOfStatement20.ts	0	0	0	0	1	1	1		
c04365u0_parserES5ForOfStatement21.ts	0	0	0	0	1	1	1		
c04366u0_parserES5ForOfStatement3.ts	0	0	0	0	1	1	1		
c04367u0_parserES5ForOfStatement4.ts	0	0	0	0	1	1	1		
c04368u0_parserES5ForOfStatement5.ts	0	0	0	0	1	1	1		
c04369u0_parserES5ForOfStatement6.ts	0	0	0	0	1	1	1		
c04370u0_parserES5ForOfStatement7.ts	0	0	0	0	1	1	1		
c04371u0_parserES5ForOfStatement8.ts	0	0	0	0	1	1	1		
c04372u0_parserES5ForOfStatement9.ts	0	0	0	0	1	1	1		
c04373u0_parserEmptyStatement1.d.ts	0	0	0	0	1	1	1		
c04374u0_parserExpressionStatement1.d.ts	0	0	0	0	1	1	1		
c04375u0_parserForInStatement1.d.ts	0	0	0	0	1	1	1		
c04376u0_parserForInStatement2.ts	0	0	0	0	1	1	1		
c04377u0_parserForInStatement3.ts	0	0	0	0	1	1	1		
c04378u0_parserForInStatement4.ts	0	0	0	0	1	1	1		
c04379u0_parserForInStatement5.ts	0	0	0	0	1	1	1		
c04380u0_parserForInStatement6.ts	0	0	0	0	1	1	1		
c04381u0_parserForInStatement7.ts	0	0	0	0	1	1	1		
c04382u0_parserForInStatement8.ts	0	0	0	0	1	1	1		
c04383u0_parserForStatement1.d.ts	0	0	0	0	1	1	1		
c04384u0_parserForStatement2.ts	0	0	0	0	1	1	1		
c04385u0_parserForStatement3.ts	0	0	0	0	1	1	1		
c04386u0_parserForStatement4.ts	0	0	0	0	1	1	1		
c04387u0_parserForStatement5.ts	0	0	0	0	1	1	1		
c04388u0_parserForStatement6.ts	0	0	0	0	1	1	1		
c04389u0_parserForStatement7.ts	0	0	0	0	1	1	1		
c04390u0_parserForStatement8.ts	0	0	0	0	1	1	1		
c04391u0_parserForStatement9.ts	0	0	0	0	1	1	1		
c04392u0_parserIfStatement1.d.ts	0	0	0	0	1	1	1		
c04393u0_parserIfStatement2.ts	0	0	0	0	1	1	1		
c04394u0_parserLabeledStatement1.d.ts	0	0	0	0	1	1	1		
c04395u0_parserReturnStatement1.d.ts	0	0	0	0	1	1	1		
c04396u0_parserSwitchStatement1.d.ts	0	0	0	0	1	1	1		
c04397u0_parserThrowStatement1.d.ts	0	0	0	0	1	1	1		
c04398u0_parserTryStatement1.d.ts	0	0	0	0	1	1	1		
c04399u0_parserVariableStatement1.d.ts	0	0	0	0	1	1	1		
c04400u0_parserVariableStatement2.d.ts	0	0	0	0	1	1	1		
c04401u0_parserWhileStatement1.d.ts	0	0	0	0	1	1	1		
c04402u0_parserWithStatement1.d.ts	0	0	0	0	1	1	1		
c04403u0_parserWithStatement2.ts	0	0	0	0	1	1	1		
c04404u0_octalLiteralInStrictModeES3.ts	0	0	1	1	1	1	1		
c04405u0_parserStrictMode1.ts	0	0	0	0	1	1	1		
c04406u0_parserStrictMode10.ts	0	0	0	0	1	1	1		
c04407u0_parserStrictMode11.ts	0	0	0	0	1	1	1		
c04408u0_parserStrictMode12.ts	0	0	0	0	1	1	1		
c04409u0_parserStrictMode13.ts	0	0	0	0	1	1	1		
c04410u0_parserStrictMode14.ts	0	0	0	0	1	1	1		
c04411u0_parserStrictMode15-negative.ts	0	0	0	0	1	1	1		
c04412u0_parserStrictMode15.ts	0	0	0	0	1	1	1		
c04413u0_parserStrictMode16.ts	0	0	0	0	1	1	1		
c04414u0_parserStrictMode2.ts	0	0	0	0	1	1	1		
c04415u0_parserStrictMode3-negative.ts	0	0	0	0	1	1	1		
c04416u0_parserStrictMode3.ts	0	0	0	0	1	1	1		
c04417u0_parserStrictMode4.ts	0	0	0	0	1	1	1		
c04418u0_parserStrictMode5.ts	0	0	0	0	1	1	1		
c04419u0_parserStrictMode6-negative.ts	0	0	0	0	1	1	1		
c04420u0_parserStrictMode6.ts	0	0	0	0	1	1	1		
c04421u0_parserStrictMode7.ts	0	0	0	0	1	1	1		
c04422u0_parserStrictMode8.ts	0	0	0	0	1	1	1		
c04423u0_parserStrictMode9.ts	0	0	0	0	1	1	1		
c04424u0_parserSuperExpression1.ts	0	1	0	0	1	1	1		
c04425u0_parserSuperExpression2.ts	0	0	1	1	0	0	0	flags KindNumericLiteral xor=0x8000	
c04426u0_parserSuperExpression3.ts	0	0	0	0	1	1	1		
c04427u0_parserSuperExpression4.ts	0	1	0	0	1	1	1		
c04428u0_parserES5SymbolIndexer1.ts	0	0	0	0	1	1	1		
c04429u0_parserES5SymbolIndexer2.ts	0	0	0	0	1	1	1		
c04430u0_parserES5SymbolIndexer3.ts	0	0	0	0	1	1	1		
c04431u0_parserES5SymbolProperty1.ts	0	0	0	0	1	1	1		
c04432u0_parserES5SymbolProperty2.ts	0	0	0	0	1	1	1		
c04433u0_parserES5SymbolProperty3.ts	0	0	0	0	1	1	1		
c04434u0_parserES5SymbolProperty4.ts	0	0	0	0	1	1	1		
c04435u0_parserES5SymbolProperty5.ts	0	0	0	0	1	1	1		
c04436u0_parserES5SymbolProperty6.ts	0	0	0	0	1	1	1		
c04437u0_parserES5SymbolProperty7.ts	0	0	0	0	1	1	1		
c04438u0_parserES5SymbolProperty8.ts	0	0	0	0	1	1	1		
c04439u0_parserES5SymbolProperty9.ts	0	0	0	0	1	1	1		
c04440u0_TupleType1.ts	0	0	0	0	1	1	1		
c04441u0_TupleType2.ts	0	0	0	0	1	1	1		
c04442u0_TupleType3.ts	0	0	0	0	1	1	1		
c04443u0_TupleType4.ts	0	0	1	1	1	1	1		
c04444u0_TupleType5.ts	0	0	0	0	1	1	1		
c04445u0_TupleType6.ts	0	0	1	1	1	1	1		
c04446u0_parserTypeQuery1.ts	0	0	0	0	1	1	1		
c04447u0_parserTypeQuery2.ts	0	0	0	0	1	1	1		
c04448u0_parserTypeQuery3.ts	0	0	1	1	1	1	1		
c04449u0_parserTypeQuery4.ts	0	0	1	1	1	1	1		
c04450u0_parserTypeQuery5.ts	0	0	0	0	1	1	1		
c04451u0_parserTypeQuery6.ts	0	0	0	0	1	1	1		
c04452u0_parserTypeQuery7.ts	0	0	0	0	1	1	1		
c04453u0_parserTypeQuery8.ts	0	0	0	0	1	1	1		
c04454u0_parserTypeQuery9.ts	0	0	0	0	1	1	1		
c04455u0_parserVariableDeclaration1.ts	0	0	0	0	1	1	1		
c04456u0_parserVariableDeclaration10.ts	0	0	0	0	1	1	1		
c04457u0_parserVariableDeclaration11.ts	0	0	0	0	1	1	1		
c04458u0_parserVariableDeclaration2.ts	0	0	0	0	1	1	1		
c04459u0_parserVariableDeclaration3.ts	0	0	0	0	1	1	1		
c04460u0_parserVariableDeclaration4.d.ts	0	0	0	0	1	1	1		
c04461u0_parserVariableDeclaration4.ts	0	0	0	0	1	1	1		
c04462u0_parserVariableDeclaration5.ts	0	0	0	0	1	1	1		
c04463u0_parserVariableDeclaration6.ts	0	0	0	0	1	1	1		
c04464u0_parserVariableDeclaration7.ts	0	0	0	0	1	1	1		
c04465u0_parserVariableDeclaration8.ts	0	0	0	0	1	1	1		
c04466u0_parserVariableDeclaration9.ts	0	0	0	0	1	1	1		
c04467u0_parser10.1.1-8gs.ts	1	0	0	0	0	1	1		
c04468u0_parser15.4.4.14-9-2.ts	1	0	0	0	0	1	1		
c04469u0_parserAdditiveExpression1.ts	0	0	0	0	1	1	1		
c04470u0_parserArgumentList1.ts	0	0	0	0	1	1	1		
c04471u0_parserAstSpans1.ts	1	0	0	0	1	1	1		
c04472u0_parserDebuggerStatement1.ts	0	0	0	0	1	1	1		
c04473u0_parserDebuggerStatement2.ts	0	0	0	0	1	1	1		
c04474u0_parserEmptyFile1.ts	0	0	0	0	1	1	1		
c04475u0_parserEmptyStatement1.ts	0	0	0	0	1	1	1		
c04476u0_parserExportAsFunctionIdentifier.ts	0	0	0	0	1	1	1		
c04477u0_parserImportDeclaration1.ts	0	0	0	0	1	1	1		
c04478u0_parserInExpression1.ts	0	0	0	0	1	1	1		
c04479u0_parserKeywordsAsIdentifierName1.ts	0	0	0	0	1	1	1		
c04480u0_parserKeywordsAsIdentifierName2.ts	0	0	1	1	1	1	1		
c04481u0_parserNoASIOnCallAfterFunctionExpression1.ts	0	0	0	0	1	1	1		
c04482u0_parserNotRegex1.ts	0	0	0	0	1	1	1		
c04483u0_parserNotRegex2.ts	0	0	0	0	1	1	1		
c04484u0_parserObjectCreationArrayLiteral1.ts	0	0	1	1	1	1	1		
c04485u0_parserObjectCreationArrayLiteral2.ts	0	0	0	0	1	1	1		
c04486u0_parserObjectCreationArrayLiteral3.ts	0	0	1	1	1	1	1		
c04487u0_parserObjectCreationArrayLiteral4.ts	0	0	0	0	1	1	1		
c04488u0_parserOptionalTypeMembers1.ts	0	0	0	0	1	1	1		
c04489u0_parserOverloadOnConstants1.ts	0	0	0	0	1	1	1		
c04490u0_parserParenthesizedVariableAndFunctionInTernary.ts	0	0	0	0	1	1	1		
c04491u0_parserParenthesizedVariableAndParenthesizedFunctionInTernary.ts	0	0	0	0	1	1	1		
c04492u0_parserRealSource1.ts	0	0	0	0	1	1	1		
c04493u0_parserRealSource10.ts	0	0	5	5	1	1	1		
c04494u0_parserRealSource11.ts	0	0	3	3	1	1	1		
c04495u0_parserRealSource12.ts	0	0	0	0	1	1	1		
c04496u0_parserRealSource13.ts	0	1	0	0	1	1	1		
c04497u0_parserRealSource14.ts	0	0	0	0	1	1	1		
c04498u0_parserRealSource2.ts	0	0	0	0	1	1	1		
c04499u0_parserRealSource3.ts	0	0	0	0	1	1	1		
c04500u0_parserRealSource4.ts	0	0	1	1	1	1	1		
c04501u0_parserRealSource5.ts	0	0	0	0	1	1	1		
c04502u0_parserRealSource6.ts	0	0	0	0	1	1	1		
c04503u0_parserRealSource7.ts	0	0	1	1	1	1	1		
c04504u0_parserRealSource8.ts	0	0	0	0	1	1	1		
c04505u0_parserRealSource9.ts	0	0	1	1	1	1	1		
c04506u0_parserS12.11_A3_T4.ts	1	0	1	1	0	1	1		
c04507u0_parserS7.2_A1.5_T2.ts	1	0	0	0	0	1	1		
c04508u0_parserS7.3_A1.1_T2.ts	1	0	0	0	0	1	1		
c04509u0_parserS7.6.1.1_A1.10.ts	1	0	0	0	0	1	1		
c04510u0_parserS7.6_A4.2_T1.ts	1	0	0	0	0	1	1		
c04511u0_parserS7.9_A5.7_T1.ts	1	0	1	1	0	1	1		
c04512u0_parserSbp_7.9_A9_T3.ts	1	0	0	0	0	1	1		
c04513u0_parserSyntaxWalker.generated.ts	0	0	0	0	1	1	1		
c04514u0_parserUnicode1.ts	0	0	0	0	1	1	1		
c04515u0_parserUnicode2.ts	0	0	0	0	1	1	1		
c04516u0_parserUnicode3.ts	0	0	0	0	1	1	1		
c04517u0_parserUnicodeWhitespaceCharacter1.ts	0	0	0	0	1	1	1		
c04518u0_parserUsingConstructorAsIdentifier.ts	0	0	0	0	1	1	1		
c04519u0_parserVoidExpression1.ts	0	0	0	0	1	1	1		
c04520u0_parservoidInQualifiedName0.ts	0	0	0	0	1	1	1		
c04521u0_parservoidInQualifiedName1.ts	0	0	1	1	1	1	1		
c04522u0_parservoidInQualifiedName2.ts	0	0	0	0	1	1	1		
c04523u0_parserComputedPropertyName1.ts	0	0	1	1	1	1	1		
c04524u0_parserComputedPropertyName10.ts	0	0	0	0	1	1	1		
c04525u0_parserComputedPropertyName11.ts	0	0	0	0	1	1	1		
c04526u0_parserComputedPropertyName12.ts	0	0	0	0	1	1	1		
c04527u0_parserComputedPropertyName13.ts	0	0	0	0	1	1	1		
c04528u0_parserComputedPropertyName14.ts	0	0	0	0	1	1	1		
c04529u0_parserComputedPropertyName15.ts	0	0	0	0	1	1	1		
c04530u0_parserComputedPropertyName16.ts	0	0	0	0	1	1	1		
c04531u0_parserComputedPropertyName17.ts	0	0	0	0	1	1	1		
c04532u0_parserComputedPropertyName18.ts	0	0	0	0	1	1	1		
c04533u0_parserComputedPropertyName19.ts	0	0	0	0	1	1	1		
c04534u0_parserComputedPropertyName2.ts	0	0	0	0	1	1	1		
c04535u0_parserComputedPropertyName20.ts	0	0	0	0	1	1	1		
c04536u0_parserComputedPropertyName21.ts	0	0	0	0	1	1	1		
c04537u0_parserComputedPropertyName22.ts	0	0	0	0	1	1	1		
c04538u0_parserComputedPropertyName23.ts	0	0	0	0	1	1	1		
c04539u0_parserComputedPropertyName24.ts	0	0	0	0	1	1	1		
c04540u0_parserComputedPropertyName25.ts	0	0	0	0	1	1	1		
c04541u0_parserComputedPropertyName26.ts	0	0	0	0	1	1	1		
c04542u0_parserComputedPropertyName27.ts	0	0	1	1	1	1	1		
c04543u0_parserComputedPropertyName28.ts	0	0	0	0	1	1	1		
c04544u0_parserComputedPropertyName29.ts	0	0	0	0	1	1	1		
c04545u0_parserComputedPropertyName3.ts	0	0	0	0	1	1	1		
c04546u0_parserComputedPropertyName30.ts	0	0	1	1	1	1	1		
c04547u0_parserComputedPropertyName31.ts	0	0	0	0	1	1	1		
c04548u0_parserComputedPropertyName32.ts	0	0	0	0	1	1	1		
c04549u0_parserComputedPropertyName33.ts	0	0	2	2	1	1	1		
c04550u0_parserComputedPropertyName34.ts	0	0	0	0	1	1	1		
c04551u0_parserComputedPropertyName35.ts	0	0	0	0	1	1	1		
c04552u0_parserComputedPropertyName36.ts	0	0	0	0	1	1	1		
c04553u0_parserComputedPropertyName37.ts	0	0	0	0	1	1	1		
c04554u0_parserComputedPropertyName38.ts	0	0	0	0	1	1	1		
c04555u0_parserComputedPropertyName39.ts	0	0	0	0	1	1	1		
c04556u0_parserComputedPropertyName4.ts	0	0	0	0	1	1	1		
c04557u0_parserComputedPropertyName40.ts	0	0	0	0	1	1	1		
c04558u0_parserComputedPropertyName41.ts	0	0	0	0	1	1	1		
c04559u0_parserComputedPropertyName5.ts	0	0	0	0	1	1	1		
c04560u0_parserComputedPropertyName6.ts	0	0	0	0	1	1	1		
c04561u0_parserComputedPropertyName7.ts	0	0	0	0	1	1	1		
c04562u0_parserComputedPropertyName8.ts	0	0	0	0	1	1	1		
c04563u0_parserComputedPropertyName9.ts	0	0	0	0	1	1	1		
c04564u0_parserForOfStatement1.d.ts	0	0	0	0	1	1	1		
c04565u0_parserForOfStatement10.ts	0	0	0	0	1	1	1		
c04566u0_parserForOfStatement11.ts	0	0	0	0	1	1	1		
c04567u0_parserForOfStatement12.ts	0	0	0	0	1	1	1		
c04568u0_parserForOfStatement13.ts	0	0	0	0	1	1	1		
c04569u0_parserForOfStatement14.ts	0	0	0	0	1	1	1		
c04570u0_parserForOfStatement15.ts	0	0	0	0	1	1	1		
c04571u0_parserForOfStatement16.ts	0	0	0	0	1	1	1		
c04572u0_parserForOfStatement17.ts	0	0	0	0	1	1	1		
c04573u0_parserForOfStatement18.ts	0	0	0	0	1	1	1		
c04574u0_parserForOfStatement19.ts	0	0	0	0	1	1	1		
c04575u0_parserForOfStatement2.ts	0	0	0	0	1	1	1		
c04576u0_parserForOfStatement20.ts	0	0	0	0	1	1	1		
c04577u0_parserForOfStatement21.ts	0	0	0	0	1	1	1		
c04578u0_parserForOfStatement22.ts	0	0	0	0	1	1	1		
c04579u0_parserForOfStatement23.ts	0	0	0	0	1	1	1		
c04580u0_parserForOfStatement24.ts	0	0	0	0	1	1	1		
c04581u0_parserForOfStatement25.ts	0	0	0	0	1	1	1		
c04582u0_parserForOfStatement3.ts	0	0	0	0	1	1	1		
c04583u0_parserForOfStatement4.ts	0	0	0	0	1	1	1		
c04584u0_parserForOfStatement5.ts	0	0	0	0	1	1	1		
c04585u0_parserForOfStatement6.ts	0	0	0	0	1	1	1		
c04586u0_parserForOfStatement7.ts	0	0	0	0	1	1	1		
c04587u0_parserForOfStatement8.ts	0	0	0	0	1	1	1		
c04588u0_parserForOfStatement9.ts	0	0	0	0	1	1	1		
c04589u0_parserShorthandPropertyAssignment1.ts	0	0	0	0	1	1	1		
c04590u0_parserShorthandPropertyAssignment2.ts	0	0	1	1	1	1	1		
c04591u0_parserShorthandPropertyAssignment3.ts	0	0	1	1	1	1	1		
c04592u0_parserShorthandPropertyAssignment4.ts	0	0	1	1	1	1	1		
c04593u0_parserShorthandPropertyAssignment5.ts	0	0	0	0	1	1	1		
c04594u0_parserSymbolIndexer1.ts	0	0	0	0	1	1	1		
c04595u0_parserSymbolIndexer2.ts	0	0	0	0	1	1	1		
c04596u0_parserSymbolIndexer3.ts	0	0	0	0	1	1	1		
c04597u0_parserSymbolIndexer4.ts	0	0	0	0	1	1	1		
c04598u0_parserSymbolIndexer5.ts	0	0	4	4	1	1	1		
c04599u0_parserSymbolProperty1.ts	0	0	0	0	1	1	1		
c04600u0_parserSymbolProperty2.ts	0	0	0	0	1	1	1		
c04601u0_parserSymbolProperty3.ts	0	0	0	0	1	1	1		
c04602u0_parserSymbolProperty4.ts	0	0	0	0	1	1	1		
c04603u0_parserSymbolProperty5.ts	0	0	0	0	1	1	1		
c04604u0_parserSymbolProperty6.ts	0	0	0	0	1	1	1		
c04605u0_parserSymbolProperty7.ts	0	0	0	0	1	1	1		
c04606u0_parserSymbolProperty8.ts	0	0	0	0	1	1	1		
c04607u0_parserSymbolProperty9.ts	0	0	0	0	1	1	1		
c04608u0_noUncheckedIndexedAccess.ts	0	0	0	0	1	1	1		
c04609u0_noUncheckedIndexedAccessDestructuring.ts	0	0	0	0	1	1	1		
c04610u0_index.d.ts	0	0	0	0	1	1	1		
c04610u1_consumer.ts	0	0	0	0	1	1	1		
c04611u0_jquery.d.ts	0	0	0	0	1	1	1		
c04611u1_consumer.ts	0	0	0	0	1	1	1		
c04612u0_jquery.d.ts	0	0	0	0	1	1	1		
c04612u1_consumer.ts	0	0	0	0	1	1	1		
c04613u0_jquery.d.ts	0	0	0	0	1	1	1		
c04613u1_consumer.ts	0	0	0	0	1	1	1		
c04614u0_index.d.ts	0	0	0	0	1	1	1		
c04614u1_consumer.ts	0	0	0	0	1	1	1		
c04615u0_index.d.ts	0	0	0	0	1	1	1		
c04615u1_consumer.ts	0	0	0	0	1	1	1		
c04616u0_index.d.ts	0	0	0	0	1	1	1		
c04616u1_index.d.ts	0	0	0	0	1	1	1		
c04616u2_consumer.ts	0	0	0	0	1	1	1		
c04617u0_jquery.d.ts	0	0	0	0	1	1	1		
c04617u1_consumer.ts	0	0	0	0	1	1	1		
c04618u0_index.d.ts	0	0	0	0	1	1	1		
c04618u1_consumer.ts	0	0	0	0	1	1	1		
c04619u0_index.d.ts	0	0	0	0	1	1	1		
c04619u1_index.d.ts	0	0	0	0	1	1	1		
c04619u2_index.d.ts	0	0	0	0	1	1	1		
c04619u3_index.d.ts	0	0	0	0	1	1	1		
c04619u4_root.ts	0	0	0	0	1	1	1		
c04620u0_index.d.ts	0	0	0	0	1	1	1		
c04620u1_index.d.ts	0	0	0	0	1	1	1		
c04620u2_index.d.ts	0	0	0	0	1	1	1		
c04620u3_index.d.ts	0	0	0	0	1	1	1		
c04620u4_root.ts	0	0	0	0	1	1	1		
c04621u0_index.d.ts	0	0	0	0	1	1	1		
c04621u1_foo.ts	0	0	0	0	1	1	1		
c04622u0_index.d.ts	0	0	0	0	1	1	1		
c04622u1_consumer.ts	0	0	0	0	1	1	1		
c04623u0_index.d.ts	0	0	0	0	1	1	1		
c04623u1_index.d.ts	0	0	0	0	1	1	1		
c04623u2_foo.ts	0	0	0	0	1	1	1		
c04624u0_index.d.ts	0	0	0	0	1	1	1		
c04624u1_a.ts	0	0	0	0	1	1	1		
c04629u0_types.d.ts	0	0	0	0	1	1	1		
c04632u1_second.ts	1	0	0	0	1	1	1		JSDocClassTag
c04642u0_node.d.ts	0	0	0	0	1	1	1		
c04645u0_constructorNameInAccessor.ts	0	0	0	0	1	1	1		
c04646u0_constructorNameInGenerator.ts	0	0	0	0	1	1	1		
c04647u0_constructorNameInObjectLiteralAccessor.ts	0	0	0	0	1	1	1		
c04650u0_lovefield-ts.d.ts	0	0	0	0	1	1	1		
c04659u0_index.d.ts	0	0	0	0	1	1	1		
c04660u0_a.ts	0	0	0	0	1	1	1		
c04661u1_b.ts	0	0	0	0	1	1	1		
c04668u0_inferringClassMembersFromAssignments8.ts	0	0	0	0	1	1	1		
c04669u2_b.ts	0	0	0	0	1	1	1		
c04671u1_b.ts	0	0	0	0	1	1	1		
c04672u0_a.d.ts	0	0	0	0	1	1	1		
c04673u0_a.d.ts	0	0	0	0	1	1	1		
c04674u1_b.ts	0	0	0	0	1	1	1		
c04688u0_mixedPropertyElementAccessAssignmentDeclaration.ts	0	0	0	0	1	1	1		
c04689u0_a.ts	0	0	0	0	1	1	1		
c04690u0_node.d.ts	0	0	0	0	1	1	1		
c04704u2_index.ts	0	0	0	0	1	1	1		
c04710u0_requires.d.ts	0	0	0	0	1	1	1		
c04711u0_requires.d.ts	0	0	0	0	1	1	1		
c04712u0_requires.d.ts	0	0	0	0	1	1	1		
c04713u0_requires.d.ts	0	0	0	0	1	1	1		
c04736u0_propertyAssignmentUseParentType1.ts	1	0	0	0	0	1	1		
c04738u0_propertyAssignmentUseParentType3.ts	0	0	0	0	1	1	1		
c04741u0_lovefield-ts.d.ts	0	0	0	0	1	1	1		
c04743u1_constants.ts	0	0	0	0	1	1	1		
c04744u0_ex.d.ts	0	0	0	0	1	1	1		
c04744u1_ex2.d.ts	0	0	0	0	1	1	1		
c04747u0_types.d.ts	0	0	0	0	1	1	1		
c04747u1_foo.ts	0	0	0	0	1	1	1		
c04761u0_node.d.ts	0	0	0	0	1	1	1		
c04771u0_types.d.ts	0	0	0	0	1	1	1		
c04773u0_types.d.ts	0	0	0	0	1	1	1		
c04784u0_typeFromPropertyAssignment29.ts	0	0	0	0	1	1	1		
c04786u0_typeFromPropertyAssignment30.ts	0	0	0	0	1	1	1		
c04787u0_typeFromPropertyAssignment31.ts	0	0	0	0	1	1	1		
c04788u0_expando.ts	0	0	0	0	1	1	1		
c04788u1_ns.ts	0	0	0	0	1	1	1		
c04789u0_ns.ts	0	0	0	0	1	1	1		
c04789u1_expando.ts	0	0	0	0	1	1	1		
c04792u0_typeFromPropertyAssignment36.ts	0	0	0	0	1	1	1		
c04794u0_typeFromPropertyAssignment38.ts	0	0	0	0	1	1	1		
c04815u0_ex.d.ts	0	0	0	0	1	1	1		
c04816u0_scannerES3NumericLiteral1.ts	0	0	0	0	1	1	1		
c04817u0_scannerES3NumericLiteral2.ts	0	0	1	1	1	1	1		
c04818u0_scannerES3NumericLiteral3.ts	0	0	2	2	1	1	1		
c04819u0_scannerES3NumericLiteral4.ts	0	0	1	1	1	1	1		
c04820u0_scannerES3NumericLiteral5.ts	0	0	0	0	1	1	1		
c04821u0_scannerES3NumericLiteral6.ts	0	0	1	1	1	1	1		
c04822u0_scannerES3NumericLiteral7.ts	0	0	0	0	1	1	1		
c04823u0_scanner10.1.1-8gs.ts	1	0	0	0	0	1	1		
c04824u0_scannerAdditiveExpression1.ts	0	0	0	0	1	1	1		
c04825u0_scannerClass2.ts	0	0	0	0	1	1	1		
c04826u0_scannerEnum1.ts	0	0	0	0	1	1	1		
c04827u0_scannerImportDeclaration1.ts	0	0	0	0	1	1	1		
c04828u0_scannerNonAsciiHorizontalWhitespace.ts	0	0	0	0	1	1	1		
c04829u0_scannerNumericLiteral1.ts	0	0	0	0	1	1	1		
c04830u0_scannerNumericLiteral2.ts	0	0	1	1	1	1	1		
c04831u0_scannerNumericLiteral3.ts	0	0	2	2	1	1	1		
c04832u0_scannerNumericLiteral4.ts	0	0	1	1	1	1	1		
c04833u0_scannerNumericLiteral5.ts	0	0	0	0	1	1	1		
c04834u0_scannerNumericLiteral6.ts	0	0	1	1	1	1	1		
c04835u0_scannerNumericLiteral7.ts	0	0	0	0	1	1	1		
c04836u0_scannerNumericLiteral8.ts	0	0	1	1	1	1	1		
c04837u0_scannerNumericLiteral9.ts	0	0	1	1	1	1	1		
c04838u0_scannerS7.2_A1.5_T2.ts	1	0	0	0	0	1	1		
c04839u0_scannerS7.3_A1.1_T2.ts	1	0	0	0	0	1	1		
c04840u0_scannerS7.4_A2_T2.ts	1	0	1	1	0	1	1		
c04841u0_scannerS7.6_A4.2_T1.ts	1	0	0	0	0	1	1		
c04842u0_scannerS7.8.3_A6.1_T1.ts	1	0	1	1	0	1	1		
c04843u0_scannerS7.8.4_A7.1_T4.ts	1	0	1	1	0	1	1		
c04844u0_scannerStringLiteralWithContainingNullCharacter1.ts	0	0	0	0	1	1	1		
c04845u0_scannerStringLiterals.ts	0	0	2	2	1	1	1		
c04846u0_scannerUnexpectedNullCharacter1.ts	0	0	2	2	1	1	1		
c04847u0_scannerUnicodeEscapeInKeyword1.ts	0	0	1	1	1	1	1		
c04848u0_file1.ts	0	0	3	3	1	1	1		
c04848u1_file2.ts	0	0	4	4	1	1	1		
c04849u0_scannertest1.ts	0	0	0	0	1	1	1		
c04851u0_everyTypeWithAnnotationAndInitializer.ts	0	0	0	0	1	1	1		
c04852u0_everyTypeWithAnnotationAndInvalidInitializer.ts	0	0	0	0	1	1	1		
c04853u0_everyTypeWithInitializer.ts	0	0	0	0	1	1	1		
c04854u0_invalidMultipleVariableDeclarations.ts	0	0	0	0	1	1	1		
c04855u0_recursiveInitializer.ts	0	0	0	0	1	1	1		
c04856u0_awaitUsingDeclarations.1.ts	0	0	0	0	1	1	1		
c04857u0_awaitUsingDeclarations.10.ts	0	0	0	0	1	1	1		
c04858u0_awaitUsingDeclarations.11.ts	0	0	0	0	1	1	1		
c04859u0_awaitUsingDeclarations.12.ts	0	0	0	0	1	1	1		
c04860u0_awaitUsingDeclarations.13.ts	0	0	0	0	1	1	1		
c04861u0_awaitUsingDeclarations.14.ts	0	0	0	0	1	1	1		
c04862u0_awaitUsingDeclarations.15.ts	0	0	0	0	1	1	1		
c04863u0_awaitUsingDeclarations.16.ts	0	0	0	0	1	1	1		
c04864u0_awaitUsingDeclarations.17.ts	0	0	0	0	1	1	1		
c04865u0_awaitUsingDeclarations.2.ts	0	0	0	0	1	1	1		
c04866u0_awaitUsingDeclarations.3.ts	0	0	0	0	1	1	1		
c04867u0_awaitUsingDeclarations.4.ts	0	0	1	1	1	1	1		
c04868u0_awaitUsingDeclarations.5.ts	0	0	0	0	1	1	1		
c04869u0_awaitUsingDeclarations.6.ts	0	0	0	0	1	1	1		
c04870u0_awaitUsingDeclarations.7.ts	0	0	0	0	1	1	1		
c04871u0_awaitUsingDeclarations.8.ts	0	0	0	0	1	1	1		
c04872u0_awaitUsingDeclarations.9.ts	0	0	0	0	1	1	1		
c04873u0_awaitUsingDeclarationsInFor.ts	0	0	0	0	1	1	1		
c04874u0_awaitUsingDeclarationsInForAwaitOf.2.ts	0	0	0	0	1	1	1		
c04875u0_awaitUsingDeclarationsInForAwaitOf.3.ts	0	0	0	0	1	1	1		
c04876u0_awaitUsingDeclarationsInForAwaitOf.ts	0	0	0	0	1	1	1		
c04877u0_awaitUsingDeclarationsInForIn.ts	0	0	0	0	1	1	1		
c04878u0_awaitUsingDeclarationsInForOf.1.ts	0	0	0	0	1	1	1		
c04879u0_awaitUsingDeclarationsInForOf.2.ts	0	0	0	0	1	1	1		
c04880u0_awaitUsingDeclarationsInForOf.3.ts	0	0	0	0	1	1	1		
c04881u0_awaitUsingDeclarationsInForOf.4.ts	0	0	0	0	1	1	1		
c04882u0_awaitUsingDeclarationsInForOf.5.ts	0	0	0	0	1	1	1		
c04883u0_awaitUsingDeclarationsTopLevelOfModule.1.ts	0	0	0	0	1	1	1		
c04884u0_awaitUsingDeclarationsWithAsyncIteratorObject.ts	0	0	0	0	1	1	1		
c04885u0_awaitUsingDeclarationsWithImportHelpers.ts	0	0	0	0	1	1	1		
c04886u0_awaitUsingDeclarationsWithIteratorObject.ts	0	0	0	0	1	1	1		
c04887u0_usingDeclarations.1.ts	0	0	0	0	1	1	1		
c04888u0_usingDeclarations.10.ts	0	0	0	0	1	1	1		
c04889u0_usingDeclarations.11.ts	0	0	0	0	1	1	1		
c04890u0_usingDeclarations.12.ts	0	0	0	0	1	1	1		
c04891u0_usingDeclarations.13.ts	0	0	0	0	1	1	1		
c04892u0_usingDeclarations.14.ts	0	0	0	0	1	1	1		
c04893u0_usingDeclarations.15.ts	0	0	0	0	1	1	1		
c04894u0_usingDeclarations.16.ts	0	0	0	0	1	1	1		
c04895u0_usingDeclarations.17.ts	0	0	0	0	1	1	1		
c04896u0_usingDeclarations.2.ts	0	0	0	0	1	1	1		
c04897u0_usingDeclarations.3.ts	0	0	0	0	1	1	1		
c04898u0_usingDeclarations.4.ts	0	0	0	0	1	1	1		
c04899u0_usingDeclarations.5.ts	0	0	0	0	1	1	1		
c04900u0_usingDeclarations.6.ts	0	0	0	0	1	1	1		
c04901u0_usingDeclarations.7.ts	0	0	0	0	1	1	1		
c04902u0_usingDeclarations.8.ts	0	0	0	0	1	1	1		
c04903u0_usingDeclarations.9.ts	0	0	0	0	1	1	1		
c04904u0_usingDeclarationsDeclarationEmit.1.ts	0	0	0	0	1	1	1		
c04905u0_usingDeclarationsDeclarationEmit.2.ts	0	0	0	0	1	1	1		
c04906u0_usingDeclarationsInFor.ts	0	0	0	0	1	1	1		
c04907u0_usingDeclarationsInForAwaitOf.ts	0	0	0	0	1	1	1		
c04908u0_usingDeclarationsInForIn.ts	0	0	0	0	1	1	1		
c04909u0_usingDeclarationsInForOf.1.ts	0	0	0	0	1	1	1		
c04910u0_usingDeclarationsInForOf.2.ts	0	0	1	1	1	1	1		
c04911u0_usingDeclarationsInForOf.3.ts	0	0	0	0	1	1	1		
c04912u0_usingDeclarationsInForOf.4.ts	0	0	0	0	1	1	1		
c04913u0_usingDeclarationsNamedEvaluationDecoratorsAndClassFields.ts	0	0	0	0	1	1	1		
c04914u0_usingDeclarationsTopLevelOfModule.1.ts	0	0	0	0	1	1	1		
c04915u0_usingDeclarationsTopLevelOfModule.2.ts	0	0	0	0	1	1	1		
c04916u0_usingDeclarationsTopLevelOfModule.3.ts	0	0	0	0	1	1	1		
c04917u0_usingDeclarationsWithESClassDecorators.1.ts	0	0	0	0	1	1	1		
c04918u0_usingDeclarationsWithESClassDecorators.10.ts	0	0	0	0	1	1	1		
c04919u0_usingDeclarationsWithESClassDecorators.11.ts	0	0	0	0	1	1	1		
c04920u0_usingDeclarationsWithESClassDecorators.12.ts	0	0	0	0	1	1	1		
c04921u0_usingDeclarationsWithESClassDecorators.2.ts	0	0	0	0	1	1	1		
c04922u0_usingDeclarationsWithESClassDecorators.3.ts	0	0	0	0	1	1	1		
c04923u0_usingDeclarationsWithESClassDecorators.4.ts	0	0	0	0	1	1	1		
c04924u0_usingDeclarationsWithESClassDecorators.5.ts	0	0	0	0	1	1	1		
c04925u0_usingDeclarationsWithESClassDecorators.6.ts	0	0	0	0	1	1	1		
c04926u0_usingDeclarationsWithESClassDecorators.7.ts	0	0	0	0	1	1	1		
c04927u0_usingDeclarationsWithESClassDecorators.8.ts	0	0	0	0	1	1	1		
c04928u0_usingDeclarationsWithESClassDecorators.9.ts	0	0	0	0	1	1	1		
c04929u0_usingDeclarationsWithImportHelpers.ts	0	0	0	0	1	1	1		
c04930u0_usingDeclarationsWithIteratorObject.ts	0	0	0	0	1	1	1		
c04931u0_usingDeclarationsWithLegacyClassDecorators.1.ts	0	0	0	0	1	1	1		
c04932u0_usingDeclarationsWithLegacyClassDecorators.10.ts	0	0	0	0	1	1	1		
c04933u0_usingDeclarationsWithLegacyClassDecorators.11.ts	0	0	0	0	1	1	1		
c04934u0_usingDeclarationsWithLegacyClassDecorators.12.ts	0	0	0	0	1	1	1		
c04935u0_usingDeclarationsWithLegacyClassDecorators.2.ts	0	0	0	0	1	1	1		
c04936u0_usingDeclarationsWithLegacyClassDecorators.3.ts	0	0	0	0	1	1	1		
c04937u0_usingDeclarationsWithLegacyClassDecorators.4.ts	0	0	0	0	1	1	1		
c04938u0_usingDeclarationsWithLegacyClassDecorators.5.ts	0	0	0	0	1	1	1		
c04939u0_usingDeclarationsWithLegacyClassDecorators.6.ts	0	0	0	0	1	1	1		
c04940u0_usingDeclarationsWithLegacyClassDecorators.7.ts	0	0	0	0	1	1	1		
c04941u0_usingDeclarationsWithLegacyClassDecorators.8.ts	0	0	0	0	1	1	1		
c04942u0_usingDeclarationsWithLegacyClassDecorators.9.ts	0	0	0	0	1	1	1		
c04943u0_usingDeclarationsWithObjectLiterals1.ts	0	0	0	0	1	1	1		
c04944u0_usingDeclarationsWithObjectLiterals2.ts	0	0	0	0	1	1	1		
c04945u0_validMultipleVariableDeclarations.ts	0	0	0	0	1	1	1		
c04946u0_doWhileBreakStatements.ts	0	0	0	0	1	1	1		
c04947u0_forBreakStatements.ts	0	0	0	0	1	1	1		
c04948u0_forInBreakStatements.ts	0	0	0	0	1	1	1		
c04949u0_invalidDoWhileBreakStatements.ts	0	0	0	0	1	1	1		
c04950u0_invalidForBreakStatements.ts	0	0	0	0	1	1	1		
c04951u0_invalidForInBreakStatements.ts	0	0	0	0	1	1	1		
c04952u0_invalidSwitchBreakStatement.ts	0	0	0	0	1	1	1		
c04953u0_invalidWhileBreakStatements.ts	0	0	0	0	1	1	1		
c04954u0_switchBreakStatements.ts	0	0	0	0	1	1	1		
c04955u0_whileBreakStatements.ts	0	0	0	0	1	1	1		
c04956u0_doWhileContinueStatements.ts	0	0	0	0	1	1	1		
c04957u0_forContinueStatements.ts	0	0	0	0	1	1	1		
c04958u0_forInContinueStatements.ts	0	0	0	0	1	1	1		
c04959u0_invalidDoWhileContinueStatements.ts	0	0	0	0	1	1	1		
c04960u0_invalidForContinueStatements.ts	0	0	0	0	1	1	1		
c04961u0_invalidForInContinueStatements.ts	0	0	0	0	1	1	1		
c04962u0_invalidSwitchContinueStatement.ts	0	0	0	0	1	1	1		
c04963u0_invalidWhileContinueStatements.ts	0	0	0	0	1	1	1		
c04964u0_whileContinueStatements.ts	0	0	0	0	1	1	1		
c04965u0_file1.ts	0	0	0	0	1	1	1		
c04965u1_file2.ts	0	0	0	0	1	1	1		
c04965u2_file3.ts	0	0	0	0	1	1	1		
c04965u3_file4.ts	0	0	0	0	1	1	1		
c04965u4_file5.ts	0	0	0	0	1	1	1		
c04965u5_file6.ts	0	0	0	0	1	1	1		
c04965u6_file7.ts	0	0	0	0	1	1	1		
c04966u0_forAwaitPerIterationBindingDownlevel.ts	0	0	0	0	1	1	1		
c04967u0_for-inStatements.ts	0	0	0	0	1	1	1		
c04968u0_for-inStatementsArray.ts	0	0	0	0	1	1	1		
c04969u0_for-inStatementsArrayErrors.ts	0	0	0	0	1	1	1		
c04970u0_for-inStatementsAsyncIdentifier.ts	0	0	0	0	1	1	1		
c04971u0_for-inStatementsDestructuring.ts	0	0	0	0	1	1	1		
c04972u0_for-inStatementsDestructuring2.ts	0	0	0	0	1	1	1		
c04973u0_for-inStatementsDestructuring3.ts	0	0	0	0	1	1	1		
c04974u0_for-inStatementsDestructuring4.ts	0	0	0	0	1	1	1		
c04975u0_for-inStatementsInvalid.ts	0	0	0	0	1	1	1		
c04976u0_ES3For-ofTypeCheck1.ts	0	0	0	0	1	1	1		
c04977u0_ES3For-ofTypeCheck2.ts	0	0	0	0	1	1	1		
c04978u0_ES3For-ofTypeCheck4.ts	0	0	0	0	1	1	1		
c04979u0_ES3For-ofTypeCheck6.ts	0	0	0	0	1	1	1		
c04980u0_ES5For-of1.ts	0	0	0	0	1	1	1		
c04981u0_ES5For-of10.ts	0	0	0	0	1	1	1		
c04982u0_ES5For-of11.ts	0	0	0	0	1	1	1		
c04983u0_ES5For-of12.ts	0	0	0	0	1	1	1		
c04984u0_ES5For-of13.ts	0	0	0	0	1	1	1		
c04985u0_ES5For-of14.ts	0	0	0	0	1	1	1		
c04986u0_ES5For-of15.ts	0	0	0	0	1	1	1		
c04987u0_ES5For-of16.ts	0	0	0	0	1	1	1		
c04988u0_ES5For-of17.ts	0	0	0	0	1	1	1		
c04989u0_ES5For-of18.ts	0	0	0	0	1	1	1		
c04990u0_ES5For-of19.ts	0	0	0	0	1	1	1		
c04991u0_ES5For-of2.ts	0	0	0	0	1	1	1		
c04992u0_ES5For-of20.ts	0	0	0	0	1	1	1		
c04993u0_ES5For-of21.ts	0	0	0	0	1	1	1		
c04994u0_ES5For-of22.ts	0	0	0	0	1	1	1		
c04995u0_ES5For-of23.ts	0	0	0	0	1	1	1		
c04996u0_ES5For-of24.ts	0	0	0	0	1	1	1		
c04997u0_ES5For-of25.ts	0	0	0	0	1	1	1		
c04998u0_ES5For-of26.ts	0	0	0	0	1	1	1		
c04999u0_ES5For-of27.ts	0	0	0	0	1	1	1		
c05000u0_ES5For-of28.ts	0	0	0	0	1	1	1		
c05001u0_ES5For-of29.ts	0	0	0	0	1	1	1		
c05002u0_ES5For-of3.ts	0	0	0	0	1	1	1		
c05003u0_ES5For-of30.ts	0	0	0	0	1	1	1		
c05004u0_ES5For-of31.ts	0	0	0	0	1	1	1		
c05005u0_ES5For-of33.ts	0	0	0	0	1	1	1		
c05006u0_ES5For-of34.ts	0	0	0	0	1	1	1		
c05007u0_ES5For-of35.ts	0	0	0	0	1	1	1		
c05008u0_ES5For-of36.ts	0	0	0	0	1	1	1		
c05009u0_ES5For-of37.ts	0	0	0	0	1	1	1		
c05010u0_ES5For-of4.ts	0	0	0	0	1	1	1		
c05011u0_ES5For-of5.ts	0	0	0	0	1	1	1		
c05012u0_ES5For-of6.ts	0	0	0	0	1	1	1		
c05013u0_ES5For-of7.ts	0	0	0	0	1	1	1		
c05014u0_ES5For-of8.ts	0	0	0	0	1	1	1		
c05015u0_ES5For-of9.ts	0	0	0	0	1	1	1		
c05016u0_ES5For-ofTypeCheck1.ts	0	0	0	0	1	1	1		
c05017u0_ES5For-ofTypeCheck10.ts	0	0	0	0	1	1	1		
c05018u0_ES5For-ofTypeCheck11.ts	0	0	0	0	1	1	1		
c05019u0_ES5For-ofTypeCheck12.ts	0	0	0	0	1	1	1		
c05020u0_ES5For-ofTypeCheck13.ts	0	0	0	0	1	1	1		
c05021u0_ES5For-ofTypeCheck14.ts	0	0	0	0	1	1	1		
c05022u0_ES5For-ofTypeCheck2.ts	0	0	0	0	1	1	1		
c05023u0_ES5For-ofTypeCheck3.ts	0	0	0	0	1	1	1		
c05024u0_ES5For-ofTypeCheck4.ts	0	0	0	0	1	1	1		
c05025u0_ES5For-ofTypeCheck5.ts	0	0	0	0	1	1	1		
c05026u0_ES5For-ofTypeCheck6.ts	0	0	0	0	1	1	1		
c05027u0_ES5For-ofTypeCheck7.ts	0	0	0	0	1	1	1		
c05028u0_ES5For-ofTypeCheck8.ts	0	0	0	0	1	1	1		
c05029u0_ES5For-ofTypeCheck9.ts	0	0	0	0	1	1	1		
c05030u0_ES5for-of32.ts	0	0	0	0	1	1	1		
c05031u0_forStatements.ts	0	0	0	0	1	1	1		
c05032u0_forStatementsMultipleInvalidDecl.ts	0	0	0	0	1	1	1		
c05033u0_forStatementsMultipleValidDecl.ts	0	0	0	0	1	1	1		
c05034u0_ifDoWhileStatements.ts	0	0	0	0	1	1	1		
c05035u0_labeledStatementDeclarationListInLoopNoCrash1.ts	0	0	0	0	1	1	1		
c05036u0_labeledStatementDeclarationListInLoopNoCrash2.ts	0	0	0	0	1	1	1		
c05037u0_labeledStatementDeclarationListInLoopNoCrash3.ts	0	0	11	11	1	1	1		
c05038u0_labeledStatementDeclarationListInLoopNoCrash4.ts	0	0	10	10	1	1	1		
c05039u0_labeledStatementExportDeclarationNoCrash1.ts	0	0	0	0	1	1	1		
c05040u0_labeledStatementWithLabel.ts	0	0	0	0	1	1	1		
c05041u0_labeledStatementWithLabel_es2015.ts	0	0	0	0	1	1	1		
c05042u0_labeledStatementWithLabel_strict.ts	0	0	0	0	1	1	1		
c05043u0_invalidReturnStatements.ts	0	0	0	0	1	1	1		
c05044u0_returnStatementNoAsiAfterTransform.ts	0	0	0	0	1	1	1		
c05045u0_returnStatements.ts	0	0	0	0	1	1	1		
c05046u0_switchStatements.ts	0	0	0	0	1	1	1		
c05047u0_invalidThrowStatement.ts	0	0	2	2	1	1	1		
c05048u0_throwInEnclosingStatements.ts	0	0	0	0	1	1	1		
c05049u0_throwStatements.ts	0	0	0	0	1	1	1		
c05050u0_catchClauseWithTypeAnnotation.ts	0	0	0	0	1	1	1		
c05051u0_invalidTryStatements.ts	0	0	7	7	1	1	1		
c05052u0_tryStatements.ts	0	0	0	0	1	1	1		
c05053u0_withStatements.ts	0	0	0	0	1	1	1		
c05054u0_anyAsConstructor.ts	0	0	0	0	1	1	1		
c05055u0_anyAsFunctionCall.ts	0	0	0	0	1	1	1		
c05056u0_anyAsGenericFunctionCall.ts	0	0	0	0	1	1	1		
c05057u0_anyPropertyAccess.ts	0	0	0	0	1	1	1		
c05058u0_assignAnyToEveryType.ts	0	0	0	0	1	1	1		
c05059u0_assignEveryTypeToAny.ts	0	0	0	0	1	1	1		
c05060u0_narrowExceptionVariableInCatchClause.ts	0	0	0	0	1	1	1		
c05061u0_narrowFromAnyWithInstanceof.ts	0	0	0	0	1	1	1		
c05062u0_narrowFromAnyWithTypePredicate.ts	0	0	0	0	1	1	1		
c05063u0_types.asyncGenerators.es2018.1.ts	0	0	0	0	1	1	1		
c05064u0_types.asyncGenerators.es2018.2.ts	0	0	0	0	1	1	1		
c05065u0_conditionalTypes1.ts	0	0	0	0	1	1	1		
c05066u0_conditionalTypes2.ts	0	0	0	0	1	1	1		
c05067u0_conditionalTypesExcessProperties.ts	0	0	0	0	1	1	1		
c05068u0_inferTypes1.ts	0	0	0	0	1	1	1		
c05069u0_inferTypes2.ts	0	0	0	0	1	1	1		
c05070u0_inferTypesInvalidExtendsDeclaration.ts	0	0	0	0	1	1	1		
c05071u0_inferTypesWithExtends1.ts	0	0	0	0	1	1	1		
c05072u0_inferTypesWithExtends2.ts	0	0	0	0	1	1	1		
c05073u0_inferTypesWithExtendsDependingOnTypeVariables.ts	0	0	0	0	1	1	1		
c05074u0_variance.ts	0	0	0	0	1	1	1		
c05075u0_contextuallyTypeAsyncFunctionAwaitOperand.ts	0	0	0	0	1	1	1		
c05076u0_contextuallyTypeAsyncFunctionReturnType.ts	0	0	0	0	1	1	1		
c05077u0_contextuallyTypeCommaOperator01.ts	0	0	0	0	1	1	1		
c05078u0_contextuallyTypeCommaOperator02.ts	0	0	0	0	1	1	1		
c05079u0_contextuallyTypeCommaOperator03.ts	0	0	0	0	1	1	1		
c05081u0_contextuallyTypedStringLiteralsInJsxAttributes01.tsx	0	0	0	0	1	1	1		
c05082u0_file.tsx	0	0	0	0	1	1	1		
c05083u0_contextuallyTypeLogicalAnd01.ts	0	0	0	0	1	1	1		
c05084u0_contextuallyTypeLogicalAnd02.ts	0	0	0	0	1	1	1		
c05085u0_contextuallyTypeLogicalAnd03.ts	0	0	0	0	1	1	1		
c05086u0_contextuallyTypedBindingInitializer.ts	0	0	0	0	1	1	1		
c05087u0_contextuallyTypedBindingInitializerNegative.ts	0	0	0	0	1	1	1		
c05088u0_contextuallyTypedClassExpressionMethodDeclaration01.ts	0	0	0	0	1	1	1		
c05089u0_contextuallyTypedClassExpressionMethodDeclaration02.ts	0	0	0	0	1	1	1		
c05090u0_contextuallyTypedObjectLiteralMethodDeclaration01.ts	0	0	0	0	1	1	1		
c05091u0_partiallyAnnotatedFunctionInferenceError.ts	0	0	0	0	1	1	1		
c05092u0_partiallyAnnotatedFunctionInferenceWithTypeParameter.ts	0	0	0	0	1	1	1		
c05093u0_partiallyAnnotatedFunctionWitoutTypeParameter.ts	0	0	0	0	1	1	1		
c05094u0_types.forAwait.es2018.1.ts	0	0	0	0	1	1	1		
c05095u0_types.forAwait.es2018.2.ts	0	0	0	0	1	1	1		
c05096u0_types.forAwait.es2018.3.ts	0	0	0	0	1	1	1		
c05097u0_importTypeAmbient.ts	0	0	0	0	1	1	1		
c05098u0_importTypeAmbientMissing.ts	0	0	0	0	1	1	1		
c05099u0_c.ts	0	0	0	0	1	1	1		
c05099u1_inner.ts	0	0	0	0	1	1	1		
c05099u2_index.ts	0	0	0	0	1	1	1		
c05100u0_a.d.ts	0	0	0	0	1	1	1		
c05100u1_b.d.ts	0	0	0	0	1	1	1		
c05100u2_usage.ts	0	0	0	0	1	1	1		
c05101u0_foo.ts	0	0	0	0	1	1	1		
c05101u1_foo2.ts	0	0	0	0	1	1	1		
c05101u2_usage.ts	0	0	0	0	1	1	1		
c05102u0_externs.d.ts	0	0	0	0	1	1	1		
c05103u0_foo.ts	0	0	0	0	1	1	1		
c05103u1_foo2.ts	0	0	0	0	1	1	1		
c05103u2_usage.ts	0	0	0	0	1	1	1		
c05104u0_foo.ts	0	0	0	0	1	1	1		
c05104u1_foo2.ts	0	0	0	0	1	1	1		
c05104u2_usage.ts	0	0	0	0	1	1	1		
c05105u0_a.d.ts	0	0	0	0	1	1	1		
c05105u1_b.d.ts	0	0	0	0	1	1	1		
c05105u2_chainer.ts	0	0	0	0	1	1	1		
c05106u0_a.d.ts	0	0	0	0	1	1	1		
c05106u1_b.d.ts	0	0	0	0	1	1	1		
c05106u2_chainer.ts	0	0	0	0	1	1	1		
c05107u0_importTypeNonString.ts	0	0	0	0	1	1	1		
c05108u0_importWithTypeArguments.ts	0	0	0	0	1	1	1		
c05109u0_commonTypeIntersection.ts	0	0	0	0	1	1	1		
c05110u0_contextualIntersectionType.ts	0	0	0	0	1	1	1		
c05111u0_intersectionAndUnionTypes.ts	0	0	0	0	1	1	1		
c05112u0_intersectionAsWeakTypeSource.ts	0	0	0	0	1	1	1		
c05113u0_intersectionMemberOfUnionNarrowsCorrectly.ts	0	0	0	0	1	1	1		
c05114u0_intersectionNarrowing.ts	0	0	0	0	1	1	1		
c05115u0_intersectionOfUnionNarrowing.ts	0	0	0	0	1	1	1		
c05116u0_intersectionOfUnionOfUnitTypes.ts	0	0	0	0	1	1	1		
c05117u0_intersectionReduction.ts	0	0	0	0	1	1	1		
c05118u0_intersectionReductionStrict.ts	0	0	0	0	1	1	1		
c05119u0_intersectionThisTypes.ts	0	0	0	0	1	1	1		
c05120u0_intersectionTypeAssignment.ts	0	0	0	0	1	1	1		
c05121u0_intersectionTypeEquivalence.ts	0	0	0	0	1	1	1		
c05122u0_intersectionTypeInference.ts	0	0	0	0	1	1	1		
c05123u0_intersectionTypeInference2.ts	0	0	0	0	1	1	1		
c05124u0_intersectionTypeInference3.ts	0	0	0	0	1	1	1		
c05125u0_intersectionTypeMembers.ts	0	0	0	0	1	1	1		
c05126u0_intersectionTypeOverloading.ts	0	0	0	0	1	1	1		
c05127u0_intersectionTypeReadonly.ts	0	0	0	0	1	1	1		
c05128u0_intersectionWithIndexSignatures.ts	0	0	0	0	1	1	1		
c05129u0_intersectionWithUnionConstraint.ts	0	0	0	0	1	1	1		
c05130u0_intersectionsAndEmptyObjects.ts	0	0	0	0	1	1	1		
c05130u1_ex.d.ts	0	0	0	0	1	1	1		
c05131u0_operatorsAndIntersectionTypes.ts	0	0	0	0	1	1	1		
c05132u0_recursiveIntersectionTypes.ts	0	0	0	0	1	1	1		
c05133u0_circularIndexedAccessErrors.ts	0	0	0	0	1	1	1		
c05134u0_keyofAndForIn.ts	0	0	0	0	1	1	1		
c05135u0_keyofAndIndexedAccess.ts	0	0	0	0	1	1	1		
c05136u0_keyofAndIndexedAccess2.ts	0	0	0	0	1	1	1		
c05137u0_keyofAndIndexedAccessErrors.ts	0	0	0	0	1	1	1		
c05138u0_keyofIntersection.ts	0	0	0	0	1	1	1		
c05139u0_booleanLiteralTypes1.ts	0	0	0	0	1	1	1		
c05140u0_booleanLiteralTypes2.ts	0	0	0	0	1	1	1		
c05141u0_enumLiteralTypes1.ts	0	0	0	0	1	1	1		
c05142u0_enumLiteralTypes2.ts	0	0	0	0	1	1	1		
c05143u0_enumLiteralTypes3.ts	0	0	0	0	1	1	1		
c05144u0_literalTypeWidening.ts	0	0	0	0	1	1	1		
c05145u0_literalTypes1.ts	0	0	0	0	1	1	1		
c05146u0_literalTypes2.ts	0	0	0	0	1	1	1		
c05147u0_literalTypes3.ts	0	0	0	0	1	1	1		
c05148u0_literalTypesAndDestructuring.ts	0	0	0	0	1	1	1		
c05149u0_literalTypesAndTypeAssertions.ts	0	0	0	0	1	1	1		
c05150u0_literalTypesWidenInParameterPosition.ts	0	0	0	0	1	1	1		
c05151u0_numericLiteralTypes1.ts	0	0	0	0	1	1	1		
c05152u0_numericLiteralTypes2.ts	0	0	0	0	1	1	1		
c05153u0_numericLiteralTypes3.ts	0	0	0	0	1	1	1		
c05154u0_numericStringLiteralTypes.ts	0	0	0	0	1	1	1		
c05155u0_stringEnumLiteralTypes1.ts	0	0	0	0	1	1	1		
c05156u0_stringEnumLiteralTypes2.ts	0	0	0	0	1	1	1		
c05157u0_stringEnumLiteralTypes3.ts	0	0	0	0	1	1	1		
c05158u0_stringLiteralsAssertionsInEqualityComparisons01.ts	0	0	0	0	1	1	1		
c05159u0_stringLiteralsAssertionsInEqualityComparisons02.ts	0	0	0	0	1	1	1		
c05160u0_stringLiteralsAssignedToStringMappings.ts	0	0	0	0	1	1	1		
c05161u0_stringLiteralsWithEqualityChecks01.ts	0	0	0	0	1	1	1		
c05162u0_stringLiteralsWithEqualityChecks02.ts	0	0	0	0	1	1	1		
c05163u0_stringLiteralsWithEqualityChecks03.ts	0	0	0	0	1	1	1		
c05164u0_stringLiteralsWithEqualityChecks04.ts	0	0	0	0	1	1	1		
c05165u0_stringLiteralsWithSwitchStatements01.ts	0	0	0	0	1	1	1		
c05166u0_stringLiteralsWithSwitchStatements02.ts	0	0	0	0	1	1	1		
c05167u0_stringLiteralsWithSwitchStatements03.ts	0	0	0	0	1	1	1		
c05168u0_stringLiteralsWithSwitchStatements04.ts	0	0	0	0	1	1	1		
c05169u0_stringLiteralsWithTypeAssertions01.ts	0	0	0	0	1	1	1		
c05170u0_stringMappingDeferralInConditionalTypes.ts	0	0	0	0	1	1	1		
c05171u0_stringMappingOverPatternLiterals.ts	0	0	0	0	1	1	1		
c05172u0_stringMappingReduction.ts	0	0	0	0	1	1	1		
c05173u0_templateLiteralTypes1.ts	0	0	0	0	1	1	1		
c05174u0_templateLiteralTypes2.ts	0	0	0	0	1	1	1		
c05175u0_templateLiteralTypes3.ts	0	0	0	0	1	1	1		
c05176u0_templateLiteralTypes4.ts	0	0	0	0	1	1	1		
c05177u0_templateLiteralTypes5.ts	0	0	0	0	1	1	1		
c05178u0_templateLiteralTypes6.ts	0	0	0	0	1	1	1		
c05179u0_templateLiteralTypes7.ts	0	0	0	0	1	1	1		
c05180u0_templateLiteralTypes8.ts	0	0	0	0	1	1	1		
c05181u0_templateLiteralTypesPatterns.ts	0	0	0	0	1	1	1		
c05182u0_templateLiteralTypesPatternsPrefixSuffixAssignability.ts	0	0	0	0	1	1	1		
c05183u0_localTypes1.ts	0	0	0	0	1	1	1		
c05184u0_localTypes2.ts	0	0	0	0	1	1	1		
c05185u0_localTypes3.ts	0	0	0	0	1	1	1		
c05186u0_localTypes4.ts	0	0	0	0	1	1	1		
c05187u0_localTypes5.ts	0	0	0	0	1	1	1		
c05188u0_isomorphicMappedTypeInference.ts	1	0	0	0	1	1	1		
c05189u0_mappedTypeAsClauseRecursiveNoCrash1.ts	0	0	0	0	1	1	1		
c05190u0_mappedTypeAsClauseRelationships.ts	0	0	0	0	1	1	1		
c05191u0_mappedTypeAsClauses.ts	0	0	0	0	1	1	1		
c05192u0_mappedTypeConstraints.ts	0	0	0	0	1	1	1		
c05193u0_mappedTypeConstraints2.ts	0	0	0	0	1	1	1		
c05194u0_mappedTypeErrors.ts	0	0	0	0	1	1	1		
c05195u0_mappedTypeErrors2.ts	0	0	0	0	1	1	1		
c05196u0_mappedTypeIndexSignatureModifiers.ts	0	0	0	0	1	1	1		
c05197u0_mappedTypeInferenceErrors.ts	0	0	0	0	1	1	1		
c05198u0_mappedTypeModifiers.ts	0	0	0	0	1	1	1		
c05199u0_mappedTypeOverlappingStringEnumKeys.ts	0	0	0	0	1	1	1		
c05200u0_mappedTypeProperties.ts	0	0	0	0	1	1	1		
c05201u0_mappedTypeRelationships.ts	0	0	0	0	1	1	1		
c05202u0_mappedTypeWithAny.ts	0	0	0	0	1	1	1		
c05203u0_mappedTypes1.ts	0	0	0	0	1	1	1		
c05204u0_mappedTypes2.ts	0	0	0	0	1	1	1		
c05205u0_mappedTypes3.ts	0	0	0	0	1	1	1		
c05206u0_mappedTypes4.ts	0	0	0	0	1	1	1		
c05207u0_mappedTypes5.ts	0	0	0	0	1	1	1		
c05208u0_mappedTypes6.ts	0	0	0	0	1	1	1		
c05209u0_mappedTypesAndObjects.ts	0	0	0	0	1	1	1		
c05210u0_mappedTypesArraysTuples.ts	0	0	0	0	1	1	1		
c05211u0_mappedTypesGenericTuples.ts	0	0	0	0	1	1	1		
c05212u0_mappedTypesGenericTuples2.ts	0	0	0	0	1	1	1		
c05213u0_recursiveMappedTypes.ts	0	0	0	0	1	1	1		
c05214u0_augmentedTypeAssignmentCompatIndexSignature.ts	0	0	0	0	1	1	1		
c05215u0_augmentedTypeBracketAccessIndexSignature.ts	0	0	0	0	1	1	1		
c05216u0_classWithPrivateProperty.ts	0	0	0	0	1	1	1		
c05217u0_classWithProtectedProperty.ts	0	0	0	0	1	1	1		
c05218u0_classWithPublicProperty.ts	0	0	0	0	1	1	1		
c05219u0_duplicateNumericIndexers.ts	0	0	0	0	1	1	1		
c05220u0_duplicatePropertyNames.ts	0	0	0	0	1	1	1		
c05221u0_duplicateStringIndexers.ts	0	0	0	0	1	1	1		
c05222u0_indexSignatures1.ts	0	0	0	0	1	1	1		
c05223u0_objectTypeHidingMembersOfExtendedObject.ts	0	0	0	0	1	1	1		
c05224u0_objectTypeHidingMembersOfObject.ts	0	0	0	0	1	1	1		
c05225u0_objectTypeHidingMembersOfObjectAssignmentCompat.ts	0	0	0	0	1	1	1		
c05226u0_objectTypeHidingMembersOfObjectAssignmentCompat2.ts	0	0	0	0	1	1	1		
c05227u0_objectTypePropertyAccess.ts	0	0	0	0	1	1	1		
c05228u0_objectTypeWithCallSignatureAppearsToBeFunctionType.ts	0	0	0	0	1	1	1		
c05229u0_objectTypeWithCallSignatureHidingMembersOfExtendedFunction.ts	0	0	0	0	1	1	1		
c05230u0_objectTypeWithCallSignatureHidingMembersOfFunction.ts	0	0	0	0	1	1	1		
c05231u0_objectTypeWithCallSignatureHidingMembersOfFunctionAssignmentCompat.ts	0	0	0	0	1	1	1		
c05232u0_objectTypeWithConstructSignatureAppearsToBeFunctionType.ts	0	0	0	0	1	1	1		
c05233u0_objectTypeWithConstructSignatureHidingMembersOfExtendedFunction.ts	0	0	0	0	1	1	1		
c05234u0_objectTypeWithConstructSignatureHidingMembersOfFunction.ts	0	0	0	0	1	1	1		
c05235u0_objectTypeWithConstructSignatureHidingMembersOfFunctionAssignmentCompat.ts	0	0	0	0	1	1	1		
c05236u0_objectTypeWithDuplicateNumericProperty.ts	0	0	0	0	1	1	1		
c05237u0_objectTypeWithNumericProperty.ts	0	0	0	0	1	1	1		
c05238u0_objectTypeWithStringAndNumberIndexSignatureToAny.ts	0	0	0	0	1	1	1		
c05239u0_objectTypeWithStringIndexerHidingObjectIndexer.ts	0	0	0	0	1	1	1		
c05240u0_objectTypeWithStringNamedNumericProperty.ts	0	0	8	8	0	0	0	flags KindNumericLiteral xor=0x8000	
c05241u0_objectTypeWithStringNamedPropertyOfIllegalCharacters.ts	0	0	0	0	1	1	1		
c05242u0_typesWithOptionalProperty.ts	0	0	0	0	1	1	1		
c05243u0_typesWithPrivateConstructor.ts	0	0	0	0	1	1	1		
c05244u0_typesWithProtectedConstructor.ts	0	0	0	0	1	1	1		
c05245u0_typesWithPublicConstructor.ts	0	0	0	0	1	1	1		
c05246u0_typesWithSpecializedCallSignatures.ts	0	0	0	0	1	1	1		
c05247u0_typesWithSpecializedConstructSignatures.ts	0	0	0	0	1	1	1		
c05248u0_classWithOnlyPublicMembersEquivalentToInterface.ts	0	0	0	0	1	1	1		
c05249u0_classWithOnlyPublicMembersEquivalentToInterface2.ts	0	0	0	0	1	1	1		
c05250u0_classWithOptionalParameter.ts	0	0	0	0	1	1	1		
c05251u0_genericInstantiationEquivalentToObjectLiteral.ts	0	0	0	0	1	1	1		
c05252u0_interfaceWithPrivateMember.ts	0	0	0	0	1	1	1		
c05253u0_optionalMethods.ts	0	0	0	0	1	1	1		
c05254u0_neverInference.ts	0	0	0	0	1	1	1		
c05255u0_neverIntersectionNotCallable.ts	0	0	0	0	1	1	1		
c05256u0_neverType.ts	0	0	0	0	1	1	1		
c05257u0_neverTypeErrors1.ts	0	0	0	0	1	1	1		
c05258u0_neverTypeErrors2.ts	0	0	0	0	1	1	1		
c05259u0_neverUnionIntersection.ts	0	0	0	0	1	1	1		
c05260u0_assignObjectToNonPrimitive.ts	0	0	0	0	1	1	1		
c05261u0_nonPrimitiveAccessProperty.ts	0	0	0	0	1	1	1		
c05262u0_nonPrimitiveAndEmptyObject.ts	0	0	0	0	1	1	1		
c05263u0_nonPrimitiveAndTypeVariables.ts	0	0	0	0	1	1	1		
c05264u0_nonPrimitiveAsProperty.ts	0	0	0	0	1	1	1		
c05265u0_nonPrimitiveAssignError.ts	0	0	0	0	1	1	1		
c05266u0_nonPrimitiveConstraintOfIndexAccessType.ts	0	0	0	0	1	1	1		
c05267u0_nonPrimitiveInFunction.ts	0	0	0	0	1	1	1		
c05268u0_nonPrimitiveInGeneric.ts	0	0	0	0	1	1	1		
c05269u0_nonPrimitiveIndexingWithForIn.ts	0	0	0	0	1	1	1		
c05270u0_nonPrimitiveIndexingWithForInNoImplicitAny.ts	0	0	0	0	1	1	1		
c05271u0_nonPrimitiveIndexingWithForInSupressError.ts	0	0	0	0	1	1	1		
c05272u0_nonPrimitiveNarrow.ts	0	0	0	0	1	1	1		
c05273u0_nonPrimitiveRhsSideOfInExpression.ts	0	0	0	0	1	1	1		
c05274u0_nonPrimitiveStrictNull.ts	0	0	0	0	1	1	1		
c05275u0_nonPrimitiveUnionIntersection.ts	0	0	0	0	1	1	1		
c05276u0_callSignatureWithOptionalParameterAndInitializer.ts	0	0	0	0	1	1	1		
c05277u0_callSignatureWithoutAnnotationsOrBody.ts	0	0	0	0	1	1	1		
c05278u0_callSignatureWithoutReturnTypeAnnotationInference.ts	0	0	0	0	1	1	1		
c05279u0_callSignaturesThatDifferOnlyByReturnType.ts	0	0	0	0	1	1	1		
c05280u0_callSignaturesThatDifferOnlyByReturnType2.ts	0	0	0	0	1	1	1		
c05281u0_callSignaturesThatDifferOnlyByReturnType3.ts	0	0	0	0	1	1	1		
c05282u0_callSignaturesWithAccessibilityModifiersOnParameters.ts	0	0	0	0	1	1	1		
c05283u0_callSignaturesWithDuplicateParameters.ts	0	0	0	0	1	1	1		
c05284u0_callSignaturesWithOptionalParameters.ts	0	0	0	0	1	1	1		
c05285u0_callSignaturesWithOptionalParameters2.ts	0	0	0	0	1	1	1		
c05286u0_callSignaturesWithParameterInitializers.ts	0	0	0	0	1	1	1		
c05287u0_callSignaturesWithParameterInitializers2.ts	0	0	1	1	1	1	1		
c05288u0_constructSignatureWithAccessibilityModifiersOnParameters.ts	0	0	0	0	1	1	1		
c05289u0_constructSignatureWithAccessibilityModifiersOnParameters2.ts	0	0	0	0	1	1	1		
c05290u0_identicalCallSignatures.ts	0	0	0	0	1	1	1		
c05291u0_identicalCallSignatures2.ts	0	0	0	0	1	1	1		
c05292u0_identicalCallSignatures3.ts	0	0	0	0	1	1	1		
c05293u0_parametersWithNoAnnotationAreAny.ts	0	0	0	0	1	1	1		
c05294u0_restParameterWithoutAnnotationIsAnyArray.ts	0	0	0	0	1	1	1		
c05295u0_restParametersOfNonArrayTypes.ts	0	0	0	0	1	1	1		
c05296u0_restParametersOfNonArrayTypes2.ts	0	0	0	0	1	1	1		
c05297u0_restParametersWithArrayTypeAnnotations.ts	0	0	0	0	1	1	1		
c05298u0_specializedSignatureIsNotSubtypeOfNonSpecializedSignature.ts	0	0	0	0	1	1	1		
c05299u0_specializedSignatureIsSubtypeOfNonSpecializedSignature.ts	0	0	0	0	1	1	1		
c05300u0_specializedSignatureWithOptional.ts	0	0	0	0	1	1	1		
c05301u0_stringLiteralTypesInImplementationSignatures.ts	0	0	0	0	1	1	1		
c05302u0_stringLiteralTypesInImplementationSignatures2.ts	0	0	0	0	1	1	1		
c05303u0_typeParameterAsTypeArgument.ts	0	0	0	0	1	1	1		
c05304u0_typeParameterUsedAsTypeParameterConstraint.ts	0	0	0	0	1	1	1		
c05305u0_typeParameterUsedAsTypeParameterConstraint2.ts	0	0	0	0	1	1	1		
c05306u0_typeParameterUsedAsTypeParameterConstraint3.ts	0	0	0	0	1	1	1		
c05307u0_typeParameterUsedAsTypeParameterConstraint4.ts	0	0	0	0	1	1	1		
c05308u0_constructSignaturesWithIdenticalOverloads.ts	0	0	0	0	1	1	1		
c05309u0_constructSignaturesWithOverloads.ts	0	0	0	0	1	1	1		
c05310u0_constructSignaturesWithOverloads2.ts	0	0	0	0	1	1	1		
c05311u0_constructSignaturesWithOverloadsThatDifferOnlyByReturnType.ts	0	0	0	0	1	1	1		
c05312u0_multipleNumericIndexers.ts	0	0	0	0	1	1	1		
c05313u0_multipleStringIndexers.ts	0	0	0	0	1	1	1		
c05314u0_numericIndexerConstrainsPropertyDeclarations.ts	0	0	0	0	1	1	1		
c05315u0_numericIndexerConstrainsPropertyDeclarations2.ts	0	0	0	0	1	1	1		
c05316u0_numericIndexingResults.ts	0	0	0	0	1	1	1		
c05317u0_stringIndexerConstrainsPropertyDeclarations.ts	0	0	0	0	1	1	1		
c05318u0_stringIndexerConstrainsPropertyDeclarations2.ts	0	0	0	0	1	1	1		
c05319u0_stringIndexingResults.ts	0	0	0	0	1	1	1		
c05320u0_functionLiterals.ts	0	0	0	0	1	1	1		
c05321u0_methodSignaturesWithOverloads.ts	0	0	0	0	1	1	1		
c05322u0_methodSignaturesWithOverloads2.ts	0	0	0	0	1	1	1		
c05323u0_objectTypesWithOptionalProperties.ts	0	0	0	0	1	1	1		
c05324u0_objectTypesWithOptionalProperties2.ts	0	0	13	13	1	1	1		
c05325u0_objectTypeLiteralSyntax.ts	0	0	0	0	1	1	1		
c05326u0_objectTypeLiteralSyntax2.ts	0	0	1	1	1	1	1		
c05327u0_numericNamedPropertyDuplicates.ts	0	0	1	1	1	1	1		
c05328u0_numericStringNamedPropertyEquivalence.ts	0	0	0	0	1	1	1		
c05329u0_propertyNameWithoutTypeAnnotation.ts	0	0	0	0	1	1	1		
c05330u0_propertyNamesOfReservedWords.ts	0	0	0	0	1	1	1		
c05331u0_stringNamedPropertyAccess.ts	0	0	0	0	1	1	1		
c05332u0_stringNamedPropertyDuplicates.ts	0	0	1	1	1	1	1		
c05333u0_assignFromBooleanInterface.ts	0	0	0	0	1	1	1		
c05334u0_assignFromBooleanInterface2.ts	0	0	0	0	1	1	1		
c05335u0_boolInsteadOfBoolean.ts	0	0	0	0	1	1	1		
c05336u0_booleanPropertyAccess.ts	0	0	0	0	1	1	1		
c05337u0_extendBooleanInterface.ts	0	0	0	0	1	1	1		
c05338u0_invalidBooleanAssignments.ts	0	0	0	0	1	1	1		
c05339u0_validBooleanAssignments.ts	0	0	0	0	1	1	1		
c05340u0_invalidEnumAssignments.ts	0	0	0	0	1	1	1		
c05341u0_validEnumAssignments.ts	0	0	0	0	1	1	1		
c05342u0_directReferenceToNull.ts	0	0	0	0	1	1	1		
c05343u0_validNullAssignments.ts	0	0	0	0	1	1	1		
c05344u0_assignFromNumberInterface.ts	0	0	0	0	1	1	1		
c05345u0_assignFromNumberInterface2.ts	0	0	0	0	1	1	1		
c05346u0_extendNumberInterface.ts	0	0	0	0	1	1	1		
c05347u0_invalidNumberAssignments.ts	0	0	0	0	1	1	1		
c05348u0_numberPropertyAccess.ts	0	0	0	0	1	1	1		
c05349u0_validNumberAssignments.ts	0	0	0	0	1	1	1		
c05350u0_assignFromStringInterface.ts	0	0	0	0	1	1	1		
c05351u0_assignFromStringInterface2.ts	0	0	0	0	1	1	1		
c05352u0_extendStringInterface.ts	0	0	0	0	1	1	1		
c05353u0_invalidStringAssignments.ts	0	0	0	0	1	1	1		
c05354u0_stringPropertyAccess.ts	0	0	0	0	1	1	1		
c05355u0_stringPropertyAccessWithError.ts	0	0	0	0	1	1	1		
c05356u0_validStringAssignments.ts	0	0	0	0	1	1	1		
c05357u0_stringLiteralType.ts	0	0	0	0	1	1	1		
c05358u0_directReferenceToUndefined.ts	0	0	0	0	1	1	1		
c05359u0_invalidUndefinedAssignments.ts	0	0	0	0	1	1	1		
c05360u0_invalidUndefinedValues.ts	0	0	0	0	1	1	1		
c05361u0_validUndefinedAssignments.ts	0	0	0	0	1	1	1		
c05362u0_validUndefinedValues.ts	0	0	0	0	1	1	1		
c05363u0_invalidAssignmentsToVoid.ts	0	0	0	0	1	1	1		
c05364u0_invalidVoidAssignments.ts	0	0	0	0	1	1	1		
c05365u0_invalidVoidValues.ts	0	0	0	0	1	1	1		
c05366u0_validVoidAssignments.ts	0	0	0	0	1	1	1		
c05367u0_validVoidValues.ts	0	0	0	0	1	1	1		
c05368u0_genericObjectRest.ts	0	0	0	0	1	1	1		
c05369u0_genericRestArity.ts	0	0	0	0	1	1	1		
c05370u0_genericRestArityStrict.ts	0	0	0	0	1	1	1		
c05371u0_genericRestParameters1.ts	0	0	0	0	1	1	1		
c05372u0_genericRestParameters2.ts	0	0	0	0	1	1	1		
c05373u0_genericRestParameters3.ts	0	0	0	0	1	1	1		
c05374u0_objectRest.ts	0	0	0	0	1	1	1		
c05375u0_objectRest2.ts	0	0	0	0	1	1	1		
c05376u0_objectRestAssignment.ts	0	0	0	0	1	1	1		
c05377u0_objectRestCatchES5.ts	0	0	0	0	1	1	1		
c05378u0_objectRestForOf.ts	0	0	0	0	1	1	1		
c05379u0_objectRestNegative.ts	0	0	0	0	1	1	1		
c05380u0_objectRestParameter.ts	0	0	0	0	1	1	1		
c05381u0_objectRestParameterES5.ts	0	0	0	0	1	1	1		
c05382u0_objectRestPropertyMustBeLast.ts	0	0	0	0	1	1	1		
c05383u0_objectRestReadonly.ts	0	0	0	0	1	1	1		
c05384u0_restElementMustBeLast.ts	0	0	0	0	1	1	1		
c05385u0_restTuplesFromContextualTypes.ts	0	0	0	0	1	1	1		
c05386u0_objectTypesWithPredefinedTypesAsName.ts	0	0	0	0	1	1	1		
c05387u0_objectTypesWithPredefinedTypesAsName2.ts	0	0	1	1	1	1	1		
c05388u0_arrayLiteral.ts	0	0	0	0	1	1	1		
c05389u0_arrayOfFunctionTypes3.ts	0	0	0	0	1	1	1		
c05390u0_arrayTypeOfFunctionTypes.ts	0	0	0	0	1	1	1		
c05391u0_arrayTypeOfFunctionTypes2.ts	0	0	0	0	1	1	1		
c05392u0_arrayTypeOfTypeOf.ts	0	0	0	0	1	1	1		
c05393u0_functionLiteral.ts	0	0	0	0	1	1	1		
c05394u0_functionLiteralForOverloads.ts	0	0	0	0	1	1	1		
c05395u0_functionLiteralForOverloads2.ts	0	0	0	0	1	1	1		
c05396u0_parenthesizedTypes.ts	0	0	0	0	1	1	1		
c05397u0_unionTypeLiterals.ts	0	0	0	0	1	1	1		
c05398u0_circularTypeofWithVarOrFunc.ts	0	0	0	0	1	1	1		
c05399u0_invalidTypeOfTarget.ts	0	0	10	10	1	1	1		
c05400u0_recursiveTypesWithTypeof.ts	0	0	0	0	1	1	1		
c05401u0_typeQueryOnClass.ts	0	0	0	0	1	1	1		
c05402u0_typeQueryWithReservedWords.ts	0	0	0	0	1	1	1		
c05403u0_typeofANonExportedType.ts	0	0	0	0	1	1	1		
c05404u0_typeofAnExportedType.ts	0	0	0	0	1	1	1		
c05405u0_typeofClass2.ts	0	0	0	0	1	1	1		
c05406u0_typeofClassWithPrivates.ts	0	0	0	0	1	1	1		
c05407u0_typeofModuleWithoutExports.ts	0	0	0	0	1	1	1		
c05408u0_typeofThis.ts	0	0	0	0	1	1	1		
c05409u0_typeofThisWithImplicitThis.ts	0	0	0	0	1	1	1		
c05410u0_typeofTypeParameter.ts	0	0	0	0	1	1	1		
c05411u0_genericTypeReferenceWithoutTypeArgument.d.ts	0	0	0	0	1	1	1		
c05412u0_genericTypeReferenceWithoutTypeArgument.ts	0	0	0	0	1	1	1		
c05413u0_genericTypeReferenceWithoutTypeArgument2.ts	0	0	0	0	1	1	1		
c05414u0_genericTypeReferenceWithoutTypeArgument3.ts	0	0	0	0	1	1	1		
c05415u0_nonGenericTypeReferenceWithTypeArguments.ts	0	0	0	0	1	1	1		
c05416u0_objectSpread.ts	0	0	0	0	1	1	1		
c05417u0_objectSpreadComputedProperty.ts	0	0	0	0	1	1	1		
c05418u0_objectSpreadIndexSignature.ts	0	0	0	0	1	1	1		
c05419u0_objectSpreadNegative.ts	0	0	0	0	1	1	1		
c05420u0_objectSpreadNegativeParse.ts	0	0	5	5	0	0	0	flags KindIdentifier xor=0x8000	
c05421u0_objectSpreadNoTransform.ts	0	0	0	0	1	1	1		
c05422u0_objectSpreadRepeatedComplexity.ts	0	0	0	0	1	1	1		
c05423u0_objectSpreadRepeatedNullCheckPerf.ts	0	0	0	0	1	1	1		
c05424u0_objectSpreadSetonlyAccessor.ts	0	0	0	0	1	1	1		
c05425u0_objectSpreadStrictNull.ts	0	0	0	0	1	1	1		
c05426u0_spreadContextualTypedBindingPattern.ts	0	0	0	0	1	1	1		
c05427u0_spreadDuplicate.ts	0	0	0	0	1	1	1		
c05428u0_spreadDuplicateExact.ts	0	0	0	0	1	1	1		
c05429u0_spreadExcessProperty.ts	0	0	0	0	1	1	1		
c05430u0_spreadMethods.ts	0	0	0	0	1	1	1		
c05431u0_spreadNonObject1.ts	0	0	0	0	1	1	1		
c05432u0_spreadNonPrimitive.ts	0	0	0	0	1	1	1		
c05433u0_spreadObjectOrFalsy.ts	0	0	0	0	1	1	1		
c05434u0_spreadOverwritesProperty.ts	0	0	0	0	1	1	1		
c05435u0_spreadOverwritesPropertyStrict.ts	0	0	0	0	1	1	1		
c05436u0_spreadTypeVariable.ts	0	0	0	0	1	1	1		
c05437u0_spreadUnion.ts	0	0	0	0	1	1	1		
c05438u0_spreadUnion2.ts	0	0	0	0	1	1	1		
c05439u0_spreadUnion3.ts	0	0	0	0	1	1	1		
c05440u0_spreadUnion4.ts	0	0	0	0	1	1	1		
c05441u0_stringLiteralCheckedInIf01.ts	0	0	0	0	1	1	1		
c05442u0_stringLiteralCheckedInIf02.ts	0	0	0	0	1	1	1		
c05443u0_stringLiteralMatchedInSwitch01.ts	0	0	0	0	1	1	1		
c05444u0_stringLiteralTypeAssertion01.ts	0	0	0	0	1	1	1		
c05445u0_stringLiteralTypesAndLogicalOrExpressions01.ts	0	0	0	0	1	1	1		
c05446u0_stringLiteralTypesAndParenthesizedExpressions01.ts	0	0	0	0	1	1	1		
c05447u0_stringLiteralTypesAndTuples01.ts	0	0	0	0	1	1	1		
c05448u0_stringLiteralTypesAsTags01.ts	0	0	0	0	1	1	1		
c05449u0_stringLiteralTypesAsTags02.ts	0	0	0	0	1	1	1		
c05450u0_stringLiteralTypesAsTags03.ts	0	0	0	0	1	1	1		
c05451u0_stringLiteralTypesAsTypeParameterConstraint01.ts	0	0	0	0	1	1	1		
c05452u0_stringLiteralTypesAsTypeParameterConstraint02.ts	0	0	0	0	1	1	1		
c05453u0_stringLiteralTypesInUnionTypes01.ts	0	0	0	0	1	1	1		
c05454u0_stringLiteralTypesInUnionTypes02.ts	0	0	0	0	1	1	1		
c05455u0_stringLiteralTypesInUnionTypes03.ts	0	0	0	0	1	1	1		
c05456u0_stringLiteralTypesInUnionTypes04.ts	0	0	0	0	1	1	1		
c05457u0_stringLiteralTypesInVariableDeclarations01.ts	0	0	0	0	1	1	1		
c05458u0_stringLiteralTypesOverloadAssignability01.ts	0	0	0	0	1	1	1		
c05459u0_stringLiteralTypesOverloadAssignability02.ts	0	0	0	0	1	1	1		
c05460u0_stringLiteralTypesOverloadAssignability03.ts	0	0	0	0	1	1	1		
c05461u0_stringLiteralTypesOverloadAssignability04.ts	0	0	0	0	1	1	1		
c05462u0_stringLiteralTypesOverloadAssignability05.ts	0	0	0	0	1	1	1		
c05463u0_stringLiteralTypesOverloads01.ts	0	0	0	0	1	1	1		
c05464u0_stringLiteralTypesOverloads02.ts	0	0	0	0	1	1	1		
c05465u0_stringLiteralTypesOverloads03.ts	0	0	0	0	1	1	1		
c05466u0_stringLiteralTypesOverloads04.ts	0	0	0	0	1	1	1		
c05467u0_stringLiteralTypesOverloads05.ts	0	0	0	0	1	1	1		
c05468u0_stringLiteralTypesTypePredicates01.ts	0	0	0	0	1	1	1		
c05469u0_stringLiteralTypesWithTemplateStrings01.ts	0	0	0	0	1	1	1		
c05470u0_stringLiteralTypesWithTemplateStrings02.ts	0	0	0	0	1	1	1		
c05471u0_stringLiteralTypesWithVariousOperators01.ts	0	0	0	0	1	1	1		
c05472u0_stringLiteralTypesWithVariousOperators02.ts	0	0	0	0	1	1	1		
c05473u0_typeArgumentsWithStringLiteralTypes01.ts	0	0	0	0	1	1	1		
c05474u0_contextualThisType.ts	0	0	0	0	1	1	1		
c05476u0_declarationFiles.ts	0	0	0	0	1	1	1		
c05477u0_fluentClasses.ts	0	0	0	0	1	1	1		
c05478u0_fluentInterfaces.ts	0	0	0	0	1	1	1		
c05479u0_inferThisType.ts	0	0	0	0	1	1	1		
c05480u0_looseThisTypeInFunctions.ts	0	0	0	0	1	1	1		
c05481u0_thisTypeAccessibility.ts	0	0	0	0	1	1	1		
c05482u0_thisTypeAndConstraints.ts	0	0	0	0	1	1	1		
c05483u0_thisTypeErrors.ts	0	0	0	0	1	1	1		
c05484u0_thisTypeErrors2.ts	0	0	0	0	1	1	1		
c05485u0_thisTypeInAccessors.ts	0	0	0	0	1	1	1		
c05486u0_thisTypeInAccessorsNegative.ts	0	0	0	0	1	1	1		
c05487u0_thisTypeInBasePropertyAndDerivedContainerOfBase01.ts	0	0	0	0	1	1	1		
c05488u0_thisTypeInClasses.ts	0	0	0	0	1	1	1		
c05489u0_thisTypeInFunctions.ts	0	0	0	0	1	1	1		
c05490u0_thisTypeInFunctions2.ts	0	0	0	0	1	1	1		
c05491u0_thisTypeInFunctions3.ts	0	0	0	0	1	1	1		
c05492u0_thisTypeInFunctions4.ts	0	0	0	0	1	1	1		
c05493u0_thisTypeInFunctionsNegative.ts	0	0	11	11	1	1	1		
c05494u0_thisTypeInInterfaces.ts	0	0	0	0	1	1	1		
c05495u0_thisTypeInObjectLiterals.ts	0	0	0	0	1	1	1		
c05496u0_thisTypeInObjectLiterals2.ts	0	0	0	0	1	1	1		
c05497u0_thisTypeInTaggedTemplateCall.ts	0	0	0	0	1	1	1		
c05498u0_thisTypeInTuples.ts	0	0	0	0	1	1	1		
c05499u0_thisTypeInTypePredicate.ts	0	0	0	0	1	1	1		
c05500u0_thisTypeOptionalCall.ts	0	0	0	0	1	1	1		
c05501u0_thisTypeSyntacticContext.ts	0	0	0	0	1	1	1		
c05502u0_typeRelationships.ts	0	0	0	0	1	1	1		
c05503u0_unionThisTypeInFunctions.ts	0	0	0	0	1	1	1		
c05504u0_arityAndOrderCompatibility01.ts	0	0	0	0	1	1	1		
c05505u0_castingTuple.ts	0	0	0	0	1	1	1		
c05506u0_contextualTypeTupleEnd.ts	0	0	0	0	1	1	1		
c05507u0_contextualTypeWithTuple.ts	0	0	0	0	1	1	1		
c05508u0_emptyTuplesTypeAssertion01.ts	0	0	0	0	1	1	1		
c05509u0_emptyTuplesTypeAssertion02.ts	0	0	0	0	1	1	1		
c05510u0_indexerWithTuple.ts	0	0	0	0	1	1	1		
c05511u0_namedTupleMembers.ts	1	0	0	0	1	1	1		
c05512u0_namedTupleMembersErrors.ts	0	0	0	0	1	1	1		
c05513u0_partiallyNamedTuples.ts	0	0	0	0	1	1	1		
c05514u0_partiallyNamedTuples2.ts	0	0	0	0	1	1	1		
c05515u0_partiallyNamedTuples3.ts	0	0	0	0	1	1	1		
c05516u0_optionalTupleElements1.ts	0	0	0	0	1	1	1		
c05517u0_readonlyArraysAndTuples.ts	0	0	0	0	1	1	1		
c05518u0_readonlyArraysAndTuples2.ts	0	0	0	0	1	1	1		
c05519u0_restTupleElements1.ts	0	0	0	0	1	1	1		
c05520u0_strictTupleLength.ts	0	0	0	0	1	1	1		
c05521u0_tupleElementTypes1.ts	0	0	0	0	1	1	1		
c05522u0_tupleElementTypes2.ts	0	0	0	0	1	1	1		
c05523u0_tupleElementTypes3.ts	0	0	0	0	1	1	1		
c05524u0_tupleElementTypes4.ts	0	0	0	0	1	1	1		
c05525u0_tupleLengthCheck.ts	0	0	0	0	1	1	1		
c05526u0_typeInferenceWithTupleType.ts	0	0	0	0	1	1	1		
c05527u0_unionsOfTupleTypes1.ts	0	0	0	0	1	1	1		
c05528u0_variadicTuples1.ts	0	0	0	0	1	1	1		
c05529u0_variadicTuples2.ts	0	0	0	0	1	1	1		
c05530u0_variadicTuples3.ts	0	0	0	0	1	1	1		
c05531u0_wideningTuples1.ts	0	0	0	0	1	1	1		
c05532u0_wideningTuples2.ts	0	0	0	0	1	1	1		
c05533u0_wideningTuples3.ts	0	0	0	0	1	1	1		
c05534u0_wideningTuples4.ts	0	0	0	0	1	1	1		
c05535u0_wideningTuples5.ts	0	0	0	0	1	1	1		
c05536u0_wideningTuples6.ts	0	0	0	0	1	1	1		
c05537u0_wideningTuples7.ts	0	0	0	0	1	1	1		
c05538u0_asiPreventsParsingAsTypeAlias01.ts	0	0	0	0	1	1	1		
c05539u0_asiPreventsParsingAsTypeAlias02.ts	0	0	0	0	1	1	1		
c05540u0_builtinIteratorReturn.ts	0	0	0	0	1	1	1		
c05541u0_circularTypeAliasForUnionWithClass.ts	0	0	0	0	1	1	1		
c05542u0_circularTypeAliasForUnionWithInterface.ts	0	0	0	0	1	1	1		
c05543u0_classDoesNotDependOnBaseTypes.ts	0	0	0	0	1	1	1		
c05544u0_directDependenceBetweenTypeAliases.ts	0	0	0	0	1	1	1		
c05545u0_genericTypeAliases.ts	0	0	0	0	1	1	1		
c05546u0_interfaceDoesNotDependOnBaseTypes.ts	0	0	0	0	1	1	1		
c05547u0_intrinsicKeyword.ts	0	0	0	0	1	1	1		
c05548u0_intrinsicTypes.ts	0	0	0	0	1	1	1		
c05549u0_reservedNamesInAliases.ts	0	0	2	2	1	1	1		
c05550u0_typeAliases.ts	0	0	0	0	1	1	1		
c05551u0_typeAliasesDoNotMerge.ts	0	0	0	0	1	1	1		
c05552u0_typeAliasesForObjectTypes.ts	0	0	0	0	1	1	1		
c05553u0_recurringTypeParamForContainerOfBase01.ts	0	0	0	0	1	1	1		
c05554u0_callGenericFunctionWithIncorrectNumberOfTypeArguments.ts	0	0	0	0	1	1	1		
c05555u0_callGenericFunctionWithZeroTypeArguments.ts	0	0	0	0	1	1	1		
c05556u0_callNonGenericFunctionWithTypeArguments.ts	0	0	0	0	1	1	1		
c05557u0_constraintSatisfactionWithAny.ts	0	0	0	0	1	1	1		
c05558u0_constraintSatisfactionWithAny2.ts	0	0	0	0	1	1	1		
c05559u0_constraintSatisfactionWithEmptyObject.ts	0	0	0	0	1	1	1		
c05560u0_functionConstraintSatisfaction.ts	0	0	0	0	1	1	1		
c05561u0_functionConstraintSatisfaction2.ts	0	0	0	0	1	1	1		
c05562u0_functionConstraintSatisfaction3.ts	0	0	0	0	1	1	1		
c05563u0_instantiateGenericClassWithWrongNumberOfTypeArguments.ts	0	0	0	0	1	1	1		
c05564u0_instantiateGenericClassWithZeroTypeArguments.ts	0	0	0	0	1	1	1		
c05565u0_instantiateNonGenericTypeWithTypeArguments.ts	0	0	0	0	1	1	1		
c05566u0_instantiationExpressionErrors.ts	0	0	4	4	1	1	1		
c05567u0_instantiationExpressions.ts	0	0	0	0	1	1	1		
c05568u0_typeParameterAsTypeParameterConstraint.ts	0	0	0	0	1	1	1		
c05569u0_typeParameterAsTypeParameterConstraint2.ts	0	0	0	0	1	1	1		
c05570u0_typeParameterAsTypeParameterConstraintTransitively.ts	0	0	0	0	1	1	1		
c05571u0_typeParameterAsTypeParameterConstraintTransitively2.ts	0	0	0	0	1	1	1		
c05572u0_wrappedAndRecursiveConstraints.ts	0	0	0	0	1	1	1		
c05573u0_wrappedAndRecursiveConstraints2.ts	0	0	0	0	1	1	1		
c05574u0_wrappedAndRecursiveConstraints3.ts	0	0	0	0	1	1	1		
c05575u0_wrappedAndRecursiveConstraints4.ts	0	0	0	0	1	1	1		
c05576u0_typeParameterAsBaseType.ts	0	0	0	0	1	1	1		
c05577u0_innerTypeParameterShadowingOuterOne.ts	0	0	0	0	1	1	1		
c05578u0_innerTypeParameterShadowingOuterOne2.ts	0	0	0	0	1	1	1		
c05579u0_propertyAccessOnTypeParameterWithConstraints.ts	0	0	0	0	1	1	1		
c05580u0_propertyAccessOnTypeParameterWithConstraints2.ts	0	0	0	0	1	1	1		
c05581u0_propertyAccessOnTypeParameterWithConstraints3.ts	0	0	0	0	1	1	1		
c05582u0_propertyAccessOnTypeParameterWithConstraints4.ts	0	0	0	0	1	1	1		
c05583u0_propertyAccessOnTypeParameterWithConstraints5.ts	0	0	0	0	1	1	1		
c05584u0_propertyAccessOnTypeParameterWithoutConstraints.ts	0	0	0	0	1	1	1		
c05585u0_staticMembersUsingClassTypeParameter.ts	0	0	0	0	1	1	1		
c05586u0_typeParameterConstModifiers.ts	0	0	0	0	1	1	1		
c05587u0_typeParameterConstModifiersReturnsAndYields.ts	0	0	0	0	1	1	1		
c05588u0_typeParameterConstModifiersReverseMappedTypes.ts	0	0	0	0	1	1	1		
c05589u0_typeParameterConstModifiersWithIntersection.ts	0	0	0	0	1	1	1		
c05590u0_typeParameterDirectlyConstrainedToItself.ts	0	0	0	0	1	1	1		
c05591u0_typeParameterIndirectlyConstrainedToItself.ts	0	0	0	0	1	1	1		
c05592u0_typeParameterUsedAsConstraint.ts	0	0	0	0	1	1	1		
c05593u0_typeParametersAvailableInNestedScope.ts	0	0	0	0	1	1	1		
c05594u0_typeParametersAvailableInNestedScope2.ts	0	0	0	0	1	1	1		
c05595u0_typeParametersAvailableInNestedScope3.ts	0	0	0	0	1	1	1		
c05596u0_typesWithDuplicateTypeParameters.ts	0	0	0	0	1	1	1		
c05597u0_varianceAnnotations.ts	0	0	0	0	1	1	1		
c05598u0_varianceAnnotationsWithCircularlyReferencesError.ts	0	0	1	1	1	1	1		
c05599u0_apparentTypeSubtyping.ts	0	0	0	0	1	1	1		
c05600u0_apparentTypeSupertype.ts	0	0	0	0	1	1	1		
c05601u0_anyAssignabilityInInheritance.ts	0	0	0	0	1	1	1		
c05602u0_anyAssignableToEveryType.ts	0	0	0	0	1	1	1		
c05603u0_anyAssignableToEveryType2.ts	0	0	0	0	1	1	1		
c05604u0_assignmentCompatBetweenTupleAndArray.ts	0	0	0	0	1	1	1		
c05605u0_assignmentCompatWithCallSignatures.ts	0	0	0	0	1	1	1		
c05606u0_assignmentCompatWithCallSignatures2.ts	0	0	0	0	1	1	1		
c05607u0_assignmentCompatWithCallSignatures3.ts	0	0	0	0	1	1	1		
c05608u0_assignmentCompatWithCallSignatures4.ts	0	0	0	0	1	1	1		
c05609u0_assignmentCompatWithCallSignatures5.ts	0	0	0	0	1	1	1		
c05610u0_assignmentCompatWithCallSignatures6.ts	0	0	0	0	1	1	1		
c05611u0_assignmentCompatWithCallSignaturesWithOptionalParameters.ts	0	0	0	0	1	1	1		
c05612u0_assignmentCompatWithCallSignaturesWithRestParameters.ts	0	0	0	0	1	1	1		
c05613u0_assignmentCompatWithConstructSignatures.ts	0	0	0	0	1	1	1		
c05614u0_assignmentCompatWithConstructSignatures2.ts	0	0	0	0	1	1	1		
c05615u0_assignmentCompatWithConstructSignatures3.ts	0	0	0	0	1	1	1		
c05616u0_assignmentCompatWithConstructSignatures4.ts	0	0	0	0	1	1	1		
c05617u0_assignmentCompatWithConstructSignatures5.ts	0	0	0	0	1	1	1		
c05618u0_assignmentCompatWithConstructSignatures6.ts	0	0	0	0	1	1	1		
c05619u0_assignmentCompatWithConstructSignaturesWithOptionalParameters.ts	0	0	0	0	1	1	1		
c05620u0_assignmentCompatWithDiscriminatedUnion.ts	0	0	0	0	1	1	1		
c05621u0_assignmentCompatWithEnumIndexer.ts	0	0	0	0	1	1	1		
c05622u0_assignmentCompatWithGenericCallSignatures.ts	0	0	0	0	1	1	1		
c05623u0_assignmentCompatWithGenericCallSignatures2.ts	0	0	0	0	1	1	1		
c05624u0_assignmentCompatWithGenericCallSignatures3.ts	0	0	0	0	1	1	1		
c05625u0_assignmentCompatWithGenericCallSignatures4.ts	0	0	0	0	1	1	1		
c05626u0_assignmentCompatWithGenericCallSignaturesWithOptionalParameters.ts	0	0	0	0	1	1	1		
c05627u0_assignmentCompatWithNumericIndexer.ts	0	0	0	0	1	1	1		
c05628u0_assignmentCompatWithNumericIndexer2.ts	0	0	0	0	1	1	1		
c05629u0_assignmentCompatWithNumericIndexer3.ts	0	0	0	0	1	1	1		
c05630u0_assignmentCompatWithObjectMembers.ts	0	0	0	0	1	1	1		
c05631u0_assignmentCompatWithObjectMembers2.ts	0	0	0	0	1	1	1		
c05632u0_assignmentCompatWithObjectMembers3.ts	0	0	0	0	1	1	1		
c05633u0_assignmentCompatWithObjectMembers4.ts	0	0	0	0	1	1	1		
c05634u0_assignmentCompatWithObjectMembers5.ts	0	0	0	0	1	1	1		
c05635u0_assignmentCompatWithObjectMembersAccessibility.ts	0	0	0	0	1	1	1		
c05636u0_assignmentCompatWithObjectMembersNumericNames.ts	0	0	0	0	1	1	1		
c05637u0_assignmentCompatWithObjectMembersOptionality.ts	0	0	0	0	1	1	1		
c05638u0_assignmentCompatWithObjectMembersOptionality2.ts	0	0	0	0	1	1	1		
c05639u0_assignmentCompatWithObjectMembersStringNumericNames.ts	0	0	0	0	1	1	1		
c05640u0_assignmentCompatWithStringIndexer.ts	0	0	0	0	1	1	1		
c05641u0_assignmentCompatWithStringIndexer2.ts	0	0	0	0	1	1	1		
c05642u0_assignmentCompatWithStringIndexer3.ts	0	0	0	0	1	1	1		
c05643u0_assignmentCompatWithWithGenericConstructSignatures.ts	0	0	0	0	1	1	1		
c05644u0_callSignatureAssignabilityInInheritance.ts	0	0	0	0	1	1	1		
c05645u0_callSignatureAssignabilityInInheritance2.ts	0	0	0	0	1	1	1		
c05646u0_callSignatureAssignabilityInInheritance3.ts	0	0	0	0	1	1	1		
c05647u0_callSignatureAssignabilityInInheritance4.ts	0	0	0	0	1	1	1		
c05648u0_callSignatureAssignabilityInInheritance5.ts	0	0	0	0	1	1	1		
c05649u0_callSignatureAssignabilityInInheritance6.ts	0	0	0	0	1	1	1		
c05650u0_constructSignatureAssignabilityInInheritance.ts	0	0	0	0	1	1	1		
c05651u0_constructSignatureAssignabilityInInheritance2.ts	0	0	0	0	1	1	1		
c05652u0_constructSignatureAssignabilityInInheritance3.ts	0	0	0	0	1	1	1		
c05653u0_constructSignatureAssignabilityInInheritance4.ts	0	0	0	0	1	1	1		
c05654u0_constructSignatureAssignabilityInInheritance5.ts	0	0	0	0	1	1	1		
c05655u0_constructSignatureAssignabilityInInheritance6.ts	0	0	0	0	1	1	1		
c05656u0_covariantCallbacks.ts	0	0	0	0	1	1	1		
c05657u0_enumAssignability.ts	0	0	0	0	1	1	1		
c05658u0_enumAssignabilityInInheritance.ts	0	0	0	0	1	1	1		
c05659u0_everyTypeAssignableToAny.ts	0	0	0	0	1	1	1		
c05660u0_genericCallWithObjectTypeArgsAndInitializers.ts	0	0	0	0	1	1	1		
c05661u0_intersectionIncludingPropFromGlobalAugmentation.ts	0	0	0	0	1	1	1		
c05662u0_nullAssignableToEveryType.ts	0	0	0	0	1	1	1		
c05663u0_nullAssignedToUndefined.ts	0	0	0	0	1	1	1		
c05664u0_numberAssignableToEnum.ts	0	0	0	0	1	1	1		
c05665u0_optionalPropertyAssignableToStringIndexSignature.ts	0	0	0	0	1	1	1		
c05666u0_typeParameterAssignability.ts	0	0	0	0	1	1	1		
c05667u0_typeParameterAssignability2.ts	0	0	0	0	1	1	1		
c05668u0_typeParameterAssignability3.ts	0	0	0	0	1	1	1		
c05669u0_undefinedAssignableToEveryType.ts	0	0	0	0	1	1	1		
c05670u0_unionTypesAssignability.ts	0	0	0	0	1	1	1		
c05671u0_arrayLiteralWithMultipleBestCommonTypes.ts	0	0	0	0	1	1	1		
c05672u0_bestCommonTypeOfConditionalExpressions.ts	0	0	0	0	1	1	1		
c05673u0_bestCommonTypeOfConditionalExpressions2.ts	0	0	0	0	1	1	1		
c05674u0_bestCommonTypeOfTuple.ts	0	0	0	0	1	1	1		
c05675u0_bestCommonTypeOfTuple2.ts	0	0	0	0	1	1	1		
c05676u0_functionWithMultipleReturnStatements.ts	0	0	0	0	1	1	1		
c05677u0_functionWithMultipleReturnStatements2.ts	0	0	0	0	1	1	1		
c05678u0_heterogeneousArrayLiterals.ts	0	0	0	0	1	1	1		
c05679u0_equalityStrictNulls.ts	0	0	0	0	1	1	1		
c05680u0_equalityWithEnumTypes.ts	0	0	0	0	1	1	1		
c05681u0_equalityWithIntersectionTypes01.ts	0	0	0	0	1	1	1		
c05682u0_equalityWithUnionTypes01.ts	0	0	0	0	1	1	1		
c05683u0_equalityWithtNullishCoalescingAssignment.ts	0	0	0	0	1	1	1		
c05684u0_independentPropertyVariance.ts	0	0	0	0	1	1	1		
c05685u0_optionalProperties01.ts	0	0	0	0	1	1	1		
c05686u0_optionalProperties02.ts	0	0	0	0	1	1	1		
c05687u0_switchCaseWithIntersectionTypes01.ts	0	0	0	0	1	1	1		
c05688u0_switchCaseWithUnionTypes01.ts	0	0	0	0	1	1	1		
c05689u0_typeAssertionsWithIntersectionTypes01.ts	0	0	0	0	1	1	1		
c05690u0_typeAssertionsWithUnionTypes01.ts	0	0	0	0	1	1	1		
c05691u0_weakTypesAndLiterals01.ts	0	0	0	0	1	1	1		
c05692u0_narrowingConstrainedTypeVariable.ts	0	0	0	0	1	1	1		
c05693u0_narrowingGenericTypeFromInstanceof01.ts	0	0	0	0	1	1	1		
c05694u0_arrayLiteralsWithRecursiveGenerics.ts	0	0	0	0	1	1	1		
c05695u0_infiniteExpansionThroughInstantiation.ts	0	0	0	0	1	1	1		
c05696u0_infiniteExpansionThroughInstantiation2.ts	0	0	0	0	1	1	1		
c05697u0_infiniteExpansionThroughTypeInference.ts	0	0	0	0	1	1	1		
c05698u0_nominalSubtypeCheckOfTypeParameter.ts	0	0	0	0	1	1	1		
c05699u0_nominalSubtypeCheckOfTypeParameter2.ts	0	0	0	0	1	1	1		
c05700u0_objectTypeWithRecursiveWrappedProperty.ts	0	0	0	0	1	1	1		
c05701u0_objectTypeWithRecursiveWrappedProperty2.ts	0	0	0	0	1	1	1		
c05702u0_objectTypeWithRecursiveWrappedPropertyCheckedNominally.ts	0	0	0	0	1	1	1		
c05703u0_recursiveTypeInGenericConstraint.ts	0	0	0	0	1	1	1		
c05704u0_recursiveTypeReferences1.ts	0	0	0	0	1	1	1		
c05706u0_recursiveTypesUsedAsFunctionParameters.ts	0	0	0	0	1	1	1		
c05707u0_enumIsNotASubtypeOfAnythingButNumber.ts	0	0	0	0	1	1	1		
c05708u0_nullIsSubtypeOfEverythingButUndefined.ts	0	0	0	0	1	1	1		
c05709u0_stringLiteralTypeIsSubtypeOfString.ts	0	0	0	0	1	1	1		
c05710u0_subtypesOfAny.ts	0	0	0	0	1	1	1		
c05711u0_subtypesOfTypeParameter.ts	0	0	0	0	1	1	1		
c05712u0_subtypesOfTypeParameterWithConstraints.ts	0	0	0	0	1	1	1		
c05713u0_subtypesOfTypeParameterWithConstraints2.ts	0	0	0	0	1	1	1		
c05714u0_subtypesOfTypeParameterWithConstraints3.ts	0	0	0	0	1	1	1		
c05715u0_subtypesOfTypeParameterWithConstraints4.ts	0	0	0	0	1	1	1		
c05716u0_subtypesOfTypeParameterWithRecursiveConstraints.ts	0	0	0	0	1	1	1		
c05717u0_subtypesOfUnion.ts	0	0	0	0	1	1	1		
c05718u0_subtypingWithCallSignatures.ts	0	0	0	0	1	1	1		
c05719u0_subtypingWithCallSignatures2.ts	0	0	0	0	1	1	1		
c05720u0_subtypingWithCallSignatures3.ts	0	0	0	0	1	1	1		
c05721u0_subtypingWithCallSignatures4.ts	0	0	0	0	1	1	1		
c05722u0_subtypingWithCallSignaturesA.ts	0	0	0	0	1	1	1		
c05723u0_subtypingWithCallSignaturesWithOptionalParameters.ts	0	0	0	0	1	1	1		
c05724u0_subtypingWithCallSignaturesWithRestParameters.ts	0	0	0	0	1	1	1		
c05725u0_subtypingWithCallSignaturesWithSpecializedSignatures.ts	0	0	0	0	1	1	1		
c05726u0_subtypingWithConstructSignatures.ts	0	0	0	0	1	1	1		
c05727u0_subtypingWithConstructSignatures2.ts	0	0	0	0	1	1	1		
c05728u0_subtypingWithConstructSignatures3.ts	0	0	0	0	1	1	1		
c05729u0_subtypingWithConstructSignatures4.ts	0	0	0	0	1	1	1		
c05730u0_subtypingWithConstructSignatures5.ts	0	0	0	0	1	1	1		
c05731u0_subtypingWithConstructSignatures6.ts	0	0	0	0	1	1	1		
c05732u0_subtypingWithConstructSignaturesWithOptionalParameters.ts	0	0	0	0	1	1	1		
c05733u0_subtypingWithConstructSignaturesWithSpecializedSignatures.ts	0	0	0	0	1	1	1		
c05734u0_subtypingWithGenericCallSignaturesWithOptionalParameters.ts	0	0	0	0	1	1	1		
c05735u0_subtypingWithGenericConstructSignaturesWithOptionalParameters.ts	0	0	0	0	1	1	1		
c05736u0_subtypingWithNumericIndexer.ts	0	0	0	0	1	1	1		
c05737u0_subtypingWithNumericIndexer2.ts	0	0	0	0	1	1	1		
c05738u0_subtypingWithNumericIndexer3.ts	0	0	0	0	1	1	1		
c05739u0_subtypingWithNumericIndexer4.ts	0	0	0	0	1	1	1		
c05740u0_subtypingWithNumericIndexer5.ts	0	0	0	0	1	1	1		
c05741u0_subtypingWithObjectMembers.ts	0	0	0	0	1	1	1		
c05742u0_subtypingWithObjectMembers2.ts	0	0	0	0	1	1	1		
c05743u0_subtypingWithObjectMembers3.ts	0	0	0	0	1	1	1		
c05744u0_subtypingWithObjectMembers4.ts	0	0	0	0	1	1	1		
c05745u0_subtypingWithObjectMembers5.ts	0	0	0	0	1	1	1		
c05746u0_subtypingWithObjectMembersAccessibility.ts	0	0	0	0	1	1	1		
c05747u0_subtypingWithObjectMembersAccessibility2.ts	0	0	0	0	1	1	1		
c05748u0_subtypingWithObjectMembersOptionality.ts	0	0	0	0	1	1	1		
c05749u0_subtypingWithObjectMembersOptionality2.ts	0	0	0	0	1	1	1		
c05750u0_subtypingWithObjectMembersOptionality3.ts	0	0	0	0	1	1	1		
c05751u0_subtypingWithObjectMembersOptionality4.ts	0	0	0	0	1	1	1		
c05752u0_subtypingWithOptionalProperties.ts	0	0	0	0	1	1	1		
c05753u0_subtypingWithStringIndexer.ts	0	0	0	0	1	1	1		
c05754u0_subtypingWithStringIndexer2.ts	0	0	0	0	1	1	1		
c05755u0_subtypingWithStringIndexer3.ts	0	0	0	0	1	1	1		
c05756u0_subtypingWithStringIndexer4.ts	0	0	0	0	1	1	1		
c05757u0_undefinedIsSubtypeOfEverything.ts	0	0	0	0	1	1	1		
c05758u0_unionSubtypeIfEveryConstituentTypeIsSubtype.ts	0	0	0	0	1	1	1		
c05759u0_objectTypesIdentity.ts	0	0	0	0	1	1	1		
c05760u0_objectTypesIdentity2.ts	0	0	0	0	1	1	1		
c05761u0_objectTypesIdentityWithCallSignatures.ts	0	0	0	0	1	1	1		
c05762u0_objectTypesIdentityWithCallSignatures2.ts	0	0	0	0	1	1	1		
c05763u0_objectTypesIdentityWithCallSignatures3.ts	0	0	0	0	1	1	1		
c05764u0_objectTypesIdentityWithCallSignaturesDifferingParamCounts.ts	0	0	0	0	1	1	1		
c05765u0_objectTypesIdentityWithCallSignaturesDifferingParamCounts2.ts	0	0	0	0	1	1	1		
c05766u0_objectTypesIdentityWithCallSignaturesWithOverloads.ts	0	0	0	0	1	1	1		
c05767u0_objectTypesIdentityWithComplexConstraints.ts	0	0	0	0	1	1	1		
c05768u0_objectTypesIdentityWithConstructSignatures.ts	0	0	0	0	1	1	1		
c05769u0_objectTypesIdentityWithConstructSignatures2.ts	0	0	0	0	1	1	1		
c05770u0_objectTypesIdentityWithConstructSignaturesDifferingParamCounts.ts	0	0	0	0	1	1	1		
c05771u0_objectTypesIdentityWithGenericCallSignatures.ts	0	0	0	0	1	1	1		
c05772u0_objectTypesIdentityWithGenericCallSignatures2.ts	0	0	0	0	1	1	1		
c05773u0_objectTypesIdentityWithGenericCallSignaturesDifferingByConstraints.ts	0	0	0	0	1	1	1		
c05774u0_objectTypesIdentityWithGenericCallSignaturesDifferingByConstraints2.ts	0	0	0	0	1	1	1		
c05775u0_objectTypesIdentityWithGenericCallSignaturesDifferingByConstraints3.ts	0	0	0	0	1	1	1		
c05776u0_objectTypesIdentityWithGenericCallSignaturesDifferingByReturnType.ts	0	0	0	0	1	1	1		
c05777u0_objectTypesIdentityWithGenericCallSignaturesDifferingByReturnType2.ts	0	0	0	0	1	1	1		
c05778u0_objectTypesIdentityWithGenericCallSignaturesDifferingTypeParameterCounts.ts	0	0	0	0	1	1	1		
c05779u0_objectTypesIdentityWithGenericCallSignaturesDifferingTypeParameterCounts2.ts	0	0	0	0	1	1	1		
c05780u0_objectTypesIdentityWithGenericCallSignaturesDifferingTypeParameterNames.ts	0	0	0	0	1	1	1		
c05781u0_objectTypesIdentityWithGenericCallSignaturesOptionalParams.ts	0	0	0	0	1	1	1		
c05782u0_objectTypesIdentityWithGenericCallSignaturesOptionalParams2.ts	0	0	0	0	1	1	1		
c05783u0_objectTypesIdentityWithGenericCallSignaturesOptionalParams3.ts	0	0	0	0	1	1	1		
c05784u0_objectTypesIdentityWithGenericConstructSignaturesDifferingByConstraints.ts	0	0	0	0	1	1	1		
c05785u0_objectTypesIdentityWithGenericConstructSignaturesDifferingByConstraints2.ts	0	0	0	0	1	1	1		
c05786u0_objectTypesIdentityWithGenericConstructSignaturesDifferingByConstraints3.ts	0	0	0	0	1	1	1		
c05787u0_objectTypesIdentityWithGenericConstructSignaturesDifferingByReturnType.ts	0	0	0	0	1	1	1		
c05788u0_objectTypesIdentityWithGenericConstructSignaturesDifferingByReturnType2.ts	0	0	0	0	1	1	1		
c05789u0_objectTypesIdentityWithGenericConstructSignaturesDifferingTypeParameterCounts.ts	0	0	0	0	1	1	1		
c05790u0_objectTypesIdentityWithGenericConstructSignaturesDifferingTypeParameterNames.ts	0	0	0	0	1	1	1		
c05791u0_objectTypesIdentityWithGenericConstructSignaturesOptionalParams.ts	0	0	0	0	1	1	1		
c05792u0_objectTypesIdentityWithGenericConstructSignaturesOptionalParams2.ts	0	0	0	0	1	1	1		
c05793u0_objectTypesIdentityWithGenericConstructSignaturesOptionalParams3.ts	0	0	0	0	1	1	1		
c05794u0_objectTypesIdentityWithNumericIndexers1.ts	0	0	0	0	1	1	1		
c05795u0_objectTypesIdentityWithNumericIndexers2.ts	0	0	0	0	1	1	1		
c05796u0_objectTypesIdentityWithNumericIndexers3.ts	0	0	0	0	1	1	1		
c05797u0_objectTypesIdentityWithOptionality.ts	0	0	0	0	1	1	1		
c05798u0_objectTypesIdentityWithPrivates.ts	0	0	0	0	1	1	1		
c05799u0_objectTypesIdentityWithPrivates2.ts	0	0	0	0	1	1	1		
c05800u0_objectTypesIdentityWithPrivates3.ts	0	0	0	0	1	1	1		
c05801u0_objectTypesIdentityWithPublics.ts	0	0	0	0	1	1	1		
c05802u0_objectTypesIdentityWithStringIndexers.ts	0	0	0	0	1	1	1		
c05803u0_objectTypesIdentityWithStringIndexers2.ts	0	0	0	0	1	1	1		
c05804u0_primtiveTypesAreIdentical.ts	0	0	0	0	1	1	1		
c05805u0_typeParametersAreIdenticalToThemselves.ts	0	0	0	0	1	1	1		
c05806u0_unionTypeIdentity.ts	0	0	0	0	1	1	1		
c05807u0_bivariantInferences.ts	0	0	0	0	1	1	1		
c05808u0_contextualSignatureInstantiation.ts	0	0	0	0	1	1	1		
c05809u0_discriminatedUnionInference.ts	0	0	0	0	1	1	1		
c05810u0_genericCallToOverloadedMethodWithOverloadedArguments.ts	0	0	0	0	1	1	1		
c05811u0_genericCallTypeArgumentInference.ts	0	0	0	0	1	1	1		
c05812u0_genericCallWithArrayLiteralArgs.ts	0	0	0	0	1	1	1		
c05813u0_genericCallWithConstraintsTypeArgumentInference.ts	0	0	0	0	1	1	1		
c05814u0_genericCallWithConstraintsTypeArgumentInference2.ts	0	0	0	0	1	1	1		
c05815u0_genericCallWithConstructorTypedArguments5.ts	0	0	0	0	1	1	1		
c05816u0_genericCallWithFunctionTypedArguments.ts	0	0	0	0	1	1	1		
c05817u0_genericCallWithFunctionTypedArguments2.ts	0	0	0	0	1	1	1		
c05818u0_genericCallWithFunctionTypedArguments3.ts	0	0	0	0	1	1	1		
c05819u0_genericCallWithFunctionTypedArguments4.ts	0	0	0	0	1	1	1		
c05820u0_genericCallWithFunctionTypedArguments5.ts	0	0	0	0	1	1	1		
c05821u0_genericCallWithGenericSignatureArguments.ts	0	0	0	0	1	1	1		
c05822u0_genericCallWithGenericSignatureArguments2.ts	0	0	0	0	1	1	1		
c05823u0_genericCallWithGenericSignatureArguments3.ts	0	0	0	0	1	1	1		
c05824u0_genericCallWithNonSymmetricSubtypes.ts	0	0	0	0	1	1	1		
c05825u0_genericCallWithObjectLiteralArgs.ts	0	0	0	0	1	1	1		
c05826u0_genericCallWithObjectTypeArgs.ts	0	0	0	0	1	1	1		
c05827u0_genericCallWithObjectTypeArgs2.ts	0	0	0	0	1	1	1		
c05828u0_genericCallWithObjectTypeArgsAndConstraints.ts	0	0	0	0	1	1	1		
c05829u0_genericCallWithObjectTypeArgsAndConstraints2.ts	0	0	0	0	1	1	1		
c05830u0_genericCallWithObjectTypeArgsAndConstraints3.ts	0	0	0	0	1	1	1		
c05831u0_genericCallWithObjectTypeArgsAndConstraints4.ts	0	0	0	0	1	1	1		
c05832u0_genericCallWithObjectTypeArgsAndConstraints5.ts	0	0	0	0	1	1	1		
c05833u0_genericCallWithObjectTypeArgsAndIndexers.ts	0	0	0	0	1	1	1		
c05834u0_genericCallWithObjectTypeArgsAndIndexersErrors.ts	0	0	0	0	1	1	1		
c05835u0_genericCallWithObjectTypeArgsAndNumericIndexer.ts	0	0	0	0	1	1	1		
c05836u0_genericCallWithObjectTypeArgsAndStringIndexer.ts	0	0	0	0	1	1	1		
c05837u0_genericCallWithOverloadedConstructorTypedArguments.ts	0	0	0	0	1	1	1		
c05838u0_genericCallWithOverloadedConstructorTypedArguments2.ts	0	0	0	0	1	1	1		
c05839u0_genericCallWithOverloadedFunctionTypedArguments.ts	0	0	0	0	1	1	1		
c05840u0_genericCallWithOverloadedFunctionTypedArguments2.ts	0	0	0	0	1	1	1		
c05841u0_genericCallWithTupleType.ts	0	0	0	0	1	1	1		
c05842u0_genericClassWithFunctionTypedMemberArguments.ts	0	0	0	0	1	1	1		
c05843u0_genericClassWithObjectTypeArgsAndConstraints.ts	0	0	0	0	1	1	1		
c05844u0_genericContextualTypes1.ts	0	0	0	0	1	1	1		
c05845u0_genericContextualTypes2.ts	0	0	0	0	1	1	1		
c05846u0_genericContextualTypes3.ts	0	0	0	0	1	1	1		
c05847u0_genericFunctionParameters.ts	0	0	0	0	1	1	1		
c05848u0_indexSignatureTypeInference.ts	0	0	0	0	1	1	1		
c05849u0_intraExpressionInferences.ts	0	0	0	0	1	1	1		
c05850u0_intraExpressionInferencesJsx.tsx	0	0	0	0	1	1	1		
c05851u0_keyofInferenceIntersectsResults.ts	0	0	0	0	1	1	1		
c05852u0_keyofInferenceLowerPriorityThanReturn.ts	0	0	0	0	1	1	1		
c05853u0_noInfer.ts	0	0	0	0	1	1	1		
c05854u0_a.ts	0	0	0	0	1	1	1		
c05854u1_b.ts	0	0	0	0	1	1	1		
c05855u0_unionAndIntersectionInference1.ts	0	0	0	0	1	1	1		
c05856u0_unionAndIntersectionInference2.ts	0	0	0	0	1	1	1		
c05857u0_unionAndIntersectionInference3.ts	0	0	0	0	1	1	1		
c05858u0_unionTypeInference.ts	0	0	0	0	1	1	1		
c05859u0_arrayLiteralWidened.ts	0	0	0	0	1	1	1		
c05860u0_initializersWidened.ts	0	0	0	0	1	1	1		
c05861u0_objectLiteralWidened.ts	0	0	0	0	1	1	1		
c05862u0_strictNullChecksNoWidening.ts	0	0	0	0	1	1	1		
c05863u0_contextualTypeWithUnionTypeCallSignatures.ts	0	0	0	0	1	1	1		
c05864u0_contextualTypeWithUnionTypeIndexSignatures.ts	0	0	0	0	1	1	1		
c05865u0_contextualTypeWithUnionTypeMembers.ts	0	0	0	0	1	1	1		
c05866u0_contextualTypeWithUnionTypeObjectLiteral.ts	0	0	0	0	1	1	1		
c05867u0_discriminatedUnionTypes1.ts	0	0	0	0	1	1	1		
c05868u0_discriminatedUnionTypes2.ts	0	0	0	0	1	1	1		
c05869u0_discriminatedUnionTypes3.ts	0	0	0	0	1	1	1		
c05870u0_discriminatedUnionTypes4.ts	0	0	0	0	1	1	1		
c05871u0_unionTypeCallSignatures.ts	0	0	0	0	1	1	1		
c05872u0_unionTypeCallSignatures2.ts	0	0	0	0	1	1	1		
c05873u0_unionTypeCallSignatures3.ts	0	0	0	0	1	1	1		
c05874u0_unionTypeCallSignatures4.ts	0	0	0	0	1	1	1		
c05875u0_unionTypeCallSignatures5.ts	0	0	0	0	1	1	1		
c05876u0_unionTypeCallSignatures6.ts	0	0	0	0	1	1	1		
c05877u0_unionTypeCallSignatures7.ts	0	0	0	0	1	1	1		
c05878u0_unionTypeConstructSignatures.ts	0	0	0	0	1	1	1		
c05879u0_unionTypeEquivalence.ts	0	0	0	0	1	1	1		
c05880u0_unionTypeFromArrayLiteral.ts	0	0	0	0	1	1	1		
c05881u0_unionTypeIndexSignature.ts	0	0	0	0	1	1	1		
c05882u0_unionTypeMembers.ts	0	0	0	0	1	1	1		
c05883u0_unionTypePropertyAccessibility.ts	0	0	0	0	1	1	1		
c05884u0_unionTypeReadonly.ts	0	0	0	0	1	1	1		
c05885u0_unionTypeReduction.ts	0	0	0	0	1	1	1		
c05886u0_unionTypeReduction2.ts	0	0	0	0	1	1	1		
c05887u0_unionTypeWithIndexSignature.ts	0	0	0	0	1	1	1		
c05888u0_uniqueSymbols.ts	0	0	0	0	1	1	1		
c05889u0_uniqueSymbolsDeclarations.ts	0	0	0	0	1	1	1		
c05890u0_uniqueSymbolsDeclarationsErrors.ts	0	0	0	0	1	1	1		
c05893u0_uniqueSymbolsErrors.ts	0	0	0	0	1	1	1		
c05894u0_uniqueSymbolsPropertyNames.ts	0	0	0	0	1	1	1		
c05895u0_unknownControlFlow.ts	0	0	0	0	1	1	1		
c05896u0_unknownType1.ts	0	0	0	0	1	1	1		
c05897u0_unknownType2.ts	0	0	0	0	1	1	1		
c05898u0_witness.ts	0	0	0	0	1	1	1		
c05899u0_index.d.ts	0	0	0	0	1	1	1		
c05899u1_a.ts	0	0	0	0	1	1	1		
c05900u0_a.ts	0	0	0	0	1	1	1		
c05901u0_index.d.ts	0	0	0	0	1	1	1		
c05901u1_a.ts	0	0	0	0	1	1	1		
c05902u0_jquery.d.ts	0	0	0	0	1	1	1		
c05902u1_kquery.d.ts	0	0	0	0	1	1	1		
c05902u2_lquery.ts	0	0	0	0	1	1	1		
c05902u3_index.tsx	0	0	0	0	1	1	1		
c05902u4_a.ts	0	0	0	0	1	1	1		
c05903u0_index.d.ts	0	0	0	0	1	1	1		
c05903u1_index.d.ts	0	0	0	0	1	1	1		
c05903u2_foo.ts	0	0	0	0	1	1	1		
c05904u0_a.ts	0	0	0	0	1	1	1		
c05905u0_a.ts	0	0	0	0	1	1	1		
c05906u0_a.ts	0	0	0	0	1	1	1		
c05907u0_a.ts	0	0	0	0	1	1	1		
c05908u0_2dArrays.ts	0	0	0	0	1	1	1		
c05909u0_index.ts	0	0	0	0	1	1	1		
c05910u0_APISample_Watch.ts	1	0	0	0	1	1	1		
c05911u0_APISample_WatchWithDefaults.ts	0	0	0	0	1	1	1		
c05912u0_APISample_WatchWithOwnWatchHost.ts	0	0	0	0	1	1	1		
c05913u0_APISample_compile.ts	0	0	0	0	1	1	1		
c05914u0_APISample_jsdoc.ts	0	0	0	0	1	1	1		
c05915u0_APISample_linter.ts	0	0	0	0	1	1	1		
c05916u0_APISample_parseConfig.ts	0	0	0	0	1	1	1		
c05917u0_APISample_transform.ts	0	0	0	0	1	1	1		
c05918u0_APISample_watcher.ts	0	0	0	0	1	1	1		
c05919u0_ArrowFunctionExpression1.ts	0	0	0	0	1	1	1		
c05920u0_ClassDeclaration10.ts	0	0	0	0	1	1	1		
c05921u0_ClassDeclaration11.ts	0	0	0	0	1	1	1		
c05922u0_ClassDeclaration13.ts	0	0	0	0	1	1	1		
c05923u0_ClassDeclaration14.ts	0	0	0	0	1	1	1		
c05924u0_ClassDeclaration15.ts	0	0	0	0	1	1	1		
c05925u0_ClassDeclaration21.ts	0	0	0	0	1	1	1		
c05926u0_ClassDeclaration22.ts	0	0	0	0	1	1	1		
c05927u0_ClassDeclaration24.ts	0	0	0	0	1	1	1		
c05928u0_ClassDeclaration25.ts	0	0	0	0	1	1	1		
c05929u0_ClassDeclaration26.ts	0	0	5	5	1	1	1		
c05930u0_ClassDeclaration8.ts	0	0	0	0	1	1	1		
c05931u0_ClassDeclaration9.ts	0	0	0	0	1	1	1		
c05932u0_ClassDeclarationWithInvalidConstOnPropertyDeclaration.ts	0	0	0	0	1	1	1		
c05933u0_ClassDeclarationWithInvalidConstOnPropertyDeclaration2.ts	0	0	0	0	1	1	1		
c05934u0_DeclarationErrorsNoEmitOnError.ts	0	0	0	0	1	1	1		
c05935u0_ExportAssignment7.ts	0	0	0	0	1	1	1		
c05936u0_ExportAssignment8.ts	0	0	0	0	1	1	1		
c05937u0_FunctionDeclaration3.ts	0	0	0	0	1	1	1		
c05938u0_FunctionDeclaration4.ts	0	0	0	0	1	1	1		
c05939u0_FunctionDeclaration6.ts	0	0	0	0	1	1	1		
c05940u0_FunctionDeclaration7.ts	0	0	0	0	1	1	1		
c05941u0_InterfaceDeclaration8.ts	0	0	0	0	1	1	1		
c05942u0_MemberAccessorDeclaration15.ts	0	0	0	0	1	1	1		
c05943u0_ParameterList13.ts	0	0	0	0	1	1	1		
c05944u0_ParameterList4.ts	0	0	0	0	1	1	1		
c05945u0_ParameterList5.ts	0	0	0	0	1	1	1		
c05946u0_ParameterList6.ts	0	0	0	0	1	1	1		
c05947u0_ParameterList7.ts	0	0	0	0	1	1	1		
c05948u0_ParameterList8.ts	0	0	0	0	1	1	1		
c05949u0_SystemModuleForStatementNoInitializer.ts	0	0	0	0	1	1	1		
c05950u0_TransportStream.ts	0	0	4	4	1	1	1		
c05951u0_abstractClassInLocalScope.ts	0	0	0	0	1	1	1		
c05952u0_abstractClassInLocalScopeIsAbstract.ts	0	0	0	0	1	1	1		
c05953u0_abstractClassUnionInstantiation.ts	0	0	0	0	1	1	1		
c05954u0_abstractIdentifierNameStrict.ts	0	0	0	0	1	1	1		
c05955u0_abstractInterfaceIdentifierName.ts	0	0	0	0	1	1	1		
c05956u0_abstractPropertyBasics.ts	0	0	0	0	1	1	1		
c05957u0_abstractPropertyInConstructor.ts	0	0	0	0	1	1	1		
c05958u0_abstractPropertyNegative.ts	0	0	0	0	1	1	1		
c05959u0_acceptSymbolAsWeakType.ts	0	0	0	0	1	1	1		
c05960u0_acceptableAlias1.ts	0	0	0	0	1	1	1		
c05961u0_accessInstanceMemberFromStaticMethod01.ts	0	0	0	0	1	1	1		
c05962u0_accessOverriddenBaseClassMember1.ts	0	0	0	0	1	1	1		
c05963u0_accessStaticMemberFromInstanceMethod01.ts	0	0	0	0	1	1	1		
c05964u0_accessorAccidentalCallDiagnostic.ts	0	0	0	0	1	1	1		
c05965u0_accessorBodyInTypeContext.ts	0	0	0	0	1	1	1		
c05967u0_accessorDeclarationEmitVisibilityErrors.ts	0	0	0	0	1	1	1		
c05968u0_accessorDeclarationOrder.ts	0	0	0	0	1	1	1		
c05969u0_accessorInAmbientContextES5.ts	0	0	0	0	1	1	1		
c05970u0_accessorInferredReturnTypeErrorInReturnStatement.ts	0	0	0	0	1	1	1		
c05971u0_accessorParameterAccessibilityModifier.ts	0	0	0	0	1	1	1		
c05972u0_accessorWithInitializer.ts	0	0	0	0	1	1	1		
c05973u0_accessorWithLineTerminator.ts	0	0	0	0	1	1	1		
c05974u0_accessorWithRestParam.ts	0	0	0	0	1	1	1		
c05975u0_accessorWithoutBody1.ts	0	0	0	0	1	1	1		
c05976u0_accessorWithoutBody2.ts	0	0	0	0	1	1	1		
c05977u0_accessorsEmit.ts	0	0	0	0	1	1	1		
c05978u0_accessorsInAmbientContext.ts	0	0	0	0	1	1	1		
c05979u0_accessors_spec_section-4.5_error-cases.ts	0	0	0	0	1	1	1		
c05980u0_accessors_spec_section-4.5_inference.ts	0	0	0	0	1	1	1		
c05981u0_addMoreCallSignaturesToBaseSignature.ts	0	0	0	0	1	1	1		
c05982u0_addMoreCallSignaturesToBaseSignature2.ts	0	0	0	0	1	1	1		
c05983u0_addMoreOverloadsToBaseSignature.ts	0	0	0	0	1	1	1		
c05984u0_aliasAssignments_moduleA.ts	0	0	0	0	1	1	1		
c05984u1_aliasAssignments_1.ts	0	0	0	0	1	1	1		
c05985u0_aliasBug.ts	0	0	0	0	1	1	1		
c05986u0_demo.d.ts	0	0	0	0	1	1	1		
c05986u1_user.ts	0	0	0	0	1	1	1		
c05987u0_aliasErrors.ts	0	0	3	3	1	1	1		
c05988u0_aliasInaccessibleModule.ts	0	0	0	0	1	1	1		
c05989u0_aliasInaccessibleModule2.ts	0	0	0	0	1	1	1		
c05990u0_aliasInstantiationExpressionGenericIntersectionNoCrash1.ts	0	0	0	0	1	1	1		
c05991u0_aliasInstantiationExpressionGenericIntersectionNoCrash2.ts	0	0	0	0	1	1	1		
c05992u0_aliasOfGenericFunctionWithRestBehavedSameAsUnaliased.ts	0	0	0	0	1	1	1		
c05993u0_aliasOnMergedModuleInterface_0.ts	0	0	0	0	1	1	1		
c05993u1_aliasOnMergedModuleInterface_1.ts	0	0	0	0	1	1	1		
c05994u0_aliasUsage1_backbone.ts	0	0	0	0	1	1	1		
c05994u1_aliasUsage1_moduleA.ts	0	0	0	0	1	1	1		
c05994u2_aliasUsage1_main.ts	0	0	0	0	1	1	1		
c05995u0_aliasUsageInArray_backbone.ts	0	0	0	0	1	1	1		
c05995u1_aliasUsageInArray_moduleA.ts	0	0	0	0	1	1	1		
c05995u2_aliasUsageInArray_main.ts	0	0	0	0	1	1	1		
c05996u0_aliasUsageInFunctionExpression_backbone.ts	0	0	0	0	1	1	1		
c05996u1_aliasUsageInFunctionExpression_moduleA.ts	0	0	0	0	1	1	1		
c05996u2_aliasUsageInFunctionExpression_main.ts	0	0	0	0	1	1	1		
c05997u0_aliasUsageInGenericFunction_backbone.ts	0	0	0	0	1	1	1		
c05997u1_aliasUsageInGenericFunction_moduleA.ts	0	0	0	0	1	1	1		
c05997u2_aliasUsageInGenericFunction_main.ts	0	0	0	0	1	1	1		
c05998u0_aliasUsageInIndexerOfClass_backbone.ts	0	0	0	0	1	1	1		
c05998u1_aliasUsageInIndexerOfClass_moduleA.ts	0	0	0	0	1	1	1		
c05998u2_aliasUsageInIndexerOfClass_main.ts	0	0	0	0	1	1	1		
c05999u0_aliasUsageInObjectLiteral_backbone.ts	0	0	0	0	1	1	1		
c05999u1_aliasUsageInObjectLiteral_moduleA.ts	0	0	0	0	1	1	1		
c05999u2_aliasUsageInObjectLiteral_main.ts	0	0	0	0	1	1	1		
c06000u0_aliasUsageInOrExpression_backbone.ts	0	0	0	0	1	1	1		
c06000u1_aliasUsageInOrExpression_moduleA.ts	0	0	0	0	1	1	1		
c06000u2_aliasUsageInOrExpression_main.ts	0	0	0	0	1	1	1		
c06001u0_aliasUsageInTypeArgumentOfExtendsClause_backbone.ts	0	0	0	0	1	1	1		
c06001u1_aliasUsageInTypeArgumentOfExtendsClause_moduleA.ts	0	0	0	0	1	1	1		
c06001u2_aliasUsageInTypeArgumentOfExtendsClause_main.ts	0	0	0	0	1	1	1		
c06002u0_aliasUsageInVarAssignment_backbone.ts	0	0	0	0	1	1	1		
c06002u1_aliasUsageInVarAssignment_moduleA.ts	0	0	0	0	1	1	1		
c06002u2_aliasUsageInVarAssignment_main.ts	0	0	0	0	1	1	1		
c06003u0_aliasUsedAsNameValue_0.ts	0	0	0	0	1	1	1		
c06003u1_aliasUsedAsNameValue_1.ts	0	0	0	0	1	1	1		
c06003u2_aliasUsedAsNameValue_2.ts	0	0	0	0	1	1	1		
c06004u0_aliasWithInterfaceExportAssignmentUsedInVarInitializer_0.ts	0	0	0	0	1	1	1		
c06004u1_aliasWithInterfaceExportAssignmentUsedInVarInitializer_1.ts	0	0	0	0	1	1	1		
c06005u0_aliasesInSystemModule1.ts	0	0	0	0	1	1	1		
c06006u0_aliasesInSystemModule2.ts	0	0	0	0	1	1	1		
c06007u0_b.ts	0	0	0	0	1	1	1		
c06007u1_a.ts	0	0	0	0	1	1	1		
c06007u2_index.ts	0	0	0	0	1	1	1		
c06009u0_index.d.ts	0	0	0	0	1	1	1		
c06009u3_index.ts	0	0	0	0	1	1	1		
c06010u0_func.ts	0	0	0	0	1	1	1		
c06011u0_a.ts	0	0	0	0	1	1	1		
c06011u1_b.d.ts	0	0	0	0	1	1	1		
c06012u0_b.d.ts	0	0	0	0	1	1	1		
c06012u1_a.ts	0	0	0	0	1	1	1		
c06013u0_a.ts	0	0	0	0	1	1	1		
c06013u1_b.d.ts	0	0	0	0	1	1	1		
c06014u0_a.ts	0	0	0	0	1	1	1		
c06014u1_b.ts	0	0	0	0	1	1	1		
c06015u0_b.d.ts	0	0	0	0	1	1	1		
c06015u1_a.ts	0	0	0	0	1	1	1		
c06016u0_b.d.ts	0	0	0	0	1	1	1		
c06016u1_a.ts	0	0	0	0	1	1	1		
c06017u0_b.d.ts	0	0	0	0	1	1	1		
c06017u1_a.ts	0	0	0	0	1	1	1		
c06018u0_b.d.ts	0	0	0	0	1	1	1		
c06018u1_a.ts	0	0	0	0	1	1	1		
c06019u0_b.d.ts	0	0	0	0	1	1	1		
c06019u1_a.ts	0	0	0	0	1	1	1		
c06020u0_b.d.ts	0	0	0	0	1	1	1		
c06020u1_a.ts	0	0	0	0	1	1	1		
c06021u0_color.ts	0	0	0	0	1	1	1		
c06021u1_file1.ts	0	0	0	0	1	1	1		
c06021u2_file2.ts	0	0	0	0	1	1	1		
c06022u0_alwaysStrict.ts	0	0	0	0	1	1	1		
c06023u0_alwaysStrictAlreadyUseStrict.ts	0	0	0	0	1	1	1		
c06024u0_alwaysStrictES6.ts	0	0	0	0	1	1	1		
c06025u0_alwaysStrictModule.ts	0	0	0	0	1	1	1		
c06026u0_a.ts	0	0	0	0	1	1	1		
c06026u1_b.ts	0	0	0	0	1	1	1		
c06027u0_alwaysStrictModule3.ts	0	0	0	0	1	1	1		
c06028u0_alwaysStrictModule4.ts	0	0	0	0	1	1	1		
c06029u0_alwaysStrictModule5.ts	0	0	0	0	1	1	1		
c06030u0_alwaysStrictModule6.ts	0	0	0	0	1	1	1		
c06031u0_alwaysStrictNoImplicitUseStrict.ts	0	0	0	0	1	1	1		
c06032u0_ambientClassDeclarationExtends_singleFile.ts	0	0	0	0	1	1	1		
c06032u1_ambientClassDeclarationExtends_file1.ts	0	0	0	0	1	1	1		
c06032u2_ambientClassDeclarationExtends_file2.ts	0	0	0	0	1	1	1		
c06033u0_a.d.ts	0	0	0	0	1	1	1		
c06034u0_ambientClassMergesOverloadsWithInterface.ts	0	0	0	0	1	1	1		
c06035u0_ambientClassOverloadForFunction.ts	0	0	0	0	1	1	1		
c06036u0_ambientConstLiterals.ts	0	0	0	0	1	1	1		
c06037u0_ambientEnum1.ts	0	0	0	0	1	1	1		
c06038u0_ambientEnumElementInitializer1.ts	0	0	0	0	1	1	1		
c06039u0_ambientEnumElementInitializer2.ts	0	0	0	0	1	1	1		
c06040u0_ambientEnumElementInitializer3.ts	0	0	0	0	1	1	1		
c06041u0_ambientEnumElementInitializer4.ts	0	0	0	0	1	1	1		
c06042u0_ambientEnumElementInitializer5.ts	0	0	0	0	1	1	1		
c06043u0_ambientEnumElementInitializer6.ts	0	0	0	0	1	1	1		
c06044u0_ambientErrors1.ts	0	0	0	0	1	1	1		
c06045u0_foo.d.ts	0	0	0	0	1	1	1		
c06045u1_foo2.d.ts	0	0	0	0	1	1	1		
c06045u2_indirection.d.ts	0	0	0	0	1	1	1		
c06045u3_indirection2.d.ts	0	0	0	0	1	1	1		
c06045u4_consumer.ts	0	0	0	0	1	1	1		
c06046u0_ambientExternalModuleInAnotherExternalModule.ts	0	0	0	0	1	1	1		
c06047u0_ambientExternalModuleReopen.ts	0	0	0	0	1	1	1		
c06048u0_ambientExternalModuleWithInternalImportDeclaration_0.ts	0	0	0	0	1	1	1		
c06048u1_ambientExternalModuleWithInternalImportDeclaration_1.ts	0	0	0	0	1	1	1		
c06049u0_ambientExternalModuleWithRelativeExternalImportDeclaration.ts	0	0	0	0	1	1	1		
c06050u0_ambientExternalModuleWithRelativeModuleName.ts	0	0	0	0	1	1	1		
c06051u0_ambientExternalModuleWithoutInternalImportDeclaration_0.ts	0	0	0	0	1	1	1		
c06051u1_ambientExternalModuleWithoutInternalImportDeclaration_1.ts	0	0	0	0	1	1	1		
c06052u0_ambientFundule.ts	0	0	0	0	1	1	1		
c06053u0_ambientGetters.ts	0	0	0	0	1	1	1		
c06054u0_ambientModuleExports.ts	0	0	0	0	1	1	1		
c06055u0_ambientModuleWithClassDeclarationWithExtends.ts	0	0	0	0	1	1	1		
c06056u0_ambientModuleWithTemplateLiterals.ts	0	0	0	0	1	1	1		
c06057u0_ambientModules.ts	0	1	0	0	1	1	1		
c06058u0_ambientNameRestrictions.ts	0	0	0	0	1	1	1		
c06060u0_node.d.ts	0	0	0	0	1	1	1		
c06061u0_ambientStatement1.ts	0	0	0	0	1	1	1		
c06062u0_ambientWithStatements.ts	0	0	0	0	1	1	1		
c06063u0_ambiguousCallsWhereReturnTypesAgree.ts	0	0	0	0	1	1	1		
c06064u0_ambiguousGenericAssertion1.ts	0	0	4	4	1	1	1		
c06065u0_ambiguousOverload.ts	0	0	0	0	1	1	1		
c06066u0_ambiguousOverloadResolution.ts	0	0	0	0	1	1	1		
c06067u0_Class.ts	0	0	0	0	1	1	1		
c06067u1_Configurable.ts	0	0	0	0	1	1	1		
c06068u0_amdDependencyComment1.ts	0	0	0	0	1	1	1		
c06069u0_amdDependencyComment2.ts	0	0	0	0	1	1	1		
c06070u0_amdDependencyCommentName1.ts	0	0	0	0	1	1	1		
c06071u0_amdDependencyCommentName2.ts	0	0	0	0	1	1	1		
c06072u0_amdDependencyCommentName3.ts	0	0	0	0	1	1	1		
c06073u0_amdDependencyCommentName4.ts	0	0	0	0	1	1	1		
c06074u0_typing.d.ts	0	0	0	0	1	1	1		
c06074u1_BaseClass.d.ts	0	0	0	0	1	1	1		
c06075u0_file1.ts	0	0	0	0	1	1	1		
c06075u1_file2.ts	0	0	0	0	1	1	1		
c06076u0_cc.ts	0	0	0	0	1	1	1		
c06076u1_file.ts	0	0	0	0	1	1	1		
c06077u0_amdModuleName1.ts	0	0	0	0	1	1	1		
c06078u0_amdModuleName2.ts	0	0	1	0	1	1	1		
c06079u0_wrapClass.ts	0	0	0	0	1	1	1		
c06079u1_index.ts	0	0	0	0	1	1	1		
c06080u0_anonterface.ts	0	0	0	0	1	1	1		
c06081u0_anonymousClassDeclarationDoesntPrintWithReadonly.ts	0	0	0	0	1	1	1		
c06082u0_anonymousClassExpression1.ts	0	0	0	0	1	1	1		
c06083u0_anonymousClassExpression2.ts	0	0	0	0	1	1	1		
c06084u0_anonymousModules.ts	0	0	3	3	1	1	1		
c06085u0_anyAndUnknownHaveFalsyComponents.ts	0	0	0	0	1	1	1		
c06086u0_anyAsReturnTypeForNewOnCall.ts	0	0	0	0	1	1	1		
c06087u0_anyDeclare.ts	0	0	0	0	1	1	1		
c06088u0_anyIdenticalToItself.ts	0	0	0	0	1	1	1		
c06089u0_anyIndexedAccessArrayNoException.ts	0	0	0	0	1	1	1		
c06090u0_anyInferenceAnonymousFunctions.ts	0	0	0	0	1	1	1		
c06091u0_anyIsAssignableToObject.ts	0	0	0	0	1	1	1		
c06092u0_anyIsAssignableToVoid.ts	0	0	0	0	1	1	1		
c06093u0_anyMappedTypesError.ts	0	0	0	0	1	1	1		
c06094u0_anyPlusAny1.ts	0	0	0	0	1	1	1		
c06095u0_argsInScope.ts	0	0	0	0	1	1	1		
c06096u0_arguments.ts	0	0	0	0	1	1	1		
c06097u0_argumentsAsPropertyName.ts	0	0	0	0	1	1	1		
c06098u0_argumentsAsPropertyName2.ts	0	0	0	0	1	1	1		
c06099u0_argumentsBindsToFunctionScopeArgumentList.ts	0	0	0	0	1	1	1		
c06101u0_argumentsObjectIterator01_ES5.ts	0	0	0	0	1	1	1		
c06102u0_argumentsObjectIterator01_ES6.ts	0	0	0	0	1	1	1		
c06103u0_argumentsObjectIterator02_ES5.ts	0	0	0	0	1	1	1		
c06104u0_argumentsObjectIterator02_ES6.ts	0	0	0	0	1	1	1		
c06105u0_argumentsObjectIterator03_ES5.ts	0	0	0	0	1	1	1		
c06106u0_argumentsObjectIterator03_ES6.ts	0	0	0	0	1	1	1		
c06125u0_argumentsSpreadRestIterables.tsx	0	0	0	0	1	1	1		
c06126u0_argumentsUsedInClassFieldInitializerOrStaticInitializationBlock.ts	0	0	0	0	1	1	1		
c06127u0_argumentsUsedInObjectLiteralProperty.ts	0	0	0	0	1	1	1		
c06128u0_arithAssignTyping.ts	0	0	0	0	1	1	1		
c06129u0_arithmeticOnInvalidTypes.ts	0	0	0	0	1	1	1		
c06130u0_arithmeticOnInvalidTypes2.ts	0	0	0	0	1	1	1		
c06131u0_arityErrorRelatedSpanBindingPattern.ts	0	0	0	0	1	1	1		
c06132u0_arrayAssignmentTest1.ts	0	0	0	0	1	1	1		
c06133u0_arrayAssignmentTest2.ts	0	0	0	0	1	1	1		
c06134u0_arrayAssignmentTest3.ts	0	0	0	0	1	1	1		
c06135u0_arrayAssignmentTest4.ts	0	0	0	0	1	1	1		
c06136u0_arrayAssignmentTest5.ts	0	0	0	0	1	1	1		
c06137u0_arrayAssignmentTest6.ts	0	0	0	0	1	1	1		
c06138u0_arrayAugment.ts	0	0	0	0	1	1	1		
c06139u0_arrayBestCommonTypes.ts	0	0	0	0	1	1	1		
c06140u0_arrayBindingPatternOmittedExpressions.ts	0	0	0	0	1	1	1		
c06141u0_arrayBufferIsViewNarrowsType.ts	0	0	0	0	1	1	1		
c06142u0_arrayCast.ts	0	0	0	0	1	1	1		
c06143u0_arrayConcat2.ts	0	0	0	0	1	1	1		
c06144u0_arrayConcat3.ts	0	0	0	0	1	1	1		
c06145u0_arrayConcatMap.ts	0	0	0	0	1	1	1		
c06146u0_arrayConstructors1.ts	0	0	0	0	1	1	1		
c06147u0_arrayDestructuringInSwitch1.ts	0	0	0	0	1	1	1		
c06148u0_arrayDestructuringInSwitch2.ts	0	0	0	0	1	1	1		
c06149u0_arrayEvery.ts	0	0	0	0	1	1	1		
c06150u0_arrayFakeFlatNoCrashInferenceDeclarations.ts	0	0	0	0	1	1	1		
c06151u0_arrayFilter.ts	0	0	0	0	1	1	1		
c06152u0_arrayFind.ts	0	0	0	0	1	1	1		
c06153u0_arrayFlatMap.ts	0	0	0	0	1	1	1		
c06154u0_arrayFlatNoCrashInference.ts	0	0	0	0	1	1	1		
c06155u0_arrayFlatNoCrashInferenceDeclarations.ts	0	0	0	0	1	1	1		
c06156u0_arrayFrom.ts	0	0	0	0	1	1	1		
c06157u0_arrayFromAsync.ts	0	0	0	0	1	1	1		
c06158u0_arrayIndexWithArrayFails.ts	0	0	0	0	1	1	1		
c06159u0_arrayIterationLibES5TargetDifferent.ts	0	0	0	0	1	1	1		
c06160u0_arrayLiteral1.ts	0	0	0	0	1	1	1		
c06161u0_arrayLiteral2.ts	0	0	0	0	1	1	1		
c06162u0_arrayLiteralAndArrayConstructorEquivalence1.ts	0	0	0	0	1	1	1		
c06163u0_arrayLiteralComments.ts	0	0	0	0	1	1	1		
c06164u0_arrayLiteralContextualType.ts	0	0	0	0	1	1	1		
c06165u0_arrayLiteralInNonVarArgParameter.ts	0	0	0	0	1	1	1		
c06166u0_arrayLiteralTypeInference.ts	0	0	0	0	1	1	1		
c06167u0_arrayOfExportedClass_0.ts	0	0	0	0	1	1	1		
c06167u1_arrayOfExportedClass_1.ts	0	0	0	0	1	1	1		
c06168u0_arrayOfSubtypeIsAssignableToReadonlyArray.ts	0	0	0	0	1	1	1		
c06169u0_arrayReferenceWithoutTypeArgs.ts	0	0	0	0	1	1	1		
c06170u0_arraySigChecking.ts	0	0	0	0	1	1	1		
c06171u0_arraySlice.ts	0	0	0	0	1	1	1		
c06172u0_arrayToLocaleStringES2015.ts	0	0	0	0	1	1	1		
c06173u0_arrayToLocaleStringES2020.ts	0	0	0	0	1	1	1		
c06174u0_arrayToLocaleStringES5.ts	0	0	0	0	1	1	1		
c06175u0_arrayTypeInSignatureOfInterfaceAndClass.ts	0	0	0	0	1	1	1		
c06176u0_arrayconcat.ts	0	0	0	0	1	1	1		
c06179u0_arrowFunctionErrorSpan.ts	0	0	0	0	1	1	1		
c06180u0_arrowFunctionInConstructorArgument1.ts	0	0	0	0	1	1	1		
c06181u0_arrowFunctionInExpressionStatement1.ts	0	0	0	0	1	1	1		
c06182u0_arrowFunctionInExpressionStatement2.ts	0	0	0	0	1	1	1		
c06184u0_arrowFunctionMissingCurlyWithSemicolon.ts	0	0	1	1	1	1	1		
c06185u0_arrowFunctionParsingDoesNotConfuseParenthesizedObjectForArrowHead.ts	0	0	0	0	1	1	1		
c06186u0_arrowFunctionParsingGenericInObject.ts	0	0	0	0	1	1	1		
c06187u0_arrowFunctionWithObjectLiteralBody1.ts	0	0	0	0	1	1	1		
c06188u0_arrowFunctionWithObjectLiteralBody2.ts	0	0	0	0	1	1	1		
c06189u0_arrowFunctionWithObjectLiteralBody3.ts	0	0	0	0	1	1	1		
c06190u0_arrowFunctionWithObjectLiteralBody4.ts	0	0	0	0	1	1	1		
c06191u0_arrowFunctionWithObjectLiteralBody5.ts	0	0	0	0	1	1	1		
c06192u0_arrowFunctionWithObjectLiteralBody6.ts	0	0	0	0	1	1	1		
c06193u0_arrowFunctionsMissingTokens.ts	0	0	23	23	1	1	1		
c06194u0_asiAbstract.ts	0	0	0	0	1	1	1		
c06195u0_asiAmbientFunctionDeclaration.ts	0	0	0	0	1	1	1		
c06196u0_asiArith.ts	0	0	0	0	1	1	1		
c06197u0_asiBreak.ts	0	0	0	0	1	1	1		
c06198u0_asiContinue.ts	0	0	0	0	1	1	1		
c06199u0_asiInES6Classes.ts	0	0	0	0	1	1	1		
c06200u0_asiPublicPrivateProtected.ts	0	0	0	0	1	1	1		
c06201u0_asiReturn.ts	0	0	0	0	1	1	1		
c06202u0_assertInWrapSomeTypeParameter.ts	0	0	1	1	1	1	1		
c06203u0_ts.ts	0	0	0	0	1	1	1		
c06203u1_debug.ts	0	0	0	0	1	1	1		
c06203u2_foo.ts	0	0	0	0	1	1	1		
c06203u3_ts.ts	0	0	0	0	1	1	1		
c06203u4_bar.ts	0	0	0	0	1	1	1		
c06204u0_asserts.ts	0	0	0	0	1	1	1		
c06204u1_test.ts	0	0	0	0	1	1	1		
c06205u0_assertionFunctionsCanNarrowByDiscriminant.ts	0	0	0	0	1	1	1		
c06206u0_assign1.ts	0	0	0	0	1	1	1		
c06207u0_assignLambdaToNominalSubtypeOfFunction.ts	0	0	0	0	1	1	1		
c06208u0_assignToEnum.ts	0	0	0	0	1	1	1		
c06209u0_assignToExistingClass.ts	0	0	0	0	1	1	1		
c06210u0_assignToFn.ts	0	0	0	0	1	1	1		
c06211u0_assignToInvalidLHS.ts	0	0	0	0	1	1	1		
c06212u0_assignToModule.ts	0	0	0	0	1	1	1		
c06213u0_assignToObjectTypeWithPrototypeProperty.ts	0	0	0	0	1	1	1		
c06214u0_assignToPrototype1.ts	0	0	0	0	1	1	1		
c06215u0_assigningFromObjectToAnythingElse.ts	0	0	0	0	1	1	1		
c06216u0_assigningFunctionToTupleIssuesError.ts	0	0	0	0	1	1	1		
c06217u0_assignmentCompat1.ts	0	0	0	0	1	1	1		
c06218u0_assignmentCompatBug2.ts	0	0	0	0	1	1	1		
c06219u0_assignmentCompatBug3.ts	0	0	0	0	1	1	1		
c06220u0_assignmentCompatBug5.ts	0	0	0	0	1	1	1		
c06221u0_assignmentCompatForEnums.ts	0	0	0	0	1	1	1		
c06222u0_assignmentCompatFunctionsWithOptionalArgs.ts	0	0	0	0	1	1	1		
c06223u0_assignmentCompatInterfaceWithStringIndexSignature.ts	0	0	0	0	1	1	1		
c06224u0_assignmentCompatOnNew.ts	0	0	0	0	1	1	1		
c06225u0_assignmentCompatWithOverloads.ts	0	0	0	0	1	1	1		
c06226u0_assignmentCompatability1.ts	0	0	0	0	1	1	1		
c06227u0_assignmentCompatability10.ts	0	0	0	0	1	1	1		
c06228u0_assignmentCompatability11.ts	0	0	0	0	1	1	1		
c06229u0_assignmentCompatability12.ts	0	0	0	0	1	1	1		
c06230u0_assignmentCompatability13.ts	0	0	0	0	1	1	1		
c06231u0_assignmentCompatability14.ts	0	0	0	0	1	1	1		
c06232u0_assignmentCompatability15.ts	0	0	0	0	1	1	1		
c06233u0_assignmentCompatability16.ts	0	0	0	0	1	1	1		
c06234u0_assignmentCompatability17.ts	0	0	0	0	1	1	1		
c06235u0_assignmentCompatability18.ts	0	0	0	0	1	1	1		
c06236u0_assignmentCompatability19.ts	0	0	0	0	1	1	1		
c06237u0_assignmentCompatability2.ts	0	0	0	0	1	1	1		
c06238u0_assignmentCompatability20.ts	0	0	0	0	1	1	1		
c06239u0_assignmentCompatability21.ts	0	0	0	0	1	1	1		
c06240u0_assignmentCompatability22.ts	0	0	0	0	1	1	1		
c06241u0_assignmentCompatability23.ts	0	0	0	0	1	1	1		
c06242u0_assignmentCompatability24.ts	0	0	0	0	1	1	1		
c06243u0_assignmentCompatability25.ts	0	0	0	0	1	1	1		
c06244u0_assignmentCompatability26.ts	0	0	0	0	1	1	1		
c06245u0_assignmentCompatability27.ts	0	0	0	0	1	1	1		
c06246u0_assignmentCompatability28.ts	0	0	0	0	1	1	1		
c06247u0_assignmentCompatability29.ts	0	0	0	0	1	1	1		
c06248u0_assignmentCompatability3.ts	0	0	0	0	1	1	1		
c06249u0_assignmentCompatability30.ts	0	0	0	0	1	1	1		
c06250u0_assignmentCompatability31.ts	0	0	0	0	1	1	1		
c06251u0_assignmentCompatability32.ts	0	0	0	0	1	1	1		
c06252u0_assignmentCompatability33.ts	0	0	0	0	1	1	1		
c06253u0_assignmentCompatability34.ts	0	0	0	0	1	1	1		
c06254u0_assignmentCompatability35.ts	0	0	0	0	1	1	1		
c06255u0_assignmentCompatability36.ts	0	0	0	0	1	1	1		
c06256u0_assignmentCompatability37.ts	0	0	0	0	1	1	1		
c06257u0_assignmentCompatability38.ts	0	0	0	0	1	1	1		
c06258u0_assignmentCompatability39.ts	0	0	0	0	1	1	1		
c06259u0_assignmentCompatability4.ts	0	0	0	0	1	1	1		
c06260u0_assignmentCompatability40.ts	0	0	0	0	1	1	1		
c06261u0_assignmentCompatability41.ts	0	0	0	0	1	1	1		
c06262u0_assignmentCompatability42.ts	0	0	0	0	1	1	1		
c06263u0_assignmentCompatability43.ts	0	0	0	0	1	1	1		
c06264u0_assignmentCompatability44.ts	0	0	0	0	1	1	1		
c06265u0_assignmentCompatability45.ts	0	0	0	0	1	1	1		
c06266u0_assignmentCompatability46.ts	0	0	0	0	1	1	1		
c06267u0_assignmentCompatability5.ts	0	0	0	0	1	1	1		
c06268u0_assignmentCompatability6.ts	0	0	0	0	1	1	1		
c06269u0_assignmentCompatability7.ts	0	0	0	0	1	1	1		
c06270u0_assignmentCompatability8.ts	0	0	0	0	1	1	1		
c06271u0_assignmentCompatability9.ts	0	0	0	0	1	1	1		
c06272u0_assignmentCompatability_checking-apply-member-off-of-function-interface.ts	0	0	0	0	1	1	1		
c06273u0_assignmentCompatability_checking-call-member-off-of-function-interface.ts	0	0	0	0	1	1	1		
c06274u0_assignmentCompatibilityForConstrainedTypeParameters.ts	0	0	0	0	1	1	1		
c06275u0_assignmentIndexedToPrimitives.ts	0	0	0	0	1	1	1		
c06276u0_assignmentNestedInLiterals.ts	0	0	0	0	1	1	1		
c06277u0_assignmentNonObjectTypeConstraints.ts	0	0	0	0	1	1	1		
c06278u0_assignmentRestElementWithErrorSourceType.ts	0	0	0	0	1	1	1		
c06279u0_assignmentStricterConstraints.ts	0	0	0	0	1	1	1		
c06280u0_assignmentToAnyArrayRestParameters.ts	0	0	0	0	1	1	1		
c06281u0_assignmentToConditionalBrandedStringTemplateOrMapping.ts	0	0	0	0	1	1	1		
c06282u0_assignmentToExpandingArrayType.ts	0	0	0	0	1	1	1		
c06283u0_assignmentToFunction.ts	0	0	0	0	1	1	1		
c06284u0_assignmentToInstantiationExpression.ts	0	0	0	0	1	1	1		
c06285u0_assignmentToObject.ts	0	0	0	0	1	1	1		
c06286u0_assignmentToObjectAndFunction.ts	0	0	0	0	1	1	1		
c06287u0_assignmentToParenthesizedExpression1.ts	0	0	0	0	1	1	1		
c06288u0_assignmentToReferenceTypes.ts	0	0	0	0	1	1	1		
c06289u0_asyncArrowInClassES5.ts	0	0	0	0	1	1	1		
c06290u0_asyncAwaitWithCapturedBlockScopeVar.ts	0	0	0	0	1	1	1		
c06291u0_asyncFunctionContextuallyTypedReturns.ts	0	0	0	0	1	1	1		
c06292u0_asyncFunctionNoReturnType.ts	0	0	0	0	1	1	1		
c06293u0_asyncFunctionReturnExpressionErrorSpans.ts	0	0	0	0	1	1	1		
c06294u0_asyncFunctionReturnType.2.ts	0	0	0	0	1	1	1		
c06295u0_asyncFunctionReturnType.ts	0	0	0	0	1	1	1		
c06296u0_asyncFunctionTempVariableScoping.ts	0	0	0	0	1	1	1		
c06297u0_asyncFunctionWithForStatementNoInitializer.ts	0	0	0	0	1	1	1		
c06298u0_a.ts	0	0	0	0	1	1	1		
c06298u1_b.ts	0	0	0	0	1	1	1		
c06299u0_asyncFunctionsAndStrictNullChecks.ts	0	1	0	0	1	1	1		
c06300u0_asyncIIFE.ts	0	0	0	0	1	1	1		
c06301u0_asyncImportNestedYield.ts	0	0	0	0	1	1	1		
c06302u0_asyncIteratorExtraParameters.ts	0	0	0	0	1	1	1		
c06303u0_asyncYieldStarContextualType.ts	0	0	0	0	1	1	1		
c06304u0_augmentArray.ts	0	0	0	0	1	1	1		
c06305u0_file1.ts	0	0	0	0	1	1	1		
c06305u1_file2.ts	0	0	0	0	1	1	1		
c06305u2_file3.ts	0	0	0	0	1	1	1		
c06306u0_file1.d.ts	0	0	0	0	1	1	1		
c06306u1_file2.ts	0	0	0	0	1	1	1		
c06306u2_file3.ts	0	0	0	0	1	1	1		
c06307u0_file1.ts	0	0	0	0	1	1	1		
c06307u1_file2.ts	0	0	0	0	1	1	1		
c06307u2_file3.ts	0	0	0	0	1	1	1		
c06307u3_file3.ts	0	0	0	0	1	1	1		
c06308u0_file1.d.ts	0	0	0	0	1	1	1		
c06308u1_file2.ts	0	0	0	0	1	1	1		
c06308u2_file3.ts	0	0	0	0	1	1	1		
c06309u0_file1.ts	0	0	0	0	1	1	1		
c06309u1_file2.ts	0	0	0	0	1	1	1		
c06309u2_file3.ts	0	0	0	0	1	1	1		
c06310u0_file1.d.ts	0	0	0	0	1	1	1		
c06310u1_file2.ts	0	0	0	0	1	1	1		
c06310u2_file3.ts	0	0	0	0	1	1	1		
c06311u0_file1.ts	0	0	0	0	1	1	1		
c06311u1_file2.ts	0	0	0	0	1	1	1		
c06311u2_file3.ts	0	0	0	0	1	1	1		
c06312u0_file1.d.ts	0	0	0	0	1	1	1		
c06312u1_file2.ts	0	0	0	0	1	1	1		
c06312u2_file3.ts	0	0	0	0	1	1	1		
c06313u0_express.d.ts	0	0	0	0	1	1	1		
c06313u1_augmentation.ts	0	0	0	0	1	1	1		
c06313u2_consumer.ts	0	0	0	0	1	1	1		
c06314u0_file1.ts	0	0	0	0	1	1	1		
c06314u1_file2.ts	0	0	0	0	1	1	1		
c06314u2_file3.ts	0	0	0	0	1	1	1		
c06315u0_file1.d.ts	0	0	0	0	1	1	1		
c06315u1_file2.ts	0	0	0	0	1	1	1		
c06315u2_file3.ts	0	0	0	0	1	1	1		
c06316u0_index.d.ts	0	0	0	0	1	1	1		
c06316u1_index.d.ts	0	0	0	0	1	1	1		
c06317u0_augmentedClassWithPrototypePropertyOnModule.ts	0	0	0	0	1	1	1		
c06318u0_augmentedTypeBracketNamedPropertyAccess.ts	0	0	0	0	1	1	1		
c06319u0_augmentedTypesClass.ts	0	0	0	0	1	1	1		
c06320u0_augmentedTypesClass2.ts	0	0	0	0	1	1	1		
c06321u0_augmentedTypesClass2a.ts	0	0	0	0	1	1	1		
c06322u0_augmentedTypesClass3.ts	0	0	0	0	1	1	1		
c06323u0_augmentedTypesClass4.ts	0	0	0	0	1	1	1		
c06324u0_augmentedTypesEnum.ts	0	0	0	0	1	1	1		
c06325u0_augmentedTypesEnum2.ts	0	0	0	0	1	1	1		
c06326u0_augmentedTypesEnum3.ts	0	0	0	0	1	1	1		
c06327u0_augmentedTypesExternalModule1.ts	0	0	0	0	1	1	1		
c06328u0_augmentedTypesFunction.ts	0	0	0	0	1	1	1		
c06329u0_augmentedTypesInterface.ts	0	0	0	0	1	1	1		
c06330u0_augmentedTypesModules.ts	0	0	0	0	1	1	1		
c06331u0_augmentedTypesModules2.ts	0	0	0	0	1	1	1		
c06332u0_augmentedTypesModules3.ts	0	0	0	0	1	1	1		
c06333u0_augmentedTypesModules3b.ts	0	0	0	0	1	1	1		
c06334u0_augmentedTypesModules4.ts	0	0	0	0	1	1	1		
c06335u0_augmentedTypesVar.ts	0	0	0	0	1	1	1		
c06336u0_autoAsiForStaticsInClassDeclaration.ts	0	0	0	0	1	1	1		
c06337u0_autoLift2.ts	0	0	2	2	1	1	1		
c06338u0_autoTypeAssignedUsingDestructuringFromNeverNoCrash.ts	0	0	0	0	1	1	1		
c06339u0_autolift3.ts	0	0	0	0	1	1	1		
c06340u0_autolift4.ts	0	0	0	0	1	1	1		
c06341u0_autonumberingInEnums.ts	0	0	0	0	1	1	1		
c06342u0_avoid.ts	0	0	0	0	1	1	1		
c06343u0_avoidCycleWithVoidExpressionReturnedFromArrow.ts	0	0	0	0	1	1	1		
c06344u0_avoidListingPropertiesForTypesWithOnlyCallOrConstructSignatures.ts	0	0	0	0	1	1	1		
c06345u0_avoidNarrowingUsingConstVariableFromBindingElementWithLiteralInitializer.ts	0	0	0	0	1	1	1		
c06346u0_awaitCallExpressionInSyncFunction.ts	0	0	0	0	1	1	1		
c06347u0_awaitExpressionInnerCommentEmit.ts	0	0	0	0	1	1	1		
c06348u0_awaitInClassInAsyncFunction.ts	0	0	0	0	1	1	1		
c06349u0_awaitInNonAsyncFunction.ts	0	0	0	0	1	1	1		
c06350u0_awaitLiteralValues.ts	0	0	0	0	1	1	1		
c06351u0_awaitUnionPromise.ts	0	0	0	0	1	1	1		
c06352u0_awaitedType.ts	0	0	0	0	1	1	1		
c06353u0_awaitedTypeCrash.ts	0	0	0	0	1	1	1		
c06354u0_awaitedTypeJQuery.ts	0	0	0	0	1	1	1		
c06355u0_awaitedTypeNoLib.ts	0	0	0	0	1	1	1		
c06356u0_awaitedTypeStrictNull.ts	0	0	0	0	1	1	1		
c06357u0_badArrayIndex.ts	0	0	1	1	1	1	1		
c06358u0_badArraySyntax.ts	0	0	6	6	1	1	1		
c06359u0_badExternalModuleReference.ts	0	0	0	0	1	1	1		
c06360u0_badInferenceLowerPriorityThanGoodInference.ts	0	0	0	0	1	1	1		
c06361u0_badOverloadError.ts	0	0	0	0	1	1	1		
c06362u0_badThisBinding.ts	0	0	0	0	1	1	1		
c06363u0_a.d.ts	0	0	0	0	1	1	1		
c06363u1_a.ts	0	0	0	0	1	1	1		
c06364u0_baseCheck.ts	0	0	0	0	1	1	1		
c06365u0_baseClassImprovedMismatchErrors.ts	0	0	0	0	1	1	1		
c06366u0_baseConstraintOfDecorator.ts	0	0	0	0	1	1	1		
c06367u0_baseExpressionTypeParameters.ts	0	0	0	0	1	1	1		
c06368u0_baseIndexSignatureResolution.ts	0	0	0	0	1	1	1		
c06369u0_baseTypeAfterDerivedType.ts	0	0	0	0	1	1	1		
c06370u0_baseTypeOrderChecking.ts	0	0	0	0	1	1	1		
c06371u0_baseTypePrivateMemberClash.ts	0	0	0	0	1	1	1		
c06372u0_baseTypeWrappingInstantiationChain.ts	0	0	0	0	1	1	1		
c06373u0_bases.ts	0	0	2	2	1	1	1		
c06374u0_bestChoiceType.ts	0	0	0	0	1	1	1		
c06375u0_bestCommonTypeReturnStatement.ts	0	0	0	0	1	1	1		
c06376u0_bestCommonTypeWithContextualTyping.ts	0	0	0	0	1	1	1		
c06377u0_bestCommonTypeWithOptionalProperties.ts	0	0	0	0	1	1	1		
c06378u0_betterErrorForAccidentalCall.ts	0	0	0	0	1	1	1		
c06379u0_betterErrorForUnionCall.ts	0	0	0	0	1	1	1		
c06380u0_bigIntWithTargetES2016.ts	0	0	0	0	1	1	1		
c06381u0_bigIntWithTargetLessThanES2016.ts	0	0	0	0	1	1	1		
c06382u0_bigint64ArraySubarray.ts	0	0	0	0	1	1	1		
c06383u0_ambient.d.ts	0	0	0	0	1	1	1		
c06383u1_main.ts	0	0	0	0	1	1	1		
c06384u0_foo.ts	0	0	0	0	1	1	1		
c06384u1_correctUse.ts	0	0	0	0	1	1	1		
c06384u2_badImport.ts	0	0	3	3	1	1	1		
c06384u3_badImport2.ts	0	0	3	3	1	1	1		
c06384u4_badExport.ts	0	0	2	2	1	1	1		
c06384u5_badExport2.ts	0	0	2	2	1	1	1		
c06385u0_a.ts	0	0	0	0	1	1	1		
c06386u0_a.ts	0	0	0	0	1	1	1		
c06386u1_g.ts	0	0	2	2	1	1	1		
c06386u2_q.ts	0	0	0	0	1	1	1		
c06387u0_bigintWithLib.ts	0	0	0	0	1	1	1		
c06388u0_bigintWithoutLib.ts	0	0	0	0	1	1	1		
c06389u0_binaryArithmatic1.ts	0	0	0	0	1	1	1		
c06390u0_binaryArithmatic2.ts	0	0	0	0	1	1	1		
c06391u0_binaryArithmatic3.ts	0	0	0	0	1	1	1		
c06392u0_binaryArithmatic4.ts	0	0	0	0	1	1	1		
c06393u0_binaryArithmeticControlFlowGraphNotTooLarge.ts	0	0	0	0	1	1	1		
c06394u0_bind1.ts	0	0	0	0	1	1	1		
c06395u0_bind2.ts	0	0	0	0	1	1	1		
c06396u0_binderBinaryExpressionStress.ts	0	0	0	0	1	1	1		
c06398u0_bindingPatternCannotBeOnlyInferenceSource.ts	0	0	0	0	1	1	1		
c06399u0_bindingPatternContextualTypeDoesNotCauseWidening.ts	0	0	0	0	1	1	1		
c06400u0_bindingPatternInParameter01.ts	0	0	0	0	1	1	1		
c06401u0_bindingPatternOmittedExpressionNesting.ts	0	0	0	0	1	1	1		
c06402u0_binopAssignmentShouldHaveType.ts	0	0	0	0	1	1	1		
c06403u0_bitwiseCompoundAssignmentOperators.ts	0	0	0	0	1	1	1		
c06404u0_blockScopedBindingCaptureThisInFunction.ts	0	0	0	0	1	1	1		
c06405u0_blockScopedBindingUsedBeforeDef.ts	0	0	0	0	1	1	1		
c06406u0_blockScopedBindingsInDownlevelGenerator.ts	0	0	0	0	1	1	1		
c06407u0_blockScopedBindingsReassignedInLoop1.ts	0	0	0	0	1	1	1		
c06408u0_blockScopedBindingsReassignedInLoop2.ts	0	0	0	0	1	1	1		
c06409u0_blockScopedBindingsReassignedInLoop3.ts	0	0	0	0	1	1	1		
c06410u0_blockScopedBindingsReassignedInLoop4.ts	0	0	0	0	1	1	1		
c06411u0_blockScopedBindingsReassignedInLoop5.ts	0	0	0	0	1	1	1		
c06412u0_blockScopedBindingsReassignedInLoop6.ts	0	0	0	0	1	1	1		
c06413u0_c.ts	0	0	0	0	1	1	1		
c06413u1_b.ts	0	0	0	0	1	1	1		
c06414u0_blockScopedEnumVariablesUseBeforeDef.ts	0	0	0	0	1	1	1		
c06415u0_blockScopedEnumVariablesUseBeforeDef_isolatedModules.ts	0	0	0	0	1	1	1		
c06416u0_blockScopedEnumVariablesUseBeforeDef_preserve.ts	0	0	0	0	1	1	1		
c06417u0_blockScopedEnumVariablesUseBeforeDef_verbatimModuleSyntax.ts	0	0	0	0	1	1	1		
c06418u0_blockScopedFunctionDeclarationES5.ts	0	0	0	0	1	1	1		
c06419u0_blockScopedFunctionDeclarationES6.ts	0	0	0	0	1	1	1		
c06420u0_blockScopedFunctionDeclarationInStrictClass.ts	0	0	0	0	1	1	1		
c06421u0_blockScopedFunctionDeclarationInStrictModule.ts	0	0	0	0	1	1	1		
c06422u0_blockScopedFunctionDeclarationStrictES5.ts	0	0	0	0	1	1	1		
c06423u0_blockScopedFunctionDeclarationStrictES6.ts	0	0	0	0	1	1	1		
c06424u0_test.ts	0	0	0	0	1	1	1		
c06424u1_typings.d.ts	0	0	0	0	1	1	1		
c06425u0_blockScopedSameNameFunctionDeclarationES5.ts	0	0	0	0	1	1	1		
c06426u0_blockScopedSameNameFunctionDeclarationES6.ts	0	0	0	0	1	1	1		
c06427u0_blockScopedSameNameFunctionDeclarationStrictES5.ts	0	0	0	0	1	1	1		
c06428u0_blockScopedSameNameFunctionDeclarationStrictES6.ts	0	0	0	0	1	1	1		
c06429u0_blockScopedVariablesUseBeforeDef.ts	0	0	0	0	1	1	1		
c06430u0_bluebirdStaticThis.ts	0	0	0	0	1	1	1		
c06431u0_bom-utf16be.ts	0	0	0	0	1	1	1		
c06432u0_bom-utf16le.ts	0	0	0	0	1	1	1		
c06433u0_bom-utf8.ts	0	0	0	0	1	1	1		
c06434u0_booleanAssignment.ts	0	0	0	0	1	1	1		
c06435u0_booleanFilterAnyArray.ts	0	0	0	0	1	1	1		
c06436u0_booleanLiteralsContextuallyTypedFromUnion.tsx	0	0	0	0	1	1	1		
c06437u0_breakInIterationOrSwitchStatement1.ts	0	0	0	0	1	1	1		
c06438u0_breakInIterationOrSwitchStatement2.ts	0	0	0	0	1	1	1		
c06439u0_breakInIterationOrSwitchStatement3.ts	0	0	0	0	1	1	1		
c06440u0_breakInIterationOrSwitchStatement4.ts	0	0	0	0	1	1	1		
c06441u0_breakNotInIterationOrSwitchStatement1.ts	0	0	0	0	1	1	1		
c06442u0_breakNotInIterationOrSwitchStatement2.ts	0	0	0	0	1	1	1		
c06443u0_breakTarget1.ts	0	0	0	0	1	1	1		
c06444u0_breakTarget2.ts	0	0	0	0	1	1	1		
c06445u0_breakTarget3.ts	0	0	0	0	1	1	1		
c06446u0_breakTarget4.ts	0	0	0	0	1	1	1		
c06447u0_breakTarget5.ts	0	0	0	0	1	1	1		
c06448u0_breakTarget6.ts	0	0	0	0	1	1	1		
c06449u0_builtinIterator.ts	0	0	0	0	1	1	1		
c06450u0_index.ts	0	0	0	0	1	1	1		
c06450u1_base.ts	0	0	0	0	1	1	1		
c06450u2_derived.ts	0	0	0	0	1	1	1		
c06450u3_index.ts	0	0	0	0	1	1	1		
c06450u4_shared.ts	0	0	0	0	1	1	1		
c06451u0_app.ts	0	0	0	0	1	1	1		
c06451u1_lib1.ts	0	0	0	0	1	1	1		
c06451u2_lib2.ts	0	0	0	0	1	1	1		
c06452u0_cachedContextualTypes.ts	0	0	0	0	1	1	1		
c06453u0_foo.d.ts	0	0	0	0	1	1	1		
c06453u1_app.ts	0	0	0	0	1	1	1		
c06453u2_lib.ts	0	0	0	0	1	1	1		
c06454u0_foo.d.ts	0	0	0	0	1	1	1		
c06454u1_lib.ts	0	0	0	0	1	1	1		
c06454u2_app.ts	0	0	0	0	1	1	1		
c06455u0_foo.d.ts	0	0	0	0	1	1	1		
c06455u1_app.ts	0	0	0	0	1	1	1		
c06455u2_lib.ts	0	0	0	0	1	1	1		
c06456u0_foo.d.ts	0	0	0	0	1	1	1		
c06456u1_lib.ts	0	0	0	0	1	1	1		
c06456u2_app.ts	0	0	0	0	1	1	1		
c06457u0_foo.d.ts	0	0	0	0	1	1	1		
c06457u1_app.ts	0	0	0	0	1	1	1		
c06457u2_lib.ts	0	0	0	0	1	1	1		
c06458u0_app.ts	0	0	0	0	1	1	1		
c06458u1_lib.ts	0	0	0	0	1	1	1		
c06459u0_lib.ts	0	0	0	0	1	1	1		
c06459u1_app.ts	0	0	0	0	1	1	1		
c06460u0_app.ts	0	0	0	0	1	1	1		
c06460u1_lib.ts	0	0	0	0	1	1	1		
c06461u0_lib.ts	0	0	0	0	1	1	1		
c06461u1_app.ts	0	0	0	0	1	1	1		
c06462u0_callConstructAssignment.ts	0	0	0	0	1	1	1		
c06463u0_callExpressionWithMissingTypeArgument1.ts	0	0	1	1	1	1	1		
c06464u0_callExpressionWithTypeParameterConstrainedToOuterTypeParameter.ts	0	0	0	0	1	1	1		
c06465u0_callOfConditionalTypeWithConcreteBranches.ts	0	0	0	0	1	1	1		
c06466u0_callOnClass.ts	0	0	0	0	1	1	1		
c06467u0_callOnInstance.ts	0	0	0	0	1	1	1		
c06468u0_callOverloadViaElementAccessExpression.ts	0	0	0	0	1	1	1		
c06469u0_callOverloads1.ts	0	0	0	0	1	1	1		
c06470u0_callOverloads2.ts	0	0	0	0	1	1	1		
c06471u0_callOverloads3.ts	0	0	0	0	1	1	1		
c06472u0_callOverloads4.ts	0	0	0	0	1	1	1		
c06473u0_callOverloads5.ts	0	0	0	0	1	1	1		
c06474u0_callSignatureFunctionOverload.ts	0	0	0	0	1	1	1		
c06475u0_callSignaturesShouldBeResolvedBeforeSpecialization.ts	0	0	0	0	1	1	1		
c06476u0_callWithWrongNumberOfTypeArguments.ts	0	0	0	0	1	1	1		
c06477u0_callbackArgsDifferByOptionality.ts	0	0	0	0	1	1	1		
c06478u0_callbacksDontShareTypes.ts	0	0	0	0	1	1	1		
c06479u0_callsOnComplexSignatures.tsx	0	0	0	0	1	1	1		
c06480u0_cannotIndexGenericWritingError.ts	0	0	0	0	1	1	1		
c06481u0_cannotInvokeNewOnErrorExpression.ts	0	0	1	1	1	1	1		
c06482u0_cannotInvokeNewOnIndexExpression.ts	0	0	0	0	1	1	1		
c06483u0_captureSuperPropertyAccessInSuperCall01.ts	0	0	0	0	1	1	1		
c06484u0_captureThisInSuperCall.ts	0	0	0	0	1	1	1		
c06485u0_capturedLetConstInLoop1.ts	0	0	0	0	1	1	1		
c06486u0_capturedLetConstInLoop10.ts	0	0	0	0	1	1	1		
c06487u0_capturedLetConstInLoop10_ES6.ts	0	0	0	0	1	1	1		
c06488u0_capturedLetConstInLoop11.ts	0	0	0	0	1	1	1		
c06489u0_capturedLetConstInLoop11_ES6.ts	0	0	0	0	1	1	1		
c06490u0_capturedLetConstInLoop12.ts	0	0	0	0	1	1	1		
c06491u0_capturedLetConstInLoop13.ts	0	0	0	0	1	1	1		
c06492u0_capturedLetConstInLoop14.ts	0	0	0	0	1	1	1		
c06493u0_capturedLetConstInLoop1_ES6.ts	0	0	0	0	1	1	1		
c06494u0_capturedLetConstInLoop2.ts	0	0	0	0	1	1	1		
c06495u0_capturedLetConstInLoop2_ES6.ts	0	0	0	0	1	1	1		
c06496u0_capturedLetConstInLoop3.ts	0	0	0	0	1	1	1		
c06497u0_capturedLetConstInLoop3_ES6.ts	0	0	0	0	1	1	1		
c06498u0_capturedLetConstInLoop4.ts	0	0	0	0	1	1	1		
c06499u0_capturedLetConstInLoop4_ES6.ts	0	0	0	0	1	1	1		
c06500u0_capturedLetConstInLoop5.ts	0	0	0	0	1	1	1		
c06501u0_capturedLetConstInLoop5_ES6.ts	0	0	0	0	1	1	1		
c06502u0_capturedLetConstInLoop6.ts	0	0	0	0	1	1	1		
c06503u0_capturedLetConstInLoop6_ES6.ts	0	0	0	0	1	1	1		
c06504u0_capturedLetConstInLoop7.ts	0	0	0	0	1	1	1		
c06505u0_capturedLetConstInLoop7_ES6.ts	0	0	0	0	1	1	1		
c06506u0_capturedLetConstInLoop8.ts	0	0	0	0	1	1	1		
c06507u0_capturedLetConstInLoop8_ES6.ts	0	0	0	0	1	1	1		
c06508u0_capturedLetConstInLoop9.ts	0	0	0	0	1	1	1		
c06509u0_capturedLetConstInLoop9_ES6.ts	0	0	0	0	1	1	1		
c06510u0_capturedParametersInInitializers1.ts	0	0	0	0	1	1	1		
c06511u0_capturedParametersInInitializers2.ts	0	0	0	0	1	1	1		
c06512u0_capturedShorthandPropertyAssignmentNoCheck.ts	0	0	0	0	1	1	1		
c06513u0_capturedVarInLoop.ts	0	0	0	0	1	1	1		
c06514u0_index.ts	0	0	0	0	1	1	1		
c06514u1_type-b.ts	0	0	0	0	1	1	1		
c06514u2_type-a.ts	0	0	0	0	1	1	1		
c06514u3_types.ts	0	0	0	0	1	1	1		
c06515u0_castExpressionParentheses.ts	0	0	0	0	1	1	1		
c06516u0_castFunctionExpressionShouldBeParenthesized.ts	0	0	0	0	1	1	1		
c06517u0_castNewObjectBug.ts	0	0	0	0	1	1	1		
c06518u0_castOfAwait.ts	0	0	0	0	1	1	1		
c06519u0_castOfYield.ts	0	0	1	1	1	1	1		
c06520u0_castParentheses.ts	0	0	0	0	1	1	1		
c06521u0_castTest.ts	0	0	0	0	1	1	1		
c06522u0_catch.ts	0	0	0	0	1	1	1		
c06523u0_catchClauseWithInitializer1.ts	0	0	0	0	1	1	1		
c06524u0_cf.ts	0	0	0	0	1	1	1		
c06525u0_chainedAssignment1.ts	0	0	0	0	1	1	1		
c06526u0_chainedAssignment2.ts	0	0	0	0	1	1	1		
c06527u0_chainedAssignment3.ts	0	0	0	0	1	1	1		
c06528u0_chainedAssignmentChecking.ts	0	0	0	0	1	1	1		
c06529u0_chainedCallsWithTypeParameterConstrainedToOtherTypeParameter.ts	0	0	0	0	1	1	1		
c06530u0_chainedCallsWithTypeParameterConstrainedToOtherTypeParameter2.ts	0	0	0	0	1	1	1		
c06531u0_chainedImportAlias_file0.ts	0	0	0	0	1	1	1		
c06531u1_chainedImportAlias_file1.ts	0	0	0	0	1	1	1		
c06532u0_chainedSpecializationToObjectTypeLiteral.ts	0	0	0	0	1	1	1		
c06534u0_checkDestructuringShorthandAssigment2.ts	0	0	0	0	1	1	1		
c06535u0_checkForObjectTooStrict.ts	0	0	0	0	1	1	1		
c06537u0_checkInfiniteExpansionTermination.ts	0	0	0	0	1	1	1		
c06538u0_checkInfiniteExpansionTermination2.ts	0	0	0	0	1	1	1		
c06539u0_checkInheritedProperty.ts	0	0	0	0	1	1	1		
c06540u0_jquery.d.ts	0	0	0	0	1	1	1		
c06540u1_app.ts	0	0	0	0	1	1	1		
c06552u0_file.ts	0	0	0	0	1	1	1		
c06554u1_a.ts	0	0	0	0	1	1	1		
c06562u0_three.d.ts	0	0	0	0	1	1	1		
c06562u1_global.d.ts	0	0	0	0	1	1	1		
c06562u2_test.ts	0	0	0	0	1	1	1		
c06563u0_checkSuperCallBeforeThisAccess.ts	0	0	0	0	1	1	1		
c06564u0_checkSuperCallBeforeThisAccessing1.ts	0	0	0	0	1	1	1		
c06565u0_checkSuperCallBeforeThisAccessing2.ts	0	0	0	0	1	1	1		
c06566u0_checkSuperCallBeforeThisAccessing3.ts	0	0	0	0	1	1	1		
c06567u0_checkSuperCallBeforeThisAccessing4.ts	0	0	0	0	1	1	1		
c06568u0_checkSuperCallBeforeThisAccessing5.ts	0	0	0	0	1	1	1		
c06569u0_checkSuperCallBeforeThisAccessing6.ts	0	0	0	0	1	1	1		
c06570u0_checkSuperCallBeforeThisAccessing7.ts	0	0	0	0	1	1	1		
c06571u0_checkSuperCallBeforeThisAccessing8.ts	0	0	0	0	1	1	1		
c06573u0_checkSwitchStatementIfCaseTypeIsString.ts	0	0	0	0	1	1	1		
c06574u0_checkTypePredicateForRedundantProperties.ts	0	0	0	0	1	1	1		
c06575u0_index.d.ts	0	0	0	0	1	1	1		
c06575u1_index.d.ts	0	0	0	0	1	1	1		
c06575u2_index.d.ts	0	0	0	0	1	1	1		
c06575u3_index.d.ts	0	0	0	0	1	1	1		
c06575u4_index.tsx	0	0	0	0	1	1	1		
c06577u0_checkingObjectWithThisInNamePositionNoCrash.ts	0	0	0	0	1	1	1		
c06578u0_circularAccessorAnnotations.ts	0	0	0	0	1	1	1		
c06579u0_circularBaseConstraint.ts	0	0	0	0	1	1	1		
c06580u0_circularBaseTypes.ts	0	0	0	0	1	1	1		
c06581u0_circularConstrainedMappedTypeNoCrash.ts	0	0	0	0	1	1	1		
c06582u0_circularConstraintYieldsAppropriateError.ts	0	0	0	0	1	1	1		
c06583u0_circularConstructorWithReturn.ts	0	0	0	0	1	1	1		
c06584u0_circularContextualMappedType.ts	0	0	0	0	1	1	1		
c06585u0_circularContextualReturnType.ts	0	0	0	0	1	1	1		
c06586u0_circularGetAccessor.ts	0	0	0	0	1	1	1		
c06587u0_circularInferredTypeOfVariable.ts	0	0	0	0	1	1	1		
c06588u0_circularInlineMappedGenericTupleTypeNoCrash.ts	0	0	0	0	1	1	1		
c06589u0_circularInstantiationExpression.ts	0	0	0	0	1	1	1		
c06590u0_circularMappedTypeConstraint.ts	0	0	0	0	1	1	1		
c06591u0_circularModuleImports.ts	0	0	0	0	1	1	1		
c06592u0_circularObjectLiteralAccessors.ts	0	0	0	0	1	1	1		
c06593u0_circularOptionalityRemoval.ts	0	0	0	0	1	1	1		
c06594u0_db.d.ts	0	0	0	0	1	1	1		
c06594u1_app.ts	0	0	0	0	1	1	1		
c06595u0_circularReferenceInReturnType.ts	0	0	0	0	1	1	1		
c06596u0_circularReferenceInReturnType2.ts	0	0	0	0	1	1	1		
c06597u0_circularResolvedSignature.ts	0	0	0	0	1	1	1		
c06598u0_circularTypeArgumentsLocalAndOuterNoCrash1.ts	0	0	0	0	1	1	1		
c06599u0_circularTypeofWithFunctionModule.ts	0	0	0	0	1	1	1		
c06600u0_circularlyConstrainedMappedTypeContainingConditionalNoInfiniteInstantiationDepth.ts	0	0	0	0	1	1	1		
c06601u0_circularlyReferentialInterfaceAccessNoCrash.ts	0	0	0	0	1	1	1		
c06602u0_circularlySimplifyingConditionalTypesNoCrash.ts	0	0	0	0	1	1	1		
c06603u0_class2.ts	0	0	2	2	1	1	1		
c06604u0_classAccessorInitializationInferenceWithElementAccess1.ts	0	0	0	0	1	1	1		
c06605u0_classAttributeInferenceTemplate.ts	0	0	0	0	1	1	1		
c06607u0_classBlockScoping.ts	0	0	0	0	1	1	1		
c06608u0_classCannotExtendVar.ts	0	0	0	0	1	1	1		
c06609u0_classDeclarationBlockScoping1.ts	0	0	0	0	1	1	1		
c06610u0_classDeclarationBlockScoping2.ts	0	0	0	0	1	1	1		
c06611u0_classDeclarationCheckUsedBeforeDefinitionInFunctionDeclaration.ts	0	0	0	0	1	1	1		
c06612u0_classDeclarationCheckUsedBeforeDefinitionInItself.ts	0	0	0	0	1	1	1		
c06613u0_classDeclarationMergedInModuleWithContinuation.ts	0	0	0	0	1	1	1		
c06614u0_classDeclarationShouldBeOutOfScopeInComputedNames.ts	0	0	0	0	1	1	1		
c06615u0_classDeclaredBeforeClassFactory.ts	0	0	0	0	1	1	1		
c06616u0_classExpressionAssignment.ts	0	0	0	0	1	1	1		
c06617u0_classExpressionExtendingAbstractClass.ts	0	0	0	0	1	1	1		
c06618u0_classExpressionInClassStaticDeclarations.ts	0	0	0	0	1	1	1		
c06619u0_ts.ts	0	0	0	0	1	1	1		
c06620u0_classExpressionPropertyModifiers.ts	0	0	0	0	1	1	1		
c06621u0_classExpressionTest1.ts	0	0	0	0	1	1	1		
c06622u0_classExpressionTest2.ts	0	0	0	0	1	1	1		
c06623u0_classExpressionWithDecorator1.ts	0	0	0	0	1	1	1		
c06624u0_classExpressionWithResolutionOfNamespaceOfSameName01.ts	0	0	0	0	1	1	1		
c06625u0_classExpressionWithStaticProperties1.ts	0	0	0	0	1	1	1		
c06626u0_classExpressionWithStaticProperties2.ts	0	0	0	0	1	1	1		
c06627u0_classExpressionWithStaticProperties3.ts	0	0	0	0	1	1	1		
c06628u0_classExpressionWithStaticPropertiesES61.ts	0	0	0	0	1	1	1		
c06629u0_classExpressionWithStaticPropertiesES62.ts	0	0	0	0	1	1	1		
c06630u0_classExpressionWithStaticPropertiesES63.ts	0	0	0	0	1	1	1		
c06631u0_classExpressionWithStaticPropertiesES64.ts	0	0	0	0	1	1	1		
c06632u0_classExpressions.ts	0	0	0	0	1	1	1		
c06633u0_classExtendingAbstractClassWithMemberCalledTheSameAsItsOwnTypeParam.ts	0	0	0	0	1	1	1		
c06634u0_a.ts	0	0	0	0	1	1	1		
c06635u0_classExtendingQualifiedName.ts	0	0	0	0	1	1	1		
c06636u0_classExtendingQualifiedName2.ts	0	0	0	0	1	1	1		
c06637u0_a.ts	0	0	0	0	1	1	1		
c06637u1_b.ts	0	0	0	0	1	1	1		
c06638u0_classExtendsClauseClassMergedWithModuleNotReferingConstructor.ts	0	0	0	0	1	1	1		
c06639u0_classExtendsClauseClassNotReferringConstructor.ts	0	0	0	0	1	1	1		
c06640u0_classExtendsInterface.ts	0	0	0	0	1	1	1		
c06641u0_classExtendsInterfaceInExpression.ts	0	0	0	0	1	1	1		
c06642u0_classExtendsInterfaceInModule.ts	0	0	0	0	1	1	1		
c06643u0_classExtendsInterfaceThatExtendsClassWithPrivates1.ts	0	0	0	0	1	1	1		
c06644u0_classExtendsInterface_not.ts	0	0	0	0	1	1	1		
c06645u0_classExtendsMultipleBaseClasses.ts	0	0	0	0	1	1	1		
c06646u0_classExtendsNull.ts	0	0	0	0	1	1	1		
c06647u0_classExtendsNull2.ts	0	0	0	0	1	1	1		
c06648u0_classExtendsNull3.ts	0	0	0	0	1	1	1		
c06649u0_classExtensionNameOutput.ts	0	0	0	0	1	1	1		
c06650u0_classFieldSuperAccessible.ts	0	0	0	0	1	1	1		
c06653u0_classFieldSuperNotAccessible.ts	0	0	0	0	1	1	1		
c06655u0_classFieldsBrokenConstructorEmitNoCrash1.ts	0	0	1	1	1	1	1		
c06656u0_classFunctionMerging.ts	0	0	0	0	1	1	1		
c06657u0_classFunctionMerging2.ts	0	0	0	0	1	1	1		
c06658u0_classHeritageWithTrailingSeparator.ts	0	0	0	0	1	1	1		
c06659u0_classImplementingInterfaceIndexer.ts	0	0	0	0	1	1	1		
c06660u0_classImplementsClass1.ts	0	0	0	0	1	1	1		
c06661u0_classImplementsClass2.ts	0	0	0	0	1	1	1		
c06662u0_classImplementsClass3.ts	0	0	0	0	1	1	1		
c06663u0_classImplementsClass4.ts	0	0	0	0	1	1	1		
c06664u0_classImplementsClass5.ts	0	0	0	0	1	1	1		
c06665u0_classImplementsClass6.ts	0	0	0	0	1	1	1		
c06666u0_classImplementsClass7.ts	0	0	0	0	1	1	1		
c06667u0_classImplementsImportedInterface.ts	0	0	0	0	1	1	1		
c06668u0_classImplementsMethodWIthTupleArgs.ts	0	0	0	0	1	1	1		
c06669u0_classImplementsPrimitive.ts	0	0	0	0	1	1	1		
c06670u0_classInConvertedLoopES5.ts	0	0	0	0	1	1	1		
c06671u0_classIndexer.ts	0	0	0	0	1	1	1		
c06672u0_classIndexer2.ts	0	0	0	0	1	1	1		
c06673u0_classIndexer3.ts	0	0	0	0	1	1	1		
c06674u0_classIndexer4.ts	0	0	0	0	1	1	1		
c06675u0_classIndexer5.ts	0	0	0	0	1	1	1		
c06676u0_classInheritence.ts	0	0	0	0	1	1	1		
c06677u0_classMemberInitializerScoping.ts	0	0	0	0	1	1	1		
c06678u0_classMemberInitializerScoping2.ts	0	0	0	0	1	1	1		
c06679u0_classMemberInitializerWithLamdaScoping.ts	0	0	0	0	1	1	1		
c06680u0_classMemberInitializerWithLamdaScoping2_0.ts	0	0	0	0	1	1	1		
c06680u1_classMemberInitializerWithLamdaScoping2_1.ts	0	0	0	0	1	1	1		
c06681u0_classMemberInitializerWithLamdaScoping3_0.ts	0	0	0	0	1	1	1		
c06681u1_classMemberInitializerWithLamdaScoping3_1.ts	0	0	0	0	1	1	1		
c06682u0_classMemberInitializerWithLamdaScoping3_0.ts	0	0	0	0	1	1	1		
c06682u1_classMemberInitializerWithLamdaScoping3_1.ts	0	0	0	0	1	1	1		
c06683u0_classMemberInitializerWithLamdaScoping5.ts	0	0	0	0	1	1	1		
c06684u0_classMemberWithMissingIdentifier.ts	0	0	3	3	1	1	1		
c06685u0_classMemberWithMissingIdentifier2.ts	0	0	5	5	1	1	1		
c06686u0_classMergedWithInterfaceMultipleBasesNoError.ts	0	0	0	0	1	1	1		
c06687u0_classMethodWithKeywordName1.ts	0	0	0	0	1	1	1		
c06688u0_classNameReferencesInStaticElements.ts	0	0	0	0	1	1	1		
c06689u0_classNonUniqueSymbolMethodHasSymbolIndexer.ts	0	0	0	0	1	1	1		
c06690u0_classOrder1.ts	0	0	0	0	1	1	1		
c06691u0_classOrder2.ts	0	0	0	0	1	1	1		
c06692u0_classOrderBug.ts	0	0	0	0	1	1	1		
c06693u0_classOverloadForFunction.ts	0	0	0	0	1	1	1		
c06694u0_classOverloadForFunction2.ts	0	0	0	0	1	1	1		
c06695u0_classPropInitializationInferenceWithElementAccess.ts	0	0	0	0	1	1	1		
c06696u0_classPropertyErrorOnNameOnly.ts	0	0	0	0	1	1	1		
c06697u0_classPropertyInferenceFromBroaderTypeConst.ts	0	0	0	0	1	1	1		
c06698u0_classReferencedInContextualParameterWithinItsOwnBaseExpression.ts	0	0	0	0	1	1	1		
c06699u0_classSideInheritance1.ts	0	0	0	0	1	1	1		
c06700u0_classSideInheritance2.ts	0	0	0	0	1	1	1		
c06701u0_classSideInheritance3.ts	0	0	0	0	1	1	1		
c06702u0_classStaticInitializersUsePropertiesBeforeDeclaration.ts	0	0	0	0	1	1	1		
c06703u0_classStaticPropertyAccess.ts	0	0	0	0	1	1	1		
c06704u0_classStaticPropertyTypeGuard.ts	0	0	0	0	1	1	1		
c06705u0_classTypeParametersInStatics.ts	0	0	0	0	1	1	1		
c06706u0_classUpdateTests.ts	0	0	12	12	1	1	1		
c06707u0_classUsedBeforeInitializedVariables.ts	0	0	0	0	1	1	1		
c06708u0_classVarianceCircularity.ts	0	0	0	0	1	1	1		
c06709u0_classVarianceResolveCircularity1.ts	0	0	0	0	1	1	1		
c06710u0_classVarianceResolveCircularity2.ts	0	0	0	0	1	1	1		
c06711u0_classWithDuplicateIdentifier.ts	0	0	0	0	1	1	1		
c06712u0_classWithEmptyTypeParameter.ts	0	0	0	0	1	1	1		
c06713u0_classWithMultipleBaseClasses.ts	0	0	0	0	1	1	1		
c06714u0_classWithOverloadImplementationOfWrongName.ts	0	0	0	0	1	1	1		
c06715u0_classWithOverloadImplementationOfWrongName2.ts	0	0	0	0	1	1	1		
c06716u0_classdecl.ts	0	0	0	0	1	1	1		
c06717u0_clinterfaces.ts	0	0	0	0	1	1	1		
c06718u0_cloduleAcrossModuleDefinitions.ts	0	0	0	0	1	1	1		
c06719u0_cloduleAndTypeParameters.ts	0	0	0	0	1	1	1		
c06720u0_cloduleGenericOnSelfMember.ts	0	0	0	0	1	1	1		
c06721u0_cloduleSplitAcrossFiles_class.ts	0	0	0	0	1	1	1		
c06721u1_cloduleSplitAcrossFiles_module.ts	0	0	0	0	1	1	1		
c06722u0_cloduleStaticMembers.ts	0	0	0	0	1	1	1		
c06723u0_cloduleTest1.ts	0	0	0	0	1	1	1		
c06724u0_cloduleTest2.ts	0	0	0	0	1	1	1		
c06725u0_cloduleWithDuplicateMember1.ts	0	0	0	0	1	1	1		
c06726u0_cloduleWithDuplicateMember2.ts	0	0	0	0	1	1	1		
c06727u0_cloduleWithPriorInstantiatedModule.ts	0	0	0	0	1	1	1		
c06728u0_cloduleWithPriorUninstantiatedModule.ts	0	0	0	0	1	1	1		
c06729u0_cloduleWithRecursiveReference.ts	0	0	0	0	1	1	1		
c06730u0_clodulesDerivedClasses.ts	0	1	0	0	1	1	1		
c06731u0_coAndContraVariantInferences.ts	0	0	0	0	1	1	1		
c06732u0_coAndContraVariantInferences2.ts	0	0	0	0	1	1	1		
c06733u0_coAndContraVariantInferences3.ts	0	0	0	0	1	1	1		
c06734u0_coAndContraVariantInferences4.ts	0	0	0	0	1	1	1		
c06735u0_coAndContraVariantInferences5.ts	0	0	0	0	1	1	1		
c06736u0_coAndContraVariantInferences6.ts	0	0	0	0	1	1	1		
c06737u0_coAndContraVariantInferences7.ts	0	0	0	0	1	1	1		
c06738u0_coAndContraVariantInferences8.ts	0	0	0	0	1	1	1		
c06739u0_collectionPatternNoError.ts	0	0	0	0	1	1	1		
c06740u0_collisionArgumentsArrowFunctions.ts	0	0	0	0	1	1	1		
c06741u0_collisionArgumentsClassConstructor.ts	0	0	0	0	1	1	1		
c06742u0_collisionArgumentsClassMethod.ts	0	0	0	0	1	1	1		
c06743u0_collisionArgumentsFunction.ts	0	0	0	0	1	1	1		
c06744u0_collisionArgumentsFunctionExpressions.ts	0	0	0	0	1	1	1		
c06745u0_collisionArgumentsInType.ts	0	0	0	0	1	1	1		
c06746u0_collisionArgumentsInterfaceMembers.ts	0	0	0	0	1	1	1		
c06747u0_collisionCodeGenEnumWithEnumMemberConflict.ts	0	0	0	0	1	1	1		
c06748u0_collisionCodeGenModuleWithAccessorChildren.ts	0	0	0	0	1	1	1		
c06749u0_collisionCodeGenModuleWithConstructorChildren.ts	0	0	0	0	1	1	1		
c06750u0_collisionCodeGenModuleWithEnumMemberConflict.ts	0	0	0	0	1	1	1		
c06751u0_collisionCodeGenModuleWithFunctionChildren.ts	0	0	0	0	1	1	1		
c06752u0_collisionCodeGenModuleWithMemberClassConflict.ts	0	0	0	0	1	1	1		
c06753u0_collisionCodeGenModuleWithMemberInterfaceConflict.ts	0	0	0	0	1	1	1		
c06754u0_collisionCodeGenModuleWithMemberVariable.ts	0	0	0	0	1	1	1		
c06755u0_collisionCodeGenModuleWithMethodChildren.ts	0	0	0	0	1	1	1		
c06756u0_collisionCodeGenModuleWithModuleChildren.ts	0	0	0	0	1	1	1		
c06757u0_collisionCodeGenModuleWithModuleReopening.ts	0	0	0	0	1	1	1		
c06758u0_collisionCodeGenModuleWithPrivateMember.ts	0	0	0	0	1	1	1		
c06759u0_collisionCodeGenModuleWithUnicodeNames.ts	0	0	0	0	1	1	1		
c06760u0_collisionExportsRequireAndAlias_file1.ts	0	0	0	0	1	1	1		
c06760u1_collisionExportsRequireAndAlias_file3333.ts	0	0	0	0	1	1	1		
c06760u2_collisionExportsRequireAndAlias_file2.ts	0	0	0	0	1	1	1		
c06761u0_collisionExportsRequireAndAmbientClass_externalmodule.ts	0	0	0	0	1	1	1		
c06761u1_collisionExportsRequireAndAmbientClass_globalFile.ts	0	0	0	0	1	1	1		
c06762u0_collisionExportsRequireAndAmbientEnum_externalmodule.ts	0	0	0	0	1	1	1		
c06762u1_collisionExportsRequireAndAmbientEnum_globalFile.ts	0	0	0	0	1	1	1		
c06763u0_collisionExportsRequireAndAmbientFunction.ts	0	0	0	0	1	1	1		
c06764u0_collisionExportsRequireAndAmbientFunctionInGlobalFile.ts	0	0	0	0	1	1	1		
c06765u0_collisionExportsRequireAndAmbientModule_externalmodule.ts	0	0	0	0	1	1	1		
c06765u1_collisionExportsRequireAndAmbientModule_globalFile.ts	0	0	0	0	1	1	1		
c06766u0_collisionExportsRequireAndAmbientVar_externalmodule.ts	0	0	0	0	1	1	1		
c06766u1_collisionExportsRequireAndAmbientVar_globalFile.ts	0	0	0	0	1	1	1		
c06767u0_collisionExportsRequireAndClass_externalmodule.ts	0	0	0	0	1	1	1		
c06767u1_collisionExportsRequireAndClass_globalFile.ts	0	0	0	0	1	1	1		
c06768u0_collisionExportsRequireAndEnum_externalmodule.ts	0	0	0	0	1	1	1		
c06768u1_collisionExportsRequireAndEnum_globalFile.ts	0	0	0	0	1	1	1		
c06769u0_collisionExportsRequireAndFunction.ts	0	0	0	0	1	1	1		
c06770u0_collisionExportsRequireAndFunctionInGlobalFile.ts	0	0	0	0	1	1	1		
c06771u0_collisionExportsRequireAndInternalModuleAlias.ts	0	0	0	0	1	1	1		
c06772u0_collisionExportsRequireAndInternalModuleAliasInGlobalFile.ts	0	0	0	0	1	1	1		
c06773u0_collisionExportsRequireAndModule_externalmodule.ts	0	0	0	0	1	1	1		
c06773u1_collisionExportsRequireAndModule_globalFile.ts	0	0	0	0	1	1	1		
c06774u0_collisionExportsRequireAndUninstantiatedModule.ts	0	0	0	0	1	1	1		
c06775u0_collisionExportsRequireAndVar_externalmodule.ts	0	0	0	0	1	1	1		
c06775u1_collisionExportsRequireAndVar_globalFile.ts	0	0	0	0	1	1	1		
c06776u0_collisionRestParameterArrowFunctions.ts	0	0	0	0	1	1	1		
c06777u0_collisionRestParameterClassConstructor.ts	0	0	0	0	1	1	1		
c06778u0_collisionRestParameterClassMethod.ts	0	0	0	0	1	1	1		
c06779u0_collisionRestParameterFunction.ts	0	0	0	0	1	1	1		
c06780u0_collisionRestParameterFunctionExpressions.ts	0	0	0	0	1	1	1		
c06781u0_collisionRestParameterInType.ts	0	0	0	0	1	1	1		
c06782u0_collisionRestParameterInterfaceMembers.ts	0	0	0	0	1	1	1		
c06783u0_collisionRestParameterUnderscoreIUsage.ts	0	0	0	0	1	1	1		
c06784u0_collisionSuperAndLocalFunctionInAccessors.ts	0	0	0	0	1	1	1		
c06785u0_collisionSuperAndLocalFunctionInConstructor.ts	0	0	0	0	1	1	1		
c06786u0_collisionSuperAndLocalFunctionInMethod.ts	0	0	0	0	1	1	1		
c06787u0_collisionSuperAndLocalFunctionInProperty.ts	0	0	0	0	1	1	1		
c06788u0_collisionSuperAndLocalVarInAccessors.ts	0	0	0	0	1	1	1		
c06789u0_collisionSuperAndLocalVarInConstructor.ts	0	0	0	0	1	1	1		
c06790u0_collisionSuperAndLocalVarInMethod.ts	0	0	0	0	1	1	1		
c06791u0_collisionSuperAndLocalVarInProperty.ts	0	0	0	0	1	1	1		
c06792u0_collisionSuperAndNameResolution.ts	0	0	0	0	1	1	1		
c06793u0_collisionSuperAndParameter.ts	0	0	0	0	1	1	1		
c06794u0_collisionSuperAndParameter1.ts	0	0	0	0	1	1	1		
c06795u0_collisionSuperAndPropertyNameAsConstuctorParameter.ts	0	0	0	0	1	1	1		
c06796u0_collisionThisExpressionAndAliasInGlobal.ts	0	0	0	0	1	1	1		
c06797u0_collisionThisExpressionAndAmbientClassInGlobal.ts	0	0	0	0	1	1	1		
c06798u0_collisionThisExpressionAndAmbientVarInGlobal.ts	0	0	0	0	1	1	1		
c06799u0_collisionThisExpressionAndClassInGlobal.ts	0	0	0	0	1	1	1		
c06800u0_collisionThisExpressionAndEnumInGlobal.ts	0	0	0	0	1	1	1		
c06801u0_collisionThisExpressionAndFunctionInGlobal.ts	0	0	0	0	1	1	1		
c06802u0_collisionThisExpressionAndLocalVarInAccessors.ts	0	0	0	0	1	1	1		
c06803u0_collisionThisExpressionAndLocalVarInConstructor.ts	0	0	0	0	1	1	1		
c06804u0_collisionThisExpressionAndLocalVarInFunction.ts	0	0	0	0	1	1	1		
c06805u0_collisionThisExpressionAndLocalVarInLambda.ts	0	0	0	0	1	1	1		
c06806u0_collisionThisExpressionAndLocalVarInMethod.ts	0	0	0	0	1	1	1		
c06807u0_collisionThisExpressionAndLocalVarInProperty.ts	0	0	0	0	1	1	1		
c06808u0_collisionThisExpressionAndLocalVarWithSuperExperssion.ts	0	0	0	0	1	1	1		
c06809u0_collisionThisExpressionAndModuleInGlobal.ts	0	0	0	0	1	1	1		
c06810u0_collisionThisExpressionAndNameResolution.ts	0	0	0	0	1	1	1		
c06811u0_collisionThisExpressionAndParameter.ts	0	0	0	0	1	1	1		
c06812u0_collisionThisExpressionAndPropertyNameAsConstuctorParameter.ts	0	0	0	0	1	1	1		
c06813u0_collisionThisExpressionAndVarInGlobal.ts	0	0	0	0	1	1	1		
c06814u0_commaOperator1.ts	0	0	0	0	1	1	1		
c06815u0_commaOperatorInConditionalExpression.ts	0	0	0	0	1	1	1		
c06816u0_commaOperatorLeftSideUnused.ts	0	0	0	0	1	1	1		
c06817u0_commentBeforeStaticMethod1.ts	1	0	0	0	1	1	1		
c06818u0_commentEmitAtEndOfFile1.ts	0	0	0	0	1	1	1		
c06819u0_commentEmitOnParenthesizedAssertionInReturnStatement.ts	0	0	0	0	1	1	1		
c06820u0_commentEmitOnParenthesizedAssertionInReturnStatement2.ts	0	0	0	0	1	1	1		
c06821u0_commentEmitWithCommentOnLastLine.ts	0	0	0	0	1	1	1		
c06822u0_commentInEmptyParameterList1.ts	0	0	0	0	1	1	1		
c06823u0_commentInMethodCall.ts	0	0	0	0	1	1	1		
c06824u0_commentInNamespaceDeclarationWithIdentifierPathName.ts	0	1	0	0	1	1	1		
c06825u0_commentLeadingCloseBrace.ts	0	0	0	0	1	1	1		
c06826u0_a.ts	0	0	0	0	1	1	1		
c06826u1_b.ts	0	0	0	0	1	1	1		
c06827u0_a.ts	0	0	0	0	1	1	1		
c06827u1_b.ts	0	0	0	0	1	1	1		
c06828u0_a.ts	0	0	0	0	1	1	1		
c06828u1_b.ts	0	0	0	0	1	1	1		
c06829u0_commentOnAmbientVariable1.ts	0	0	0	0	1	1	1		
c06830u0_commentOnAmbientVariable2_1.ts	0	0	0	0	1	1	1		
c06830u1_commentOnAmbientVariable2_2.ts	0	0	0	0	1	1	1		
c06831u0_a.ts	0	0	0	0	1	1	1		
c06831u1_b.ts	0	0	0	0	1	1	1		
c06832u0_commentOnArrayElement1.ts	0	0	0	0	1	1	1		
c06833u0_commentOnArrayElement10.ts	0	0	0	0	1	1	1		
c06834u0_commentOnArrayElement11.ts	0	0	0	0	1	1	1		
c06835u0_commentOnArrayElement12.ts	0	0	0	0	1	1	1		
c06836u0_commentOnArrayElement13.ts	0	0	0	0	1	1	1		
c06837u0_commentOnArrayElement14.ts	0	0	0	0	1	1	1		
c06838u0_commentOnArrayElement15.ts	0	0	0	0	1	1	1		
c06839u0_commentOnArrayElement16.ts	0	0	0	0	1	1	1		
c06840u0_commentOnArrayElement2.ts	0	0	0	0	1	1	1		
c06841u0_commentOnArrayElement3.ts	0	0	0	0	1	1	1		
c06842u0_commentOnArrayElement4.ts	0	0	0	0	1	1	1		
c06843u0_commentOnArrayElement5.ts	0	0	0	0	1	1	1		
c06844u0_commentOnArrayElement6.ts	0	0	0	0	1	1	1		
c06845u0_commentOnArrayElement7.ts	0	0	0	0	1	1	1		
c06846u0_commentOnArrayElement8.ts	0	0	0	0	1	1	1		
c06847u0_commentOnArrayElement9.ts	0	0	0	0	1	1	1		
c06848u0_commentOnBinaryOperator1.ts	0	0	0	0	1	1	1		
c06849u0_commentOnBinaryOperator2.ts	0	0	0	0	1	1	1		
c06850u0_commentOnBlock1.ts	0	0	0	0	1	1	1		
c06851u0_commentOnClassAccessor1.ts	1	0	0	0	1	1	1		
c06852u0_commentOnClassAccessor2.ts	1	0	0	0	1	1	1		
c06853u0_commentOnClassMethod1.ts	1	0	0	0	1	1	1		
c06854u0_commentOnDecoratedClassDeclaration.ts	1	0	0	0	1	1	1		
c06855u0_a.ts	0	0	0	0	1	1	1		
c06855u1_b.ts	0	0	0	0	1	1	1		
c06856u0_commentOnExportEnumDeclaration.ts	1	0	0	0	1	1	1		
c06857u0_commentOnExpressionStatement1.ts	0	0	0	0	1	1	1		
c06858u0_commentOnIfStatement1.ts	0	0	0	0	1	1	1		
c06859u0_commentOnImportStatement1.ts	0	0	0	0	1	1	1		
c06860u0_commentOnImportStatement2.ts	0	0	0	0	1	1	1		
c06861u0_commentOnImportStatement3.ts	0	0	0	0	1	1	1		
c06862u0_a.ts	0	0	0	0	1	1	1		
c06862u1_b.ts	0	0	0	0	1	1	1		
c06863u0_commentOnParameter1.ts	0	0	0	0	1	1	1		
c06864u0_commentOnParameter2.ts	0	0	0	0	1	1	1		
c06865u0_commentOnParameter3.ts	0	0	0	0	1	1	1		
c06866u0_commentOnParenthesizedExpressionOpenParen1.ts	0	0	0	0	1	1	1		
c06867u0_a.ts	0	0	0	0	1	1	1		
c06867u1_b.ts	0	0	0	0	1	1	1		
c06868u0_commentOnSimpleArrowFunctionBody1.ts	0	0	0	0	1	1	1		
c06869u0_commentOnStaticMember1.ts	0	0	0	0	1	1	1		
c06870u0_commentWithUnreasonableIndentationLevel01.ts	1	0	0	0	1	1	1		
c06871u0_commentsAfterCaseClauses1.ts	0	0	0	0	1	1	1		
c06872u0_commentsAfterCaseClauses2.ts	0	0	0	0	1	1	1		
c06873u0_commentsAfterCaseClauses3.ts	0	0	0	0	1	1	1		
c06874u0_commentsAfterFunctionExpression1.ts	0	0	0	0	1	1	1		
c06875u0_commentsAfterSpread.ts	0	0	0	0	1	1	1		
c06876u0_commentsArgumentsOfCallExpression1.ts	0	0	0	0	1	1	1		
c06877u0_commentsArgumentsOfCallExpression2.ts	0	0	0	0	1	1	1		
c06878u0_commentsAtEndOfFile1.ts	0	0	0	0	1	1	1		
c06879u0_commentsBeforeFunctionExpression1.ts	1	0	0	0	1	1	1		
c06880u0_commentsBeforeVariableStatement1.ts	1	0	0	0	1	1	1		
c06881u0_commentsClass.ts	1	0	0	0	0	1	1		
c06882u0_commentsClassMembers.ts	1	0	0	0	0	1	1		
c06883u0_commentsCommentParsing.ts	1	0	0	0	0	0	0	flags KindIdentifier xor=0x8000	
c06884u0_commentsDottedModuleName.ts	1	1	0	0	1	1	1		
c06885u0_commentsEnums.ts	1	0	0	0	1	1	1		
c06886u0_commentsExternalModules_0.ts	1	0	0	0	1	1	1		
c06886u1_commentsExternalModules_1.ts	1	0	0	0	1	1	1		
c06887u0_commentsExternalModules2_0.ts	1	0	0	0	1	1	1		
c06887u1_commentsExternalModules_1.ts	1	0	0	0	1	1	1		
c06888u0_commentsExternalModules2_0.ts	1	0	0	0	1	1	1		
c06888u1_commentsExternalModules_1.ts	1	0	0	0	1	1	1		
c06889u0_commentsFormatting.ts	1	0	0	0	1	1	1		
c06890u0_commentsFunction.ts	1	0	0	0	1	1	1		
c06891u0_commentsInheritance.ts	1	0	0	0	1	1	1		
c06892u0_commentsInterface.ts	1	0	0	0	1	1	1		
c06893u0_commentsModules.ts	1	1	0	0	1	1	1		
c06894u0_commentsMultiModuleMultiFile_0.ts	1	0	0	0	1	1	1		
c06894u1_commentsMultiModuleMultiFile_1.ts	1	0	0	0	1	1	1		
c06895u0_commentsMultiModuleSingleFile.ts	1	0	0	0	1	1	1		
c06896u0_commentsOnJSXExpressionsArePreserved.tsx	0	0	0	0	1	1	1		
c06897u0_commentsOnObjectLiteral1.ts	0	0	0	0	1	1	1		
c06898u0_commentsOnObjectLiteral2.ts	1	0	0	0	0	1	1		
c06899u0_commentsOnObjectLiteral3.ts	0	0	0	0	1	1	1		
c06900u0_commentsOnObjectLiteral4.ts	1	0	0	0	1	1	1		
c06901u0_commentsOnObjectLiteral5.ts	0	0	0	0	1	1	1		
c06902u0_commentsOnPropertyOfObjectLiteral1.ts	0	0	0	0	1	1	1		
c06903u0_0.ts	0	0	0	0	1	1	1		
c06903u1_1.ts	0	0	0	0	1	1	1		
c06903u2_2.ts	0	0	0	0	1	1	1		
c06904u0_commentsOnReturnStatement1.ts	0	0	0	0	1	1	1		
c06905u0_commentsOnStaticMembers.ts	1	0	0	0	1	1	1		
c06906u0_commentsOverloads.ts	1	0	0	0	1	1	1		
c06907u0_commentsPropertySignature1.ts	1	0	0	0	1	1	1		
c06908u0_commentsTypeParameters.ts	0	0	0	0	1	1	1		
c06909u0_commentsVarDecl.ts	1	0	0	0	1	1	1		
c06910u0_commentsVariableStatement1.ts	1	0	0	0	1	1	1		
c06911u0_commentsdoNotEmitComments.ts	1	0	0	0	1	1	1		
c06912u0_commentsemitComments.ts	1	0	0	0	1	1	1		
c06913u1_types1.ts	0	0	2	2	1	1	1		
c06913u2_types2.ts	0	0	1	1	1	1	1		
c06913u3_types3.ts	0	0	0	0	1	1	1		
c06914u0_mod1.ts	0	0	0	0	1	1	1		
c06914u1_use.ts	0	0	0	0	1	1	1		
c06917u0_commonMissingSemicolons.ts	0	0	38	38	1	1	1		
c06918u0_bar.ts	0	0	0	0	1	1	1		
c06918u1_baz.ts	0	0	0	0	1	1	1		
c06919u0_bar.ts	0	0	0	0	1	1	1		
c06919u1_baz.ts	0	0	0	0	1	1	1		
c06920u0_bar.ts	0	0	0	0	1	1	1		
c06920u1_baz.ts	0	0	0	0	1	1	1		
c06921u0_bar.ts	0	0	0	0	1	1	1		
c06921u1_baz.ts	0	0	0	0	1	1	1		
c06922u0_bar.ts	0	0	0	0	1	1	1		
c06922u1_foo.ts	0	0	0	0	1	1	1		
c06922u2_baz.ts	0	0	0	0	1	1	1		
c06923u0_bar.ts	0	0	0	0	1	1	1		
c06923u1_foo.ts	0	0	0	0	1	1	1		
c06923u2_baz.ts	0	0	0	0	1	1	1		
c06924u0_index.ts	0	0	0	0	1	1	1		
c06924u1_bar.d.ts	0	0	0	0	1	1	1		
c06924u2_index.ts	0	0	0	0	1	1	1		
c06925u0_bar.d.ts	0	0	0	0	1	1	1		
c06925u1_index.ts	0	0	0	0	1	1	1		
c06927u0_10_lib.ts	0	0	0	0	1	1	1		
c06927u1_main.ts	0	0	0	0	1	1	1		
c06928u0_comparabilityTypeParametersRelatedByUnion.ts	0	0	0	0	1	1	1		
c06929u0_comparableRelationBidirectional.ts	0	0	0	0	1	1	1		
c06930u0_compareTypeParameterConstrainedByLiteralToLiteral.ts	0	0	0	0	1	1	1		
c06931u0_comparisonOfPartialDeepAndIndexedAccessTerminatesWithoutError.ts	0	0	0	0	1	1	1		
c06932u0_a.ts	0	0	0	0	1	1	1		
c06933u0_a.ts	0	0	0	0	1	1	1		
c06934u0_a.ts	0	0	0	0	1	1	1		
c06935u0_a.ts	0	0	0	0	1	1	1		
c06936u0_complexClassRelationships.ts	0	0	0	0	1	1	1		
c06937u0_complexNarrowingWithAny.ts	1	0	0	0	1	1	1		
c06938u0_complex.ts	0	0	0	0	1	1	1		
c06938u1_immutable.ts	0	0	0	0	1	1	1		
c06939u0_complicatedGenericRecursiveBaseClassReference.ts	0	0	0	0	1	1	1		
c06940u0_complicatedIndexedAccessKeyofReliesOnKeyofNeverUpperBound.ts	0	0	0	0	1	1	1		
c06941u0_complicatedIndexesOfIntersectionsAreInferencable.ts	0	0	0	0	1	1	1		
c06942u0_complicatedPrivacy.ts	0	0	0	0	1	1	1		
c06943u0_compositeContextualSignature.ts	0	0	0	0	1	1	1		
c06944u0_compositeGenericFunction.ts	0	0	0	0	1	1	1		
c06945u0_index.ts	0	0	0	0	1	1	1		
c06945u1_test.ts	0	0	0	0	1	1	1		
c06946u0_compoundVarDecl1.ts	0	0	0	0	1	1	1		
c06947u0_computedEnumMemberSyntacticallyString.ts	0	0	0	0	1	1	1		
c06948u0_foo.ts	0	0	0	0	1	1	1		
c06948u1_bar.ts	0	0	0	0	1	1	1		
c06949u0_computedEnumTypeWidening.ts	0	0	0	0	1	1	1		
c06950u0_computedPropertiesInDestructuring1.ts	0	0	0	0	1	1	1		
c06951u0_computedPropertiesInDestructuring1_ES6.ts	0	0	0	0	1	1	1		
c06952u0_computedPropertiesInDestructuring2.ts	0	0	0	0	1	1	1		
c06953u0_computedPropertiesInDestructuring2_ES6.ts	0	0	0	0	1	1	1		
c06954u0_computedPropertiesNarrowed.ts	0	0	0	0	1	1	1		
c06955u0_computedPropertiesTransformedInOtherwiseNonTSClasses.ts	0	0	0	0	1	1	1		
c06956u0_a.ts	0	0	0	0	1	1	1		
c06957u0_computedPropertyBindingElementDeclarationNoCrash1.ts	0	0	0	0	1	1	1		
c06958u0_computedPropertyNameAndTypeParameterConflict.ts	0	0	0	0	1	1	1		
c06959u0_a.ts	0	0	0	0	1	1	1		
c06959u1_b.ts	0	0	0	0	1	1	1		
c06960u0_computedTypesKeyofNoIndexSignatureType.ts	0	0	0	0	1	1	1		
c06961u0_computerPropertiesInES5ShouldBeTransformed.ts	0	0	0	0	1	1	1		
c06962u0_concatClassAndString.ts	0	0	0	0	1	1	1		
c06963u0_concatError.ts	0	0	0	0	1	1	1		
c06964u0_concatTuples.ts	0	0	0	0	1	1	1		
c06965u0_conditionalAnyCheckTypePicksBothBranches.ts	0	0	0	0	1	1	1		
c06966u0_conditionalDoesntLeakUninstantiatedTypeParameter.ts	0	0	0	0	1	1	1		
c06967u0_conditionalEqualityOnLiteralObjects.ts	0	0	0	0	1	1	1		
c06968u0_conditionalEqualityTestingNullability.ts	0	0	0	0	1	1	1		
c06969u0_conditionalExpression1.ts	0	0	0	0	1	1	1		
c06970u0_conditionalExpressionNewLine1.ts	0	0	0	0	1	1	1		
c06971u0_conditionalExpressionNewLine10.ts	0	0	0	0	1	1	1		
c06972u0_conditionalExpressionNewLine2.ts	0	0	0	0	1	1	1		
c06973u0_conditionalExpressionNewLine3.ts	0	0	0	0	1	1	1		
c06974u0_conditionalExpressionNewLine4.ts	0	0	0	0	1	1	1		
c06975u0_conditionalExpressionNewLine5.ts	0	0	0	0	1	1	1		
c06976u0_conditionalExpressionNewLine6.ts	0	0	0	0	1	1	1		
c06977u0_conditionalExpressionNewLine7.ts	0	0	0	0	1	1	1		
c06978u0_conditionalExpressionNewLine8.ts	0	0	0	0	1	1	1		
c06979u0_conditionalExpressionNewLine9.ts	0	0	0	0	1	1	1		
c06980u0_conditionalExpressions2.ts	0	0	0	0	1	1	1		
c06981u0_conditionalReturnExpression.ts	0	0	0	0	1	1	1		
c06982u0_conditionalTypeAnyUnion.ts	0	0	0	0	1	1	1		
c06983u0_conditionalTypeAssignabilityWhenDeferred.ts	0	0	0	0	1	1	1		
c06984u0_conditionalTypeBasedContextualTypeReturnTypeWidening.ts	0	0	0	0	1	1	1		
c06985u0_conditionalTypeClassMembers.ts	0	0	0	0	1	1	1		
c06986u0_conditionalTypeContextualTypeSimplificationsSuceeds.ts	0	0	0	0	1	1	1		
c06987u0_conditionalTypeDiscriminatingLargeUnionRegularTypeFetchingSpeedReasonable.ts	0	0	0	0	1	1	1		
c06988u0_conditionalTypeDoesntSpinForever.ts	0	0	0	0	1	1	1		
c06989u0_conditionalTypeGenericInSignatureTypeParameterConstraint.ts	0	0	0	0	1	1	1		
c06990u0_conditionalTypeRelaxingConstraintAssignability.ts	0	0	0	0	1	1	1		
c06991u0_conditionalTypeSimplification.ts	0	0	0	0	1	1	1		
c06992u0_conditionalTypeSubclassExtendsTypeParam.ts	0	0	0	0	1	1	1		
c06993u0_conditionalTypeVarianceBigArrayConstraintsPerformance.ts	0	0	0	0	1	1	1		
c06994u0_conditionalTypesASI.ts	0	0	0	0	1	1	1		
c06995u0_conditionalTypesSimplifyWhenTrivial.ts	0	0	0	0	1	1	1		
c06996u0_conditionallyDuplicateOverloadsCausedByOverloadResolution.ts	0	0	0	0	1	1	1		
c06997u0_index.ts	0	0	0	0	1	1	1		
c06998u0_conflictMarkerDiff3Trivia1.ts	0	0	4	4	1	1	1		
c06999u0_conflictMarkerDiff3Trivia2.ts	0	0	4	4	1	1	1		
c07000u0_conflictMarkerTrivia1.ts	0	0	3	3	1	1	1		
c07001u0_conflictMarkerTrivia2.ts	0	0	3	3	1	1	1		
c07002u0_conflictMarkerTrivia3.tsx	0	0	2	2	1	1	1		
c07003u0_conflictMarkerTrivia4.ts	0	0	2	2	1	1	1		
c07004u0_object.d.ts	0	0	0	0	1	1	1		
c07004u1_pick.d.ts	0	0	0	0	1	1	1		
c07004u2_index.d.ts	0	0	0	0	1	1	1		
c07004u3_index.ts	0	0	0	0	1	1	1		
c07005u0_object.d.ts	0	0	0	0	1	1	1		
c07005u1_pick.d.ts	0	0	0	0	1	1	1		
c07005u2_index.d.ts	0	0	0	0	1	1	1		
c07005u3_index.ts	0	0	0	0	1	1	1		
c07006u0_conflictingMemberTypesInBases.ts	0	0	0	0	1	1	1		
c07007u0_conflictingTypeAnnotatedVar.ts	0	0	0	0	1	1	1		
c07008u0_conflictingTypeParameterSymbolTransfer.ts	0	0	0	0	1	1	1		
c07009u0_consistentAliasVsNonAliasRecordBehavior.ts	0	0	0	0	1	1	1		
c07010u0_constDeclarationShadowedByVarDeclaration.ts	0	0	0	0	1	1	1		
c07011u0_constDeclarationShadowedByVarDeclaration2.ts	0	0	0	0	1	1	1		
c07012u0_constDeclarationShadowedByVarDeclaration3.ts	0	0	0	0	1	1	1		
c07013u0_file1.ts	0	0	0	0	1	1	1		
c07013u1_file2.ts	0	0	0	0	1	1	1		
c07014u0_constDeclarations-access2.ts	0	0	0	0	1	1	1		
c07015u0_constDeclarations-access3.ts	0	0	0	0	1	1	1		
c07016u0_constDeclarations-access4.ts	0	0	0	0	1	1	1		
c07017u0_constDeclarations_access_1.ts	0	0	0	0	1	1	1		
c07017u1_constDeclarations_access_2.ts	0	0	0	0	1	1	1		
c07018u0_constDeclarations-ambient-errors.ts	0	0	0	0	1	1	1		
c07019u0_constDeclarations-ambient.ts	0	0	0	0	1	1	1		
c07020u0_constDeclarations-errors.ts	0	0	0	0	1	1	1		
c07021u0_constDeclarations-es5.ts	0	0	0	0	1	1	1		
c07022u0_constDeclarations-invalidContexts.ts	0	0	0	0	1	1	1		
c07023u0_constDeclarations-scopes.ts	0	0	0	0	1	1	1		
c07024u0_constDeclarations-scopes2.ts	0	0	0	0	1	1	1		
c07025u0_constDeclarations-useBeforeDefinition.ts	0	0	0	0	1	1	1		
c07026u0_file1.ts	0	0	0	0	1	1	1		
c07026u1_file2.ts	0	0	0	0	1	1	1		
c07027u0_constDeclarations-validContexts.ts	0	0	0	0	1	1	1		
c07028u0_constDeclarations.ts	0	0	0	0	1	1	1		
c07029u0_constDeclarations2.ts	0	0	0	0	1	1	1		
c07030u0_constEnumBadPropertyNames.ts	0	0	0	0	1	1	1		
c07031u0_constEnumDeclarations.ts	0	0	0	0	1	1	1		
c07032u0_constEnumErrors.ts	0	0	0	0	1	1	1		
c07033u0_m1.ts	0	0	0	0	1	1	1		
c07033u1_m2.ts	0	0	0	0	1	1	1		
c07034u0_m1.ts	0	0	0	0	1	1	1		
c07035u0_m1.ts	0	0	0	0	1	1	1		
c07036u0_m1.ts	0	0	0	0	1	1	1		
c07037u0_m1.ts	0	0	0	0	1	1	1		
c07038u0_m1.ts	0	0	0	0	1	1	1		
c07039u0_foo.ts	0	0	0	0	1	1	1		
c07039u1_index.ts	0	0	0	0	1	1	1		
c07040u0_foo.ts	0	0	0	0	1	1	1		
c07040u1_reexport.ts	0	0	0	0	1	1	1		
c07040u2_index.ts	0	0	0	0	1	1	1		
c07041u0_ConstEnum.ts	0	0	0	0	1	1	1		
c07041u1_ImportExport.ts	0	0	0	0	1	1	1		
c07041u2_ImportExportDefault.ts	0	0	0	0	1	1	1		
c07041u3_ReExportDefault.ts	0	0	0	0	1	1	1		
c07041u4_ReExport.ts	0	0	0	0	1	1	1		
c07041u5_Usage1.ts	0	0	0	0	1	1	1		
c07041u6_Usage2.ts	0	0	0	0	1	1	1		
c07041u7_Usage3.ts	0	0	0	0	1	1	1		
c07042u0_ConstEnum.d.ts	0	0	0	0	1	1	1		
c07042u1_ImportExport.d.ts	0	0	0	0	1	1	1		
c07042u2_ReExport.d.ts	0	0	0	0	1	1	1		
c07042u3_usages.ts	0	0	0	0	1	1	1		
c07043u0_constEnumOnlyModuleMerging.ts	0	0	0	0	1	1	1		
c07044u0_a.ts	0	0	0	0	1	1	1		
c07044u1_b.ts	0	0	0	0	1	1	1		
c07045u0_a.ts	0	0	0	0	1	1	1		
c07045u1_b.ts	0	0	0	0	1	1	1		
c07046u0_ConstEnum.ts	0	0	0	0	1	1	1		
c07046u1_ImportExport.ts	0	0	0	0	1	1	1		
c07046u2_ReExport.ts	0	0	0	0	1	1	1		
c07047u0_constEnumSyntheticNodesComments.ts	0	0	0	0	1	1	1		
c07048u0_constEnumToStringNoComments.ts	0	0	0	0	1	1	1		
c07049u0_constEnumToStringWithComments.ts	0	0	0	0	1	1	1		
c07050u0_constEnums.ts	0	0	0	0	1	1	1		
c07051u0_constInClassExpression.ts	0	0	0	0	1	1	1		
c07052u0_constIndexedAccess.ts	0	0	0	0	1	1	1		
c07053u0_constWithNonNull.ts	0	0	0	0	1	1	1		
c07054u0_constantEnumAssert.ts	0	0	0	0	1	1	1		
c07055u0_constantOverloadFunction.ts	0	0	0	0	1	1	1		
c07056u0_constantOverloadFunctionNoSubtypeError.ts	0	0	0	0	1	1	1		
c07057u0_constraintCheckInGenericBaseTypeReference.ts	0	0	0	0	1	1	1		
c07058u0_constraintErrors1.ts	0	0	0	0	1	1	1		
c07059u0_constraintOfRecursivelyMappedTypeWithConditionalIsResolvable.ts	0	0	0	0	1	1	1		
c07060u0_constraintPropagationThroughReturnTypes.ts	0	0	0	0	1	1	1		
c07061u0_constraintReferencingTypeParameterFromSameTypeParameterList.ts	0	0	0	0	1	1	1		
c07062u0_constraintWithIndexedAccess.ts	0	0	0	0	1	1	1		
c07063u0_constraints0.ts	0	0	0	0	1	1	1		
c07064u0_constraintsThatReferenceOtherContstraints1.ts	0	0	0	0	1	1	1		
c07065u0_constraintsUsedInPrototypeProperty.ts	0	0	0	0	1	1	1		
c07066u0_constructorArgWithGenericCallSignature.ts	0	0	0	0	1	1	1		
c07067u0_constructorArgs.ts	0	0	0	0	1	1	1		
c07068u0_constructorArgsErrors1.ts	0	0	0	0	1	1	1		
c07069u0_constructorArgsErrors2.ts	0	0	0	0	1	1	1		
c07070u0_constructorArgsErrors3.ts	0	0	0	0	1	1	1		
c07071u0_constructorArgsErrors4.ts	0	0	0	0	1	1	1		
c07072u0_constructorArgsErrors5.ts	0	0	0	0	1	1	1		
c07073u0_constructorAsType.ts	0	0	0	0	1	1	1		
c07074u0_constructorInvocationWithTooFewTypeArgs.ts	0	0	0	0	1	1	1		
c07075u0_constructorOverloads1.ts	0	0	0	0	1	1	1		
c07076u0_constructorOverloads2.ts	0	0	0	0	1	1	1		
c07077u0_constructorOverloads3.ts	0	0	0	0	1	1	1		
c07078u0_constructorOverloads4.ts	0	0	0	0	1	1	1		
c07079u0_constructorOverloads5.ts	0	0	0	0	1	1	1		
c07080u0_constructorOverloads6.ts	0	0	0	0	1	1	1		
c07081u0_constructorOverloads7.ts	0	0	0	0	1	1	1		
c07082u0_constructorOverloads8.ts	0	0	0	0	1	1	1		
c07083u0_constructorOverloads9.ts	0	0	0	0	1	1	1		
c07084u0_constructorParametersInVariableDeclarations.ts	0	0	0	0	1	1	1		
c07085u0_constructorParametersThatShadowExternalNamesInVariableDeclarations.ts	0	0	0	0	1	1	1		
c07087u0_constructorReturningAPrimitive.ts	0	0	0	0	1	1	1		
c07088u0_constructorReturnsInvalidType.ts	0	0	0	0	1	1	1		
c07089u0_constructorStaticParamName.ts	0	0	0	0	1	1	1		
c07090u0_constructorStaticParamNameErrors.ts	0	0	0	0	1	1	1		
c07091u0_constructorTypeWithTypeParameters.ts	0	0	0	0	1	1	1		
c07092u0_constructorWithCapturedSuper.ts	0	0	0	0	1	1	1		
c07093u0_constructorWithIncompleteTypeAnnotation.ts	0	0	49	49	0	0	0	flags KindIdentifier xor=0x8000	
c07094u0_constructorWithParameterPropertiesAndPrivateFields.es2015.ts	0	0	0	0	1	1	1		
c07095u0_constructorWithSuperAndPrologue.es5.ts	0	0	0	0	1	1	1		
c07096u0_constructorsWithSpecializedSignatures.ts	0	0	0	0	1	1	1		
c07097u0_contextSensitiveReturnTypeInference.ts	0	0	0	0	1	1	1		
c07098u0_contextualComputedNonBindablePropertyType.ts	0	0	0	0	1	1	1		
c07099u0_contextualExpressionTypecheckingDoesntBlowStack.ts	0	0	0	0	1	1	1		
c07100u0_contextualOuterTypeParameters.ts	0	0	0	0	1	1	1		
c07101u0_one.ts	0	0	0	0	1	1	1		
c07101u1_two.ts	0	0	0	0	1	1	1		
c07101u2_three.ts	0	0	0	0	1	1	1		
c07102u0_contextualOverloadListFromUnionWithPrimitiveNoImplicitAny.ts	0	0	0	0	1	1	1		
c07103u0_contextualParamTypeVsNestedReturnTypeInference1.ts	0	0	0	0	1	1	1		
c07104u0_contextualParamTypeVsNestedReturnTypeInference2.ts	0	0	0	0	1	1	1		
c07105u0_contextualParamTypeVsNestedReturnTypeInference3.ts	0	0	0	0	1	1	1		
c07106u0_contextualParamTypeVsNestedReturnTypeInference4.ts	0	0	0	0	1	1	1		
c07107u0_contextualParameterAndSelfReferentialConstraint1.ts	0	0	0	0	1	1	1		
c07108u0_contextualPropertyOfGenericFilteringMappedType.ts	0	0	0	0	1	1	1		
c07109u0_contextualPropertyOfGenericMappedType.ts	0	0	0	0	1	1	1		
c07110u0_contextualReturnTypeOfIIFE.ts	0	0	0	0	1	1	1		
c07111u0_contextualReturnTypeOfIIFE2.ts	0	0	0	0	1	1	1		
c07112u0_contextualReturnTypeOfIIFE3.ts	0	0	0	0	1	1	1		
c07113u0_contextualSigInstantiationRestParams.ts	0	0	0	0	1	1	1		
c07114u0_contextualSignatureConditionalTypeInstantiationUsingDefault.ts	0	0	0	0	1	1	1		
c07115u0_contextualSignatureInArrayElementLibEs2015.ts	0	0	0	0	1	1	1		
c07116u0_contextualSignatureInArrayElementLibEs5.ts	0	0	0	0	1	1	1		
c07117u0_contextualSignatureInObjectFreeze.ts	0	0	0	0	1	1	1		
c07118u0_contextualSignatureInstantiation1.ts	0	0	0	0	1	1	1		
c07119u0_contextualSignatureInstantiation2.ts	0	0	0	0	1	1	1		
c07120u0_contextualSignatureInstantiation3.ts	0	0	0	0	1	1	1		
c07121u0_contextualSignatureInstantiation4.ts	0	0	0	0	1	1	1		
c07122u0_contextualSignatureInstantiationWithTypeParameterConstrainedToOuterTypeParameter.ts	0	0	0	0	1	1	1		
c07123u0_contextualSignatureInstatiationContravariance.ts	0	0	0	0	1	1	1		
c07124u0_contextualSignatureInstatiationCovariance.ts	0	0	0	0	1	1	1		
c07125u0_contextualSignature_objectLiteralMethodMayReturnNever.ts	0	0	0	0	1	1	1		
c07126u0_contextualTupleTypeParameterReadonly.ts	0	0	0	0	1	1	1		
c07127u0_contextualTypeAny.ts	0	0	0	0	1	1	1		
c07128u0_contextualTypeAppliedToVarArgs.ts	0	0	0	0	1	1	1		
c07129u0_contextualTypeArrayReturnType.ts	0	0	0	0	1	1	1		
c07130u0_contextualTypeBasedOnIntersectionWithAnyInTheMix1.ts	0	0	0	0	1	1	1		
c07131u0_contextualTypeBasedOnIntersectionWithAnyInTheMix2.ts	0	0	0	0	1	1	1		
c07132u0_contextualTypeBasedOnIntersectionWithAnyInTheMix3.ts	0	0	0	0	1	1	1		
c07133u0_contextualTypeBasedOnIntersectionWithAnyInTheMix4.ts	0	0	0	0	1	1	1		
c07134u0_contextualTypeBasedOnIntersectionWithAnyInTheMix5.ts	0	0	0	0	1	1	1		
c07135u0_contextualTypeCaching.ts	0	0	0	0	1	1	1		
c07136u0_contextualTypeForInitalizedVariablesFiltersUndefined.ts	0	0	0	0	1	1	1		
c07137u0_contextualTypeFunctionObjectPropertyIntersection.ts	0	0	0	0	1	1	1		
c07138u0_contextualTypeIterableUnions.ts	0	0	0	0	1	1	1		
c07139u0_contextualTypeLogicalOr.ts	0	0	0	0	1	1	1		
c07140u0_contextualTypeObjectSpreadExpression.ts	0	0	0	0	1	1	1		
c07141u0_contextualTypeOfIndexedAccessParameter.ts	0	0	0	0	1	1	1		
c07142u0_contextualTypeOnYield1.ts	0	0	0	0	1	1	1		
c07143u0_contextualTypeOnYield2.ts	0	0	0	0	1	1	1		
c07144u0_contextualTypeSelfReferencing.ts	0	0	0	0	1	1	1		
c07145u0_contextualTypeShouldBeLiteral.ts	0	0	0	0	1	1	1		
c07146u0_contextualTypesNegatedTypeLikeConstraintInGenericMappedType1.ts	0	0	0	0	1	1	1		
c07147u0_contextualTypesNegatedTypeLikeConstraintInGenericMappedType2.ts	0	0	0	0	1	1	1		
c07148u0_contextualTypesNegatedTypeLikeConstraintInGenericMappedType3.ts	0	0	0	0	1	1	1		
c07149u0_contextualTyping.ts	0	0	0	0	1	1	1		
c07150u0_contextualTyping1.ts	0	0	0	0	1	1	1		
c07151u0_contextualTyping10.ts	0	0	0	0	1	1	1		
c07152u0_contextualTyping11.ts	0	0	0	0	1	1	1		
c07153u0_contextualTyping12.ts	0	0	0	0	1	1	1		
c07154u0_contextualTyping13.ts	0	0	0	0	1	1	1		
c07155u0_contextualTyping14.ts	0	0	0	0	1	1	1		
c07156u0_contextualTyping15.ts	0	0	0	0	1	1	1		
c07157u0_contextualTyping16.ts	0	0	0	0	1	1	1		
c07158u0_contextualTyping17.ts	0	0	0	0	1	1	1		
c07159u0_contextualTyping18.ts	0	0	0	0	1	1	1		
c07160u0_contextualTyping19.ts	0	0	0	0	1	1	1		
c07161u0_contextualTyping2.ts	0	0	0	0	1	1	1		
c07162u0_contextualTyping20.ts	0	0	0	0	1	1	1		
c07163u0_contextualTyping21.ts	0	0	0	0	1	1	1		
c07164u0_contextualTyping22.ts	0	0	0	0	1	1	1		
c07165u0_contextualTyping23.ts	0	0	0	0	1	1	1		
c07166u0_contextualTyping24.ts	0	0	0	0	1	1	1		
c07167u0_contextualTyping25.ts	0	0	0	0	1	1	1		
c07168u0_contextualTyping26.ts	0	0	0	0	1	1	1		
c07169u0_contextualTyping27.ts	0	0	0	0	1	1	1		
c07170u0_contextualTyping28.ts	0	0	0	0	1	1	1		
c07171u0_contextualTyping29.ts	0	0	0	0	1	1	1		
c07172u0_contextualTyping3.ts	0	0	0	0	1	1	1		
c07173u0_contextualTyping30.ts	0	0	0	0	1	1	1		
c07174u0_contextualTyping31.ts	0	0	0	0	1	1	1		
c07175u0_contextualTyping32.ts	0	0	0	0	1	1	1		
c07176u0_contextualTyping33.ts	0	0	0	0	1	1	1		
c07177u0_contextualTyping34.ts	0	0	0	0	1	1	1		
c07178u0_contextualTyping35.ts	0	0	0	0	1	1	1		
c07179u0_contextualTyping36.ts	0	0	0	0	1	1	1		
c07180u0_contextualTyping37.ts	0	0	0	0	1	1	1		
c07181u0_contextualTyping38.ts	0	0	0	0	1	1	1		
c07182u0_contextualTyping39.ts	0	0	0	0	1	1	1		
c07183u0_contextualTyping4.ts	0	0	0	0	1	1	1		
c07184u0_contextualTyping40.ts	0	0	0	0	1	1	1		
c07185u0_contextualTyping41.ts	0	0	0	0	1	1	1		
c07186u0_contextualTyping5.ts	0	0	0	0	1	1	1		
c07187u0_contextualTyping6.ts	0	0	0	0	1	1	1		
c07188u0_contextualTyping7.ts	0	0	0	0	1	1	1		
c07189u0_contextualTyping8.ts	0	0	0	0	1	1	1		
c07190u0_contextualTyping9.ts	0	0	0	0	1	1	1		
c07191u0_contextualTypingArrayDestructuringWithDefaults.ts	0	0	0	0	1	1	1		
c07192u0_contextualTypingArrayOfLambdas.ts	0	0	0	0	1	1	1		
c07193u0_contextualTypingFunctionReturningFunction.ts	0	0	0	0	1	1	1		
c07194u0_contextualTypingFunctionReturningFunction2.ts	0	0	0	0	1	1	1		
c07195u0_contextualTypingOfAccessors.ts	0	0	0	0	1	1	1		
c07196u0_contextualTypingOfArrayLiterals1.ts	0	0	0	0	1	1	1		
c07197u0_contextualTypingOfConditionalExpression.ts	0	0	0	0	1	1	1		
c07198u0_contextualTypingOfConditionalExpression2.ts	0	0	0	0	1	1	1		
c07199u0_contextualTypingOfGenericFunctionTypedArguments1.ts	0	0	0	0	1	1	1		
c07200u0_contextualTypingOfLambdaReturnExpression.ts	0	0	0	0	1	1	1		
c07201u0_contextualTypingOfLambdaWithMultipleSignatures.ts	0	0	0	0	1	1	1		
c07202u0_contextualTypingOfLambdaWithMultipleSignatures2.ts	0	0	0	0	1	1	1		
c07203u0_contextualTypingOfObjectLiterals.ts	0	0	0	0	1	1	1		
c07204u0_contextualTypingOfObjectLiterals2.ts	0	0	0	0	1	1	1		
c07205u0_index.tsx	0	0	0	0	1	1	1		
c07206u0_contextualTypingOfTooShortOverloads.ts	0	0	0	0	1	1	1		
c07207u0_contextualTypingReturnStatementWithReturnTypeAnnotation.ts	0	0	0	0	1	1	1		
c07208u0_contextualTypingTwoInstancesOfSameTypeParameter.ts	0	0	0	0	1	1	1		
c07209u0_contextualTypingWithFixedTypeParameters1.ts	0	0	0	0	1	1	1		
c07210u0_contextualTypingWithGenericAndNonGenericSignature.ts	0	0	0	0	1	1	1		
c07211u0_contextualTypingWithGenericSignature.ts	0	0	0	0	1	1	1		
c07213u0_contextuallyTypeAsyncFunctionReturnTypeFromUnion.ts	0	0	0	0	1	1	1		
c07214u0_contextuallyTypeGeneratorReturnTypeFromUnion.ts	0	0	0	0	1	1	1		
c07215u0_contextuallyTypedBooleanLiterals.ts	0	0	0	0	1	1	1		
c07216u0_contextuallyTypedByDiscriminableUnion.ts	0	0	0	0	1	1	1		
c07217u0_contextuallyTypedByDiscriminableUnion2.ts	0	0	0	0	1	1	1		
c07218u0_contextuallyTypedGenericAssignment.ts	0	0	0	0	1	1	1		
c07219u0_index.tsx	0	0	0	0	1	1	1		
c07220u0_contextuallyTypedJsxAttribute2.tsx	0	0	0	0	1	1	1		
c07221u0_contextuallyTypedJsxChildren.tsx	0	0	0	0	1	1	1		
c07222u0_contextuallyTypedJsxChildren2.tsx	0	0	0	0	1	1	1		
c07223u0_contextuallyTypedOptionalProperty.ts	0	0	0	0	1	1	1		
c07225u0_contextuallyTypedParametersWithInitializers1.ts	0	0	0	0	1	1	1		
c07226u0_contextuallyTypedParametersWithInitializers2.ts	0	0	0	0	1	1	1		
c07227u0_contextuallyTypedParametersWithInitializers3.ts	0	0	0	0	1	1	1		
c07228u0_contextuallyTypedParametersWithInitializers4.ts	0	0	0	0	1	1	1		
c07229u0_contextuallyTypedParametersWithQuestionToken.ts	0	0	0	0	1	1	1		
c07230u0_contextuallyTypedSymbolNamedProperties.ts	0	0	0	0	1	1	1		
c07231u0_contextuallyTypingOrOperator.ts	0	0	0	0	1	1	1		
c07232u0_contextuallyTypingOrOperator2.ts	0	0	0	0	1	1	1		
c07233u0_contextuallyTypingOrOperator3.ts	0	0	0	0	1	1	1		
c07234u0_contextuallyTypingRestParameters.ts	0	0	0	0	1	1	1		
c07235u0_continueInIterationStatement1.ts	0	0	0	0	1	1	1		
c07236u0_continueInIterationStatement2.ts	0	0	0	0	1	1	1		
c07237u0_continueInIterationStatement3.ts	0	0	0	0	1	1	1		
c07238u0_continueInIterationStatement4.ts	0	0	0	0	1	1	1		
c07239u0_continueInLoopsWithCapturedBlockScopedBindings1.ts	0	0	0	0	1	1	1		
c07240u0_continueLabel.ts	0	0	0	0	1	1	1		
c07241u0_continueNotInIterationStatement1.ts	0	0	0	0	1	1	1		
c07242u0_continueNotInIterationStatement2.ts	0	0	0	0	1	1	1		
c07243u0_continueNotInIterationStatement3.ts	0	0	0	0	1	1	1		
c07244u0_continueNotInIterationStatement4.ts	0	0	0	0	1	1	1		
c07245u0_continueStatementInternalComments.ts	0	0	0	0	1	1	1		
c07246u0_continueTarget1.ts	0	0	0	0	1	1	1		
c07247u0_continueTarget2.ts	0	0	0	0	1	1	1		
c07248u0_continueTarget3.ts	0	0	0	0	1	1	1		
c07249u0_continueTarget4.ts	0	0	0	0	1	1	1		
c07250u0_continueTarget5.ts	0	0	0	0	1	1	1		
c07251u0_continueTarget6.ts	0	0	0	0	1	1	1		
c07252u0_contravariantInferenceAndTypeGuard.ts	0	0	0	0	1	1	1		
c07253u0_contravariantOnlyInferenceFromAnnotatedFunction.ts	0	0	0	0	1	1	1		
c07255u0_contravariantOnlyInferenceWithAnnotatedOptionalParameter.ts	0	0	0	0	1	1	1		
c07257u0_contravariantTypeAliasInference.ts	0	0	0	0	1	1	1		
c07258u0_controlFlowAliasedDiscriminants.ts	0	0	0	0	1	1	1		
c07259u0_controlFlowAnalysisOnBareThisKeyword.ts	0	0	0	0	1	1	1		
c07260u0_controlFlowArrayErrors.ts	0	0	0	0	1	1	1		
c07261u0_controlFlowArrays.ts	0	0	0	0	1	1	1		
c07262u0_controlFlowAutoAccessor1.ts	0	0	0	0	1	1	1		
c07263u0_controlFlowBreakContinueWithLabel.ts	0	0	0	0	1	1	1		
c07264u0_controlFlowCaching.ts	0	0	0	0	1	1	1		
c07265u0_controlFlowCommaExpressionAssertionMultiple.ts	0	0	0	0	1	1	1		
c07266u0_controlFlowCommaExpressionAssertionWithinTernary.ts	0	0	0	0	1	1	1		
c07267u0_controlFlowCommaExpressionFunctionCall.ts	0	0	0	0	1	1	1		
c07268u0_controlFlowDestructuringLoop.ts	0	0	0	0	1	1	1		
c07269u0_controlFlowDestructuringParameters.ts	0	0	0	0	1	1	1		
c07270u0_controlFlowDestructuringVariablesInTryCatch.ts	0	0	0	0	1	1	1		
c07271u0_controlFlowFavorAssertedTypeThroughTypePredicate.ts	0	0	0	0	1	1	1		
c07272u0_controlFlowFinallyNoCatchAssignments.ts	0	0	0	0	1	1	1		
c07273u0_controlFlowForCatchAndFinally.ts	0	0	0	0	1	1	1		
c07274u0_controlFlowForCompoundAssignmentToThisMember.ts	0	0	0	0	1	1	1		
c07275u0_controlFlowForFunctionLike1.ts	0	0	0	0	1	1	1		
c07276u0_controlFlowForIndexSignatures.ts	0	0	0	0	1	1	1		
c07277u0_controlFlowForStatementContinueIntoIncrementor1.ts	0	0	0	0	1	1	1		
c07278u0_controlFlowFunctionLikeCircular_1.ts	0	0	0	0	1	1	1		
c07278u1_controlFlowFunctionLikeCircular_2.ts	0	0	0	0	1	1	1		
c07278u2_controlFlowFunctionLikeCircular_3.ts	0	0	0	0	1	1	1		
c07278u3_controlFlowFunctionLikeCircular_4.ts	0	0	0	0	1	1	1		
c07278u4_controlFlowFunctionLikeCircular_5.ts	0	0	0	0	1	1	1		
c07278u5_controlFlowFunctionLikeCircular_6.ts	0	0	0	0	1	1	1		
c07278u6_controlFlowFunctionLikeCircular_7.ts	0	0	0	0	1	1	1		
c07278u7_controlFlowFunctionLikeCircular_8.ts	0	0	0	0	1	1	1		
c07278u8_controlFlowFunctionLikeCircular_9.ts	0	0	0	0	1	1	1		
c07278u9_controlFlowFunctionLikeCircular_10.ts	0	0	0	0	1	1	1		
c07279u0_controlFlowInitializedDestructuringVariables.ts	0	0	0	0	1	1	1		
c07280u0_controlFlowInstanceof.ts	0	0	0	0	1	1	1		
c07281u0_controlFlowInstanceofWithSymbolHasInstance.ts	0	0	0	0	1	1	1		
c07283u0_controlFlowLoopAnalysis.ts	0	0	0	0	1	1	1		
c07284u0_controlFlowManyCallExpressionStatementsPerf.ts	0	0	0	0	1	1	1		
c07285u0_controlFlowManyConsecutiveConditionsNoTimeout.ts	0	0	0	0	1	1	1		
c07286u0_controlFlowNoImplicitAny.ts	0	0	0	0	1	1	1		
c07287u0_controlFlowNullTypeAndLiteral.ts	0	0	0	0	1	1	1		
c07288u0_controlFlowOuterVariable.ts	0	0	0	0	1	1	1		
c07289u0_controlFlowPrivateClassField.ts	0	0	0	0	1	1	1		
c07290u0_controlFlowPropertyDeclarations.ts	1	0	0	0	0	0	0	label go<.TagName: KindIdentifier> ts<.NameExpression: KindJSDocNameReference>	
c07291u0_controlFlowPropertyInitializer.ts	0	0	0	0	1	1	1		
c07292u0_controlFlowSelfReferentialLoop.ts	0	0	0	0	1	1	1		
c07293u0_controlFlowUnionContainingTypeParameter1.ts	0	0	0	0	1	1	1		
c07294u0_controlFlowWithIncompleteTypes.ts	0	0	0	0	1	1	1		
c07295u0_convertClassExpressionToFunctionFromObjectProperty1.ts	0	0	0	0	1	1	1		
c07296u0_convertClassExpressionToFunctionFromObjectProperty2.ts	0	0	0	0	1	1	1		
c07297u0_convertKeywords.ts	0	0	0	0	1	1	1		
c07298u0_convertKeywordsYes.ts	0	0	0	0	1	1	1		
c07299u0_copyrightWithNewLine1.ts	1	0	0	0	1	1	1		
c07300u0_copyrightWithoutNewLine1.ts	1	0	0	0	1	1	1		
c07301u0_correctOrderOfPromiseMethod.ts	0	0	0	0	1	1	1		
c07302u0_correlatedUnions.ts	0	0	0	0	1	1	1		
c07303u0_corrupted.ts	0	0	1	1	1	1	1		
c07304u0_couldNotSelectGenericOverload.ts	0	0	0	0	1	1	1		
c07305u0_covariance1.ts	0	0	0	0	1	1	1		
c07306u0_bar.d.ts	0	0	0	0	1	1	1		
c07306u1_foo.d.ts	1	0	0	0	1	1	1		
c07307u0_crashInEmitTokenWithComment.ts	0	0	0	0	1	1	1		
c07308u0_crashInGetTextOfComputedPropertyName.ts	0	0	0	0	1	1	1		
c07309u0_file1.ts	0	0	0	0	1	1	1		
c07309u1_file2.ts	0	0	0	0	1	1	1		
c07310u0_crashInYieldStarInAsyncFunction.ts	0	0	0	0	1	1	1		
c07311u0_crashInresolveReturnStatement.ts	0	0	0	0	1	1	1		
c07312u0_crashInsourcePropertyIsRelatableToTargetProperty.ts	0	0	0	0	1	1	1		
c07313u0_crashIntypeCheckInvocationExpression.ts	0	0	0	0	1	1	1		
c07314u0_crashIntypeCheckObjectCreationExpression.ts	0	0	0	0	1	1	1		
c07315u0_crashOnMethodSignatures.ts	0	0	0	0	1	1	1		
c07316u0_crashRegressionTest.ts	0	1	0	0	1	1	1		
c07317u0_createArray.ts	0	0	4	4	1	1	1		
c07318u0_index.d.ts	0	0	0	0	1	1	1		
c07318u1_index.ts	0	0	0	0	1	1	1		
c07318u2_augmentations.d.ts	0	0	0	0	1	1	1		
c07319u0_notmodule.cts	0	0	0	0	1	1	1		
c07320u0_curiousNestedConditionalEvaluationResult.ts	0	0	0	0	1	1	1		
c07321u0_customAsyncIterator.ts	0	0	0	0	1	1	1		
c07322u0_customEventDetail.ts	0	0	0	0	1	1	1		
c07323u0_cyclicGenericTypeInstantiation.ts	0	0	0	0	1	1	1		
c07324u0_cyclicGenericTypeInstantiationInference.ts	0	0	0	0	1	1	1		
c07325u0_cyclicModuleImport.ts	0	0	0	0	1	1	1		
c07326u0_cyclicTypeInstantiation.ts	0	0	0	0	1	1	1		
c07327u0_dataViewConstructor.ts	0	0	0	0	1	1	1		
c07328u0_debugger.ts	0	0	0	0	1	1	1		
c07329u0_debuggerEmit.ts	0	0	0	0	1	1	1		
c07330u0_declFileAccessors_0.ts	1	0	0	0	1	1	1		
c07330u1_declFileAccessors_1.ts	1	0	0	0	1	1	1		
c07331u0_declFileAliasUseBeforeDeclaration_foo.ts	0	0	0	0	1	1	1		
c07331u1_declFileAliasUseBeforeDeclaration_test.ts	0	0	0	0	1	1	1		
c07332u0_declFileAliasUseBeforeDeclaration2.ts	0	0	0	0	1	1	1		
c07333u0_declFileAmbientExternalModuleWithSingleExportedModule_0.ts	0	0	0	0	1	1	1		
c07333u1_declFileAmbientExternalModuleWithSingleExportedModule_1.ts	0	0	0	0	1	1	1		
c07334u0_declFileCallSignatures_0.ts	1	0	0	0	1	1	1		
c07334u1_declFileCallSignatures_1.ts	1	0	0	0	1	1	1		
c07335u0_declFileClassExtendsNull.ts	0	0	0	0	1	1	1		
c07336u0_declFileClassWithIndexSignature.ts	0	0	0	0	1	1	1		
c07337u0_declFileClassWithStaticMethodReturningConstructor.ts	0	0	0	0	1	1	1		
c07338u0_declFileConstructSignatures_0.ts	1	0	0	0	1	1	1		
c07338u1_declFileConstructSignatures_1.ts	1	0	0	0	1	1	1		
c07339u0_declFileConstructors_0.ts	1	0	0	0	1	1	1		
c07339u1_declFileConstructors_1.ts	1	0	0	0	1	1	1		
c07340u0_helloworld.ts	0	0	0	0	1	1	1		
c07341u0_hello.ts	0	0	0	0	1	1	1		
c07342u0_hello.ts	0	0	0	0	1	1	1		
c07343u0_declFileEnumUsedAsValue.ts	0	0	0	0	1	1	1		
c07344u0_declFileEnums.ts	0	0	0	0	1	1	1		
c07345u0_declFileExportAssignmentImportInternalModule.ts	0	0	0	0	1	1	1		
c07346u0_declFileExportAssignmentOfGenericInterface_0.ts	0	0	0	0	1	1	1		
c07346u1_declFileExportAssignmentOfGenericInterface_1.ts	0	0	0	0	1	1	1		
c07347u0_declFileExportImportChain_a.ts	0	0	0	0	1	1	1		
c07347u1_declFileExportImportChain_b.ts	0	0	0	0	1	1	1		
c07347u2_declFileExportImportChain_b1.ts	0	0	0	0	1	1	1		
c07347u3_declFileExportImportChain_c.ts	0	0	0	0	1	1	1		
c07347u4_declFileExportImportChain_d.ts	0	0	0	0	1	1	1		
c07348u0_declFileExportImportChain2_a.ts	0	0	0	0	1	1	1		
c07348u1_declFileExportImportChain2_b.ts	0	0	0	0	1	1	1		
c07348u2_declFileExportImportChain2_c.ts	0	0	0	0	1	1	1		
c07348u3_declFileExportImportChain2_d.ts	0	0	0	0	1	1	1		
c07349u0_declFileForClassWithMultipleBaseClasses.ts	0	0	0	0	1	1	1		
c07350u0_declFileForClassWithPrivateOverloadedFunction.ts	0	0	0	0	1	1	1		
c07351u0_declFileForExportedImport_0.ts	0	0	0	0	1	1	1		
c07351u1_declFileForExportedImport_1.ts	0	0	0	0	1	1	1		
c07352u0_declFileForFunctionTypeAsTypeParameter.ts	0	0	0	0	1	1	1		
c07353u0_declFileForInterfaceWithOptionalFunction.ts	0	0	0	0	1	1	1		
c07354u0_declFileForInterfaceWithRestParams.ts	0	0	0	0	1	1	1		
c07355u0_declFileForTypeParameters.ts	0	0	0	0	1	1	1		
c07356u0_declFileForVarList.ts	0	0	0	0	1	1	1		
c07357u0_declFileFunctions_0.ts	1	0	0	0	1	1	1		
c07357u1_declFileFunctions_1.ts	1	0	0	0	1	1	1		
c07358u0_declFileGenericClassWithGenericExtendedClass.ts	0	0	0	0	1	1	1		
c07359u0_declFileGenericType.ts	0	0	0	0	1	1	1		
c07360u0_declFileGenericType2.ts	0	1	0	0	1	1	1		
c07361u0_declFileImportChainInExportAssignment.ts	0	0	0	0	1	1	1		
c07362u0_declFileImportModuleWithExportAssignment_0.ts	0	0	0	0	1	1	1		
c07362u1_declFileImportModuleWithExportAssignment_1.ts	1	0	0	0	1	1	1		
c07363u0_declFileImportedTypeUseInTypeArgPosition.ts	0	0	0	0	1	1	1		
c07364u0_declFileIndexSignatures_0.ts	0	0	0	0	1	1	1		
c07364u1_declFileIndexSignatures_1.ts	0	0	0	0	1	1	1		
c07365u0_declFileInternalAliases.ts	0	0	0	0	1	1	1		
c07366u0_declFileMethods_0.ts	1	0	0	0	1	1	1		
c07366u1_declFileMethods_1.ts	1	0	0	0	1	1	1		
c07367u0_declFileModuleAssignmentInObjectLiteralProperty.ts	0	0	0	0	1	1	1		
c07368u0_declFileModuleContinuation.ts	0	1	0	0	1	1	1		
c07369u0_declFileModuleWithPropertyOfTypeModule.ts	0	0	0	0	1	1	1		
c07370u0_declFileObjectLiteralWithAccessors.ts	0	0	0	0	1	1	1		
c07371u0_declFileObjectLiteralWithOnlyGetter.ts	0	0	0	0	1	1	1		
c07372u0_declFileObjectLiteralWithOnlySetter.ts	0	0	0	0	1	1	1		
c07373u0_declFileOptionalInterfaceMethod.ts	0	0	0	0	1	1	1		
c07374u0_declFilePrivateMethodOverloads.ts	0	0	0	0	1	1	1		
c07375u0_declFilePrivateStatic.ts	0	0	0	0	1	1	1		
c07376u0_declFileRegressionTests.ts	0	0	0	0	1	1	1		
c07377u0_declFileRestParametersOfFunctionAndFunctionType.ts	0	0	0	0	1	1	1		
c07378u0_declFileTypeAnnotationArrayType.ts	0	0	0	0	1	1	1		
c07379u0_declFileTypeAnnotationBuiltInType.ts	0	0	0	0	1	1	1		
c07380u0_declFileTypeAnnotationParenType.ts	0	0	0	0	1	1	1		
c07381u0_declFileTypeAnnotationStringLiteral.ts	0	0	0	0	1	1	1		
c07382u0_declFileTypeAnnotationTupleType.ts	0	0	0	0	1	1	1		
c07383u0_declFileTypeAnnotationTypeAlias.ts	0	0	0	0	1	1	1		
c07384u0_declFileTypeAnnotationTypeLiteral.ts	0	0	0	0	1	1	1		
c07385u0_declFileTypeAnnotationTypeQuery.ts	0	0	0	0	1	1	1		
c07386u0_declFileTypeAnnotationTypeReference.ts	0	0	0	0	1	1	1		
c07387u0_declFileTypeAnnotationUnionType.ts	0	0	0	0	1	1	1		
c07388u0_declFileTypeAnnotationVisibilityErrorAccessors.ts	0	0	0	0	1	1	1		
c07389u0_declFileTypeAnnotationVisibilityErrorParameterOfFunction.ts	0	0	0	0	1	1	1		
c07390u0_declFileTypeAnnotationVisibilityErrorReturnTypeOfFunction.ts	0	0	0	0	1	1	1		
c07391u0_declFileTypeAnnotationVisibilityErrorTypeAlias.ts	0	0	0	0	1	1	1		
c07392u0_declFileTypeAnnotationVisibilityErrorTypeLiteral.ts	0	0	0	0	1	1	1		
c07393u0_declFileTypeAnnotationVisibilityErrorVariableDeclaration.ts	0	0	0	0	1	1	1		
c07394u0_declFileTypeofClass.ts	0	0	0	0	1	1	1		
c07395u0_declFileTypeofEnum.ts	0	0	0	0	1	1	1		
c07396u0_declFileTypeofFunction.ts	0	0	0	0	1	1	1		
c07397u0_declFileTypeofInAnonymousType.ts	0	0	0	0	1	1	1		
c07398u0_declFileTypeofModule.ts	0	0	0	0	1	1	1		
c07399u0_declFileWithClassNameConflictingWithClassReferredByExtendsClause.ts	0	1	0	0	1	1	1		
c07400u0_declFile.d.ts	0	0	0	0	1	1	1		
c07400u1_client.ts	0	0	0	0	1	1	1		
c07401u0_declFile.d.ts	0	0	0	0	1	1	1		
c07401u1_client.ts	0	0	0	0	1	1	1		
c07402u0_declFileWithExtendsClauseThatHasItsContainerNameConflict.ts	0	1	0	0	1	1	1		
c07403u0_declFileWithInternalModuleNameConflictsInExtendsClause1.ts	0	1	0	0	1	1	1		
c07404u0_declFileWithInternalModuleNameConflictsInExtendsClause2.ts	0	1	0	0	1	1	1		
c07405u0_declFileWithInternalModuleNameConflictsInExtendsClause3.ts	0	1	0	0	1	1	1		
c07406u0_declInput-2.ts	0	0	0	0	1	1	1		
c07407u0_declInput.ts	0	0	0	0	1	1	1		
c07408u0_declInput3.ts	0	0	0	0	1	1	1		
c07409u0_declInput4.ts	0	0	0	0	1	1	1		
c07410u0_declarationAssertionNodeNotReusedWhenTypeNotEquivalent1.ts	0	0	0	0	1	1	1		
c07411u0_thingB.ts	0	0	0	0	1	1	1		
c07411u1_things.ts	0	0	0	0	1	1	1		
c07411u2_index.ts	0	0	0	0	1	1	1		
c07412u0_locale.d.ts	0	0	0	0	1	1	1		
c07412u1_instance.d.ts	0	0	0	0	1	1	1		
c07412u2_app.ts	0	0	0	0	1	1	1		
c07413u0_a.ts	0	0	0	0	1	1	1		
c07413u1_aExp.ts	0	0	0	0	1	1	1		
c07413u2_b.ts	0	0	0	0	1	1	1		
c07414u0_declarationEmitAmdModuleDefault.ts	0	0	0	0	1	1	1		
c07415u0_foo.ts	0	0	0	0	1	1	1		
c07415u1_bar.ts	0	0	0	0	1	1	1		
c07416u0_ambient.d.ts	0	0	0	0	1	1	1		
c07416u1_main.ts	0	0	0	0	1	1	1		
c07417u0_declarationEmitArrayTypesFromGenericArrayUsage.ts	0	0	0	0	1	1	1		
c07418u0_declarationEmitArrowFunctionNoRenaming.ts	0	0	0	0	1	1	1		
c07419u0_declarationEmitBindingPatternWithReservedWord.ts	0	0	0	0	1	1	1		
c07420u0_declarationEmitBindingPatterns.ts	0	0	0	0	1	1	1		
c07421u0_declarationEmitBindingPatternsFunctionExpr.ts	0	0	0	0	1	1	1		
c07422u0_declarationEmitBindingPatternsUnused.ts	0	0	0	0	1	1	1		
c07423u0_lib.d.ts	0	0	0	0	1	1	1		
c07423u1_datastore_result.ts	0	0	0	0	1	1	1		
c07423u2_conditional_directive_field.ts	0	0	0	0	1	1	1		
c07424u0_index.d.ts	0	0	0	0	1	1	1		
c07424u1_index.d.cts	0	0	0	0	1	1	1		
c07424u2_makeC.ts	0	0	0	0	1	1	1		
c07424u3_index.ts	0	0	0	0	1	1	1		
c07425u0_declarationEmitCastReusesTypeNode1.ts	0	0	0	0	1	1	1		
c07426u0_declarationEmitCastReusesTypeNode2.ts	0	0	0	0	1	1	1		
c07427u0_declarationEmitCastReusesTypeNode3.ts	0	0	0	0	1	1	1		
c07429u0_declarationEmitCastReusesTypeNode5.ts	0	0	0	0	1	1	1		
c07431u0_declarationEmitClassInherritsAny.ts	0	0	0	0	1	1	1		
c07432u0_declarationEmitClassMemberNameConflict.ts	0	0	0	0	1	1	1		
c07433u0_declarationEmitClassMemberNameConflict2.ts	0	0	0	0	1	1	1		
c07434u0_declarationEmitClassMemberWithComputedPropertyName.ts	0	0	0	0	1	1	1		
c07435u0_declarationEmitClassMixinLocalClassDeclaration.ts	0	0	0	0	1	1	1		
c07436u0_declarationEmitClassPrivateConstructor.ts	0	0	0	0	1	1	1		
c07437u0_declarationEmitClassPrivateConstructor2.ts	0	0	0	0	1	1	1		
c07441u0_index.d.ts	0	0	0	0	1	1	1		
c07441u1_index.d.ts	0	0	0	0	1	1	1		
c07441u2_other.d.ts	0	0	0	0	1	1	1		
c07441u3_index.d.ts	0	0	0	0	1	1	1		
c07441u4_index.d.ts	0	0	0	0	1	1	1		
c07441u5_entry.ts	0	0	0	0	1	1	1		
c07442u0_index.ts	0	0	0	0	1	1	1		
c07442u1_index.ts	0	0	0	0	1	1	1		
c07442u2_index.ts	0	0	0	0	1	1	1		
c07442u3_index.ts	0	0	0	0	1	1	1		
c07443u0_context.ts	0	0	0	0	1	1	1		
c07443u1_index.ts	0	0	0	0	1	1	1		
c07444u0_EnumExample.ts	0	0	0	0	1	1	1		
c07444u1_index.ts	0	0	0	0	1	1	1		
c07445u0_declarationEmitComputedNameWithQuestionToken.ts	0	0	0	0	1	1	1		
c07446u0_declarationEmitComputedNamesInaccessible.ts	0	0	0	0	1	1	1		
c07447u0_declarationEmitComputedPropertyName1.ts	0	0	0	0	1	1	1		
c07448u0_type.ts	0	0	0	0	1	1	1		
c07448u1_index.ts	0	0	0	0	1	1	1		
c07449u0_type.ts	0	0	0	0	1	1	1		
c07449u1_index.ts	0	0	0	0	1	1	1		
c07450u0_type.ts	0	0	0	0	1	1	1		
c07450u1_index.ts	0	0	0	0	1	1	1		
c07451u0_type.ts	0	0	0	0	1	1	1		
c07451u1_index.ts	0	0	0	0	1	1	1		
c07452u0_type.ts	0	0	0	0	1	1	1		
c07452u1_index.ts	0	0	0	0	1	1	1		
c07453u0_declarationEmitConstantNoWidening.ts	0	0	0	0	1	1	1		
c07454u0_index.d.ts	0	0	0	0	1	1	1		
c07454u1_index.d.ts	0	0	0	0	1	1	1		
c07454u2_index.d.ts	0	0	0	0	1	1	1		
c07454u3_index.ts	0	0	0	0	1	1	1		
c07455u0_component.d.ts	0	0	0	0	1	1	1		
c07455u1_index.d.ts	0	0	0	0	1	1	1		
c07455u2_index.ts	0	0	0	0	1	1	1		
c07456u0_declarationEmitDefaultExport1.ts	0	0	0	0	1	1	1		
c07457u0_declarationEmitDefaultExport2.ts	0	0	0	0	1	1	1		
c07458u0_declarationEmitDefaultExport3.ts	0	0	0	0	1	1	1		
c07459u0_declarationEmitDefaultExport4.ts	0	0	0	0	1	1	1		
c07460u0_declarationEmitDefaultExport5.ts	0	0	0	0	1	1	1		
c07461u0_declarationEmitDefaultExport6.ts	0	0	0	0	1	1	1		
c07462u0_declarationEmitDefaultExport7.ts	0	0	0	0	1	1	1		
c07463u0_declarationEmitDefaultExport8.ts	0	0	0	0	1	1	1		
c07464u0_foo.ts	0	0	0	0	1	1	1		
c07464u1_index1.ts	0	0	0	0	1	1	1		
c07464u2_index2.ts	0	0	0	0	1	1	1		
c07464u3_index3.ts	0	0	0	0	1	1	1		
c07464u4_index4.ts	0	0	0	0	1	1	1		
c07465u0_pi.ts	0	0	0	0	1	1	1		
c07466u0_pi.ts	0	0	0	0	1	1	1		
c07467u0_declarationEmitDestructuring1.ts	0	0	0	0	1	1	1		
c07468u0_declarationEmitDestructuring2.ts	0	0	0	0	1	1	1		
c07469u0_declarationEmitDestructuring3.ts	0	0	0	0	1	1	1		
c07470u0_declarationEmitDestructuring4.ts	0	0	0	0	1	1	1		
c07471u0_declarationEmitDestructuring5.ts	0	0	0	0	1	1	1		
c07472u0_declarationEmitDestructuringArrayPattern1.ts	0	0	0	0	1	1	1		
c07473u0_declarationEmitDestructuringArrayPattern2.ts	0	0	0	0	1	1	1		
c07474u0_declarationEmitDestructuringArrayPattern3.ts	0	0	0	0	1	1	1		
c07475u0_declarationEmitDestructuringArrayPattern4.ts	0	0	0	0	1	1	1		
c07476u0_declarationEmitDestructuringArrayPattern5.ts	0	0	0	0	1	1	1		
c07477u0_declarationEmitDestructuringObjectLiteralPattern.ts	0	0	0	0	1	1	1		
c07478u0_declarationEmitDestructuringObjectLiteralPattern1.ts	0	0	0	0	1	1	1		
c07479u0_declarationEmitDestructuringObjectLiteralPattern2.ts	0	0	0	0	1	1	1		
c07480u0_declarationEmitDestructuringOptionalBindingParametersInOverloads.ts	0	0	0	0	1	1	1		
c07481u0_declarationEmitDestructuringParameterProperties.ts	0	0	0	0	1	1	1		
c07482u0_declarationEmitDestructuringParameterProperties2.ts	0	0	0	0	1	1	1		
c07483u0_declarationEmitDestructuringPrivacyError.ts	0	0	0	0	1	1	1		
c07484u0_declarationEmitDestructuringWithOptionalBindingParameters.ts	0	0	0	0	1	1	1		
c07485u0_test1.ts	1	0	0	0	1	1	1		
c07485u1_test2.ts	1	0	0	0	1	1	1		
c07485u2_test3.ts	1	0	0	0	1	1	1		
c07486u0_test1.ts	1	0	0	0	1	1	1		
c07486u1_test2.ts	1	0	0	0	1	1	1		
c07486u2_test3.ts	1	0	0	0	1	1	1		
c07487u0_declarationEmitDistributiveConditionalWithInfer.ts	0	0	0	0	1	1	1		
c07488u0_sub.ts	0	0	0	0	1	1	1		
c07488u1_index.ts	0	0	0	0	1	1	1		
c07489u0_declarationEmitDuplicateParameterDestructuring.ts	0	0	0	0	1	1	1		
c07490u0_declarationEmitEnumReadonlyProperty.ts	0	0	0	0	1	1	1		
c07491u0_translation.ts	0	0	0	0	1	1	1		
c07491u1_test.ts	0	0	0	0	1	1	1		
c07491u2_index.ts	0	0	0	0	1	1	1		
c07492u0_declarationEmitExactOptionalPropertyTypesNodeNotReused.ts	0	0	0	0	1	1	1		
c07493u0_a.ts	0	0	0	0	1	1	1		
c07493u1_b.ts	0	0	0	0	1	1	1		
c07494u0_declarationEmitExpandoWithGenericConstraint.ts	0	0	0	0	1	1	1		
c07495u0_Types.ts	0	0	0	0	1	1	1		
c07495u1_Card.ts	0	0	0	0	1	1	1		
c07495u2_index.ts	0	0	0	0	1	1	1		
c07496u0_index.d.ts	0	0	0	0	1	1	1		
c07496u1_index.d.ts	0	0	0	0	1	1	1		
c07496u2_get-comp.ts	0	0	0	0	1	1	1		
c07496u3_inferred-comp-export.ts	0	0	0	0	1	1	1		
c07496u4_some-other-file.ts	0	0	0	0	1	1	1		
c07497u0_utils.ts	0	0	0	0	1	1	1		
c07497u1_index.ts	0	0	0	0	1	1	1		
c07498u0_utils.ts	0	0	0	0	1	1	1		
c07498u1_index.ts	0	0	0	0	1	1	1		
c07499u0_declarationEmitExpressionInExtends.ts	0	0	0	0	1	1	1		
c07500u0_declarationEmitExpressionInExtends2.ts	0	0	0	0	1	1	1		
c07501u0_declarationEmitExpressionInExtends3.ts	0	0	0	0	1	1	1		
c07502u0_declarationEmitExpressionInExtends4.ts	0	0	0	0	1	1	1		
c07503u0_declarationEmitExpressionInExtends5.ts	0	0	0	0	1	1	1		
c07504u0_index.d.ts	0	0	0	0	1	1	1		
c07504u1_a.ts	0	0	0	0	1	1	1		
c07504u2_b.ts	0	0	0	0	1	1	1		
c07505u0_declarationEmitExpressionInExtends7.ts	0	0	0	0	1	1	1		
c07506u0_a.ts	0	0	0	0	1	1	1		
c07506u1_b.ts	0	0	0	0	1	1	1		
c07507u0_declarationEmitFBoundedTypeParams.ts	0	0	0	0	1	1	1		
c07508u0_declarationEmitFirstTypeArgumentGenericFunctionType.ts	0	0	0	0	1	1	1		
c07509u0_declarationEmitForDefaultExportClassExtendingExpression01.ts	0	0	0	0	1	1	1		
c07510u0_impl.d.ts	0	0	0	0	1	1	1		
c07510u1_index.d.ts	0	0	0	0	1	1	1		
c07510u2_impl.d.ts	0	0	0	0	1	1	1		
c07510u3_index.d.ts	0	0	0	0	1	1	1		
c07510u4_index.ts	0	0	0	0	1	1	1		
c07510u5_index.d.ts	0	0	0	0	1	1	1		
c07511u0_impl.d.ts	0	0	0	0	1	1	1		
c07511u1_index.d.ts	0	0	0	0	1	1	1		
c07511u2_index.ts	0	0	0	0	1	1	1		
c07511u3_index.d.ts	0	0	0	0	1	1	1		
c07512u0_child1.ts	0	0	0	0	1	1	1		
c07512u1_parent.ts	0	0	0	0	1	1	1		
c07513u0_b.ts	0	0	0	0	1	1	1		
c07513u1_a.ts	0	0	0	0	1	1	1		
c07514u0_declarationEmitFunctionDuplicateNamespace.ts	0	0	0	0	1	1	1		
c07515u0_declarationEmitFunctionKeywordProp.ts	0	0	0	0	1	1	1		
c07516u0_declarationEmitGenericTypeParamerSerialization.ts	0	0	0	0	1	1	1		
c07517u0_declarationEmitGenericTypeParamerSerialization2.ts	0	0	0	0	1	1	1		
c07518u0_declarationEmitGenericTypeParamerSerialization3.ts	0	0	0	0	1	1	1		
c07519u0_declarationEmitGlobalThisPreserved.ts	0	0	0	0	1	1	1		
c07520u0_dep.d.ts	0	0	0	0	1	1	1		
c07520u1_index.ts	0	0	0	0	1	1	1		
c07521u0_declarationEmitHigherOrderRetainedGenerics.ts	0	0	0	0	1	1	1		
c07522u0_declarationEmitImportInExportAssignmentModule.ts	0	0	0	0	1	1	1		
c07523u0_declarationEmitIndexTypeArray.ts	0	0	0	0	1	1	1		
c07524u0_declarationEmitIndexTypeNotFound.ts	0	0	0	0	1	1	1		
c07525u0_declarationEmitInferredDefaultExportType.ts	0	0	0	0	1	1	1		
c07526u0_declarationEmitInferredDefaultExportType2.ts	0	0	0	0	1	1	1		
c07527u0_0.ts	0	0	0	0	1	1	1		
c07527u1_1.ts	0	0	0	0	1	1	1		
c07528u0_0.ts	0	0	0	0	1	1	1		
c07528u1_1.ts	0	0	0	0	1	1	1		
c07529u0_0.ts	0	0	0	0	1	1	1		
c07529u1_1.ts	0	0	0	0	1	1	1		
c07530u0_declarationEmitInferredTypeAlias4.ts	0	0	0	0	1	1	1		
c07531u0_0.ts	0	0	0	0	1	1	1		
c07531u1_1.ts	0	0	0	0	1	1	1		
c07532u0_0.ts	0	0	0	0	1	1	1		
c07532u1_1.ts	0	0	0	0	1	1	1		
c07533u0_0.ts	0	0	0	0	1	1	1		
c07533u1_1.ts	0	0	0	0	1	1	1		
c07534u0_declarationEmitInferredTypeAlias8.ts	0	0	0	0	1	1	1		
c07535u0_declarationEmitInferredTypeAlias9.ts	0	0	0	0	1	1	1		
c07536u0_declarationEmitInferredUndefinedPropFromFunctionInArray.ts	0	0	0	0	1	1	1		
c07537u0_test.ts	0	0	0	0	1	1	1		
c07537u1_api.ts	0	0	0	0	1	1	1		
c07537u2_internal.ts	0	0	0	0	1	1	1		
c07538u0_declarationEmitInterfaceWithNonEntityNameExpressionHeritage.ts	0	0	0	0	1	1	1		
c07539u0_declarationEmitInvalidExport.ts	0	0	1	1	1	1	1		
c07540u0_declarationEmitInvalidReference.ts	0	0	0	0	1	1	1		
c07541u0_declarationEmitInvalidReference2.ts	0	0	0	0	1	1	1		
c07542u0_declarationEmitInvalidReferenceAllowJs.ts	0	0	0	0	1	1	1		
c07543u0_config.d.ts	0	0	0	0	1	1	1		
c07543u1_utils.d.ts	0	0	0	0	1	1	1		
c07543u2_middleware.d.ts	0	0	0	0	1	1	1		
c07543u3_index.d.ts	0	0	0	0	1	1	1		
c07543u4_index.ts	0	0	0	0	1	1	1		
c07544u0_index.d.ts	0	0	0	0	1	1	1		
c07545u0_declarationEmitKeywordDestructuring.ts	0	0	0	0	1	1	1		
c07546u0_declarationEmitLambdaWithMissingTypeParameterNoCrash.ts	0	0	0	0	1	1	1		
c07547u0_declarationEmitLateBoundAssignments.ts	0	0	0	0	1	1	1		
c07548u0_declarationEmitLateBoundAssignments2.ts	0	0	0	0	1	1	1		
c07550u0_declarationEmitLocalClassDeclarationMixin.ts	0	0	0	0	1	1	1		
c07551u0_declarationEmitLocalClassHasRequiredDeclare.ts	0	0	0	0	1	1	1		
c07552u0_Helpers.ts	0	0	0	0	1	1	1		
c07552u1_FromFactor.ts	0	0	0	0	1	1	1		
c07553u0_types.ts	0	0	0	0	1	1	1		
c07553u1_reexport.ts	0	0	0	0	1	1	1		
c07554u0_declarationEmitMappedTypePreservesTypeParameterConstraint.ts	0	0	0	0	1	1	1		
c07555u0_declarationEmitMappedTypePropertyFromNumericStringKey.ts	0	0	0	0	1	1	1		
c07556u0_a.d.ts	0	0	0	0	1	1	1		
c07556u1_b.ts	0	0	0	0	1	1	1		
c07556u2_c.ts	0	0	0	0	1	1	1		
c07557u0_declarationEmitMergedAliasWithConst.ts	0	0	0	0	1	1	1		
c07559u0_first.ts	0	0	0	0	1	1	1		
c07559u1_another.ts	0	0	0	0	1	1	1		
c07560u0_declarationEmitModuleWithScopeMarker.ts	0	0	0	0	1	1	1		
c07561u0_babel-parser.d.ts	0	0	0	0	1	1	1		
c07561u1_index.ts	0	0	0	0	1	1	1		
c07561u2_index.ts	0	0	0	0	1	1	1		
c07562u0_declarationEmitMultipleComputedNamesSameDomain.ts	0	0	0	0	1	1	1		
c07563u0_declarationEmit_nameConflicts_1.ts	0	0	0	0	1	1	1		
c07563u1_declarationEmit_nameConflicts_0.ts	0	1	0	0	1	1	1		
c07564u0_declarationEmitNameConflicts2.ts	0	1	0	0	1	1	1		
c07565u0_declarationEmitNameConflicts3.ts	0	1	0	0	1	1	1		
c07566u0_declarationEmitNameConflictsWithAlias.ts	0	0	0	0	1	1	1		
c07567u0_declarationEmitNamespaceMergedWithInterfaceNestedFunction.ts	0	0	0	0	1	1	1		
c07568u0_declarationEmitNestedAnonymousMappedType.ts	0	0	0	0	1	1	1		
c07569u0_declarationEmitNestedBindingPattern.ts	0	0	0	0	1	1	1		
c07570u0_declarationEmitNestedGenerics.ts	0	0	0	0	1	1	1		
c07571u0_a.ts	1	0	0	0	1	1	1		
c07571u1_obj.d.ts	0	0	0	0	1	1	1		
c07571u2_id.d.ts	0	0	0	0	1	1	1		
c07572u0_a.ts	1	0	0	0	1	1	1		
c07572u1_obj.d.ts	0	0	0	0	1	1	1		
c07572u2_id.d.ts	0	0	0	0	1	1	1		
c07573u0_a.ts	1	0	0	0	1	1	1		
c07573u1_obj.d.ts	0	0	0	0	1	1	1		
c07573u2_id.d.ts	0	0	0	0	1	1	1		
c07574u0_declarationEmitNoNonRequiredParens.ts	0	0	0	0	1	1	1		
c07575u0_test.ts	0	0	0	0	1	1	1		
c07576u0_index.d.ts	0	0	0	0	1	1	1		
c07576u1_index.d.ts	0	0	0	0	1	1	1		
c07576u2_index.ts	0	0	0	0	1	1	1		
c07577u0_declarationEmitObjectLiteralAccessors1.ts	1	0	0	0	1	1	1		
c07579u0_expando.ts	0	0	0	0	1	1	1		
c07580u0_a.ts	0	0	0	0	1	1	1		
c07580u1_b.ts	0	0	0	0	1	1	1		
c07581u0_createApi.ts	0	0	0	0	1	1	1		
c07581u1_index.ts	0	0	0	0	1	1	1		
c07582u0_createApi.ts	0	0	0	0	1	1	1		
c07582u1_index.ts	0	0	0	0	1	1	1		
c07583u0_createApi.ts	0	0	0	0	1	1	1		
c07583u1_index.ts	0	0	0	0	1	1	1		
c07584u0_declarationEmitOptionalMappedTypePropertyNoStrictNullChecks4.ts	0	0	0	0	1	1	1		
c07585u0_declarationEmitOptionalMethod.ts	0	0	0	0	1	1	1		
c07587u0_declarationEmitOverloadedPrivateInference.ts	0	0	0	0	1	1	1		
c07588u0_declarationEmitParameterProperty.ts	0	0	0	0	1	1	1		
c07589u0_a.ts	0	0	0	0	1	1	1		
c07589u1_b.ts	0	0	0	0	1	1	1		
c07589u2_c.ts	0	0	0	0	1	1	1		
c07590u0_a.ts	0	0	0	0	1	1	1		
c07590u1_b.ts	0	0	0	0	1	1	1		
c07590u2_c.ts	0	0	0	0	1	1	1		
c07591u0_a.ts	0	0	0	0	1	1	1		
c07591u1_b.ts	0	0	0	0	1	1	1		
c07592u0_index.d.ts	0	0	0	0	1	1	1		
c07592u1_index.ts	0	0	0	0	1	1	1		
c07593u0_index.d.ts	0	0	0	0	1	1	1		
c07593u1_SvgIcon.d.ts	0	0	0	0	1	1	1		
c07593u2_utils.d.ts	0	0	0	0	1	1	1		
c07593u3_index.d.ts	0	0	0	0	1	1	1		
c07593u4_index.ts	0	0	0	0	1	1	1		
c07594u0_scalar.ts	0	0	0	0	1	1	1		
c07594u1_spacing.ts	0	0	0	0	1	1	1		
c07595u0_scalar.ts	0	0	0	0	1	1	1		
c07595u1_spacing.ts	0	0	0	0	1	1	1		
c07596u0_utils.ts	0	0	0	0	1	1	1		
c07596u1_decl.ts	0	0	0	0	1	1	1		
c07596u2_main.ts	0	0	0	0	1	1	1		
c07597u0_declarationEmitPrivateAsync.ts	0	0	0	0	1	1	1		
c07598u0_file.ts	0	0	0	0	1	1	1		
c07599u0_http-client.ts	0	0	0	0	1	1	1		
c07599u1_Api.ts	0	0	0	0	1	1	1		
c07600u0_declarationEmitPrivateReadonlyLiterals.ts	0	0	0	0	1	1	1		
c07601u0_a.ts	0	0	0	0	1	1	1		
c07601u1_b.ts	0	0	0	0	1	1	1		
c07601u2_c.ts	0	0	0	0	1	1	1		
c07602u0_declarationEmitPrivateSymbolCausesVarDeclarationToBeEmitted.ts	0	0	0	0	1	1	1		
c07603u0_declarationEmitPromise.ts	0	0	0	0	1	1	1		
c07604u0_declarationEmitPropertyNumericStringKey.ts	0	0	0	0	1	1	1		
c07605u0_declarationEmitProtectedMembers.ts	0	0	0	0	1	1	1		
c07606u0_bbb.d.ts	0	0	0	0	1	1	1		
c07606u1_lib.d.ts	0	0	0	0	1	1	1		
c07606u2_index.ts	0	0	0	0	1	1	1		
c07607u0_bug.ts	0	0	0	0	1	1	1		
c07607u1_index.ts	0	0	0	0	1	1	1		
c07608u0_input.d.ts	0	0	0	0	1	1	1		
c07608u1_a.tsx	0	0	0	0	1	1	1		
c07609u0_index.d.ts	0	0	0	0	1	1	1		
c07609u1_augmentation.ts	0	0	0	0	1	1	1		
c07609u2_index.ts	0	0	0	0	1	1	1		
c07610u0_index.d.ts	0	0	0	0	1	1	1		
c07610u1_types.d.ts	0	0	0	0	1	1	1		
c07610u2_index.d.ts	0	0	0	0	1	1	1		
c07610u3_types.d.ts	0	0	0	0	1	1	1		
c07610u4_index.ts	0	0	0	0	1	1	1		
c07610u5_keys.ts	0	0	0	0	1	1	1		
c07611u0_index.d.ts	0	0	0	0	1	1	1		
c07611u1_types.d.ts	0	0	0	0	1	1	1		
c07611u2_index.d.ts	0	0	0	0	1	1	1		
c07611u3_types.d.ts	0	0	0	0	1	1	1		
c07611u4_secondary.d.ts	0	0	0	0	1	1	1		
c07611u5_index.ts	0	0	0	0	1	1	1		
c07611u6_keys.ts	0	0	0	0	1	1	1		
c07612u0_index.d.ts	0	0	0	0	1	1	1		
c07612u1_types.d.ts	0	0	0	0	1	1	1		
c07612u2_index.d.ts	0	0	0	0	1	1	1		
c07612u3_types.d.ts	0	0	0	0	1	1	1		
c07612u4_index.ts	0	0	0	0	1	1	1		
c07612u5_keys.ts	0	0	0	0	1	1	1		
c07613u0_declarationEmitRelativeModuleError.ts	0	0	0	0	1	1	1		
c07614u0_decl.ts	0	0	0	0	1	1	1		
c07614u1_main.ts	0	0	0	0	1	1	1		
c07615u0_index.d.ts	0	0	0	0	1	1	1		
c07615u1_index.ts	0	0	0	0	1	1	1		
c07616u0_declarationEmitRetainsJsdocyComments.ts	1	0	0	0	1	1	1		
c07617u0_index.d.ts	0	0	0	0	1	1	1		
c07617u1_index.ts	0	0	0	0	1	1	1		
c07618u0_a.ts	0	0	0	0	1	1	1		
c07618u1_b.ts	0	0	0	0	1	1	1		
c07619u0_a.ts	0	0	0	0	1	1	1		
c07620u0_declarationEmitShadowing.ts	0	0	0	0	1	1	1		
c07621u0_declarationEmitShadowingInferNotRenamed.ts	0	0	0	0	1	1	1		
c07622u0_declarationEmitSimpleComputedNames1.ts	1	0	0	0	1	1	1		
c07623u0_declarationEmitSpreadStringlyKeyedEnum.ts	0	0	0	0	1	1	1		
c07624u0_class.ts	0	0	0	0	1	1	1		
c07624u1_index.ts	0	0	0	0	1	1	1		
c07625u0_index.d.ts	0	0	0	0	1	1	1		
c07625u1_NotificationAPIUtils.ts	0	0	0	0	1	1	1		
c07625u2_NotificationStore.ts	0	0	0	0	1	1	1		
c07626u0_test.ts	0	0	0	0	1	1	1		
c07627u0_test.ts	0	0	0	0	1	1	1		
c07628u0_test.ts	0	0	0	0	1	1	1		
c07629u0_a.ts	0	0	0	0	1	1	1		
c07629u1_b.ts	1	0	0	0	1	1	1		
c07630u0_a.ts	1	0	0	0	1	1	1		
c07630u1_boxedBox.d.ts	0	0	0	0	1	1	1		
c07630u2_box.d.ts	0	0	0	0	1	1	1		
c07631u0_foo.d.html.ts	0	0	0	0	1	1	1		
c07631u1_reexporter.ts	0	0	0	0	1	1	1		
c07631u2_index.ts	0	0	0	0	1	1	1		
c07632u0_index.d.ts	0	0	0	0	1	1	1		
c07632u1_usage1.ts	0	0	0	0	1	1	1		
c07632u2_usage2.ts	0	0	0	0	1	1	1		
c07632u3_usage3.ts	0	0	0	0	1	1	1		
c07633u0_declarationEmitTupleRestSignatureLeadingVariadic.ts	0	0	0	0	1	1	1		
c07634u0_declarationEmitTypeAliasTypeParameterExtendingUnknownSymbol.ts	0	0	0	0	1	1	1		
c07635u0_declarationEmitTypeAliasWithTypeParameters1.ts	0	0	0	0	1	1	1		
c07636u0_declarationEmitTypeAliasWithTypeParameters2.ts	0	0	0	0	1	1	1		
c07637u0_declarationEmitTypeAliasWithTypeParameters3.ts	0	0	0	0	1	1	1		
c07638u0_declarationEmitTypeAliasWithTypeParameters4.ts	0	0	0	0	1	1	1		
c07639u0_declarationEmitTypeAliasWithTypeParameters5.ts	0	0	0	0	1	1	1		
c07640u0_declarationEmitTypeAliasWithTypeParameters6.ts	0	0	0	0	1	1	1		
c07641u0_declarationEmitTypeParamMergedWithPrivate.ts	0	0	0	0	1	1	1		
c07642u0_declarationEmitTypeParameterNameInOuterScope.ts	0	0	0	0	1	1	1		
c07643u0_declarationEmitTypeParameterNameReusedInOverloads.ts	0	0	0	0	1	1	1		
c07644u0_declarationEmitTypeParameterNameShadowedInternally.ts	0	0	0	0	1	1	1		
c07645u0_a.ts	0	0	0	0	1	1	1		
c07645u1_b.ts	0	0	0	0	1	1	1		
c07646u0_v1.ts	1	0	0	0	1	1	1		
c07646u1_v2.ts	1	0	0	0	1	1	1		
c07647u0_declarationEmitTypeofThisInClass.ts	0	0	0	0	1	1	1		
c07648u0_declarationEmitUnknownImport.ts	0	0	0	0	1	1	1		
c07649u0_declarationEmitUnknownImport2.ts	0	0	2	2	1	1	1		
c07650u0_minimist.d.ts	0	0	0	0	1	1	1		
c07650u1_process.d.ts	0	0	0	0	1	1	1		
c07650u2_index.ts	0	0	0	0	1	1	1		
c07651u0_index.d.ts	0	0	0	0	1	1	1		
c07651u1_index.d.ts	0	0	0	0	1	1	1		
c07651u2_entry.ts	0	0	0	0	1	1	1		
c07652u0_useQuery-CPqkvEsh.d.ts	0	0	0	0	1	1	1		
c07652u1_index.d.ts	0	0	0	0	1	1	1		
c07652u2_index.mts	0	0	0	0	1	1	1		
c07653u0_useQuery-CPqkvEsh.d.ts	0	0	0	0	1	1	1		
c07653u1_index.d.ts	0	0	0	0	1	1	1		
c07653u2_index.mts	0	0	0	0	1	1	1		
c07654u0_inner.d.ts	0	0	0	0	1	1	1		
c07654u1_index.d.ts	0	0	0	0	1	1	1		
c07654u2_index.ts	0	0	0	0	1	1	1		
c07655u0_inner.d.ts	0	0	0	0	1	1	1		
c07655u1_other.d.ts	0	0	0	0	1	1	1		
c07655u2_index.d.ts	1	0	0	0	1	1	1		
c07655u3_index.ts	0	0	0	0	1	1	1		
c07656u0_declarationEmitVarInElidedBlock.ts	0	0	0	0	1	1	1		
c07657u0_test.ts	0	0	0	0	1	1	1		
c07658u0_other.ts	0	0	0	0	1	1	1		
c07658u1_main.ts	0	0	0	0	1	1	1		
c07659u0_other.ts	0	0	0	0	1	1	1		
c07659u1_main.ts	0	0	0	0	1	1	1		
c07660u0_index.d.ts	0	0	0	0	1	1	1		
c07660u1_index.ts	0	0	0	0	1	1	1		
c07661u0_input.ts	0	0	0	0	1	1	1		
c07662u0_a.d.ts	0	0	0	0	1	1	1		
c07662u1_a.ts	0	0	0	0	1	1	1		
c07663u0_out.d.ts	0	0	0	0	1	1	1		
c07663u1_a.ts	0	0	0	0	1	1	1		
c07664u0_index.d.ts	0	0	0	0	1	1	1		
c07664u1_app.ts	0	0	0	0	1	1	1		
c07665u0_index.d.ts	0	0	0	0	1	1	1		
c07665u1_app.ts	0	0	0	0	1	1	1		
c07666u0_index.d.ts	0	0	0	0	1	1	1		
c07666u1_app.ts	0	0	0	0	1	1	1		
c07667u0_index.d.ts	0	0	0	0	1	1	1		
c07667u1_app.ts	0	0	0	0	1	1	1		
c07668u0_index.d.ts	0	0	0	0	1	1	1		
c07668u1_app.ts	0	0	0	0	1	1	1		
c07669u0_declarationFunctionTypeNonlocalShouldNotBeAnError.ts	0	0	0	0	1	1	1		
c07670u0_foo.ts	0	0	0	0	1	1	1		
c07670u1_usage.ts	0	0	0	0	1	1	1		
c07671u0_declarationMaps.ts	0	0	0	0	1	1	1		
c07672u0_a.ts	0	0	0	0	1	1	1		
c07672u1_index.ts	0	0	0	0	1	1	1		
c07673u0_a.ts	0	0	0	0	1	1	1		
c07673u1_index.ts	0	0	0	0	1	1	1		
c07674u0_a.ts	0	0	0	0	1	1	1		
c07674u1_index.ts	0	0	0	0	1	1	1		
c07675u0_a.ts	0	0	0	0	1	1	1		
c07675u1_index.ts	0	0	0	0	1	1	1		
c07676u0_declarationMapsWithoutDeclaration.ts	0	0	0	0	1	1	1		
c07677u0_file1.ts	0	0	0	0	1	1	1		
c07677u1_file2.ts	0	0	0	0	1	1	1		
c07678u0_a.ts	0	0	0	0	1	1	1		
c07678u1_b.ts	0	0	0	0	1	1	1		
c07679u0_declarationNoDanglingGenerics.ts	0	0	0	0	1	1	1		
c07680u0_declarationQuotedMembers.ts	0	0	0	0	1	1	1		
c07681u0_index.d.ts	0	0	0	0	1	1	1		
c07682u0_dom.ts	0	0	0	0	1	1	1		
c07682u1_custom.ts	0	0	0	0	1	1	1		
c07682u2_index.ts	0	0	0	0	1	1	1		
c07683u0_b.ts	0	0	0	0	1	1	1		
c07683u1_a.ts	0	0	0	0	1	1	1		
c07684u0_file1.ts	0	0	0	0	1	1	1		
c07684u1_file2.ts	0	0	0	0	1	1	1		
c07684u2_file3.ts	0	0	0	0	1	1	1		
c07685u0_ctor.d.ts	0	0	0	0	1	1	1		
c07685u1_index.d.ts	0	0	0	0	1	1	1		
c07685u2_index.ts	0	0	0	0	1	1	1		
c07686u0_declarationsWithRecursiveInternalTypesProduceUniqueTypeParams.ts	0	0	0	0	1	1	1		
c07687u0_declareAlreadySeen.ts	0	0	0	0	1	1	1		
c07688u0_declareClassInterfaceImplementation.ts	0	0	0	0	1	1	1		
c07689u0_declareDottedExtend.ts	0	1	0	0	1	1	1		
c07690u0_declareDottedModuleName.ts	0	1	0	0	1	1	1		
c07691u0_declareExternalModuleWithExportAssignedFundule.ts	0	0	0	0	1	1	1		
c07692u0_declareFileExportAssignment.ts	0	0	0	0	1	1	1		
c07693u0_declareFileExportAssignmentWithVarFromVariableStatement.ts	0	0	0	0	1	1	1		
c07694u0_declareIdentifierAsBeginningOfStatementExpression01.ts	0	0	0	0	1	1	1		
c07695u0_declareModifierOnImport1.ts	0	0	0	0	1	1	1		
c07696u0_declareModifierOnTypeAlias.ts	0	0	0	0	1	1	1		
c07697u0_declaredExternalModule.ts	0	0	0	0	1	1	1		
c07698u0_declaredExternalModuleWithExportAssignment.ts	0	0	0	0	1	1	1		
c07701u0_decoratorMetadataConditionalType.ts	0	0	0	0	1	1	1		
c07702u0_observable.d.ts	0	0	0	0	1	1	1		
c07702u1_index.ts	0	0	0	0	1	1	1		
c07703u0_observable.d.ts	0	0	0	0	1	1	1		
c07703u1_index.ts	0	0	0	0	1	1	1		
c07704u0_decoratorMetadataForMethodWithNoReturnTypeAnnotation01.ts	0	0	0	0	1	1	1		
c07705u0_decoratorMetadataGenericTypeVariable.ts	0	0	0	0	1	1	1		
c07706u0_decoratorMetadataGenericTypeVariableDefault.ts	0	0	0	0	1	1	1		
c07707u0_decoratorMetadataGenericTypeVariableInScope.ts	0	0	0	0	1	1	1		
c07708u0_decoratorMetadataNoLibIsolatedModulesTypes.ts	0	0	0	0	1	1	1		
c07709u0_decoratorMetadataNoStrictNull.ts	0	0	0	0	1	1	1		
c07710u0_decoratorMetadataOnInferredType.ts	0	0	0	0	1	1	1		
c07711u0_decoratorMetadataPromise.ts	0	0	0	0	1	1	1		
c07712u0_aux.ts	0	0	0	0	1	1	1		
c07712u1_aux1.ts	0	0	0	0	1	1	1		
c07712u2_aux2.ts	0	0	0	0	1	1	1		
c07712u3_main.ts	0	0	0	0	1	1	1		
c07713u0_a.ts	0	0	0	0	1	1	1		
c07713u1_b.ts	0	0	0	0	1	1	1		
c07714u0_a.ts	0	0	0	0	1	1	1		
c07714u1_b.ts	0	0	0	0	1	1	1		
c07715u0_decoratorMetadataWithConstructorType.ts	0	0	0	0	1	1	1		
c07716u0_db.ts	0	0	0	0	1	1	1		
c07716u1_service.ts	0	0	0	0	1	1	1		
c07717u0_db.ts	0	0	0	0	1	1	1		
c07717u1_service.ts	0	0	0	0	1	1	1		
c07718u0_db.ts	0	0	0	0	1	1	1		
c07718u1_service.ts	0	0	0	0	1	1	1		
c07719u0_db.ts	0	0	0	0	1	1	1		
c07719u1_service.ts	0	0	0	0	1	1	1		
c07720u0_db.ts	0	0	0	0	1	1	1		
c07720u1_service.ts	0	0	0	0	1	1	1		
c07721u0_db.ts	0	0	0	0	1	1	1		
c07721u1_service.ts	0	0	0	0	1	1	1		
c07722u0_db.ts	0	0	0	0	1	1	1		
c07722u1_service.ts	0	0	0	0	1	1	1		
c07723u0_db.ts	0	0	0	0	1	1	1		
c07723u1_service.ts	0	0	0	0	1	1	1		
c07724u0_yoha.ts	0	0	0	0	1	1	1		
c07724u1_index.ts	0	0	0	0	1	1	1		
c07724u2_index2.ts	0	0	0	0	1	1	1		
c07725u0_decoratorReferences.ts	0	0	0	0	1	1	1		
c07726u0_decoratorUsedBeforeDeclaration.ts	0	0	0	0	1	1	1		
c07727u0_decoratorWithNegativeLiteralTypeNoCrash.ts	0	0	0	0	1	1	1		
c07728u0_decoratorWithUnderscoreMethod.ts	0	0	0	0	1	1	1		
c07729u0_decoratorsOnComputedProperties.ts	0	0	0	0	1	1	1		
c07730u0_decrementAndIncrementOperators.ts	0	0	0	0	1	1	1		
c07731u0_deduplicateImportsInSystem.ts	0	0	0	0	1	1	1		
c07732u0_deepComparisons.ts	0	0	0	0	1	1	1		
c07733u0_deepElaborationsIntoArrowExpressions.ts	0	0	0	0	1	1	1		
c07734u0_deepExcessPropertyCheckingWhenTargetIsIntersection.ts	0	0	0	0	1	1	1		
c07735u0_deepKeysIndexing.ts	0	0	0	0	1	1	1		
c07738u0_deeplyNestedAssignabilityErrorsCombined.ts	0	0	0	0	1	1	1		
c07739u0_deeplyNestedAssignabilityIssue.ts	0	0	0	0	1	1	1		
c07740u0_deeplyNestedCheck.ts	0	0	0	0	1	1	1		
c07741u0_deeplyNestedConditionalTypes.ts	0	0	0	0	1	1	1		
c07742u0_deeplyNestedConstraints.ts	0	0	0	0	1	1	1		
c07743u0_deeplyNestedMappedTypes.ts	0	0	0	0	1	1	1		
c07744u0_deeplyNestedTemplateLiteralIntersection.ts	0	0	0	0	1	1	1		
c07745u0_defaultArgsInFunctionExpressions.ts	0	0	0	0	1	1	1		
c07746u0_defaultArgsInOverloads.ts	0	0	0	0	1	1	1		
c07747u0_defaultBestCommonTypesHaveDecls.ts	0	0	0	0	1	1	1		
c07748u0_root.ts	0	0	0	0	1	1	1		
c07748u1_main.ts	0	0	0	0	1	1	1		
c07749u0_defaultDeclarationEmitNamedCorrectly.ts	0	0	0	0	1	1	1		
c07750u0_this.ts	0	0	0	0	1	1	1		
c07751u0_defaultIndexProps1.ts	0	0	0	0	1	1	1		
c07752u0_defaultIndexProps2.ts	0	0	0	0	1	1	1		
c07753u0_a.ts	0	0	0	0	1	1	1		
c07753u1_b.ts	0	0	0	0	1	1	1		
c07754u0_defaultKeywordWithoutExport1.ts	0	0	0	0	1	1	1		
c07755u0_defaultKeywordWithoutExport2.ts	0	0	2	2	1	1	1		
c07756u0_defaultNamedExportWithType1.ts	0	0	0	0	1	1	1		
c07757u0_defaultNamedExportWithType2.ts	0	0	0	0	1	1	1		
c07758u0_defaultNamedExportWithType3.ts	0	0	0	0	1	1	1		
c07759u0_defaultNamedExportWithType4.ts	0	0	0	0	1	1	1		
c07760u0_defaultOfAnyInStrictNullChecks.ts	0	0	0	0	1	1	1		
c07761u0_defaultParameterAddsUndefinedWithStrictNullChecks.ts	0	0	0	0	1	1	1		
c07762u0_defaultParameterTrailingComments.ts	0	0	0	0	1	1	1		
c07763u0_library.d.ts	0	0	0	0	1	1	1		
c07763u2_typed_component.ts	0	0	0	0	1	1	1		
c07764u0_defaultValueInConstructorOverload1.ts	0	0	0	0	1	1	1		
c07765u0_defaultValueInFunctionOverload1.ts	0	0	0	0	1	1	1		
c07766u0_defaultValueInFunctionTypes.ts	0	0	0	0	1	1	1		
c07767u0_deferredConditionalTypes.ts	0	0	0	0	1	1	1		
c07768u0_deferredConditionalTypes2.ts	0	0	0	0	1	1	1		
c07769u0_deferredLookupTypeResolution.ts	0	0	0	0	1	1	1		
c07770u0_deferredLookupTypeResolution2.ts	0	0	0	0	1	1	1		
c07771u0_deferredTypeReferenceWithinArrayWithinTuple.ts	0	0	0	0	1	1	1		
c07772u0_defineVariables_useDefineForClassFields.ts	0	0	0	0	1	1	1		
c07773u0_definiteAssignmentOfDestructuredVariable.ts	0	0	0	0	1	1	1		
c07774u0_definiteAssignmentWithErrorStillStripped.ts	0	0	0	0	1	1	1		
c07775u0_deleteExpressionMustBeOptional.ts	0	0	0	0	1	1	1		
c07776u0_deleteExpressionMustBeOptional_exactOptionalPropertyTypes.ts	0	0	0	0	1	1	1		
c07777u0_deleteOperator1.ts	0	0	0	0	1	1	1		
c07778u0_deleteOperatorInStrictMode.ts	0	0	0	0	1	1	1		
c07779u0_deleteReadonly.ts	0	0	0	0	1	1	1		
c07780u0_deleteReadonlyInStrictNullChecks.ts	0	0	0	0	1	1	1		
c07781u0_A.ts	0	0	0	0	1	1	1		
c07781u1_B.ts	0	0	0	0	1	1	1		
c07782u0_deprecatedBool.ts	0	0	0	0	1	1	1		
c07783u0_a.ts	0	0	0	0	1	1	1		
c07784u0_a.ts	0	0	0	0	1	1	1		
c07785u0_a.ts	0	0	0	0	1	1	1		
c07786u0_a.ts	0	0	0	0	1	1	1		
c07787u0_a.ts	0	0	0	0	1	1	1		
c07788u0_a.ts	0	0	0	0	1	1	1		
c07789u0_derivedClassConstructorWithExplicitReturns01.ts	0	0	0	0	1	1	1		
c07790u0_derivedClassOverridesPrivateFunction1.ts	0	0	0	0	1	1	1		
c07791u0_derivedClasses.ts	0	0	0	0	1	1	1		
c07792u0_derivedInterfaceCallSignature.ts	0	0	0	0	1	1	1		
c07793u0_derivedTypeCallingBaseImplWithOptionalParams.ts	0	0	0	0	1	1	1		
c07794u0_derivedTypeIncompatibleSignatures.ts	0	0	0	0	1	1	1		
c07795u0_destructionAssignmentError.ts	0	0	2	2	1	1	1		
c07796u0_destructureCatchClause.ts	0	0	0	0	1	1	1		
c07797u0_destructureComputedProperty.ts	0	0	0	0	1	1	1		
c07798u0_destructureOfVariableSameAsShorthand.ts	0	0	0	0	1	1	1		
c07799u0_destructureOptionalParameter.ts	0	0	0	0	1	1	1		
c07800u0_destructureTupleWithVariableElement.ts	0	0	0	0	1	1	1		
c07801u0_foo.ts	0	0	0	0	1	1	1		
c07801u1_index.ts	0	0	0	0	1	1	1		
c07802u0_destructuredLateBoundNameHasCorrectTypes.ts	0	0	0	0	1	1	1		
c07803u0_destructuredMaappedTypeIsNotImplicitlyAny.ts	0	0	0	0	1	1	1		
c07804u0_destructuringAssignmentWithDefault.ts	0	0	0	0	1	1	1		
c07805u0_destructuringAssignmentWithDefault2.ts	0	0	0	0	1	1	1		
c07806u0_destructuringAssignmentWithExportedName.ts	0	0	0	0	1	1	1		
c07807u0_destructuringAssignmentWithStrictNullChecks.ts	0	0	0	0	1	1	1		
c07808u0_destructuringAssignment_private.ts	0	0	0	0	1	1	1		
c07809u0_destructuringControlFlowNoCrash.ts	0	0	1	1	1	1	1		
c07810u0_destructuringFromUnionSpread.ts	0	0	0	0	1	1	1		
c07811u0_destructuringInVariableDeclarations1.ts	0	0	0	0	1	1	1		
c07812u0_destructuringInVariableDeclarations2.ts	0	0	0	0	1	1	1		
c07813u0_destructuringInVariableDeclarations3.ts	0	0	0	0	1	1	1		
c07814u0_destructuringInVariableDeclarations4.ts	0	0	0	0	1	1	1		
c07815u0_destructuringInVariableDeclarations5.ts	0	0	0	0	1	1	1		
c07816u0_destructuringInVariableDeclarations6.ts	0	0	0	0	1	1	1		
c07817u0_destructuringInVariableDeclarations7.ts	0	0	0	0	1	1	1		
c07818u0_destructuringInVariableDeclarations8.ts	0	0	0	0	1	1	1		
c07819u0_destructuringInitializerContextualTypeFromContext.ts	0	0	0	0	1	1	1		
c07820u0_destructuringPropertyAssignmentNameIsNotAssignmentTarget.ts	0	0	0	0	1	1	1		
c07821u0_destructuringTempOccursAfterPrologue.ts	0	0	0	0	1	1	1		
c07822u0_destructuringTuple.ts	0	0	0	0	1	1	1		
c07823u0_destructuringTypeGuardFlow.ts	0	0	0	0	1	1	1		
c07824u0_destructuringUnspreadableIntoRest.ts	0	0	0	0	1	1	1		
c07825u0_destructuringWithConstraint.ts	0	0	0	0	1	1	1		
c07826u0_destructuringWithGenericParameter.ts	0	0	0	0	1	1	1		
c07827u0_destructuringWithNewExpression.ts	0	0	0	0	1	1	1		
c07828u0_destructuringWithNumberLiteral.ts	0	0	0	0	1	1	1		
c07829u0_detachedCommentAtStartOfConstructor1.ts	0	0	0	0	1	1	1		
c07830u0_detachedCommentAtStartOfConstructor2.ts	0	0	0	0	1	1	1		
c07831u0_detachedCommentAtStartOfFunctionBody1.ts	0	0	0	0	1	1	1		
c07832u0_detachedCommentAtStartOfFunctionBody2.ts	0	0	0	0	1	1	1		
c07833u0_detachedCommentAtStartOfLambdaFunction1.ts	0	0	0	0	1	1	1		
c07834u0_detachedCommentAtStartOfLambdaFunction2.ts	0	0	0	0	1	1	1		
c07835u0_didYouMeanElaborationsForExpressionsWhichCouldBeCalled.ts	0	0	0	0	1	1	1		
c07836u0_didYouMeanStringLiteral.ts	0	0	0	0	1	1	1		
c07837u0_didYouMeanSuggestionErrors.ts	0	0	0	0	1	1	1		
c07838u0_differentTypesWithSameName.ts	0	0	0	0	1	1	1		
c07839u0_disallowedBlockScopedInPresenceOfParseErrors1.ts	0	0	4	4	1	1	1		
c07840u0_discriminableUnionWithIntersectedMembers.ts	0	0	0	0	1	1	1		
c07841u0_discriminantElementAccessCheck.ts	0	0	0	0	1	1	1		
c07842u0_discriminantNarrowingCouldBeCircular.ts	0	0	0	0	1	1	1		
c07843u0_discriminantOrderIndependence.ts	0	0	0	0	1	1	1		
c07844u0_discriminantPropertyCheck.ts	0	0	0	0	1	1	1		
c07845u0_discriminantPropertyInference.ts	0	0	0	0	1	1	1		
c07846u0_discriminantUsingEvaluatableTemplateExpression.ts	0	0	0	0	1	1	1		
c07847u0_discriminantsAndNullOrUndefined.ts	0	0	0	0	1	1	1		
c07848u0_discriminantsAndPrimitives.ts	0	0	0	0	1	1	1		
c07849u0_discriminantsAndTypePredicates.ts	0	0	0	0	1	1	1		
c07850u0_discriminateObjectTypesOnly.ts	0	0	0	0	1	1	1		
c07851u0_discriminateWithDivergentAccessors1.ts	0	0	0	0	1	1	1		
c07852u0_discriminateWithMissingProperty.ts	0	0	0	0	1	1	1		
c07853u0_discriminateWithOptionalProperty1.ts	0	0	0	0	1	1	1		
c07854u0_discriminateWithOptionalProperty2.ts	0	0	0	0	1	1	1		
c07855u0_discriminateWithOptionalProperty3.ts	0	0	0	0	1	1	1		
c07856u0_discriminateWithOptionalProperty4.ts	0	0	0	0	1	1	1		
c07857u0_discriminatedUnionErrorMessage.ts	0	0	0	0	1	1	1		
c07858u0_discriminatedUnionJsxElement.tsx	0	0	0	0	1	1	1		
c07859u0_discriminatedUnionWithIndexSignature.ts	0	0	0	0	1	1	1		
c07860u0_discriminatingUnionWithUnionPropertyAgainstUndefinedWithoutStrictNullChecks.ts	0	0	0	0	1	1	1		
c07861u0_dissallowSymbolAsWeakType.ts	0	0	0	0	1	1	1		
c07862u0_distributiveConditionalTypeConstraints.ts	0	0	0	0	1	1	1		
c07863u0_distributiveConditionalTypeNeverIntersection1.ts	0	0	0	0	1	1	1		
c07864u0_divergentAccessors1.ts	0	0	0	0	1	1	1		
c07865u0_divergentAccessorsTypes1.ts	0	0	0	0	1	1	1		
c07866u0_divergentAccessorsTypes2.ts	0	0	0	0	1	1	1		
c07867u0_divergentAccessorsTypes3.ts	0	0	0	0	1	1	1		
c07868u0_divergentAccessorsTypes4.ts	0	0	0	0	1	1	1		
c07869u0_divergentAccessorsTypes5.ts	0	0	0	0	1	1	1		
c07870u0_divergentAccessorsTypes6.ts	0	0	0	0	1	1	1		
c07871u0_divergentAccessorsTypes7.ts	0	0	0	0	1	1	1		
c07872u0_divergentAccessorsTypes8.ts	0	0	0	0	1	1	1		
c07873u0_divergentAccessorsVisibility1.ts	0	0	0	0	1	1	1		
c07874u0_divideAndConquerIntersections.ts	1	0	0	0	1	1	1		
c07875u0_doNotElaborateAssignabilityToTypeParameters.ts	0	0	0	0	1	1	1		
c07876u0_doNotEmitDetachedComments.ts	0	0	0	0	1	1	1		
c07877u0_doNotEmitDetachedCommentsAtStartOfConstructor.ts	0	0	0	0	1	1	1		
c07878u0_doNotEmitDetachedCommentsAtStartOfFunctionBody.ts	0	0	0	0	1	1	1		
c07879u0_doNotEmitDetachedCommentsAtStartOfLambdaFunction.ts	0	0	0	0	1	1	1		
c07880u0_doNotEmitPinnedCommentNotOnTopOfFile.ts	0	0	0	0	1	1	1		
c07881u0_doNotEmitPinnedCommentOnNotEmittedNode.ts	0	0	0	0	1	1	1		
c07882u0_doNotEmitPinnedCommentOnNotEmittedNodets.ts	0	0	0	0	1	1	1		
c07883u0_doNotEmitPinnedDetachedComments.ts	0	0	0	0	1	1	1		
c07884u0_file0.ts	0	0	0	0	1	1	1		
c07884u1_file1.ts	0	0	0	0	1	1	1		
c07884u2_file2.ts	0	0	0	0	1	1	1		
c07885u0_file0.ts	0	0	0	0	1	1	1		
c07885u1_file1.ts	0	0	0	0	1	1	1		
c07886u0_doNotInferUnrelatedTypes.ts	0	0	0	0	1	1	1		
c07887u0_doNotWidenAtObjectLiteralPropertyAssignment.ts	0	0	0	0	1	1	1		
c07888u0_file0.ts	0	0	0	0	1	1	1		
c07888u1_file1.ts	0	0	0	0	1	1	1		
c07888u2_file2.ts	0	0	0	0	1	1	1		
c07889u0_doWhileLoop.ts	0	0	0	0	1	1	1		
c07890u0_doWhileUnreachableCode.ts	0	0	0	0	1	1	1		
c07891u0_doYouNeedToChangeYourTargetLibraryES2015.ts	0	0	0	0	1	1	1		
c07892u0_doYouNeedToChangeYourTargetLibraryES2016Plus.ts	0	0	0	0	1	1	1		
c07893u0_doYouNeedToChangeYourTargetLibraryES2023.ts	0	0	0	0	1	1	1		
c07894u0_doesNotNarrowUnionOfConstructorsWithInstanceof.ts	0	0	0	0	1	1	1		
c07895u0_dontShowCompilerGeneratedMembers.ts	0	0	2	2	1	1	1		
c07896u0_dottedModuleName.ts	0	1	1	1	1	1	1		
c07897u0_dottedModuleName2.ts	0	1	0	0	1	1	1		
c07898u0_dottedNamesInSystem.ts	0	1	0	0	1	1	1		
c07899u0_dottedSymbolResolution1.ts	0	0	0	0	1	1	1		
c07900u0_doubleMixinConditionalTypeBaseClassWorks.ts	0	0	0	0	1	1	1		
c07901u0_doubleUnderStringLiteralAssignability.ts	0	0	0	0	1	1	1		
c07902u0_doubleUnderscoreEnumEmit.ts	0	0	0	0	1	1	1		
c07903u0_index.tsx	0	0	0	0	1	1	1		
c07903u1_b.ts	0	0	0	0	1	1	1		
c07903u2_c.ts	0	0	0	0	1	1	1		
c07904u0_doubleUnderscoreLabels.ts	0	0	0	0	1	1	1		
c07905u0_doubleUnderscoreMappedTypes.ts	0	0	0	0	1	1	1		
c07906u0_index.tsx	0	0	0	0	1	1	1		
c07907u0_downlevelIterationDeprecated.ts	0	0	0	0	1	1	1		
c07908u0_downlevelLetConst1.ts	0	0	0	0	1	1	1		
c07909u0_downlevelLetConst10.ts	0	0	0	0	1	1	1		
c07910u0_downlevelLetConst11.ts	0	0	0	0	1	1	1		
c07911u0_downlevelLetConst12.ts	0	0	0	0	1	1	1		
c07912u0_downlevelLetConst13.ts	0	0	0	0	1	1	1		
c07913u0_downlevelLetConst14.ts	0	0	0	0	1	1	1		
c07914u0_downlevelLetConst15.ts	0	0	0	0	1	1	1		
c07915u0_downlevelLetConst16.ts	0	0	0	0	1	1	1		
c07916u0_downlevelLetConst17.ts	0	0	0	0	1	1	1		
c07917u0_downlevelLetConst18.ts	0	0	0	0	1	1	1		
c07918u0_downlevelLetConst19.ts	0	0	0	0	1	1	1		
c07919u0_downlevelLetConst2.ts	0	0	0	0	1	1	1		
c07920u0_downlevelLetConst3.ts	0	0	0	0	1	1	1		
c07921u0_downlevelLetConst4.ts	0	0	0	0	1	1	1		
c07922u0_downlevelLetConst5.ts	0	0	0	0	1	1	1		
c07923u0_downlevelLetConst6.ts	0	0	0	0	1	1	1		
c07924u0_downlevelLetConst7.ts	0	0	0	0	1	1	1		
c07925u0_downlevelLetConst8.ts	0	0	0	0	1	1	1		
c07926u0_downlevelLetConst9.ts	0	0	0	0	1	1	1		
c07927u0_globals.d.ts	0	0	0	0	1	1	1		
c07927u1_index.d.ts	0	0	0	0	1	1	1		
c07927u2_app.mts	0	0	0	0	1	1	1		
c07928u0_duplicateAnonymousInners1.ts	0	0	0	0	1	1	1		
c07929u0_duplicateAnonymousModuleClasses.ts	0	0	0	0	1	1	1		
c07930u0_duplicateClassElements.ts	0	0	0	0	1	1	1		
c07931u0_duplicateConstructSignature.ts	0	0	0	0	1	1	1		
c07932u0_duplicateConstructSignature2.ts	0	0	0	0	1	1	1		
c07933u0_duplicateConstructorOverloadSignature.ts	0	0	0	0	1	1	1		
c07934u0_duplicateConstructorOverloadSignature2.ts	0	0	0	0	1	1	1		
c07935u0_duplicateDefaultExport.ts	0	0	0	0	1	1	1		
c07936u0_duplicateErrorAssignability.ts	0	0	0	0	1	1	1		
c07937u0_duplicateErrorClassExpression.ts	0	0	0	0	1	1	1		
c07938u0_duplicateErrorNameNotFound.ts	0	0	0	0	1	1	1		
c07939u0_duplicateIdentifierBindingElementInParameterDeclaration1.ts	0	0	0	0	1	1	1		
c07940u0_duplicateIdentifierBindingElementInParameterDeclaration2.ts	0	0	0	0	1	1	1		
c07941u0_duplicateIdentifierComputedName.ts	0	0	0	0	1	1	1		
c07942u0_duplicateIdentifierDifferentModifiers.ts	0	0	0	0	1	1	1		
c07943u0_duplicateIdentifierDifferentSpelling.ts	0	0	0	0	1	1	1		
c07944u0_duplicateIdentifierEnum_A.ts	0	0	0	0	1	1	1		
c07944u1_duplicateIdentifierEnum_B.ts	0	0	0	0	1	1	1		
c07945u0_duplicateIdentifierInCatchBlock.ts	0	0	0	0	1	1	1		
c07946u0_file1.ts	0	0	0	0	1	1	1		
c07946u1_file2.ts	0	0	0	0	1	1	1		
c07946u2_file3.ts	0	0	0	0	1	1	1		
c07947u0_file1.ts	0	0	0	0	1	1	1		
c07947u1_file2.ts	0	0	0	0	1	1	1		
c07948u0_file1.ts	0	0	0	0	1	1	1		
c07948u1_file2.ts	0	0	0	0	1	1	1		
c07949u0_file1.ts	0	0	0	0	1	1	1		
c07949u1_file2.ts	0	0	0	0	1	1	1		
c07950u0_file1.ts	0	0	0	0	1	1	1		
c07950u1_file2.ts	0	0	0	0	1	1	1		
c07951u0_file1.ts	0	0	0	0	1	1	1		
c07951u1_file2.ts	0	0	0	0	1	1	1		
c07952u0_file1.ts	0	0	0	0	1	1	1		
c07952u1_file2.ts	0	0	0	0	1	1	1		
c07953u0_a.ts	0	0	0	0	1	1	1		
c07953u1_b.ts	0	0	0	0	1	1	1		
c07954u0_duplicateIdentifierShouldNotShortCircuitBaseTypeBinding_0.ts	0	0	0	0	1	1	1		
c07954u1_duplicateIdentifierShouldNotShortCircuitBaseTypeBinding_1.ts	0	0	0	0	1	1	1		
c07955u0_duplicateIdentifiersAcrossContainerBoundaries.ts	0	0	0	0	1	1	1		
c07956u0_file1.ts	0	0	0	0	1	1	1		
c07956u1_file2.ts	0	0	0	0	1	1	1		
c07957u0_duplicateInterfaceMembers1.ts	0	0	0	0	1	1	1		
c07958u0_duplicateLabel1.ts	0	0	0	0	1	1	1		
c07959u0_duplicateLabel2.ts	0	0	0	0	1	1	1		
c07960u0_duplicateLabel3.ts	0	0	0	0	1	1	1		
c07961u0_duplicateLabel4.ts	0	0	0	0	1	1	1		
c07962u0_duplicateLocalVariable1.ts	0	0	0	0	1	1	1		
c07963u0_duplicateLocalVariable2.ts	0	0	0	0	1	1	1		
c07964u0_duplicateLocalVariable3.ts	0	0	0	0	1	1	1		
c07965u0_duplicateLocalVariable4.ts	0	0	0	0	1	1	1		
c07966u0_duplicateObjectLiteralProperty.ts	0	0	0	0	1	1	1		
c07967u0_duplicateObjectLiteralProperty_computedName1.ts	0	0	0	0	1	1	1		
c07968u0_duplicateObjectLiteralProperty_computedName2.ts	0	0	0	0	1	1	1		
c07969u0_a.ts	0	0	0	0	1	1	1		
c07969u1_b.ts	0	0	0	0	1	1	1		
c07970u0_duplicateObjectLiteralProperty_computedNameNegative1.ts	0	0	0	0	1	1	1		
c07971u0_duplicateOverloadInTypeAugmentation1.ts	0	0	0	0	1	1	1		
c07972u0_index.d.ts	0	0	0	0	1	1	1		
c07972u1_index.d.ts	0	0	0	0	1	1	1		
c07972u2_index.d.ts	0	0	0	0	1	1	1		
c07972u3_index.d.ts	0	0	2	2	1	1	1		
c07972u4_index.d.ts	0	0	0	0	1	1	1		
c07972u5_index.d.ts	0	0	0	0	1	1	1		
c07972u6_a.ts	0	0	0	0	1	1	1		
c07973u0_index.ts	0	0	0	0	1	1	1		
c07973u1_index.ts	0	0	0	0	1	1	1		
c07973u2_index.d.ts	0	0	0	0	1	1	1		
c07973u3_index.d.ts	0	0	0	0	1	1	1		
c07973u4_bug25410.ts	0	0	0	0	1	1	1		
c07974u0_Foo.d.ts	0	0	0	0	1	1	1		
c07974u1_Bar.d.ts	0	0	0	0	1	1	1		
c07974u2_index.ts	0	0	0	0	1	1	1		
c07975u0_index.d.ts	0	0	0	0	1	1	1		
c07975u1_index.d.ts	0	0	0	0	1	1	1		
c07975u2_index.d.ts	0	0	0	0	1	1	1		
c07975u3_index.ts	0	0	0	0	1	1	1		
c07976u0_index.d.ts	0	0	0	0	1	1	1		
c07976u1_index.d.ts	0	0	0	0	1	1	1		
c07976u2_use.d.ts	0	0	0	0	1	1	1		
c07976u3_index.d.ts	0	0	0	0	1	1	1		
c07976u4_index.ts	0	0	0	0	1	1	1		
c07977u0_index.d.ts	0	0	0	0	1	1	1		
c07977u1_index.d.ts	0	0	0	0	1	1	1		
c07977u2_use.d.ts	0	0	0	0	1	1	1		
c07977u3_index.d.ts	0	0	0	0	1	1	1		
c07977u4_index.ts	0	0	0	0	1	1	1		
c07978u0_index.d.ts	0	0	0	0	1	1	1		
c07978u1_Foo.d.ts	0	0	0	0	1	1	1		
c07978u2_Foo.d.ts	0	0	0	0	1	1	1		
c07978u3_index.ts	0	0	0	0	1	1	1		
c07979u0_index.d.ts	0	0	0	0	1	1	1		
c07979u1_index.d.ts	0	0	0	0	1	1	1		
c07979u2_index.d.ts	0	0	0	0	1	1	1		
c07979u3_index.d.ts	0	0	2	2	1	1	1		
c07979u4_a.ts	0	0	0	0	1	1	1		
c07980u0_duplicatePropertiesInStrictMode.ts	0	0	0	0	1	1	1		
c07981u0_duplicateStringNamedProperty1.ts	0	0	0	0	1	1	1		
c07982u0_duplicateSymbolsExportMatching.ts	0	0	0	0	1	1	1		
c07983u0_duplicateTypeParameters1.ts	0	0	0	0	1	1	1		
c07984u0_duplicateTypeParameters2.ts	0	0	0	0	1	1	1		
c07985u0_duplicateTypeParameters3.ts	0	0	0	0	1	1	1		
c07986u0_duplicateVarAndImport.ts	0	0	0	0	1	1	1		
c07987u0_duplicateVarAndImport2.ts	0	0	0	0	1	1	1		
c07988u0_duplicateVariableDeclaration1.ts	0	0	0	0	1	1	1		
c07989u0_duplicateVariablesByScope.ts	0	0	0	0	1	1	1		
c07990u0_duplicateVariablesWithAny.ts	0	0	0	0	1	1	1		
c07991u0_duplicateVarsAcrossFileBoundaries_0.ts	0	0	0	0	1	1	1		
c07991u1_duplicateVarsAcrossFileBoundaries_1.ts	0	0	0	0	1	1	1		
c07991u2_duplicateVarsAcrossFileBoundaries_2.ts	0	0	0	0	1	1	1		
c07991u3_duplicateVarsAcrossFileBoundaries_3.ts	0	0	0	0	1	1	1		
c07991u4_duplicateVarsAcrossFileBoundaries_4.ts	0	0	0	0	1	1	1		
c07991u5_duplicateVarsAcrossFileBoundaries_5.ts	0	0	0	0	1	1	1		
c07992u0_dynamicImportEvaluateSpecifier.ts	0	0	0	0	1	1	1		
c07993u0_dynamicImportInDefaultExportExpression.ts	0	0	0	0	1	1	1		
c07994u0_dynamicImportTrailingComma.ts	0	0	0	0	1	1	1		
c07995u0_dynamicImportWithNestedThis_es2015.ts	0	0	0	0	1	1	1		
c07996u0_dynamicImportWithNestedThis_es5.ts	0	0	0	0	1	1	1		
c07997u0_case0.ts	0	0	0	0	1	1	1		
c07997u1_case1.ts	0	0	0	0	1	1	1		
c07997u2_caseFallback.ts	0	0	0	0	1	1	1		
c07997u3_index.ts	0	0	0	0	1	1	1		
c07998u0_dynamicModuleTypecheckError.ts	0	0	0	0	1	1	1		
c07999u0_module.ts	0	0	0	0	1	1	1		
c07999u1_main.ts	0	0	0	0	1	1	1		
c08000u0_dynamicNamesErrors.ts	0	0	0	0	1	1	1		
c08002u0_elaboratedErrors.ts	0	0	0	0	1	1	1		
c08003u0_elaboratedErrorsOnNullableTargets01.ts	0	0	0	0	1	1	1		
c08004u0_elaborationForPossiblyCallableTypeStillReferencesArgumentAtTopLevel.ts	0	0	0	0	1	1	1		
c08005u0_elementAccessExpressionInternalComments.ts	0	0	0	0	1	1	1		
c08006u0_elidedEmbeddedStatementsReplacedWithSemicolon.ts	0	0	0	0	1	1	1		
c08007u1_index.d.ts	0	0	0	0	1	1	1		
c08008u1_other.d.ts	0	0	0	0	1	1	1		
c08009u0_elidingImportNames_test.ts	0	0	0	0	1	1	1		
c08009u1_elidingImportNames_main.ts	0	0	0	0	1	1	1		
c08009u2_elidingImportNames_main1.ts	0	0	0	0	1	1	1		
c08010u0_emitAccessExpressionOfCastedObjectLiteralExpressionInArrowFunctionES5.ts	0	0	0	0	1	1	1		
c08011u0_emitAccessExpressionOfCastedObjectLiteralExpressionInArrowFunctionES6.ts	0	0	0	0	1	1	1		
c08012u0_emitBOM.ts	0	0	0	0	1	1	1		
c08013u0_test.ts	0	0	0	0	1	1	1		
c08014u0_emitBundleWithShebang1.ts	0	0	0	0	1	1	1		
c08015u0_test.ts	0	0	0	0	1	1	1		
c08015u1_test2.ts	0	0	0	0	1	1	1		
c08016u0_test.ts	0	0	0	0	1	1	1		
c08017u0_test.ts	0	0	0	0	1	1	1		
c08017u1_test1.ts	0	0	0	0	1	1	1		
c08018u0_emitCapturingThisInTupleDestructuring1.ts	0	0	0	0	1	1	1		
c08019u0_emitCapturingThisInTupleDestructuring2.ts	0	0	0	0	1	1	1		
c08020u0_emitClassExpressionInDeclarationFile.ts	0	0	0	0	1	1	1		
c08021u0_emitClassExpressionInDeclarationFile2.ts	0	0	0	0	1	1	1		
c08022u0_enum.d.ts	0	0	0	0	1	1	1		
c08022u1_usage.ts	0	0	0	0	1	1	1		
c08023u0_emitCommentsOnlyFile.ts	1	0	0	0	0	1	1		JSDocClassTag
c08024u0_type1.ts	0	0	0	0	1	1	1		
c08024u1_type2.ts	0	0	0	0	1	1	1		
c08024u2_class3.ts	0	0	0	0	1	1	1		
c08024u3_index.ts	0	0	0	0	1	1	1		
c08025u0_emitDecoratorMetadata_object.ts	0	0	0	0	1	1	1		
c08026u0_emitDecoratorMetadata_restArgs.ts	0	0	0	0	1	1	1		
c08027u0_a.ts	0	0	0	0	1	1	1		
c08028u0_emitMemberAccessExpression_file1.ts	0	0	0	0	1	1	1		
c08028u1_emitMemberAccessExpression_file2.ts	0	1	0	0	1	1	1		
c08028u2_emitMemberAccessExpression_file3.ts	0	1	0	0	1	1	1		
c08029u0_emitMethodCalledNew.ts	0	0	0	0	1	1	1		
c08030u0_emitOneLineVariableDeclarationRemoveCommentsFalse.ts	0	0	0	0	1	1	1		
c08031u0_emitPinnedCommentsOnTopOfFile.ts	0	0	0	0	1	1	1		
c08032u0_emitPostComments.ts	1	0	0	0	0	1	1		JSDocClassTag
c08033u0_emitPreComments.ts	1	0	0	0	0	1	1		JSDocClassTag
c08034u0_emitSkipsThisWithRestParameter.ts	0	0	0	0	1	1	1		
c08035u0_emitSuperCallBeforeEmitParameterPropertyDeclaration1.ts	0	0	0	0	1	1	1		
c08036u0_emitSuperCallBeforeEmitParameterPropertyDeclaration1ES6.ts	0	0	0	0	1	1	1		
c08037u0_emitSuperCallBeforeEmitPropertyDeclaration1.ts	0	0	0	0	1	1	1		
c08038u0_emitSuperCallBeforeEmitPropertyDeclaration1ES6.ts	0	0	0	0	1	1	1		
c08039u0_emitSuperCallBeforeEmitPropertyDeclarationAndParameterPropertyDeclaration1.ts	0	0	0	0	1	1	1		
c08040u0_emitSuperCallBeforeEmitPropertyDeclarationAndParameterPropertyDeclaration1ES6.ts	0	0	0	0	1	1	1		
c08041u0_emitThisInObjectLiteralGetter.ts	0	0	0	0	1	1	1		
c08042u0_emitThisInSuperMethodCall.ts	0	0	0	0	1	1	1		
c08043u0_file0.ts	0	0	0	0	1	1	1		
c08043u1_file1.ts	0	0	0	0	1	1	1		
c08044u0_emptyAnonymousObjectNarrowing.ts	0	0	0	0	1	1	1		
c08045u0_emptyArgumentsListComment.ts	0	0	0	0	1	1	1		
c08046u0_emptyArrayDestructuringExpressionVisitedByTransformer.ts	0	0	0	0	1	1	1		
c08047u0_module.ts	0	0	0	0	1	1	1		
c08047u1_index.ts	0	0	0	0	1	1	1		
c08048u0_emptyEnum.ts	0	0	0	0	1	1	1		
c08049u0_emptyExpr.ts	0	0	0	0	1	1	1		
c08050u0_emptyFile-declaration.ts	0	0	0	0	1	1	1		
c08051u0_emptyFile-souremap.ts	0	0	0	0	1	1	1		
c08052u0_emptyFile.ts	0	0	0	0	1	1	1		
c08053u0_emptyGenericParamList.ts	0	0	0	0	1	1	1		
c08054u0_emptyIndexer.ts	0	0	0	0	1	1	1		
c08055u0_emptyMemberAccess.ts	0	0	1	1	1	1	1		
c08056u0_emptyModuleName.ts	0	0	0	0	1	1	1		
c08057u0_emptyObjectNotSubtypeOfIndexSignatureContainingObject1.ts	0	0	0	0	1	1	1		
c08058u0_emptyObjectNotSubtypeOfIndexSignatureContainingObject2.ts	0	0	0	0	1	1	1		
c08059u0_emptyOptionalBindingPatternInDeclarationSignature.ts	0	0	0	0	1	1	1		
c08060u0_emptyThenWarning.ts	0	0	0	0	1	1	1		
c08061u0_emptyThenWithoutWarning.ts	0	0	0	0	1	1	1		
c08062u0_emptyTypeArgumentList.ts	0	0	0	0	1	1	1		
c08063u0_emptyTypeArgumentListWithNew.ts	0	0	0	0	1	1	1		
c08065u0_enumAssignmentCompat.ts	0	0	0	0	1	1	1		
c08066u0_enumAssignmentCompat2.ts	0	0	0	0	1	1	1		
c08067u0_enumAssignmentCompat3.ts	0	0	0	0	1	1	1		
c08068u0_enumAssignmentCompat4.ts	0	0	0	0	1	1	1		
c08069u0_enumAssignmentCompat5.ts	0	0	0	0	1	1	1		
c08070u0_a.ts	0	0	0	0	1	1	1		
c08070u1_f.ts	0	0	0	0	1	1	1		
c08071u0_enumAssignmentCompat7.ts	0	0	0	0	1	1	1		
c08072u0_enumBasics1.ts	0	0	0	0	1	1	1		
c08073u0_enumBasics2.ts	0	0	0	0	1	1	1		
c08074u0_enumBasics3.ts	0	0	0	0	1	1	1		
c08075u0_enumCodeGenNewLines1.ts	0	0	0	0	1	1	1		
c08076u0_enumConflictsWithGlobalIdentifier.ts	0	0	1	1	1	1	1		
c08077u0_enumDecl1.ts	0	0	0	0	1	1	1		
c08078u0_provider.ts	0	0	0	0	1	1	1		
c08078u1_consumer.ts	0	0	0	0	1	1	1		
c08079u0_enumFromExternalModule_0.ts	0	0	0	0	1	1	1		
c08079u1_enumFromExternalModule_1.ts	0	0	0	0	1	1	1		
c08080u0_enumGenericTypeClash.ts	0	0	0	0	1	1	1		
c08081u0_enumIdentifierLiterals.ts	0	0	0	0	1	1	1		
c08082u0_enumIndexer.ts	0	0	0	0	1	1	1		
c08083u0_enumInitializersWithExponents.ts	0	0	0	0	1	1	1		
c08084u0_enumKeysQuotedAsObjectPropertiesInDeclarationEmit.ts	0	0	0	0	1	1	1		
c08085u0_enumLiteralAssignableToEnumInsideUnion.ts	0	0	0	0	1	1	1		
c08086u0_enumLiteralUnionNotWidened.ts	0	0	0	0	1	1	1		
c08087u0_enumLiteralsSubtypeReduction.ts	0	0	0	0	1	1	1		
c08088u0_enumMapBackIntoItself.ts	0	0	0	0	1	1	1		
c08089u0_enumMemberNameNonIdentifier.ts	0	0	0	0	1	1	1		
c08090u0_enumMemberReduction.ts	0	0	0	0	1	1	1		
c08091u0_enumMemberResolution.ts	0	0	1	1	1	1	1		
c08092u0_enumNegativeLiteral1.ts	0	0	0	0	1	1	1		
c08093u0_helpers.ts	0	0	0	0	1	1	1		
c08093u1_bad.ts	0	0	0	0	1	1	1		
c08093u2_good.ts	0	0	0	0	1	1	1		
c08094u0_enumNumbering1.ts	0	0	0	0	1	1	1		
c08095u0_enumOperations.ts	0	0	0	0	1	1	1		
c08096u0_enumPropertyAccess.ts	0	0	0	0	1	1	1		
c08097u0_enumPropertyAccessBeforeInitalisation.ts	0	0	0	0	1	1	1		
c08098u0_enumUsedBeforeDeclaration.ts	0	0	0	0	1	1	1		
c08099u0_enumWithBigint.ts	0	0	0	0	1	1	1		
c08100u0_enumWithComputedMember.ts	0	0	0	0	1	1	1		
c08101u0_enumWithExport.ts	0	0	0	0	1	1	1		
c08102u0_enumWithInfinityProperty.ts	0	0	0	0	1	1	1		
c08103u0_enumWithNaNProperty.ts	0	0	0	0	1	1	1		
c08104u0_enumWithNegativeInfinityProperty.ts	0	0	0	0	1	1	1		
c08105u0_helpers.ts	0	0	0	0	1	1	1		
c08105u1_bad.ts	0	0	0	0	1	1	1		
c08105u2_good.ts	0	0	0	0	1	1	1		
c08106u0_enumWithParenthesizedInitializer1.ts	0	0	1	1	1	1	1		
c08107u0_enumWithPrimitiveName.ts	0	0	0	0	1	1	1		
c08108u0_enumWithQuotedElementName1.ts	0	0	0	0	1	1	1		
c08109u0_enumWithQuotedElementName2.ts	0	0	0	0	1	1	1		
c08110u0_enumWithUnicodeEscape1.ts	0	0	0	0	1	1	1		
c08111u0_enumWithoutInitializerAfterComputedMember.ts	0	0	0	0	1	1	1		
c08112u0_enumsWithMultipleDeclarations1.ts	0	0	0	0	1	1	1		
c08113u0_enumsWithMultipleDeclarations2.ts	0	0	0	0	1	1	1		
c08114u0_enumsWithMultipleDeclarations3.ts	0	0	0	0	1	1	1		
c08115u0_index.ts	0	0	0	0	1	1	1		
c08115u1_commonjs.cts	0	0	0	0	1	1	1		
c08115u2_other.d.cts	0	0	0	0	1	1	1		
c08115u3_esm.mts	0	0	0	0	1	1	1		
c08116u0_index.ts	0	0	3	3	1	1	1		
c08117u0_index.d.cts	0	0	0	0	1	1	1		
c08117u1_index.d.ts	0	0	0	0	1	1	1		
c08117u2_commonjs.d.cts	0	0	0	0	1	1	1		
c08117u3_other.d.cts	0	0	0	0	1	1	1		
c08117u4_esm.d.mts	0	0	0	0	1	1	1		
c08118u0_errorCause.ts	0	0	0	0	1	1	1		
c08119u0_errorConstructorSubtypes.ts	0	0	0	0	1	1	1		
c08120u0_errorElaboration.ts	0	0	0	0	1	1	1		
c08121u0_errorElaborationDivesIntoApparentlyPresentPropsOnly.ts	0	0	0	0	1	1	1		
c08122u0_errorForBareSpecifierWithImplicitModuleResolutionNone.ts	0	0	0	0	1	1	1		
c08123u0_a.ts	0	0	0	0	1	1	1		
c08124u0_errorForUsingPropertyOfTypeAsType01.ts	0	0	1	1	1	1	1		
c08125u0_errorForUsingPropertyOfTypeAsType02.ts	0	0	0	0	1	1	1		
c08126u0_errorForUsingPropertyOfTypeAsType03.ts	0	0	0	0	1	1	1		
c08127u0_errorForwardReferenceForwadingConstructor.ts	0	0	0	0	1	1	1		
c08128u0_errorHandlingInInstanceOf.ts	0	0	0	0	1	1	1		
c08129u0_errorInUnnamedClassExpression.ts	0	0	0	0	1	1	1		
c08130u0_errorInfoForRelatedIndexTypesNoConstraintElaboration.ts	0	0	0	0	1	1	1		
c08131u0_errorLocationForInterfaceExtension.ts	0	0	0	0	1	1	1		
c08132u0_errorMessageOnIntersectionsWithDiscriminants01.ts	0	0	0	0	1	1	1		
c08133u0_errorMessageOnObjectLiteralType.ts	0	0	0	0	1	1	1		
c08134u0_errorMessagesIntersectionTypes01.ts	0	0	0	0	1	1	1		
c08135u0_errorMessagesIntersectionTypes02.ts	0	0	0	0	1	1	1		
c08136u0_errorMessagesIntersectionTypes03.ts	0	0	0	0	1	1	1		
c08137u0_errorMessagesIntersectionTypes04.ts	0	0	0	0	1	1	1		
c08138u0_errorOnContextuallyTypedReturnType.ts	0	0	0	0	1	1	1		
c08139u0_errorOnEnumReferenceInCondition.ts	0	0	0	0	1	1	1		
c08140u0_errorOnInitializerInInterfaceProperty.ts	0	0	0	0	1	1	1		
c08141u0_errorOnInitializerInObjectTypeLiteralProperty.ts	0	0	0	0	1	1	1		
c08142u0_errorOnUnionVsObjectShouldDeeplyDisambiguate.ts	0	0	0	0	1	1	1		
c08143u0_errorOnUnionVsObjectShouldDeeplyDisambiguate2.ts	0	0	0	0	1	1	1		
c08144u0_errorRecoveryInClassDeclaration.ts	0	0	2	2	1	1	1		
c08145u0_errorRecoveryWithDotFollowedByNamespaceKeyword.ts	0	0	2	2	1	1	1		
c08146u0_errorSpanForUnclosedJsxTag.tsx	0	0	4	4	1	1	1		
c08147u0_errorSupression1.ts	0	0	0	0	1	1	1		
c08148u0_errorTypesAsTypeArguments.ts	0	0	0	0	1	1	1		
c08149u0_a.ts	0	0	0	0	1	1	1		
c08149u1_b.ts	0	0	0	0	1	1	1		
c08149u2_c.ts	0	0	0	0	1	1	1		
c08150u0_errorWithTruncatedType.ts	0	0	0	0	1	1	1		
c08151u0_errorsForCallAndAssignmentAreSimilar.ts	0	0	0	0	1	1	1		
c08152u0_errorsInGenericTypeReference.ts	0	0	0	0	1	1	1		
c08153u0_errorsOnImportedSymbol_0.ts	0	0	0	0	1	1	1		
c08153u1_errorsOnImportedSymbol_1.ts	0	0	0	0	1	1	1		
c08154u0_errorsOnUnionsOfOverlappingObjects01.ts	0	0	0	0	1	1	1		
c08155u0_errorsWithInvokablesInUnions01.ts	0	0	0	0	1	1	1		
c08156u0_es2015modulekind.ts	0	0	0	0	1	1	1		
c08157u0_es2015modulekindWithES6Target.ts	0	0	0	0	1	1	1		
c08158u0_es2017basicAsync.ts	0	0	0	0	1	1	1		
c08159u0_es2018ObjectAssign.ts	0	0	0	0	1	1	1		
c08160u0_es5-amd.ts	0	0	0	0	1	1	1		
c08161u0_es5-asyncFunction.ts	0	0	0	0	1	1	1		
c08162u0_es5-asyncFunctionArrayLiterals.ts	0	0	0	0	1	1	1		
c08163u0_es5-asyncFunctionBinaryExpressions.ts	0	0	0	0	1	1	1		
c08164u0_es5-asyncFunctionCallExpressions.ts	0	0	0	0	1	1	1		
c08165u0_es5-asyncFunctionConditionals.ts	0	0	0	0	1	1	1		
c08166u0_es5-asyncFunctionDoStatements.ts	0	0	0	0	1	1	1		
c08167u0_es5-asyncFunctionElementAccess.ts	0	0	0	0	1	1	1		
c08168u0_es5-asyncFunctionForInStatements.ts	0	0	0	0	1	1	1		
c08169u0_es5-asyncFunctionForOfStatements.ts	0	0	0	0	1	1	1		
c08170u0_es5-asyncFunctionForStatements.ts	0	0	0	0	1	1	1		
c08171u0_es5-asyncFunctionHoisting.ts	0	0	0	0	1	1	1		
c08172u0_es5-asyncFunctionIfStatements.ts	0	0	0	0	1	1	1		
c08173u0_es5-asyncFunctionLongObjectLiteral.ts	0	0	0	0	1	1	1		
c08174u0_es5-asyncFunctionNestedLoops.ts	0	0	0	0	1	1	1		
c08175u0_es5-asyncFunctionNewExpressions.ts	0	0	0	0	1	1	1		
c08176u0_es5-asyncFunctionObjectLiterals.ts	0	0	0	0	1	1	1		
c08177u0_es5-asyncFunctionPropertyAccess.ts	0	0	0	0	1	1	1		
c08178u0_es5-asyncFunctionReturnStatements.ts	0	0	0	0	1	1	1		
c08179u0_es5-asyncFunctionSwitchStatements.ts	0	0	0	0	1	1	1		
c08180u0_es5-asyncFunctionTryStatements.ts	0	0	0	0	1	1	1		
c08181u0_es5-asyncFunctionWhileStatements.ts	0	0	0	0	1	1	1		
c08182u0_es5-asyncFunctionWithStatements.ts	0	0	0	0	1	1	1		
c08183u0_es5-commonjs.ts	0	0	0	0	1	1	1		
c08184u0_es5-commonjs2.ts	0	0	0	0	1	1	1		
c08185u0_es5-commonjs3.ts	0	0	0	0	1	1	1		
c08186u0_es5-commonjs4.ts	0	0	0	0	1	1	1		
c08187u0_es5-commonjs5.ts	0	0	0	0	1	1	1		
c08188u0_es5-commonjs6.ts	0	0	0	0	1	1	1		
c08189u0_test.d.ts	0	0	0	0	1	1	1		
c08190u0_es5-commonjs8.ts	0	0	0	0	1	1	1		
c08191u0_es5-declaration-amd.ts	0	0	0	0	1	1	1		
c08192u0_external.ts	0	0	0	0	1	1	1		
c08192u1_script.ts	0	0	0	0	1	1	1		
c08192u2_index.d.ts	0	0	0	0	1	1	1		
c08193u0_es5-oldStyleOctalLiteralInEnums.ts	0	0	2	2	1	1	1		
c08194u0_es5-souremap-amd.ts	0	0	0	0	1	1	1		
c08195u0_es5-system.ts	0	0	0	0	1	1	1		
c08196u0_es5-system2.ts	0	0	0	0	1	1	1		
c08197u0_es5-umd.ts	0	0	0	0	1	1	1		
c08198u0_es5-umd2.ts	0	0	0	0	1	1	1		
c08199u0_es5-umd3.ts	0	0	0	0	1	1	1		
c08200u0_es5-umd4.ts	0	0	0	0	1	1	1		
c08201u0_es5-yieldFunctionObjectLiterals.ts	0	0	0	0	1	1	1		
c08202u0_es5ExportDefaultClassDeclaration.ts	0	0	0	0	1	1	1		
c08203u0_es5ExportDefaultClassDeclaration2.ts	0	0	0	0	1	1	1		
c08204u0_es5ExportDefaultClassDeclaration3.ts	0	0	0	0	1	1	1		
c08205u0_es5ExportDefaultClassDeclaration4.ts	0	0	0	0	1	1	1		
c08206u0_es5ExportDefaultExpression.ts	0	0	0	0	1	1	1		
c08207u0_es5ExportDefaultFunctionDeclaration.ts	0	0	0	0	1	1	1		
c08208u0_es5ExportDefaultFunctionDeclaration2.ts	0	0	0	0	1	1	1		
c08209u0_es5ExportDefaultFunctionDeclaration3.ts	0	0	0	0	1	1	1		
c08210u0_es5ExportDefaultFunctionDeclaration4.ts	0	0	0	0	1	1	1		
c08211u0_es5ExportDefaultIdentifier.ts	0	0	0	0	1	1	1		
c08212u0_es5ExportEquals.ts	0	0	0	0	1	1	1		
c08213u0_es5ExportEqualsDts.ts	0	0	0	0	1	1	1		
c08214u0_es5ModuleInternalNamedImports.ts	0	0	0	0	1	1	1		
c08215u0_es5ModuleWithModuleGenAmd.ts	0	0	0	0	1	1	1		
c08216u0_es5ModuleWithModuleGenCommonjs.ts	0	0	0	0	1	1	1		
c08217u0_es5ModuleWithoutModuleGenTarget.ts	0	0	0	0	1	1	1		
c08218u0_es5SetterparameterDestructuringNotElided.ts	0	0	0	0	1	1	1		
c08219u0_es5andes6module.ts	0	0	0	0	1	1	1		
c08220u0_es6-amd.ts	0	0	0	0	1	1	1		
c08221u0_es6-declaration-amd.ts	0	0	0	0	1	1	1		
c08222u0_es6-sourcemap-amd.ts	0	0	0	0	1	1	1		
c08223u0_es6-umd.ts	0	0	0	0	1	1	1		
c08224u0_es6-umd2.ts	0	0	0	0	1	1	1		
c08225u0_es6ClassSuperCodegenBug.ts	0	0	0	0	1	1	1		
c08226u0_es6ClassTest.ts	0	0	0	0	1	1	1		
c08227u0_es6ClassTest2.ts	0	0	0	0	1	1	1		
c08228u0_es6ClassTest3.ts	0	0	0	0	1	1	1		
c08229u0_es6ClassTest4.ts	0	0	0	0	1	1	1		
c08230u0_es6ClassTest5.ts	0	0	0	0	1	1	1		
c08231u0_es6ClassTest7.ts	0	0	0	0	1	1	1		
c08232u0_es6ClassTest8.ts	0	0	0	0	1	1	1		
c08233u0_es6ClassTest9.ts	0	0	2	2	1	1	1		
c08234u0_es6DeclOrdering.ts	0	0	0	0	1	1	1		
c08235u0_server.ts	0	0	0	0	1	1	1		
c08235u1_client.ts	0	0	0	0	1	1	1		
c08236u0_server.ts	0	0	0	0	1	1	1		
c08236u1_client.ts	0	0	0	0	1	1	1		
c08237u0_es6ExportAssignment.ts	0	0	0	0	1	1	1		
c08238u0_a.ts	0	0	0	0	1	1	1		
c08238u1_b.ts	0	0	0	0	1	1	1		
c08239u0_a.d.ts	0	0	0	0	1	1	1		
c08239u1_b.ts	0	0	0	0	1	1	1		
c08240u0_modules.d.ts	0	0	0	0	1	1	1		
c08240u1_b.ts	0	0	0	0	1	1	1		
c08241u0_server.ts	0	0	0	0	1	1	1		
c08242u0_server.ts	0	0	0	0	1	1	1		
c08243u0_server.ts	0	0	0	0	1	1	1		
c08244u0_server.ts	0	0	0	0	1	1	1		
c08244u1_client.ts	0	0	0	0	1	1	1		
c08245u0_server.ts	0	0	0	0	1	1	1		
c08245u1_client.ts	0	0	0	0	1	1	1		
c08246u0_es6ExportDefaultClassDeclaration.ts	0	0	0	0	1	1	1		
c08247u0_es6ExportDefaultClassDeclaration2.ts	0	0	0	0	1	1	1		
c08248u0_es6ExportDefaultExpression.ts	0	0	0	0	1	1	1		
c08249u0_es6ExportDefaultFunctionDeclaration.ts	0	0	0	0	1	1	1		
c08250u0_es6ExportDefaultFunctionDeclaration2.ts	0	0	0	0	1	1	1		
c08251u0_es6ExportDefaultIdentifier.ts	0	0	0	0	1	1	1		
c08252u0_es6ExportEquals.ts	0	0	0	0	1	1	1		
c08253u0_modules.d.ts	0	0	0	0	1	1	1		
c08253u1_main.ts	0	0	0	0	1	1	1		
c08254u0_es6ImportDefaultBinding_0.ts	0	0	0	0	1	1	1		
c08254u1_es6ImportDefaultBinding_1.ts	0	0	0	0	1	1	1		
c08255u0_es6ImportDefaultBindingAmd_0.ts	0	0	0	0	1	1	1		
c08255u1_es6ImportDefaultBindingAmd_1.ts	0	0	0	0	1	1	1		
c08256u0_server.ts	0	0	0	0	1	1	1		
c08256u1_client.ts	0	0	0	0	1	1	1		
c08257u0_es6ImportDefaultBindingFollowedWithNamedImport_0.ts	0	0	0	0	1	1	1		
c08257u1_es6ImportDefaultBindingFollowedWithNamedImport_1.ts	0	0	0	0	1	1	1		
c08258u0_es6ImportDefaultBindingFollowedWithNamedImport1_0.ts	0	0	0	0	1	1	1		
c08258u1_es6ImportDefaultBindingFollowedWithNamedImport1_1.ts	0	0	0	0	1	1	1		
c08259u0_es6ImportDefaultBindingFollowedWithNamedImport1InEs5_0.ts	0	0	0	0	1	1	1		
c08259u1_es6ImportDefaultBindingFollowedWithNamedImport1InEs5_1.ts	0	0	0	0	1	1	1		
c08260u0_server.ts	0	0	0	0	1	1	1		
c08260u1_client.ts	0	0	0	0	1	1	1		
c08261u0_server.ts	0	0	0	0	1	1	1		
c08261u1_client.ts	0	0	0	0	1	1	1		
c08262u0_server.ts	0	0	0	0	1	1	1		
c08262u1_client.ts	0	0	0	0	1	1	1		
c08263u0_es6ImportDefaultBindingFollowedWithNamedImportInEs5_0.ts	0	0	0	0	1	1	1		
c08263u1_es6ImportDefaultBindingFollowedWithNamedImportInEs5_1.ts	0	0	0	0	1	1	1		
c08264u0_server.ts	0	0	0	0	1	1	1		
c08264u1_client.ts	0	0	0	0	1	1	1		
c08265u0_es6ImportDefaultBindingFollowedWithNamespaceBinding_0.ts	0	0	0	0	1	1	1		
c08265u1_es6ImportDefaultBindingFollowedWithNamespaceBinding_1.ts	0	0	0	0	1	1	1		
c08266u0_es6ImportDefaultBindingFollowedWithNamespaceBinding_0.ts	0	0	0	0	1	1	1		
c08266u1_es6ImportDefaultBindingFollowedWithNamespaceBinding_1.ts	0	0	0	0	1	1	1		
c08267u0_es6ImportDefaultBindingFollowedWithNamespaceBindingInEs5_0.ts	0	0	0	0	1	1	1		
c08267u1_es6ImportDefaultBindingFollowedWithNamespaceBindingInEs5_1.ts	0	0	0	0	1	1	1		
c08268u0_server.ts	0	0	0	0	1	1	1		
c08268u1_client.ts	0	0	0	0	1	1	1		
c08269u0_server.ts	0	0	0	0	1	1	1		
c08269u1_client.ts	0	0	0	0	1	1	1		
c08270u0_server.ts	0	0	0	0	1	1	1		
c08270u1_client.ts	0	0	0	0	1	1	1		
c08271u0_es6ImportDefaultBindingFollowedWithNamespaceBindingInEs5_0.ts	0	0	0	0	1	1	1		
c08271u1_es6ImportDefaultBindingFollowedWithNamespaceBindingInEs5_1.ts	0	0	0	0	1	1	1		
c08272u0_server.ts	0	0	0	0	1	1	1		
c08272u1_client.ts	0	0	0	0	1	1	1		
c08273u0_es6ImportDefaultBindingInEs5_0.ts	0	0	0	0	1	1	1		
c08273u1_es6ImportDefaultBindingInEs5_1.ts	0	0	0	0	1	1	1		
c08274u0_es6ImportDefaultBindingMergeErrors_0.ts	0	0	0	0	1	1	1		
c08274u1_es6ImportDefaultBindingMergeErrors_1.ts	0	0	0	0	1	1	1		
c08275u0_es6ImportDefaultBindingNoDefaultProperty_0.ts	0	0	0	0	1	1	1		
c08275u1_es6ImportDefaultBindingNoDefaultProperty_1.ts	0	0	0	0	1	1	1		
c08276u0_server.ts	0	0	0	0	1	1	1		
c08276u1_client.ts	0	0	0	0	1	1	1		
c08277u0_server.ts	0	0	0	0	1	1	1		
c08277u1_client.ts	0	0	0	0	1	1	1		
c08278u0_server.d.ts	0	0	0	0	1	1	1		
c08278u1_client.ts	0	0	0	0	1	1	1		
c08279u0_a.ts	0	0	0	0	1	1	1		
c08279u1_main.ts	0	0	0	0	1	1	1		
c08280u0_a.ts	0	0	0	0	1	1	1		
c08280u1_main.ts	0	0	0	0	1	1	1		
c08281u0_es6ImportNameSpaceImport_0.ts	0	0	0	0	1	1	1		
c08281u1_es6ImportNameSpaceImport_1.ts	0	0	0	0	1	1	1		
c08282u0_es6ImportNameSpaceImportAmd_0.ts	0	0	0	0	1	1	1		
c08282u1_es6ImportNameSpaceImportAmd_1.ts	0	0	0	0	1	1	1		
c08283u0_server.ts	0	0	0	0	1	1	1		
c08283u1_client.ts	0	0	0	0	1	1	1		
c08284u0_es6ImportNameSpaceImportInEs5_0.ts	0	0	0	0	1	1	1		
c08284u1_es6ImportNameSpaceImportInEs5_1.ts	0	0	0	0	1	1	1		
c08285u0_es6ImportNameSpaceImportMergeErrors_0.ts	0	0	0	0	1	1	1		
c08285u1_es6ImportNameSpaceImportMergeErrors_1.ts	0	0	0	0	1	1	1		
c08286u0_es6ImportNameSpaceImportNoNamedExports_0.ts	0	0	0	0	1	1	1		
c08286u1_es6ImportNameSpaceImportNoNamedExports_1.ts	0	0	0	0	1	1	1		
c08287u0_server.ts	0	0	0	0	1	1	1		
c08287u1_client.ts	0	0	0	0	1	1	1		
c08288u0_es6ImportNamedImport_0.ts	0	0	0	0	1	1	1		
c08288u1_es6ImportNamedImport_1.ts	0	0	0	0	1	1	1		
c08289u0_es6ImportNamedImportAmd_0.ts	0	0	0	0	1	1	1		
c08289u1_es6ImportNamedImportAmd_1.ts	0	0	0	0	1	1	1		
c08290u0_server.ts	0	0	0	0	1	1	1		
c08290u1_client.ts	0	0	0	0	1	1	1		
c08291u0_es6ImportNamedImportIdentifiersParsing.ts	0	0	3	3	1	1	1		
c08292u0_es6ImportNamedImportInEs5_0.ts	0	0	0	0	1	1	1		
c08292u1_es6ImportNamedImportInEs5_1.ts	0	0	0	0	1	1	1		
c08293u0_es6ImportNamedImportInExportAssignment_0.ts	0	0	0	0	1	1	1		
c08293u1_es6ImportNamedImportInExportAssignment_1.ts	0	0	0	0	1	1	1		
c08294u0_es6ImportNamedImportInIndirectExportAssignment_0.ts	0	0	0	0	1	1	1		
c08294u1_es6ImportNamedImportInIndirectExportAssignment_1.ts	0	0	0	0	1	1	1		
c08295u0_es6ImportNamedImportMergeErrors_0.ts	0	0	0	0	1	1	1		
c08295u1_es6ImportNamedImportMergeErrors_1.ts	0	0	0	0	1	1	1		
c08296u0_es6ImportNamedImportNoExportMember_0.ts	0	0	0	0	1	1	1		
c08296u1_es6ImportNamedImport_1.ts	0	0	0	0	1	1	1		
c08297u0_es6ImportNamedImportNoNamedExports_0.ts	0	0	0	0	1	1	1		
c08297u1_es6ImportNamedImportNoNamedExports_1.ts	0	0	0	0	1	1	1		
c08298u0_es6ImportNamedImportParsingError_0.ts	0	0	0	0	1	1	1		
c08298u1_es6ImportNamedImportParsingError_1.ts	0	0	9	9	1	1	1		
c08299u0_server.ts	0	0	0	0	1	1	1		
c08299u1_client.ts	0	0	0	0	1	1	1		
c08300u0_server.ts	0	0	0	0	1	1	1		
c08300u1_client.ts	0	0	0	0	1	1	1		
c08301u0_es6ImportParseErrors.ts	0	0	1	1	1	1	1		
c08303u0_es6ImportWithoutFromClause_0.ts	0	0	0	0	1	1	1		
c08303u1_es6ImportWithoutFromClause_1.ts	0	0	0	0	1	1	1		
c08304u0_es6ImportWithoutFromClauseAmd_0.ts	0	0	0	0	1	1	1		
c08304u1_es6ImportWithoutFromClauseAmd_1.ts	0	0	0	0	1	1	1		
c08304u2_es6ImportWithoutFromClauseAmd_2.ts	0	0	0	0	1	1	1		
c08305u0_es6ImportWithoutFromClauseInEs5_0.ts	0	0	0	0	1	1	1		
c08305u1_es6ImportWithoutFromClauseInEs5_1.ts	0	0	0	0	1	1	1		
c08306u0_es6ImportWithoutFromClauseNonInstantiatedModule_0.ts	0	0	0	0	1	1	1		
c08306u1_es6ImportWithoutFromClauseNonInstantiatedModule_1.ts	0	0	0	0	1	1	1		
c08307u0_server.ts	0	0	0	0	1	1	1		
c08307u1_client.ts	0	0	0	0	1	1	1		
c08308u0_es6MemberScoping.ts	0	0	0	0	1	1	1		
c08309u0_es6Module.ts	0	0	0	0	1	1	1		
c08310u0_es6ModuleClassDeclaration.ts	0	0	0	0	1	1	1		
c08311u0_es6ModuleConst.ts	0	0	0	0	1	1	1		
c08312u0_es6ModuleConstEnumDeclaration.ts	0	0	0	0	1	1	1		
c08313u0_es6ModuleConstEnumDeclaration2.ts	0	0	0	0	1	1	1		
c08314u0_es6ModuleEnumDeclaration.ts	0	0	0	0	1	1	1		
c08315u0_es6ModuleFunctionDeclaration.ts	0	0	0	0	1	1	1		
c08316u0_es6ModuleInternalImport.ts	0	0	0	0	1	1	1		
c08317u0_es6ModuleInternalNamedImports.ts	0	0	0	0	1	1	1		
c08318u0_es6ModuleInternalNamedImports2.ts	0	0	0	0	1	1	1		
c08319u0_es6ModuleLet.ts	0	0	0	0	1	1	1		
c08320u0_es6ModuleModuleDeclaration.ts	0	0	0	0	1	1	1		
c08321u0_es6ModuleVariableStatement.ts	0	0	0	0	1	1	1		
c08322u0_es6ModuleWithModuleGenTargetAmd.ts	0	0	0	0	1	1	1		
c08323u0_es6ModuleWithModuleGenTargetCommonjs.ts	0	0	0	0	1	1	1		
c08324u0_b.ts	0	0	0	0	1	1	1		
c08324u1_c.ts	0	0	0	0	1	1	1		
c08324u2_a.ts	0	0	0	0	1	1	1		
c08325u0_esDecoratorsClassFieldsCrash.ts	0	0	0	0	1	1	1		
c08326u0_index.d.ts	0	0	0	0	1	1	1		
c08326u1_path.d.ts	0	0	0	0	1	1	1		
c08326u2_fs.d.ts	0	0	0	0	1	1	1		
c08326u3_mjts.ts	0	0	0	0	1	1	1		
c08327u0_mod.ts	0	0	0	0	1	1	1		
c08327u1_a.ts	0	0	0	0	1	1	1		
c08327u2_b.ts	0	0	0	0	1	1	1		
c08328u0_point.d.ts	0	0	0	0	1	1	1		
c08328u1_index.ts	0	0	0	0	1	1	1		
c08329u0_a.ts	0	0	0	0	1	1	1		
c08329u1_b.d.ts	0	0	0	0	1	1	1		
c08330u0_foo.d.ts	0	0	0	0	1	1	1		
c08330u1_index.ts	0	0	0	0	1	1	1		
c08331u0_esModuleInteropImportDefaultWhenAllNamedAreDefaultAlias.ts	0	0	0	0	1	1	1		
c08332u0_foo.d.ts	0	0	0	0	1	1	1		
c08332u1_index.ts	0	0	0	0	1	1	1		
c08333u0_types.d.ts	0	0	0	0	1	1	1		
c08333u1_username.ts	0	0	0	0	1	1	1		
c08333u2_index.ts	0	0	0	0	1	1	1		
c08333u3_hello.ts	0	0	0	0	1	1	1		
c08333u4_index.ts	0	0	0	0	1	1	1		
c08334u0_mod.ts	0	0	0	0	1	1	1		
c08334u1_idx.ts	0	0	0	0	1	1	1		
c08335u0_foo.d.ts	0	0	0	0	1	1	1		
c08335u1_index.ts	0	0	0	0	1	1	1		
c08336u0_refs.d.ts	0	0	0	0	1	1	1		
c08336u1_file.ts	0	0	0	0	1	1	1		
c08336u2_file2.ts	0	0	0	0	1	1	1		
c08336u3_file3.ts	0	0	0	0	1	1	1		
c08336u4_file4.ts	0	0	0	0	1	1	1		
c08337u0_esModuleInteropUsesExportStarWhenDefaultPlusNames.ts	0	0	0	0	1	1	1		
c08338u0_fs.d.ts	0	0	0	0	1	1	1		
c08338u1_mjts.ts	0	0	0	0	1	1	1		
c08339u0_mod.d.ts	0	0	0	0	1	1	1		
c08339u1_idx.ts	0	0	0	0	1	1	1		
c08340u0_esNextWeakRefs_IterableWeakMap.ts	1	0	0	0	1	1	1		
c08341u0_escapedIdentifiers.ts	0	0	0	0	1	1	1		
c08342u0_escapedReservedCompilerNamedIdentifier.ts	0	0	0	0	1	1	1		
c08343u0_other.d.mts	0	0	0	0	1	1	1		
c08343u1_main.mts	0	0	0	0	1	1	1		
c08344u0_index.d.ts	0	0	0	0	1	1	1		
c08344u1_index.ts	0	0	0	0	1	1	1		
c08345u0_evalAfter0.ts	0	0	0	0	1	1	1		
c08346u0_a.d.ts	0	0	0	0	1	1	1		
c08347u0_eventEmitterPatternWithRecordOfFunction.ts	0	0	0	0	1	1	1		
c08348u0_evolvingArrayResolvedAssert.ts	0	0	0	0	1	1	1		
c08349u0_evolvingArrayTypeInAssert.ts	0	0	0	0	1	1	1		
c08350u0_exactOptionalPropertyTypesIdentical.ts	0	0	0	0	1	1	1		
c08351u0_exactSpellingSuggestion.ts	0	0	0	0	1	1	1		
c08352u0_excessPropertiesInOverloads.ts	0	0	0	0	1	1	1		
c08353u0_excessPropertyCheckIntersectionWithIndexSignature.ts	0	0	0	0	1	1	1		
c08354u0_excessPropertyCheckIntersectionWithRecursiveType.ts	0	0	0	0	1	1	1		
c08355u0_excessPropertyCheckWithEmptyObject.ts	0	0	0	0	1	1	1		
c08356u0_excessPropertyCheckWithMultipleDiscriminants.ts	0	0	0	0	1	1	1		
c08357u0_excessPropertyCheckWithNestedArrayIntersection.ts	0	0	0	0	1	1	1		
c08358u0_excessPropertyCheckWithSpread.ts	0	0	0	0	1	1	1		
c08359u0_excessPropertyCheckWithUnions.ts	0	0	0	0	1	1	1		
c08360u0_excessPropertyCheckingIntersectionWithConditional.ts	0	0	0	0	1	1	1		
c08361u0_excessPropertyChecksWithNestedIntersections.ts	0	0	0	0	1	1	1		
c08362u0_excessPropertyErrorForFunctionTypes.ts	0	0	0	0	1	1	1		
c08363u0_excessPropertyErrorsSuppressed.ts	0	0	0	0	1	1	1		
c08364u0_index.tsx	0	0	0	0	1	1	1		
c08365u0_excessivelyLargeTupleSpread.ts	0	0	0	0	1	1	1		
c08366u0_exhaustiveSwitchCheckCircularity.ts	0	0	0	0	1	1	1		
c08367u0_exhaustiveSwitchImplicitReturn.ts	0	0	0	0	1	1	1		
c08368u0_exhaustiveSwitchWithWideningLiteralTypes.ts	0	0	0	0	1	1	1		
c08369u0_expandoFunctionBlockShadowing.ts	0	0	0	0	1	1	1		
c08370u0_expandoFunctionContextualTypes.ts	0	0	0	0	1	1	1		
c08371u0_expandoFunctionContextualTypesJSDocInTs.ts	1	0	0	0	1	1	1		
c08373u0_expandoFunctionContextualTypesNoValue.ts	0	0	0	0	1	1	1		
c08374u0_expandoFunctionExpressionsWithDynamicNames.ts	0	0	0	0	1	1	1		
c08375u0_expandoFunctionExpressionsWithDynamicNames2.ts	0	0	0	0	1	1	1		
c08376u0_expandoFunctionNestedAssigments.ts	0	0	0	0	1	1	1		
c08377u0_expandoFunctionNestedAssigmentsDeclared.ts	0	0	0	0	1	1	1		
c08378u0_expandoFunctionNullishProperty.ts	0	0	0	0	1	1	1		
c08379u0_expandoFunctionSymbolProperty.ts	0	0	0	0	1	1	1		
c08380u0_types.ts	0	0	0	0	1	1	1		
c08381u0_types.d.ts	0	0	0	0	1	1	1		
c08381u1_usage.ts	0	0	0	0	1	1	1		
c08382u0_explicitAnyAfterSpreadNoImplicitAnyError.ts	0	0	0	0	1	1	1		
c08383u0_exportAlreadySeen.ts	0	0	0	0	1	1	1		
c08384u0_exportArrayBindingPattern.ts	0	0	0	0	1	1	1		
c08385u0_exportAsNamespace.d.ts	0	0	0	0	1	1	1		
c08386u0_a.d.ts	0	0	0	0	1	1	1		
c08387u0_a.d.ts	0	0	0	0	1	1	1		
c08387u1_b.ts	0	0	0	0	1	1	1		
c08388u0_exportAssignClassAndModule_0.ts	0	0	0	0	1	1	1		
c08388u1_exportAssignClassAndModule_1.ts	0	0	0	0	1	1	1		
c08389u0_exportAssignValueAndType.ts	0	0	0	0	1	1	1		
c08390u0_thing.d.ts	0	0	0	0	1	1	1		
c08390u1_index.ts	0	0	0	0	1	1	1		
c08391u0_exportAssignedTypeAsTypeAnnotation_0.ts	0	0	0	0	1	1	1		
c08391u1_exportAssignedTypeAsTypeAnnotation_1.ts	0	0	0	0	1	1	1		
c08392u0_exportAssignmentClass_A.ts	0	0	0	0	1	1	1		
c08392u1_exportAssignmentClass_B.ts	0	0	0	0	1	1	1		
c08393u0_exportAssignmentEnum_A.ts	0	0	0	0	1	1	1		
c08393u1_exportAssignmentEnum_B.ts	0	0	0	0	1	1	1		
c08394u0_exportEqualsModule_A.ts	0	0	0	0	1	1	1		
c08395u0_index.d.cts	0	0	0	0	1	1	1		
c08395u1_index.d.ts	0	0	0	0	1	1	1		
c08395u2_index.ts	0	0	0	0	1	1	1		
c08396u0_exportAssignmentFunction_A.ts	0	0	0	0	1	1	1		
c08396u1_exportAssignmentFunction_B.ts	0	0	0	0	1	1	1		
c08397u0_assignment.ts	0	0	0	0	1	1	1		
c08397u1_user.ts	0	0	0	0	1	1	1		
c08398u0_exportAssignmentInterface_A.ts	0	0	0	0	1	1	1		
c08398u1_exportAssignmentInterface_B.ts	0	0	0	0	1	1	1		
c08399u0_exportAssignmentInternalModule_A.ts	0	0	0	0	1	1	1		
c08399u1_exportAssignmentInternalModule_B.ts	0	0	0	0	1	1	1		
c08400u0_index.d.ts	0	0	0	0	1	1	1		
c08400u1_a.ts	0	0	0	0	1	1	1		
c08400u2_b.ts	0	0	0	0	1	1	1		
c08401u0_exportAssignmentOfDeclaredExternalModule_0.ts	0	0	0	0	1	1	1		
c08401u1_exportAssignmentOfDeclaredExternalModule_1.ts	0	0	0	0	1	1	1		
c08402u0_exportAssignmentOfGenericType1_0.ts	0	0	0	0	1	1	1		
c08402u1_exportAssignmentOfGenericType1_1.ts	0	0	0	0	1	1	1		
c08403u0_exportAssignmentVariable_A.ts	0	0	0	0	1	1	1		
c08403u1_exportAssignmentVariable_B.ts	0	0	0	0	1	1	1		
c08404u0_exportAssignmentWithDeclareAndExportModifiers.ts	0	0	0	0	1	1	1		
c08405u0_exportAssignmentWithDeclareModifier.ts	0	0	0	0	1	1	1		
c08406u0_exportAssignmentWithExportModifier.ts	0	0	0	0	1	1	1		
c08407u0_exportAssignmentWithExports.ts	0	0	0	0	1	1	1		
c08408u0_exportAssignmentWithImportStatementPrivacyError.ts	0	0	0	0	1	1	1		
c08409u0_exportAssignmentWithPrivacyError.ts	0	0	0	0	1	1	1		
c08410u0_bar.ts	0	0	0	0	1	1	1		
c08410u1_foo.ts	0	0	0	0	1	1	1		
c08411u0_exportAssignmentWithoutIdentifier1.ts	0	0	0	0	1	1	1		
c08412u0_BaseClass.ts	0	0	0	0	1	1	1		
c08412u1_MixinClass.ts	0	0	0	0	1	1	1		
c08412u2_FinalClass.ts	0	0	0	0	1	1	1		
c08412u3_Main.ts	0	0	0	0	1	1	1		
c08413u0_exportClassWithoutName.ts	0	0	0	0	1	1	1		
c08414u0_exportDeclarationForModuleOrEnumWithMemberOfSameName.ts	0	0	0	0	1	1	1		
c08415u0_exportDeclarationInInternalModule.ts	0	0	0	0	1	1	1		
c08416u0_t1.ts	0	0	0	0	1	1	1		
c08416u1_t2.ts	0	0	0	0	1	1	1		
c08416u2_t3.ts	0	0	0	0	1	1	1		
c08416u3_t4.ts	0	0	0	0	1	1	1		
c08416u4_t5.ts	0	0	0	0	1	1	1		
c08417u0_exportDeclarationsInAmbientNamespaces.ts	0	0	0	0	1	1	1		
c08418u0_exportDeclarationsInAmbientNamespaces2.ts	0	0	0	0	1	1	1		
c08419u0_exportDeclareClass1.ts	0	0	0	0	1	1	1		
c08420u0_a.ts	0	0	0	0	1	1	1		
c08420u1_b.ts	0	0	0	0	1	1	1		
c08421u0_exportDefaultAlias_excludesEverything.ts	0	0	0	0	1	1	1		
c08422u0_exportDefaultAsyncFunction.ts	0	0	0	0	1	1	1		
c08423u0_asyncawait.ts	0	0	0	0	1	1	1		
c08423u1_a.ts	0	0	0	0	1	1	1		
c08423u2_b.ts	0	0	0	0	1	1	1		
c08423u3_c.ts	0	0	0	0	1	1	1		
c08423u4_d.ts	0	0	0	0	1	1	1		
c08423u5_e.ts	0	0	0	0	1	1	1		
c08424u0_exportDefaultClassAndValue.ts	0	0	0	0	1	1	1		
c08425u0_exportDefaultClassInNamespace.ts	0	0	0	0	1	1	1		
c08426u0_exportDefaultDuplicateCrash.ts	0	0	0	0	1	1	1		
c08427u0_exportDefaultForNonInstantiatedModule.ts	0	0	0	0	1	1	1		
c08428u0_exportDefaultFunctionInNamespace.ts	0	0	0	0	1	1	1		
c08429u0_exported.ts	0	0	0	0	1	1	1		
c08429u1_main.ts	0	0	0	0	1	1	1		
c08430u0_a.ts	0	0	0	0	1	1	1		
c08430u1_b.ts	0	0	0	0	1	1	1		
c08431u0_exportDefaultInterfaceAndFunctionOverloads.ts	0	0	0	0	1	1	1		
c08432u0_exportDefaultInterfaceAndTwoFunctions.ts	0	0	0	0	1	1	1		
c08433u0_exportDefaultInterfaceAndValue.ts	0	0	0	0	1	1	1		
c08434u0_exportDefaultInterfaceClassAndFunctionOverloads.ts	0	0	0	0	1	1	1		
c08435u0_exportDefaultInterfaceClassAndValue.ts	0	0	0	0	1	1	1		
c08437u0_exportDefaultMissingName.ts	0	0	0	0	1	1	1		
c08438u0_commalist.ts	0	0	0	0	1	1	1		
c08438u1_comma.ts	0	0	0	0	1	1	1		
c08438u2_functionexpression.ts	0	0	0	0	1	1	1		
c08439u0_classexpr.ts	0	0	0	0	1	1	1		
c08440u0_declarations.d.ts	0	1	0	0	1	1	1		
c08440u1_a.ts	0	0	0	0	1	1	1		
c08440u2_b.ts	0	0	0	0	1	1	1		
c08440u3_index.ts	0	0	0	0	1	1	1		
c08441u0_a.ts	0	0	0	0	1	1	1		
c08441u1_b.ts	0	0	0	0	1	1	1		
c08442u0_code.ts	0	0	0	0	1	1	1		
c08442u1_usage.ts	0	0	0	0	1	1	1		
c08443u0_items.ts	0	0	0	0	1	1	1		
c08443u1_index.ts	0	0	0	0	1	1	1		
c08444u0_exportDefaultTypeAndClass.ts	0	0	0	0	1	1	1		
c08445u0_exportDefaultTypeAndFunctionOverloads.ts	0	0	0	0	1	1	1		
c08446u0_exportDefaultTypeClassAndValue.ts	0	0	0	0	1	1	1		
c08447u0_exportDefaultVariable.ts	0	0	0	0	1	1	1		
c08448u1_b.ts	0	0	0	0	1	1	1		
c08449u1_b.ts	0	0	0	0	1	1	1		
c08450u0_exportEmptyArrayBindingPattern.ts	0	0	0	0	1	1	1		
c08451u0_exportEmptyObjectBindingPattern.ts	0	0	0	0	1	1	1		
c08452u0_exportEqualCallable_0.ts	0	0	0	0	1	1	1		
c08452u1_exportEqualCallable_1.ts	0	0	0	0	1	1	1		
c08453u0_exportEqualErrorType_0.ts	0	0	0	0	1	1	1		
c08453u1_exportEqualErrorType_1.ts	0	0	0	0	1	1	1		
c08454u0_exportEqualMemberMissing_0.ts	0	0	0	0	1	1	1		
c08454u1_exportEqualMemberMissing_1.ts	0	0	0	0	1	1	1		
c08455u0_exportEqualNamespaces.ts	0	0	0	0	1	1	1		
c08456u0_exportEqualsAmd.ts	0	0	0	0	1	1	1		
c08457u0_exportEqualsClassNoRedeclarationError.ts	0	0	0	0	1	1	1		
c08458u0_exportEqualsClassRedeclarationError.ts	0	0	0	0	1	1	1		
c08459u0_exportEqualsCommonJs.ts	0	0	0	0	1	1	1		
c08460u0_exp.ts	0	0	0	0	1	1	1		
c08460u1_imp.ts	0	0	0	0	1	1	1		
c08461u0_exportEqualsOfModule.ts	0	0	0	0	1	1	1		
c08462u0_declarations.d.ts	0	1	0	0	1	1	1		
c08462u1_a.ts	0	0	0	0	1	1	1		
c08462u2_b.ts	0	0	0	0	1	1	1		
c08462u3_index.ts	0	0	0	0	1	1	1		
c08463u0_a.ts	0	0	0	0	1	1	1		
c08463u1_b.ts	0	0	0	0	1	1	1		
c08464u0_exportEqualsUmd.ts	0	0	0	0	1	1	1		
c08465u0_w1.ts	0	0	0	0	1	1	1		
c08465u1_exporter.ts	0	0	0	0	1	1	1		
c08465u2_consumer.ts	0	0	0	0	1	1	1		
c08466u0_exportImportAndClodule.ts	0	0	0	0	1	1	1		
c08467u0_exportImportCanSubstituteConstEnumForValue.ts	1	1	0	0	1	1	1		
c08468u0_exportImportMultipleFiles_math.ts	0	0	0	0	1	1	1		
c08468u1_exportImportMultipleFiles_library.ts	0	0	0	0	1	1	1		
c08468u2_exportImportMultipleFiles_userCode.ts	0	0	0	0	1	1	1		
c08469u0_exportImportNonInstantiatedModule.ts	0	0	0	0	1	1	1		
c08470u0_w1.ts	0	0	0	0	1	1	1		
c08470u1_exporter.ts	0	0	0	0	1	1	1		
c08470u2_consumer.ts	0	0	0	0	1	1	1		
c08471u0_exportInFunction.ts	0	0	1	1	1	1	1		
c08472u0_exportInterfaceClassAndValue.ts	0	0	0	0	1	1	1		
c08473u0_exportInterfaceClassAndValueWithDuplicatesInImportList.ts	0	0	0	0	1	1	1		
c08474u0_exportNamespaceDeclarationRetainsVisibility.ts	0	0	0	0	1	1	1		
c08475u0_exportObjectRest.ts	0	0	0	0	1	1	1		
c08476u0_exportPrivateType.ts	0	0	0	0	1	1	1		
c08477u0_exportRedeclarationTypeAliases.ts	0	0	0	0	1	1	1		
c08478u0_exportSameNameFuncVar.ts	0	0	0	0	1	1	1		
c08479u0_exportSpecifierAndExportedMemberDeclaration.ts	0	0	0	0	1	1	1		
c08480u0_exportSpecifierAndLocalMemberDeclaration.ts	0	0	0	0	1	1	1		
c08481u0_a.d.ts	0	0	0	0	1	1	1		
c08481u1_b.ts	0	0	0	0	1	1	1		
c08482u0_exportSpecifierReferencingOuterDeclaration1.ts	0	0	0	0	1	1	1		
c08483u0_exportSpecifierReferencingOuterDeclaration2_A.ts	0	0	0	0	1	1	1		
c08483u1_exportSpecifierReferencingOuterDeclaration2_B.ts	0	0	0	0	1	1	1		
c08484u0_exportSpecifierReferencingOuterDeclaration3.ts	0	0	0	0	1	1	1		
c08485u0_exportSpecifierReferencingOuterDeclaration2_A.ts	0	0	0	0	1	1	1		
c08485u1_exportSpecifierReferencingOuterDeclaration2_B.ts	0	0	0	0	1	1	1		
c08486u0_file1.ts	0	0	0	0	1	1	1		
c08486u1_file2.ts	0	0	0	0	1	1	1		
c08487u0_file0.ts	0	0	0	0	1	1	1		
c08487u1_file1.ts	0	0	0	0	1	1	1		
c08487u2_file2.ts	0	0	0	0	1	1	1		
c08488u0_file1.ts	0	0	0	0	1	1	1		
c08488u1_file2.ts	0	0	0	0	1	1	1		
c08488u2_file3.ts	0	0	0	0	1	1	1		
c08489u0_file1.ts	0	0	0	0	1	1	1		
c08489u1_file2.ts	0	0	0	0	1	1	1		
c08489u2_file3.ts	0	0	0	0	1	1	1		
c08489u3_file4.ts	0	0	0	0	1	1	1		
c08489u4_file5.ts	0	0	0	0	1	1	1		
c08490u0_file1.ts	0	0	0	0	1	1	1		
c08490u1_file2.ts	0	0	0	0	1	1	1		
c08490u2_file3.ts	0	0	0	0	1	1	1		
c08491u0_file1.ts	0	0	0	0	1	1	1		
c08491u1_file2.ts	0	0	0	0	1	1	1		
c08492u0_file1.ts	0	0	0	0	1	1	1		
c08492u1_file2.ts	0	0	0	0	1	1	1		
c08493u0_file1.ts	0	0	0	0	1	1	1		
c08493u1_file2.ts	0	0	0	0	1	1	1		
c08493u2_file3.ts	0	0	0	0	1	1	1		
c08494u0_file1.ts	0	0	0	0	1	1	1		
c08494u1_file2.ts	0	0	0	0	1	1	1		
c08494u2_file3.ts	0	0	0	0	1	1	1		
c08494u3_file4.ts	0	0	0	0	1	1	1		
c08494u4_file5.ts	0	0	0	0	1	1	1		
c08495u0_file1.ts	0	0	0	0	1	1	1		
c08495u1_file2.ts	0	0	0	0	1	1	1		
c08495u2_file3.ts	0	0	0	0	1	1	1		
c08496u0_file1.ts	0	0	0	0	1	1	1		
c08496u1_file2.ts	0	0	0	0	1	1	1		
c08497u0_exportStarFromEmptyModule_module1.ts	0	0	0	0	1	1	1		
c08497u1_exportStarFromEmptyModule_module2.ts	0	0	0	0	1	1	1		
c08497u2_exportStarFromEmptyModule_module3.ts	0	0	0	0	1	1	1		
c08497u3_exportStarFromEmptyModule_module4.ts	0	0	0	0	1	1	1		
c08498u0_register.ts	0	0	0	0	1	1	1		
c08498u1_data1.ts	0	0	0	0	1	1	1		
c08498u2_index.ts	0	0	0	0	1	1	1		
c08499u0_exportToString.ts	0	0	0	0	1	1	1		
c08500u0_exportTwoInterfacesWithSameName.ts	0	0	0	0	1	1	1		
c08501u0_exportVisibility.ts	0	0	0	0	1	1	1		
c08502u0_exportedBlockScopedDeclarations.ts	0	0	0	0	1	1	1		
c08503u0_exportedInterfaceInaccessibleInCallbackInModule.ts	0	0	0	0	1	1	1		
c08504u0_exportedVariable1.ts	0	0	0	0	1	1	1		
c08505u0_exportingContainingVisibleType.ts	0	0	0	0	1	1	1		
c08506u0_external.d.ts	0	0	0	0	1	1	1		
c08506u1_main.ts	0	0	0	0	1	1	1		
c08507u0_external.d.ts	0	0	0	0	1	1	1		
c08507u1_main.ts	0	0	0	0	1	1	1		
c08508u0_expr.ts	0	0	0	0	1	1	1		
c08509u0_base.d.ts	0	0	2	2	1	1	1		
c08509u1_string.ts	0	0	3	3	1	1	1		
c08509u2_number.ts	0	0	3	3	1	1	1		
c08509u3_boolean.ts	0	0	3	3	1	1	1		
c08510u0_expressionWithJSDocTypeArguments.ts	0	0	0	4	1	1	1		JSDocUnknownType
c08511u0_bar.ts	0	0	0	0	1	1	1		
c08512u0_extBaseClass1.ts	0	0	0	0	1	1	1		
c08513u0_extBaseClass2.ts	0	0	0	0	1	1	1		
c08514u0_extendAndImplementTheSameBaseType.ts	0	0	0	0	1	1	1		
c08515u0_extendAndImplementTheSameBaseType2.ts	0	0	0	0	1	1	1		
c08516u0_extendArray.ts	0	0	0	0	1	1	1		
c08517u0_extendBaseClassBeforeItsDeclared.ts	0	0	0	0	1	1	1		
c08518u0_extendConstructSignatureInInterface.ts	0	0	0	0	1	1	1		
c08519u0_extendFromAny.ts	0	0	0	0	1	1	1		
c08520u0_extendGenericArray.ts	0	0	0	0	1	1	1		
c08521u0_extendGenericArray2.ts	0	0	0	0	1	1	1		
c08522u0_extension.d.ts	0	0	0	0	1	1	1		
c08522u1_index.ts	0	0	0	0	1	1	1		
c08523u0_extendGlobalThis2.ts	0	0	0	0	1	1	1		
c08524u0_extendNonClassSymbol1.ts	0	0	0	0	1	1	1		
c08525u0_extendNonClassSymbol2.ts	0	0	0	0	1	1	1		
c08526u0_extendPrivateConstructorClass.ts	0	0	0	0	1	1	1		
c08527u0_extendedInterfaceGenericType.ts	0	0	0	0	1	1	1		
c08528u0_extendedInterfacesWithDuplicateTypeParameters.ts	0	0	0	0	1	1	1		
c08529u0_extendedUnicodeEscapeSequenceIdentifiers.ts	0	0	0	0	1	1	1		
c08530u0_extendedUnicodePlaneIdentifiers.ts	0	0	0	0	1	1	1		
c08532u0_extendingClassFromAliasAndUsageInIndexer_backbone.ts	0	0	0	0	1	1	1		
c08532u1_extendingClassFromAliasAndUsageInIndexer_moduleA.ts	0	0	0	0	1	1	1		
c08532u2_extendingClassFromAliasAndUsageInIndexer_moduleB.ts	0	0	0	0	1	1	1		
c08532u3_extendingClassFromAliasAndUsageInIndexer_main.ts	0	0	0	0	1	1	1		
c08534u0_extendsClauseAlreadySeen.ts	0	0	0	0	1	1	1		
c08535u0_extendsClauseAlreadySeen2.ts	0	0	0	0	1	1	1		
c08537u2_a.ts	0	0	0	0	1	1	1		
c08538u0_extension.ts	0	0	2	2	1	1	1		
c08539u0_externFunc.ts	0	0	0	0	1	1	1		
c08540u0_externModule.ts	0	0	1	1	1	1	1		
c08541u0_externModuleClobber.ts	0	0	0	0	1	1	1		
c08542u0_externSemantics.ts	0	0	0	0	1	1	1		
c08543u0_externSyntax.ts	0	0	0	0	1	1	1		
c08544u0_externalModuleAssignToVar_ext.ts	0	0	0	0	1	1	1		
c08544u1_externalModuleAssignToVar_core_require.ts	0	0	0	0	1	1	1		
c08544u2_externalModuleAssignToVar_core_require2.ts	0	0	0	0	1	1	1		
c08544u3_externalModuleAssignToVar_core.ts	0	0	0	0	1	1	1		
c08545u0_externalModuleExportingGenericClass_file0.ts	0	0	0	0	1	1	1		
c08545u1_externalModuleExportingGenericClass_file1.ts	0	0	0	0	1	1	1		
c08546u0_f1.ts	0	0	0	0	1	1	1		
c08546u1_f2.ts	0	0	0	0	1	1	1		
c08547u0_externalModuleQualification.ts	0	0	0	0	1	1	1		
c08548u0_externalModuleReferenceDoubleUnderscore1.ts	0	0	0	0	1	1	1		
c08549u0_externalModuleReferenceOfImportDeclarationWithExportModifier_0.ts	0	0	0	0	1	1	1		
c08549u1_externalModuleReferenceOfImportDeclarationWithExportModifier_1.ts	0	0	0	0	1	1	1		
c08550u0_externalModuleRefernceResolutionOrderInImportDeclaration_file1.ts	0	0	0	0	1	1	1		
c08550u1_externalModuleRefernceResolutionOrderInImportDeclaration_file2.ts	0	0	0	0	1	1	1		
c08550u2_externalModuleRefernceResolutionOrderInImportDeclaration_file3.ts	0	0	0	0	1	1	1		
c08551u0_foo.d.ts	0	0	0	0	1	1	1		
c08551u1_foo.ts	0	0	0	0	1	1	1		
c08551u2_consumer.ts	0	0	0	0	1	1	1		
c08552u0_foo.ts	0	0	0	0	1	1	1		
c08552u1_foo.d.ts	0	0	0	0	1	1	1		
c08552u2_consumer.ts	0	0	0	0	1	1	1		
c08553u0_externalModuleWithoutCompilerFlag1.ts	0	0	0	0	1	1	1		
c08554u0_extractInferenceImprovement.ts	0	0	0	0	1	1	1		
c08555u0_fakeInfinity1.ts	0	0	0	0	1	1	1		
c08556u0_fakeInfinity2.ts	0	0	0	0	1	1	1		
c08557u0_fakeInfinity3.ts	0	0	0	0	1	1	1		
c08558u0_fallFromLastCase1.ts	0	0	0	0	1	1	1		
c08559u0_fallFromLastCase2.ts	0	0	0	0	1	1	1		
c08560u0_fallbackToBindingPatternForTypeInference.ts	0	0	0	0	1	1	1		
c08561u0_fatArrowSelf.ts	0	0	0	0	1	1	1		
c08562u0_fatArrowfunctionAsType.ts	0	0	0	0	1	1	1		
c08563u0_fatarrowfunctions.ts	0	0	0	0	1	1	1		
c08564u0_fatarrowfunctionsErrors.ts	0	0	9	9	1	1	1		
c08565u0_fatarrowfunctionsInFunctionParameterDefaults.ts	0	0	0	0	1	1	1		
c08566u0_fatarrowfunctionsInFunctions.ts	0	0	0	0	1	1	1		
c08567u0_fatarrowfunctionsOptionalArgs.ts	0	0	2	2	1	1	1		
c08568u0_fatarrowfunctionsOptionalArgsErrors1.ts	0	0	0	0	1	1	1		
c08569u0_fatarrowfunctionsOptionalArgsErrors2.ts	0	0	3	3	1	1	1		
c08570u0_fatarrowfunctionsOptionalArgsErrors3.ts	0	0	1	1	1	1	1		
c08571u0_fatarrowfunctionsOptionalArgsErrors4.ts	0	0	0	0	1	1	1		
c08572u0_fieldAndGetterWithSameName.ts	0	0	0	0	1	1	1		
c08573u0_t.ts	0	0	0	0	1	1	1		
c08573u1_a.ts	0	0	0	0	1	1	1		
c08573u2_b.d.ts	0	0	0	0	1	1	1		
c08573u3_c.ts	0	0	0	0	1	1	1		
c08573u4_c.d.ts	0	0	0	0	1	1	1		
c08574u0_fileWithNextLine1.ts	0	0	0	0	1	1	1		
c08575u0_fileWithNextLine2.ts	0	0	0	0	1	1	1		
c08576u0_fileWithNextLine3.ts	0	0	0	0	1	1	1		
c08577u0_a.ts	0	0	0	0	1	1	1		
c08577u1_a.tsx	0	0	0	0	1	1	1		
c08578u0_a.ts	0	0	0	0	1	1	1		
c08578u1_b.ts	0	0	0	0	1	1	1		
c08579u0_fillInMissingTypeArgsOnConstructCalls.ts	0	0	0	0	1	1	1		
c08581u0_findLast.ts	0	0	0	0	1	1	1		
c08582u0_firstMatchRegExpMatchArray.ts	0	0	0	0	1	1	1		
c08583u0_input.ts	0	0	0	0	1	1	1		
c08583u1_usage.ts	0	0	0	0	1	1	1		
c08584u0_fixTypeParameterInSignatureWithRestParameters.ts	0	0	0	0	1	1	1		
c08585u0_fixingTypeParametersRepeatedly1.ts	0	0	0	0	1	1	1		
c08586u0_fixingTypeParametersRepeatedly2.ts	0	0	0	0	1	1	1		
c08587u0_fixingTypeParametersRepeatedly3.ts	0	0	0	0	1	1	1		
c08588u0_flatArrayNoExcessiveStackDepth.ts	0	0	0	0	1	1	1		
c08589u0_flowAfterFinally1.ts	0	0	0	0	1	1	1		
c08590u0_flowControlTypeGuardThenSwitch.ts	0	0	0	0	1	1	1		
c08591u0_flowInFinally1.ts	0	0	0	0	1	1	1		
c08592u0_for.ts	0	0	1	1	1	1	1		
c08593u0_forAwaitForIntersection1.ts	0	0	0	0	1	1	1		
c08594u0_forAwaitForUnion.ts	0	0	0	0	1	1	1		
c08595u0_forIn.ts	0	0	0	0	1	1	1		
c08596u0_forIn2.ts	0	0	0	0	1	1	1		
c08597u0_forInModule.ts	0	0	0	0	1	1	1		
c08598u0_forInStatement1.ts	0	0	0	0	1	1	1		
c08599u0_forInStatement2.ts	0	0	0	0	1	1	1		
c08600u0_forInStatement3.ts	0	0	0	0	1	1	1		
c08601u0_forInStatement4.ts	0	0	0	0	1	1	1		
c08602u0_forInStatement5.ts	0	0	0	0	1	1	1		
c08603u0_forInStatement6.ts	0	0	0	0	1	1	1		
c08604u0_forInStatement7.ts	0	0	0	0	1	1	1		
c08605u0_forInStrictNullChecksNoError.ts	0	0	0	0	1	1	1		
c08606u0_forLoopEndingMultilineComments.ts	0	0	0	0	1	1	1		
c08607u0_forLoopWithDestructuringDoesNotElideFollowingStatement.ts	0	0	0	0	1	1	1		
c08608u0_forOfStringConstituents.ts	0	0	0	0	1	1	1		
c08609u0_forOfTransformsExpression.ts	0	0	0	0	1	1	1		
c08610u0_forStatementInnerComments.ts	0	0	0	0	1	1	1		
c08611u0_formatToPartsFractionalSecond.ts	0	0	0	0	1	1	1		
c08612u0_forwardDeclaredCommonTypes01.ts	0	0	0	0	1	1	1		
c08613u0_forwardRefInClassProperties.ts	0	0	0	0	1	1	1		
c08614u0_forwardRefInEnum.ts	0	0	0	0	1	1	1		
c08615u0_forwardRefInTypeDeclaration.ts	0	0	0	0	1	1	1		
c08616u0_freshLiteralInference.ts	0	0	0	0	1	1	1		
c08617u0_freshLiteralTypesInIntersections.ts	0	0	0	0	1	1	1		
c08618u0_fromAsIdentifier1.ts	0	0	0	0	1	1	1		
c08619u0_fromAsIdentifier2.ts	0	0	0	0	1	1	1		
c08620u0_funClodule.ts	0	0	0	0	1	1	1		
c08621u0_funcdecl.ts	0	0	0	0	1	1	1		
c08622u0_f1.ts	0	0	0	0	1	1	1		
c08622u1_f2.ts	0	0	0	0	1	1	1		
c08623u0_functionAndInterfaceWithSeparateErrors.ts	0	0	0	0	1	1	1		
c08624u0_functionAndPropertyNameConflict.ts	0	0	0	0	1	1	1		
c08625u0_functionArgShadowing.ts	0	0	0	0	1	1	1		
c08626u0_functionAssignabilityWithArrayLike01.ts	0	0	0	0	1	1	1		
c08627u0_functionAssignment.ts	0	0	0	0	1	1	1		
c08628u0_functionAssignmentError.ts	0	0	0	0	1	1	1		
c08629u0_functionCall1.ts	0	0	0	0	1	1	1		
c08630u0_functionCall10.ts	0	0	0	0	1	1	1		
c08631u0_functionCall11.ts	0	0	0	0	1	1	1		
c08632u0_functionCall12.ts	0	0	0	0	1	1	1		
c08633u0_functionCall13.ts	0	0	0	0	1	1	1		
c08634u0_functionCall14.ts	0	0	0	0	1	1	1		
c08635u0_functionCall15.ts	0	0	0	0	1	1	1		
c08636u0_functionCall16.ts	0	0	0	0	1	1	1		
c08637u0_functionCall17.ts	0	0	0	0	1	1	1		
c08638u0_functionCall18.ts	0	0	0	0	1	1	1		
c08639u0_functionCall2.ts	0	0	0	0	1	1	1		
c08640u0_functionCall3.ts	0	0	0	0	1	1	1		
c08641u0_functionCall4.ts	0	0	0	0	1	1	1		
c08642u0_functionCall5.ts	0	0	0	0	1	1	1		
c08643u0_functionCall6.ts	0	0	0	0	1	1	1		
c08644u0_functionCall7.ts	0	0	0	0	1	1	1		
c08645u0_functionCall8.ts	0	0	0	0	1	1	1		
c08646u0_functionCall9.ts	0	0	0	0	1	1	1		
c08647u0_functionCallOnConstrainedTypeVariable.ts	0	0	0	0	1	1	1		
c08648u0_functionDeclarationWithArgumentOfTypeFunctionTypeArray.ts	0	0	0	0	1	1	1		
c08649u0_functionDeclarationWithResolutionOfTypeNamedArguments01.ts	0	0	0	0	1	1	1		
c08650u0_functionDeclarationWithResolutionOfTypeOfSameName01.ts	0	0	0	0	1	1	1		
c08651u0_functionExpressionAndLambdaMatchesFunction.ts	0	0	0	0	1	1	1		
c08652u0_functionExpressionInWithBlock.ts	0	0	0	0	1	1	1		
c08654u0_functionExpressionReturningItself.ts	0	0	0	0	1	1	1		
c08655u0_functionExpressionShadowedByParams.ts	0	0	0	0	1	1	1		
c08656u0_functionExpressionWithResolutionOfTypeNamedArguments01.ts	0	0	0	0	1	1	1		
c08657u0_functionExpressionWithResolutionOfTypeOfSameName01.ts	0	0	0	0	1	1	1		
c08658u0_functionExpressionWithResolutionOfTypeOfSameName02.ts	0	0	0	0	1	1	1		
c08659u0_functionInIfStatementInModule.ts	0	0	0	0	1	1	1		
c08660u0_functionLikeInParameterInitializer.ts	0	0	0	0	1	1	1		
c08661u0_functionMergedWithModule.ts	0	1	0	0	1	1	1		
c08662u0_functionOnlyHasThrow.ts	0	0	0	0	1	1	1		
c08663u0_functionOverloadAmbiguity1.ts	0	0	0	0	1	1	1		
c08664u0_functionOverloadImplementationOfWrongName.ts	0	0	0	0	1	1	1		
c08665u0_functionOverloadImplementationOfWrongName2.ts	0	0	0	0	1	1	1		
c08666u0_functionOverloads.ts	0	0	0	0	1	1	1		
c08667u0_functionOverloads1.ts	0	0	0	0	1	1	1		
c08668u0_functionOverloads10.ts	0	0	0	0	1	1	1		
c08669u0_functionOverloads11.ts	0	0	0	0	1	1	1		
c08670u0_functionOverloads12.ts	0	0	0	0	1	1	1		
c08671u0_functionOverloads13.ts	0	0	0	0	1	1	1		
c08672u0_functionOverloads14.ts	0	0	0	0	1	1	1		
c08673u0_functionOverloads15.ts	0	0	0	0	1	1	1		
c08674u0_functionOverloads16.ts	0	0	0	0	1	1	1		
c08675u0_functionOverloads17.ts	0	0	0	0	1	1	1		
c08676u0_functionOverloads18.ts	0	0	0	0	1	1	1		
c08677u0_functionOverloads19.ts	0	0	0	0	1	1	1		
c08678u0_functionOverloads2.ts	0	0	0	0	1	1	1		
c08679u0_functionOverloads20.ts	0	0	0	0	1	1	1		
c08680u0_functionOverloads21.ts	0	0	0	0	1	1	1		
c08681u0_functionOverloads22.ts	0	0	0	0	1	1	1		
c08682u0_functionOverloads23.ts	0	0	0	0	1	1	1		
c08683u0_functionOverloads24.ts	0	0	0	0	1	1	1		
c08684u0_functionOverloads25.ts	0	0	0	0	1	1	1		
c08685u0_functionOverloads26.ts	0	0	0	0	1	1	1		
c08686u0_functionOverloads27.ts	0	0	0	0	1	1	1		
c08687u0_functionOverloads28.ts	0	0	0	0	1	1	1		
c08688u0_functionOverloads29.ts	0	0	0	0	1	1	1		
c08689u0_functionOverloads3.ts	0	0	0	0	1	1	1		
c08690u0_functionOverloads30.ts	0	0	0	0	1	1	1		
c08691u0_functionOverloads31.ts	0	0	0	0	1	1	1		
c08692u0_functionOverloads32.ts	0	0	0	0	1	1	1		
c08693u0_functionOverloads33.ts	0	0	0	0	1	1	1		
c08694u0_functionOverloads34.ts	0	0	0	0	1	1	1		
c08695u0_functionOverloads35.ts	0	0	0	0	1	1	1		
c08696u0_functionOverloads36.ts	0	0	0	0	1	1	1		
c08697u0_functionOverloads37.ts	0	0	0	0	1	1	1		
c08698u0_functionOverloads38.ts	0	0	0	0	1	1	1		
c08699u0_functionOverloads39.ts	0	0	0	0	1	1	1		
c08700u0_functionOverloads4.ts	0	0	0	0	1	1	1		
c08701u0_functionOverloads40.ts	0	0	0	0	1	1	1		
c08702u0_functionOverloads41.ts	0	0	0	0	1	1	1		
c08703u0_functionOverloads42.ts	0	0	0	0	1	1	1		
c08704u0_functionOverloads43.ts	0	0	0	0	1	1	1		
c08705u0_functionOverloads44.ts	0	0	0	0	1	1	1		
c08706u0_functionOverloads45.ts	0	0	0	0	1	1	1		
c08707u0_functionOverloads5.ts	0	0	0	0	1	1	1		
c08708u0_functionOverloads6.ts	0	0	0	0	1	1	1		
c08709u0_functionOverloads7.ts	0	0	0	0	1	1	1		
c08710u0_functionOverloads8.ts	0	0	0	0	1	1	1		
c08711u0_functionOverloads9.ts	0	0	0	0	1	1	1		
c08712u0_functionOverloadsOnGenericArity1.ts	0	0	0	0	1	1	1		
c08713u0_functionOverloadsOnGenericArity2.ts	0	0	0	0	1	1	1		
c08714u0_functionOverloadsOutOfOrder.ts	0	0	0	0	1	1	1		
c08715u0_functionOverloadsRecursiveGenericReturnType.ts	0	0	0	0	1	1	1		
c08716u0_functionParameterArityMismatch.ts	0	0	0	0	1	1	1		
c08717u0_functionReturn.ts	0	0	0	0	1	1	1		
c08718u0_functionReturnTypeQuery.ts	0	0	0	0	1	1	1		
c08719u0_functionReturningItself.ts	0	0	0	0	1	1	1		
c08720u0_functionSignatureAssignmentCompat1.ts	0	0	0	0	1	1	1		
c08721u0_functionSubtypingOfVarArgs.ts	0	0	0	0	1	1	1		
c08722u0_functionSubtypingOfVarArgs2.ts	0	0	0	0	1	1	1		
c08723u0_functionToFunctionWithPropError.ts	0	0	0	0	1	1	1		
c08724u0_functionType.ts	0	0	0	0	1	1	1		
c08725u0_functionTypeArgumentArityErrors.ts	0	0	0	0	1	1	1		
c08726u0_functionTypeArgumentArrayAssignment.ts	0	0	0	0	1	1	1		
c08727u0_functionTypeArgumentAssignmentCompat.ts	0	0	0	0	1	1	1		
c08728u0_functionTypesLackingReturnTypes.ts	0	0	1	1	1	1	1		
c08729u0_functionVariableInReturnTypeAnnotation.ts	0	0	0	0	1	1	1		
c08730u0_functionWithAnyReturnTypeAndNoReturnExpression.ts	0	0	0	0	1	1	1		
c08731u0_functionWithDefaultParameterWithNoStatements1.ts	0	0	0	0	1	1	1		
c08732u0_functionWithDefaultParameterWithNoStatements10.ts	0	0	0	0	1	1	1		
c08733u0_functionWithDefaultParameterWithNoStatements11.ts	0	0	0	0	1	1	1		
c08734u0_functionWithDefaultParameterWithNoStatements12.ts	0	0	0	0	1	1	1		
c08735u0_functionWithDefaultParameterWithNoStatements13.ts	0	0	0	0	1	1	1		
c08736u0_functionWithDefaultParameterWithNoStatements14.ts	0	0	0	0	1	1	1		
c08737u0_functionWithDefaultParameterWithNoStatements15.ts	0	0	0	0	1	1	1		
c08738u0_functionWithDefaultParameterWithNoStatements16.ts	0	0	0	0	1	1	1		
c08739u0_functionWithDefaultParameterWithNoStatements2.ts	0	0	0	0	1	1	1		
c08740u0_functionWithDefaultParameterWithNoStatements3.ts	0	0	0	0	1	1	1		
c08741u0_functionWithDefaultParameterWithNoStatements4.ts	0	0	0	0	1	1	1		
c08742u0_functionWithDefaultParameterWithNoStatements5.ts	0	0	0	0	1	1	1		
c08743u0_functionWithDefaultParameterWithNoStatements6.ts	0	0	0	0	1	1	1		
c08744u0_functionWithDefaultParameterWithNoStatements7.ts	0	0	0	0	1	1	1		
c08745u0_functionWithDefaultParameterWithNoStatements8.ts	0	0	0	0	1	1	1		
c08746u0_functionWithDefaultParameterWithNoStatements9.ts	0	0	0	0	1	1	1		
c08747u0_functionWithNoBestCommonType1.ts	0	0	0	0	1	1	1		
c08748u0_functionWithNoBestCommonType2.ts	0	0	0	0	1	1	1		
c08749u0_functionWithSameNameAsField.ts	0	0	0	0	1	1	1		
c08750u0_functionWithThrowButNoReturn1.ts	0	0	0	0	1	1	1		
c08751u0_functionsInClassExpressions.ts	0	0	0	0	1	1	1		
c08752u0_functionsMissingReturnStatementsAndExpressions.ts	0	0	1	1	1	1	1		
c08753u0_functionsMissingReturnStatementsAndExpressionsStrictNullChecks.ts	0	0	0	0	1	1	1		
c08754u0_functionsWithImplicitReturnTypeAssignableToUndefined.ts	0	0	0	0	1	1	1		
c08755u0_functionsWithModifiersInBlocks1.ts	0	0	0	0	1	1	1		
c08756u0_funduleExportedClassIsUsedBeforeDeclaration.ts	0	0	0	0	1	1	1		
c08757u0_funduleOfFunctionWithoutReturnTypeAnnotation.ts	0	0	0	0	1	1	1		
c08758u0_funduleSplitAcrossFiles_function.ts	0	0	0	0	1	1	1		
c08758u1_funduleSplitAcrossFiles_module.ts	0	0	0	0	1	1	1		
c08759u0_funduleUsedAcrossFileBoundary_file1.ts	0	0	0	0	1	1	1		
c08759u1_funduleUsedAcrossFileBoundary_file2.ts	0	0	0	0	1	1	1		
c08760u0_fuzzy.ts	0	0	0	0	1	1	1		
c08761u0_generativeRecursionWithTypeOf.ts	0	0	0	0	1	1	1		
c08762u0_generatorES6InAMDModule.ts	0	0	0	0	1	1	1		
c08763u0_generatorES6_1.ts	0	0	0	0	1	1	1		
c08764u0_generatorES6_2.ts	0	0	0	0	1	1	1		
c08765u0_generatorES6_3.ts	0	0	0	0	1	1	1		
c08766u0_generatorES6_4.ts	0	0	0	0	1	1	1		
c08767u0_generatorES6_5.ts	0	0	0	0	1	1	1		
c08768u0_generatorES6_6.ts	0	0	0	0	1	1	1		
c08769u0_generatorReturnExpressionIsChecked.ts	0	0	0	0	1	1	1		
c08770u0_generatorTransformFinalLabel.ts	0	0	0	0	1	1	1		
c08771u0_genericAndNonGenericInheritedSignature1.ts	0	0	0	0	1	1	1		
c08772u0_genericAndNonGenericInheritedSignature2.ts	0	0	0	0	1	1	1		
c08773u0_genericAndNonGenericOverload1.ts	0	0	0	0	1	1	1		
c08774u0_genericArgumentCallSigAssignmentCompat.ts	0	0	0	0	1	1	1		
c08775u0_genericArray0.ts	0	0	0	0	1	1	1		
c08776u0_genericArray1.ts	0	0	0	0	1	1	1		
c08777u0_genericArrayAssignment1.ts	0	0	0	0	1	1	1		
c08778u0_genericArrayAssignmentCompatErrors.ts	0	0	0	0	1	1	1		
c08779u0_genericArrayExtenstions.ts	0	0	0	0	1	1	1		
c08780u0_genericArrayMethods1.ts	0	0	0	0	1	1	1		
c08781u0_genericArrayPropertyAssignment.ts	0	0	0	0	1	1	1		
c08782u0_genericArrayWithoutTypeAnnotation.ts	0	0	0	0	1	1	1		
c08783u0_genericAssignmentCompatOfFunctionSignatures1.ts	0	0	0	0	1	1	1		
c08784u0_genericAssignmentCompatWithInterfaces1.ts	0	0	0	0	1	1	1		
c08785u0_genericBaseClassLiteralProperty.ts	0	0	0	0	1	1	1		
c08786u0_genericBaseClassLiteralProperty2.ts	0	0	0	0	1	1	1		
c08787u0_genericCallAtYieldExpressionInGenericCall1.ts	0	0	0	0	1	1	1		
c08788u0_genericCallAtYieldExpressionInGenericCall2.ts	0	0	0	0	1	1	1		
c08789u0_genericCallAtYieldExpressionInGenericCall3.ts	0	0	0	0	1	1	1		
c08790u0_genericCallInferenceConditionalType1.ts	0	0	0	0	1	1	1		
c08791u0_genericCallInferenceConditionalType2.ts	0	0	0	0	1	1	1		
c08792u0_genericCallInferenceInConditionalTypes1.ts	0	0	0	0	1	1	1		
c08793u0_genericCallInferenceUsingThisTypeNoInvalidCacheReuseAfterMappedTypeApplication1.ts	0	0	0	0	1	1	1		
c08794u0_genericCallInferenceWithGenericLocalFunction.ts	0	0	0	0	1	1	1		
c08795u0_genericCallOnMemberReturningClosedOverObject.ts	0	0	0	0	1	1	1		
c08796u0_genericCallSpecializedToTypeArg.ts	0	0	0	0	1	1	1		
c08797u0_genericCallWithFixedArguments.ts	0	0	0	0	1	1	1		
c08798u0_genericCallWithNonGenericArgs1.ts	0	0	0	0	1	1	1		
c08799u0_genericCallWithObjectLiteralArguments1.ts	0	0	0	0	1	1	1		
c08800u0_genericCallWithinOwnBodyCastTypeParameterIdentity.ts	0	0	0	0	1	1	1		
c08801u0_genericCallWithoutArgs.ts	0	0	2	2	1	1	1		
c08802u0_genericCallbackInvokedInsideItsContainingFunction1.ts	0	0	0	0	1	1	1		
c08803u0_genericCallbacksAndClassHierarchy.ts	0	0	0	0	1	1	1		
c08804u0_genericCapturingFunctionNarrowing.ts	0	0	0	0	1	1	1		
c08805u0_genericChainedCalls.ts	0	0	0	0	1	1	1		
c08806u0_genericClassImplementingGenericInterfaceFromAnotherModule.ts	0	0	0	0	1	1	1		
c08807u0_genericClassInheritsConstructorFromNonGenericClass.ts	0	0	0	0	1	1	1		
c08808u0_genericClassPropertyInheritanceSpecialization.ts	0	1	0	0	1	1	1		
c08809u0_genericClassStaticMethod.ts	0	0	0	0	1	1	1		
c08810u0_genericClassWithStaticFactory.ts	0	0	0	0	1	1	1		
c08811u0_genericClassWithStaticsUsingTypeArguments.ts	0	0	0	0	1	1	1		
c08812u0_genericClasses0.ts	0	0	0	0	1	1	1		
c08813u0_genericClasses1.ts	0	0	0	0	1	1	1		
c08814u0_genericClasses2.ts	0	0	0	0	1	1	1		
c08815u0_genericClasses3.ts	0	0	0	0	1	1	1		
c08816u0_genericClasses4.ts	0	0	0	0	1	1	1		
c08817u0_genericClassesInModule.ts	0	0	0	0	1	1	1		
c08818u0_genericClassesInModule2.ts	0	0	0	0	1	1	1		
c08819u0_genericClassesRedeclaration.ts	0	0	0	0	1	1	1		
c08820u0_genericCloduleInModule.ts	0	0	0	0	1	1	1		
c08821u0_genericCloduleInModule2.ts	0	0	0	0	1	1	1		
c08822u0_genericCloneReturnTypes.ts	0	0	0	0	1	1	1		
c08823u0_genericCloneReturnTypes2.ts	0	0	0	0	1	1	1		
c08824u0_genericCombinators2.ts	0	0	0	0	1	1	1		
c08825u0_genericConditionalConstrainedToUnknownNotAssignableToConcreteObject.ts	0	0	0	0	1	1	1		
c08826u0_genericConstraint1.ts	0	0	0	0	1	1	1		
c08827u0_genericConstraint2.ts	0	0	0	0	1	1	1		
c08828u0_genericConstraint3.ts	0	0	0	0	1	1	1		
c08829u0_genericConstraintDeclaration.ts	0	0	0	0	1	1	1		
c08830u0_genericConstraintOnExtendedBuiltinTypes.ts	0	1	0	0	1	1	1		
c08831u0_genericConstraintOnExtendedBuiltinTypes2.ts	0	1	0	0	1	1	1		
c08832u0_genericConstraintSatisfaction1.ts	0	0	0	0	1	1	1		
c08833u0_genericConstructInvocationWithNoTypeArg.ts	0	0	0	0	1	1	1		
c08834u0_genericConstructSignatureInInterface.ts	0	0	0	0	1	1	1		
c08835u0_genericConstructorFunction1.ts	0	0	0	0	1	1	1		
c08836u0_genericContextualTypingSpecialization.ts	0	0	0	0	1	1	1		
c08837u0_genericDefaults.ts	0	0	0	0	1	1	1		
c08838u0_genericDefaultsErrors.ts	0	0	0	0	1	1	1		
c08839u0_decls.d.ts	0	0	0	0	1	1	1		
c08840u0_genericDerivedTypeWithSpecializedBase.ts	0	0	0	0	1	1	1		
c08841u0_genericDerivedTypeWithSpecializedBase2.ts	0	0	0	0	1	1	1		
c08842u0_genericFunctionCallSignatureReturnTypeMismatch.ts	0	0	0	0	1	1	1		
c08843u0_genericFunctionHasFreshTypeArgs.ts	0	0	0	0	1	1	1		
c08844u0_genericFunctionInference1.ts	0	0	0	0	1	1	1		
c08845u0_genericFunctionInference2.ts	0	0	0	0	1	1	1		
c08846u0_genericFunctionSpecializations1.ts	0	0	0	0	1	1	1		
c08847u0_genericFunctionTypedArgumentsAreFixed.ts	0	0	0	0	1	1	1		
c08848u0_genericFunctions0.ts	0	0	0	0	1	1	1		
c08849u0_genericFunctions1.ts	0	0	0	0	1	1	1		
c08850u0_genericFunctions2.ts	0	0	0	0	1	1	1		
c08851u0_genericFunctions3.ts	0	0	0	0	1	1	1		
c08852u0_genericFunctionsAndConditionalInference.ts	0	0	0	0	1	1	1		
c08853u0_genericFunctionsNotContextSensitive.ts	0	0	0	0	1	1	1		
c08854u0_genericFunctionsWithOptionalParameters1.ts	0	0	0	0	1	1	1		
c08855u0_genericFunctionsWithOptionalParameters2.ts	0	0	0	0	1	1	1		
c08856u0_genericFunctionsWithOptionalParameters3.ts	0	0	0	0	1	1	1		
c08857u0_genericFunduleInModule.ts	0	0	0	0	1	1	1		
c08858u0_genericFunduleInModule2.ts	0	0	0	0	1	1	1		
c08859u0_genericGetter.ts	0	0	0	0	1	1	1		
c08860u0_genericGetter2.ts	0	0	0	0	1	1	1		
c08861u0_genericGetter3.ts	0	0	0	0	1	1	1		
c08862u0_genericImplements.ts	0	0	0	0	1	1	1		
c08863u0_genericIndexTypeHasSensibleErrorMessage.ts	0	0	0	0	1	1	1		
c08864u0_genericIndexedAccessMethodIntersectionCanBeAccessed.ts	0	0	0	0	1	1	1		
c08865u0_genericIndexedAccessVarianceComparisonResultCorrect.ts	0	0	0	0	1	1	1		
c08866u0_genericInference1.ts	0	0	0	0	1	1	1		
c08867u0_genericInference2.ts	0	0	0	0	1	1	1		
c08868u0_genericInferenceDefaultTypeParameter.ts	0	0	0	0	1	1	1		
c08869u0_genericInferenceDefaultTypeParameterJsxReact.tsx	0	0	0	0	1	1	1		
c08870u0_genericInheritedDefaultConstructors.ts	0	0	0	0	1	1	1		
c08871u0_genericInstanceOf.ts	0	0	0	0	1	1	1		
c08872u0_genericInterfaceFunctionTypeParameter.ts	0	0	0	0	1	1	1		
c08873u0_genericInterfaceImplementation.ts	0	0	0	0	1	1	1		
c08874u0_genericInterfaceTypeCall.ts	0	0	0	0	1	1	1		
c08875u0_genericInterfacesWithoutTypeArguments.ts	0	0	0	0	1	1	1		
c08876u0_genericIsNeverEmptyObject.ts	0	0	0	0	1	1	1		
c08877u0_genericLambaArgWithoutTypeArguments.ts	0	0	0	0	1	1	1		
c08878u0_genericMappedTypeAsClause.ts	0	0	0	0	1	1	1		
c08879u0_genericMemberFunction.ts	0	0	0	0	1	1	1		
c08880u0_genericMergedDeclarationUsingTypeParameter.ts	0	0	0	0	1	1	1		
c08881u0_genericMergedDeclarationUsingTypeParameter2.ts	0	0	0	0	1	1	1		
c08882u0_genericMethodOverspecialization.ts	0	0	0	0	1	1	1		
c08883u0_genericNewInterface.ts	0	0	0	0	1	1	1		
c08884u0_genericNumberIndex.ts	0	0	0	0	1	1	1		
c08885u0_genericObjectCreationWithoutTypeArgs.ts	0	0	0	0	1	1	1		
c08886u0_genericObjectLitReturnType.ts	0	0	0	0	1	1	1		
c08887u0_genericObjectSpreadResultInSwitch.ts	0	0	0	0	1	1	1		
c08888u0_genericOfACloduleType1.ts	0	0	0	0	1	1	1		
c08889u0_genericOfACloduleType2.ts	0	0	0	0	1	1	1		
c08890u0_genericOverloadSignatures.ts	0	0	0	0	1	1	1		
c08891u0_genericParameterAssignability1.ts	0	0	0	0	1	1	1		
c08892u0_genericPrototypeProperty.ts	0	0	0	0	1	1	1		
c08893u0_genericPrototypeProperty2.ts	0	0	0	0	1	1	1		
c08894u0_genericPrototypeProperty3.ts	0	0	0	0	1	1	1		
c08895u0_genericRecursiveImplicitConstructorErrors1.ts	0	0	0	0	1	1	1		
c08896u0_genericRecursiveImplicitConstructorErrors2.ts	0	0	0	0	1	1	1		
c08897u0_genericRecursiveImplicitConstructorErrors3.ts	0	0	0	0	1	1	1		
c08898u0_genericReduce.ts	0	0	0	0	1	1	1		
c08899u0_genericRestArgs.ts	0	0	0	0	1	1	1		
c08900u0_genericRestTypes.ts	0	0	0	0	1	1	1		
c08901u0_genericReturnTypeFromGetter1.ts	0	0	0	0	1	1	1		
c08902u0_genericReversingTypeParameters.ts	0	0	0	0	1	1	1		
c08903u0_genericReversingTypeParameters2.ts	0	0	0	0	1	1	1		
c08904u0_genericSignatureIdentity.ts	0	0	0	0	1	1	1		
c08905u0_genericSignatureInheritance.ts	0	0	0	0	1	1	1		
c08906u0_genericSignatureInheritance2.ts	0	0	0	0	1	1	1		
c08907u0_genericSpecializationToTypeLiteral1.ts	0	0	0	0	1	1	1		
c08908u0_genericSpecializations1.ts	0	0	0	0	1	1	1		
c08909u0_genericSpecializations2.ts	0	0	0	0	1	1	1		
c08910u0_genericSpecializations3.ts	0	0	0	0	1	1	1		
c08911u0_genericStaticAnyTypeFunction.ts	0	0	0	0	1	1	1		
c08912u0_genericTemplateOverloadResolution.ts	0	0	0	0	1	1	1		
c08913u0_genericTupleWithSimplifiableElements.ts	0	0	0	0	1	1	1		
c08914u0_genericTypeArgumentInference1.ts	0	0	0	0	1	1	1		
c08915u0_genericTypeAssertions1.ts	0	0	0	0	1	1	1		
c08916u0_genericTypeAssertions2.ts	0	0	0	0	1	1	1		
c08917u0_genericTypeAssertions3.ts	0	0	0	0	1	1	1		
c08918u0_genericTypeAssertions4.ts	0	0	0	0	1	1	1		
c08919u0_genericTypeAssertions5.ts	0	0	0	0	1	1	1		
c08920u0_genericTypeAssertions6.ts	0	0	0	0	1	1	1		
c08921u0_genericTypeConstraints.ts	0	0	0	0	1	1	1		
c08922u0_genericTypeParameterEquivalence2.ts	0	0	0	0	1	1	1		
c08923u0_genericTypeReferencesRequireTypeArgs.ts	0	0	0	0	1	1	1		
c08924u0_genericTypeUsedWithoutTypeArguments1.ts	0	0	0	0	1	1	1		
c08925u0_genericTypeUsedWithoutTypeArguments3.ts	0	0	0	0	1	1	1		
c08926u0_genericTypeWithCallableMembers.ts	0	0	0	0	1	1	1		
c08927u0_genericTypeWithCallableMembers2.ts	0	0	0	0	1	1	1		
c08928u0_genericTypeWithMultipleBases1.ts	0	0	0	0	1	1	1		
c08929u0_genericTypeWithMultipleBases2.ts	0	0	0	0	1	1	1		
c08930u0_genericTypeWithMultipleBases3.ts	0	0	0	0	1	1	1		
c08931u0_genericTypeWithNonGenericBaseMisMatch.ts	0	0	0	0	1	1	1		
c08932u0_genericUnboundedTypeParamAssignability.ts	0	0	0	0	1	1	1		
c08933u0_genericWithCallSignatureReturningSpecialization.ts	0	0	0	0	1	1	1		
c08934u0_genericWithCallSignatures_0.ts	0	0	0	0	1	1	1		
c08934u1_genericWithCallSignatures_1.ts	0	0	0	0	1	1	1		
c08935u0_genericWithIndexerOfTypeParameterType1.ts	0	0	0	0	1	1	1		
c08936u0_genericWithIndexerOfTypeParameterType2.ts	0	0	0	0	1	1	1		
c08937u0_genericWithNoConstraintComparableWithCurlyCurly.ts	0	0	0	0	1	1	1		
c08938u0_genericWithOpenTypeParameters1.ts	0	0	0	0	1	1	1		
c08939u0_generics0.ts	0	0	0	0	1	1	1		
c08940u0_generics1.ts	0	0	0	0	1	1	1		
c08941u0_generics1NoError.ts	0	0	0	0	1	1	1		
c08942u0_generics2.ts	0	0	0	0	1	1	1		
c08943u0_generics2NoError.ts	0	0	0	0	1	1	1		
c08944u0_generics3.ts	0	0	0	0	1	1	1		
c08945u0_generics4.ts	0	0	0	0	1	1	1		
c08946u0_generics4NoError.ts	0	0	0	0	1	1	1		
c08947u0_generics5.ts	0	0	0	0	1	1	1		
c08948u0_genericsAndHigherOrderFunctions.ts	0	0	0	0	1	1	1		
c08949u0_genericsManyTypeParameters.ts	0	0	0	0	1	1	1		
c08950u0_genericsWithDuplicateTypeParameters1.ts	0	0	0	0	1	1	1		
c08951u0_genericsWithoutTypeParameters1.ts	0	0	0	0	1	1	1		
c08952u0_getAccessorWithImpliedReturnTypeAndFunctionClassMerge.ts	0	0	0	0	1	1	1		
c08953u0_getAndSetAsMemberNames.ts	0	0	0	0	1	1	1		
c08954u0_getAndSetNotIdenticalType.ts	0	0	0	0	1	1	1		
c08955u0_getAndSetNotIdenticalType2.ts	0	0	0	0	1	1	1		
c08956u0_getAndSetNotIdenticalType3.ts	0	0	0	0	1	1	1		
c08957u0_getParameterNameAtPosition.ts	0	0	0	0	1	1	1		
c08958u0_getSetEnumerable.ts	0	0	0	0	1	1	1		
c08959u0_getsetReturnTypes.ts	0	0	0	0	1	1	1		
c08960u0_getterControlFlowStrictNull.ts	0	0	0	0	1	1	1		
c08961u0_getterErrorMessageNotDuplicated.ts	0	0	0	0	1	1	1		
c08962u0_getterMissingReturnError.ts	0	0	0	0	1	1	1		
c08963u0_getterSetterNonAccessor.ts	0	0	0	0	1	1	1		
c08964u0_getterSetterSubtypeAssignment.ts	0	0	0	0	1	1	1		
c08965u0_getterThatThrowsShouldNotNeedReturn.ts	0	0	0	0	1	1	1		
c08966u0_gettersAndSetters.ts	0	0	0	0	1	1	1		
c08967u0_gettersAndSettersAccessibility.ts	0	0	0	0	1	1	1		
c08968u0_gettersAndSettersErrors.ts	0	0	0	0	1	1	1		
c08969u0_gettersAndSettersTypesAgree.ts	0	0	0	0	1	1	1		
c08970u0_giant.ts	0	0	0	0	1	1	1		
c08971u0_global.ts	0	0	0	0	1	1	1		
c08972u0_mod.d.ts	0	0	0	0	1	1	1		
c08972u1_mine.ts	0	0	0	0	1	1	1		
c08973u0_globalIsContextualKeyword.ts	0	0	0	0	1	1	1		
c08974u0_globalThis.ts	0	0	0	0	1	1	1		
c08975u0_globalThisCapture.ts	0	0	0	0	1	1	1		
c08976u0_index.ts	0	0	0	0	1	1	1		
c08976u1_variable.ts	0	0	0	0	1	1	1		
c08977u0_index.ts	0	0	0	0	1	1	1		
c08977u1_variable.ts	0	0	0	0	1	1	1		
c08978u0_index.ts	0	0	0	0	1	1	1		
c08978u1_variable.ts	0	0	0	0	1	1	1		
c08979u0_grammarAmbiguities1.ts	0	0	0	0	1	1	1		
c08980u0_heterogeneousArrayAndOverloads.ts	0	0	0	0	1	1	1		
c08981u0_hidingCallSignatures.ts	0	0	0	0	1	1	1		
c08982u0_hidingConstructSignatures.ts	0	0	0	0	1	1	1		
c08983u0_hidingIndexSignatures.ts	0	0	0	0	1	1	1		
c08984u0_higherOrderMappedIndexLookupInference.ts	0	0	0	0	1	1	1		
c08985u0_homomorphicMappedTypeIntersectionAssignability.ts	0	0	0	0	1	1	1		
c08986u0_homomorphicMappedTypeNesting.ts	0	0	0	0	1	1	1		
c08987u0_homomorphicMappedTypeWithNonHomomorphicInstantiationSpreadable1.ts	0	0	0	0	1	1	1		
c08988u0_hugeDeclarationOutputGetsTruncatedWithError.ts	0	0	0	0	1	1	1		
c08989u0_i3.ts	0	0	0	0	1	1	1		
c08990u0_icomparable.ts	0	0	0	0	1	1	1		
c08991u0_idInProp.ts	0	0	0	0	1	1	1		
c08992u0_identicalGenericConditionalsWithInferRelated.ts	0	0	0	0	1	1	1		
c08993u0_identicalTypesNoDifferByCheckOrder.ts	0	0	0	0	1	1	1		
c08994u0_identifierStartAfterNumericLiteral.ts	0	0	23	23	1	1	1		
c08995u0_identityAndDivergentNormalizedTypes.ts	0	0	0	0	1	1	1		
c08996u0_identityForSignaturesWithTypeParametersAndAny.ts	0	0	0	0	1	1	1		
c08997u0_identityForSignaturesWithTypeParametersSwitched.ts	0	0	0	0	1	1	1		
c08998u0_identityRelationNeverTypes.ts	0	0	0	0	1	1	1		
c08999u0_ifElseWithStatements1.ts	0	0	0	0	1	1	1		
c09000u0_ifStatementInternalComments.ts	0	0	0	0	1	1	1		
c09001u0_ignoredJsxAttributes.tsx	0	0	0	0	1	1	1		
c09002u0_illegalGenericWrapping1.ts	0	0	0	0	1	1	1		
c09003u0_illegalModifiersOnClassElements.ts	0	0	0	0	1	1	1		
c09004u0_illegalSuperCallsInConstructor.ts	0	0	0	0	1	1	1		
c09005u0_implementArrayInterface.ts	0	0	0	0	1	1	1		
c09006u0_implementClausePrecedingExtends.ts	0	0	0	0	1	1	1		
c09007u0_implementGenericWithMismatchedTypes.ts	0	0	0	0	1	1	1		
c09008u0_implementInterfaceAnyMemberWithVoid.ts	0	0	0	0	1	1	1		
c09009u0_implementPublicPropertyAsPrivate.ts	0	0	0	0	1	1	1		
c09010u0_implementsClauseAlreadySeen.ts	0	0	0	0	1	1	1		
c09011u0_implementsInClassExpression.ts	0	0	0	0	1	1	1		
c09012u0_implementsIncorrectlyNoAssertion.ts	0	0	0	0	1	1	1		
c09013u0_implicitAnyAmbients.ts	0	0	0	0	1	1	1		
c09014u0_implicitAnyAnyReturningFunction.ts	0	0	0	0	1	1	1		
c09015u0_implicitAnyCastedValue.ts	0	0	0	0	1	1	1		
c09016u0_implicitAnyDeclareFunctionExprWithoutFormalType.ts	0	0	0	0	1	1	1		
c09017u0_implicitAnyDeclareFunctionWithoutFormalType.ts	0	0	0	0	1	1	1		
c09018u0_implicitAnyDeclareFunctionWithoutFormalType2.ts	0	0	0	0	1	1	1		
c09019u0_implicitAnyDeclareMemberWithoutType.ts	0	0	0	0	1	1	1		
c09020u0_implicitAnyDeclareMemberWithoutType2.ts	0	0	0	0	1	1	1		
c09021u0_implicitAnyDeclareTypePropertyWithoutType.ts	0	0	0	0	1	1	1		
c09022u0_implicitAnyDeclareVariablesWithoutTypeAndInit.ts	0	0	0	0	1	1	1		
c09023u0_implicitAnyFromCircularInference.ts	0	0	0	0	1	1	1		
c09024u0_implicitAnyFunctionInvocationWithAnyArguements.ts	0	0	0	0	1	1	1		
c09025u0_implicitAnyFunctionOverloadWithImplicitAnyReturnType.ts	0	0	0	0	1	1	1		
c09026u0_implicitAnyFunctionReturnNullOrUndefined.ts	0	0	0	0	1	1	1		
c09027u0_implicitAnyGenericTypeInference.ts	0	0	0	0	1	1	1		
c09028u0_implicitAnyGenerics.ts	0	0	0	0	1	1	1		
c09029u0_implicitAnyGetAndSetAccessorWithAnyReturnType.ts	0	0	0	0	1	1	1		
c09030u0_implicitAnyInAmbientDeclaration.ts	0	0	0	0	1	1	1		
c09031u0_implicitAnyInAmbientDeclaration2.d.ts	0	0	0	0	1	1	1		
c09032u0_implicitAnyInCatch.ts	0	0	0	0	1	1	1		
c09033u0_implicitAnyNewExprLackConstructorSignature.ts	0	0	0	0	1	1	1		
c09034u0_implicitAnyWidenToAny.ts	0	0	0	0	1	1	1		
c09035u0_implicitConstParameters.ts	0	0	0	0	1	1	1		
c09036u0_implicitIndexSignatures.ts	0	0	0	0	1	1	1		
c09037u0_a.ts	0	0	0	0	1	1	1		
c09037u1_b.mts	0	0	0	0	1	1	1		
c09037u2_c.cts	0	0	0	0	1	1	1		
c09037u6_g.ts	0	0	0	0	1	1	1		
c09037u7_h.mts	0	0	0	0	1	1	1		
c09037u8_i.cts	0	0	0	0	1	1	1		
c09037u9_dummy.ts	0	0	0	0	1	1	1		
c09038u0_a.ts	0	0	0	0	1	1	1		
c09038u1_b.mts	0	0	0	0	1	1	1		
c09038u2_c.cts	0	0	0	0	1	1	1		
c09038u6_g.ts	0	0	0	0	1	1	1		
c09038u7_h.mts	0	0	0	0	1	1	1		
c09038u8_i.cts	0	0	0	0	1	1	1		
c09038u9_dummy.ts	0	0	0	0	1	1	1		
c09039u0_a.ts	0	0	0	0	1	1	1		
c09039u1_b.mts	0	0	0	0	1	1	1		
c09039u2_c.cts	0	0	0	0	1	1	1		
c09039u6_g.ts	0	0	0	0	1	1	1		
c09039u7_h.mts	0	0	0	0	1	1	1		
c09039u8_i.cts	0	0	0	0	1	1	1		
c09039u9_dummy.ts	0	0	0	0	1	1	1		
c09040u0_a.ts	0	0	0	0	1	1	1		
c09040u1_b.mts	0	0	0	0	1	1	1		
c09040u2_c.cts	0	0	0	0	1	1	1		
c09040u6_g.ts	0	0	0	0	1	1	1		
c09040u7_h.mts	0	0	0	0	1	1	1		
c09040u8_i.cts	0	0	0	0	1	1	1		
c09040u9_dummy.ts	0	0	0	0	1	1	1		
c09041u0_index.d.ts	0	0	0	0	1	1	1		
c09041u1_core.d.ts	0	0	0	0	1	1	1		
c09041u2_index.ts	0	0	0	0	1	1	1		
c09042u0_importAliasAnExternalModuleInsideAnInternalModule_file0.ts	0	0	0	0	1	1	1		
c09042u1_importAliasAnExternalModuleInsideAnInternalModule_file1.ts	0	0	0	0	1	1	1		
c09043u0_internal.ts	0	1	0	0	1	1	1		
c09043u1_usage.ts	0	1	0	0	1	1	1		
c09044u0_importAliasInModuleAugmentation.ts	0	0	0	0	1	1	1		
c09045u0_importAliasWithDottedName.ts	0	0	0	0	1	1	1		
c09046u0_importAnImport.ts	0	1	0	0	1	1	1		
c09047u0_importAndVariableDeclarationConflict1.ts	0	0	0	0	1	1	1		
c09048u0_importAndVariableDeclarationConflict2.ts	0	0	0	0	1	1	1		
c09049u0_importAndVariableDeclarationConflict3.ts	0	0	0	0	1	1	1		
c09050u0_importAndVariableDeclarationConflict4.ts	0	0	0	0	1	1	1		
c09051u0_importAsBaseClass_0.ts	0	0	0	0	1	1	1		
c09051u1_importAsBaseClass_1.ts	0	0	0	0	1	1	1		
c09052u0_mod.mts	0	0	0	0	1	1	1		
c09053u0_a.ts	0	0	0	1	1	1	1		
c09053u1_b.ts	0	0	0	1	1	1	1		
c09053u2_c.ts	0	0	0	1	1	1	1		
c09054u0_a.ts	0	0	0	1	1	1	1		
c09054u1_b.ts	0	0	0	1	1	1	1		
c09054u2_c.ts	0	0	0	1	1	1	1		
c09055u0_importDecl_require.ts	0	0	0	0	1	1	1		
c09055u1_importDecl_require1.ts	0	0	0	0	1	1	1		
c09055u2_importDecl_require2.ts	0	0	0	0	1	1	1		
c09055u3_importDecl_require3.ts	0	0	0	0	1	1	1		
c09055u4_importDecl_require4.ts	0	0	0	0	1	1	1		
c09055u5_importDecl_1.ts	0	0	0	0	1	1	1		
c09056u0_index.d.ts	0	0	0	0	1	1	1		
c09056u1_events.d.ts	0	1	0	0	1	1	1		
c09057u0_importDeclRefereingExternalModuleWithNoResolve.ts	0	0	0	0	1	1	1		
c09058u0_index.d.ts	0	0	0	0	1	1	1		
c09058u1_a.ts	0	0	0	0	1	1	1		
c09059u0_importDeclWithClassModifiers.ts	0	0	0	0	1	1	1		
c09060u0_importDeclWithDeclareModifier.ts	0	0	0	0	1	1	1		
c09061u0_importDeclWithDeclareModifierInAmbientContext.ts	0	0	0	0	1	1	1		
c09062u0_importDeclWithExportModifier.ts	0	0	0	0	1	1	1		
c09063u0_importDeclWithExportModifierAndExportAssignment.ts	0	0	0	0	1	1	1		
c09064u0_importDeclWithExportModifierAndExportAssignmentInAmbientContext.ts	0	0	0	0	1	1	1		
c09065u0_importDeclWithExportModifierInAmbientContext.ts	0	0	0	0	1	1	1		
c09066u0_importDeclarationInModuleDeclaration1.ts	0	0	0	0	1	1	1		
c09068u0_file.d.ts	0	0	0	0	1	1	1		
c09069u0_importDeclarationUsedAsTypeQuery_require.ts	0	0	0	0	1	1	1		
c09069u1_importDeclarationUsedAsTypeQuery_1.ts	0	0	0	0	1	1	1		
c09070u0_enum.ts	0	0	0	0	1	1	1		
c09070u1_index.ts	0	0	0	0	1	1	1		
c09071u0_main.ts	0	0	0	0	1	1	1		
c09071u1_MyComponent.ts	0	0	0	0	1	1	1		
c09072u0_globals.ts	0	0	0	0	1	1	1		
c09072u1_index.ts	0	0	0	0	1	1	1		
c09073u0_include.d.ts	0	0	0	0	1	1	1		
c09073u1_default.ts	0	0	0	0	1	1	1		
c09073u2_index.ts	0	0	0	0	1	1	1		
c09074u0_external.ts	0	0	0	0	1	1	1		
c09074u1_script.ts	0	0	0	0	1	1	1		
c09074u2_index.d.ts	0	0	0	0	1	1	1		
c09075u0_a.ts	0	0	0	0	1	1	1		
c09075u1_b.ts	0	0	0	0	1	1	1		
c09075u2_tslib.d.ts	0	0	0	0	1	1	1		
c09076u0_tslib.d.ts	0	0	0	0	1	1	1		
c09076u1_index.d.ts	0	0	0	0	1	1	1		
c09076u2_main.ts	0	0	0	0	1	1	1		
c09077u0_tslib.d.ts	0	0	0	0	1	1	1		
c09077u1_index.d.ts	0	0	0	0	1	1	1		
c09078u0_declaration.d.ts	0	0	0	0	1	1	1		
c09079u0_a.ts	0	0	0	0	1	1	1		
c09079u1_tslib.d.ts	0	0	0	0	1	1	1		
c09080u0_a.d.ts	0	0	0	0	1	1	1		
c09080u1_b.ts	0	0	0	0	1	1	1		
c09080u2_tslib.d.ts	0	0	0	0	1	1	1		
c09081u0_external.ts	0	0	0	0	1	1	1		
c09081u1_script.ts	0	0	0	0	1	1	1		
c09081u2_index.d.ts	0	0	0	0	1	1	1		
c09082u0_external.tsx	0	0	0	0	1	1	1		
c09082u1_script.tsx	0	0	0	0	1	1	1		
c09082u2_index.d.ts	0	0	0	0	1	1	1		
c09083u0_main.ts	0	0	0	0	1	1	1		
c09083u1_main2.ts	0	0	0	0	1	1	1		
c09083u2_other.ts	0	0	0	0	1	1	1		
c09083u3_tslib.d.ts	0	0	0	0	1	1	1		
c09084u0_external.ts	0	0	0	0	1	1	1		
c09084u1_other.ts	0	0	0	0	1	1	1		
c09084u2_script.ts	0	0	0	0	1	1	1		
c09084u3_tslib.d.ts	0	0	0	0	1	1	1		
c09085u0_main.ts	0	0	0	0	1	1	1		
c09085u1_tslib.d.ts	0	0	0	0	1	1	1		
c09086u0_main.ts	0	0	0	0	1	1	1		
c09086u1_tslib.d.ts	0	0	0	0	1	1	1		
c09087u0_external.ts	0	0	0	0	1	1	1		
c09087u1_script.ts	0	0	0	0	1	1	1		
c09088u0_a.ts	0	0	0	0	1	1	1		
c09088u1_b.ts	0	0	0	0	1	1	1		
c09088u2_c.ts	0	0	0	0	1	1	1		
c09088u3_tslib.d.ts	0	0	0	0	1	1	1		
c09089u0_a.ts	0	0	0	0	1	1	1		
c09089u1_b.ts	0	0	0	0	1	1	1		
c09089u2_tslib.d.ts	0	0	0	0	1	1	1		
c09090u0_tslib.d.ts	0	0	0	0	1	1	1		
c09090u1_index.d.ts	0	0	0	0	1	1	1		
c09090u2_main.cts	0	0	0	0	1	1	1		
c09091u0_a.ts	0	0	0	0	1	1	1		
c09091u1_b.ts	0	0	0	0	1	1	1		
c09091u2_tslib.d.ts	0	0	0	0	1	1	1		
c09092u0_a.ts	0	0	0	0	1	1	1		
c09092u1_b.ts	0	0	0	0	1	1	1		
c09092u2_tslib.d.ts	0	0	0	0	1	1	1		
c09093u0_a.ts	0	0	0	0	1	1	1		
c09093u1_b.ts	0	0	0	0	1	1	1		
c09094u0_a.ts	0	0	0	0	1	1	1		
c09094u1_b.ts	0	0	0	0	1	1	1		
c09095u0_a.ts	0	0	0	0	1	1	1		
c09095u1_b.ts	0	0	0	0	1	1	1		
c09096u0_a.ts	0	0	0	0	1	1	1		
c09096u1_b.ts	0	0	0	0	1	1	1		
c09096u2_tslib.d.ts	0	0	0	0	1	1	1		
c09097u0_a.ts	0	0	0	0	1	1	1		
c09097u1_index.d.ts	0	0	0	0	1	1	1		
c09098u0_importInTypePosition.ts	0	0	0	0	1	1	1		
c09099u0_importInsideModule_file1.ts	0	0	0	0	1	1	1		
c09099u1_importInsideModule_file2.ts	0	0	0	0	1	1	1		
c09100u0_a.ts	0	0	0	0	1	1	1		
c09100u1_b.ts	0	0	0	0	1	1	1		
c09101u0_a.ts	0	0	0	0	1	1	1		
c09101u1_b.ts	0	0	0	0	1	1	1		
c09102u0_a.ts	0	0	0	0	1	1	1		
c09103u0_a.ts	0	0	0	0	1	1	1		
c09104u2_b.ts	0	0	0	0	1	1	1		
c09105u0_a.ts	0	0	0	0	1	1	1		
c09105u1_b.ts	0	0	0	0	1	1	1		
c09106u0_a.ts	0	0	0	0	1	1	1		
c09106u1_b.ts	0	0	0	0	1	1	1		
c09107u0_a.ts	0	0	0	0	1	1	1		
c09107u1_b.ts	0	0	0	0	1	1	1		
c09108u0_a.ts	0	0	0	0	1	1	1		
c09108u1_b.ts	0	0	0	0	1	1	1		
c09109u0_a.ts	0	0	0	0	1	1	1		
c09109u1_b.ts	0	0	0	0	1	1	1		
c09110u0_a.ts	0	0	0	0	1	1	1		
c09110u1_b.ts	0	0	0	0	1	1	1		
c09111u0_a.ts	0	0	0	0	1	1	1		
c09112u0_a.ts	0	0	0	0	1	1	1		
c09113u0_importNotElidedWhenNotFound.ts	0	0	0	0	1	1	1		
c09114u0_importOnAliasedIdentifiers.ts	0	0	0	0	1	1	1		
c09115u0_errors.d.ts	0	0	0	0	1	1	1		
c09115u1_main.ts	0	0	0	0	1	1	1		
c09116u0_Foo.ts	0	0	0	0	1	1	1		
c09116u1_Bar.ts	0	0	0	0	1	1	1		
c09117u0_umd.d.ts	0	0	0	0	1	1	1		
c09117u1_index.ts	0	0	0	0	1	1	1		
c09118u0_types.d.ts	0	0	0	0	1	1	1		
c09118u1_main.ts	0	0	0	2	1	1	1		
c09119u0_types.d.ts	0	0	0	0	1	1	1		
c09119u1_main.ts	0	0	0	2	1	1	1		
c09120u0_module.d.ts	0	0	0	0	1	1	1		
c09120u1_index.ts	0	0	0	0	1	1	1		
c09121u0_interfaces.d.ts	0	0	0	0	1	1	1		
c09122u0_a.d.ts	0	0	0	0	1	1	1		
c09122u1_index.d.ts	0	0	0	0	1	1	1		
c09123u0_importTypeWithUnparenthesizedGenericFunctionParsed.ts	0	0	0	0	1	1	1		
c09124u0_test.ts	0	0	0	0	1	1	1		
c09124u1_main.ts	0	0	0	0	1	1	1		
c09125u0_importUsedInExtendsList1_require.ts	0	0	0	0	1	1	1		
c09125u1_importUsedInExtendsList1_1.ts	0	0	0	0	1	1	1		
c09126u0_test1.d.ts	0	0	0	0	1	1	1		
c09126u1_test2.d.ts	0	0	0	0	1	1	1		
c09126u2_test3.ts	0	0	0	0	1	1	1		
c09127u0_a.ts	0	0	0	0	1	1	1		
c09127u1_index.ts	0	0	0	0	1	1	1		
c09127u2_test.ts	0	0	0	0	1	1	1		
c09127u3_test.ts	0	0	0	0	1	1	1		
c09128u0_a.ts	0	0	0	0	1	1	1		
c09129u0_file1.ts	0	0	0	0	1	1	1		
c09129u1_file2.ts	0	0	0	0	1	1	1		
c09130u0_file1.ts	0	0	0	0	1	1	1		
c09130u1_file2.ts	0	0	0	0	1	1	1		
c09131u0_b.ts	0	0	0	0	1	1	1		
c09131u1_a.ts	0	0	0	0	1	1	1		
c09132u0_host.ts	0	0	0	0	1	1	1		
c09132u1_consumer.ts	0	0	0	0	1	1	1		
c09133u0_index.d.ts	0	0	0	0	1	1	1		
c09133u1_index.d.ts	0	0	0	0	1	1	1		
c09133u2_index.ts	0	0	0	0	1	1	1		
c09134u0_file1.ts	0	1	0	0	1	1	1		
c09134u1_file2.ts	0	0	0	0	1	1	1		
c09135u0_enum.ts	0	0	0	0	1	1	1		
c09135u1_alias.ts	0	0	0	0	1	1	1		
c09136u0_importedModuleAddToGlobal.ts	0	0	0	0	1	1	1		
c09137u0_importedModuleClassNameClash.ts	0	0	0	0	1	1	1		
c09138u0_external.d.ts	0	0	0	0	1	1	1		
c09138u1_main.ts	0	0	0	0	1	1	1		
c09139u0_external.d.ts	0	0	0	0	1	1	1		
c09139u1_main.ts	0	0	0	0	1	1	1		
c09140u0_external.d.ts	0	0	0	0	1	1	1		
c09140u1_main.ts	0	0	0	0	1	1	1		
c09141u0_inDoesNotOperateOnPrimitiveTypes.ts	0	0	0	0	1	1	1		
c09142u0_inKeywordAndIntersection.ts	0	0	0	0	1	1	1		
c09143u0_inKeywordAndUnknown.ts	0	0	0	0	1	1	1		
c09144u0_inKeywordNarrowingWithNoUncheckedIndexedAccess.ts	0	0	0	0	1	1	1		
c09145u0_inKeywordTypeguard.ts	0	0	0	0	1	1	1		
c09146u0_inOperator.ts	0	0	0	0	1	1	1		
c09147u0_inOperatorWithFunction.ts	0	0	0	0	1	1	1		
c09148u0_inOperatorWithGeneric.ts	0	0	0	0	1	1	1		
c09149u0_incompatibleAssignmentOfIdenticallyNamedTypes.ts	0	0	0	0	1	1	1		
c09150u0_incompatibleExports1.ts	0	0	0	0	1	1	1		
c09151u0_incompatibleExports2.ts	0	0	0	0	1	1	1		
c09152u0_incompatibleGenericTypes.ts	0	0	0	0	1	1	1		
c09153u0_incompatibleTypes.ts	0	0	0	0	1	1	1		
c09154u0_incompleteDottedExpressionAtEOF.ts	0	0	1	1	1	1	1		
c09155u0_incompleteObjectLiteral1.ts	0	0	1	1	1	1	1		
c09156u0_incorrectClassOverloadChain.ts	0	0	0	0	1	1	1		
c09157u0_incorrectNumberOfTypeArgumentsDuringErrorReporting.ts	0	0	0	0	1	1	1		
c09158u0_incorrectRecursiveMappedTypeConstraint.ts	0	0	0	0	1	1	1		
c09159u0_incrementOnNullAssertion.ts	0	0	0	0	1	1	1		
c09160u0_incrementOnTypeParameter.ts	0	0	0	0	1	1	1		
c09161u0_a.ts	0	0	0	0	1	1	1		
c09162u0_incrementalInvalid.ts	0	0	0	0	1	1	1		
c09163u0_incrementalOut.ts	0	0	0	0	1	1	1		
c09164u0_a.ts	0	0	0	0	1	1	1		
c09165u0_indexAt.ts	0	0	0	0	1	1	1		
c09166u0_indexClassByNumber.ts	0	0	0	0	1	1	1		
c09167u0_indexIntoArraySubclass.ts	0	0	0	0	1	1	1		
c09168u0_indexIntoEnum.ts	0	0	0	0	1	1	1		
c09169u0_indexSignatureAndMappedType.ts	0	0	0	0	1	1	1		
c09170u0_index.ts	0	0	0	0	1	1	1		
c09170u1_other.ts	1	0	0	0	1	1	1		
c09171u0_other.ts	1	0	0	0	1	1	1		
c09171u1_index.ts	0	0	0	0	1	1	1		
c09172u0_indexSignatureMustHaveTypeAnnotation.ts	0	0	0	0	1	1	1		
c09173u0_indexSignatureOfTypeUnknownStillRequiresIndexSignature.ts	0	0	0	0	1	1	1		
c09174u0_indexSignatureTypeCheck.ts	0	0	0	0	1	1	1		
c09175u0_indexSignatureTypeCheck2.ts	0	0	0	0	1	1	1		
c09176u0_indexSignatureWithAccessibilityModifier.ts	0	0	0	0	1	1	1		
c09177u0_indexSignatureWithInitializer.ts	0	0	0	0	1	1	1		
c09178u0_indexSignatureWithInitializer1.ts	0	0	0	0	1	1	1		
c09179u0_indexSignatureWithTrailingComma.ts	0	0	0	0	1	1	1		
c09180u0_indexSignatureWithoutTypeAnnotation1..ts	0	0	0	0	1	1	1		
c09181u0_indexSignatureWithoutTypeAnnotation1.ts	0	0	0	0	1	1	1		
c09182u0_indexSignaturesInferentialTyping.ts	0	0	0	0	1	1	1		
c09183u0_indexTypeCheck.ts	0	0	0	0	1	1	1		
c09184u0_indexTypeNoSubstitutionTemplateLiteral.ts	0	0	0	0	1	1	1		
c09185u0_indexWithUndefinedAndNull.ts	0	0	0	0	1	1	1		
c09186u0_indexWithUndefinedAndNullStrictNullChecks.ts	0	0	0	0	1	1	1		
c09187u0_indexWithoutParamType.ts	0	0	0	0	1	1	1		
c09188u0_indexWithoutParamType2.ts	0	0	0	0	1	1	1		
c09189u0_indexedAccessAndNullableNarrowing.ts	0	0	0	0	1	1	1		
c09190u0_indexedAccessCanBeHighOrder.ts	0	0	0	0	1	1	1		
c09191u0_indexedAccessConstraints.ts	0	0	0	0	1	1	1		
c09192u0_indexedAccessImplicitlyAny.ts	0	0	0	0	1	1	1		
c09193u0_indexedAccessKeyofNestedSimplifiedSubstituteUnwrapped.ts	0	0	0	0	1	1	1		
c09194u0_indexedAccessNormalization.ts	0	0	0	0	1	1	1		
c09195u0_indexedAccessPrivateMemberOfGenericConstraint.ts	0	0	0	0	1	1	1		
c09196u0_indexedAccessRelation.ts	0	0	0	0	1	1	1		
c09197u0_indexedAccessRetainsIndexSignature.ts	0	0	0	0	1	1	1		
c09198u0_indexedAccessToThisTypeOnIntersection01.ts	0	0	0	0	1	1	1		
c09199u0_indexedAccessTypeConstraints.ts	0	0	0	0	1	1	1		
c09200u0_indexedAccessWithFreshObjectLiteral.ts	0	0	0	0	1	1	1		
c09201u0_indexedAccessWithVariableElement.ts	0	0	0	0	1	1	1		
c09202u0_indexer.ts	0	0	0	0	1	1	1		
c09203u0_indexer2.ts	0	0	0	0	1	1	1		
c09204u0_indexer2A.ts	0	0	0	0	1	1	1		
c09205u0_indexer3.ts	0	0	0	0	1	1	1		
c09206u0_indexerA.ts	0	0	0	0	1	1	1		
c09207u0_indexerAsOptional.ts	0	0	0	0	1	1	1		
c09208u0_indexerAssignability.ts	0	0	0	0	1	1	1		
c09209u0_indexerConstraints.ts	0	0	0	0	1	1	1		
c09210u0_indexerConstraints2.ts	0	0	0	0	1	1	1		
c09211u0_indexerReturningTypeParameter1.ts	0	0	0	0	1	1	1		
c09212u0_indexerSignatureWithRestParam.ts	0	0	0	0	1	1	1		
c09213u0_indexingTypesWithNever.ts	0	0	0	0	1	1	1		
c09214u0_indirectDiscriminantAndExcessProperty.ts	0	0	0	0	1	1	1		
c09215u0_indirectGlobalSymbolPartOfObjectType.ts	0	0	0	0	1	1	1		
c09216u0_indirectSelfReference.ts	0	0	0	0	1	1	1		
c09217u0_indirectSelfReferenceGeneric.ts	0	0	0	0	1	1	1		
c09218u0_indirectTypeParameterReferences.ts	0	0	0	0	1	1	1		
c09219u0_indirectUniqueSymbolDeclarationEmit.ts	0	0	0	0	1	1	1		
c09221u0_inferConditionalConstraintMappedMember.ts	0	0	0	0	1	1	1		
c09222u0_inferFromAnnotatedReturn1.ts	0	0	0	0	1	1	1		
c09223u0_inferFromGenericFunctionReturnTypes1.ts	0	0	0	0	1	1	1		
c09224u0_inferFromGenericFunctionReturnTypes2.ts	0	0	0	0	1	1	1		
c09225u0_inferFromGenericFunctionReturnTypes3.ts	0	0	0	0	1	1	1		
c09226u0_inferFromNestedSameShapeTuple.ts	0	0	0	0	1	1	1		
c09227u0_inferObjectTypeFromStringLiteralToKeyof.ts	0	0	0	0	1	1	1		
c09228u0_inferParameterWithMethodCallInitializer.ts	0	0	0	0	1	1	1		
c09229u0_inferPropertyWithContextSensitiveReturnStatement.ts	0	0	0	0	1	1	1		
c09230u0_inferRestArgumentsMappedTuple.ts	0	0	0	0	1	1	1		
c09231u0_inferSecondaryParameter.ts	0	0	0	0	1	1	1		
c09232u0_inferSetterParamType.ts	0	0	0	0	1	1	1		
c09233u0_inferStringLiteralUnionForBindingElement.ts	0	0	0	0	1	1	1		
c09234u0_inferTInParentheses.ts	0	0	0	0	1	1	1		
c09235u0_inferTupleFromBindingPattern.ts	0	0	0	0	1	1	1		
c09236u0_inferTypeArgumentsInSignatureWithRestParameters.ts	0	0	0	0	1	1	1		
c09237u0_inferTypeConstraintInstantiationCircularity.ts	0	0	0	0	1	1	1		
c09238u0_inferTypeParameterConstraints.ts	0	0	0	0	1	1	1		
c09239u0_inferTypePredicates.ts	0	0	0	0	1	1	1		
c09240u0_inferTypesWithFixedTupleExtendsAtVariadicPosition.ts	0	0	0	0	1	1	1		
c09241u0_inferenceAndHKTs.ts	0	0	0	0	1	1	1		
c09242u0_inferenceAndSelfReferentialConstraint.ts	0	0	0	0	1	1	1		
c09243u0_inferenceContextualReturnTypeUnion1.ts	0	0	0	0	1	1	1		
c09244u0_inferenceContextualReturnTypeUnion2.ts	0	0	0	0	1	1	1		
c09245u0_inferenceContextualReturnTypeUnion3.ts	0	0	0	0	1	1	1		
c09246u0_inferenceContextualReturnTypeUnion4.ts	0	0	0	0	1	1	1		
c09247u0_inferenceDoesNotAddUndefinedOrNull.ts	0	0	0	0	1	1	1		
c09248u0_inferenceDoesntCompareAgainstUninstantiatedTypeParameter.ts	0	0	0	0	1	1	1		
c09249u0_inferenceErasedSignatures.ts	0	0	0	0	1	1	1		
c09250u0_inferenceExactOptionalProperties1.ts	0	0	0	0	1	1	1		
c09251u0_inferenceExactOptionalProperties2.ts	0	0	0	0	1	1	1		
c09252u0_inferenceFromGenericClassNoCrash1.ts	0	0	0	0	1	1	1		
c09253u0_inferenceFromIncompleteSource.ts	0	0	0	0	1	1	1		
c09254u0_inferenceFromParameterlessLambda.ts	0	0	0	0	1	1	1		
c09255u0_file1.ts	0	0	0	0	1	1	1		
c09255u1_mymodule.ts	0	0	0	0	1	1	1		
c09256u0_inferenceOfNullableObjectTypesWithCommonBase.ts	0	0	0	0	1	1	1		
c09257u0_inferenceOptionalProperties.ts	0	0	0	0	1	1	1		
c09258u0_inferenceOptionalPropertiesStrict.ts	0	0	0	0	1	1	1		
c09259u0_inferenceOptionalPropertiesToIndexSignatures.ts	0	0	0	0	1	1	1		
c09260u0_inferenceOuterResultNotIncorrectlyInstantiatedWithInnerResult.ts	0	0	0	0	1	1	1		
c09261u0_inferenceShouldFailOnEvolvingArrays.ts	0	0	0	0	1	1	1		
c09262u0_inferenceUnionOfObjectsMappedContextualType.ts	0	0	0	0	1	1	1		
c09263u0_inferentialTypingObjectLiteralMethod1.ts	0	0	0	0	1	1	1		
c09264u0_inferentialTypingObjectLiteralMethod2.ts	0	0	0	0	1	1	1		
c09265u0_inferentialTypingUsingApparentType1.ts	0	0	0	0	1	1	1		
c09266u0_inferentialTypingUsingApparentType2.ts	0	0	0	0	1	1	1		
c09267u0_inferentialTypingUsingApparentType3.ts	0	0	0	0	1	1	1		
c09268u0_inferentialTypingWithFunctionType.ts	0	0	0	0	1	1	1		
c09269u0_inferentialTypingWithFunctionType2.ts	0	0	0	0	1	1	1		
c09270u0_inferentialTypingWithFunctionTypeNested.ts	0	0	0	0	1	1	1		
c09271u0_inferentialTypingWithFunctionTypeSyntacticScenarios.ts	0	0	0	0	1	1	1		
c09272u0_inferentialTypingWithFunctionTypeZip.ts	0	0	0	0	1	1	1		
c09273u0_inferentialTypingWithObjectLiteralProperties.ts	0	0	0	0	1	1	1		
c09274u0_inferentiallyTypingAnEmptyArray.ts	0	0	0	0	1	1	1		
c09275u0_inferredFunctionReturnTypeIsEmptyType.ts	0	0	0	0	1	1	1		
c09276u0_foo.ts	0	0	0	0	1	1	1		
c09276u1_bar.ts	0	0	0	0	1	1	1		
c09277u0_inferredNonidentifierTypesGetQuotes.ts	0	0	0	0	1	1	1		
c09278u0_inferredRestTypeFixedOnce.ts	0	0	0	0	1	1	1		
c09279u0_inferredReturnTypeIncorrectReuse1.ts	1	0	0	0	1	1	1		
c09280u0_graphql-compose.d.ts	0	0	0	0	1	1	1		
c09280u1_app.ts	0	0	0	0	1	1	1		
c09281u0_inferringAnyFunctionType1.ts	0	0	0	0	1	1	1		
c09282u0_inferringAnyFunctionType2.ts	0	0	0	0	1	1	1		
c09283u0_inferringAnyFunctionType3.ts	0	0	0	0	1	1	1		
c09284u0_inferringAnyFunctionType4.ts	0	0	0	0	1	1	1		
c09285u0_inferringAnyFunctionType5.ts	0	0	0	0	1	1	1		
c09286u0_inferringReturnTypeFromConstructSignatureGeneric.ts	0	0	0	0	1	1	1		
c09287u0_infiniteConstraints.ts	0	0	0	0	1	1	1		
c09288u0_infiniteExpandingTypeThroughInheritanceInstantiation.ts	0	0	0	0	1	1	1		
c09289u0_infinitelyExpandingBaseTypes1.ts	0	0	0	0	1	1	1		
c09290u0_infinitelyExpandingBaseTypes2.ts	0	0	0	0	1	1	1		
c09291u0_infinitelyExpandingOverloads.ts	0	0	0	0	1	1	1		
c09292u0_infinitelyExpandingTypeAssignability.ts	0	0	0	0	1	1	1		
c09293u0_infinitelyExpandingTypes1.ts	0	0	0	0	1	1	1		
c09294u0_infinitelyExpandingTypes2.ts	0	0	0	0	1	1	1		
c09295u0_infinitelyExpandingTypes3.ts	0	0	0	0	1	1	1		
c09296u0_infinitelyExpandingTypes4.ts	0	0	0	0	1	1	1		
c09297u0_infinitelyExpandingTypes5.ts	0	0	0	0	1	1	1		
c09298u0_infinitelyExpandingTypesNonGenericBase.ts	0	0	0	0	1	1	1		
c09299u0_infinitelyGenerativeInheritance1.ts	0	0	0	0	1	1	1		
c09300u0_inheritFromGenericTypeParameter.ts	0	0	0	0	1	1	1		
c09301u0_inheritSameNamePrivatePropertiesFromDifferentOrigins.ts	0	0	0	0	1	1	1		
c09302u0_inheritSameNamePrivatePropertiesFromSameOrigin.ts	0	0	0	0	1	1	1		
c09303u0_inheritSameNamePropertiesWithDifferentOptionality.ts	0	0	0	0	1	1	1		
c09304u0_inheritSameNamePropertiesWithDifferentVisibility.ts	0	0	0	0	1	1	1		
c09305u0_inheritance.ts	0	0	0	0	1	1	1		
c09306u0_inheritance1.ts	0	0	0	0	1	1	1		
c09307u0_inheritanceGrandParentPrivateMemberCollision.ts	0	0	0	0	1	1	1		
c09308u0_inheritanceGrandParentPrivateMemberCollisionWithPublicMember.ts	0	0	0	0	1	1	1		
c09309u0_inheritanceGrandParentPublicMemberCollisionWithPrivateMember.ts	0	0	0	0	1	1	1		
c09310u0_inheritanceMemberAccessorOverridingAccessor.ts	0	0	0	0	1	1	1		
c09311u0_inheritanceMemberAccessorOverridingMethod.ts	0	0	0	0	1	1	1		
c09312u0_inheritanceMemberAccessorOverridingProperty.ts	0	0	0	0	1	1	1		
c09313u0_inheritanceMemberFuncOverridingAccessor.ts	0	0	0	0	1	1	1		
c09314u0_inheritanceMemberFuncOverridingMethod.ts	0	0	0	0	1	1	1		
c09315u0_inheritanceMemberFuncOverridingProperty.ts	0	0	0	0	1	1	1		
c09316u0_inheritanceMemberPropertyOverridingAccessor.ts	0	0	0	0	1	1	1		
c09317u0_inheritanceMemberPropertyOverridingMethod.ts	0	0	0	0	1	1	1		
c09318u0_inheritanceMemberPropertyOverridingProperty.ts	0	0	0	0	1	1	1		
c09319u0_inheritanceOfGenericConstructorMethod1.ts	0	0	0	0	1	1	1		
c09320u0_inheritanceOfGenericConstructorMethod2.ts	0	0	0	0	1	1	1		
c09321u0_inheritanceStaticAccessorOverridingAccessor.ts	0	0	0	0	1	1	1		
c09322u0_inheritanceStaticAccessorOverridingMethod.ts	0	0	0	0	1	1	1		
c09323u0_inheritanceStaticAccessorOverridingProperty.ts	0	0	0	0	1	1	1		
c09324u0_inheritanceStaticFuncOverridingAccessor.ts	0	0	0	0	1	1	1		
c09325u0_inheritanceStaticFuncOverridingAccessorOfFuncType.ts	0	0	0	0	1	1	1		
c09326u0_inheritanceStaticFuncOverridingMethod.ts	0	0	0	0	1	1	1		
c09327u0_inheritanceStaticFuncOverridingProperty.ts	0	0	0	0	1	1	1		
c09328u0_inheritanceStaticFuncOverridingPropertyOfFuncType.ts	0	0	0	0	1	1	1		
c09329u0_inheritanceStaticFunctionOverridingInstanceProperty.ts	0	0	0	0	1	1	1		
c09330u0_inheritanceStaticMembersCompatible.ts	0	0	0	0	1	1	1		
c09331u0_inheritanceStaticMembersIncompatible.ts	0	0	0	0	1	1	1		
c09332u0_inheritanceStaticPropertyOverridingAccessor.ts	0	0	0	0	1	1	1		
c09333u0_inheritanceStaticPropertyOverridingMethod.ts	0	0	0	0	1	1	1		
c09334u0_inheritanceStaticPropertyOverridingProperty.ts	0	0	0	0	1	1	1		
c09335u0_inheritedConstructorPropertyContextualType.ts	0	0	0	0	1	1	1		
c09336u0_inheritedConstructorWithRestParams.ts	0	0	0	0	1	1	1		
c09337u0_inheritedConstructorWithRestParams2.ts	0	0	0	0	1	1	1		
c09338u0_inheritedFunctionAssignmentCompatibility.ts	0	0	0	0	1	1	1		
c09339u0_inheritedGenericCallSignature.ts	0	0	0	0	1	1	1		
c09340u0_inheritedMembersAndIndexSignaturesFromDifferentBases.ts	0	0	0	0	1	1	1		
c09341u0_inheritedMembersAndIndexSignaturesFromDifferentBases2.ts	0	0	0	0	1	1	1		
c09342u0_inheritedModuleMembersForClodule.ts	0	0	0	0	1	1	1		
c09343u0_inheritedOverloadedSpecializedSignatures.ts	0	0	0	0	1	1	1		
c09344u0_inheritedStringIndexersFromDifferentBaseTypes.ts	0	0	0	0	1	1	1		
c09345u0_inheritedStringIndexersFromDifferentBaseTypes2.ts	0	0	0	0	1	1	1		
c09346u0_initializePropertiesWithRenamedLet.ts	0	0	0	0	1	1	1		
c09347u0_initializedDestructuringAssignmentTypes.ts	0	0	0	0	1	1	1		
c09348u0_index.d.ts	0	0	0	0	1	1	1		
c09349u0_initializerWithThisPropertyAccess.ts	0	0	0	0	1	1	1		
c09350u0_initializersInAmbientEnums.ts	0	0	0	0	1	1	1		
c09351u0_inlineConditionalHasSimilarAssignability.ts	0	0	0	0	1	1	1		
c09352u0_index.ts	0	0	0	0	1	1	1		
c09352u1_other.ts	0	0	0	0	1	1	1		
c09353u0_inlineSourceMap.ts	0	0	0	0	1	1	1		
c09354u0_inlineSourceMap2.ts	0	0	0	0	1	1	1		
c09355u0_a.ts	0	0	0	0	1	1	1		
c09355u1_b.ts	0	0	0	0	1	1	1		
c09356u0_a.ts	0	0	0	0	1	1	1		
c09356u1_b.ts	0	0	0	0	1	1	1		
c09357u0_inlinedAliasAssignableToConstraintSameAsAlias.ts	0	0	0	0	1	1	1		
c09358u0_innerAliases.ts	0	0	0	0	1	1	1		
c09359u0_innerAliases2.ts	0	0	0	0	1	1	1		
c09360u0_innerBoundLambdaEmit.ts	0	0	0	0	1	1	1		
c09361u0_innerExtern.ts	0	0	0	0	1	1	1		
c09362u0_innerFunc.ts	0	0	0	0	1	1	1		
c09363u0_innerModExport1.ts	0	0	1	1	1	1	1		
c09364u0_innerModExport2.ts	0	0	1	1	1	1	1		
c09365u0_innerOverloads.ts	0	0	0	0	1	1	1		
c09366u0_innerTypeArgumentInference.ts	0	0	0	0	1	1	1		
c09367u0_innerTypeCheckOfLambdaArgument.ts	0	0	0	0	1	1	1		
c09368u0_instanceAndStaticDeclarations1.ts	0	0	0	0	1	1	1		
c09369u0_instanceOfAssignability.ts	0	0	0	0	1	1	1		
c09370u0_instanceOfInExternalModules_require.ts	0	0	0	0	1	1	1		
c09370u1_instanceOfInExternalModules_1.ts	0	0	0	0	1	1	1		
c09371u0_instanceSubtypeCheck1.ts	0	0	0	0	1	1	1		
c09372u0_instanceSubtypeCheck2.ts	0	0	0	0	1	1	1		
c09373u0_instanceofNarrowReadonlyArray.ts	0	0	0	0	1	1	1		
c09374u0_instanceofOnInstantiationExpression.ts	0	0	0	0	1	1	1		
c09375u0_instanceofOperator.ts	0	0	0	0	1	1	1		
c09376u0_instanceofTypeAliasToGenericClass.ts	0	0	0	0	1	1	1		
c09377u0_instanceofWithPrimitiveUnion.ts	0	0	0	0	1	1	1		
c09378u0_instanceofWithStructurallyIdenticalTypes.ts	0	0	0	0	1	1	1		
c09379u0_instantiateConstraintsToTypeArguments2.ts	0	0	0	0	1	1	1		
c09380u0_instantiateContextualTypes.ts	0	0	0	0	1	1	1		
c09381u0_instantiateContextuallyTypedGenericThis.ts	0	0	0	0	1	1	1		
c09382u0_first.ts	0	0	0	0	1	1	1		
c09382u1_second.ts	0	0	0	0	1	1	1		
c09383u0_instantiateTypeParameter.ts	0	0	2	2	1	1	1		
c09384u0_instantiatedBaseTypeConstraints.ts	0	0	0	0	1	1	1		
c09385u0_instantiatedBaseTypeConstraints2.ts	0	0	0	0	1	1	1		
c09386u0_instantiatedReturnTypeContravariance.ts	0	0	0	0	1	1	1		
c09387u0_instantiatedTypeAliasDisplay.ts	0	0	0	0	1	1	1		
c09388u0_instantiationExpressionErrorNoCrash.ts	0	0	0	0	1	1	1		
c09389u0_intTypeCheck.ts	0	0	8	8	1	1	1		
c09390u0_interMixingModulesInterfaces0.ts	0	0	0	0	1	1	1		
c09391u0_interMixingModulesInterfaces1.ts	0	0	0	0	1	1	1		
c09392u0_interMixingModulesInterfaces2.ts	0	0	0	0	1	1	1		
c09393u0_interMixingModulesInterfaces3.ts	0	0	0	0	1	1	1		
c09394u0_interMixingModulesInterfaces4.ts	0	0	0	0	1	1	1		
c09395u0_interMixingModulesInterfaces5.ts	0	0	0	0	1	1	1		
c09396u0_interface0.ts	0	0	0	0	1	1	1		
c09397u0_interfaceAssignmentCompat.ts	0	0	0	0	1	1	1		
c09398u0_interfaceClassMerging.ts	0	0	0	0	1	1	1		
c09399u0_interfaceClassMerging2.ts	0	0	0	0	1	1	1		
c09400u0_interfaceContextualType.ts	0	0	0	0	1	1	1		
c09401u0_interfaceDeclaration1.ts	0	0	0	0	1	1	1		
c09402u0_interfaceDeclaration2.ts	0	0	0	0	1	1	1		
c09403u0_interfaceDeclaration3.ts	0	0	0	0	1	1	1		
c09404u0_interfaceDeclaration4.ts	0	0	2	2	1	1	1		
c09405u0_interfaceDeclaration5.ts	0	0	0	0	1	1	1		
c09406u0_interfaceDeclaration6.ts	0	0	0	0	1	1	1		
c09407u0_interfaceExtendsClass1.ts	0	0	0	0	1	1	1		
c09408u0_interfaceExtendsClassWithPrivate1.ts	0	0	0	0	1	1	1		
c09409u0_interfaceExtendsClassWithPrivate2.ts	0	0	0	0	1	1	1		
c09410u0_interfaceImplementation1.ts	0	0	0	0	1	1	1		
c09411u0_interfaceImplementation2.ts	0	0	0	0	1	1	1		
c09412u0_interfaceImplementation3.ts	0	0	0	0	1	1	1		
c09413u0_interfaceImplementation4.ts	0	0	0	0	1	1	1		
c09414u0_interfaceImplementation5.ts	0	0	0	0	1	1	1		
c09415u0_interfaceImplementation6.ts	0	0	0	0	1	1	1		
c09416u0_interfaceImplementation7.ts	0	0	0	0	1	1	1		
c09417u0_interfaceImplementation8.ts	0	0	0	0	1	1	1		
c09418u0_interfaceInReopenedModule.ts	0	0	0	0	1	1	1		
c09419u0_interfaceInheritance.ts	0	0	0	0	1	1	1		
c09420u0_interfaceInheritance2.ts	0	0	0	0	1	1	1		
c09421u0_interfaceMayNotBeExtendedWitACall.ts	0	0	0	0	1	1	1		
c09422u0_interfaceMemberValidation.ts	0	0	0	0	1	1	1		
c09423u0_interfaceMergeWithNonGenericTypeArguments.ts	0	0	0	0	1	1	1		
c09424u0_working.ts	0	0	0	0	1	1	1		
c09424u1_regression.ts	0	0	0	0	1	1	1		
c09425u0_interfaceNameAsIdentifier.ts	0	0	0	0	1	1	1		
c09426u0_interfaceNaming1.ts	0	0	1	1	1	1	1		
c09427u0_interfaceOnly.ts	0	0	0	0	1	1	1		
c09428u0_interfacePropertiesWithSameName1.ts	0	0	0	0	1	1	1		
c09429u0_interfacePropertiesWithSameName2.ts	0	0	0	0	1	1	1		
c09430u0_interfacePropertiesWithSameName3.ts	0	0	0	0	1	1	1		
c09431u0_interfaceSubtyping.ts	0	0	0	0	1	1	1		
c09432u0_interfaceWithCommaSeparators.ts	0	0	0	0	1	1	1		
c09433u0_interfaceWithImplements1.ts	0	0	0	0	1	1	1		
c09434u0_interfaceWithMultipleDeclarations.ts	0	0	0	0	1	1	1		
c09435u0_interfaceWithOptionalProperty.ts	0	0	0	0	1	1	1		
c09436u0_interfacedecl.ts	0	0	0	0	1	1	1		
c09437u0_interfacedeclWithIndexerErrors.ts	0	0	0	0	1	1	1		
c09438u0_internalAliasClass.ts	0	0	0	0	1	1	1		
c09439u0_internalAliasClassInsideLocalModuleWithExport.ts	0	0	0	0	1	1	1		
c09440u0_internalAliasClassInsideLocalModuleWithoutExport.ts	0	0	0	0	1	1	1		
c09441u0_internalAliasClassInsideLocalModuleWithoutExportAccessError.ts	0	0	0	0	1	1	1		
c09442u0_internalAliasClassInsideTopLevelModuleWithExport.ts	0	0	0	0	1	1	1		
c09443u0_internalAliasClassInsideTopLevelModuleWithoutExport.ts	0	0	0	0	1	1	1		
c09444u0_internalAliasEnum.ts	0	0	0	0	1	1	1		
c09445u0_internalAliasEnumInsideLocalModuleWithExport.ts	0	0	0	0	1	1	1		
c09446u0_internalAliasEnumInsideLocalModuleWithoutExport.ts	0	0	0	0	1	1	1		
c09447u0_internalAliasEnumInsideLocalModuleWithoutExportAccessError.ts	0	0	0	0	1	1	1		
c09448u0_internalAliasEnumInsideTopLevelModuleWithExport.ts	0	0	0	0	1	1	1		
c09449u0_internalAliasEnumInsideTopLevelModuleWithoutExport.ts	0	0	0	0	1	1	1		
c09450u0_internalAliasFunction.ts	0	0	0	0	1	1	1		
c09451u0_internalAliasFunctionInsideLocalModuleWithExport.ts	0	0	0	0	1	1	1		
c09452u0_internalAliasFunctionInsideLocalModuleWithoutExport.ts	0	0	0	0	1	1	1		
c09453u0_internalAliasFunctionInsideLocalModuleWithoutExportAccessError.ts	0	0	0	0	1	1	1		
c09454u0_internalAliasFunctionInsideTopLevelModuleWithExport.ts	0	0	0	0	1	1	1		
c09455u0_internalAliasFunctionInsideTopLevelModuleWithoutExport.ts	0	0	0	0	1	1	1		
c09456u0_internalAliasInitializedModule.ts	0	0	0	0	1	1	1		
c09457u0_internalAliasInitializedModuleInsideLocalModuleWithExport.ts	0	0	0	0	1	1	1		
c09458u0_internalAliasInitializedModuleInsideLocalModuleWithoutExport.ts	0	0	0	0	1	1	1		
c09459u0_internalAliasInitializedModuleInsideLocalModuleWithoutExportAccessError.ts	0	0	0	0	1	1	1		
c09460u0_internalAliasInitializedModuleInsideTopLevelModuleWithExport.ts	0	0	0	0	1	1	1		
c09461u0_internalAliasInitializedModuleInsideTopLevelModuleWithoutExport.ts	0	0	0	0	1	1	1		
c09462u0_internalAliasInterface.ts	0	0	0	0	1	1	1		
c09463u0_internalAliasInterfaceInsideLocalModuleWithExport.ts	0	0	0	0	1	1	1		
c09464u0_internalAliasInterfaceInsideLocalModuleWithoutExport.ts	0	0	0	0	1	1	1		
c09465u0_internalAliasInterfaceInsideLocalModuleWithoutExportAccessError.ts	0	0	0	0	1	1	1		
c09466u0_internalAliasInterfaceInsideTopLevelModuleWithExport.ts	0	0	0	0	1	1	1		
c09467u0_internalAliasInterfaceInsideTopLevelModuleWithoutExport.ts	0	0	0	0	1	1	1		
c09468u0_internalAliasUninitializedModule.ts	0	0	0	0	1	1	1		
c09469u0_internalAliasUninitializedModuleInsideLocalModuleWithExport.ts	0	0	0	0	1	1	1		
c09470u0_internalAliasUninitializedModuleInsideLocalModuleWithoutExport.ts	0	0	0	0	1	1	1		
c09471u0_internalAliasUninitializedModuleInsideLocalModuleWithoutExportAccessError.ts	0	0	0	0	1	1	1		
c09472u0_internalAliasUninitializedModuleInsideTopLevelModuleWithExport.ts	0	0	0	0	1	1	1		
c09473u0_internalAliasUninitializedModuleInsideTopLevelModuleWithoutExport.ts	0	0	0	0	1	1	1		
c09474u0_internalAliasVar.ts	0	0	0	0	1	1	1		
c09475u0_internalAliasVarInsideLocalModuleWithExport.ts	0	0	0	0	1	1	1		
c09476u0_internalAliasVarInsideLocalModuleWithoutExport.ts	0	0	0	0	1	1	1		
c09477u0_internalAliasVarInsideLocalModuleWithoutExportAccessError.ts	0	0	0	0	1	1	1		
c09478u0_internalAliasVarInsideTopLevelModuleWithExport.ts	0	0	0	0	1	1	1		
c09479u0_internalAliasVarInsideTopLevelModuleWithoutExport.ts	0	0	0	0	1	1	1		
c09480u0_internalAliasWithDottedNameEmit.ts	0	1	0	0	1	1	1		
c09481u0_internalImportInstantiatedModuleMergedWithClassNotReferencingInstance.ts	0	0	0	0	1	1	1		
c09482u0_internalImportInstantiatedModuleMergedWithClassNotReferencingInstanceNoConflict.ts	0	0	0	0	1	1	1		
c09483u0_internalImportInstantiatedModuleNotReferencingInstance.ts	0	0	0	0	1	1	1		
c09484u0_internalImportUnInstantiatedModuleMergedWithClassNotReferencingInstance.ts	0	0	0	0	1	1	1		
c09485u0_internalImportUnInstantiatedModuleMergedWithClassNotReferencingInstanceNoConflict.ts	0	0	0	0	1	1	1		
c09486u0_internalImportUnInstantiatedModuleNotReferencingInstanceNoConflict.ts	0	0	0	0	1	1	1		
c09487u0_intersectionApparentTypeCaching.ts	0	0	0	0	1	1	1		
c09488u0_intersectionConstraintReduction.ts	0	0	0	0	1	1	1		
c09489u0_intersectionOfMixinConstructorTypeAndNonConstructorType.ts	0	0	0	0	1	1	1		
c09490u0_intersectionOfTypeVariableHasApparentSignatures.ts	0	0	0	0	1	1	1		
c09491u0_intersectionPropertyCheck.ts	0	0	0	0	1	1	1		
c09492u0_intersectionReductionGenericStringLikeType.ts	0	0	0	0	1	1	1		
c09493u0_intersectionSatisfiesConstraint.ts	0	0	0	0	1	1	1		
c09494u0_intersectionTypeInference1.ts	0	0	0	0	1	1	1		
c09495u0_intersectionTypeNormalization.ts	0	0	0	0	1	1	1		
c09496u0_intersectionTypeWithLeadingOperator.ts	0	0	0	0	1	1	1		
c09497u0_intersectionType_useDefineForClassFields.ts	0	0	0	0	1	1	1		
c09498u0_intersectionWithConflictingPrivates.ts	0	0	0	0	1	1	1		
c09499u0_intersectionWithConstructSignaturePrototypeResult.ts	0	0	0	0	1	1	1		
c09500u0_intersectionsAndOptionalProperties.ts	0	0	0	0	1	1	1		
c09501u0_intersectionsAndOptionalProperties2.ts	0	0	0	0	1	1	1		
c09502u0_intersectionsAndOptionalProperties3.ts	0	0	0	0	1	1	1		
c09503u0_intersectionsAndReadonlyProperties.ts	0	0	0	0	1	1	1		
c09504u0_intersectionsOfLargeUnions.ts	0	0	0	0	1	1	1		
c09505u0_intersectionsOfLargeUnions2.ts	0	0	0	0	1	1	1		
c09506u0_intraBindingPatternReferences.ts	0	0	0	0	1	1	1		
c09507u0_intrinsics.ts	0	0	0	0	1	1	1		
c09508u0_invalidConstraint1.ts	0	0	0	0	1	1	1		
c09509u0_invalidContinueInDownlevelAsync.ts	0	0	0	0	1	1	1		
c09510u0_invalidLetInForOfAndForIn_ES5.ts	0	0	4	4	1	1	1		
c09511u0_invalidLetInForOfAndForIn_ES6.ts	0	0	4	4	1	1	1		
c09512u0_invalidOptionalChainFromNewExpression.ts	0	0	1	1	1	1	1		
c09513u0_invalidReferenceSyntax1.ts	0	0	1	1	1	1	1		
c09514u0_invalidSplice.ts	0	0	0	0	1	1	1		
c09515u0_invalidStaticField.ts	0	0	0	0	1	1	1		
c09516u0_invalidSymbolInTypeParameter1.ts	0	0	0	0	1	1	1		
c09517u0_invalidThisEmitInContextualObjectLiteral.ts	0	0	0	0	1	1	1		
c09518u0_invalidTripleSlashReference.ts	0	0	0	0	1	1	1		
c09519u0_invalidTypeNames.ts	0	0	0	0	1	1	1		
c09520u0_invalidUnicodeEscapeSequance.ts	0	0	1	1	1	1	1		
c09521u0_invalidUnicodeEscapeSequance2.ts	0	0	1	1	1	1	1		
c09522u0_invalidUnicodeEscapeSequance3.ts	0	0	1	1	1	1	1		
c09523u0_invalidUnicodeEscapeSequance4.ts	0	0	1	1	1	1	1		
c09524u0_invalidUseOfTypeAsNamespace.ts	0	0	0	0	1	1	1		
c09525u0_invariantGenericErrorElaboration.ts	0	0	0	0	1	1	1		
c09526u0_invocationExpressionInFunctionParameter.ts	0	0	0	0	1	1	1		
c09527u0_invokingNonGenericMethodWithTypeArguments1.ts	0	0	0	0	1	1	1		
c09528u0_invokingNonGenericMethodWithTypeArguments2.ts	0	0	0	0	1	1	1		
c09529u0_ipromise2.ts	0	1	0	0	1	1	1		
c09530u0_ipromise3.ts	0	0	0	0	1	1	1		
c09531u0_ipromise4.ts	0	1	0	0	1	1	1		
c09532u0_isArray.ts	0	0	0	0	1	1	1		
c09533u0_isDeclarationVisibleNodeKinds.ts	0	0	0	0	1	1	1		
c09534u0_isLiteral1.ts	0	0	1	1	1	1	1		
c09535u0_isolatedDeclarationErrorTypes1.ts	0	0	0	0	1	1	1		
c09536u0_isolatedDeclarationErrors.ts	0	0	0	0	1	1	1		
c09537u0_child1.ts	0	0	0	0	1	1	1		
c09537u1_parent.ts	0	0	0	0	1	1	1		
c09538u0_isolatedDeclarationErrorsClasses.ts	0	0	0	0	1	1	1		
c09539u0_isolatedDeclarationErrorsClassesExpressions.ts	0	0	0	0	1	1	1		
c09540u0_a.ts	0	0	0	0	1	1	1		
c09540u1_b.ts	0	0	0	0	1	1	1		
c09540u2_c.ts	0	0	0	0	1	1	1		
c09540u3_d.ts	0	0	0	0	1	1	1		
c09540u4_e.ts	0	0	0	0	1	1	1		
c09540u5_f.ts	0	0	0	0	1	1	1		
c09541u0_isolatedDeclarationErrorsEnums.ts	0	0	0	0	1	1	1		
c09542u0_isolatedDeclarationErrorsExpandoFunctions.ts	0	0	0	0	1	1	1		
c09543u0_isolatedDeclarationErrorsExpressions.ts	0	0	0	0	1	1	1		
c09544u0_isolatedDeclarationErrorsFunctionDeclarations.ts	0	0	0	0	1	1	1		
c09545u0_isolatedDeclarationErrorsObjects.ts	0	0	0	0	1	1	1		
c09546u0_isolatedDeclarationErrorsReturnTypes.ts	0	0	0	0	1	1	1		
c09547u0_isolatedDeclarationLazySymbols.ts	0	0	0	0	1	1	1		
c09548u0_a.ts	0	0	0	0	1	1	1		
c09548u1_b.ts	0	0	0	0	1	1	1		
c09549u0_file1.ts	0	0	0	0	1	1	1		
c09549u1_file2.ts	0	0	0	0	1	1	1		
c09550u0_isolatedDeclarationsAddUndefined2.ts	0	0	0	0	1	1	1		
c09551u0_file1.ts	0	0	0	0	1	1	1		
c09552u0_file1.ts	1	0	0	0	1	1	1		
c09553u0_file1.ts	0	0	0	0	1	1	1		
c09553u1_file2.ts	0	0	0	0	1	1	1		
c09554u0_isolatedDeclarationsStrictBuiltinIteratorReturn.ts	0	0	0	0	1	1	1		
c09555u0_file1.ts	0	0	0	0	1	1	1		
c09556u0_foo.d.ts	0	0	0	0	1	1	1		
c09556u1_bar.ts	0	0	0	0	1	1	1		
c09557u0_file1.ts	0	0	0	0	1	1	1		
c09558u0_a.ts	0	0	0	0	1	1	1		
c09558u1_b.ts	0	0	0	0	1	1	1		
c09559u0_file1.ts	0	0	0	0	1	1	1		
c09560u0_type.ts	0	0	0	0	1	1	1		
c09560u1_test1.ts	0	0	0	0	1	1	1		
c09560u2_test2.ts	0	0	0	0	1	1	1		
c09560u3_test3.ts	0	0	0	0	1	1	1		
c09560u4_test4.ts	0	0	0	0	1	1	1		
c09561u0_jsx.ts	0	0	0	0	1	1	1		
c09561u1_factory.ts	0	0	0	0	1	1	1		
c09562u0_file1.ts	0	0	0	0	1	1	1		
c09563u0_script-namespaces.ts	0	0	0	0	1	1	1		
c09563u1_module-namespaces.ts	0	0	0	0	1	1	1		
c09563u2_enum1.ts	0	0	0	0	1	1	1		
c09563u3_enum2.ts	0	0	0	0	1	1	1		
c09564u0_file1.ts	0	0	0	0	1	1	1		
c09564u1_file2.ts	0	0	0	0	1	1	1		
c09565u0_enum.ts	0	0	0	0	1	1	1		
c09565u1_index.ts	0	0	0	0	1	1	1		
c09566u0_file1.ts	0	0	0	0	1	1	1		
c09567u0_file1.ts	0	0	0	0	1	1	1		
c09568u0_file1.ts	0	0	0	0	1	1	1		
c09569u0_file1.ts	0	0	0	0	1	1	1		
c09569u1_file2.ts	0	0	0	0	1	1	1		
c09569u2_file3.ts	0	0	0	0	1	1	1		
c09570u0_file1.ts	0	0	0	0	1	1	1		
c09571u0_file1.ts	0	0	0	0	1	1	1		
c09571u1_file2.ts	0	0	0	0	1	1	1		
c09572u0_isolatedModulesPlainFile-AMD.ts	0	0	0	0	1	1	1		
c09573u0_isolatedModulesPlainFile-CommonJS.ts	0	0	0	0	1	1	1		
c09574u0_isolatedModulesPlainFile-ES6.ts	0	0	0	0	1	1	1		
c09575u0_isolatedModulesPlainFile-System.ts	0	0	0	0	1	1	1		
c09576u0_isolatedModulesPlainFile-UMD.ts	0	0	0	0	1	1	1		
c09577u0_events.d.ts	0	0	0	0	1	1	1		
c09577u1_moreEvents.ts	0	0	0	0	1	1	1		
c09577u2_boo.ts	0	0	0	0	1	1	1		
c09578u0_exportT.ts	0	0	0	0	1	1	1		
c09578u1_exportValue.ts	0	0	0	0	1	1	1		
c09578u2_exportEqualsT.ts	0	0	0	0	1	1	1		
c09578u3_bar.d.ts	0	0	0	0	1	1	1		
c09578u4_index.d.ts	0	0	0	0	1	1	1		
c09578u5_index.d.ts	0	0	0	0	1	1	1		
c09578u6_reExportValueAsTypeOnly.ts	0	0	0	0	1	1	1		
c09578u7_user.ts	0	0	0	0	1	1	1		
c09579u0_file1.ts	0	0	0	0	1	1	1		
c09580u0_types.ts	0	0	0	0	1	1	1		
c09580u1_node.d.ts	0	0	0	0	1	1	1		
c09580u2_bad.ts	0	0	0	0	1	1	1		
c09580u3_good.ts	0	0	0	0	1	1	1		
c09581u0_types.ts	0	0	0	0	1	1	1		
c09581u1_bad.ts	0	0	0	0	1	1	1		
c09581u2_good.ts	0	0	0	0	1	1	1		
c09582u0_file1.ts	0	0	0	0	1	1	1		
c09583u0_file1.ts	0	0	0	0	1	1	1		
c09584u0_file1.ts	0	0	0	0	1	1	1		
c09585u0_file1.d.ts	0	0	0	0	1	1	1		
c09585u1_file1.ts	0	0	0	0	1	1	1		
c09586u0_a.ts	0	0	0	0	1	1	1		
c09587u0_a.ts	0	0	0	0	1	1	1		
c09588u0_iterableTReturnTNext.ts	0	0	0	0	1	1	1		
c09589u0_iterableWithNeverAsUnionMember.ts	0	0	0	0	1	1	1		
c09590u0_iteratorExtraParameters.ts	0	0	0	0	1	1	1		
c09591u0_iteratorsAndStrictNullChecks.ts	0	0	0	0	1	1	1		
c09596u0_jqueryInference.ts	0	0	0	0	1	1	1		
c09601u0_index.d.ts	0	0	0	0	1	1	1		
c09601u1_index.d.ts	0	0	0	0	1	1	1		
c09601u2_lit-element.d.ts	0	0	0	0	1	1	1		
c09605u0_helper.d.ts	0	0	0	0	1	1	1		
c09606u0_index.d.ts	0	0	0	0	1	1	1		
c09606u1_types.d.ts	0	0	0	0	1	1	1		
c09608u0_globals.d.ts	0	0	0	0	1	1	1		
c09614u1_index.ts	0	0	0	0	1	1	1		
c09615u1_index.ts	0	0	0	0	1	1	1		
c09616u1_y.d.ts	0	0	0	0	1	1	1		
c09617u0_a.d.ts	0	0	0	0	1	1	1		
c09620u1_bar.ts	0	0	0	0	1	1	1		
c09621u1_bar.ts	0	0	0	0	1	1	1		
c09622u1_bar.ts	0	0	0	0	1	1	1		
c09637u1_a.ts	0	0	0	0	1	1	1		
c09638u0_a.ts	0	0	0	0	1	1	1		
c09639u0_a.ts	0	0	0	0	1	1	1		
c09640u1_a.ts	0	0	0	0	1	1	1		
c09641u0_a.ts	0	0	0	0	1	1	1		
c09641u1_b.ts	0	0	0	0	1	1	1		
c09642u0_a.ts	0	0	0	0	1	1	1		
c09643u0_a.ts	0	0	0	0	1	1	1		
c09645u0_a.ts	0	0	0	0	1	1	1		
c09645u1_b.ts	0	0	0	0	1	1	1		
c09646u0_a.ts	0	0	0	0	1	1	1		
c09646u1_b.ts	0	0	0	0	1	1	1		
c09647u0_a.ts	0	0	0	0	1	1	1		
c09647u1_b.ts	0	0	0	0	1	1	1		
c09649u1_b.ts	0	0	0	0	1	1	1		
c09655u1_a.ts	0	0	0	0	1	1	1		
c09656u0_a.ts	0	0	0	0	1	1	1		
c09659u0_a.ts	0	0	0	0	1	1	1		
c09659u1_b.ts	0	0	0	0	1	1	1		
c09660u0_a.ts	0	0	0	0	1	1	1		
c09660u1_b.ts	0	0	0	0	1	1	1		
c09679u0_a.ts	0	0	0	0	1	1	1		
c09679u1_a.d.ts	0	0	0	0	1	1	1		
c09680u0_a.ts	0	0	0	0	1	1	1		
c09681u0_a.ts	0	0	0	0	1	1	1		
c09682u0_a.ts	0	0	0	0	1	1	1		
c09683u0_a.ts	0	0	0	0	1	1	1		
c09684u0_a.ts	0	0	0	0	1	1	1		
c09685u0_a.ts	0	0	0	0	1	1	1		
c09686u0_a.ts	0	0	0	0	1	1	1		
c09686u1_b.d.ts	0	0	0	0	1	1	1		
c09687u0_a.ts	0	0	0	0	1	1	1		
c09689u0_a.ts	0	0	0	0	1	1	1		
c09693u1_bar.ts	0	0	0	0	1	1	1		
c09694u1_bar.ts	0	0	0	0	1	1	1		
c09695u0_dash.d.ts	0	0	0	0	1	1	1		
c09695u1_Consts.ts	0	0	0	0	1	1	1		
c09703u0_somelib.d.ts	0	0	0	0	1	1	1		
c09707u0_a.ts	0	0	0	0	1	1	1		
c09712u0_jsdocCastCommentEmit.ts	0	0	0	0	1	1	1		
c09717u0_GeometryType.d.ts	0	0	0	0	1	1	1		
c09719u0_jsdocInTypeScript.ts	1	0	0	0	0	0	0	shape go<.Comment:> ts<.TagName: KindIdentifier>	JSDocEnumTag,JSDocFunctionType
c09723u0_jsdocParameterParsingInvalidName.ts	1	0	0	0	1	1	1		
c09725u1_puppet.d.ts	0	0	0	0	1	1	1		
c09725u2_other.d.ts	0	0	0	0	1	1	1		
c09739u0_json.stringify.ts	0	0	0	0	1	1	1		
c09740u0_index.ts	0	0	0	0	1	1	1		
c09741u0_jsxAttributeMissingInitializer.tsx	0	0	1	1	0	0	0	pos KindJsxAttributes	
c09742u0_jsxAttributeWithoutExpressionReact.tsx	0	0	0	0	1	1	1		
c09743u0_jsxCallElaborationCheckNoCrash1.tsx	0	0	0	0	1	1	1		
c09744u0_jsxCallbackWithDestructuring.tsx	0	0	0	0	1	1	1		
c09745u0_index.tsx	0	0	0	0	1	1	1		
c09746u0_index.tsx	0	0	0	0	1	1	1		
c09747u0_jsxChildrenGenericContextualTypes.tsx	0	0	0	0	1	1	1		
c09748u0_index.tsx	0	0	0	0	1	1	1		
c09749u0_jsxChildrenSingleChildConfusableWithMultipleChildrenNoError.tsx	0	0	0	0	1	1	1		
c09750u0_other.tsx	0	0	0	0	1	1	1		
c09751u0_file.tsx	0	0	0	0	1	1	1		
c09751u1_index.d.ts	0	0	0	0	1	1	1		
c09751u2_jsx-runtime.d.ts	0	0	0	0	1	1	1		
c09751u3_jsx-dev-runtime.d.ts	0	0	0	0	1	1	1		
c09752u0_jsxComplexSignatureHasApplicabilityError.tsx	1	0	0	0	0	0	0	label go<.TagName: KindIdentifier> ts<.NameExpression: KindJSDocNameReference>	
c09753u0_jsxComponentTypeErrors.tsx	0	0	0	0	1	1	1		
c09754u0_jsxContainsOnlyTriviaWhiteSpacesNotCountedAsChild.tsx	0	0	0	0	1	1	1		
c09756u0_jsxElementClassTooManyParams.tsx	0	0	0	0	1	1	1		
c09757u0_jsxElementType.tsx	0	0	0	0	1	1	1		
c09758u0_jsxElementTypeLiteral.tsx	0	0	0	0	1	1	1		
c09759u0_jsxElementTypeLiteralWithGeneric.tsx	0	0	0	0	1	1	1		
c09760u0_a.tsx	0	0	0	0	1	1	1		
c09761u0_jsxEmitAttributeWithPreserve.tsx	0	0	0	0	1	1	1		
c09762u0_Element.ts	0	0	0	0	1	1	1		
c09762u1_test.tsx	0	0	0	0	1	1	1		
c09763u0_jsxEmptyExpressionNotCountedAsChild.tsx	0	0	0	0	1	1	1		
c09764u0_jsxEmptyExpressionNotCountedAsChild2.tsx	0	0	0	0	1	1	1		
c09765u0_jsxExcessPropsAndAssignability.tsx	0	0	0	0	1	1	1		
c09766u0_jsxFactoryAndJsxFragmentFactory.tsx	0	0	0	0	1	1	1		
c09767u0_jsxFactoryAndJsxFragmentFactoryErrorNotIdentifier.tsx	0	0	0	0	1	1	1		
c09768u0_jsxFactoryAndJsxFragmentFactoryNull.tsx	0	0	0	0	1	1	1		
c09769u0_Element.ts	0	0	0	0	1	1	1		
c09769u1_test.tsx	0	0	0	0	1	1	1		
c09770u0_jsxFactoryButNoJsxFragmentFactory.tsx	0	0	0	0	1	1	1		
c09771u0_Element.ts	0	0	0	0	1	1	1		
c09771u1_test.tsx	0	0	0	0	1	1	1		
c09772u0_test.tsx	0	0	0	0	1	1	1		
c09773u0_test.tsx	0	0	0	0	1	1	1		
c09774u0_test.tsx	0	0	0	0	1	1	1		
c09775u0_Element.ts	0	0	0	0	1	1	1		
c09775u1_test.tsx	0	0	0	0	1	1	1		
c09776u0_Element.ts	0	0	0	0	1	1	1		
c09776u1_test.tsx	0	0	0	0	1	1	1		
c09777u0_Element.ts	0	0	0	0	1	1	1		
c09777u1_test.tsx	0	0	0	0	1	1	1		
c09778u0_test.tsx	0	0	0	0	1	1	1		
c09779u0_index.tsx	0	0	0	0	1	1	1		
c09780u0_jsxFragReactReferenceErrors.tsx	0	0	0	0	1	1	1		
c09781u0_index.tsx	0	0	0	0	1	1	1		
c09781u1_jsx.ts	0	0	0	0	1	1	1		
c09782u0_jsxFragmentFactoryNoUnusedLocals.tsx	0	0	0	0	1	1	1		
c09783u0_jsxFragmentFactoryReference.tsx	0	0	0	0	1	1	1		
c09784u0_a.tsx	0	0	0	0	1	1	1		
c09785u0_jsxFunctionTypeChildren.tsx	0	0	0	0	1	1	1		
c09786u0_jsxGenericComponentWithSpreadingResultOfGenericFunction.tsx	0	0	0	0	1	1	1		
c09787u0_jsxHasLiteralType.tsx	0	0	0	0	1	1	1		
c09788u0_jsxHash.tsx	0	0	0	0	1	1	1		
c09789u0_jsxImportForSideEffectsNonExtantNoError.tsx	0	0	0	0	1	1	1		
c09790u0_component.d.ts	0	0	0	0	1	1	1		
c09790u1_consumer.tsx	0	0	0	0	1	1	1		
c09791u0_jsxImportSourceNonPragmaComment.tsx	1	0	0	0	0	1	1		
c09792u0_jsxInExtendsClause.tsx	0	0	0	0	1	1	1		
c09793u0_jsxInferenceProducesLiteralAsExpected.tsx	0	0	0	0	1	1	1		
c09794u0_jsxIntrinsicDeclaredUsingTemplateLiteralTypeSignatures.tsx	0	0	0	0	1	1	1		
c09795u0_jsxIntrinsicElementsCompatability.tsx	0	0	0	0	1	1	1		
c09796u0_index.tsx	0	0	0	0	1	1	1		
c09797u0_jsxIntrinsicElementsTypeArgumentErrors.tsx	0	0	0	0	1	1	1		
c09798u0_jsxIntrinsicUnions.tsx	0	0	0	0	1	1	1		
c09799u0_jsxIssuesErrorWhenTagExpectsTooManyArguments.tsx	0	0	0	0	1	1	1		
c09800u0_jsxLibraryManagedAttributesUnusedGeneric.tsx	0	0	0	0	1	1	1		
c09801u0_index.tsx	0	0	0	0	1	1	1		
c09802u0_jsxMultilineAttributeStringValues.tsx	0	0	0	0	1	1	1		
c09803u0_jsxMultilineAttributeValuesReact.tsx	0	0	0	0	1	1	1		
c09804u0_jsx.d.ts	0	0	0	0	1	1	1		
c09804u1_test.tsx	0	0	0	0	1	1	1		
c09804u2_jsx-runtime.ts	0	0	0	0	1	1	1		
c09804u3_jsx-dev-runtime.ts	0	0	0	0	1	1	1		
c09805u0_index.d.ts	0	0	0	0	1	1	1		
c09805u1_index.d.ts	0	0	0	0	1	1	1		
c09805u2_index.tsx	0	0	0	0	1	1	1		
c09806u0_index.d.ts	0	0	0	0	1	1	1		
c09806u1_index.d.ts	0	0	0	0	1	1	1		
c09806u2_index.tsx	0	0	0	0	1	1	1		
c09807u0_index.d.ts	0	0	0	0	1	1	1		
c09807u1_index.d.ts	0	0	0	0	1	1	1		
c09807u2_index.tsx	0	0	0	0	1	1	1		
c09808u0_index.d.ts	0	0	0	0	1	1	1		
c09808u1_index.d.ts	0	0	0	0	1	1	1		
c09808u2_jsx-namespace.d.ts	0	0	0	0	1	1	1		
c09808u3_index.tsx	0	0	0	0	1	1	1		
c09809u0_index.d.ts	0	0	0	0	1	1	1		
c09809u1_index.d.ts	0	0	0	0	1	1	1		
c09809u2_jsx-namespace.d.ts	0	0	0	0	1	1	1		
c09809u3_index.tsx	0	0	0	0	1	1	1		
c09810u0_jsx.d.ts	0	0	0	0	1	1	1		
c09810u1_test.tsx	0	0	0	0	1	1	1		
c09810u2_jsx-runtime.ts	0	0	0	0	1	1	1		
c09810u3_jsx-dev-runtime.ts	0	0	0	0	1	1	1		
c09811u0_jsxNamespacePrefixInName.tsx	0	0	28	28	1	1	1		
c09812u0_jsxNamespacePrefixInNameReact.tsx	0	0	28	28	1	1	1		
c09813u0_jsxNamespacePrefixIntrinsics.tsx	0	0	0	0	1	1	1		
c09814u0_library.ts	0	0	0	0	1	1	1		
c09814u1_index.tsx	0	0	0	0	1	1	1		
c09815u0_jsxNamespacedNameNotComparedToNonMatchingIndexSignature.tsx	0	0	0	0	1	1	1		
c09816u0_jsxNestedWithinTernaryParsesCorrectly.tsx	0	0	0	0	1	1	1		
c09817u0_jsxPartialSpread.tsx	0	0	0	0	1	1	1		
c09818u3_d.ts	0	0	0	0	1	1	1		
c09818u4_e.tsx	0	0	0	0	1	1	1		
c09819u0_index.tsx	0	0	0	0	1	1	1		
c09820u0_one.tsx	0	0	0	0	1	1	1		
c09820u1_two.tsx	0	0	0	0	1	1	1		
c09820u2_three.tsx	0	0	0	0	1	1	1		
c09820u3_four.tsx	0	0	0	0	1	1	1		
c09820u4_index.ts	0	0	0	0	1	1	1		
c09821u0_jsxSpreadFirstUnionNoErrors.tsx	0	0	0	0	1	1	1		
c09822u0_a.tsx	0	0	0	0	1	1	1		
c09823u0_component.d.ts	0	0	0	0	1	1	1		
c09823u1_consumer.tsx	0	0	0	0	1	1	1		
c09824u0_component.d.ts	0	0	0	0	1	1	1		
c09824u1_consumer.tsx	0	0	0	0	1	1	1		
c09825u0_test.d.ts	0	0	0	0	1	1	1		
c09825u1_main.ts	0	0	0	0	1	1	1		
c09826u0_test.ts	0	0	0	0	1	1	1		
c09826u1_main.ts	0	0	0	0	1	1	1		
c09827u0_test.ts	0	0	0	0	1	1	1		
c09827u1_main.ts	0	0	0	0	1	1	1		
c09828u0_test.ts	0	0	0	0	1	1	1		
c09828u1_main.ts	0	0	0	0	1	1	1		
c09829u0_keyRemappingKeyofResult.ts	0	0	0	0	1	1	1		
c09830u0_keyRemappingKeyofResult2.ts	0	0	0	0	1	1	1		
c09831u0_keyofDoesntContainSymbols.ts	0	0	0	0	1	1	1		
c09832u0_keyofGenericExtendingClassDoubleLayer.ts	0	0	0	0	1	1	1		
c09833u0_keyofIsLiteralContexualType.ts	0	0	0	0	1	1	1		
c09834u0_example.ts	0	0	0	0	1	1	1		
c09834u1_test.ts	0	0	0	0	1	1	1		
c09835u0_keyofObjectWithGlobalSymbolIncluded.ts	0	0	0	0	1	1	1		
c09836u0_keywordExpressionInternalComments.ts	0	0	0	0	1	1	1		
c09837u0_keywordField.ts	0	0	0	0	1	1	1		
c09838u0_keywordInJsxIdentifier.tsx	0	0	0	0	1	1	1		
c09839u0_knockout.ts	0	0	0	0	1	1	1		
c09840u0_lambdaASIEmit.ts	0	0	0	0	1	1	1		
c09841u0_lambdaArgCrash.ts	0	0	0	0	1	1	1		
c09842u0_lambdaExpression.ts	0	0	0	0	1	1	1		
c09843u0_lambdaParamTypes.ts	0	0	0	0	1	1	1		
c09844u0_lambdaParameterWithTupleArgsHasCorrectAssignability.ts	0	0	0	0	1	1	1		
c09845u0_lambdaPropSelf.ts	0	0	0	0	1	1	1		
c09846u0_largeControlFlowGraph.ts	0	0	0	0	1	1	1		
c09847u0_largeTupleTypes.ts	0	0	0	0	1	1	1		
c09848u0_lastPropertyInLiteralWins.ts	0	0	0	0	1	1	1		
c09852u0_lateBoundConstraintTypeChecksCorrectly.ts	1	0	0	0	1	1	1		
c09853u0_lateBoundDestructuringImplicitAnyError.ts	0	0	0	0	1	1	1		
c09854u0_index.ts	0	0	0	0	1	1	1		
c09856u0_letAndVarRedeclaration.ts	0	0	0	0	1	1	1		
c09857u0_letAsIdentifier.ts	0	0	0	0	1	1	1		
c09858u0_letAsIdentifier2.ts	0	0	0	0	1	1	1		
c09859u0_letAsIdentifierInStrictMode.ts	0	0	0	0	1	1	1		
c09860u0_letConstInCaseClauses.ts	0	0	0	0	1	1	1		
c09861u0_letConstMatchingParameterNames.ts	0	0	0	0	1	1	1		
c09862u0_letDeclarations-access.ts	0	0	0	0	1	1	1		
c09863u0_letDeclarations-es5-1.ts	0	0	0	0	1	1	1		
c09864u0_letDeclarations-es5.ts	0	0	0	0	1	1	1		
c09865u0_letDeclarations-invalidContexts.ts	0	0	0	0	1	1	1		
c09866u0_letDeclarations-scopes-duplicates.ts	0	0	0	0	1	1	1		
c09867u0_file1.ts	0	0	0	0	1	1	1		
c09867u1_file2.ts	0	0	0	0	1	1	1		
c09868u0_file1.ts	0	0	0	0	1	1	1		
c09868u1_file2.ts	0	0	0	0	1	1	1		
c09869u0_file1.ts	0	0	0	0	1	1	1		
c09869u1_file2.ts	0	0	0	0	1	1	1		
c09870u0_file1.ts	0	0	0	0	1	1	1		
c09870u1_file2.ts	0	0	0	0	1	1	1		
c09871u0_file1.ts	0	0	0	0	1	1	1		
c09871u1_file2.ts	0	0	0	0	1	1	1		
c09872u0_file1.ts	0	0	0	0	1	1	1		
c09872u1_file2.ts	0	0	0	0	1	1	1		
c09873u0_letDeclarations-scopes.ts	0	0	0	0	1	1	1		
c09874u0_letDeclarations-scopes2.ts	0	0	0	0	1	1	1		
c09875u0_letDeclarations-useBeforeDefinition.ts	0	0	0	0	1	1	1		
c09876u0_file1.ts	0	0	0	0	1	1	1		
c09876u1_file2.ts	0	0	0	0	1	1	1		
c09877u0_letDeclarations-validContexts.ts	0	0	0	0	1	1	1		
c09878u0_letDeclarations.ts	0	0	0	0	1	1	1		
c09879u0_letDeclarations2.ts	0	0	0	0	1	1	1		
c09880u0_letInConstDeclarations_ES5.ts	0	0	0	0	1	1	1		
c09881u0_letInConstDeclarations_ES6.ts	0	0	0	0	1	1	1		
c09882u0_letInLetConstDeclOfForOfAndForIn_ES5.ts	0	0	0	0	1	1	1		
c09883u0_letInLetConstDeclOfForOfAndForIn_ES6.ts	0	0	0	0	1	1	1		
c09884u0_letInLetDeclarations_ES5.ts	0	0	0	0	1	1	1		
c09885u0_letInLetDeclarations_ES6.ts	0	0	0	0	1	1	1		
c09886u0_letInNonStrictMode.ts	0	0	0	0	1	1	1		
c09887u0_letInVarDeclOfForIn_ES5.ts	0	0	0	0	1	1	1		
c09888u0_letInVarDeclOfForIn_ES6.ts	0	0	0	0	1	1	1		
c09889u0_letInVarDeclOfForOf_ES5.ts	0	0	0	0	1	1	1		
c09890u0_letInVarDeclOfForOf_ES6.ts	0	0	0	0	1	1	1		
c09891u0_letKeepNamesOfTopLevelItems.ts	0	0	0	0	1	1	1		
c09892u0_letShadowedByNameInNestedScope.ts	0	0	0	0	1	1	1		
c09893u0_libCompileChecks.ts	0	0	0	0	1	1	1		
c09894u0_libMembers.ts	0	0	1	1	1	1	1		
c09895u0_libReplacement.ts	0	0	0	0	1	1	1		
c09896u0_index.d.ts	0	0	0	0	1	1	1		
c09896u1_index.ts	0	0	0	0	1	1	1		
c09897u0_index.d.ts	0	0	0	0	1	1	1		
c09897u1_index.ts	0	0	0	0	1	1	1		
c09898u0_index.d.ts	0	0	0	0	1	1	1		
c09898u1_iterable.d.ts	0	0	0	0	1	1	1		
c09898u2_index.ts	0	0	0	0	1	1	1		
c09899u0_index.d.ts	0	0	0	0	1	1	1		
c09899u1_iterable.d.ts	0	0	0	0	1	1	1		
c09899u2_index.ts	0	0	0	0	1	1	1		
c09900u0_libdtsFix.ts	0	0	0	0	1	1	1		
c09901u0_library_ArraySlice.ts	0	0	0	0	1	1	1		
c09902u0_library_DatePrototypeProperties.ts	0	0	0	0	1	1	1		
c09903u0_library_ObjectPrototypeProperties.ts	0	0	0	0	1	1	1		
c09904u0_library_RegExpExecArraySlice.ts	0	0	0	0	1	1	1		
c09905u0_library_StringSlice.ts	0	0	0	0	1	1	1		
c09906u0_lift.ts	0	0	0	0	1	1	1		
c09907u0_limitDeepInstantiations.ts	0	0	0	0	1	1	1		
c09908u0_listFailure.ts	0	0	0	0	1	1	1		
c09909u0_literalFreshnessPropagationOnNarrowing.ts	0	0	0	0	1	1	1		
c09910u0_literalIntersectionYieldsLiteral.ts	0	0	0	0	1	1	1		
c09911u0_a.ts	0	0	0	0	1	1	1		
c09911u1_b.ts	0	0	0	0	1	1	1		
c09912u0_literalWideningWithCompoundLikeAssignments.ts	0	0	0	0	1	1	1		
c09913u0_literals-negative.ts	0	0	0	0	1	1	1		
c09914u0_literals1.ts	0	0	0	0	1	1	1		
c09915u0_literalsInComputedProperties1.ts	0	0	0	0	1	1	1		
c09916u0_localAliasExportAssignment_0.ts	0	0	0	0	1	1	1		
c09916u1_localAliasExportAssignment_1.ts	0	0	0	0	1	1	1		
c09917u0_localClassesInLoop.ts	0	0	0	0	1	1	1		
c09918u0_localClassesInLoop_ES6.ts	0	0	0	0	1	1	1		
c09919u0_localImportNameVsGlobalName.ts	0	0	0	0	1	1	1		
c09921u0_localTypeParameterInferencePriority.ts	0	0	0	0	1	1	1		
c09922u0_localVariablesReturnedFromCatchBlocks.ts	0	0	0	0	1	1	1		
c09923u0_logicalNotExpression1.ts	0	0	0	0	1	1	1		
c09924u0_longObjectInstantiationChain1.ts	0	0	0	0	1	1	1		
c09925u0_longObjectInstantiationChain2.ts	0	0	0	0	1	1	1		
c09926u0_longObjectInstantiationChain3.ts	0	0	0	0	1	1	1		
c09927u0_m7Bugs.ts	0	0	0	0	1	1	1		
c09928u0_a.ts	0	0	11	11	1	1	1		
c09928u1_b.ts	0	0	0	0	1	1	1		
c09929u0_manyConstExports.ts	0	0	0	0	1	1	1		
c09930u0_mapConstructor.ts	0	0	0	0	1	1	1		
c09931u0_mapConstructorOnReadonlyTuple.ts	0	0	0	0	1	1	1		
c09932u0_mapGroupBy.ts	0	0	0	0	1	1	1		
c09933u0_mapOnTupleTypes01.ts	0	0	0	0	1	1	1		
c09934u0_mapOnTupleTypes02.ts	0	0	0	0	1	1	1		
c09935u0_mapUpsert.ts	0	0	0	0	1	1	1		
c09936u0_mappedArrayTupleIntersections.ts	0	0	0	0	1	1	1		
c09937u0_mappedToToIndexSignatureInference.ts	0	0	0	0	1	1	1		
c09938u0_mappedTypeAndIndexSignatureRelation.ts	0	0	0	0	1	1	1		
c09939u0_mappedTypeAsStringTemplate.ts	0	0	0	0	1	1	1		
c09940u0_mappedTypeCircularReferenceInAccessor.ts	0	0	0	0	1	1	1		
c09941u0_mappedTypeContextualTypesApplied.ts	0	0	0	0	1	1	1		
c09942u0_mappedTypeGenericIndexedAccess.ts	0	0	0	0	1	1	1		
c09943u0_internal.ts	0	0	0	0	1	1	1		
c09943u1_api.ts	0	0	0	0	1	1	1		
c09944u0_mappedTypeGenericInstantiationPreservesInlineForm.ts	0	0	0	0	1	1	1		
c09945u0_mappedTypeGenericWithKnownKeys.ts	0	0	0	0	1	1	1		
c09946u0_mappedTypeIndexedAccess.ts	0	0	0	0	1	1	1		
c09947u0_mappedTypeIndexedAccessConstraint.ts	0	0	0	0	1	1	1		
c09948u0_mappedTypeInferenceAliasSubstitution.ts	0	0	0	0	1	1	1		
c09949u0_mappedTypeInferenceCircularity.ts	0	0	0	0	1	1	1		
c09950u0_mappedTypeInferenceFromApparentType.ts	0	0	0	0	1	1	1		
c09951u0_mappedTypeInferenceToMappedType.ts	0	0	0	0	1	1	1		
c09952u0_mappedTypeMultiInference.ts	0	0	0	0	1	1	1		
c09953u0_mappedTypeNestedGenericInstantiation.ts	0	0	0	0	1	1	1		
c09954u0_mappedTypeNoTypeNoCrash.ts	0	0	0	0	1	1	1		
c09955u0_mappedTypeNotMistakenlyHomomorphic.ts	0	0	0	0	1	1	1		
c09956u0_mappedTypeOverArrayWithBareAnyRestCanBeUsedAsRestParam1.ts	0	0	0	0	1	1	1		
c09957u0_mappedTypeParameterConstraint.ts	0	0	0	0	1	1	1		
c09958u0_mappedTypePartialConstraints.ts	0	0	0	0	1	1	1		
c09959u0_mappedTypePartialNonHomomorphicBaseConstraint.ts	0	0	0	0	1	1	1		
c09960u0_mappedTypeRecursiveInference.ts	0	0	0	0	1	1	1		
c09961u0_mappedTypeRecursiveInference2.ts	0	0	0	0	1	1	1		
c09962u0_mappedTypeTupleConstraintAssignability.ts	0	0	0	0	1	1	1		
c09963u0_mappedTypeUnionConstrainTupleTreatedAsArrayLike.ts	0	0	0	0	1	1	1		
c09964u0_mappedTypeUnionConstraintInferences.ts	0	0	0	0	1	1	1		
c09965u0_mappedTypeWithAsClauseAndLateBoundProperty.ts	0	0	0	0	1	1	1		
c09966u0_mappedTypeWithAsClauseAndLateBoundProperty2.ts	0	0	0	0	1	1	1		
c09967u0_mappedTypeWithCombinedTypeMappers.ts	0	0	0	0	1	1	1		
c09968u0_mappedTypeWithNameClauseAppliedToArrayType.ts	0	0	0	0	1	1	1		
c09969u0_matchReturnTypeInAllBranches.ts	1	0	0	0	0	1	1		
c09970u0_matchingOfObjectLiteralConstraints.ts	0	0	0	0	1	1	1		
c09971u0_maxConstraints.ts	0	0	0	0	1	1	1		
c09972u2_index.d.ts	0	0	0	0	1	1	1		
c09972u3_index.ts	0	0	0	0	1	1	1		
c09973u0_maximum10SpellingSuggestions.ts	0	0	0	0	1	1	1		
c09974u0_memberAccessMustUseModuleInstances_0.ts	0	0	0	0	1	1	1		
c09974u1_memberAccessMustUseModuleInstances_1.ts	0	0	0	0	1	1	1		
c09975u0_memberAccessOnConstructorType.ts	0	0	0	0	1	1	1		
c09976u0_memberOverride.ts	0	0	0	0	1	1	1		
c09977u0_memberScope.ts	0	0	0	0	1	1	1		
c09978u0_memberVariableDeclarations1.ts	0	0	0	0	1	1	1		
c09979u0_index.ts	0	0	0	0	1	1	1		
c09979u1_test.ts	0	0	0	0	1	1	1		
c09979u2_eventList.ts	0	0	0	0	1	1	1		
c09979u3_foo.ts	0	0	0	0	1	1	1		
c09979u4_bar.ts	0	0	0	0	1	1	1		
c09980u0_main.ts	0	0	0	0	1	1	1		
c09980u1_a.d.ts	0	0	0	0	1	1	1		
c09980u2_index.d.ts	0	0	0	0	1	1	1		
c09980u3_common.d.ts	0	0	0	0	1	1	1		
c09981u0_main.ts	0	0	0	0	1	1	1		
c09981u1_a.d.ts	0	0	0	0	1	1	1		
c09981u2_index.d.ts	0	0	0	0	1	1	1		
c09981u3_common.d.ts	0	0	0	0	1	1	1		
c09982u0_main.ts	0	0	0	0	1	1	1		
c09982u1_a.d.ts	0	0	0	0	1	1	1		
c09982u2_index.d.ts	0	0	0	0	1	1	1		
c09982u3_common.d.ts	0	0	0	0	1	1	1		
c09983u0_f1.ts	0	0	0	0	1	1	1		
c09983u1_f2.ts	0	0	0	0	1	1	1		
c09984u0_f1.ts	0	0	0	0	1	1	1		
c09984u1_f2.ts	0	0	0	0	1	1	1		
c09985u0_mergedClassNamespaceRecordCast.ts	0	0	0	0	1	1	1		
c09986u0_a.d.ts	0	0	0	0	1	1	1		
c09986u1_b.ts	0	0	0	0	1	1	1		
c09987u0_mergedDeclarationExports.ts	0	0	0	0	1	1	1		
c09988u0_mergedDeclarations1.ts	0	0	0	0	1	1	1		
c09989u0_mergedDeclarations2.ts	0	0	0	0	1	1	1		
c09990u0_mergedDeclarations3.ts	0	0	0	0	1	1	1		
c09991u0_mergedDeclarations4.ts	0	0	0	0	1	1	1		
c09992u0_a.ts	0	0	0	0	1	1	1		
c09992u1_b.ts	0	0	0	0	1	1	1		
c09993u0_a.ts	0	0	0	0	1	1	1		
c09993u1_b.ts	0	0	0	0	1	1	1		
c09994u0_passport.d.ts	0	0	0	0	1	1	1		
c09994u1_test.ts	0	0	0	0	1	1	1		
c09995u0_mergedEnumDeclarationCodeGen.ts	0	0	0	0	1	1	1		
c09996u0_mergedInstantiationAssignment.ts	0	0	0	0	1	1	1		
c09997u0_mergedInterfaceFromMultipleFiles1_0.ts	0	0	0	0	1	1	1		
c09997u1_mergedInterfaceFromMultipleFiles1_1.ts	0	0	0	0	1	1	1		
c09998u0_mergedModuleDeclarationCodeGen.ts	0	0	0	0	1	1	1		
c09999u0_mergedModuleDeclarationCodeGen2.ts	0	1	0	0	1	1	1		
c10000u0_mergedModuleDeclarationCodeGen3.ts	0	1	0	0	1	1	1		
c10001u0_mergedModuleDeclarationCodeGen4.ts	0	1	0	0	1	1	1		
c10002u0_mergedModuleDeclarationCodeGen5.ts	0	1	0	0	1	1	1		
c10003u0_mergedModuleDeclarationWithSharedExportedVar.ts	0	0	0	0	1	1	1		
c10004u0_metadataImportType.ts	0	0	0	0	1	1	1		
c10005u0_auxiliary.ts	0	0	0	0	1	1	1		
c10005u1_testA.ts	0	0	0	0	1	1	1		
c10005u2_testB.ts	0	0	0	0	1	1	1		
c10006u0_auxiliry.ts	0	0	0	0	1	1	1		
c10006u1_test.ts	0	0	0	0	1	1	1		
c10007u0_metadataOfClassFromModule.ts	0	0	0	0	1	1	1		
c10008u0_event.ts	0	0	0	0	1	1	1		
c10008u1_test.ts	0	0	0	0	1	1	1		
c10009u0_metadataOfStringLiteral.ts	0	0	0	0	1	1	1		
c10010u0_metadataOfUnion.ts	0	0	0	0	1	1	1		
c10011u0_metadataOfUnionWithNull.ts	0	0	0	0	1	1	1		
c10012u0_Class1.ts	0	0	0	0	1	1	1		
c10012u1_Class2.ts	0	0	0	0	1	1	1		
c10013u0_methodChainError.ts	0	0	0	0	1	1	1		
c10014u0_methodContainingLocalFunction.ts	0	0	0	0	1	1	1		
c10015u0_methodInAmbientClass1.ts	0	0	0	0	1	1	1		
c10016u0_methodSignatureDeclarationEmit1.ts	0	0	0	0	1	1	1		
c10017u0_methodSignatureHandledDeclarationKindForSymbol.ts	0	0	0	0	1	1	1		
c10018u0_mismatchedClassConstructorVariable.ts	0	0	0	0	1	1	1		
c10019u0_mismatchedExplicitTypeParameterAndArgumentType.ts	0	0	0	0	1	1	1		
c10020u0_mismatchedGenericArguments1.ts	0	0	0	0	1	1	1		
c10021u0_missingArgument1.ts	0	0	1	1	1	1	1		
c10022u0_missingCloseBrace.ts	0	0	1	1	1	1	1		
c10023u0_missingCloseBraceInObjectLiteral.ts	0	0	1	1	1	1	1		
c10024u0_missingCloseBracketInArray.ts	0	0	1	1	1	1	1		
c10025u0_missingCloseParenStatements.ts	0	0	4	4	1	1	1		
c10026u0_missingCommaInTemplateStringsArray.ts	0	0	0	0	1	1	1		
c10027u0_missingDiscriminants.ts	0	0	0	0	1	1	1		
c10028u0_missingDiscriminants2.ts	0	0	0	0	1	1	1		
c10029u0_missingDomElement_UsingDomLib.ts	0	0	0	0	1	1	1		
c10030u0_missingDomElements.ts	0	0	0	0	1	1	1		
c10031u0_missingFunctionImplementation.ts	0	0	0	0	1	1	1		
c10032u0_missingFunctionImplementation2_a.ts	0	0	0	0	1	1	1		
c10032u1_missingFunctionImplementation2_b.ts	0	0	0	0	1	1	1		
c10033u0_missingImportAfterModuleImport_0.ts	0	0	0	0	1	1	1		
c10033u1_missingImportAfterModuleImport_1.ts	0	0	0	0	1	1	1		
c10034u0_utils.ts	0	0	0	0	1	1	1		
c10034u1_sample.ts	0	0	0	0	1	1	1		
c10035u0_missingPropertiesOfClassExpression.ts	0	0	0	0	1	1	1		
c10036u0_missingRequiredDeclare.d.ts	0	0	0	0	1	1	1		
c10037u0_missingReturnStatement.ts	0	0	0	0	1	1	1		
c10038u0_missingReturnStatement1.ts	0	0	0	0	1	1	1		
c10039u0_missingSelf.ts	0	0	0	0	1	1	1		
c10040u0_a.ts	0	0	0	0	1	1	1		
c10040u1_b.ts	0	0	0	0	1	1	1		
c10041u0_missingTypeArguments1.ts	0	0	0	0	1	1	1		
c10042u0_missingTypeArguments2.ts	0	0	0	0	1	1	1		
c10043u0_missingTypeArguments3.ts	0	0	0	0	1	1	1		
c10045u0_misspelledNewMetaProperty.ts	0	0	0	0	1	1	1		
c10046u0_mixedExports.ts	0	0	0	0	1	1	1		
c10047u0_mixedStaticAndInstanceClassMembers.ts	0	0	0	0	1	1	1		
c10048u0_mixedTypeEnumComparison.ts	0	0	0	0	1	1	1		
c10049u0_mixinIntersectionIsValidbaseType.ts	1	0	0	0	1	1	1		
c10050u0_mixinOverMappedTypeNoCrash.ts	0	0	0	0	1	1	1		
c10051u0_mixinPrivateAndProtected.ts	0	0	0	0	1	1	1		
c10052u0_mixingApparentTypeOverrides.ts	0	0	0	0	1	1	1		
c10053u0_mixingFunctionAndAmbientModule1.ts	0	0	0	0	1	1	1		
c10054u0_mixingStaticAndInstanceOverloads.ts	0	0	0	0	1	1	1		
c10055u0_modFunctionCrash.ts	0	0	0	0	1	1	1		
c10056u0_modKeyword.ts	0	0	0	0	1	1	1		
c10057u0_modifierOnParameter1.ts	0	0	0	0	1	1	1		
c10058u0_modifierParenCast.ts	0	0	0	0	1	1	1		
c10059u0_modifiersInObjectLiterals.ts	0	0	0	0	1	1	1		
c10060u0_modifiersOnInterfaceIndexSignature1.ts	0	0	0	0	1	1	1		
c10061u0_modularizeLibrary_Dom.asynciterable.ts	0	0	0	0	1	1	1		
c10062u0_modularizeLibrary_Dom.iterable.ts	0	0	0	0	1	1	1		
c10063u0_modularizeLibrary_ErrorFromUsingES6ArrayWithOnlyES6ArrayLib.ts	0	0	0	0	1	1	1		
c10064u0_modularizeLibrary_ErrorFromUsingES6FeaturesWithOnlyES5Lib.ts	0	0	0	0	1	1	1		
c10065u0_modularizeLibrary_ErrorFromUsingWellknownSymbolWithOutES6WellknownSymbolLib.ts	0	0	0	0	1	1	1		
c10066u0_modularizeLibrary_NoErrorDuplicateLibOptions1.ts	0	0	0	0	1	1	1		
c10067u0_modularizeLibrary_NoErrorDuplicateLibOptions2.ts	0	0	0	0	1	1	1		
c10068u0_modularizeLibrary_TargetES5UsingES6Lib.ts	0	0	0	0	1	1	1		
c10069u0_modularizeLibrary_TargetES6UsingES6Lib.ts	0	0	0	0	1	1	1		
c10070u0_modularizeLibrary_UsingES5LibAndES6ArrayLib.ts	0	0	0	0	1	1	1		
c10071u0_modularizeLibrary_UsingES5LibAndES6FeatureLibs.ts	0	0	0	0	1	1	1		
c10072u0_modularizeLibrary_UsingES5LibES6ArrayLibES6WellknownSymbolLib.ts	0	0	0	0	1	1	1		
c10073u0_modularizeLibrary_Worker.asynciterable.ts	0	0	0	0	1	1	1		
c10074u0_modularizeLibrary_Worker.iterable.ts	0	0	0	0	1	1	1		
c10075u0_moduleAliasAsFunctionArgument_0.ts	0	0	0	0	1	1	1		
c10075u1_moduleAliasAsFunctionArgument_1.ts	0	0	0	0	1	1	1		
c10076u0_moduleAliasInterface.ts	0	0	0	0	1	1	1		
c10077u0_moduleAndInterfaceSharingName.ts	0	0	0	0	1	1	1		
c10078u0_moduleAndInterfaceSharingName2.ts	0	0	0	0	1	1	1		
c10079u0_moduleAndInterfaceSharingName3.ts	0	0	0	0	1	1	1		
c10080u0_moduleAndInterfaceSharingName4.ts	0	0	0	0	1	1	1		
c10081u0_moduleAndInterfaceWithSameName.ts	0	0	0	0	1	1	1		
c10082u0_moduleAsBaseType.ts	0	0	0	0	1	1	1		
c10083u0_moduleAssignmentCompat1.ts	0	0	0	0	1	1	1		
c10084u0_moduleAssignmentCompat2.ts	0	0	0	0	1	1	1		
c10085u0_moduleAssignmentCompat3.ts	0	0	0	0	1	1	1		
c10086u0_moduleAssignmentCompat4.ts	0	0	0	0	1	1	1		
c10087u0_map1.ts	0	0	0	0	1	1	1		
c10087u1_map2.ts	0	0	0	0	1	1	1		
c10087u2_observable.ts	0	0	0	0	1	1	1		
c10087u3_main.ts	0	0	0	0	1	1	1		
c10088u0_map.ts	0	0	0	0	1	1	1		
c10088u1_observable.ts	0	0	0	0	1	1	1		
c10088u2_main.ts	0	0	0	0	1	1	1		
c10089u0_map.ts	0	0	0	0	1	1	1		
c10089u1_observable.ts	0	0	0	0	1	1	1		
c10089u2_main.ts	0	0	0	0	1	1	1		
c10090u0_x0.ts	0	0	0	0	1	1	1		
c10090u1_x.ts	0	0	0	0	1	1	1		
c10090u2_observable.ts	0	0	0	0	1	1	1		
c10090u3_test.ts	0	0	0	0	1	1	1		
c10090u4_main.ts	0	0	0	0	1	1	1		
c10091u0_file.ts	0	0	0	0	1	1	1		
c10091u1_reexport.ts	0	0	0	0	1	1	1		
c10091u2_augment.ts	0	0	0	0	1	1	1		
c10092u0_file.ts	0	0	0	0	1	1	1		
c10092u1_reexport.ts	0	0	0	0	1	1	1		
c10092u2_augment.ts	0	0	0	0	1	1	1		
c10093u0_file.ts	0	0	0	0	1	1	1		
c10093u1_reexport.ts	0	0	0	0	1	1	1		
c10093u2_augment.ts	0	0	0	0	1	1	1		
c10094u0_index.d.ts	0	0	0	0	1	1	1		
c10094u1_index.d.ts	0	0	0	0	1	1	1		
c10094u2_idx.ts	0	0	0	0	1	1	1		
c10094u3_idx.test.ts	0	0	0	0	1	1	1		
c10095u0_file.ts	0	0	0	0	1	1	1		
c10095u1_reexport.ts	0	0	0	0	1	1	1		
c10095u2_augment.ts	0	0	0	0	1	1	1		
c10096u0_map.ts	0	0	0	0	1	1	1		
c10096u1_observable.d.ts	0	0	0	0	1	1	1		
c10096u2_main.ts	0	0	0	0	1	1	1		
c10097u0_map.ts	0	0	0	0	1	1	1		
c10097u1_observable.d.ts	0	0	0	0	1	1	1		
c10097u2_main.ts	0	0	0	0	1	1	1		
c10098u0_map.ts	0	0	0	0	1	1	1		
c10098u1_observable.ts	0	0	0	0	1	1	1		
c10098u2_main.ts	0	0	0	0	1	1	1		
c10099u0_map.ts	0	0	0	0	1	1	1		
c10099u1_observable.ts	0	0	0	0	1	1	1		
c10099u2_main.ts	0	0	0	0	1	1	1		
c10100u0_f1.ts	0	0	0	0	1	1	1		
c10100u1_f2.ts	0	0	0	0	1	1	1		
c10101u0_f1.ts	0	0	0	0	1	1	1		
c10101u1_f2.ts	0	0	0	0	1	1	1		
c10102u0_f1.ts	0	0	0	0	1	1	1		
c10102u1_f2.ts	0	0	0	0	1	1	1		
c10102u2_f3.ts	0	0	0	0	1	1	1		
c10103u0_f1.ts	0	0	0	0	1	1	1		
c10103u1_f2.ts	0	0	0	0	1	1	1		
c10103u2_f3.ts	0	0	0	0	1	1	1		
c10104u0_f1.d.ts	0	0	0	0	1	1	1		
c10104u1_f2.d.ts	0	0	0	0	1	1	1		
c10104u2_f3.ts	0	0	0	0	1	1	1		
c10105u0_moduleAugmentationGlobal6.ts	0	0	0	0	1	1	1		
c10106u0_moduleAugmentationGlobal6_1.ts	0	0	0	0	1	1	1		
c10107u0_moduleAugmentationGlobal7.ts	0	0	0	0	1	1	1		
c10108u0_moduleAugmentationGlobal7_1.ts	0	0	0	0	1	1	1		
c10109u0_moduleAugmentationGlobal8.ts	0	0	0	0	1	1	1		
c10110u0_moduleAugmentationGlobal8_1.ts	0	0	0	0	1	1	1		
c10111u0_f1.ts	0	0	0	0	1	1	1		
c10111u1_f2.ts	0	0	0	0	1	1	1		
c10111u2_f3.ts	0	0	0	0	1	1	1		
c10111u3_f4.ts	0	0	0	0	1	1	1		
c10112u0_f1.ts	0	0	0	0	1	1	1		
c10112u1_f2.ts	0	0	0	0	1	1	1		
c10112u2_f3.ts	0	0	0	0	1	1	1		
c10112u3_f4.ts	0	0	0	0	1	1	1		
c10113u0_f1.ts	0	0	0	0	1	1	1		
c10113u1_f2.ts	0	0	0	0	1	1	1		
c10113u2_f3.ts	0	0	0	0	1	1	1		
c10113u3_f4.ts	0	0	0	0	1	1	1		
c10114u0_f1.ts	0	0	0	0	1	1	1		
c10114u1_f2.ts	0	0	0	0	1	1	1		
c10114u2_f3.ts	0	0	0	0	1	1	1		
c10114u3_f4.ts	0	0	0	0	1	1	1		
c10115u0_f1.ts	0	0	0	0	1	1	1		
c10115u1_f2.ts	0	0	0	0	1	1	1		
c10115u2_f3.ts	0	0	0	0	1	1	1		
c10115u3_f4.ts	0	0	0	0	1	1	1		
c10116u0_f1.ts	0	0	0	0	1	1	1		
c10116u1_f2.ts	0	0	0	0	1	1	1		
c10116u2_f3.ts	0	0	0	0	1	1	1		
c10116u3_f4.ts	0	0	0	0	1	1	1		
c10117u0_O.d.ts	0	0	0	0	1	1	1		
c10117u1_main.ts	0	0	0	0	1	1	1		
c10118u0_O.d.ts	0	0	0	0	1	1	1		
c10118u1_main.ts	0	0	0	0	1	1	1		
c10119u0_O.d.ts	0	0	0	0	1	1	1		
c10119u1_main.ts	0	0	0	0	1	1	1		
c10120u0_O.d.ts	0	0	0	0	1	1	1		
c10120u1_O2.d.ts	0	0	0	0	1	1	1		
c10120u2_main.ts	0	0	0	0	1	1	1		
c10121u0_array.d.ts	0	0	0	0	1	1	1		
c10121u1_f.ts	0	0	0	0	1	1	1		
c10122u0_index.d.ts	0	0	0	0	1	1	1		
c10122u1_app.ts	0	0	0	0	1	1	1		
c10123u0_index.ts	0	0	0	0	1	1	1		
c10123u1_app.ts	0	0	0	0	1	1	1		
c10124u0_map.ts	0	0	0	0	1	1	1		
c10124u1_observable.ts	0	0	0	0	1	1	1		
c10124u2_main.ts	0	0	0	0	1	1	1		
c10125u0_a.ts	0	0	0	0	1	1	1		
c10125u1_b.ts	0	0	0	0	1	1	1		
c10125u2_c.ts	0	0	0	0	1	1	1		
c10126u0_foo.d.ts	0	0	0	0	1	1	1		
c10126u1_bar.d.ts	0	0	0	0	1	1	1		
c10127u0_m1.ts	0	0	0	0	1	1	1		
c10127u1_m2.ts	0	0	0	0	1	1	1		
c10127u2_m3.ts	0	0	0	0	1	1	1		
c10127u3_m4.ts	0	0	0	0	1	1	1		
c10127u4_test.ts	0	0	0	0	1	1	1		
c10128u0_a.ts	0	0	0	0	1	1	1		
c10128u1_b.ts	0	0	0	0	1	1	1		
c10128u2_c.d.ts	0	0	0	0	1	1	1		
c10128u3_d.ts	0	0	0	0	1	1	1		
c10128u4_main.ts	0	0	0	0	1	1	1		
c10129u0_a.ts	0	0	0	0	1	1	1		
c10129u1_b.ts	0	0	0	0	1	1	1		
c10129u2_c.d.ts	0	0	0	0	1	1	1		
c10129u3_d.ts	0	0	0	0	1	1	1		
c10129u4_e.ts	0	0	0	0	1	1	1		
c10129u5_main.ts	0	0	0	0	1	1	1		
c10130u0_a.ts	0	0	0	0	1	1	1		
c10130u1_b.ts	0	0	0	0	1	1	1		
c10130u2_c.d.ts	0	0	0	0	1	1	1		
c10130u3_d.d.ts	0	0	0	0	1	1	1		
c10130u4_e.ts	0	0	0	0	1	1	1		
c10130u5_main.ts	0	0	0	0	1	1	1		
c10131u0_a.ts	0	0	0	0	1	1	1		
c10131u1_b.ts	0	0	0	0	1	1	1		
c10131u2_c.d.ts	0	0	0	0	1	1	1		
c10131u3_d.d.ts	0	0	0	0	1	1	1		
c10131u4_e.d.ts	0	0	0	0	1	1	1		
c10131u5_main.ts	0	0	0	0	1	1	1		
c10132u0_moduleClassArrayCodeGenTest.ts	0	0	0	0	1	1	1		
c10133u0_moduleCodeGenTest3.ts	0	0	0	0	1	1	1		
c10134u0_moduleCodeGenTest5.ts	0	0	0	0	1	1	1		
c10135u0_moduleCodegenTest4.ts	0	0	0	0	1	1	1		
c10136u0_moduleCrashBug1.ts	0	0	0	0	1	1	1		
c10137u0_index.ts	0	0	0	0	1	1	1		
c10137u1_account.ts	0	0	0	0	1	1	1		
c10137u2_index.ts	0	0	0	0	1	1	1		
c10138u0_filename.cts	0	0	0	0	1	1	1		
c10138u1_filename.mts	0	0	0	0	1	1	1		
c10139u0_moduleDuplicateIdentifiers.ts	0	0	0	0	1	1	1		
c10140u0_moduleElementsInWrongContext.ts	0	1	0	0	1	1	1		
c10141u0_moduleElementsInWrongContext2.ts	0	1	0	0	1	1	1		
c10142u0_moduleElementsInWrongContext3.ts	0	1	0	0	1	1	1		
c10143u0_index.mts	0	0	0	0	1	1	1		
c10143u1_exportAny.d.cts	0	0	0	0	1	1	1		
c10143u2_exportUnknown.d.cts	0	0	0	0	1	1	1		
c10143u3_exportSymbol.d.cts	0	0	0	0	1	1	1		
c10144u0_moduleExports1.ts	0	1	0	0	1	1	1		
c10146u0_moduleExportsUnaryExpression.ts	0	0	0	0	1	1	1		
c10147u0_moduleIdentifiers.ts	0	0	0	0	1	1	1		
c10148u0_moduleImport.ts	0	1	0	0	1	1	1		
c10149u0_moduleImportedForTypeArgumentPosition_0.ts	0	0	0	0	1	1	1		
c10149u1_moduleImportedForTypeArgumentPosition_1.ts	1	0	0	0	1	1	1		
c10150u0_moduleInTypePosition1_0.ts	0	0	0	0	1	1	1		
c10150u1_moduleInTypePosition1_1.ts	0	0	0	0	1	1	1		
c10151u0_foo.ts	0	1	0	0	1	1	1		
c10151u1_decl.d.ts	0	1	0	0	1	1	1		
c10152u0_moduleKeywordRepeatError.ts	0	0	1	1	1	1	1		
c10153u0_index.d.ts	0	0	0	0	1	1	1		
c10153u1_positioning.d.ts	0	0	0	0	1	1	1		
c10153u2_index.d.ts	0	0	0	0	1	1	1		
c10153u3_index.ts	0	0	0	0	1	1	1		
c10154u0_foo.ts	0	0	0	0	1	1	1		
c10154u1_bar.ts	0	0	0	0	1	1	1		
c10155u0_moduleMemberWithoutTypeAnnotation1.ts	0	1	0	0	1	1	1		
c10156u0_moduleMemberWithoutTypeAnnotation2.ts	0	0	0	0	1	1	1		
c10157u0_moduleMerge.ts	0	0	0	0	1	1	1		
c10158u0_foo.d.ts	0	0	0	0	1	1	1		
c10158u1_foo-ext.d.ts	0	0	0	0	1	1	1		
c10158u2_index.ts	0	0	0	0	1	1	1		
c10159u0_moduleNewExportBug.ts	0	0	0	0	1	1	1		
c10160u0_moduleNoEmit.ts	0	0	0	0	1	1	1		
c10161u0_mod.cts	0	0	0	0	1	1	1		
c10161u1_b.mts	0	0	0	0	1	1	1		
c10162u0_mod.d.ts	0	0	0	0	1	1	1		
c10162u1_index.ts	0	0	0	0	1	1	1		
c10163u0_a.ts	0	0	0	0	1	1	1		
c10164u0_a.ts	0	0	0	0	1	1	1		
c10165u0_first.ts	0	0	0	0	1	1	1		
c10165u1_second.ts	0	0	0	0	1	1	1		
c10166u0_moduleOuterQualification.ts	0	0	0	0	1	1	1		
c10167u0_a.ts	0	0	0	0	1	1	1		
c10167u1_b.ts	0	0	0	0	1	1	1		
c10167u2_main.ts	0	0	0	0	1	1	1		
c10168u0_import.d.mts	0	0	0	0	1	1	1		
c10168u1_require.d.ts	0	0	0	0	1	1	1		
c10168u2_index.ts	0	0	0	0	1	1	1		
c10169u0_jsx-runtime.d.ts	0	0	0	0	1	1	1		
c10169u1_index.tsx	0	0	0	0	1	1	1		
c10170u11_dummy.ts	0	0	0	0	1	1	1		
c10170u1_b.ts	0	0	0	0	1	1	1		
c10170u2_c.ts	0	0	0	0	1	1	1		
c10170u3_d.ts	0	0	0	0	1	1	1		
c10170u4_e.mts	0	0	0	0	1	1	1		
c10170u5_f.cts	0	0	0	0	1	1	1		
c10170u7_main1.ts	0	0	0	0	1	1	1		
c10170u8_main2.mts	0	0	0	0	1	1	1		
c10171u0_main.ts	0	0	0	0	1	1	1		
c10172u0_a.mts	0	0	0	0	1	1	1		
c10172u1_b.cts	0	0	0	0	1	1	1		
c10172u2_c.ts	0	0	0	0	1	1	1		
c10172u3_tslib.d.ts	0	0	0	0	1	1	1		
c10173u0_modulePreserveTopLevelAwait1.ts	0	0	0	0	1	1	1		
c10174u0_modulePrologueAMD.ts	0	0	0	0	1	1	1		
c10175u0_modulePrologueCommonjs.ts	0	0	0	0	1	1	1		
c10176u0_modulePrologueES6.ts	0	0	0	0	1	1	1		
c10177u0_modulePrologueSystem.ts	0	0	0	0	1	1	1		
c10178u0_modulePrologueUmd.ts	0	0	0	0	1	1	1		
c10179u0_moduleProperty1.ts	0	0	1	1	1	1	1		
c10180u0_moduleProperty2.ts	0	0	0	0	1	1	1		
c10181u0_moduleRedifinitionErrors.ts	0	0	0	0	1	1	1		
c10182u0_moduleReopenedTypeOtherBlock.ts	0	0	0	0	1	1	1		
c10183u0_moduleReopenedTypeSameBlock.ts	0	0	0	0	1	1	1		
c10184u0_phaser.d.ts	0	0	0	0	1	1	1		
c10184u1_a.ts	0	0	0	0	1	1	1		
c10185u0_phaser.d.ts	0	0	0	0	1	1	1		
c10185u1_a.ts	0	0	0	0	1	1	1		
c10186u0_index.d.ts	0	0	0	0	1	1	1		
c10186u1_index.d.ts	0	0	0	0	1	1	1		
c10186u2_index.d.ts	0	0	0	0	1	1	1		
c10186u3_index.d.ts	0	0	0	0	1	1	1		
c10186u4_index.d.ts	0	0	0	0	1	1	1		
c10186u5_index.d.ts	0	0	0	0	1	1	1		
c10186u6_index.d.ts	0	0	0	0	1	1	1		
c10186u7_a.ts	0	0	0	0	1	1	1		
c10187u0_a.ts	0	0	0	0	1	1	1		
c10187u1_b.ts	0	0	0	0	1	1	1		
c10188u0_x.ts	0	0	0	0	1	1	1		
c10188u1_y.tsx	0	0	0	0	1	1	1		
c10188u2_z.d.ts	0	0	0	0	1	1	1		
c10188u3_user.ts	0	0	0	0	1	1	1		
c10189u0_x.ts	0	0	0	0	1	1	1		
c10189u1_y.tsx	0	0	0	0	1	1	1		
c10189u2_z.d.ts	0	0	0	0	1	1	1		
c10189u3_user.ts	0	0	0	0	1	1	1		
c10190u0_Compactable.d.ts	0	0	0	0	1	1	1		
c10190u1_Option.d.ts	0	0	0	0	1	1	1		
c10190u2_app.d.ts	0	0	0	0	1	1	1		
c10190u3_index.d.ts	0	0	0	0	1	1	1		
c10190u4_Compactable.d.ts	0	0	0	0	1	1	1		
c10190u5_Option.d.ts	0	0	0	0	1	1	1		
c10190u6_app.ts	0	0	0	0	1	1	1		
c10191u0_tsx.tsx	0	0	0	0	1	1	1		
c10191u3_a.ts	0	0	0	0	1	1	1		
c10192u1_a.ts	0	0	0	0	1	1	1		
c10193u1_a.ts	0	0	0	0	1	1	1		
c10194u0_a.ts	0	0	0	0	1	1	1		
c10195u1_a.ts	0	0	0	0	1	1	1		
c10196u1_declarations.d.ts	0	0	0	0	1	1	1		
c10196u2_a.ts	0	0	0	0	1	1	1		
c10197u1_test.d.ts	0	0	0	0	1	1	1		
c10197u3_relative.d.ts	0	0	0	0	1	1	1		
c10197u4_test.ts	0	0	0	0	1	1	1		
c10198u0_entrypoint.d.ts	0	0	0	0	1	1	1		
c10198u1_index.ts	0	0	0	0	1	1	1		
c10199u0_other.ts	0	0	0	0	1	1	1		
c10199u1_index.ts	0	0	0	0	1	1	1		
c10200u0_other.ts	0	0	0	0	1	1	1		
c10200u1_index.ts	0	0	0	0	1	1	1		
c10201u0_index.ts	0	0	0	0	1	1	1		
c10201u1_foo.ts	0	0	0	0	1	1	1		
c10202u0_index.ts	0	0	0	0	1	1	1		
c10202u1_foo.ts	0	0	0	0	1	1	1		
c10203u0_index.ts	0	0	0	0	1	1	1		
c10203u1_foo.ios.ts	0	0	0	0	1	1	1		
c10203u2_foo.ts	0	0	0	0	1	1	1		
c10204u0_index.ts	0	0	0	0	1	1	1		
c10204u1_foo.ts	0	0	0	0	1	1	1		
c10205u0_index.ts	0	0	0	0	1	1	1		
c10205u1_foo.ts	0	0	0	0	1	1	1		
c10206u0_index.ts	0	0	0	0	1	1	1		
c10206u1_index.ios.ts	0	0	0	0	1	1	1		
c10206u2_index.ts	0	0	0	0	1	1	1		
c10207u1_index.ios.d.ts	0	0	0	0	1	1	1		
c10207u3_index.d.ts	0	0	0	0	1	1	1		
c10207u4_index.ts	0	0	0	0	1	1	1		
c10208u1_foo.ios.d.ts	0	0	0	0	1	1	1		
c10208u3_foo.d.ts	0	0	0	0	1	1	1		
c10208u4_index.ts	0	0	0	0	1	1	1		
c10209u1_index.ios.d.ts	0	0	0	0	1	1	1		
c10209u3_index.d.ts	0	0	0	0	1	1	1		
c10209u4_test.ts	0	0	0	0	1	1	1		
c10210u0_index.ios.ts	0	0	0	0	1	1	1		
c10210u1_index.ts	0	0	0	0	1	1	1		
c10210u2_test.ts	0	0	0	0	1	1	1		
c10211u0_index.ts	0	0	0	0	1	1	1		
c10212u0_index.ts	0	0	0	0	1	1	1		
c10213u0_index.ts	0	0	0	0	1	1	1		
c10213u1_foo-ios.ts	0	0	0	0	1	1	1		
c10213u2_foo__native.ts	0	0	0	0	1	1	1		
c10213u3_foo.ts	0	0	0	0	1	1	1		
c10214u0_index.ts	0	0	0	0	1	1	1		
c10214u1_foo__native.ts	0	0	0	0	1	1	1		
c10214u2_foo.ts	0	0	0	0	1	1	1		
c10215u0_index.ts	0	0	0	0	1	1	1		
c10215u1_foo.ts	0	0	0	0	1	1	1		
c10216u0_index.ts	0	0	0	0	1	1	1		
c10217u0_index.ts	0	0	0	0	1	1	1		
c10217u1_index.ts	0	0	0	0	1	1	1		
c10217u2_app.ts	0	0	0	0	1	1	1		
c10218u0_abc.ts	0	0	0	0	1	1	1		
c10218u1_app.ts	0	0	0	0	1	1	1		
c10219u0_index.d.ts	0	0	0	0	1	1	1		
c10219u1_index.d.ts	0	0	0	0	1	1	1		
c10219u2_app.ts	0	0	0	0	1	1	1		
c10220u0_index.d.ts	0	0	0	0	1	1	1		
c10220u1_index.d.ts	0	0	0	0	1	1	1		
c10220u2_app.ts	0	0	0	0	1	1	1		
c10221u0_index.ts	0	0	0	0	1	1	1		
c10221u1_index.ts	0	0	0	0	1	1	1		
c10221u2_app.ts	0	0	0	0	1	1	1		
c10222u0_index.d.ts	0	0	0	0	1	1	1		
c10222u1_index.d.ts	0	0	0	0	1	1	1		
c10222u2_a.ts	0	0	0	0	1	1	1		
c10223u1_a.ts	0	0	0	0	1	1	1		
c10223u2_index.ts	0	0	0	0	1	1	1		
c10224u1_index.ts	0	0	0	0	1	1	1		
c10225u1_index.ts	0	0	0	0	1	1	1		
c10226u0_a.ts	0	0	0	0	1	1	1		
c10227u0_types.d.ts	0	0	0	0	1	1	1		
c10227u1_a.ts	0	0	0	0	1	1	1		
c10228u0_types.d.ts	0	0	0	0	1	1	1		
c10228u1_a.ts	0	0	0	0	1	1	1		
c10229u0_types.d.ts	0	0	0	0	1	1	1		
c10229u1_a.ts	0	0	0	0	1	1	1		
c10230u1_types.d.ts	0	0	0	0	1	1	1		
c10230u2_a.ts	0	0	0	0	1	1	1		
c10231u1_types.d.ts	0	0	0	0	1	1	1		
c10231u2_a.ts	0	0	0	0	1	1	1		
c10232u0_index.d.ts	0	0	0	0	1	1	1		
c10232u1_index.ts	0	0	0	0	1	1	1		
c10233u1_a.ts	0	0	0	0	1	1	1		
c10234u1_a.ts	0	0	0	0	1	1	1		
c10235u0_a.ts	0	0	0	0	1	1	1		
c10235u1_b.ts	0	0	0	0	1	1	1		
c10235u2_c.ts	0	0	0	0	1	1	1		
c10236u0_a.ts	0	0	0	0	1	1	1		
c10236u1_b.ts	0	0	0	0	1	1	1		
c10236u2_c.ts	0	0	0	0	1	1	1		
c10237u0_moduleScopingBug.ts	0	0	0	0	1	1	1		
c10238u0_moduleSharesNameWithImportDeclarationInsideIt.ts	0	1	0	0	1	1	1		
c10239u0_moduleSharesNameWithImportDeclarationInsideIt2.ts	0	1	0	0	1	1	1		
c10240u0_moduleSharesNameWithImportDeclarationInsideIt3.ts	0	1	0	0	1	1	1		
c10241u0_moduleSharesNameWithImportDeclarationInsideIt4.ts	0	1	0	0	1	1	1		
c10242u0_moduleSharesNameWithImportDeclarationInsideIt5.ts	0	1	0	0	1	1	1		
c10243u0_moduleSharesNameWithImportDeclarationInsideIt6.ts	0	1	0	0	1	1	1		
c10244u0_A.ts	0	0	0	0	1	1	1		
c10244u1_B.ts	0	0	0	0	1	1	1		
c10245u0_moduleUnassignedVariable.ts	0	0	0	0	1	1	1		
c10246u0_moduleVariableArrayIndexer.ts	0	0	0	0	1	1	1		
c10247u0_moduleVariables.ts	0	0	0	0	1	1	1		
c10248u0_moduleVisibilityTest1.ts	0	0	0	0	1	1	1		
c10249u0_moduleVisibilityTest2.ts	0	0	0	0	1	1	1		
c10250u0_moduleVisibilityTest3.ts	0	0	0	0	1	1	1		
c10251u0_moduleVisibilityTest4.ts	0	0	0	0	1	1	1		
c10252u0_moduleWithNoValuesAsType.ts	0	0	0	0	1	1	1		
c10253u0_moduleWithTryStatement1.ts	0	0	0	0	1	1	1		
c10254u0_moduleWithValuesAsType.ts	0	0	0	0	1	1	1		
c10255u0_module_augmentExistingAmbientVariable.ts	0	0	0	0	1	1	1		
c10256u0_module_augmentExistingVariable.ts	0	0	0	0	1	1	1		
c10257u0_module_augmentUninstantiatedModule.ts	0	0	0	0	1	1	1		
c10258u0_app.ts	0	0	0	0	1	1	1		
c10258u1_moduleAugmentation.ts	0	0	0	0	1	1	1		
c10258u2_index.d.ts	0	0	0	0	1	1	1		
c10259u0_moduledecl.ts	0	1	0	0	1	1	1		
c10260u0_multiCallOverloads.ts	0	0	0	0	1	1	1		
c10261u0_multiExtendsSplitInterfaces1.ts	0	0	0	0	1	1	1		
c10262u0_multiExtendsSplitInterfaces2.ts	0	0	0	0	1	1	1		
c10263u0_consumer.ts	0	0	0	0	1	1	1		
c10263u1_Drawing.ts	0	0	0	0	1	1	1		
c10263u2_Math.ts	0	0	0	0	1	1	1		
c10263u3_Adder.ts	0	0	0	0	1	1	1		
c10264u0_multiLineContextDiagnosticWithPretty.ts	0	0	0	0	1	1	1		
c10265u0_multiLineErrors.ts	0	0	0	0	1	1	1		
c10266u0_multiLinePropertyAccessAndArrowFunctionIndent1.ts	0	0	0	0	1	1	1		
c10267u0_multiModuleClodule1.ts	0	0	0	0	1	1	1		
c10268u0_multiModuleFundule1.ts	0	0	0	0	1	1	1		
c10269u0_multiSignatureTypeInference.ts	0	0	0	0	1	1	1		
c10270u0_multipleBaseInterfaesWithIncompatibleProperties.ts	0	0	0	0	1	1	1		
c10271u0_multipleBaseInterfaesWithIncompatibleProperties2.ts	0	0	0	0	1	1	1		
c10272u0_multipleClassPropertyModifiers.ts	0	0	0	0	1	1	1		
c10273u0_multipleClassPropertyModifiersErrors.ts	0	0	1	1	1	1	1		
c10274u0_multipleExportAssignments.ts	0	0	0	0	1	1	1		
c10275u0_multipleExportAssignmentsInAmbientDeclaration.ts	0	0	0	0	1	1	1		
c10276u0_multipleExports.ts	0	0	0	0	1	1	1		
c10277u0_multipleInferenceContexts.ts	0	0	0	0	1	1	1		
c10278u0_multipleInheritance.ts	0	0	0	0	1	1	1		
c10279u0_multivar.ts	0	0	0	0	1	1	1		
c10280u0_mutrec.ts	0	0	0	0	1	1	1		
c10281u0_mutuallyRecursiveCallbacks.ts	0	0	0	0	1	1	1		
c10282u0_mutuallyRecursiveGenericBaseTypes1.ts	0	0	0	0	1	1	1		
c10283u0_mutuallyRecursiveGenericBaseTypes2.ts	0	0	0	0	1	1	1		
c10284u0_mutuallyRecursiveInference.ts	0	0	0	0	1	1	1		
c10285u0_mutuallyRecursiveInterfaceDeclaration.ts	0	0	0	0	1	1	1		
c10286u0_nameCollisionWithBlockScopedVariable1.ts	0	0	0	0	1	1	1		
c10287u0_nameCollisions.ts	0	0	0	0	1	1	1		
c10288u0_nameCollisionsInPropertyAssignments.ts	0	0	0	0	1	1	1		
c10289u0_namedFunctionExpressionAssignedToClassProperty.ts	0	0	0	0	1	1	1		
c10290u0_namedFunctionExpressionCall.ts	0	0	0	0	1	1	1		
c10291u0_namedFunctionExpressionCallErrors.ts	0	0	0	0	1	1	1		
c10292u0_namedFunctionExpressionInModule.ts	0	0	0	0	1	1	1		
c10293u0_foo.d.ts	0	0	0	0	1	1	1		
c10293u1_foo2.ts	0	0	0	0	1	1	1		
c10293u2_bar.ts	0	0	0	0	1	1	1		
c10294u0_namespaceDisambiguationInUnion.ts	0	0	0	0	1	1	1		
c10295u0_file.d.ts	0	0	0	0	1	1	1		
c10295u1_index.ts	0	0	0	0	1	1	1		
c10296u0_file1.ts	0	0	0	0	1	1	1		
c10296u1_file2.ts	0	0	0	0	1	1	1		
c10297u0_index.d.ts	0	0	0	0	1	1	1		
c10298u0_namespaces1.ts	0	0	0	0	1	1	1		
c10299u0_namespaces2.ts	0	0	0	0	1	1	1		
c10300u0_namespacesDeclaration1.ts	0	0	0	0	1	1	1		
c10301u0_namespacesDeclaration2.ts	0	0	0	0	1	1	1		
c10302u0_constAndNS.ts	0	0	0	0	1	1	1		
c10302u1_circular.ts	0	0	0	0	1	1	1		
c10302u2_circularWithUses.ts	0	0	0	0	1	1	1		
c10303u0_nanEquality.ts	0	0	0	0	1	1	1		
c10304u0_narrowByBooleanComparison.ts	0	0	0	0	1	1	1		
c10305u0_narrowByClauseExpressionInSwitchTrue1.ts	0	0	0	0	1	1	1		
c10306u0_narrowByClauseExpressionInSwitchTrue10.ts	0	0	0	0	1	1	1		
c10307u0_narrowByClauseExpressionInSwitchTrue2.ts	0	0	0	0	1	1	1		
c10308u0_narrowByClauseExpressionInSwitchTrue3.ts	0	0	0	0	1	1	1		
c10309u0_narrowByClauseExpressionInSwitchTrue4.ts	0	0	0	0	1	1	1		
c10310u0_narrowByClauseExpressionInSwitchTrue5.ts	0	0	0	0	1	1	1		
c10311u0_narrowByClauseExpressionInSwitchTrue6.ts	0	0	0	0	1	1	1		
c10312u0_narrowByClauseExpressionInSwitchTrue7.ts	0	0	0	0	1	1	1		
c10313u0_narrowByClauseExpressionInSwitchTrue8.ts	0	0	0	0	1	1	1		
c10314u0_narrowByClauseExpressionInSwitchTrue9.ts	0	0	0	0	1	1	1		
c10315u0_narrowByEquality.ts	0	0	0	0	1	1	1		
c10316u0_narrowByInstanceof.ts	0	0	0	0	1	1	1		
c10317u0_narrowByParenthesizedSwitchExpression.ts	0	0	0	0	1	1	1		
c10318u0_narrowBySwitchDiscriminantUndefinedCase1.ts	0	0	0	0	1	1	1		
c10319u0_narrowCommaOperatorNestedWithinLHS.ts	0	0	0	0	1	1	1		
c10320u0_narrowRefinedConstLikeParameterBIndingElementNameInInnerScope.ts	0	0	0	0	1	1	1		
c10321u0_narrowSwitchOptionalChainContainmentEvolvingArrayNoCrash1.ts	0	0	0	0	1	1	1		
c10322u0_narrowTypeByInstanceof.ts	0	0	0	0	1	1	1		
c10323u0_narrowUnknownByTypePredicate.ts	0	0	0	0	1	1	1		
c10324u0_narrowUnknownByTypeofObject.ts	0	0	0	0	1	1	1		
c10325u0_narrowedConstInMethod.ts	0	0	0	0	1	1	1		
c10326u0_a.d.ts	0	0	0	0	1	1	1		
c10326u1_b.d.ts	0	0	0	0	1	1	1		
c10326u2_x.ts	0	0	0	0	1	1	1		
c10327u0_a.d.ts	0	0	0	0	1	1	1		
c10327u1_b.ts	0	0	0	0	1	1	1		
c10328u0_narrowingAssignmentReadonlyRespectsAssertion.ts	0	0	0	0	1	1	1		
c10329u0_narrowingByDiscriminantInLoop.ts	0	0	0	0	1	1	1		
c10330u0_narrowingByTypeofInSwitch.ts	0	0	0	0	1	1	1		
c10331u0_narrowingConstrainedTypeParameter.ts	0	0	0	0	1	1	1		
c10332u0_narrowingDestructuring.ts	0	0	0	0	1	1	1		
c10333u0_narrowingInCaseClauseAfterCaseClauseWithReturn.ts	0	0	0	0	1	1	1		
c10334u0_narrowingIntersection.ts	0	0	0	0	1	1	1		
c10335u0_narrowingMutualSubtypes.ts	0	0	0	0	1	1	1		
c10336u0_narrowingNoInfer1.ts	0	0	0	0	1	1	1		
c10337u0_narrowingOfDottedNames.ts	0	0	0	0	1	1	1		
c10338u0_narrowingOfQualifiedNames.ts	0	0	0	0	1	1	1		
c10339u0_narrowingOrderIndependent.ts	0	0	0	0	1	1	1		
c10340u0_narrowingPastLastAssignment.ts	0	0	0	0	1	1	1		
c10341u0_narrowingPastLastAssignmentInModule.ts	0	0	0	0	1	1	1		
c10343u0_narrowingRestGenericCall.ts	0	0	0	0	1	1	1		
c10344u0_narrowingTruthyObject.ts	0	0	0	0	1	1	1		
c10345u0_narrowingTypeofDiscriminant.ts	0	0	0	0	1	1	1		
c10346u0_narrowingTypeofFunction.ts	0	0	0	0	1	1	1		
c10347u0_narrowingTypeofObject.ts	0	0	0	0	1	1	1		
c10348u0_narrowingTypeofParenthesized1.ts	0	0	0	0	1	1	1		
c10349u0_narrowingTypeofUndefined1.ts	0	0	0	0	1	1	1		
c10350u0_narrowingTypeofUndefined2.ts	0	0	0	0	1	1	1		
c10351u0_narrowingUnionToNeverAssigment.ts	0	0	0	0	1	1	1		
c10352u0_narrowingUnionToUnion.ts	0	0	0	0	1	1	1		
c10353u0_narrowingUnionWithBang.ts	0	0	0	0	1	1	1		
c10354u0_narrowingWithNonNullExpression.ts	0	0	0	0	1	1	1		
c10355u0_nativeToBoxedTypes.ts	0	0	0	0	1	1	1		
c10356u0_nearbyIdenticalGenericLambdasAssignable.ts	0	0	0	0	1	1	1		
c10357u0_negativeZero.ts	0	0	0	0	1	1	1		
c10358u0_nestedBlockScopedBindings1.ts	0	0	0	0	1	1	1		
c10359u0_nestedBlockScopedBindings10.ts	0	0	0	0	1	1	1		
c10360u0_nestedBlockScopedBindings11.ts	0	0	0	0	1	1	1		
c10361u0_nestedBlockScopedBindings12.ts	0	0	0	0	1	1	1		
c10362u0_nestedBlockScopedBindings13.ts	0	0	0	0	1	1	1		
c10363u0_nestedBlockScopedBindings14.ts	0	0	0	0	1	1	1		
c10364u0_nestedBlockScopedBindings15.ts	0	0	0	0	1	1	1		
c10365u0_nestedBlockScopedBindings16.ts	0	0	0	0	1	1	1		
c10366u0_nestedBlockScopedBindings2.ts	0	0	0	0	1	1	1		
c10367u0_nestedBlockScopedBindings3.ts	0	0	0	0	1	1	1		
c10368u0_nestedBlockScopedBindings4.ts	0	0	0	0	1	1	1		
c10369u0_nestedBlockScopedBindings5.ts	0	0	0	0	1	1	1		
c10370u0_nestedBlockScopedBindings6.ts	0	0	0	0	1	1	1		
c10371u0_nestedBlockScopedBindings7.ts	0	0	0	0	1	1	1		
c10372u0_nestedBlockScopedBindings8.ts	0	0	0	0	1	1	1		
c10373u0_nestedBlockScopedBindings9.ts	0	0	0	0	1	1	1		
c10374u0_nestedCallbackErrorNotFlattened.ts	0	0	0	0	1	1	1		
c10375u0_nestedExcessPropertyChecking.ts	0	0	0	0	1	1	1		
c10376u0_nestedFreshLiteral.ts	0	0	0	0	1	1	1		
c10377u0_name.ts	0	0	0	0	1	1	1		
c10377u1_index.ts	0	0	0	0	1	1	1		
c10378u0_nestedGenericSpreadInference.ts	0	0	0	0	1	1	1		
c10379u0_nestedGenerics.ts	0	0	0	0	1	1	1		
c10380u0_nestedGlobalNamespaceInClass.ts	0	0	3	3	1	1	1		
c10381u0_nestedHomomorphicMappedTypesWithArrayConstraint1.ts	0	0	0	0	1	1	1		
c10382u0_nestedIfStatement.ts	0	0	0	0	1	1	1		
c10383u0_nestedIndexer.ts	0	0	0	0	1	1	1		
c10384u0_nestedInfinitelyExpandedRecursiveTypes.ts	0	0	0	0	1	1	1		
c10385u0_nestedLoopTypeGuards.ts	0	0	0	0	1	1	1		
c10386u0_nestedLoopWithOnlyInnerLetCaptured.ts	0	0	0	0	1	1	1		
c10387u0_nestedLoops.ts	0	0	0	0	1	1	1		
c10388u0_nestedModulePrivateAccess.ts	0	0	0	0	1	1	1		
c10389u0_nestedObjectRest.ts	0	0	0	0	1	1	1		
c10390u0_nestedRecursiveArraysOrObjectsError01.ts	0	0	0	0	1	1	1		
c10391u0_nestedRecursiveLambda.ts	0	0	0	0	1	1	1		
c10392u0_nestedRedeclarationInES6AMD.ts	0	0	0	0	1	1	1		
c10393u0_nestedSelf.ts	0	0	0	0	1	1	1		
c10394u0_nestedSuperCallEmit.ts	0	0	0	0	1	1	1		
c10395u0_nestedThisContainer.ts	0	0	0	0	1	1	1		
c10396u0_nestedTypeVariableInfersLiteral.ts	0	0	0	0	1	1	1		
c10397u0_nestedUnaryExpressionHang.ts	0	0	1	1	1	1	1		
c10398u0_neverAsDiscriminantType.ts	0	0	0	0	1	1	1		
c10399u0_neverNullishThroughParentheses.ts	0	0	0	0	1	1	1		
c10400u0_newAbstractInstance.ts	0	0	0	0	1	1	1		
c10401u0_a.ts	0	0	0	0	1	1	1		
c10401u1_b.ts	0	0	0	0	1	1	1		
c10402u0_newArrays.ts	0	0	0	0	1	1	1		
c10403u0_newExpressionWithCast.ts	0	0	1	1	1	1	1		
c10404u0_newExpressionWithTypeParameterConstrainedToOuterTypeParameter.ts	0	0	0	0	1	1	1		
c10405u0_newFunctionImplicitAny.ts	0	0	0	0	1	1	1		
c10406u0_newLexicalEnvironmentForConvertedLoop.ts	0	0	0	0	1	1	1		
c10407u0_newLineFlagWithCRLF.ts	0	0	0	0	1	1	1		
c10408u0_newLineFlagWithLF.ts	0	0	0	0	1	1	1		
c10409u0_newLineInTypeofInstantiation.ts	0	0	0	0	1	1	1		
c10410u0_newMap.ts	0	0	0	0	1	1	1		
c10411u0_newMissingIdentifier.ts	0	0	1	1	1	1	1		
c10412u0_f1.d.ts	0	1	0	0	1	1	1		
c10412u1_main.ts	0	0	0	0	1	1	1		
c10413u0_newNonReferenceType.ts	0	0	0	0	1	1	1		
c10414u0_newOnInstanceSymbol.ts	0	0	0	0	1	1	1		
c10415u0_newOperator.ts	0	0	3	3	1	1	1		
c10416u0_noAsConstNameLookup.ts	0	0	0	0	1	1	1		
c10417u0_index.ts	0	0	0	0	1	1	1		
c10417u1_a.ts	0	0	0	0	1	1	1		
c10418u0_noCatchBlock.ts	0	0	0	0	1	1	1		
c10419u0_noCheckDoesNotReportError.ts	0	0	0	0	1	1	1		
c10420u0_noCheckNoEmit.ts	0	0	0	0	1	1	1		
c10421u0_noCheckRequiresEmitDeclarationOnly.ts	0	0	0	0	1	1	1		
c10422u0_noCircularDefinitionOnExportOfPrivateInMergedNamespace.ts	0	0	0	0	1	1	1		
c10423u0_noCircularitySelfReferentialGetter1.ts	0	0	0	0	1	1	1		
c10424u0_noCircularitySelfReferentialGetter2.ts	0	0	0	0	1	1	1		
c10425u0_noCircularitySelfReferentialGetter3.ts	0	0	0	0	1	1	1		
c10426u0_noCircularitySelfReferentialGetter4.ts	0	0	0	0	1	1	1		
c10427u0_noCollisionThisExpressionAndClassInGlobal.ts	0	0	0	0	1	1	1		
c10428u0_noCollisionThisExpressionAndLocalVarInAccessors.ts	0	0	0	0	1	1	1		
c10429u0_noCollisionThisExpressionAndLocalVarInConstructor.ts	0	0	0	0	1	1	1		
c10430u0_noCollisionThisExpressionAndLocalVarInFunction.ts	0	0	0	0	1	1	1		
c10431u0_noCollisionThisExpressionAndLocalVarInLambda.ts	0	0	0	0	1	1	1		
c10432u0_noCollisionThisExpressionAndLocalVarInMethod.ts	0	0	0	0	1	1	1		
c10433u0_noCollisionThisExpressionAndLocalVarInProperty.ts	0	0	0	0	1	1	1		
c10434u0_noCollisionThisExpressionAndVarInGlobal.ts	0	0	0	0	1	1	1		
c10435u0_noCollisionThisExpressionInFunctionAndVarInGlobal.ts	0	0	0	0	1	1	1		
c10436u0_noConstraintInReturnType1.ts	0	0	0	0	1	1	1		
c10437u0_b.ts	0	0	0	0	1	1	1		
c10437u1_a.ts	0	0	0	0	1	1	1		
c10437u2_index.ts	0	0	0	0	1	1	1		
c10438u0_noCrashOnMixin.ts	0	0	0	0	1	1	1		
c10439u0_noCrashOnMixin2.ts	0	0	0	0	1	1	1		
c10440u0_noCrashOnNoLib.ts	0	0	0	0	1	1	1		
c10442u0_noCrashOnThisTypeUsage.ts	0	0	0	0	1	1	1		
c10443u0_other.d.ts	0	0	0	0	1	1	1		
c10443u1_main.ts	0	0	0	0	1	1	1		
c10444u0_file.ts	0	0	0	0	1	1	1		
c10444u1_index.ts	0	0	0	0	1	1	1		
c10445u0_a.ts	0	0	0	0	1	1	1		
c10446u0_a.ts	0	0	0	0	1	1	1		
c10447u0_a.ts	0	0	0	0	1	1	1		
c10448u0_a.ts	0	0	0	0	1	1	1		
c10449u0_noEmitHelpers.ts	0	0	0	0	1	1	1		
c10450u0_noEmitHelpers2.ts	0	0	0	0	1	1	1		
c10451u0_noEmitOnError.ts	0	0	0	0	1	1	1		
c10452u0_noErrorTruncation.ts	0	0	0	0	1	1	1		
c10453u0_0.d.ts	0	0	0	0	1	1	1		
c10454u0_1.ts	0	0	0	0	1	1	1		
c10454u1_0.d.ts	0	0	0	0	1	1	1		
c10455u0_0.d.ts	0	0	0	0	1	1	1		
c10455u1_1.ts	0	0	0	0	1	1	1		
c10456u0_noErrorsInCallback.ts	0	0	0	0	1	1	1		
c10457u0_noExcessiveStackDepthError.ts	0	0	0	0	1	1	1		
c10458u0_test.d.ts	0	0	0	0	1	1	1		
c10458u1_app.ts	0	0	0	0	1	1	1		
c10459u0_noImplicitAnyDestructuringInPrivateMethod.ts	0	0	0	0	1	1	1		
c10460u0_noImplicitAnyDestructuringParameterDeclaration.ts	0	0	0	0	1	1	1		
c10461u0_noImplicitAnyDestructuringVarDeclaration.ts	0	0	0	0	1	1	1		
c10462u0_noImplicitAnyDestructuringVarDeclaration2.ts	0	0	0	0	1	1	1		
c10463u0_noImplicitAnyForIn.ts	0	0	0	0	1	1	1		
c10464u0_noImplicitAnyForMethodParameters.ts	0	0	0	0	1	1	1		
c10465u0_noImplicitAnyForwardReferencedInterface.ts	0	0	0	0	1	1	1		
c10466u0_noImplicitAnyFunctionExpressionAssignment.ts	0	0	0	0	1	1	1		
c10467u0_noImplicitAnyFunctions.ts	0	0	0	0	1	1	1		
c10468u0_noImplicitAnyInBareInterface.ts	0	0	0	0	1	1	1		
c10469u0_noImplicitAnyInCastExpression.ts	0	0	0	0	1	1	1		
c10470u0_noImplicitAnyInContextuallyTypesFunctionParamter.ts	0	0	0	0	1	1	1		
c10471u0_noImplicitAnyIndexing.ts	0	0	0	0	1	1	1		
c10472u0_noImplicitAnyIndexingSuppressed.ts	0	0	0	0	1	1	1		
c10473u0_noImplicitAnyLoopCrash.ts	0	0	0	0	1	1	1		
c10474u0_noImplicitAnyMissingGetAccessor.ts	0	0	0	0	1	1	1		
c10475u0_noImplicitAnyMissingSetAccessor.ts	0	0	0	0	1	1	1		
c10476u0_noImplicitAnyModule.ts	0	0	0	0	1	1	1		
c10477u0_noImplicitAnyNamelessParameter.ts	0	0	0	0	1	1	1		
c10478u0_noImplicitAnyParametersInAmbientClass.ts	0	0	0	0	1	1	1		
c10479u0_noImplicitAnyParametersInAmbientFunctions.ts	0	0	0	0	1	1	1		
c10480u0_noImplicitAnyParametersInAmbientModule.ts	0	0	0	0	1	1	1		
c10481u0_noImplicitAnyParametersInBareFunctions.ts	0	0	0	0	1	1	1		
c10482u0_noImplicitAnyParametersInClass.ts	0	0	0	0	1	1	1		
c10483u0_noImplicitAnyParametersInInterface.ts	0	0	0	0	1	1	1		
c10484u0_noImplicitAnyParametersInModule.ts	0	0	0	0	1	1	1		
c10485u0_noImplicitAnyReferencingDeclaredInterface.ts	0	0	0	0	1	1	1		
c10486u0_noImplicitAnyStringIndexerOnObject.ts	0	0	0	0	1	1	1		
c10487u0_noImplicitAnyUnionNormalizedObjectLiteral1.ts	0	0	0	0	1	1	1		
c10488u0_noImplicitAnyWithOverloads.ts	0	0	0	0	1	1	1		
c10489u0_noImplicitReturnInConstructors.ts	0	0	0	0	1	1	1		
c10490u0_noImplicitReturnsExclusions.ts	0	0	0	0	1	1	1		
c10491u0_noImplicitReturnsInAsync1.ts	0	0	0	0	1	1	1		
c10492u0_noImplicitReturnsInAsync2.ts	0	0	0	0	1	1	1		
c10493u0_noImplicitReturnsWithProtectedBlocks1.ts	0	0	0	0	1	1	1		
c10494u0_noImplicitReturnsWithProtectedBlocks2.ts	0	0	0	0	1	1	1		
c10495u0_noImplicitReturnsWithProtectedBlocks3.ts	0	0	0	0	1	1	1		
c10496u0_noImplicitReturnsWithoutReturnExpression.ts	0	0	0	0	1	1	1		
c10497u0_noImplicitSymbolToString.ts	0	0	0	0	1	1	1		
c10498u0_noImplicitThisBigThis.ts	0	0	0	0	1	1	1		
c10499u0_noImplicitThisFunctions.ts	0	0	0	0	1	1	1		
c10500u0_noImplicitUseStrict_amd.ts	0	0	0	0	1	1	1		
c10501u0_noImplicitUseStrict_commonjs.ts	0	0	0	0	1	1	1		
c10502u0_noImplicitUseStrict_es6.ts	0	0	0	0	1	1	1		
c10503u0_noImplicitUseStrict_system.ts	0	0	0	0	1	1	1		
c10504u0_noImplicitUseStrict_umd.ts	0	0	0	0	1	1	1		
c10505u0_noInferCommonPropertyCheck1.ts	0	0	0	0	1	1	1		
c10506u0_noInferUnionExcessPropertyCheck1.ts	0	0	0	0	1	1	1		
c10507u0_noIterationTypeErrorsInCFA.ts	0	0	0	0	1	1	1		
c10508u0_noMappedGetSet.ts	0	0	0	0	1	1	1		
c10509u0_noObjectKeysToKeyofT.ts	0	0	0	0	1	1	1		
c10512u0_noReachabilityErrorsOnEmptyStatement.ts	0	0	0	0	1	1	1		
c10513u0_noRepeatedPropertyNames.ts	0	0	0	0	1	1	1		
c10514u0_noSelfOnVars.ts	0	0	0	0	1	1	1		
c10515u0_noStrictGenericChecks.ts	0	0	0	0	1	1	1		
c10516u0_noSubstitutionTemplateStringLiteralTypes.ts	0	0	0	0	1	1	1		
c10517u0_noSubtypeReduction.ts	0	0	0	0	1	1	1		
c10518u0_initial.ts	0	0	0	0	1	1	1		
c10518u1_final.ts	0	0	0	0	1	1	1		
c10519u0_noTypeArgumentOnReturnType1.ts	0	0	0	0	1	1	1		
c10520u0_noUncheckedIndexAccess.ts	0	0	0	0	1	1	1		
c10521u0_noUncheckedIndexedAccessCompoundAssignments.ts	0	0	0	0	1	1	1		
c10522u0_noUnusedLocals_destructuringAssignment.ts	0	0	0	0	1	1	1		
c10523u0_noUnusedLocals_potentialPredicateUnusedParam.ts	0	0	0	0	1	1	1		
c10524u0_noUnusedLocals_selfReference.ts	0	0	0	0	1	1	1		
c10525u0_noUnusedLocals_selfReference_skipsBlockLocations.ts	0	0	0	0	1	1	1		
c10526u0_noUnusedLocals_typeParameterMergedWithParameter.ts	0	0	0	0	1	1	1		
c10527u0_noUnusedLocals_writeOnly.ts	0	0	0	0	1	1	1		
c10528u0_noUnusedLocals_writeOnlyProperty.ts	0	0	0	0	1	1	1		
c10529u0_noUnusedLocals_writeOnlyProperty_dynamicNames.ts	0	0	0	0	1	1	1		
c10530u0_test.d.ts	0	0	0	0	1	1	1		
c10531u0_noUsedBeforeDefinedErrorInTypeContext.ts	0	0	0	0	1	1	1		
c10532u0_ph.d.ts	0	0	0	0	1	1	1		
c10532u1_main.ts	0	0	0	0	1	1	1		
c10533u0_index.d.ts	0	0	0	0	1	1	1		
c10533u1_main.ts	0	0	0	0	1	1	1		
c10534u0_index.d.ts	0	0	0	0	1	1	1		
c10534u1_index.d.ts	0	0	0	0	1	1	1		
c10534u2_index.ts	0	0	0	0	1	1	1		
c10535u0_a.cts	0	0	0	0	1	1	1		
c10535u1_foo.mts	0	0	0	0	1	1	1		
c10536u0_a.cts	0	0	0	0	1	1	1		
c10536u1_foo.mts	0	0	0	0	1	1	1		
c10537u0_index.d.ts	0	0	0	0	1	1	1		
c10537u1_nullthrows.d.ts	0	0	0	0	1	1	1		
c10537u2_index.ts	0	0	0	0	1	1	1		
c10538u0_index.d.ts	0	0	0	0	1	1	1		
c10538u1_index.d.ts	0	0	0	0	1	1	1		
c10538u2_index.ts	0	0	0	0	1	1	1		
c10539u0_index.d.ts	0	0	0	0	1	1	1		
c10539u1_index.d.ts	0	0	0	0	1	1	1		
c10539u2_index.d.ts	0	0	0	0	1	1	1		
c10539u3_index.d.ts	0	0	0	0	1	1	1		
c10539u4_index.mts	0	0	0	0	1	1	1		
c10539u5_index.cts	0	0	0	0	1	1	1		
c10540u0_foo.d.ts	0	0	0	0	1	1	1		
c10540u1_app.ts	0	0	0	0	1	1	1		
c10541u0_index.d.ts	0	0	0	0	1	1	1		
c10541u1_app.mts	0	0	0	0	1	1	1		
c10542u0_index.ts	0	0	0	0	1	1	1		
c10543u0_index.ts	0	0	0	0	1	1	1		
c10544u0_index.ts	0	0	0	0	1	1	1		
c10545u0_index.ts	0	0	0	0	1	1	1		
c10546u0_index.ts	0	0	0	0	1	1	1		
c10546u1_thing.ts	0	0	0	0	1	1	1		
c10547u0_index.ts	0	0	0	0	1	1	1		
c10547u1_thing.ts	0	0	0	0	1	1	1		
c10548u0_index.ts	0	0	0	0	1	1	1		
c10549u0_index.ts	0	0	0	0	1	1	1		
c10550u0_a.ts	0	0	0	0	1	1	1		
c10550u1_b.ts	0	0	0	0	1	1	1		
c10551u0_a.d.ts	0	0	0	0	1	1	1		
c10551u1_b.ts	0	0	0	0	1	1	1		
c10552u0_index.d.ts	0	0	0	0	1	1	1		
c10552u1_a.ts	0	0	0	0	1	1	1		
c10553u0_ref.ts	0	0	0	0	1	1	1		
c10553u1_a.ts	0	0	0	0	1	1	1		
c10553u2_b.ts	0	0	0	0	1	1	1		
c10554u0_a.d.ts	0	0	0	0	1	1	1		
c10554u1_b.ts	0	0	0	0	1	1	1		
c10555u0_ref.ts	0	0	0	0	1	1	1		
c10555u1_a.d.ts	0	0	0	0	1	1	1		
c10555u2_b.ts	0	0	0	0	1	1	1		
c10556u0_index.d.ts	0	0	0	0	1	1	1		
c10556u1_b.ts	0	0	0	0	1	1	1		
c10557u0_ref.ts	0	0	0	0	1	1	1		
c10557u1_index.d.ts	0	0	0	0	1	1	1		
c10557u2_b.ts	0	0	0	0	1	1	1		
c10558u0_nonArrayRestArgs.ts	0	0	0	0	1	1	1		
c10559u0_nonConflictingRecursiveBaseTypeMembers.ts	0	0	0	0	1	1	1		
c10560u0_nonContextuallyTypedLogicalOr.ts	0	0	0	0	1	1	1		
c10561u0_nonExportedElementsOfMergedModules.ts	0	0	0	0	1	1	1		
c10562u0_nonGenericClassExtendingGenericClassWithAny.ts	0	0	0	0	1	1	1		
c10563u0_nonIdenticalTypeConstraints.ts	0	0	0	0	1	1	1		
c10564u0_nonInferrableTypePropagation1.ts	0	0	0	0	1	1	1		
c10565u0_nonInferrableTypePropagation2.ts	0	0	0	0	1	1	1		
c10566u0_nonInferrableTypePropagation3.ts	0	0	0	0	1	1	1		
c10567u0_nonMergedDeclarationsAndOverloads.ts	0	0	0	0	1	1	1		
c10568u0_nonMergedOverloads.ts	0	0	0	0	1	1	1		
c10569u0_nonNullFullInference.ts	0	0	0	0	1	1	1		
c10570u0_nonNullMappedType.ts	0	0	0	0	1	1	1		
c10571u0_nonNullParameterExtendingStringAssignableToString.ts	0	0	0	0	1	1	1		
c10572u0_nonNullReferenceMatching.ts	0	0	0	0	1	1	1		
c10573u0_nonNullableAndObjectIntersections.ts	0	0	0	0	1	1	1		
c10574u0_nonNullableReduction.ts	0	0	0	0	1	1	1		
c10575u0_nonNullableReductionNonStrict.ts	0	0	0	0	1	1	1		
c10576u0_nonNullableTypes1.ts	0	0	0	0	1	1	1		
c10577u0_nonNullableWithNullableGenericIndexedAccessArg.ts	0	0	0	0	1	1	1		
c10578u0_nonObjectUnionNestedExcessPropertyCheck.ts	0	0	0	0	1	1	1		
c10579u0_nondistributiveConditionalTypeInfer.ts	0	0	0	0	1	1	1		
c10580u0_nonexistentPropertyOnUnion.ts	0	0	0	0	1	1	1		
c10581u0_nonexistentPropertyUnavailableOnPromisedType.ts	0	0	0	0	1	1	1		
c10582u0_nongenericConditionalNotPartiallyComputed.ts	0	0	0	0	1	1	1		
c10583u0_nongenericPartialInstantiationsRelatedInBothDirections.ts	0	0	0	0	1	1	1		
c10584u0_nonnullAssertionPropegatesContextualType.ts	0	0	0	0	1	1	1		
c10585u0_nonstrictTemplateWithNotOctalPrintsAsIs.ts	0	0	0	0	1	1	1		
c10586u0_normalizedIntersectionTooComplex.ts	0	0	0	0	1	1	1		
c10587u0_bar.ts	0	0	0	0	1	1	1		
c10587u1_test.ts	0	0	0	0	1	1	1		
c10588u0_null.ts	0	0	0	0	1	1	1		
c10589u0_nullKeyword.ts	0	0	0	0	1	1	1		
c10590u0_nullableFunctionError.ts	0	0	0	0	1	1	1		
c10591u0_numberAsInLHS.ts	0	0	0	0	1	1	1		
c10592u0_numberAssignableToEnumInsideUnion.ts	0	0	0	0	1	1	1		
c10593u0_numberLiteralsWithLeadingZeros.ts	0	0	93	93	1	1	1		
c10594u0_numberOnLeftSideOfInExpression.ts	0	0	0	0	1	1	1		
c10595u0_numberToString.ts	0	0	0	0	1	1	1		
c10596u0_numberVsBigIntOperations.ts	0	0	0	0	1	1	1		
c10597u0_numericClassMembers1.ts	0	0	0	0	1	1	1		
c10598u0_numericEnumMappedType.ts	0	0	0	0	1	1	1		
c10599u0_numericIndexExpressions.ts	0	0	0	0	1	1	1		
c10600u0_numericIndexerConstraint.ts	0	0	0	0	1	1	1		
c10601u0_numericIndexerConstraint1.ts	0	0	0	0	1	1	1		
c10602u0_numericIndexerConstraint2.ts	0	0	0	0	1	1	1		
c10603u0_numericIndexerConstraint3.ts	0	0	0	0	1	1	1		
c10604u0_numericIndexerConstraint4.ts	0	0	0	0	1	1	1		
c10605u0_numericIndexerConstraint5.ts	0	0	0	0	1	1	1		
c10606u0_numericIndexerTyping1.ts	0	0	0	0	1	1	1		
c10607u0_numericIndexerTyping2.ts	0	0	0	0	1	1	1		
c10608u0_numericLiteralsWithTrailingDecimalPoints01.ts	0	0	4	4	1	1	1		
c10609u0_numericLiteralsWithTrailingDecimalPoints02.ts	0	0	4	4	1	1	1		
c10610u0_numericMethodName1.ts	0	0	0	0	1	1	1		
c10611u0_numericUnderscoredSeparator.ts	0	0	0	0	1	1	1		
c10612u0_objectAssignLikeNonUnionResult.ts	0	0	0	0	1	1	1		
c10613u0_objectBindingPatternContextuallyTypesArgument.ts	0	0	0	0	1	1	1		
c10614u0_objectBindingPattern_restElementWithPropertyName.ts	0	0	0	0	1	1	1		
c10615u0_objectCreate-errors.ts	0	0	0	0	1	1	1		
c10616u0_objectCreate.ts	0	0	0	0	1	1	1		
c10617u0_objectCreate2.ts	0	0	0	0	1	1	1		
c10618u0_objectCreationExpressionInFunctionParameter.ts	0	0	1	1	1	1	1		
c10619u0_objectCreationOfElementAccessExpression.ts	0	0	0	0	1	1	1		
c10620u0_objectFreeze.ts	0	0	0	0	1	1	1		
c10621u0_objectFreezeLiteralsDontWiden.ts	0	0	0	0	1	1	1		
c10622u0_objectFromEntries.ts	0	0	0	0	1	1	1		
c10623u0_objectGroupBy.ts	0	0	0	0	1	1	1		
c10624u0_objectIndexer.ts	0	0	0	0	1	1	1		
c10625u0_objectInstantiationFromUnionSpread.ts	0	0	0	0	1	1	1		
c10626u0_objectLitArrayDeclNoNew.ts	0	0	2	2	1	1	1		
c10627u0_objectLitGetterSetter.ts	0	0	0	0	1	1	1		
c10628u0_objectLitIndexerContextualType.ts	0	0	0	0	1	1	1		
c10629u0_objectLitPropertyScoping.ts	0	0	0	0	1	1	1		
c10630u0_objectLitStructuralTypeMismatch.ts	0	0	0	0	1	1	1		
c10631u0_objectLitTargetTypeCallSite.ts	0	0	0	0	1	1	1		
c10632u0_objectLiteral1.ts	0	0	0	0	1	1	1		
c10633u0_objectLiteral2.ts	0	0	0	0	1	1	1		
c10634u0_objectLiteralArraySpecialization.ts	0	0	0	0	1	1	1		
c10635u0_objectLiteralComputedNameNoDeclarationError.ts	0	0	0	0	1	1	1		
c10636u0_objectLiteralDeclarationGeneration1.ts	0	0	0	0	1	1	1		
c10637u0_objectLiteralEnumPropertyNames.ts	0	0	0	0	1	1	1		
c10638u0_objectLiteralExcessProperties.ts	0	0	0	0	1	1	1		
c10639u0_objectLiteralFreshnessWithSpread.ts	0	0	0	0	1	1	1		
c10640u0_objectLiteralFunctionArgContextualTyping.ts	0	0	0	0	1	1	1		
c10641u0_objectLiteralFunctionArgContextualTyping2.ts	0	0	0	0	1	1	1		
c10642u0_objectLiteralIndexerErrors.ts	0	0	0	0	1	1	1		
c10643u0_objectLiteralIndexerNoImplicitAny.ts	0	0	0	0	1	1	1		
c10644u0_objectLiteralIndexers.ts	0	0	0	0	1	1	1		
c10645u0_objectLiteralMemberWithModifiers1.ts	0	0	0	0	1	1	1		
c10646u0_objectLiteralMemberWithModifiers2.ts	0	0	0	0	1	1	1		
c10647u0_objectLiteralMemberWithQuestionMark1.ts	0	0	0	0	1	1	1		
c10648u0_objectLiteralMemberWithoutBlock1.ts	0	0	0	0	1	1	1		
c10649u0_objectLiteralParameterResolution.ts	0	0	0	0	1	1	1		
c10650u0_objectLiteralPropertyImplicitlyAny.ts	0	0	0	0	1	1	1		
c10651u0_objectLiteralReferencingInternalProperties.ts	0	0	0	0	1	1	1		
c10652u0_objectLiteralThisWidenedOnUse.ts	0	0	0	0	1	1	1		
c10653u0_objectLiteralWithGetAccessorInsideFunction.ts	0	0	0	0	1	1	1		
c10654u0_objectLiteralWithNumericPropertyName.ts	0	0	0	0	1	1	1		
c10655u0_objectLiteralWithSemicolons1.ts	0	0	2	2	1	1	1		
c10656u0_objectLiteralWithSemicolons2.ts	0	0	2	2	1	1	1		
c10657u0_objectLiteralWithSemicolons3.ts	0	0	3	3	1	1	1		
c10658u0_objectLiteralWithSemicolons4.ts	0	0	1	1	1	1	1		
c10659u0_objectLiteralWithSemicolons5.ts	0	0	3	3	1	1	1		
c10660u0_objectLiteralsAgainstUnionsOfArrays01.ts	0	0	0	0	1	1	1		
c10661u0_objectMembersOnTypes.ts	0	0	0	0	1	1	1		
c10663u0_objectRestBindingContextualInference.ts	0	0	0	0	1	1	1		
c10664u0_objectRestSpread.ts	0	0	0	0	1	1	1		
c10665u0_objectSpreadWithinMethodWithinObjectWithSpread.ts	0	0	0	0	1	1	1		
c10666u0_objectTypeWithOptionalProperty1.ts	0	0	0	0	1	1	1		
c10667u0_observableInferenceCanBeMade.ts	0	0	0	0	1	1	1		
c10668u0_octalLiteralAndEscapeSequence.ts	0	0	109	109	1	1	1		
c10669u0_omitTypeHelperModifiers01.ts	0	0	0	0	1	1	1		
c10670u0_omitTypeTestErrors01.ts	0	0	0	0	1	1	1		
c10671u0_omitTypeTests01.ts	0	0	0	0	1	1	1		
c10672u0_omittedExpressionForOfLoop.ts	0	0	0	0	1	1	1		
c10673u0_operationsAvailableOnPromisedType.ts	0	0	0	0	1	1	1		
c10674u0_operatorAddNullUndefined.ts	0	0	0	0	1	1	1		
c10675u0_optionalAccessorsInInterface1.ts	0	0	0	0	1	1	1		
c10676u0_optionalArgsWithDefaultValues.ts	0	0	0	0	1	1	1		
c10677u0_optionalChainWithInstantiationExpression1.ts	0	0	1	1	1	1	1		
c10678u0_optionalChainWithInstantiationExpression2.ts	0	0	0	0	1	1	1		
c10679u0_optionalConstructorArgInSuper.ts	0	0	0	0	1	1	1		
c10680u0_optionalFunctionArgAssignability.ts	0	0	0	0	1	1	1		
c10681u0_optionalParamArgsTest.ts	0	0	0	0	1	1	1		
c10682u0_optionalParamAssignmentCompat.ts	0	0	0	0	1	1	1		
c10683u0_optionalParamInOverride.ts	0	0	0	0	1	1	1		
c10684u0_optionalParamReferencingOtherParams1.ts	0	0	0	0	1	1	1		
c10685u0_optionalParamReferencingOtherParams2.ts	0	0	0	0	1	1	1		
c10686u0_optionalParamReferencingOtherParams3.ts	0	0	0	0	1	1	1		
c10687u0_optionalParamTypeComparison.ts	0	0	0	0	1	1	1		
c10688u0_optionalParameterInDestructuringWithInitializer.ts	0	0	0	0	1	1	1		
c10689u0_optionalParameterProperty.ts	0	0	0	0	1	1	1		
c10690u0_optionalParameterRetainsNull.ts	0	0	0	0	1	1	1		
c10691u0_optionalParamterAndVariableDeclaration.ts	0	0	0	0	1	1	1		
c10692u0_optionalParamterAndVariableDeclaration2.ts	0	0	0	0	1	1	1		
c10693u0_optionalPropertiesInClasses.ts	0	0	0	0	1	1	1		
c10694u0_optionalPropertiesSyntax.ts	0	0	8	8	1	1	1		
c10695u0_optionalPropertiesTest.ts	0	0	0	0	1	1	1		
c10696u0_optionalSetterParam.ts	0	0	0	0	1	1	1		
c10697u0_optionalTupleElementsAndUndefined.ts	0	0	0	0	1	1	1		
c10698u0_optionsCompositeWithIncrementalFalse.ts	0	0	0	0	1	1	1		
c10699u0_optionsInlineSourceMapMapRoot.ts	0	0	0	0	1	1	1		
c10700u0_optionsInlineSourceMapSourceRoot.ts	0	0	0	0	1	1	1		
c10701u0_optionsInlineSourceMapSourcemap.ts	0	0	0	0	1	1	1		
c10702u0_optionsOutAndNoModuleGen.ts	0	0	0	0	1	1	1		
c10703u0_optionsSourcemapInlineSources.ts	0	0	0	0	1	1	1		
c10704u0_optionsSourcemapInlineSourcesMapRoot.ts	0	0	0	0	1	1	1		
c10705u0_optionsSourcemapInlineSourcesSourceRoot.ts	0	0	0	0	1	1	1		
c10706u0_optionsStrictPropertyInitializationStrict.ts	0	0	0	0	1	1	1		
c10707u0_optionsStrictPropertyInitializationStrictNullChecks.ts	0	0	0	0	1	1	1		
c10708u0_optionsTsBuildInfoFileWithoutIncrementalAndComposite.ts	0	0	0	0	1	1	1		
c10709u0_orderMattersForSignatureGroupIdentity.ts	0	0	0	0	1	1	1		
c10710u0_out-flag.ts	0	0	0	0	1	1	1		
c10711u0_a.ts	0	0	0	0	1	1	1		
c10711u1_b.ts	0	0	0	0	1	1	1		
c10712u0_a.ts	0	0	0	0	1	1	1		
c10712u1_b.ts	0	0	0	0	1	1	1		
c10713u0_a.ts	0	0	0	0	1	1	1		
c10713u1_b.ts	0	0	0	0	1	1	1		
c10714u0_a.ts	0	0	0	0	1	1	1		
c10714u1_b.ts	0	0	0	0	1	1	1		
c10715u0_a.ts	0	0	0	0	1	1	1		
c10715u1_b.ts	0	0	0	0	1	1	1		
c10716u0_a.ts	0	0	0	0	1	1	1		
c10716u1_b.ts	0	0	0	0	1	1	1		
c10717u0_a.ts	0	0	0	0	1	1	1		
c10717u1_b.ts	0	0	0	0	1	1	1		
c10718u0_a.ts	0	0	0	0	1	1	1		
c10718u1_b.ts	0	0	0	0	1	1	1		
c10719u0_a.ts	0	0	0	0	1	1	1		
c10719u1_b.ts	0	0	0	0	1	1	1		
c10720u0_a.ts	0	0	0	0	1	1	1		
c10720u1_b.ts	0	0	0	0	1	1	1		
c10721u0_a.ts	0	0	0	0	1	1	1		
c10721u1_b.ts	0	0	0	0	1	1	1		
c10722u0_a.ts	0	0	0	0	1	1	1		
c10722u1_b.ts	0	0	0	0	1	1	1		
c10722u2_c.d.ts	0	0	0	0	1	1	1		
c10722u3_d.d.ts	0	0	0	0	1	1	1		
c10722u4_b.ts	0	0	0	0	1	1	1		
c10723u0_overEagerReturnTypeSpecialization.ts	0	0	0	0	1	1	1		
c10724u0_overload1.ts	0	0	0	0	1	1	1		
c10725u0_overload2.ts	0	0	0	0	1	1	1		
c10726u0_overloadAssignmentCompat.ts	0	0	0	0	1	1	1		
c10727u0_overloadBindingAcrossDeclarationBoundaries.ts	0	0	0	0	1	1	1		
c10728u0_overloadBindingAcrossDeclarationBoundaries_file0.ts	0	0	0	0	1	1	1		
c10728u1_overloadBindingAcrossDeclarationBoundaries_file1.ts	0	0	0	0	1	1	1		
c10729u0_overloadCallTest.ts	0	0	0	0	1	1	1		
c10730u0_overloadConsecutiveness.ts	0	0	6	6	1	1	1		
c10731u0_overloadCrash.ts	0	0	0	0	1	1	1		
c10732u0_overloadEquivalenceWithStatics.ts	0	0	0	0	1	1	1		
c10733u0_overloadErrorMatchesImplementationElaboaration.ts	0	0	0	0	1	1	1		
c10734u0_overloadGenericFunctionWithRestArgs.ts	0	0	0	0	1	1	1		
c10735u0_overloadModifiersMustAgree.ts	0	0	0	0	1	1	1		
c10736u0_overloadOnConstAsTypeAnnotation.ts	0	0	0	0	1	1	1		
c10737u0_overloadOnConstConstraintChecks1.ts	0	0	0	0	1	1	1		
c10738u0_overloadOnConstConstraintChecks2.ts	0	0	0	0	1	1	1		
c10739u0_overloadOnConstConstraintChecks3.ts	0	0	0	0	1	1	1		
c10740u0_overloadOnConstConstraintChecks4.ts	0	0	0	0	1	1	1		
c10741u0_overloadOnConstDuplicateOverloads1.ts	0	0	0	0	1	1	1		
c10742u0_overloadOnConstInBaseWithBadImplementationInDerived.ts	0	0	0	0	1	1	1		
c10743u0_overloadOnConstInCallback1.ts	0	0	0	0	1	1	1		
c10744u0_overloadOnConstInObjectLiteralImplementingAnInterface.ts	0	0	0	0	1	1	1		
c10745u0_overloadOnConstInheritance1.ts	0	0	0	0	1	1	1		
c10746u0_overloadOnConstInheritance2.ts	0	0	0	0	1	1	1		
c10747u0_overloadOnConstInheritance3.ts	0	0	0	0	1	1	1		
c10748u0_overloadOnConstInheritance4.ts	0	0	0	0	1	1	1		
c10749u0_overloadOnConstNoAnyImplementation.ts	0	0	0	0	1	1	1		
c10750u0_overloadOnConstNoAnyImplementation2.ts	0	0	0	0	1	1	1		
c10751u0_overloadOnConstNoNonSpecializedSignature.ts	0	0	0	0	1	1	1		
c10752u0_overloadOnConstNoStringImplementation.ts	0	0	0	0	1	1	1		
c10753u0_overloadOnConstNoStringImplementation2.ts	0	0	0	0	1	1	1		
c10754u0_overloadOnConstantsInvalidOverload1.ts	0	0	0	0	1	1	1		
c10755u0_overloadOnGenericArity.ts	0	0	0	0	1	1	1		
c10756u0_overloadOnGenericClassAndNonGenericClass.ts	0	0	0	0	1	1	1		
c10757u0_overloadResolutionOnDefaultConstructor1.ts	0	0	0	0	1	1	1		
c10758u0_overloadResolutionOverCTLambda.ts	0	0	0	0	1	1	1		
c10759u0_overloadResolutionOverNonCTLambdas.ts	0	0	0	0	1	1	1		
c10760u0_overloadResolutionOverNonCTObjectLit.ts	0	0	0	0	1	1	1		
c10761u0_overloadResolutionTest1.ts	0	0	0	0	1	1	1		
c10762u0_overloadResolutionWithAny.ts	0	0	0	0	1	1	1		
c10763u0_overloadRet.ts	0	0	0	0	1	1	1		
c10764u0_overloadReturnTypes.ts	0	0	0	0	1	1	1		
c10765u0_overloadWithCallbacksWithDifferingOptionalityOnArgs.ts	0	0	0	0	1	1	1		
c10766u0_overloadedConstructorFixesInferencesAppropriately.ts	0	0	0	0	1	1	1		
c10767u0_overloadedStaticMethodSpecialization.ts	0	0	0	0	1	1	1		
c10768u0_overloadingOnConstants1.ts	0	0	0	0	1	1	1		
c10769u0_overloadingOnConstants2.ts	0	0	0	0	1	1	1		
c10770u0_overloadingOnConstantsInImplementation.ts	0	0	0	0	1	1	1		
c10771u0_overloadingStaticFunctionsInFunctions.ts	0	0	7	7	1	1	1		
c10772u0_overloadresolutionWithConstraintCheckingDeferred.ts	0	0	0	0	1	1	1		
c10773u0_overloadsAndTypeArgumentArity.ts	0	0	0	0	1	1	1		
c10774u0_overloadsAndTypeArgumentArityErrors.ts	0	0	0	0	1	1	1		
c10775u0_overloadsInDifferentContainersDisagreeOnAmbient.ts	0	0	0	0	1	1	1		
c10776u0_overloadsWithComputedNames.ts	0	0	0	0	1	1	1		
c10777u0_overloadsWithConstraints.ts	0	0	0	0	1	1	1		
c10778u0_overloadsWithProvisionalErrors.ts	0	0	0	0	1	1	1		
c10779u0_overloadsWithinClasses.ts	0	0	0	0	1	1	1		
c10780u0_overrideBaseIntersectionMethod.ts	0	0	0	0	1	1	1		
c10781u0_overridingPrivateStaticMembers.ts	0	0	0	0	1	1	1		
c10782u0_overshifts.ts	0	0	0	0	1	1	1		
c10783u0_paramPropertiesInSignatures.ts	0	0	0	0	1	1	1		
c10784u0_parameterDecoratorsEmitCrash.ts	0	0	0	0	1	1	1		
c10785u0_parameterDestructuringObjectLiteral.ts	0	0	0	0	1	1	1		
c10786u0_parameterInitializerBeforeDestructuringEmit.ts	0	0	0	0	1	1	1		
c10787u0_parameterListAsTupleType.ts	0	0	0	0	1	1	1		
c10788u0_parameterNamesInTypeParameterList.ts	0	0	0	0	1	1	1		
c10789u0_parameterPropertyInConstructor1.ts	0	0	0	0	1	1	1		
c10790u0_parameterPropertyInConstructor2.ts	0	0	0	0	1	1	1		
c10791u0_parameterPropertyInConstructor3.ts	0	0	0	0	1	1	1		
c10792u0_parameterPropertyInConstructor4.ts	0	0	0	0	1	1	1		
c10793u0_parameterPropertyInConstructorWithPrologues.ts	0	0	0	0	1	1	1		
c10794u0_parameterPropertyInitializerInInitializers.ts	0	0	0	0	1	1	1		
c10795u0_parameterPropertyOutsideConstructor.ts	0	0	0	0	1	1	1		
c10796u0_parameterPropertyReferencingOtherParameter.ts	0	0	0	0	1	1	1		
c10797u0_parameterReferenceInInitializer1.ts	0	0	0	0	1	1	1		
c10798u0_parameterReferenceInInitializer2.ts	0	0	0	0	1	1	1		
c10799u0_parameterReferencesOtherParameter1.ts	0	0	0	0	1	1	1		
c10800u0_parameterReferencesOtherParameter2.ts	0	0	0	0	1	1	1		
c10801u0_parametersSyntaxErrorNoCrash1.ts	0	0	5	5	1	1	1		
c10802u0_parametersSyntaxErrorNoCrash2.ts	0	0	3	3	1	1	1		
c10803u0_parametersSyntaxErrorNoCrash3.ts	0	0	3	3	1	1	1		
c10804u0_paramsOnlyHaveLiteralTypesWhenAppropriatelyContextualized.ts	0	0	0	0	1	1	1		
c10805u0_paramterDestrcuturingDeclaration.ts	0	0	0	0	1	1	1		
c10806u0_parenthesisDoesNotBlockAliasSymbolCreation.ts	0	0	0	0	1	1	1		
c10807u0_parenthesizedArrowExpressionASI.ts	0	0	0	0	1	1	1		
c10808u0_parenthesizedAsyncArrowFunction.ts	0	0	0	0	1	1	1		
c10809u0_parenthesizedExpressionInternalComments.ts	0	0	0	0	1	1	1		
c10812u0_parenthesizedSatisfiesExpressionWithComments.ts	0	0	0	0	1	1	1		
c10813u0_parse1.ts	0	0	1	1	1	1	1		
c10814u0_parse2.ts	0	0	1	1	1	1	1		
c10815u0_parseArrowFunctionWithFunctionReturnType.ts	0	0	0	0	1	1	1		
c10816u0_import.d.ts	0	0	0	0	1	1	1		
c10816u1_require.d.ts	0	0	0	0	1	1	1		
c10816u2_index.ts	0	0	23	23	1	1	1		
c10817u0_parseBigInt.ts	0	0	10	10	1	1	1		
c10818u0_parseCommaSeparatedNewlineNew.ts	0	0	1	1	1	1	1		
c10819u0_parseCommaSeparatedNewlineNumber.ts	0	0	0	0	1	1	1		
c10820u0_parseCommaSeparatedNewlineString.ts	0	0	0	0	1	1	1		
c10821u0_parseEntityNameWithReservedWord.ts	0	0	0	0	1	1	1		
c10822u0_parseErrorDoubleCommaInCall.ts	0	0	1	1	1	1	1		
c10823u0_parseErrorInHeritageClause1.ts	0	0	1	1	1	1	1		
c10824u0_parseErrorIncorrectReturnToken.ts	0	0	5	5	1	1	1		
c10825u0_parseGenericArrowRatherThanLeftShift.ts	0	0	0	0	1	1	1		
c10826u0_import.d.ts	0	0	0	0	1	1	1		
c10826u1_require.d.ts	0	0	0	0	1	1	1		
c10826u2_index.ts	0	0	23	23	1	1	1		
c10827u0_parseInvalidNames.ts	0	0	15	15	1	1	1		
c10828u0_parseInvalidNonNullableTypes.ts	0	0	0	0	1	1	1		
c10829u0_parseInvalidNullableTypes.ts	0	0	0	0	1	1	1		
c10833u0_index.tsx	0	0	0	0	1	1	1		
c10834u0_index.tsx	0	0	0	0	1	1	1		
c10835u0_parseObjectLiteralsWithoutTypes.ts	0	0	0	0	1	1	1		
c10836u0_parseReplacementCharacter.ts	1	0	0	0	1	1	1		
c10837u0_parseShortform.ts	0	0	0	0	1	1	1		
c10838u0_parseTypes.ts	0	0	0	0	1	1	1		
c10842u0_index.tsx	0	0	6	6	1	1	1		
c10843u0_parseUnmatchedTypeAssertion.ts	0	0	3	3	1	1	1		
c10844u0_parserConstructorDeclaration12.ts	0	0	0	0	1	1	1		
c10845u0_parserIsClassMemberStart.ts	0	0	0	0	1	1	1		
c10846u0_parserPrivateIdentifierInArrayAssignment.ts	0	0	1	1	1	1	1		
c10848u0_parserUnparsedTokenCrash2.ts	0	0	4	4	1	1	1		
c10849u0_parsingClassRecoversWhenHittingUnexpectedSemicolon.ts	0	0	0	0	1	1	1		
c10851u0_partialDiscriminatedUnionMemberHasGoodError.ts	0	0	0	0	1	1	1		
c10852u0_partialOfLargeAPIIsAbleToBeWorkedWith.ts	0	0	0	0	1	1	1		
c10853u0_partialTypeNarrowedToByTypeGuard.ts	0	0	0	0	1	1	1		
c10854u0_partiallyAmbientClodule.ts	0	0	0	0	1	1	1		
c10855u0_partiallyAmbientFundule.ts	0	0	0	0	1	1	1		
c10856u0_partiallyDiscriminantedUnions.ts	0	0	0	0	1	1	1		
c10857u0_f1.ts	0	0	0	0	1	1	1		
c10858u0_f1.ts	0	0	0	0	1	1	1		
c10859u0_file1.ts	0	0	0	0	1	1	1		
c10860u0_file1.ts	0	0	0	0	1	1	1		
c10861u0_file1.ts	0	0	0	0	1	1	1		
c10861u1_file2.ts	0	0	0	0	1	1	1		
c10861u2_file3.ts	0	0	0	0	1	1	1		
c10861u3_file4.ts	0	0	0	0	1	1	1		
c10862u0_file1.ts	0	0	0	0	1	1	1		
c10862u1_file2.ts	0	0	0	0	1	1	1		
c10862u2_file3.ts	0	0	0	0	1	1	1		
c10862u3_index.d.ts	0	0	0	0	1	1	1		
c10863u0_file1.ts	0	0	0	0	1	1	1		
c10863u1_file2.ts	0	0	0	0	1	1	1		
c10863u2_file3.ts	0	0	0	0	1	1	1		
c10863u3_file4.ts	0	0	0	0	1	1	1		
c10864u0_file1.ts	0	0	0	0	1	1	1		
c10864u1_file2.ts	0	0	0	0	1	1	1		
c10864u2_file3.ts	0	0	0	0	1	1	1		
c10864u3_index.d.ts	0	0	0	0	1	1	1		
c10865u0_file1.ts	0	0	0	0	1	1	1		
c10865u1_file1.ts	0	0	0	0	1	1	1		
c10865u2_file2.ts	0	0	0	0	1	1	1		
c10865u3_file3.ts	0	0	0	0	1	1	1		
c10865u4_file4.ts	0	0	0	0	1	1	1		
c10866u0_file1.ts	0	0	0	0	1	1	1		
c10866u1_file1.ts	0	0	0	0	1	1	1		
c10866u2_file2.ts	0	0	0	0	1	1	1		
c10866u3_index.d.ts	0	0	0	0	1	1	1		
c10866u4_file4.ts	0	0	0	0	1	1	1		
c10867u0_file1.ts	0	0	0	0	1	1	1		
c10867u1_file2.d.ts	0	0	0	0	1	1	1		
c10867u2_file3.ts	0	0	0	0	1	1	1		
c10868u0_file1.ts	0	0	0	0	1	1	1		
c10868u1_index.d.ts	0	0	0	0	1	1	1		
c10868u2_file3.ts	0	0	0	0	1	1	1		
c10869u0_file1.ts	0	0	0	0	1	1	1		
c10869u1_file2.ts	0	0	0	0	1	1	1		
c10869u2_module1.d.ts	0	0	0	0	1	1	1		
c10869u3_module2.ts	0	0	0	0	1	1	1		
c10869u4_file3.d.ts	0	0	0	0	1	1	1		
c10869u5_module3.d.ts	0	0	0	0	1	1	1		
c10870u0_file1.ts	0	0	0	0	1	1	1		
c10870u1_file2.ts	0	0	0	0	1	1	1		
c10870u2_index.d.ts	0	0	0	0	1	1	1		
c10870u3_module2.ts	0	0	0	0	1	1	1		
c10870u4_index.d.ts	0	0	0	0	1	1	1		
c10870u5_module3.d.ts	0	0	0	0	1	1	1		
c10871u0_index.ts	0	0	0	0	1	1	1		
c10871u1_index.ts	0	0	0	0	1	1	1		
c10872u0_index.ts	0	0	0	0	1	1	1		
c10872u1_index.ts	0	0	0	0	1	1	1		
c10873u0_foo.ts	0	0	0	0	1	1	1		
c10873u2_a.ts	0	0	0	0	1	1	1		
c10874u0_foo.ts	0	0	0	0	1	1	1		
c10874u2_a.ts	0	0	0	0	1	1	1		
c10875u0_foo.ts	0	0	0	0	1	1	1		
c10875u2_a.ts	0	0	0	0	1	1	1		
c10876u0_foo.ts	0	0	0	0	1	1	1		
c10876u2_a.ts	0	0	0	0	1	1	1		
c10877u0_foo.ts	0	0	0	0	1	1	1		
c10877u2_a.ts	0	0	0	0	1	1	1		
c10878u0_foo.ts	0	0	0	0	1	1	1		
c10878u2_a.ts	0	0	0	0	1	1	1		
c10879u0_foo.ts	0	0	0	0	1	1	1		
c10879u2_a.ts	0	0	0	0	1	1	1		
c10880u0_index.d.ts	0	0	0	0	1	1	1		
c10880u1_index.d.ts	0	0	0	0	1	1	1		
c10880u2_a.ts	0	0	0	0	1	1	1		
c10881u1_a.ts	0	0	0	0	1	1	1		
c10882u0_a.ts	0	0	0	0	1	1	1		
c10883u0_index.ts	0	0	0	0	1	1	1		
c10883u1_index.ts	0	0	0	0	1	1	1		
c10884u0_index.ts	0	0	0	0	1	1	1		
c10884u1_index.ts	0	0	0	0	1	1	1		
c10885u0_index.ts	0	0	0	0	1	1	1		
c10885u1_index.ts	0	0	0	0	1	1	1		
c10886u0_a.ts	0	0	0	0	1	1	1		
c10887u0_a.ts	0	0	0	0	1	1	1		
c10888u0_a.ts	0	0	0	0	1	1	1		
c10889u0_main.ts	0	0	0	0	1	1	1		
c10890u0_main.ts	0	0	0	0	1	1	1		
c10891u0_performanceComparisonOfStructurallyIdenticalInterfacesWithGenericSignatures.ts	0	0	0	0	1	1	1		
c10892u0_pickOfLargeObjectUnionWorks.ts	0	0	0	0	1	1	1		
c10893u0_pinnedComments1.ts	0	0	0	0	1	1	1		
c10894u0_potentiallyUnassignedVariableInCatch.ts	0	0	0	0	1	1	1		
c10895u0_potentiallyUncalledDecorators.ts	0	0	0	0	1	1	1		
c10896u0_predicateSemantics.ts	0	0	0	0	1	1	1		
c10897u0_prefixIncrementAsOperandOfPlusExpression.ts	0	0	0	0	1	1	1		
c10898u0_prefixUnaryOperatorsOnExportedVariables.ts	0	0	0	0	1	1	1		
c10899u0_prefixedNumberLiteralAssignToNumberLiteralType.ts	0	0	0	0	1	1	1		
c10900u0_preserveConstEnums.ts	0	0	0	0	1	1	1		
c10901u0_a.ts	0	0	0	0	1	1	1		
c10901u1_b.ts	0	0	0	0	1	1	1		
c10901u2_c.ts	0	0	0	0	1	1	1		
c10902u0_prespecializedGenericMembers1.ts	0	0	0	0	1	1	1		
c10903u0_index.ts	0	0	1	1	1	1	1		
c10904u0_prettyFileWithErrorsAndTabs.ts	0	0	0	0	1	1	1		
c10905u0_primaryExpressionMods.ts	0	0	0	0	1	1	1		
c10906u0_primitiveConstraints1.ts	0	0	0	0	1	1	1		
c10907u0_primitiveConstraints2.ts	0	0	0	0	1	1	1		
c10908u0_primitiveMembers.ts	0	0	0	0	1	1	1		
c10909u0_primitiveTypeAsClassName.ts	0	0	0	0	1	1	1		
c10910u0_primitiveTypeAsInterfaceName.ts	0	0	0	0	1	1	1		
c10911u0_primitiveTypeAsInterfaceNameGeneric.ts	0	0	0	0	1	1	1		
c10912u0_primitiveTypeAsmoduleName.ts	0	0	0	0	1	1	1		
c10913u0_primitiveTypeAssignment.ts	0	0	0	0	1	1	1		
c10914u0_primitiveUnionDetection.ts	0	0	0	0	1	1	1		
c10915u0_privacyAccessorDeclFile_externalModule.ts	0	0	0	0	1	1	1		
c10915u1_privacyAccessorDeclFile_GlobalFile.ts	0	0	0	0	1	1	1		
c10916u0_privacyCannotNameAccessorDeclFile_GlobalWidgets.ts	0	0	0	0	1	1	1		
c10916u1_privacyCannotNameAccessorDeclFile_Widgets.ts	0	0	0	0	1	1	1		
c10916u2_privacyCannotNameAccessorDeclFile_exporter.ts	0	0	0	0	1	1	1		
c10916u3_privacyCannotNameAccessorDeclFile_consumer.ts	0	0	0	0	1	1	1		
c10917u0_privacyCannotNameVarTypeDeclFile_GlobalWidgets.ts	0	0	0	0	1	1	1		
c10917u1_privacyCannotNameVarTypeDeclFile_Widgets.ts	0	0	0	0	1	1	1		
c10917u2_privacyCannotNameVarTypeDeclFile_exporter.ts	0	0	0	0	1	1	1		
c10917u3_privacyCannotNameVarTypeDeclFile_consumer.ts	0	0	0	0	1	1	1		
c10918u0_privacyCheckAnonymousFunctionParameter.ts	0	0	0	0	1	1	1		
c10919u0_privacyCheckAnonymousFunctionParameter2.ts	0	0	0	0	1	1	1		
c10920u0_privacyCheckCallbackOfInterfaceMethodWithTypeParameter.ts	0	0	0	0	1	1	1		
c10921u0_privacyCheckExportAssignmentOnExportedGenericInterface1.ts	0	0	0	0	1	1	1		
c10922u0_privacyCheckExportAssignmentOnExportedGenericInterface2.ts	0	0	0	0	1	1	1		
c10923u0_privacyCheckExternalModuleExportAssignmentOfGenericClass_0.ts	0	0	0	0	1	1	1		
c10923u1_privacyCheckExternalModuleExportAssignmentOfGenericClass_1.ts	0	0	0	0	1	1	1		
c10924u0_privacyCheckOnTypeParameterReferenceInConstructorParameter.ts	0	0	0	0	1	1	1		
c10925u0_privacyCheckTypeOfFunction.ts	0	0	0	0	1	1	1		
c10926u0_privacyCheckTypeOfInvisibleModuleError.ts	0	0	0	0	1	1	1		
c10927u0_privacyCheckTypeOfInvisibleModuleNoError.ts	0	0	0	0	1	1	1		
c10928u0_privacyClass.ts	0	0	0	0	1	1	1		
c10929u0_privacyClassExtendsClauseDeclFile_externalModule.ts	0	0	0	0	1	1	1		
c10929u1_privacyClassExtendsClauseDeclFile_GlobalFile.ts	0	0	0	0	1	1	1		
c10930u0_privacyClassImplementsClauseDeclFile_externalModule.ts	0	0	0	0	1	1	1		
c10930u1_privacyClassImplementsClauseDeclFile_GlobalFile.ts	0	0	0	0	1	1	1		
c10931u0_privacyFunc.ts	0	0	0	0	1	1	1		
c10932u0_privacyFunctionCannotNameParameterTypeDeclFile_GlobalWidgets.ts	0	0	0	0	1	1	1		
c10932u1_privacyFunctionCannotNameParameterTypeDeclFile_Widgets.ts	0	0	0	0	1	1	1		
c10932u2_privacyFunctionCannotNameParameterTypeDeclFile_exporter.ts	0	0	0	0	1	1	1		
c10932u3_privacyFunctionCannotNameParameterTypeDeclFile_consumer.ts	0	0	0	0	1	1	1		
c10933u0_privacyFunctionReturnTypeDeclFile_GlobalWidgets.ts	0	0	0	0	1	1	1		
c10933u1_privacyFunctionReturnTypeDeclFile_Widgets.ts	0	0	0	0	1	1	1		
c10933u2_privacyFunctionReturnTypeDeclFile_exporter.ts	0	0	0	0	1	1	1		
c10933u3_privacyFunctionReturnTypeDeclFile_consumer.ts	0	0	0	0	1	1	1		
c10934u0_privacyFunctionParameterDeclFile_externalModule.ts	0	0	0	0	1	1	1		
c10934u1_privacyFunctionParameterDeclFile_GlobalFile.ts	0	0	0	0	1	1	1		
c10935u0_privacyFunctionReturnTypeDeclFile_externalModule.ts	0	0	0	0	1	1	1		
c10935u1_privacyFunctionReturnTypeDeclFile_GlobalFile.ts	0	0	0	0	1	1	1		
c10936u0_privacyGetter.ts	0	0	0	0	1	1	1		
c10937u0_privacyGloClass.ts	0	0	0	0	1	1	1		
c10938u0_privacyGloFunc.ts	0	0	0	0	1	1	1		
c10939u0_privacyGloGetter.ts	0	0	0	0	1	1	1		
c10940u0_privacyGloImport.ts	0	0	0	0	1	1	1		
c10941u0_privacyGloImportParseErrors.ts	0	0	0	0	1	1	1		
c10942u0_privacyGloInterface.ts	0	0	0	0	1	1	1		
c10943u0_privacyGloVar.ts	0	0	0	0	1	1	1		
c10944u0_privacyImport.ts	0	0	0	0	1	1	1		
c10945u0_privacyImportParseErrors.ts	0	0	0	0	1	1	1		
c10946u0_privacyInterface.ts	0	0	0	0	1	1	1		
c10947u0_privacyInterfaceExtendsClauseDeclFile_externalModule.ts	0	0	0	0	1	1	1		
c10947u1_privacyInterfaceExtendsClauseDeclFile_GlobalFile.ts	0	0	0	0	1	1	1		
c10948u0_privacyLocalInternalReferenceImportWithExport.ts	0	0	0	0	1	1	1		
c10949u0_privacyLocalInternalReferenceImportWithoutExport.ts	0	0	0	0	1	1	1		
c10950u0_privacyTopLevelAmbientExternalModuleImportWithExport_require.ts	0	0	0	0	1	1	1		
c10950u1_privacyTopLevelAmbientExternalModuleImportWithExport_require1.ts	0	0	0	0	1	1	1		
c10950u2_privacyTopLevelAmbientExternalModuleImportWithExport_require2.ts	0	0	0	0	1	1	1		
c10950u3_privacyTopLevelAmbientExternalModuleImportWithExport_require3.ts	0	0	0	0	1	1	1		
c10950u4_privacyTopLevelAmbientExternalModuleImportWithExport_core.ts	0	0	0	0	1	1	1		
c10951u0_privacyTopLevelAmbientExternalModuleImportWithoutExport_require.ts	0	0	0	0	1	1	1		
c10951u1_privacyTopLevelAmbientExternalModuleImportWithoutExport_require1.ts	0	0	0	0	1	1	1		
c10951u2_privacyTopLevelAmbientExternalModuleImportWithoutExport_require2.ts	0	0	0	0	1	1	1		
c10951u3_privacyTopLevelAmbientExternalModuleImportWithoutExport_require3.ts	0	0	0	0	1	1	1		
c10951u4_privacyTopLevelAmbientExternalModuleImportWithoutExport_core.ts	0	0	0	0	1	1	1		
c10952u0_privacyTopLevelInternalReferenceImportWithExport.ts	0	0	0	0	1	1	1		
c10953u0_privacyTopLevelInternalReferenceImportWithoutExport.ts	0	0	0	0	1	1	1		
c10954u0_privacyTypeParameterOfFunction.ts	0	0	0	0	1	1	1		
c10955u0_privacyTypeParameterOfFunctionDeclFile.ts	0	0	0	0	1	1	1		
c10956u0_privacyTypeParametersOfClass.ts	0	0	0	0	1	1	1		
c10957u0_privacyTypeParametersOfClassDeclFile.ts	0	0	0	0	1	1	1		
c10958u0_privacyTypeParametersOfInterface.ts	0	0	0	0	1	1	1		
c10959u0_privacyTypeParametersOfInterfaceDeclFile.ts	0	0	0	0	1	1	1		
c10960u0_privacyVar.ts	0	0	0	0	1	1	1		
c10961u0_privacyVarDeclFile_externalModule.ts	0	0	0	0	1	1	1		
c10961u1_privacyVarDeclFile_GlobalFile.ts	0	0	0	0	1	1	1		
c10962u0_privateAccessInSubclass1.ts	0	0	0	0	1	1	1		
c10963u0_privateFieldAssignabilityFromUnknown.ts	0	0	0	0	1	1	1		
c10964u0_privateFieldsInClassExpressionDeclaration.ts	0	0	0	0	1	1	1		
c10965u0_privateInstanceVisibility.ts	0	0	0	0	1	1	1		
c10966u0_privateInterfaceProperties.ts	0	0	0	0	1	1	1		
c10967u0_privateNameJsx.tsx	0	0	1	1	1	1	1		
c10968u0_privateNameWeakMapCollision.ts	0	0	0	0	1	1	1		
c10969u0_privatePropertyInUnion.ts	0	0	0	0	1	1	1		
c10970u0_privatePropertyUsingObjectType.ts	0	0	0	0	1	1	1		
c10971u0_privateVisibility.ts	0	0	0	0	1	1	1		
c10972u0_privateVisibles.ts	0	0	0	0	1	1	1		
c10973u0_promiseAllOnAny01.ts	0	0	0	0	1	1	1		
c10974u0_promiseChaining.ts	0	0	0	0	1	1	1		
c10975u0_promiseChaining1.ts	0	0	0	0	1	1	1		
c10976u0_promiseChaining2.ts	0	0	0	0	1	1	1		
c10977u0_promiseDefinitionTest.ts	0	0	0	0	1	1	1		
c10978u0_promiseEmptyTupleNoException.ts	0	0	0	0	1	1	1		
c10979u0_promiseIdentity.ts	0	0	0	0	1	1	1		
c10980u0_promiseIdentity2.ts	0	0	0	0	1	1	1		
c10981u0_promiseIdentityWithAny.ts	0	0	0	0	1	1	1		
c10982u0_promiseIdentityWithAny2.ts	0	0	0	0	1	1	1		
c10983u0_promiseIdentityWithConstraints.ts	0	0	0	0	1	1	1		
c10984u0_promisePermutations.ts	0	0	0	0	1	1	1		
c10985u0_promisePermutations2.ts	0	0	0	0	1	1	1		
c10986u0_promisePermutations3.ts	0	0	0	0	1	1	1		
c10987u0_promiseTest.ts	0	0	0	0	1	1	1		
c10988u0_promiseTry.ts	0	0	0	0	1	1	1		
c10989u0_promiseType.ts	0	0	0	0	1	1	1		
c10990u0_promiseTypeInference.ts	0	0	0	0	1	1	1		
c10991u0_promiseTypeInferenceUnion.ts	0	0	0	0	1	1	1		
c10992u0_promiseTypeStrictNull.ts	0	0	0	0	1	1	1		
c10993u0_promiseVoidErrorCallback.ts	0	0	0	0	1	1	1		
c10994u0_promiseWithResolvers.ts	0	0	0	0	1	1	1		
c10995u0_promises.ts	0	0	0	0	1	1	1		
c10996u0_promisesWithConstraints.ts	0	0	0	0	1	1	1		
c10997u0_index.d.ts	0	0	0	0	1	1	1		
c10997u1_file.ts	0	0	0	0	1	1	1		
c10998u0_propagateNonInferrableType.ts	0	0	0	0	1	1	1		
c10999u0_propagationOfPromiseInitialization.ts	0	0	0	0	1	1	1		
c11000u0_properties.ts	0	0	0	0	1	1	1		
c11001u0_propertiesAndIndexers.ts	0	0	0	0	1	1	1		
c11002u0_propertiesAndIndexers2.ts	0	0	0	0	1	1	1		
c11003u0_propertiesAndIndexersForNumericNames.ts	0	0	0	0	1	1	1		
c11004u0_propertyAccess1.ts	0	0	0	0	1	1	1		
c11005u0_propertyAccess2.ts	0	0	0	0	1	1	1		
c11006u0_propertyAccess3.ts	0	0	0	0	1	1	1		
c11007u0_propertyAccess4.ts	0	0	0	0	1	1	1		
c11008u0_propertyAccess5.ts	0	0	0	0	1	1	1		
c11009u0_propertyAccess6.ts	0	0	0	0	1	1	1		
c11010u0_propertyAccess7.ts	0	0	0	0	1	1	1		
c11011u0_propertyAccessExpressionInnerComments.ts	0	0	0	0	1	1	1		
c11012u0_propertyAccessOfReadonlyIndexSignature.ts	0	0	0	0	1	1	1		
c11013u0_propertyAccessOnObjectLiteral.ts	0	0	0	0	1	1	1		
c11014u0_propertyAccessibility1.ts	0	0	0	0	1	1	1		
c11015u0_propertyAccessibility2.ts	0	0	0	0	1	1	1		
c11016u0_propertyAssignment.ts	0	0	0	0	1	1	1		
c11017u0_propertyIdentityWithPrivacyMismatch_0.ts	0	0	0	0	1	1	1		
c11017u1_propertyIdentityWithPrivacyMismatch_1.ts	0	0	0	0	1	1	1		
c11018u0_propertyNamesWithStringLiteral.ts	0	0	0	0	1	1	1		
c11019u0_propertyOrdering.ts	0	0	0	0	1	1	1		
c11020u0_propertyOrdering2.ts	0	0	0	0	1	1	1		
c11021u0_propertyOverridingPrototype.ts	0	0	0	0	1	1	1		
c11022u0_propertyParameterWithQuestionMark.ts	0	0	0	0	1	1	1		
c11023u0_propertySignatures.ts	0	0	0	0	1	1	1		
c11024u0_propertyWrappedInTry.ts	0	0	5	5	1	1	1		
c11025u0_protectedAccessThroughContextualThis.ts	0	0	0	0	1	1	1		
c11026u0_protectedMembers.ts	0	0	0	0	1	1	1		
c11027u0_protectedMembersThisParameter.ts	0	0	0	0	1	1	1		
c11028u0_protoAsIndexInIndexExpression_0.ts	0	0	0	0	1	1	1		
c11028u1_protoAsIndexInIndexExpression_1.ts	0	0	0	0	1	1	1		
c11029u0_protoAssignment.ts	0	0	0	0	1	1	1		
c11030u0_protoInIndexer.ts	0	0	0	0	1	1	1		
c11031u0_prototypeInstantiatedWithBaseConstraint.ts	0	0	0	0	1	1	1		
c11032u0_prototypeOnConstructorFunctions.ts	0	0	0	0	1	1	1		
c11033u0_prototypes.ts	0	0	0	0	1	1	1		
c11034u0_publicGetterProtectedSetterFromThisParameter.ts	0	0	0	0	1	1	1		
c11035u0_publicMemberImplementedAsPrivateInDerivedClass.ts	0	0	0	0	1	1	1		
c11037u0_qualifiedModuleLocals.ts	0	0	0	0	1	1	1		
c11038u0_qualifiedName_ImportDeclarations-entity-names-referencing-a-var.ts	0	0	0	0	1	1	1		
c11039u0_qualifiedName_entity-name-resolution-does-not-affect-class-heritage.ts	0	0	0	0	1	1	1		
c11040u0_qualify.ts	0	0	0	0	1	1	1		
c11041u0_quickIntersectionCheckCorrectlyCachesErrors.tsx	0	0	0	0	1	1	1		
c11042u0_quickinfoTypeAtReturnPositionsInaccurate.ts	1	0	0	0	1	1	1		
c11043u0_quotedAccessorName1.ts	0	0	0	0	1	1	1		
c11044u0_quotedAccessorName2.ts	0	0	0	0	1	1	1		
c11045u0_quotedFunctionName1.ts	0	0	0	0	1	1	1		
c11046u0_quotedFunctionName2.ts	0	0	0	0	1	1	1		
c11047u0_quotedModuleNameMustBeAmbient.ts	0	0	0	0	1	1	1		
c11048u0_quotedPropertyName1.ts	0	0	0	0	1	1	1		
c11049u0_quotedPropertyName2.ts	0	0	0	0	1	1	1		
c11050u0_quotedPropertyName3.ts	0	0	0	0	1	1	1		
c11051u0_raiseErrorOnParameterProperty.ts	0	0	0	0	1	1	1		
c11052u0_ramdaToolsNoInfinite.ts	0	0	0	0	1	1	1		
c11053u0_ramdaToolsNoInfinite2.ts	0	0	0	0	1	1	1		
c11054u0_randomSemicolons1.ts	0	0	0	0	1	1	1		
c11055u0_file1.d.ts	0	0	0	0	1	1	1		
c11055u1_file2.ts	0	0	0	0	1	1	1		
c11056u0_file1.d.ts	0	0	0	0	1	1	1		
c11056u1_file2.ts	0	0	0	0	1	1	1		
c11057u0_file1.d.ts	0	0	0	0	1	1	1		
c11057u1_file2.ts	0	0	0	0	1	1	1		
c11058u0_file1.d.ts	0	0	0	0	1	1	1		
c11058u1_file2.ts	0	0	0	0	1	1	1		
c11059u0_a.ts	0	0	0	0	1	1	1		
c11060u0_a.ts	0	0	0	0	1	1	1		
c11060u1_b.ts	0	0	0	0	1	1	1		
c11061u0_reachabilityCheckWithEmptyDefault.ts	0	0	0	0	1	1	1		
c11062u0_reachabilityChecks1.ts	0	0	0	0	1	1	1		
c11063u0_reachabilityChecks10.ts	0	0	0	0	1	1	1		
c11064u0_reachabilityChecks11.ts	0	0	0	0	1	1	1		
c11065u0_reachabilityChecks2.ts	0	0	0	0	1	1	1		
c11066u0_reachabilityChecks3.ts	0	0	0	0	1	1	1		
c11067u0_reachabilityChecks4.ts	0	0	0	0	1	1	1		
c11068u0_reachabilityChecks5.ts	0	0	0	0	1	1	1		
c11069u0_reachabilityChecks6.ts	0	0	0	0	1	1	1		
c11070u0_reachabilityChecks7.ts	0	0	0	0	1	1	1		
c11071u0_reachabilityChecks8.ts	0	0	0	0	1	1	1		
c11072u0_reachabilityChecks9.ts	0	0	0	0	1	1	1		
c11073u0_reachabilityChecksIgnored.ts	0	0	0	0	1	1	1		
c11074u0_reachabilityChecksNoCrash1.ts	0	0	19	19	1	1	1		
c11075u0_reactDefaultPropsInferenceSuccess.tsx	0	0	0	0	1	1	1		
c11076u0_reactHOCSpreadprops.tsx	0	0	0	0	1	1	1		
c11077u0_react.d.ts	0	0	0	0	1	1	1		
c11078u0_index.tsx	0	0	0	0	1	1	1		
c11079u0_file.tsx	0	0	0	0	1	1	1		
c11079u1_index.d.ts	0	0	0	0	1	1	1		
c11079u2_jsx-runtime.d.ts	0	0	0	0	1	1	1		
c11079u3_jsx-dev-runtime.d.ts	0	0	0	0	1	1	1		
c11080u0_file.tsx	0	0	0	0	1	1	1		
c11080u1_index.d.ts	0	0	0	0	1	1	1		
c11080u2_jsx-runtime.d.ts	0	0	0	0	1	1	1		
c11080u3_jsx-dev-runtime.d.ts	0	0	0	0	1	1	1		
c11081u0_modules.d.ts	0	0	0	0	1	1	1		
c11081u1_test.tsx	0	0	0	0	1	1	1		
c11082u0_reactNamespaceInvalidInput.tsx	0	0	0	0	1	1	1		
c11083u0_reactNamespaceJSXEmit.tsx	0	0	0	0	1	1	1		
c11084u0_reactNamespaceMissingDeclaration.tsx	0	0	0	0	1	1	1		
c11085u0_reactReadonlyHOCAssignabilityReal.tsx	0	0	0	0	1	1	1		
c11086u0_reactReduxLikeDeferredInferenceAllowsAssignment.ts	0	0	0	0	1	1	1		
c11087u0_reactSFCAndFunctionResolvable.tsx	0	0	0	0	1	1	1		
c11088u0_reactTagNameComponentWithPropsNoOOM.tsx	0	0	0	0	1	1	1		
c11089u0_reactTagNameComponentWithPropsNoOOM2.tsx	0	0	0	0	1	1	1		
c11090u0_index.d.ts	0	0	0	0	1	1	1		
c11090u1_index.d.ts	0	0	0	0	1	1	1		
c11090u2_index.d.ts	0	0	0	0	1	1	1		
c11090u3_index.d.ts	0	0	0	0	1	1	1		
c11090u4_index.ts	0	0	0	0	1	1	1		
c11091u0_readonlyAssignmentInSubclassOfClassExpression.ts	0	0	0	0	1	1	1		
c11092u0_readonlyFloat32ArrayAssignableWithFloat32Array.ts	0	0	0	0	1	1	1		
c11093u0_readonlyInDeclarationFile.ts	0	0	0	0	1	1	1		
c11094u0_readonlyInNonPropertyParameters.ts	0	0	0	0	1	1	1		
c11095u0_readonlyMembers.ts	0	0	0	0	1	1	1		
c11096u0_one.ts	0	0	0	0	1	1	1		
c11096u1_two.ts	0	0	0	0	1	1	1		
c11096u2_three.ts	0	0	0	0	1	1	1		
c11096u3_four.ts	0	0	0	0	1	1	1		
c11097u0_readonlyTupleAndArrayElaboration.ts	0	0	0	0	1	1	1		
c11098u0_reassignStaticProp.ts	0	0	0	0	1	1	1		
c11099u0_reboundBaseClassSymbol.ts	0	0	0	0	1	1	1		
c11100u0_reboundIdentifierOnImportAlias.ts	0	0	0	0	1	1	1		
c11101u0_rectype.ts	0	0	0	0	1	1	1		
c11102u0_recur1.ts	0	0	0	0	1	1	1		
c11103u0_recursiveArrayNotCircular.ts	0	0	0	0	1	1	1		
c11104u0_recursiveBaseCheck.ts	0	0	0	0	1	1	1		
c11105u0_recursiveBaseCheck2.ts	0	1	0	0	1	1	1		
c11106u0_recursiveBaseCheck3.ts	0	0	0	0	1	1	1		
c11107u0_recursiveBaseCheck4.ts	0	0	0	0	1	1	1		
c11108u0_recursiveBaseCheck5.ts	0	0	0	0	1	1	1		
c11109u0_recursiveBaseCheck6.ts	0	0	0	0	1	1	1		
c11110u0_recursiveBaseConstructorCreation1.ts	0	0	0	0	1	1	1		
c11111u0_recursiveBaseConstructorCreation2.ts	0	0	0	0	1	1	1		
c11112u0_recursiveBaseConstructorCreation3.ts	0	0	0	0	1	1	1		
c11113u0_recursiveClassBaseType.ts	0	0	0	0	1	1	1		
c11114u0_recursiveClassInstantiationsWithDefaultConstructors.ts	0	0	0	0	1	1	1		
c11115u0_recursiveClassReferenceTest.ts	0	1	0	0	1	1	1		
c11116u0_recursiveCloduleReference.ts	0	0	0	0	1	1	1		
c11117u0_recursiveComplicatedClasses.ts	0	0	0	0	1	1	1		
c11118u0_recursiveConditionalCrash1.ts	0	0	0	0	1	1	1		
c11119u0_recursiveConditionalCrash2.ts	0	0	0	0	1	1	1		
c11120u0_recursiveConditionalCrash3.ts	1	0	0	0	0	1	1		
c11121u0_recursiveConditionalCrash4.ts	0	0	0	0	1	1	1		
c11122u0_recursiveConditionalEvaluationNonInfinite.ts	0	0	0	0	1	1	1		
c11123u0_recursiveConditionalTypes.ts	0	0	0	0	1	1	1		
c11124u0_recursiveConditionalTypes2.ts	0	0	0	0	1	1	1		
c11125u0_recursiveExcessPropertyChecks.ts	0	0	0	0	1	1	1		
c11126u0_recursiveExportAssignmentAndFindAliasedType1_moduleDef.d.ts	0	0	0	0	1	1	1		
c11126u1_recursiveExportAssignmentAndFindAliasedType1_moduleB.ts	0	0	0	0	1	1	1		
c11126u2_recursiveExportAssignmentAndFindAliasedType1_moduleA.ts	0	0	0	0	1	1	1		
c11127u0_recursiveExportAssignmentAndFindAliasedType2_moduleDef.d.ts	0	0	0	0	1	1	1		
c11127u1_recursiveExportAssignmentAndFindAliasedType2_moduleB.ts	0	0	0	0	1	1	1		
c11127u2_recursiveExportAssignmentAndFindAliasedType2_moduleA.ts	0	0	0	0	1	1	1		
c11128u0_recursiveExportAssignmentAndFindAliasedType3_moduleDef.d.ts	0	0	0	0	1	1	1		
c11128u1_recursiveExportAssignmentAndFindAliasedType3_moduleB.ts	0	0	0	0	1	1	1		
c11128u2_recursiveExportAssignmentAndFindAliasedType3_moduleA.ts	0	0	0	0	1	1	1		
c11129u0_recursiveExportAssignmentAndFindAliasedType4_moduleC.ts	0	0	0	0	1	1	1		
c11129u1_recursiveExportAssignmentAndFindAliasedType4_moduleB.ts	0	0	0	0	1	1	1		
c11129u2_recursiveExportAssignmentAndFindAliasedType4_moduleA.ts	0	0	0	0	1	1	1		
c11130u0_recursiveExportAssignmentAndFindAliasedType5_moduleC.ts	0	0	0	0	1	1	1		
c11130u1_recursiveExportAssignmentAndFindAliasedType5_moduleD.ts	0	0	0	0	1	1	1		
c11130u2_recursiveExportAssignmentAndFindAliasedType5_moduleB.ts	0	0	0	0	1	1	1		
c11130u3_recursiveExportAssignmentAndFindAliasedType5_moduleA.ts	0	0	0	0	1	1	1		
c11131u0_recursiveExportAssignmentAndFindAliasedType6_moduleC.ts	0	0	0	0	1	1	1		
c11131u1_recursiveExportAssignmentAndFindAliasedType6_moduleD.ts	0	0	0	0	1	1	1		
c11131u2_recursiveExportAssignmentAndFindAliasedType6_moduleE.ts	0	0	0	0	1	1	1		
c11131u3_recursiveExportAssignmentAndFindAliasedType6_moduleB.ts	0	0	0	0	1	1	1		
c11131u4_recursiveExportAssignmentAndFindAliasedType6_moduleA.ts	0	0	0	0	1	1	1		
c11132u0_recursiveExportAssignmentAndFindAliasedType7_moduleC.ts	0	0	0	0	1	1	1		
c11132u1_recursiveExportAssignmentAndFindAliasedType7_moduleD.ts	0	0	0	0	1	1	1		
c11132u2_recursiveExportAssignmentAndFindAliasedType7_moduleE.ts	0	0	0	0	1	1	1		
c11132u3_recursiveExportAssignmentAndFindAliasedType7_moduleB.ts	0	0	0	0	1	1	1		
c11132u4_recursiveExportAssignmentAndFindAliasedType7_moduleA.ts	0	0	0	0	1	1	1		
c11133u0_recursiveFieldSetting.ts	0	0	0	0	1	1	1		
c11134u0_recursiveFunctionTypes.ts	0	0	0	0	1	1	1		
c11135u0_recursiveFunctionTypes1.ts	0	0	0	0	1	1	1		
c11136u0_recursiveGenericMethodCall.ts	0	0	0	0	1	1	1		
c11137u0_recursiveGenericSignatureInstantiation.ts	0	0	0	0	1	1	1		
c11138u0_recursiveGenericSignatureInstantiation2.ts	0	0	0	0	1	1	1		
c11139u0_recursiveGenericTypeHierarchy.ts	0	0	0	0	1	1	1		
c11140u0_recursiveGenericUnionType1.ts	0	0	0	0	1	1	1		
c11141u0_recursiveGenericUnionType2.ts	0	0	0	0	1	1	1		
c11142u0_recursiveGetterAccess.ts	0	0	0	0	1	1	1		
c11143u0_recursiveIdenticalAssignment.ts	0	0	0	0	1	1	1		
c11144u0_recursiveIdenticalOverloadResolution.ts	0	0	0	0	1	1	1		
c11145u0_recursiveInference1.ts	0	0	0	0	1	1	1		
c11146u0_recursiveInferenceBug.ts	0	0	0	0	1	1	1		
c11147u0_recursiveInheritance.ts	0	0	0	0	1	1	1		
c11148u0_recursiveInheritance2.ts	0	0	0	0	1	1	1		
c11149u0_recursiveInheritance3.ts	0	0	0	0	1	1	1		
c11150u0_recursiveInheritanceGeneric.ts	0	0	0	0	1	1	1		
c11151u0_recursiveLetConst.ts	0	0	0	0	1	1	1		
c11152u0_recursiveMods.ts	0	0	0	0	1	1	1		
c11153u0_recursiveNamedLambdaCall.ts	0	0	0	0	1	1	1		
c11154u0_recursiveObjectLiteral.ts	0	0	0	0	1	1	1		
c11155u0_recursiveProperties.ts	0	0	0	0	1	1	1		
c11156u0_types.ts	0	0	0	0	1	1	1		
c11157u0_recursiveResolveTypeMembers.ts	0	0	0	0	1	1	1		
c11158u0_recursiveReturns.ts	0	0	0	0	1	1	1		
c11159u0_recursiveReverseMappedType.ts	0	0	0	0	1	1	1		
c11160u0_recursiveSpecializationOfExtendedTypeWithError.ts	0	0	0	0	1	1	1		
c11161u0_recursiveSpecializationOfSignatures.ts	0	0	0	0	1	1	1		
c11162u0_recursiveTupleTypeInference.ts	0	0	0	0	1	1	1		
c11163u0_recursiveTupleTypes1.ts	0	0	0	0	1	1	1		
c11164u0_recursiveTupleTypes2.ts	0	0	0	0	1	1	1		
c11165u0_recursiveTypeAliasWithSpreadConditionalReturnNotCircular.ts	0	0	0	0	1	1	1		
c11166u0_recursiveTypeComparison.ts	0	0	0	0	1	1	1		
c11167u0_recursiveTypeComparison2.ts	0	0	0	0	1	1	1		
c11168u0_recursiveTypeIdentity.ts	0	0	0	0	1	1	1		
c11169u0_recursiveTypeParameterConstraintReferenceLacksTypeArgs.ts	0	0	0	0	1	1	1		
c11170u0_recursiveTypeParameterReferenceError1.ts	0	0	0	0	1	1	1		
c11171u0_recursiveTypeParameterReferenceError2.ts	0	0	0	0	1	1	1		
c11172u0_recursiveTypeRelations.ts	0	0	0	0	1	1	1		
c11173u0_recursiveTypes1.ts	0	0	0	0	1	1	1		
c11174u0_recursiveUnionTypeInference.ts	0	0	0	0	1	1	1		
c11175u0_recursivelyExpandingUnionNoStackoverflow.ts	0	0	0	0	1	1	1		
c11176u0_recursivelySpecializedConstructorDeclaration.ts	0	1	0	0	1	1	1		
c11177u0_redeclarationOfVarWithGenericType.ts	0	0	0	0	1	1	1		
c11178u0_redeclareParameterInCatchBlock.ts	0	0	0	0	1	1	1		
c11179u0_redefineArray.ts	0	0	0	0	1	1	1		
c11180u0_reducibleIndexedAccessTypes.ts	0	0	0	0	1	1	1		
c11181u0_schema.d.ts	0	0	0	0	1	1	1		
c11181u1_reexporter.d.ts	0	0	0	0	1	1	1		
c11181u2_usage.ts	0	0	0	0	1	1	1		
c11182u0_b.ts	0	0	0	0	1	1	1		
c11182u1_a.ts	0	0	0	0	1	1	1		
c11183u0_b.ts	0	0	0	0	1	1	1		
c11183u1_a.ts	0	0	0	0	1	1	1		
c11184u0_b.ts	0	0	0	0	1	1	1		
c11184u1_a.ts	0	0	0	0	1	1	1		
c11185u0_b.ts	0	0	0	0	1	1	1		
c11185u1_a.ts	0	0	0	0	1	1	1		
c11186u0_b.d.ts	0	0	0	0	1	1	1		
c11186u1_a.ts	0	0	0	0	1	1	1		
c11187u0_b.d.ts	0	0	0	0	1	1	1		
c11187u1_a.ts	0	0	0	0	1	1	1		
c11188u0_b.ts	0	0	0	0	1	1	1		
c11188u1_a.ts	0	0	0	0	1	1	1		
c11189u0_b.ts	0	0	0	0	1	1	1		
c11189u1_a.ts	0	0	0	0	1	1	1		
c11190u0_b.ts	0	0	0	0	1	1	1		
c11190u1_a.ts	0	0	0	0	1	1	1		
c11191u0_gridview.ts	0	0	0	0	1	1	1		
c11191u1_index.ts	0	0	0	0	1	1	1		
c11192u0_ThingA.ts	0	0	0	0	1	1	1		
c11192u1_ThingB.ts	0	0	0	0	1	1	1		
c11192u2_Things.ts	0	0	0	0	1	1	1		
c11192u3_Test.ts	0	0	0	0	1	1	1		
c11193u0_second.d.ts	0	0	0	0	1	1	1		
c11193u1_first.d.ts	0	0	0	0	1	1	1		
c11193u2_crash.ts	0	0	0	0	1	1	1		
c11194u0_referenceSatisfiesExpression.ts	0	0	0	0	1	1	1		
c11195u0_index.d.ts	0	0	0	0	1	1	1		
c11195u1_usage.ts	0	0	0	0	1	1	1		
c11196u0_regExpWithOpenBracketInCharClass.ts	0	0	0	0	1	1	1		
c11197u0_regExpWithSlashInCharClass.ts	0	0	0	0	1	1	1		
c11198u0_regexMatchAll-esnext.ts	0	0	0	0	1	1	1		
c11199u0_regexMatchAll.ts	0	0	0	0	1	1	1		
c11200u0_regexpExecAndMatchTypeUsages.ts	0	0	0	0	1	1	1		
c11201u0_regularExpressionAnnexB.ts	0	0	0	0	1	1	1		
c11202u0_regularExpressionCharacterClassRangeOrder.ts	0	0	0	0	1	1	1		
c11203u0_regularExpressionExtendedUnicodeEscapes.ts	0	0	0	0	1	1	1		
c11204u0_regularExpressionGroupNameSuggestions.ts	0	0	0	0	1	1	1		
c11205u0_regularExpressionScanning.ts	0	0	0	0	1	1	1		
c11206u0_regularExpressionUnicodePropertyValueExpressionSuggestions.ts	0	0	0	0	1	1	1		
c11207u0_regularExpressionWithNonBMPFlags.ts	0	0	0	0	1	1	1		
c11208u0_relatedViaDiscriminatedTypeNoError.ts	0	0	0	0	1	1	1		
c11209u0_relatedViaDiscriminatedTypeNoError2.ts	0	0	0	0	1	1	1		
c11210u0_relationComplexityError.ts	0	0	0	0	1	1	1		
c11211u0_relationalOperatorComparable.ts	0	0	0	0	1	1	1		
c11212u0_a.ts	0	0	0	0	1	1	1		
c11212u1_b.ts	0	0	0	0	1	1	1		
c11213u0_renamingDestructuredPropertyInFunctionType.ts	0	0	0	0	1	1	1		
c11214u0_a.d.ts	0	0	0	0	1	1	1		
c11215u0_renamingDestructuredPropertyInFunctionType3.ts	0	0	0	0	1	1	1		
c11216u0_reorderProperties.ts	0	0	0	0	1	1	1		
c11217u2_m2.ts	0	0	0	0	1	1	1		
c11218u0_requireEmitSemicolon_0.ts	0	0	0	0	1	1	1		
c11218u1_requireEmitSemicolon_1.ts	0	0	0	0	1	1	1		
c11219u0_requireOfAnEmptyFile1_a.ts	0	0	0	0	1	1	1		
c11219u1_requireOfAnEmptyFile1_b.ts	0	0	0	0	1	1	1		
c11220u0_file1.ts	0	0	0	0	1	1	1		
c11222u0_file1.ts	0	0	0	0	1	1	1		
c11223u0_file1.ts	0	0	0	0	1	1	1		
c11224u0_file1.ts	0	0	0	0	1	1	1		
c11224u1_f.ts	0	0	0	0	1	1	1		
c11225u0_file1.ts	0	0	0	0	1	1	1		
c11226u0_file1.ts	0	0	0	0	1	1	1		
c11227u0_file1.ts	0	0	0	0	1	1	1		
c11228u0_file1.ts	0	0	0	0	1	1	1		
c11229u0_file1.ts	0	0	0	0	1	1	1		
c11230u0_file1.ts	0	0	0	0	1	1	1		
c11231u0_file1.ts	0	0	0	0	1	1	1		
c11232u0_file1.ts	0	0	0	0	1	1	1		
c11233u0_file1.ts	0	0	0	0	1	1	1		
c11234u0_file1.ts	0	0	0	0	1	1	1		
c11235u0_file1.ts	0	0	0	0	1	1	1		
c11236u0_file1.ts	0	0	0	0	1	1	1		
c11237u0_file1.ts	0	0	0	0	1	1	1		
c11238u0_file1.ts	0	0	0	0	1	1	1		
c11239u0_file1.ts	0	0	0	0	1	1	1		
c11240u0_file1.ts	0	0	0	0	1	1	1		
c11241u0_file1.ts	0	0	0	0	1	1	1		
c11242u0_file1.ts	0	0	0	0	1	1	1		
c11243u0_file1.ts	0	0	0	0	1	1	1		
c11244u0_file1.ts	0	0	0	0	1	1	1		
c11245u0_file1.ts	0	0	0	0	1	1	1		
c11246u0_file1.ts	0	0	0	0	1	1	1		
c11247u0_file1.ts	0	0	0	0	1	1	1		
c11248u0_file1.ts	0	0	0	0	1	1	1		
c11249u0_file1.ts	0	0	0	0	1	1	1		
c11249u1_c.ts	0	0	0	0	1	1	1		
c11250u0_file1.ts	0	0	0	0	1	1	1		
c11251u0_file1.ts	0	0	0	0	1	1	1		
c11252u0_a.ts	0	0	0	0	1	1	1		
c11253u0_a.ts	0	0	0	0	1	1	1		
c11254u0_requiredInitializedParameter1.ts	0	0	0	0	1	1	1		
c11255u0_requiredInitializedParameter2.ts	0	0	0	0	1	1	1		
c11256u0_requiredInitializedParameter3.ts	0	0	0	0	1	1	1		
c11257u0_requiredInitializedParameter4.ts	0	0	0	0	1	1	1		
c11258u0_requiredMappedTypeModifierTrumpsVariance.ts	0	0	0	0	1	1	1		
c11259u0_reservedNameOnInterfaceImport.ts	0	0	0	0	1	1	1		
c11260u0_reservedNameOnModuleImport.ts	0	0	0	0	1	1	1		
c11261u0_reservedNameOnModuleImportWithInterface.ts	0	0	0	0	1	1	1		
c11262u0_reservedWords.ts	0	0	0	0	1	1	1		
c11263u0_reservedWords2.ts	0	0	23	23	1	1	1		
c11264u0_reservedWords3.ts	0	0	10	10	1	1	1		
c11265u0_index.ts	0	0	0	0	1	1	1		
c11265u1_test.ts	0	0	0	0	1	1	1		
c11266u0_bar.ts	0	0	0	0	1	1	1		
c11266u1_main.d.ts	0	0	0	0	1	1	1		
c11266u2_test.ts	0	0	0	0	1	1	1		
c11267u0_resolveInterfaceNameWithSameLetDeclarationName1.ts	0	0	0	0	1	1	1		
c11268u0_resolveInterfaceNameWithSameLetDeclarationName2.ts	0	0	0	0	1	1	1		
c11269u0_resolveModuleNameWithSameLetDeclarationName1.ts	0	0	0	0	1	1	1		
c11270u0_resolveModuleNameWithSameLetDeclarationName2.ts	0	0	0	0	1	1	1		
c11271u0_node.d.ts	0	0	0	0	1	1	1		
c11271u1_ns.ts	0	0	0	0	1	1	1		
c11272u0_resolveTypeAliasWithSameLetDeclarationName1.ts	0	0	0	0	1	1	1		
c11273u0_resolvingClassDeclarationWhenInBaseTypeResolution.ts	0	0	0	0	1	1	1		
c11274u0_restArgAssignmentCompat.ts	0	0	0	0	1	1	1		
c11275u0_restArgMissingName.ts	0	0	1	1	1	1	1		
c11276u0_restElementAssignable.ts	0	0	0	0	1	1	1		
c11277u0_restElementWithNumberPropertyName.ts	0	0	0	0	1	1	1		
c11278u0_restIntersection.ts	0	0	0	0	1	1	1		
c11279u0_restInvalidArgumentType.ts	0	0	0	0	1	1	1		
c11280u0_restParamAsOptional.ts	0	0	0	0	1	1	1		
c11281u0_restParamModifier.ts	0	0	1	1	1	1	1		
c11282u0_restParamModifier2.ts	0	0	0	0	1	1	1		
c11283u0_restParamUsingMappedTypeOverUnionConstraint.ts	0	0	0	0	1	1	1		
c11284u0_restParameterAssignmentCompatibility.ts	0	0	0	0	1	1	1		
c11285u0_restParameterNoTypeAnnotation.ts	0	0	0	0	1	1	1		
c11286u0_restParameterNotLast.ts	0	0	0	0	1	1	1		
c11287u0_restParameterTypeInstantiation.ts	0	0	0	0	1	1	1		
c11288u0_restParameterWithBindingPattern1.ts	0	0	0	0	1	1	1		
c11289u0_restParameterWithBindingPattern2.ts	0	0	0	0	1	1	1		
c11290u0_restParameterWithBindingPattern3.ts	0	0	0	0	1	1	1		
c11291u0_restParameters.ts	0	0	0	0	1	1	1		
c11292u0_restParamsWithNonRestParams.ts	0	0	0	0	1	1	1		
c11293u0_restTypeRetainsMappyness.ts	0	0	0	0	1	1	1		
c11294u0_restUnion.ts	0	0	0	0	1	1	1		
c11295u0_restUnion2.ts	0	0	0	0	1	1	1		
c11296u0_restUnion3.ts	0	0	0	0	1	1	1		
c11298u0_returnInConstructor1.ts	0	0	0	0	1	1	1		
c11299u0_returnInfiniteIntersection.ts	0	0	0	0	1	1	1		
c11300u0_returnStatement1.ts	0	0	0	0	1	1	1		
c11301u0_returnTypeInferenceContextualParameterTypesInGenerator1.ts	0	0	0	0	1	1	1		
c11302u0_returnTypeInferenceContextualTypeIgnoreAnyUnknown1.ts	0	0	0	0	1	1	1		
c11303u0_returnTypeInferenceNotTooBroad.ts	0	0	0	0	1	1	1		
c11304u0_returnTypeParameter.ts	0	0	0	0	1	1	1		
c11305u0_returnTypeParameterWithModules.ts	0	0	0	0	1	1	1		
c11306u0_returnTypePredicateIsInstantiateInContextOfTarget.tsx	0	0	0	0	1	1	1		
c11307u0_returnTypeTypeArguments.ts	0	0	0	0	1	1	1		
c11308u0_returnValueInSetter.ts	0	0	0	0	1	1	1		
c11309u0_reuseInnerModuleMember_0.ts	0	0	0	0	1	1	1		
c11309u1_reuseInnerModuleMember_1.ts	0	0	0	0	1	1	1		
c11310u0_contractHelper.d.ts	0	0	0	0	1	1	1		
c11310u1_exported.d.ts	0	0	0	0	1	1	1		
c11311u0_reverseInferenceInContextualInstantiation.ts	0	0	0	0	1	1	1		
c11312u0_reverseMappedContravariantInference.ts	0	0	0	0	1	1	1		
c11313u0_reverseMappedIntersectionInference1.ts	0	0	0	0	1	1	1		
c11314u0_reverseMappedIntersectionInference2.ts	0	0	0	0	1	1	1		
c11315u0_reverseMappedPartiallyInferableTypes.ts	0	0	0	0	1	1	1		
c11316u0_reverseMappedTupleContext.ts	0	0	0	0	1	1	1		
c11317u0_reverseMappedTypeAssignableToIndex.ts	0	0	0	0	1	1	1		
c11318u0_reverseMappedTypeContextualTypeNotCircular.ts	0	0	0	0	1	1	1		
c11319u0_reverseMappedTypeContextualTypesPerElementOfTupleConstraint.ts	0	0	0	0	1	1	1		
c11320u0_reverseMappedTypeDeepDeclarationEmit.ts	0	0	0	0	1	1	1		
c11321u0_reverseMappedTypeInferenceSameSource1.ts	0	0	0	0	1	1	1		
c11322u0_reverseMappedTypeInferenceWidening1.ts	0	0	0	0	1	1	1		
c11323u0_reverseMappedTypeInferenceWidening2.ts	0	0	0	0	1	1	1		
c11324u0_reverseMappedTypeIntersectionConstraint.ts	0	0	0	0	1	1	1		
c11325u0_reverseMappedTypeLimitedConstraint.ts	0	0	0	0	1	1	1		
c11326u0_reverseMappedTypePrimitiveConstraintProperty.ts	0	0	0	0	1	1	1		
c11327u0_reverseMappedTypeRecursiveInference.ts	0	0	0	0	1	1	1		
c11328u0_reverseMappedUnionInference.ts	0	0	0	0	1	1	1		
c11329u0_reversedRecusiveTypeInstantiation.ts	0	0	0	0	1	1	1		
c11330u0_satisfiesEmit.ts	0	0	0	0	1	1	1		
c11331u0_scopeCheckClassProperty.ts	0	0	0	0	1	1	1		
c11332u0_scopeCheckExtendedClassInsidePublicMethod2.ts	0	0	0	0	1	1	1		
c11333u0_scopeCheckExtendedClassInsideStaticMethod1.ts	0	0	0	0	1	1	1		
c11334u0_scopeCheckInsidePublicMethod1.ts	0	0	0	0	1	1	1		
c11335u0_scopeCheckInsideStaticMethod1.ts	0	0	0	0	1	1	1		
c11336u0_scopeCheckStaticInitializer.ts	0	0	0	0	1	1	1		
c11337u0_scopeTests.ts	0	0	0	0	1	1	1		
c11338u0_scopingInCatchBlocks.ts	0	0	0	0	1	1	1		
c11339u0_selfInCallback.ts	0	0	0	0	1	1	1		
c11340u0_selfInLambdas.ts	0	0	0	0	1	1	1		
c11341u0_indirect1.ts	0	0	0	0	1	1	1		
c11341u1_indirect2.ts	0	0	0	0	1	1	1		
c11341u2_main.ts	0	0	0	0	1	1	1		
c11342u0_selfRef.ts	0	0	0	0	1	1	1		
c11343u0_selfReference.ts	0	0	0	0	1	1	1		
c11344u0_selfReferencesInFunctionParameters.ts	0	0	0	0	1	1	1		
c11345u0_selfReferencingFile.ts	0	0	0	0	1	1	1		
c11346u0_selfReferencingFile2.ts	0	0	0	0	1	1	1		
c11347u0_selfReferencingFile3.ts	0	0	0	0	1	1	1		
c11348u0_selfReferencingSpreadInLoop.ts	0	0	0	0	1	1	1		
c11349u0_selfReferencingTypeReferenceInference.ts	0	0	0	0	1	1	1		
c11351u0_selfReferentialFunctionType.ts	0	0	0	0	1	1	1		
c11352u0_semicolonsInModuleDeclarations.ts	0	0	0	0	1	1	1		
c11353u0_separate1-1.ts	0	0	0	0	1	1	1		
c11354u0_separate1-2.ts	0	0	0	0	1	1	1		
c11355u0_setMethods.ts	0	0	0	0	1	1	1		
c11356u0_setterBeforeGetter.ts	0	0	0	0	1	1	1		
c11357u0_setterWithReturn.ts	0	0	0	0	1	1	1		
c11358u0_shadowPrivateMembers.ts	0	0	0	0	1	1	1		
c11359u0_shadowedFunctionScopedVariablesByBlockScopedOnes.ts	0	0	0	0	1	1	1		
c11360u0_shadowedReservedCompilerDeclarationsWithNoEmit.ts	0	0	0	0	1	1	1		
c11361u0_shadowingViaLocalValue.ts	0	0	0	0	1	1	1		
c11362u0_shadowingViaLocalValueOrBindingElement.ts	0	0	0	0	1	1	1		
c11363u0_shebang.ts	0	0	0	0	1	1	1		
c11364u0_f.d.ts	0	0	0	0	1	1	1		
c11364u1_f.ts	0	0	0	0	1	1	1		
c11365u0_shebangError.ts	0	0	2	2	1	1	1		
c11366u0_test.ts	0	0	0	0	1	1	1		
c11367u0_test.ts	0	0	0	0	1	1	1		
c11368u0_test.ts	0	0	0	0	1	1	1		
c11369u0_shorthandOfExportedEntity01_targetES2015_CommonJS.ts	0	0	0	0	1	1	1		
c11370u0_shorthandOfExportedEntity02_targetES5_CommonJS.ts	0	0	0	0	1	1	1		
c11371u0_existingModule.ts	0	0	0	0	1	1	1		
c11371u1_test.ts	0	0	0	0	1	1	1		
c11372u0_shorthandPropertyAssignmentsInDestructuring.ts	0	0	0	0	1	1	1		
c11373u0_shorthandPropertyAssignmentsInDestructuring_ES6.ts	0	0	0	0	1	1	1		
c11374u0_shorthandPropertyUndefined.ts	0	0	0	0	1	1	1		
c11375u0_shouldNotPrintNullEscapesIntoOctalLiterals.ts	0	0	0	0	1	1	1		
c11376u0_sideEffectImports1.ts	0	0	0	0	1	1	1		
c11377u0_index.ts	0	0	0	0	1	1	1		
c11378u0_index.ts	0	0	0	0	1	1	1		
c11378u1_not-a-module.ts	0	0	0	0	1	1	1		
c11379u2_index.ts	0	0	0	0	1	1	1		
c11380u0_sigantureIsSubTypeIfTheyAreIdentical.ts	0	0	0	0	1	1	1		
c11381u0_signatureCombiningRestParameters1.ts	0	0	0	0	1	1	1		
c11382u0_signatureCombiningRestParameters2.ts	0	0	0	0	1	1	1		
c11383u0_signatureCombiningRestParameters3.ts	0	0	0	0	1	1	1		
c11384u0_signatureCombiningRestParameters4.ts	0	0	0	0	1	1	1		
c11385u0_signatureCombiningRestParameters5.ts	0	0	0	0	1	1	1		
c11386u0_signatureInstantiationWithRecursiveConstraints.ts	0	0	0	0	1	1	1		
c11387u0_signatureLengthMismatchCall.ts	0	0	0	0	1	1	1		
c11388u0_signatureLengthMismatchInOverload.ts	0	0	0	0	1	1	1		
c11389u0_signatureLengthMismatchWithOptionalParameters.ts	0	0	0	0	1	1	1		
c11390u0_signatureOverloadsWithComments.ts	1	0	0	0	0	1	1		
c11392u0_silentNeverPropagation.ts	0	0	0	0	1	1	1		
c11393u0_simpleArrowFunctionParameterReferencedInObjectLiteral1.ts	0	0	0	0	1	1	1		
c11394u0_simpleRecursionWithBaseCase1.ts	0	0	0	0	1	1	1		
c11395u0_simpleRecursionWithBaseCase2.ts	0	0	0	0	1	1	1		
c11396u0_simpleRecursionWithBaseCase3.ts	0	0	0	0	1	1	1		
c11397u0_simpleRecursionWithBaseCase4.ts	0	0	0	0	1	1	1		
c11398u0_simplifyingConditionalWithInteriorConditionalIsRelated.ts	0	0	0	0	1	1	1		
c11399u0_singletonLabeledTuple.ts	0	0	0	0	1	1	1		
c11400u0_slashBeforeVariableDeclaration1.ts	0	0	1	1	1	1	1		
c11401u0_sliceResultCast.ts	0	0	0	0	1	1	1		
c11402u0_slightlyIndirectedDeepObjectLiteralElaborations.ts	0	0	0	0	1	1	1		
c11403u0_sourceMap-Comment1.ts	0	0	0	0	1	1	1		
c11404u0_sourceMap-Comments.ts	0	1	0	0	1	1	1		
c11405u0_sourceMap-Comments2.ts	1	0	0	0	1	1	1		
c11406u0_sourceMap-EmptyFile1.ts	0	0	0	0	1	1	1		
c11407u0_sourceMap-FileWithComments.ts	1	0	0	0	0	1	1		
c11408u0_sourceMap-InterfacePrecedingVariableDeclaration1.ts	0	0	0	0	1	1	1		
c11409u0_sourceMap-LineBreaks.ts	0	0	0	0	1	1	1		
c11410u0_sourceMap-NewLine1.ts	0	0	0	0	1	1	1		
c11411u0_sourceMap-SemiColon1.ts	0	0	0	0	1	1	1		
c11412u0_sourceMap-SingleSpace1.ts	0	0	0	0	1	1	1		
c11413u0_sourceMap-SkippedNode.ts	0	0	0	0	1	1	1		
c11414u0_sourceMap-StringLiteralWithNewLine.ts	0	0	0	0	1	1	1		
c11415u0_sourceMapForFunctionInInternalModuleWithCommentPrecedingStatement01.ts	0	0	0	0	1	1	1		
c11416u0_sourceMapForFunctionWithCommentPrecedingStatement01.ts	0	0	0	0	1	1	1		
c11417u0____________________________U1_______U2______U3_______.ts	0	0	0	0	1	1	1		
c11418u0_sourceMapSample.ts	0	1	0	0	1	1	1		
c11419u0_sourceMapValidationClass.ts	0	0	0	0	1	1	1		
c11420u0_sourceMapValidationClassWithDefaultConstructor.ts	0	0	0	0	1	1	1		
c11421u0_sourceMapValidationClassWithDefaultConstructorAndCapturedThisStatement.ts	0	0	0	0	1	1	1		
c11422u0_sourceMapValidationClassWithDefaultConstructorAndExtendsClause.ts	0	0	0	0	1	1	1		
c11423u0_sourceMapValidationClasses.ts	0	1	0	0	1	1	1		
c11424u0_sourceMapValidationDebugger.ts	0	0	0	0	1	1	1		
c11425u0_sourceMapValidationDecorators.ts	0	0	0	0	1	1	1		
c11426u0_sourceMapValidationDestructuringForArrayBindingPattern.ts	0	0	0	0	1	1	1		
c11427u0_sourceMapValidationDestructuringForArrayBindingPattern2.ts	0	0	0	0	1	1	1		
c11428u0_sourceMapValidationDestructuringForArrayBindingPatternDefaultValues.ts	0	0	0	0	1	1	1		
c11429u0_sourceMapValidationDestructuringForArrayBindingPatternDefaultValues2.ts	0	0	0	0	1	1	1		
c11430u0_sourceMapValidationDestructuringForObjectBindingPattern.ts	0	0	0	0	1	1	1		
c11431u0_sourceMapValidationDestructuringForObjectBindingPattern2.ts	0	0	0	0	1	1	1		
c11432u0_sourceMapValidationDestructuringForObjectBindingPatternDefaultValues.ts	0	0	0	0	1	1	1		
c11433u0_sourceMapValidationDestructuringForObjectBindingPatternDefaultValues2.ts	0	0	0	0	1	1	1		
c11434u0_sourceMapValidationDestructuringForOfArrayBindingPattern.ts	0	0	0	0	1	1	1		
c11435u0_sourceMapValidationDestructuringForOfArrayBindingPattern2.ts	0	0	0	0	1	1	1		
c11436u0_sourceMapValidationDestructuringForOfArrayBindingPatternDefaultValues.ts	0	0	0	0	1	1	1		
c11437u0_sourceMapValidationDestructuringForOfArrayBindingPatternDefaultValues2.ts	0	0	0	0	1	1	1		
c11438u0_sourceMapValidationDestructuringForOfObjectBindingPattern.ts	0	0	0	0	1	1	1		
c11439u0_sourceMapValidationDestructuringForOfObjectBindingPattern2.ts	0	0	0	0	1	1	1		
c11440u0_sourceMapValidationDestructuringForOfObjectBindingPatternDefaultValues.ts	0	0	0	0	1	1	1		
c11441u0_sourceMapValidationDestructuringForOfObjectBindingPatternDefaultValues2.ts	0	0	0	0	1	1	1		
c11442u0_sourceMapValidationDestructuringParameterNestedObjectBindingPattern.ts	0	0	0	0	1	1	1		
c11443u0_sourceMapValidationDestructuringParameterNestedObjectBindingPatternDefaultValues.ts	0	0	0	0	1	1	1		
c11444u0_sourceMapValidationDestructuringParameterObjectBindingPattern.ts	0	0	0	0	1	1	1		
c11445u0_sourceMapValidationDestructuringParameterObjectBindingPatternDefaultValues.ts	0	0	0	0	1	1	1		
c11446u0_sourceMapValidationDestructuringParametertArrayBindingPattern.ts	0	0	0	0	1	1	1		
c11447u0_sourceMapValidationDestructuringParametertArrayBindingPattern2.ts	0	0	0	0	1	1	1		
c11448u0_sourceMapValidationDestructuringParametertArrayBindingPatternDefaultValues.ts	0	0	0	0	1	1	1		
c11449u0_sourceMapValidationDestructuringParametertArrayBindingPatternDefaultValues2.ts	0	0	0	0	1	1	1		
c11450u0_sourceMapValidationDestructuringVariableStatement.ts	0	0	0	0	1	1	1		
c11451u0_sourceMapValidationDestructuringVariableStatement1.ts	0	0	0	0	1	1	1		
c11452u0_sourceMapValidationDestructuringVariableStatementArrayBindingPattern.ts	0	0	0	0	1	1	1		
c11453u0_sourceMapValidationDestructuringVariableStatementArrayBindingPattern2.ts	0	0	0	0	1	1	1		
c11454u0_sourceMapValidationDestructuringVariableStatementArrayBindingPattern3.ts	0	0	0	0	1	1	1		
c11455u0_sourceMapValidationDestructuringVariableStatementArrayBindingPattern4.ts	0	0	0	0	1	1	1		
c11456u0_sourceMapValidationDestructuringVariableStatementArrayBindingPattern5.ts	0	0	0	0	1	1	1		
c11457u0_sourceMapValidationDestructuringVariableStatementArrayBindingPattern6.ts	0	0	0	0	1	1	1		
c11458u0_sourceMapValidationDestructuringVariableStatementArrayBindingPattern7.ts	0	0	0	0	1	1	1		
c11459u0_sourceMapValidationDestructuringVariableStatementArrayBindingPatternDefaultValues.ts	0	0	0	0	1	1	1		
c11460u0_sourceMapValidationDestructuringVariableStatementArrayBindingPatternDefaultValues2.ts	0	0	0	0	1	1	1		
c11461u0_sourceMapValidationDestructuringVariableStatementArrayBindingPatternDefaultValues3.ts	0	0	0	0	1	1	1		
c11462u0_sourceMapValidationDestructuringVariableStatementDefaultValues.ts	0	0	0	0	1	1	1		
c11463u0_sourceMapValidationDestructuringVariableStatementNestedObjectBindingPattern.ts	0	0	0	0	1	1	1		
c11464u0_sourceMapValidationDestructuringVariableStatementNestedObjectBindingPatternWithDefaultValues.ts	0	0	0	0	1	1	1		
c11465u0_sourceMapValidationDestructuringVariableStatementObjectBindingPattern1.ts	0	0	0	0	1	1	1		
c11466u0_sourceMapValidationDestructuringVariableStatementObjectBindingPattern2.ts	0	0	0	0	1	1	1		
c11467u0_sourceMapValidationDestructuringVariableStatementObjectBindingPattern3.ts	0	0	0	0	1	1	1		
c11468u0_sourceMapValidationDestructuringVariableStatementObjectBindingPattern4.ts	0	0	0	0	1	1	1		
c11469u0_sourceMapValidationDo.ts	0	0	0	0	1	1	1		
c11470u0_sourceMapValidationEnums.ts	0	0	0	0	1	1	1		
c11471u0_sourceMapValidationExportAssignment.ts	0	0	0	0	1	1	1		
c11472u0_sourceMapValidationExportAssignmentCommonjs.ts	0	0	0	0	1	1	1		
c11473u0_sourceMapValidationFor.ts	0	0	0	0	1	1	1		
c11474u0_sourceMapValidationForIn.ts	0	0	0	0	1	1	1		
c11475u0_sourceMapValidationFunctionExpressions.ts	0	0	0	0	1	1	1		
c11476u0_sourceMapValidationFunctionPropertyAssignment.ts	0	0	0	0	1	1	1		
c11477u0_sourceMapValidationFunctions.ts	0	0	0	0	1	1	1		
c11478u0_sourceMapValidationIfElse.ts	0	0	0	0	1	1	1		
c11479u0_sourceMapValidationImport.ts	0	0	0	0	1	1	1		
c11480u0_sourceMapValidationLabeled.ts	0	0	0	0	1	1	1		
c11481u0_sourceMapValidationLambdaSpanningMultipleLines.ts	0	0	0	0	1	1	1		
c11482u0_sourceMapValidationModule.ts	0	0	0	0	1	1	1		
c11483u0_sourceMapValidationStatements.ts	0	0	0	0	1	1	1		
c11484u0_sourceMapValidationSwitch.ts	0	0	0	0	1	1	1		
c11485u0_sourceMapValidationTryCatchFinally.ts	0	0	0	0	1	1	1		
c11486u0_sourceMapValidationVarInDownLevelGenerator.ts	0	0	0	0	1	1	1		
c11487u0_sourceMapValidationVariables.ts	0	0	0	0	1	1	1		
c11488u0_sourceMapValidationWhile.ts	0	0	0	0	1	1	1		
c11489u0_sourceMapValidationWithComments.ts	0	0	0	0	1	1	1		
c11490u0_app.ts	0	0	0	0	1	1	1		
c11490u1_app2.ts	0	0	0	0	1	1	1		
c11491u0_app.ts	0	0	0	0	1	1	1		
c11491u1_app2.ts	0	0	0	0	1	1	1		
c11492u0_a.ts	0	0	0	0	1	1	1		
c11492u1_b.ts	0	0	0	0	1	1	1		
c11493u0_a.ts	0	0	0	0	1	1	1		
c11493u1_b.ts	0	0	0	0	1	1	1		
c11494u0_app.ts	0	0	0	0	1	1	1		
c11494u1_app2.ts	0	0	0	0	1	1	1		
c11495u0_app.ts	0	0	0	0	1	1	1		
c11495u1_app2.ts	0	0	0	0	1	1	1		
c11496u0_sourcemapValidationDuplicateNames.ts	0	0	0	0	1	1	1		
c11497u0_spaceBeforeQuestionMarkInPropertyAssignment.ts	0	0	0	0	1	1	1		
c11498u0_specedNoStackBlown.ts	0	0	0	0	1	1	1		
c11499u0_specialIntersectionsInMappedTypes.ts	0	0	0	0	1	1	1		
c11500u0_specializationError.ts	0	0	0	0	1	1	1		
c11501u0_specializationOfExportedClass.ts	0	0	0	0	1	1	1		
c11502u0_specializationsShouldNotAffectEachOther.ts	0	0	0	0	1	1	1		
c11503u0_specializeVarArgs1.ts	0	0	0	0	1	1	1		
c11504u0_specializedInheritedConstructors1.ts	0	0	0	0	1	1	1		
c11505u0_specializedLambdaTypeArguments.ts	0	0	0	0	1	1	1		
c11506u0_specializedOverloadWithRestParameters.ts	0	0	0	0	1	1	1		
c11507u0_specializedSignatureAsCallbackParameter1.ts	0	0	0	0	1	1	1		
c11508u0_specializedSignatureInInterface.ts	0	0	0	0	1	1	1		
c11509u0_specializedSignatureOverloadReturnTypeWithIndexers.ts	0	0	0	0	1	1	1		
c11510u0_spellingSuggestionGlobal1.ts	0	0	0	0	1	1	1		
c11511u0_spellingSuggestionGlobal2.ts	0	0	0	0	1	1	1		
c11512u0_spellingSuggestionGlobal3.ts	0	0	0	0	1	1	1		
c11513u0_spellingSuggestionGlobal4.ts	0	0	0	0	1	1	1		
c11514u0_spellingSuggestionJSXAttribute.tsx	0	0	0	0	1	1	1		
c11515u0_spellingSuggestionLeadingUnderscores01.ts	0	0	0	0	1	1	1		
c11516u0_spellingSuggestionModule.ts	0	0	0	0	1	1	1		
c11517u0_spliceTuples.ts	0	0	0	0	1	1	1		
c11518u0_spreadBooleanRespectsFreshness.ts	0	0	0	0	1	1	1		
c11519u0_spreadExpressionContainingObjectExpressionContextualType.ts	0	0	0	0	1	1	1		
c11520u0_spreadExpressionContextualType.ts	0	0	0	0	1	1	1		
c11521u0_spreadExpressionContextualTypeWithNamespace_0.ts	0	0	0	0	1	1	1		
c11521u1_spreadExpressionContextualTypeWithNamespace_1.ts	0	0	0	0	1	1	1		
c11522u0_spreadIdenticalTypesRemoved.ts	0	0	0	0	1	1	1		
c11523u0_spreadIntersection.ts	0	0	0	0	1	1	1		
c11524u0_spreadIntersectionJsx.tsx	0	0	0	0	1	1	1		
c11525u0_spreadInvalidArgumentType.ts	0	0	0	0	1	1	1		
c11526u0_spreadObjectNoCircular1.ts	0	0	0	0	1	1	1		
c11527u0_spreadObjectPermutations.ts	0	0	0	0	1	1	1		
c11528u0_spreadObjectWithIndexDoesNotAddUndefinedToLocalIndex.ts	0	0	0	0	1	1	1		
c11529u0_spreadOfObjectLiteralAssignableToIndexSignature.ts	0	0	0	0	1	1	1		
c11530u0_spreadOfParamsFromGeneratorMakesRequiredParams.ts	0	0	0	0	1	1	1		
c11531u0_spreadParameterTupleType.ts	0	0	0	0	1	1	1		
c11532u0_spreadTupleAccessedByTypeParameter.ts	0	0	0	0	1	1	1		
c11533u0_spreadTypeRemovesReadonly.ts	0	0	0	0	1	1	1		
c11534u0_spreadUnionPropOverride.ts	0	0	0	0	1	1	1		
c11535u0_spreadsAndContextualTupleTypes.ts	0	0	0	0	1	1	1		
c11536u0_types.ts	0	0	0	0	1	1	1		
c11536u1_index.ts	0	0	0	0	1	1	1		
c11537u0_spyComparisonChecking.ts	0	0	0	0	1	1	1		
c11538u0_stableTypeOrdering.ts	0	0	0	0	1	1	1		
c11539u0_index.d.ts	0	0	0	0	1	1	1		
c11539u1_index.d.ts	0	0	0	0	1	1	1		
c11539u2_index.ts	0	0	0	0	1	1	1		
c11540u0_standaloneBreak.ts	0	0	0	0	1	1	1		
c11541u0_staticAndMemberFunctions.ts	0	0	0	0	1	1	1		
c11542u0_staticAnonymousTypeNotReferencingTypeParameter.ts	1	0	0	0	1	1	1		
c11543u0_staticAsIdentifier.ts	0	0	2	2	1	1	1		
c11544u0_staticClassMemberError.ts	0	0	0	0	1	1	1		
c11545u0_staticClassProps.ts	0	0	2	2	1	1	1		
c11546u0_staticFieldWithInterfaceContext.ts	0	0	0	0	1	1	1		
c11547u0_staticGetter1.ts	0	0	0	0	1	1	1		
c11548u0_staticGetter2.ts	0	0	0	0	1	1	1		
c11549u0_staticGetterAndSetter.ts	0	0	0	0	1	1	1		
c11550u0_staticIndexSignatureAndNormalIndexSignature.ts	0	0	0	0	1	1	1		
c11551u0_staticInheritance.ts	0	0	0	0	1	1	1		
c11552u0_staticInitializersAndLegacyClassDecorators.ts	0	0	0	0	1	1	1		
c11553u0_staticInstanceResolution.ts	0	0	0	0	1	1	1		
c11554u0_staticInstanceResolution2.ts	0	0	0	0	1	1	1		
c11555u0_staticInstanceResolution3_0.ts	0	0	0	0	1	1	1		
c11555u1_staticInstanceResolution3_1.ts	0	0	0	0	1	1	1		
c11556u0_staticInstanceResolution4.ts	0	0	0	0	1	1	1		
c11557u0_staticInstanceResolution5_0.ts	0	0	0	0	1	1	1		
c11557u1_staticInstanceResolution5_1.ts	0	0	0	0	1	1	1		
c11558u0_staticInterfaceAssignmentCompat.ts	0	0	0	0	1	1	1		
c11559u0_staticMemberAccessOffDerivedType1.ts	0	0	0	0	1	1	1		
c11560u0_staticMemberExportAccess.ts	0	0	0	0	1	1	1		
c11561u0_staticMemberOfClassAndPublicMemberOfAnotherClassAssignment.ts	0	0	0	0	1	1	1		
c11562u0_staticMemberWithStringAndNumberNames.ts	0	0	0	0	1	1	1		
c11563u0_staticMethodReferencingTypeArgument1.ts	0	0	0	0	1	1	1		
c11564u0_staticMethodWithTypeParameterExtendsClauseDeclFile.ts	0	0	0	0	1	1	1		
c11565u0_staticMethodsReferencingClassTypeParameters.ts	0	0	0	0	1	1	1		
c11566u0_staticMismatchBecauseOfPrototype.ts	0	0	0	0	1	1	1		
c11567u0_staticModifierAlreadySeen.ts	0	0	2	2	1	1	1		
c11568u0_staticMustPrecedePublic.ts	0	0	0	0	1	1	1		
c11569u0_staticOffOfInstance1.ts	0	0	0	0	1	1	1		
c11570u0_staticOffOfInstance2.ts	0	0	0	0	1	1	1		
c11571u0_staticPropSuper.ts	0	0	0	0	1	1	1		
c11572u0_staticPrototypeProperty.ts	0	0	0	0	1	1	1		
c11573u0_staticPrototypePropertyOnClass.ts	0	0	0	0	1	1	1		
c11574u0_staticVisibility.ts	0	0	0	0	1	1	1		
c11575u0_staticVisibility2.ts	0	0	0	0	1	1	1		
c11576u0_statics.ts	0	0	0	0	1	1	1		
c11577u0_staticsInAFunction.ts	0	0	7	7	1	1	1		
c11578u0_staticsInConstructorBodies.ts	0	0	2	2	1	1	1		
c11579u0_staticsNotInScopeInClodule.ts	0	0	0	0	1	1	1		
c11580u0_stradac.ts	0	0	0	0	1	1	1		
c11581u0_strictBooleanMemberAssignability.ts	0	0	0	0	1	1	1		
c11582u0_strictFunctionTypes1.ts	0	0	0	0	1	1	1		
c11583u0_strictFunctionTypesErrors.ts	0	0	0	0	1	1	1		
c11584u0_strictModeEnumMemberNameReserved.ts	0	0	0	0	1	1	1		
c11585u0_strictModeInConstructor.ts	0	0	0	0	1	1	1		
c11586u0_strictModeReservedWord.ts	0	0	0	0	1	1	1		
c11587u0_strictModeReservedWord2.ts	0	0	0	0	1	1	1		
c11588u0_strictModeReservedWordInClassDeclaration.ts	0	0	0	0	1	1	1		
c11589u0_strictModeReservedWordInDestructuring.ts	0	0	0	0	1	1	1		
c11590u0_strictModeReservedWordInImportEqualDeclaration.ts	0	0	0	0	1	1	1		
c11591u0_strictModeReservedWordInModuleDeclaration.ts	0	1	0	0	1	1	1		
c11592u0_strictModeUseContextualKeyword.ts	0	0	0	0	1	1	1		
c11593u0_strictModeWordInExportDeclaration.ts	0	0	0	0	1	1	1		
c11594u0_strictModeWordInImportDeclaration.ts	0	0	0	0	1	1	1		
c11595u0_strictNullEmptyDestructuring.ts	0	0	0	0	1	1	1		
c11596u0_strictNullLogicalAndOr.ts	0	0	0	0	1	1	1		
c11597u0_strictNullNotNullIndexTypeNoLib.ts	0	0	0	0	1	1	1		
c11598u0_strictNullNotNullIndexTypeShouldWork.ts	0	0	0	0	1	1	1		
c11599u0_strictOptionalProperties1.ts	0	0	0	0	1	1	1		
c11600u0_strictOptionalProperties2.ts	0	0	0	0	1	1	1		
c11603u0_strictSubtypeAndNarrowing.ts	0	0	0	0	1	1	1		
c11604u0_strictTypeofUnionNarrowing.ts	0	0	0	0	1	1	1		
c11605u0_stringHasStringValuedNumericIndexer.ts	0	0	0	0	1	1	1		
c11606u0_stringIncludes.ts	0	0	0	0	1	1	1		
c11607u0_stringIndexerAndConstructor.ts	0	0	0	0	1	1	1		
c11608u0_stringIndexerAndConstructor1.ts	0	0	0	0	1	1	1		
c11609u0_stringIndexerAssignments1.ts	0	0	0	0	1	1	1		
c11610u0_stringIndexerAssignments2.ts	0	0	0	0	1	1	1		
c11611u0_stringLiteralObjectLiteralDeclaration1.ts	0	0	0	0	1	1	1		
c11612u0_stringLiteralPropertyNameWithLineContinuation1.ts	0	0	0	0	1	1	1		
c11613u0_stringLiteralsErrors.ts	0	0	17	17	1	1	1		
c11614u0_stringMappingAssignability.ts	0	0	0	0	1	1	1		
c11615u0_stringMatchAll.ts	0	0	0	0	1	1	1		
c11616u0_stringPropCodeGen.ts	0	0	0	0	1	1	1		
c11617u0_stringRawType.ts	0	0	0	0	1	1	1		
c11618u0_stringTrim.ts	0	0	0	0	1	1	1		
c11619u0_stripInternal1.ts	0	0	0	0	1	1	1		
c11620u0_stripMembersOptionality.ts	0	0	0	0	1	1	1		
c11621u0_structural1.ts	0	0	0	0	1	1	1		
c11622u0_structuralTypeInDeclareFileForModule.ts	0	0	0	0	1	1	1		
c11623u0_styleOptions.ts	0	0	0	0	1	1	1		
c11624u0_styledComponentsInstantiaionLimitNotReached.ts	0	0	0	0	1	1	1		
c11625u0_subSubClassCanAccessProtectedConstructor.ts	0	0	0	0	1	1	1		
c11626u0_tile1.ts	0	0	0	0	1	1	1		
c11627u0_tile1.ts	0	0	0	0	1	1	1		
c11628u0_subclassUint8Array.ts	0	0	0	0	1	1	1		
c11629u0_subclassWithPolymorphicThisIsAssignable.ts	0	0	0	0	1	1	1		
c11630u0_substituteReturnTypeSatisfiesConstraint.ts	0	0	0	0	1	1	1		
c11631u0_substitutionTypeForIndexedAccessType1.ts	0	0	0	0	1	1	1		
c11632u0_substitutionTypeForIndexedAccessType2.ts	0	0	0	0	1	1	1		
c11633u0_substitutionTypeForNonGenericIndexedAccessType.ts	0	0	0	0	1	1	1		
c11634u0_substitutionTypeNoMergeOfAssignableType.ts	0	0	0	0	1	1	1		
c11635u0_substitutionTypePassedToExtends.ts	0	0	0	0	1	1	1		
c11636u0_substitutionTypesCompareCorrectlyInRestrictiveInstances.ts	0	0	0	0	1	1	1		
c11637u0_substitutionTypesInIndexedAccessTypes.ts	0	0	0	0	1	1	1		
c11638u0_subtypeReductionUnionConstraints.ts	0	0	0	0	1	1	1		
c11639u0_subtypeReductionWithAnyFunctionType.ts	0	0	0	0	1	1	1		
c11640u0_subtypeRelationForNever.ts	0	0	0	0	1	1	1		
c11641u0_subtypingTransitivity.ts	0	0	0	0	1	1	1		
c11642u0_super.ts	0	0	0	0	1	1	1		
c11643u0_super1.ts	0	0	0	0	1	1	1		
c11644u0_super2.ts	0	0	0	0	1	1	1		
c11645u0_superAccess.ts	0	0	0	0	1	1	1		
c11646u0_superAccess2.ts	0	0	7	7	1	1	1		
c11647u0_superAccessCastedCall.ts	0	0	0	0	1	1	1		
c11648u0_superAccessInFatArrow1.ts	0	0	0	0	1	1	1		
c11649u0_superCallArgsMustMatch.ts	0	0	0	0	1	1	1		
c11650u0_superCallAssignResult.ts	0	0	0	0	1	1	1		
c11651u0_superCallFromClassThatDerivesFromGenericType1.ts	0	0	0	0	1	1	1		
c11652u0_superCallFromClassThatDerivesFromGenericType2.ts	0	0	0	0	1	1	1		
c11653u0_superCallFromClassThatDerivesFromGenericTypeButWithIncorrectNumberOfTypeArguments1.ts	0	0	0	0	1	1	1		
c11654u0_superCallFromClassThatDerivesFromGenericTypeButWithNoTypeArguments1.ts	0	0	0	0	1	1	1		
c11655u0_superCallFromClassThatDerivesNonGenericTypeButWithTypeArguments1.ts	0	0	0	0	1	1	1		
c11656u0_superCallFromClassThatHasNoBaseType1.ts	0	0	0	0	1	1	1		
c11657u0_superCallFromFunction1.ts	0	0	0	0	1	1	1		
c11658u0_superCallInNonStaticMethod.ts	0	0	0	0	1	1	1		
c11659u0_superCallInStaticMethod.ts	0	0	0	0	1	1	1		
c11660u0_superCallInsideClassDeclaration.ts	0	0	0	0	1	1	1		
c11661u0_superCallInsideClassExpression.ts	0	0	0	0	1	1	1		
c11662u0_superCallInsideObjectLiteralExpression.ts	0	0	0	0	1	1	1		
c11663u0_superCallOutsideConstructor.ts	0	0	0	0	1	1	1		
c11664u0_superCallWithCommentEmit01.ts	0	0	0	0	1	1	1		
c11665u0_superCallWithMissingBaseClass.ts	0	0	0	0	1	1	1		
c11666u0_superCallsInConstructor.ts	0	0	0	0	1	1	1		
c11667u0_superElementAccess.ts	0	0	0	0	1	1	1		
c11668u0_superErrors.ts	0	0	8	8	1	1	1		
c11669u0_superHasMethodsFromMergedInterface.ts	0	0	0	0	1	1	1		
c11670u0_superInCatchBlock1.ts	0	0	0	0	1	1	1		
c11671u0_superInConstructorParam1.ts	0	0	0	0	1	1	1		
c11672u0_superInLambdas.ts	0	0	2	2	1	1	1		
c11673u0_superInObjectLiterals_ES5.ts	0	0	0	0	1	1	1		
c11674u0_superInObjectLiterals_ES6.ts	0	0	0	0	1	1	1		
c11675u0_superNewCall1.ts	0	0	0	0	1	1	1		
c11677u0_superPropertyAccess.ts	0	0	0	0	1	1	1		
c11678u0_superPropertyAccess1.ts	0	0	0	0	1	1	1		
c11679u0_superPropertyAccess2.ts	0	0	0	0	1	1	1		
c11680u0_superPropertyAccessInComputedPropertiesOfNestedType_ES5.ts	0	0	0	0	1	1	1		
c11681u0_superPropertyAccessInComputedPropertiesOfNestedType_ES6.ts	0	0	0	0	1	1	1		
c11682u0_superPropertyAccessInSuperCall01.ts	0	0	0	0	1	1	1		
c11683u0_superPropertyAccess_ES5.ts	0	0	0	0	1	1	1		
c11684u0_superPropertyAccess_ES6.ts	0	0	0	0	1	1	1		
c11685u0_superPropertyElementNoUnusedLexicalThisCapture.ts	0	0	0	0	1	1	1		
c11686u0_superWithGenericSpecialization.ts	0	0	0	0	1	1	1		
c11687u0_superWithGenerics.ts	0	0	0	0	1	1	1		
c11688u0_superWithTypeArgument.ts	0	0	1	1	0	0	0	flags KindCallExpression xor=0x8000	
c11689u0_superWithTypeArgument2.ts	0	0	1	1	0	0	0	flags KindIdentifier xor=0x8000	
c11690u0_superWithTypeArgument3.ts	0	0	1	1	0	0	0	flags KindCallExpression xor=0x8000	
c11691u0_super_inside-object-literal-getters-and-setters.ts	0	0	0	0	1	1	1		
c11692u0_switchAssignmentCompat.ts	0	0	0	0	1	1	1		
c11693u0_switchCaseCircularRefeference.ts	0	0	0	0	1	1	1		
c11694u0_switchCaseInternalComments.ts	0	0	0	0	1	1	1		
c11695u0_switchCaseNarrowsMatchingClausesEvenWhenNonMatchingClausesExist.ts	0	0	0	0	1	1	1		
c11696u0_switchCases.ts	0	0	0	0	1	1	1		
c11697u0_switchCasesExpressionTypeMismatch.ts	0	0	0	0	1	1	1		
c11698u0_switchComparableCompatForBrands.ts	0	0	0	0	1	1	1		
c11699u0_switchFallThroughs.ts	0	0	0	0	1	1	1		
c11700u0_switchStatementsWithMultipleDefaults.ts	0	0	1	1	1	1	1		
c11701u0_switchStatementsWithMultipleDefaults1.ts	0	0	0	0	1	1	1		
c11702u0_application.ts	0	0	0	0	1	1	1		
c11702u1_usage.ts	0	0	0	0	1	1	1		
c11702u2_value-promise.ts	0	0	0	0	1	1	1		
c11702u3_bindingkey.ts	0	0	0	0	1	1	1		
c11702u4_index.ts	0	0	0	0	1	1	1		
c11703u0_index.d.ts	0	0	0	0	1	1	1		
c11703u1_styled-components.d.ts	0	0	0	0	1	1	1		
c11703u2_index.ts	0	0	0	0	1	1	1		
c11704u0_value-promise.d.ts	0	0	0	0	1	1	1		
c11704u1_bindingkey.d.ts	0	0	0	0	1	1	1		
c11704u2_index.d.ts	0	0	0	0	1	1	1		
c11704u3_application.ts	0	0	0	0	1	1	1		
c11704u4_usage.ts	0	0	0	0	1	1	1		
c11705u0_main.ts	0	0	0	0	1	1	1		
c11705u1_other.ts	0	0	0	0	1	1	1		
c11706u0_symbolObserverMismatchingPolyfillsWorkTogether.ts	0	0	0	0	1	1	1		
c11707u0_foo.d.ts	0	0	0	0	1	1	1		
c11707u1_index.d.ts	0	0	0	0	1	1	1		
c11707u2_index.d.ts	0	0	0	0	1	1	1		
c11707u3_index.ts	0	0	0	0	1	1	1		
c11708u0_index.d.ts	0	0	0	0	1	1	1		
c11708u1_index.d.ts	0	0	0	0	1	1	1		
c11708u2_index.ts	0	0	0	0	1	1	1		
c11709u0_index.d.ts	0	0	0	0	1	1	1		
c11709u1_index.d.ts	0	0	0	0	1	1	1		
c11709u2_index.ts	0	0	0	0	1	1	1		
c11710u0_index.d.ts	0	0	0	0	1	1	1		
c11710u1_index.d.ts	0	0	0	0	1	1	1		
c11710u2_index.ts	0	0	0	0	1	1	1		
c11711u0_index.d.ts	0	0	0	0	1	1	1		
c11711u1_index.ts	0	0	0	0	1	1	1		
c11712u0_systemDefaultExportCommentValidity.ts	0	0	0	0	1	1	1		
c11713u0_core-js.d.ts	0	0	0	0	1	1	1		
c11713u1_greeter.ts	0	0	0	0	1	1	1		
c11714u0_a.d.ts	0	0	0	0	1	1	1		
c11714u1_b.ts	0	0	0	0	1	1	1		
c11715u0_a.ts	0	0	0	0	1	1	1		
c11715u1_b.ts	0	0	0	0	1	1	1		
c11716u0_modules.d.ts	0	0	0	0	1	1	1		
c11716u1_b.ts	0	0	0	0	1	1	1		
c11717u0_systemJsForInNoException.ts	0	0	0	0	1	1	1		
c11718u0_systemModule1.ts	0	0	0	0	1	1	1		
c11719u0_systemModule10.ts	0	0	0	0	1	1	1		
c11720u0_systemModule10_ES5.ts	0	0	0	0	1	1	1		
c11721u0_file1.ts	0	0	0	0	1	1	1		
c11721u1_file2.ts	0	0	0	0	1	1	1		
c11721u2_file3.ts	0	0	0	0	1	1	1		
c11721u3_file4.ts	0	0	0	0	1	1	1		
c11721u4_file5.ts	0	0	0	0	1	1	1		
c11722u0_systemModule12.ts	0	0	0	0	1	1	1		
c11723u0_systemModule13.ts	0	0	0	0	1	1	1		
c11724u0_systemModule14.ts	0	0	0	0	1	1	1		
c11725u0_file1.ts	0	0	0	0	1	1	1		
c11725u1_file2.ts	0	0	0	0	1	1	1		
c11725u2_file3.ts	0	0	0	0	1	1	1		
c11725u3_file4.ts	0	0	0	0	1	1	1		
c11726u0_systemModule16.ts	0	0	0	0	1	1	1		
c11727u0_f1.ts	0	0	0	0	1	1	1		
c11727u1_f2.ts	0	0	0	0	1	1	1		
c11728u0_react.ts	0	0	0	0	1	1	1		
c11728u1_index.ts	0	0	0	0	1	1	1		
c11729u0_systemModule2.ts	0	0	0	0	1	1	1		
c11730u0_file1.ts	0	0	0	0	1	1	1		
c11730u1_file2.ts	0	0	0	0	1	1	1		
c11730u2_file3.ts	0	0	0	0	1	1	1		
c11730u3_file4.ts	0	0	0	0	1	1	1		
c11731u0_systemModule4.ts	0	0	0	0	1	1	1		
c11732u0_systemModule5.ts	0	0	0	0	1	1	1		
c11733u0_systemModule6.ts	0	0	0	0	1	1	1		
c11734u0_systemModule7.ts	0	0	0	0	1	1	1		
c11735u0_systemModule8.ts	0	0	0	0	1	1	1		
c11736u0_systemModule9.ts	0	0	0	0	1	1	1		
c11737u0_file1.ts	0	0	0	0	1	1	1		
c11737u1_file2.ts	0	0	0	0	1	1	1		
c11737u2_file3.ts	0	0	0	0	1	1	1		
c11737u3_file4.ts	0	0	0	0	1	1	1		
c11737u4_file5.ts	0	0	0	0	1	1	1		
c11737u5_file6.ts	0	0	0	0	1	1	1		
c11738u0_systemModuleConstEnums.ts	0	0	0	0	1	1	1		
c11739u0_systemModuleConstEnumsSeparateCompilation.ts	0	0	0	0	1	1	1		
c11740u0_systemModuleDeclarationMerging.ts	0	0	0	0	1	1	1		
c11741u0_file1.ts	0	0	0	0	1	1	1		
c11741u1_file2.ts	0	0	0	0	1	1	1		
c11741u2_file3.ts	0	0	0	0	1	1	1		
c11741u3_file4.ts	0	0	0	0	1	1	1		
c11742u0_systemModuleNonTopLevelModuleMembers.ts	0	0	0	0	1	1	1		
c11743u0_systemModuleTargetES6.ts	0	0	0	0	1	1	1		
c11744u0_systemModuleTrailingComments.ts	0	0	0	0	1	1	1		
c11745u0_foo.ts	0	0	0	0	1	1	1		
c11745u1_bar.ts	0	0	0	0	1	1	1		
c11746u0_systemNamespaceAliasEmit.ts	0	0	0	0	1	1	1		
c11747u0_x.ts	0	0	0	0	1	1	1		
c11747u1_index.ts	0	0	0	0	1	1	1		
c11748u0_taggedPrimitiveNarrowing.ts	0	0	0	0	1	1	1		
c11749u0_taggedTemplateStringWithSymbolExpression01.ts	0	0	0	0	1	1	1		
c11750u0_taggedTemplateStringsHexadecimalEscapes.ts	0	0	0	0	1	1	1		
c11751u0_taggedTemplateStringsHexadecimalEscapesES6.ts	0	0	0	0	1	1	1		
c11752u0_taggedTemplateStringsWithCurriedFunction.ts	0	0	0	0	1	1	1		
c11753u0_taggedTemplateStringsWithMultilineTemplate.ts	0	0	0	0	1	1	1		
c11754u0_taggedTemplateStringsWithMultilineTemplateES6.ts	0	0	0	0	1	1	1		
c11755u0_taggedTemplateStringsWithUnicodeEscapes.ts	0	0	0	0	1	1	1		
c11756u0_taggedTemplateStringsWithUnicodeEscapesES6.ts	0	0	0	0	1	1	1		
c11757u0_taggedTemplateStringsWithWhitespaceEscapes.ts	0	0	0	0	1	1	1		
c11758u0_taggedTemplateStringsWithWhitespaceEscapesES6.ts	0	0	0	0	1	1	1		
c11759u0_foo.ts	0	0	0	0	1	1	1		
c11759u1_index.d.ts	0	0	0	0	1	1	1		
c11760u0_taggedTemplatesInDifferentScopes.ts	0	0	0	0	1	1	1		
c11761u0_global.ts	0	0	0	0	1	1	1		
c11761u1_module.ts	0	0	0	0	1	1	1		
c11762u0_taggedTemplatesWithIncompleteNoSubstitutionTemplate1.ts	0	0	1	1	1	1	1		
c11763u0_taggedTemplatesWithIncompleteNoSubstitutionTemplate2.ts	0	0	1	1	1	1	1		
c11764u0_taggedTemplatesWithIncompleteTemplateExpressions1.ts	0	0	1	1	1	1	1		
c11765u0_taggedTemplatesWithIncompleteTemplateExpressions2.ts	0	0	2	2	1	1	1		
c11766u0_taggedTemplatesWithIncompleteTemplateExpressions3.ts	0	0	1	1	1	1	1		
c11767u0_taggedTemplatesWithIncompleteTemplateExpressions4.ts	0	0	3	3	1	1	1		
c11768u0_taggedTemplatesWithIncompleteTemplateExpressions5.ts	0	0	2	2	1	1	1		
c11769u0_taggedTemplatesWithIncompleteTemplateExpressions6.ts	0	0	1	1	1	1	1		
c11770u0_tailRecursiveConditionalTypes.ts	0	0	0	0	1	1	1		
c11771u0_deps.ts	0	0	0	0	1	1	1		
c11771u1_index.ts	0	0	0	0	1	1	1		
c11772u0_targetTypeArgs.ts	0	0	0	0	1	1	1		
c11773u0_targetTypeBaseCalls.ts	0	0	0	0	1	1	1		
c11774u0_targetTypeCalls.ts	0	0	0	0	1	1	1		
c11775u0_targetTypeCastTest.ts	0	0	0	0	1	1	1		
c11776u0_targetTypeObjectLiteral.ts	0	0	0	0	1	1	1		
c11777u0_targetTypeObjectLiteralToAny.ts	0	0	0	0	1	1	1		
c11778u0_targetTypeTest1.ts	0	0	0	0	1	1	1		
c11779u0_targetTypeTest2.ts	0	0	0	0	1	1	1		
c11780u0_targetTypeTest3.ts	0	0	0	0	1	1	1		
c11781u0_targetTypeVoidFunc.ts	0	0	0	0	1	1	1		
c11782u0_targetTypingOnFunctions.ts	0	0	0	0	1	1	1		
c11783u0_templateExpressionAsPossiblyDiscriminantValue.ts	0	0	0	0	1	1	1		
c11784u0_templateExpressionNoInlininingOfConstantBindingWithInitializer.ts	0	0	0	0	1	1	1		
c11785u0_templateLiteralConstantEvaluation.ts	0	0	0	0	1	1	1		
c11786u0_templateLiteralEscapeSequence.ts	0	0	42	42	1	1	1		
c11787u0_templateLiteralIntersection.ts	0	0	0	0	1	1	1		
c11788u0_templateLiteralIntersection2.ts	0	0	0	0	1	1	1		
c11789u0_templateLiteralIntersection3.ts	0	0	0	0	1	1	1		
c11790u0_templateLiteralIntersection4.ts	0	0	0	0	1	1	1		
c11791u0_templateLiteralsAndDecoratorMetadata.ts	0	0	0	0	1	1	1		
c11792u0_templateLiteralsInTypes.ts	0	0	0	0	1	1	1		
c11793u0_templateLiteralsSourceMap.ts	0	0	0	0	1	1	1		
c11794u0_templateStringsArrayTypeDefinedInES5Mode.ts	0	0	0	0	1	1	1		
c11795u0_templateStringsArrayTypeNotDefinedES5Mode.ts	0	0	0	0	1	1	1		
c11796u0_templateStringsArrayTypeRedefinedInES6Mode.ts	0	0	0	0	1	1	1		
c11797u0_temporal.ts	1	0	0	0	1	1	1		
c11798u0_ternaryExpressionSourceMap.ts	0	0	0	0	1	1	1		
c11799u0_testContainerList.ts	0	0	0	0	1	1	1		
c11800u0_testTypings.ts	0	0	0	0	1	1	1		
c11802u0_thisBinding.ts	0	0	0	0	1	1	1		
c11803u0_thisBinding2.ts	0	0	0	0	1	1	1		
c11804u0_thisCapture1.ts	0	0	0	0	1	1	1		
c11805u0_thisConditionalOnMethodReturnOfGenericInstance.ts	0	0	0	0	1	1	1		
c11806u0_thisExpressionInCallExpressionWithTypeArguments.ts	0	0	0	0	1	1	1		
c11807u0_thisExpressionInIndexExpression.ts	0	0	0	0	1	1	1		
c11808u0_thisExpressionOfGenericObject.ts	0	0	0	0	1	1	1		
c11809u0_thisInAccessors.ts	0	0	0	0	1	1	1		
c11810u0_thisInArrowFunctionInStaticInitializer1.ts	0	0	0	0	1	1	1		
c11811u0_thisInClassBodyStaticESNext.ts	0	0	0	0	1	1	1		
c11812u0_thisInConstructorParameter1.ts	0	0	0	0	1	1	1		
c11813u0_thisInConstructorParameter2.ts	0	0	0	0	1	1	1		
c11814u0_thisInFunctionCall.ts	1	0	0	0	1	1	1		
c11816u0_thisInGenericStaticMembers.ts	0	0	0	0	1	1	1		
c11817u0_thisInInnerFunctions.ts	0	0	0	0	1	1	1		
c11818u0_thisInLambda.ts	0	0	0	0	1	1	1		
c11819u0_thisInModule.ts	0	0	0	0	1	1	1		
c11820u0_thisInModuleFunction1.ts	0	0	0	0	1	1	1		
c11822u0_thisInOuterClassBody.ts	0	0	0	0	1	1	1		
c11823u0_thisInPropertyBoundDeclarations.ts	0	0	0	0	1	1	1		
c11824u0_thisInStaticMethod1.ts	0	0	0	0	1	1	1		
c11825u0_thisInStatics.ts	0	0	0	0	1	1	1		
c11826u0_thisInSuperCall.ts	0	0	0	0	1	1	1		
c11827u0_thisInSuperCall1.ts	0	0	0	0	1	1	1		
c11828u0_thisInSuperCall2.ts	0	0	0	0	1	1	1		
c11829u0_thisInSuperCall3.ts	0	0	0	0	1	1	1		
c11830u0_thisInTupleTypeParameterConstraints.ts	0	0	0	0	1	1	1		
c11831u0_thisInTypeQuery.ts	0	0	0	0	1	1	1		
c11832u0_thisIndexOnExistingReadonlyFieldIsNotNever.ts	0	0	0	0	1	1	1		
c11833u0_thisKeyword.ts	0	0	0	0	1	1	1		
c11834u0_thisPredicateInObjectLiteral.ts	0	0	0	0	1	1	1		
c11835u0_thisReferencedInFunctionInsideArrowFunction1.ts	0	0	0	0	1	1	1		
c11836u0_thisShadowingErrorSpans.ts	0	0	0	0	1	1	1		
c11837u0_thisTypeAsConstraint.ts	0	0	0	0	1	1	1		
c11838u0_thisWhenTypeCheckFails.ts	0	0	0	0	1	1	1		
c11839u0_this_inside-enum-should-not-be-allowed.ts	0	0	0	0	1	1	1		
c11840u0_this_inside-object-literal-getters-and-setters.ts	0	0	0	0	1	1	1		
c11841u0_thislessFunctionsNotContextSensitive1.ts	0	0	0	0	1	1	1		
c11842u0_thislessFunctionsNotContextSensitive2.ts	0	0	0	0	1	1	1		
c11843u0_thislessFunctionsNotContextSensitive3.ts	0	0	0	0	1	1	1		
c11844u0_throwWithoutNewLine1.ts	0	0	1	1	1	1	1		
c11845u0_throwWithoutNewLine2.ts	0	0	0	0	1	1	1		
c11846u0_toStringOnPrimitives.ts	0	0	0	0	1	1	1		
c11847u0_tooFewArgumentsInGenericFunctionTypedArgument.ts	0	0	0	0	1	1	1		
c11848u0_tooManyTypeParameters1.ts	0	0	0	0	1	1	1		
c11849u0_topFunctionTypeNotCallable.ts	0	0	0	0	1	1	1		
c11850u0_topLevel.ts	0	0	0	0	1	1	1		
c11851u0_check.ts	0	0	0	0	1	1	1		
c11852u0_topLevelExports.ts	0	0	0	0	1	1	1		
c11853u0_topLevelLambda.ts	0	0	0	0	1	1	1		
c11854u0_topLevelLambda2.ts	0	0	0	0	1	1	1		
c11855u0_topLevelLambda3.ts	0	0	0	0	1	1	1		
c11856u0_topLevelLambda4.ts	0	0	0	0	1	1	1		
c11857u0_ast.ts	0	0	0	0	1	1	1		
c11857u1_index.ts	0	0	0	0	1	1	1		
c11858u0_trailingCommaInHeterogenousArrayLiteral1.ts	0	0	0	0	1	1	1		
c11859u0_trailingCommasES5.ts	0	0	0	0	1	1	1		
c11860u0_transformArrowInBlockScopedLoopVarInitializer.ts	0	0	0	0	1	1	1		
c11861u0_main.ts	0	0	0	0	1	1	1		
c11861u1_bluebird.d.ts	0	0	0	0	1	1	1		
c11862u0_transformParenthesizesConditionalSubexpression.ts	0	0	0	0	1	1	1		
c11863u0_transformsElideNullUndefinedType.ts	0	0	0	0	1	1	1		
c11864u0_transitiveTypeArgumentInference1.ts	0	0	0	0	1	1	1		
c11865u0_tripleSlashInCommentNotParsed.ts	0	0	0	0	1	1	1		
c11866u0_C__a_b_c.ts	0	0	0	0	1	1	1		
c11866u1_C__a_b_d.ts	0	0	0	0	1	1	1		
c11867u0_index.d.ts	0	0	0	0	1	1	1		
c11867u1_usage.ts	0	0	0	0	1	1	1		
c11868u0_trivialSubtypeReductionNoStructuralCheck.ts	0	0	0	0	1	1	1		
c11869u0_trivialSubtypeReductionNoStructuralCheck2.ts	0	0	0	0	1	1	1		
c11870u0_truthinessCallExpressionCoercion.ts	0	0	0	0	1	1	1		
c11871u0_truthinessCallExpressionCoercion1.ts	0	0	0	0	1	1	1		
c11872u0_truthinessCallExpressionCoercion2.ts	0	0	0	0	1	1	1		
c11873u0_truthinessCallExpressionCoercion3.ts	0	0	0	0	1	1	1		
c11875u0_truthinessPromiseCoercion.ts	0	0	0	0	1	1	1		
c11876u0_tryCatchFinally.ts	0	0	0	0	1	1	1		
c11877u0_tryCatchFinallyControlFlow.ts	0	0	0	0	1	1	1		
c11878u0_tryStatementInternalComments.ts	0	0	0	0	1	1	1		
c11879u0_index.ts	0	0	0	0	1	1	1		
c11880u0_other.ts	0	0	0	0	1	1	1		
c11880u1_index.ts	0	0	0	0	1	1	1		
c11882u0_index.ts	0	0	0	0	1	1	1		
c11882u1_index.ts	0	0	0	0	1	1	1		
c11882u2_tslib.d.ts	0	0	0	0	1	1	1		
c11883u0_index.ts	0	0	0	0	1	1	1		
c11883u1_other.ts	0	0	0	0	1	1	1		
c11883u2_tslib.d.ts	0	0	0	0	1	1	1		
c11883u4_index.ts	0	0	0	0	1	1	1		
c11883u5_tslib.d.ts	0	0	0	0	1	1	1		
c11884u0_index.ts	0	0	0	0	1	1	1		
c11884u1_tslib.d.ts	1	0	0	0	0	1	1		
c11884u3_index.ts	0	0	0	0	1	1	1		
c11885u0_index.d.ts	0	0	0	0	1	1	1		
c11885u1_index.d.mts	0	0	0	0	1	1	1		
c11885u2_index.mts	0	0	0	0	1	1	1		
c11886u0_index.d.ts	0	0	0	0	1	1	1		
c11886u1_index.d.mts	0	0	0	0	1	1	1		
c11886u2_index.mts	0	0	0	0	1	1	1		
c11887u0_tsxAttributeQuickinfoTypesSameAsObjectLiteral.tsx	0	0	0	0	1	1	1		
c11888u0_tsxAttributesHasInferrableIndex.tsx	0	1	0	0	1	1	1		
c11889u0_my-component.tsx	0	0	0	0	1	1	1		
c11889u1_file1.tsx	0	0	0	0	1	1	1		
c11890u0_a.ts	0	0	0	0	1	1	1		
c11890u1_b.ts	0	0	0	0	1	1	1		
c11891u0_tsxDiscriminantPropertyInference.tsx	0	0	0	0	1	1	1		
c11892u0_my-component.tsx	0	0	0	0	1	1	1		
c11892u1_file1.tsx	0	0	0	0	1	1	1		
c11893u0_index.tsx	0	0	0	0	1	1	1		
c11894u0_tsxInvokeComponentType.tsx	0	0	0	0	1	1	1		
c11895u0_tsxNoTypeAnnotatedSFC.tsx	0	0	0	0	1	1	1		
c11896u0_tsxNotUsingApparentTypeOfSFC.tsx	0	0	0	0	1	1	1		
c11897u0_tsxReactPropsInferenceSucceedsOnIntersections.tsx	0	0	0	0	1	1	1		
c11898u0_index.d.ts	0	0	0	0	1	1	1		
c11898u1_index.d.ts	0	0	0	0	1	1	1		
c11898u2_foo.tsx	0	0	0	0	1	1	1		
c11899u0_tsxSpreadDoesNotReportExcessProps.tsx	0	0	0	0	1	1	1		
c11900u0_tsxStatelessComponentDefaultProps.tsx	0	0	0	0	1	1	1		
c11901u0_file.tsx	0	0	0	0	1	1	1		
c11902u0_tsxUnionMemberChecksFilterDataProps.tsx	0	0	0	0	1	1	1		
c11903u0_index.tsx	0	0	0	0	1	1	1		
c11904u0_tupleTypeInference.ts	0	0	0	0	1	1	1		
c11905u0_tupleTypeInference2.ts	0	0	0	0	1	1	1		
c11906u0_tupleTypes.ts	0	0	0	0	1	1	1		
c11907u0_twiceNestedKeyofIndexInference.ts	0	0	0	0	1	1	1		
c11908u0_typeAliasDeclarationEmit.ts	0	0	0	0	1	1	1		
c11909u0_typeAliasDeclarationEmit2.ts	0	0	0	0	1	1	1		
c11910u0_typeAliasDeclarationEmit3.ts	0	0	0	0	1	1	1		
c11911u0_typeAliasDeclareKeyword01.d.ts	0	0	0	0	1	1	1		
c11912u0_typeAliasDeclareKeywordNewlines.ts	0	0	1	1	1	1	1		
c11913u0_typeAliasDoesntMakeModuleInstantiated.ts	0	0	0	0	1	1	1		
c11914u0_typeAliasExport.ts	0	0	0	0	1	1	1		
c11915u0_typeAliasFunctionTypeSharedSymbol.ts	0	0	0	0	1	1	1		
c11916u0_typeAliasInstantiationNoLeak1.ts	0	0	0	0	1	1	1		
c11917u0_typeAnnotationBestCommonTypeInArrayLiteral.ts	0	0	0	0	1	1	1		
c11918u0_typeArgInference.ts	0	0	0	0	1	1	1		
c11919u0_typeArgInference2.ts	0	0	0	0	1	1	1		
c11920u0_typeArgInference2WithError.ts	0	0	0	0	1	1	1		
c11921u0_typeArgInferenceWithNull.ts	0	0	0	0	1	1	1		
c11922u0_typeArgumentConstraintResolution1.ts	0	0	0	0	1	1	1		
c11923u0_typeArgumentDefaultUsesConstraintOnCircularDefault.ts	0	0	0	0	1	1	1		
c11924u0_typeArgumentInferenceApparentType1.ts	0	0	0	0	1	1	1		
c11925u0_typeArgumentInferenceApparentType2.ts	0	0	0	0	1	1	1		
c11926u0_typeArgumentInferenceOrdering.ts	0	0	0	0	1	1	1		
c11927u0_typeArgumentInferenceWithConstraintAsCommonRoot.ts	0	0	0	0	1	1	1		
c11928u0_typeArgumentInferenceWithRecursivelyReferencedTypeAliasToTypeLiteral01.ts	0	0	0	0	1	1	1		
c11929u0_typeArgumentInferenceWithRecursivelyReferencedTypeAliasToTypeLiteral02.ts	0	0	0	0	1	1	1		
c11930u0_typeArgumentsInFunctionExpressions.ts	0	0	0	0	1	1	1		
c11931u0_typeArgumentsOnFunctionsWithNoTypeParameters.ts	0	0	0	0	1	1	1		
c11932u0_typeArgumentsShouldDisallowNonGenericOverloads.ts	0	0	0	0	1	1	1		
c11933u0_typeAssertionToGenericFunctionType.ts	0	0	0	0	1	1	1		
c11934u0_typeAssignabilityErrorMessage.ts	0	0	0	0	1	1	1		
c11935u0_typeCheckExportsVariable.ts	0	0	0	0	1	1	1		
c11936u0_file1.ts	0	0	0	0	1	1	1		
c11936u1_file2.ts	0	0	0	0	1	1	1		
c11937u0_typeCheckObjectLiteralMethodBody.ts	0	0	0	0	1	1	1		
c11938u0_typeCheckReturnExpression.ts	0	0	0	0	1	1	1		
c11939u0_typeCheckTypeArgument.ts	0	0	0	0	1	1	1		
c11940u0_typeCheckingInsideFunctionExpressionInArray.ts	0	0	0	0	1	1	1		
c11941u0_typeComparisonCaching.ts	0	0	0	0	1	1	1		
c11942u0_typeConstraintsWithConstructSignatures.ts	0	0	0	0	1	1	1		
c11943u0_typeGuardConstructorClassAndNumber.ts	0	0	0	0	1	1	1		
c11944u0_typeGuardConstructorDerivedClass.ts	0	0	0	0	1	1	1		
c11945u0_typeGuardConstructorNarrowAny.ts	0	0	0	0	1	1	1		
c11946u0_typeGuardConstructorNarrowPrimitivesInUnion.ts	0	0	0	0	1	1	1		
c11947u0_typeGuardConstructorPrimitiveTypes.ts	0	0	0	0	1	1	1		
c11948u0_typeGuardNarrowByMutableUntypedField.ts	0	0	0	0	1	1	1		
c11949u0_typeGuardNarrowByUntypedField.ts	0	0	0	0	1	1	1		
c11950u0_typeGuardNarrowsIndexedAccessOfKnownProperty1.ts	0	0	0	0	1	1	1		
c11951u0_typeGuardNarrowsIndexedAccessOfKnownProperty10.ts	0	0	0	0	1	1	1		
c11952u0_typeGuardNarrowsIndexedAccessOfKnownProperty11.ts	0	0	0	0	1	1	1		
c11953u0_typeGuardNarrowsIndexedAccessOfKnownProperty12.ts	0	0	0	0	1	1	1		
c11954u0_typeGuardNarrowsIndexedAccessOfKnownProperty2.ts	0	0	0	0	1	1	1		
c11955u0_typeGuardNarrowsIndexedAccessOfKnownProperty3.ts	0	0	0	0	1	1	1		
c11956u0_typeGuardNarrowsIndexedAccessOfKnownProperty4.ts	0	0	0	0	1	1	1		
c11957u0_typeGuardNarrowsIndexedAccessOfKnownProperty5.ts	0	0	0	0	1	1	1		
c11958u0_typeGuardNarrowsIndexedAccessOfKnownProperty6.ts	0	0	0	0	1	1	1		
c11959u0_typeGuardNarrowsIndexedAccessOfKnownProperty7.ts	0	0	0	0	1	1	1		
c11960u0_a.ts	0	0	0	0	1	1	1		
c11960u1_b.ts	0	0	0	0	1	1	1		
c11961u0_typeGuardNarrowsIndexedAccessOfKnownProperty9.ts	0	0	0	0	1	1	1		
c11962u0_typeGuardOnContainerTypeNoHang.ts	0	0	0	0	1	1	1		
c11963u0_typeIdentityConsidersBrands.ts	0	0	0	0	1	1	1		
c11964u0_typeInfer1.ts	0	0	0	0	1	1	1		
c11965u0_typeInferenceCacheInvalidation.ts	0	0	0	0	1	1	1		
c11966u0_typeInferenceConflictingCandidates.ts	0	0	0	0	1	1	1		
c11967u0_typeInferenceFBoundedTypeParams.ts	0	0	0	0	1	1	1		
c11968u0_typeInferenceFixEarly.ts	0	0	0	0	1	1	1		
c11969u0_typeInferenceLiteralUnion.ts	1	0	0	0	1	1	1		
c11970u0_typeInferenceReturnTypeCallback.ts	0	0	0	0	1	1	1		
c11971u0_typeInferenceTypePredicate.ts	0	0	0	0	1	1	1		
c11972u0_typeInferenceTypePredicate2.ts	0	0	0	0	1	1	1		
c11973u0_typeInferenceWithExcessProperties.ts	0	0	0	0	1	1	1		
c11974u0_typeInferenceWithExcessPropertiesJsx.tsx	0	0	0	0	1	1	1		
c11975u0_typeInferenceWithTypeAnnotation.ts	0	0	0	0	1	1	1		
c11976u0_typeInterfaceDeclarationsInBlockStatements1.ts	0	0	0	0	1	1	1		
c11977u0_typeLiteralCallback.ts	0	0	0	0	1	1	1		
c11978u0_typeMatch1.ts	0	0	0	0	1	1	1		
c11979u0_typeMatch2.ts	0	0	0	0	1	1	1		
c11980u0_typeName1.ts	0	0	0	0	1	1	1		
c11981u0_typeNamedUndefined1.ts	0	0	0	0	1	1	1		
c11982u0_typeNamedUndefined2.ts	0	0	0	0	1	1	1		
c11983u0_typeOfEnumAndVarRedeclarations.ts	0	0	0	0	1	1	1		
c11984u0_typeOfOnTypeArg.ts	0	0	0	0	1	1	1		
c11985u0_typeOfOperator1.ts	0	0	0	0	1	1	1		
c11986u0_typeOfPrototype.ts	0	0	0	0	1	1	1		
c11987u0_typeOfSuperCall.ts	0	0	0	0	1	1	1		
c11988u0_typeOfThisInStatics.ts	0	0	0	0	1	1	1		
c11989u0_typeOfYieldWithUnionInContextualReturnType.ts	0	0	0	0	1	1	1		
c11990u0_typeParamExtendsOtherTypeParam.ts	0	0	0	0	1	1	1		
c11991u0_typeParameterAndArgumentOfSameName1.ts	0	0	0	0	1	1	1		
c11992u0_typeParameterArgumentEquivalence.ts	0	0	0	0	1	1	1		
c11993u0_typeParameterArgumentEquivalence2.ts	0	0	0	0	1	1	1		
c11994u0_typeParameterArgumentEquivalence3.ts	0	0	0	0	1	1	1		
c11995u0_typeParameterArgumentEquivalence4.ts	0	0	0	0	1	1	1		
c11996u0_typeParameterArgumentEquivalence5.ts	0	0	0	0	1	1	1		
c11997u0_typeParameterAsBaseClass.ts	0	0	0	0	1	1	1		
c11998u0_typeParameterAsElementType.ts	0	0	0	0	1	1	1		
c11999u0_typeParameterAssignmentCompat1.ts	0	0	0	0	1	1	1		
c12000u0_typeParameterAssignmentWithConstraints.ts	0	0	0	0	1	1	1		
c12001u0_typeParameterCompatibilityAccrossDeclarations.ts	0	0	0	0	1	1	1		
c12002u0_typeParameterConstrainedToOuterTypeParameter.ts	0	0	0	0	1	1	1		
c12003u0_typeParameterConstrainedToOuterTypeParameter2.ts	0	0	0	0	1	1	1		
c12004u0_typeParameterConstraintInstantiation.ts	0	0	0	0	1	1	1		
c12005u0_typeParameterConstraints1.ts	0	0	0	0	1	1	1		
c12006u0_typeParameterDiamond1.ts	0	0	0	0	1	1	1		
c12007u0_typeParameterDiamond2.ts	0	0	0	0	1	1	1		
c12008u0_typeParameterDiamond3.ts	0	0	0	0	1	1	1		
c12009u0_typeParameterDiamond4.ts	0	0	0	0	1	1	1		
c12010u0_typeParameterDoesntBlockParameterLookup.ts	0	0	0	0	1	1	1		
c12011u0_typeParameterEquality.ts	0	0	0	0	1	1	1		
c12012u0_typeParameterExplicitlyExtendsAny.ts	0	0	0	0	1	1	1		
c12013u0_typeParameterExtendingUnion1.ts	0	0	0	0	1	1	1		
c12014u0_typeParameterExtendingUnion2.ts	0	0	0	0	1	1	1		
c12015u0_typeParameterExtendsPrimitive.ts	0	0	0	0	1	1	1		
c12016u0_typeParameterFixingWithConstraints.ts	0	0	0	0	1	1	1		
c12017u0_typeParameterFixingWithContextSensitiveArguments.ts	0	0	0	0	1	1	1		
c12018u0_typeParameterFixingWithContextSensitiveArguments2.ts	0	0	0	0	1	1	1		
c12019u0_typeParameterFixingWithContextSensitiveArguments3.ts	0	0	0	0	1	1	1		
c12020u0_typeParameterFixingWithContextSensitiveArguments4.ts	0	0	0	0	1	1	1		
c12021u0_typeParameterFixingWithContextSensitiveArguments5.ts	0	0	0	0	1	1	1		
c12022u0_typeParameterHasSelfAsConstraint.ts	0	0	0	0	1	1	1		
c12023u0_typeParameterInConstraint1.ts	0	0	0	0	1	1	1		
c12024u0_typeParameterLeak.ts	0	0	0	0	1	1	1		
c12025u0_typeParameterListWithTrailingComma1.ts	0	0	0	0	1	1	1		
c12026u0_typeParameterOrderReversal.ts	0	0	0	0	1	1	1		
c12027u0_typeParameterWithInvalidConstraintType.ts	0	0	0	0	1	1	1		
c12028u0_typeParametersAndParametersInComputedNames.ts	0	0	0	0	1	1	1		
c12029u0_typeParametersInStaticAccessors.ts	0	0	0	0	1	1	1		
c12030u0_typeParametersInStaticMethods.ts	0	0	0	0	1	1	1		
c12031u0_typeParametersInStaticProperties.ts	0	0	0	0	1	1	1		
c12032u0_typeParametersShouldNotBeEqual.ts	0	0	0	0	1	1	1		
c12033u0_typeParametersShouldNotBeEqual2.ts	0	0	0	0	1	1	1		
c12034u0_typeParametersShouldNotBeEqual3.ts	0	0	0	0	1	1	1		
c12035u0_typePartameterConstraintInstantiatedWithDefaultWhenCheckingDefault.ts	0	0	0	0	1	1	1		
c12036u0_typePredicateAcceptingPartialOfRefinedType.ts	0	0	0	0	1	1	1		
c12037u0_typePredicateFreshLiteralWidening.ts	0	0	0	0	1	1	1		
c12038u0_typePredicateInLoop.ts	0	0	0	0	1	1	1		
c12039u0_typePredicateInherit.ts	0	0	0	0	1	1	1		
c12040u0_typePredicateStructuralMatch.ts	0	0	0	0	1	1	1		
c12041u0_typePredicateTopLevelTypeParameter.ts	0	0	0	0	1	1	1		
c12042u0_typePredicateWithThisParameter.ts	0	0	0	0	1	1	1		
c12043u0_typePredicatesCanNarrowByDiscriminant.ts	0	0	0	0	1	1	1		
c12044u0_typePredicatesInUnion.ts	0	0	0	0	1	1	1		
c12045u0_typePredicatesInUnion2.ts	0	0	0	0	1	1	1		
c12046u0_typePredicatesInUnion3.ts	0	0	0	0	1	1	1		
c12047u0_typePredicatesInUnion_noMatch.ts	0	0	0	0	1	1	1		
c12048u0_typePredicatesOptionalChaining1.ts	0	0	0	0	1	1	1		
c12049u0_typePredicatesOptionalChaining2.ts	0	0	0	0	1	1	1		
c12050u0_typePredicatesOptionalChaining3.ts	0	0	0	0	1	1	1		
c12051u0_index.d.ts	0	0	0	0	1	1	1		
c12051u1_index.d.ts	0	0	0	0	1	1	1		
c12051u2_index.d.ts	0	0	0	0	1	1	1		
c12051u3_index.d.ts	0	0	0	0	1	1	1		
c12051u4_index.d.ts	0	0	0	0	1	1	1		
c12051u5_index.d.ts	0	0	0	0	1	1	1		
c12051u6_a.ts	0	0	0	0	1	1	1		
c12052u0_dummy.d.ts	0	0	0	0	1	1	1		
c12052u1_phaser.d.ts	0	0	0	0	1	1	1		
c12052u2_a.ts	0	0	0	0	1	1	1		
c12053u0_phaser.d.ts	0	0	0	0	1	1	1		
c12053u1_a.ts	0	0	0	0	1	1	1		
c12054u0_index.d.ts	0	0	0	0	1	1	1		
c12054u1_app.ts	0	0	0	0	1	1	1		
c12055u0_ref.d.ts	0	0	0	0	1	1	1		
c12055u1_index.d.ts	0	0	0	0	1	1	1		
c12055u2_app.ts	0	0	0	0	1	1	1		
c12056u0_index.d.ts	0	0	0	0	1	1	1		
c12056u1_mod1.ts	0	0	0	0	1	1	1		
c12056u2_mod2.ts	0	0	0	0	1	1	1		
c12057u0_index.d.ts	0	0	0	0	1	1	1		
c12057u1_main.ts	0	0	0	0	1	1	1		
c12057u2_mod1.ts	0	0	0	0	1	1	1		
c12057u3_mod2.ts	0	0	0	0	1	1	1		
c12058u0_ref.d.ts	0	0	0	0	1	1	1		
c12058u1_index.d.ts	0	0	0	0	1	1	1		
c12058u2_app.ts	0	0	0	0	1	1	1		
c12059u0_index.d.ts	0	0	0	0	1	1	1		
c12059u1_app.ts	0	0	0	0	1	1	1		
c12060u0_ref.d.ts	0	0	0	0	1	1	1		
c12060u1_index.d.ts	0	0	0	0	1	1	1		
c12060u2_app.ts	0	0	0	0	1	1	1		
c12061u0_ref.d.ts	0	0	0	0	1	1	1		
c12061u1_index.d.ts	0	0	0	0	1	1	1		
c12061u2_app.ts	0	0	0	0	1	1	1		
c12062u0_ref.d.ts	0	0	0	0	1	1	1		
c12062u1_index.d.ts	0	0	0	0	1	1	1		
c12062u2_app.ts	0	0	0	0	1	1	1		
c12063u0_ref.d.ts	0	0	0	0	1	1	1		
c12063u1_index.d.ts	0	0	0	0	1	1	1		
c12063u2_app.ts	0	0	0	0	1	1	1		
c12064u0_index.d.ts	0	0	0	0	1	1	1		
c12064u1_app.ts	0	0	0	0	1	1	1		
c12065u0_index.d.ts	0	0	0	0	1	1	1		
c12065u1_mod1.ts	0	0	0	0	1	1	1		
c12065u2_mod2.ts	0	0	0	0	1	1	1		
c12066u0_index.d.ts	0	0	0	0	1	1	1		
c12066u1_main.ts	0	0	0	0	1	1	1		
c12066u2_mod1.ts	0	0	0	0	1	1	1		
c12066u3_mod2.ts	0	0	0	0	1	1	1		
c12067u0_typeResolution.ts	1	0	0	0	1	1	1		
c12068u0_index.d.ts	0	0	0	0	1	1	1		
c12068u1_index.d.ts	0	0	0	0	1	1	1		
c12068u2_index.d.ts	0	0	0	0	1	1	1		
c12068u3_a.ts	0	0	0	0	1	1	1		
c12069u0_index.d.ts	0	0	0	0	1	1	1		
c12069u1_a.ts	0	0	0	0	1	1	1		
c12070u0_typeUsedAsTypeLiteralIndex.ts	0	0	0	0	1	1	1		
c12071u0_typeUsedAsValueError.ts	0	0	0	0	1	1	1		
c12072u0_helloInterface.ts	0	0	0	0	1	1	1		
c12072u1_helloNamespace.ts	0	0	0	0	1	1	1		
c12072u2_world.ts	0	0	0	0	1	1	1		
c12073u0_typeVal.ts	0	0	0	0	1	1	1		
c12074u0_typeValueConflict1.ts	0	0	0	0	1	1	1		
c12075u0_typeValueConflict2.ts	0	0	0	0	1	1	1		
c12076u0_typeVariableConstraintIntersections.ts	0	0	0	0	1	1	1		
c12077u0_typeVariableConstraintedToAliasNotAssignableToUnion.ts	0	0	0	0	1	1	1		
c12078u0_typeVariableTypeGuards.ts	0	0	0	0	1	1	1		
c12079u0_typecheckCommaExpression.ts	0	0	0	0	1	1	1		
c12080u0_typecheckIfCondition.ts	0	0	0	0	1	1	1		
c12081u0_typedArrayConstructorOverloads.ts	0	0	0	0	1	1	1		
c12082u0_typedArrays-es5.ts	0	0	0	0	1	1	1		
c12083u0_typedArrays-es6.ts	0	0	0	0	1	1	1		
c12084u0_typedArrays.ts	0	0	0	0	1	1	1		
c12085u0_typedArraysCrossAssignability01.ts	0	0	0	0	1	1	1		
c12086u0_typedArraysSubarray.ts	0	0	0	0	1	1	1		
c12087u0_typedGenericPrototypeMember.ts	0	0	0	0	1	1	1		
c12088u0_typeofAmbientExternalModules_0.ts	0	0	0	0	1	1	1		
c12088u1_typeofAmbientExternalModules_1.ts	0	0	0	0	1	1	1		
c12088u2_typeofAmbientExternalModules_2.ts	0	0	0	0	1	1	1		
c12089u0_typeofClass.ts	0	0	0	0	1	1	1		
c12090u0_typeofEnum.ts	0	0	0	0	1	1	1		
c12091u0_typeofExternalModules_external.ts	0	0	0	0	1	1	1		
c12091u1_typeofExternalModules_exportAssign.ts	0	0	0	0	1	1	1		
c12091u2_typeofExternalModules_core.ts	0	0	0	0	1	1	1		
c12092u0_input.ts	0	0	0	0	1	1	1		
c12092u1_main.ts	0	0	0	0	1	1	1		
c12093u0_typeofInObjectLiteralType.ts	0	0	0	0	1	1	1		
c12094u0_typeofInterface.ts	0	0	0	0	1	1	1		
c12095u0_typeofInternalModules.ts	0	0	0	0	1	1	1		
c12096u0_typeofObjectInference.ts	0	0	0	0	1	1	1		
c12097u0_typeofProperty.ts	0	0	0	0	1	1	1		
c12098u0_typeofSimple.ts	0	0	0	0	1	1	1		
c12099u0_typeofStrictNull.ts	0	0	0	0	1	1	1		
c12100u0_typeofStripsFreshness.ts	0	0	0	0	1	1	1		
c12101u0_typeofThisInMethodSignature.ts	0	0	0	0	1	1	1		
c12102u0_typeofUndefined.ts	0	0	0	0	1	1	1		
c12103u0_typeofUnknownSymbol.ts	0	0	0	0	1	1	1		
c12104u0_typeofUsedBeforeBlockScoped.ts	0	0	0	0	1	1	1		
c12105u0_umdDependencyComment2.ts	0	0	0	0	1	1	1		
c12106u0_umdDependencyCommentName1.ts	0	0	0	0	1	1	1		
c12107u0_umdDependencyCommentName2.ts	0	0	0	0	1	1	1		
c12108u0_global.d.ts	0	0	0	0	1	1	1		
c12108u1_module.d.ts	0	0	0	0	1	1	1		
c12108u2_some_module.ts	0	0	0	0	1	1	1		
c12108u3_emits.ts	0	0	0	0	1	1	1		
c12109u0_index.d.ts	0	0	0	0	1	1	1		
c12109u1_index.d.ts	0	0	0	0	1	1	1		
c12109u2_consumer.ts	0	0	0	0	1	1	1		
c12109u3_global.ts	0	0	0	0	1	1	1		
c12110u0_main.ts	0	0	0	0	1	1	1		
c12111u0_global.d.ts	0	0	0	0	1	1	1		
c12111u1_module.d.ts	0	0	0	0	1	1	1		
c12111u2_some_module.ts	0	0	0	0	1	1	1		
c12111u3_emits.ts	0	0	0	0	1	1	1		
c12112u0_unaryOperators1.ts	0	0	0	0	1	1	1		
c12113u0_unaryOperatorsInStrictMode.ts	0	0	0	0	1	1	1		
c12114u0_unaryPlus.ts	0	0	0	0	1	1	1		
c12115u0_uncalledFunctionChecksInConditional.ts	0	0	0	0	1	1	1		
c12116u0_uncalledFunctionChecksInConditional2.ts	0	0	0	0	1	1	1		
c12117u0_uncalledFunctionChecksInConditionalPerf.ts	0	0	0	0	1	1	1		
c12118u0_uncaughtCompilerError1.ts	0	0	0	0	1	1	1		
c12119u0_uncaughtCompilerError2.ts	0	0	1	1	1	1	1		
c12120u0_t1.ts	0	0	0	0	1	1	1		
c12120u1_t2.ts	0	0	1	1	1	1	1		
c12120u2_t3.ts	0	0	1	1	1	1	1		
c12120u3_t4.ts	0	0	1	1	1	1	1		
c12120u4_t5.ts	0	0	1	1	1	1	1		
c12121u0_t1.ts	0	0	0	0	1	1	1		
c12121u1_t2.ts	0	0	1	1	1	1	1		
c12121u2_t3.ts	0	0	1	1	1	1	1		
c12121u3_t4.ts	0	0	1	1	1	1	1		
c12121u4_t5.ts	0	0	1	1	1	1	1		
c12122u0_undeclaredBase.ts	0	0	0	0	1	1	1		
c12123u0_undeclaredMethod.ts	0	0	0	0	1	1	1		
c12124u0_undeclaredModuleError.ts	0	0	0	0	1	1	1		
c12125u0_undeclaredVarEmit.ts	0	0	0	0	1	1	1		
c12126u0_undefinedArgumentInference.ts	0	0	0	0	1	1	1		
c12127u0_undefinedAsDiscriminantWithUnknown.ts	0	0	0	0	1	1	1		
c12128u0_undefinedAssignableToGenericMappedIntersection.ts	0	0	0	0	1	1	1		
c12129u0_undefinedInferentialTyping.ts	0	0	0	0	1	1	1		
c12130u0_undefinedSymbolReferencedInArrayLiteral1.ts	0	0	0	0	1	1	1		
c12131u0_undefinedTypeArgument1.ts	0	0	0	0	1	1	1		
c12132u0_undefinedTypeArgument2.ts	0	0	0	0	1	1	1		
c12133u0_undefinedTypeAssignment1.ts	0	0	0	0	1	1	1		
c12134u0_undefinedTypeAssignment2.ts	0	0	0	0	1	1	1		
c12135u0_undefinedTypeAssignment3.ts	0	0	0	0	1	1	1		
c12136u0_undefinedTypeAssignment4.ts	0	0	0	0	1	1	1		
c12137u0_underscoreEscapedNameInEnum.ts	0	0	0	0	1	1	1		
c12138u0_underscoreMapFirst.ts	0	0	0	0	1	1	1		
c12139u0_underscoreTest1_underscore.ts	0	0	0	0	1	1	1		
c12139u1_underscoreTest1_underscoreTests.ts	0	0	0	0	1	1	1		
c12140u0_underscoreThisInDerivedClass01.ts	0	0	0	0	1	1	1		
c12141u0_underscoreThisInDerivedClass02.ts	0	0	0	0	1	1	1		
c12142u0_unexpectedStatementBlockTerminator.ts	0	0	1	1	1	1	1		
c12143u0_unexportedInstanceClassVariables.ts	0	0	0	0	1	1	1		
c12145u0_identifierVariableWithEscape1.ts	0	0	0	0	1	1	1		
c12145u10_PrivateIdentifierNameWithExtendedEscape1.ts	0	0	0	0	1	1	1		
c12145u11_PrivateIdentifierNameWithExtendedEscape2.ts	0	0	0	0	1	1	1		
c12145u1_identifierVariableWithEscape2.ts	0	0	0	0	1	1	1		
c12145u2_identifierVariableWithExtendedEscape1.ts	0	0	0	0	1	1	1		
c12145u3_identifierVariableWithExtendedEscape2.ts	0	0	0	0	1	1	1		
c12145u4_IdentifierNameWithEscape1.ts	0	0	0	0	1	1	1		
c12145u5_IdentifierNameWithEscape2.ts	0	0	0	0	1	1	1		
c12145u6_IdentifierNameWithExtendedEscape1.ts	0	0	0	0	1	1	1		
c12145u7_IdentifierNameWithExtendedEscape2.ts	0	0	0	0	1	1	1		
c12145u8_PrivateIdentifierNameWithEscape1.ts	0	0	0	0	1	1	1		
c12145u9_PrivateIdentifierNameWithEscape2.ts	0	0	0	0	1	1	1		
c12146u0_extendedEscapesForAstralsInVarsAndClasses.ts	0	0	0	0	1	1	1		
c12146u1_astralAsSurrogatePair.ts	0	0	2	2	1	1	1		
c12147u0_unicodeIdentifierName2.ts	0	0	4	4	1	1	1		
c12148u0_unicodeIdentifierNames.ts	0	0	0	0	1	1	1		
c12149u0_unicodeStringLiteral.ts	0	0	0	0	1	1	1		
c12150u0_unionCallMixedTypeParameterPresence.ts	0	0	0	0	1	1	1		
c12151u0_unionErrorMessageOnMatchingDiscriminant.ts	0	0	0	0	1	1	1		
c12152u0_unionExcessPropertyCheckNoApparentPropTypeMismatchErrors.ts	0	0	0	0	1	1	1		
c12153u0_unionExcessPropsWithPartialMember.ts	0	0	0	0	1	1	1		
c12154u0_unionOfArraysFilterCall.ts	0	0	0	0	1	1	1		
c12155u0_unionOfClassCalls.ts	0	0	0	0	1	1	1		
c12156u0_unionOfEnumInference.ts	0	0	0	0	1	1	1		
c12157u0_unionOfFunctionAndSignatureIsCallable.ts	0	0	0	0	1	1	1		
c12158u0_unionPropertyExistence.ts	0	0	0	0	1	1	1		
c12159u0_unionPropertyOfProtectedAndIntersectionProperty.ts	0	0	0	0	1	1	1		
c12160u0_unionReductionMutualSubtypes.ts	0	0	0	0	1	1	1		
c12161u0_index.d.ts	0	0	0	0	1	1	1		
c12161u1_index.tsx	0	0	0	0	1	1	1		
c12162u0_unionRelationshipCheckPasses.ts	0	0	0	0	1	1	1		
c12163u0_unionSignaturesWithThisParameter.ts	0	0	0	0	1	1	1		
c12164u0_unionSubtypeReductionErrors.ts	0	0	0	0	1	1	1		
c12165u0_unionTypeErrorMessageTypeRefs01.ts	0	0	0	0	1	1	1		
c12166u0_unionTypeParameterInference.ts	0	0	0	0	1	1	1		
c12167u0_unionTypeWithIndexAndMethodSignature.ts	0	0	0	0	1	1	1		
c12168u0_unionTypeWithIndexAndTuple.ts	0	0	0	0	1	1	1		
c12169u0_unionTypeWithIndexedLiteralType.ts	0	0	0	0	1	1	1		
c12170u0_unionTypeWithLeadingOperator.ts	0	0	0	0	1	1	1		
c12171u0_unionTypeWithRecursiveSubtypeReduction1.ts	0	0	0	0	1	1	1		
c12172u0_unionTypeWithRecursiveSubtypeReduction2.ts	0	0	0	0	1	1	1		
c12173u0_unionTypeWithRecursiveSubtypeReduction3.ts	0	0	0	0	1	1	1		
c12174u0_unionWithIndexSignature.ts	0	0	0	0	1	1	1		
c12175u0_uniqueSymbolAllowsIndexInObjectWithIndexSignature.ts	0	0	0	0	1	1	1		
c12176u0_uniqueSymbolAssignmentOnGlobalAugmentationSuceeds.ts	0	0	0	0	1	1	1		
c12179u0_test.ts	0	0	0	0	1	1	1		
c12179u1_op.ts	0	0	0	0	1	1	1		
c12179u2_po.d.ts	0	0	0	0	1	1	1		
c12180u0_unknownLikeUnionObjectFlagsNotPropagated.ts	0	0	0	0	1	1	1		
c12181u0_unknownPropertiesAreAssignableToObjectUnion.ts	0	0	0	0	1	1	1		
c12182u0_unknownSymbolInGenericReturnType.ts	0	0	0	0	1	1	1		
c12183u0_unknownSymbolOffContextualType1.ts	0	0	0	0	1	1	1		
c12184u0_unknownSymbols1.ts	0	0	0	0	1	1	1		
c12185u0_unknownSymbols2.ts	0	0	0	0	1	1	1		
c12186u0_unknownTypeArgOnCall.ts	0	0	0	0	1	1	1		
c12187u0_unknownTypeErrors.ts	0	0	0	0	1	1	1		
c12188u0_unmatchedParameterPositions.ts	0	0	0	0	1	1	1		
c12189u0_file1.ts	0	0	0	0	1	1	1		
c12189u1_file2.ts	0	0	0	0	1	1	1		
c12191u0_unparenthesizedConstructorTypeInUnionOrIntersection.ts	0	0	16	16	1	1	1		
c12192u0_unparenthesizedFunctionTypeInUnionOrIntersection.ts	0	0	16	16	1	1	1		
c12193u0_unqualifiedCallToClassStatic1.ts	0	0	0	0	1	1	1		
c12194u0_unreachableDeclarations.ts	0	0	0	0	1	1	1		
c12195u0_unreachableFlowAfterFinally.ts	0	0	0	0	1	1	1		
c12198u0_unreachable.ts	0	0	0	0	1	1	1		
c12199u0_unreachable.ts	0	0	0	0	1	1	1		
c12200u0_unresolvableSelfReferencingAwaitedUnion.ts	0	0	0	0	1	1	1		
c12201u0_unresolvedTypeAssertionSymbol.ts	0	0	0	0	1	1	1		
c12202u0_unspecializedConstraints.ts	0	0	0	0	1	1	1		
c12203u0_unterminatedRegexAtEndOfSource1.ts	0	0	1	1	1	1	1		
c12204u0_unterminatedStringLiteralWithBackslash1.ts	0	0	1	1	1	1	1		
c12205u0_untypedArgumentInLambdaExpression.ts	0	0	0	0	1	1	1		
c12206u0_untypedFunctionCallsWithTypeParameters1.ts	0	0	0	0	1	1	1		
c12207u0_index.d.ts	0	0	0	0	1	1	1		
c12207u2_a.ts	0	0	0	0	1	1	1		
c12208u0_unusedClassesinModule1.ts	0	0	0	0	1	1	1		
c12209u0_unusedClassesinNamespace1.ts	0	0	0	0	1	1	1		
c12210u0_unusedClassesinNamespace2.ts	0	0	0	0	1	1	1		
c12211u0_unusedClassesinNamespace3.ts	0	0	0	0	1	1	1		
c12212u0_unusedClassesinNamespace4.ts	0	0	0	0	1	1	1		
c12213u0_unusedClassesinNamespace5.ts	0	0	0	0	1	1	1		
c12214u0_unusedDestructuring.ts	0	0	0	0	1	1	1		
c12215u0_unusedDestructuringParameters.ts	0	0	0	0	1	1	1		
c12216u0_unusedFunctionsinNamespaces1.ts	0	0	0	0	1	1	1		
c12217u0_unusedFunctionsinNamespaces2.ts	0	0	0	0	1	1	1		
c12218u0_unusedFunctionsinNamespaces3.ts	0	0	0	0	1	1	1		
c12219u0_unusedFunctionsinNamespaces4.ts	0	0	0	0	1	1	1		
c12220u0_unusedFunctionsinNamespaces5.ts	0	0	0	0	1	1	1		
c12221u0_unusedFunctionsinNamespaces6.ts	0	0	0	0	1	1	1		
c12222u0_unusedGetterInClass.ts	0	0	0	0	1	1	1		
c12223u0_unusedIdentifiersConsolidated1.ts	0	0	0	0	1	1	1		
c12224u0_unusedImportDeclaration_testerB.ts	0	0	0	0	1	1	1		
c12224u1_unusedImportDeclaration_testerA.ts	0	0	0	0	1	1	1		
c12225u0_a.ts	0	0	0	0	1	1	1		
c12225u1_b1.ts	0	0	0	0	1	1	1		
c12225u2_b2.ts	0	0	0	0	1	1	1		
c12226u0_file1.ts	0	0	0	0	1	1	1		
c12226u1_file2.ts	0	0	0	0	1	1	1		
c12227u0_unusedImports10.ts	0	0	0	0	1	1	1		
c12228u0_b.ts	0	0	0	0	1	1	1		
c12228u1_a.ts	0	0	0	0	1	1	1		
c12229u0_b.ts	0	0	0	0	1	1	1		
c12229u1_a.ts	0	0	0	0	1	1	1		
c12230u0_foo.tsx	0	0	0	0	1	1	1		
c12230u1_index.d.ts	0	0	0	0	1	1	1		
c12231u0_foo.tsx	0	0	0	0	1	1	1		
c12231u1_index.d.ts	0	0	0	0	1	1	1		
c12232u0_foo.tsx	0	0	0	0	1	1	1		
c12232u1_index.d.ts	0	0	0	0	1	1	1		
c12233u0_foo.tsx	0	0	0	0	1	1	1		
c12233u1_index.d.ts	0	0	0	0	1	1	1		
c12234u0_file1.ts	0	0	0	0	1	1	1		
c12234u1_file2.ts	0	0	0	0	1	1	1		
c12235u0_file1.ts	0	0	0	0	1	1	1		
c12235u1_file2.ts	0	0	0	0	1	1	1		
c12236u0_file1.ts	0	0	0	0	1	1	1		
c12236u1_file2.ts	0	0	0	0	1	1	1		
c12237u0_file1.ts	0	0	0	0	1	1	1		
c12237u1_file2.ts	0	0	0	0	1	1	1		
c12238u0_file1.ts	0	0	0	0	1	1	1		
c12238u1_file2.ts	0	0	0	0	1	1	1		
c12239u0_file1.ts	0	0	0	0	1	1	1		
c12239u1_file2.ts	0	0	0	0	1	1	1		
c12240u0_file1.ts	0	0	0	0	1	1	1		
c12240u1_file2.ts	0	0	0	0	1	1	1		
c12241u0_file1.ts	0	0	0	0	1	1	1		
c12241u1_file2.ts	0	0	0	0	1	1	1		
c12242u0_a.ts	0	0	0	0	1	1	1		
c12242u1_b.ts	0	0	0	0	1	1	1		
c12243u0_unusedInterfaceinNamespace1.ts	0	0	0	0	1	1	1		
c12244u0_unusedInterfaceinNamespace2.ts	0	0	0	0	1	1	1		
c12245u0_unusedInterfaceinNamespace3.ts	0	0	0	0	1	1	1		
c12246u0_unusedInterfaceinNamespace4.ts	0	0	0	0	1	1	1		
c12247u0_unusedInterfaceinNamespace5.ts	0	0	0	0	1	1	1		
c12248u0_typeReference.ts	0	0	0	0	1	1	1		
c12248u1_classReference.ts	0	0	0	0	1	1	1		
c12248u2_interface.ts	0	0	0	0	1	1	1		
c12248u3_call.ts	0	0	0	0	1	1	1		
c12248u4_new.ts	0	0	0	0	1	1	1		
c12248u5_callAny.ts	0	0	0	0	1	1	1		
c12248u6_super.ts	0	0	0	0	1	1	1		
c12249u0_unusedLocalProperty.ts	0	0	0	0	1	1	1		
c12250u0_unusedLocalsAndObjectSpread.ts	0	0	0	0	1	1	1		
c12251u0_unusedLocalsAndObjectSpread2.ts	0	0	0	0	1	1	1		
c12252u0_unusedLocalsAndParameters.ts	0	0	3	3	1	1	1		
c12253u0_unusedLocalsAndParametersDeferred.ts	0	0	0	0	1	1	1		
c12254u0_unusedLocalsAndParametersOverloadSignatures.ts	0	0	0	0	1	1	1		
c12255u0_unusedLocalsAndParametersTypeAliases.ts	0	0	0	0	1	1	1		
c12256u0_unusedLocalsAndParametersTypeAliases2.ts	0	0	0	0	1	1	1		
c12257u0_unusedLocalsInForInOrOf1.ts	0	0	0	0	1	1	1		
c12258u0_unusedLocalsInMethod1.ts	0	0	0	0	1	1	1		
c12259u0_unusedLocalsInMethod2.ts	0	0	0	0	1	1	1		
c12260u0_unusedLocalsInMethod3.ts	0	0	0	0	1	1	1		
c12261u0_unusedLocalsInMethod4.ts	0	0	0	0	1	1	1		
c12262u0_unusedLocalsInRecursiveReturn.ts	0	0	0	0	1	1	1		
c12263u0_unusedLocalsOnFunctionDeclarationWithinFunctionDeclaration1.ts	0	0	0	0	1	1	1		
c12264u0_unusedLocalsOnFunctionDeclarationWithinFunctionDeclaration2.ts	0	0	0	0	1	1	1		
c12265u0_unusedLocalsOnFunctionDeclarationWithinFunctionExpression1.ts	0	0	0	0	1	1	1		
c12266u0_unusedLocalsOnFunctionDeclarationWithinFunctionExpression2.ts	0	0	0	0	1	1	1		
c12267u0_unusedLocalsOnFunctionExpressionWithinFunctionDeclaration1.ts	0	0	0	0	1	1	1		
c12268u0_unusedLocalsOnFunctionExpressionWithinFunctionDeclaration2.ts	0	0	0	0	1	1	1		
c12269u0_unusedLocalsOnFunctionExpressionWithinFunctionExpression1.ts	0	0	0	0	1	1	1		
c12270u0_unusedLocalsOnFunctionExpressionWithinFunctionExpression2.ts	0	0	0	0	1	1	1		
c12271u0_a.ts	0	0	0	0	1	1	1		
c12272u0_unusedLocalsinConstructor1.ts	0	0	0	0	1	1	1		
c12273u0_unusedLocalsinConstructor2.ts	0	0	0	0	1	1	1		
c12274u0_unusedMethodsInInterface.ts	0	0	0	0	1	1	1		
c12275u0_unusedModuleInModule.ts	0	0	0	0	1	1	1		
c12276u0_unusedMultipleParameter1InContructor.ts	0	0	0	0	1	1	1		
c12277u0_unusedMultipleParameter1InFunctionExpression.ts	0	0	0	0	1	1	1		
c12278u0_unusedMultipleParameter2InContructor.ts	0	0	0	0	1	1	1		
c12279u0_unusedMultipleParameter2InFunctionExpression.ts	0	0	0	0	1	1	1		
c12280u0_unusedMultipleParameters1InFunctionDeclaration.ts	0	0	0	0	1	1	1		
c12281u0_unusedMultipleParameters1InMethodDeclaration.ts	0	0	0	0	1	1	1		
c12282u0_unusedMultipleParameters2InFunctionDeclaration.ts	0	0	0	0	1	1	1		
c12283u0_unusedMultipleParameters2InMethodDeclaration.ts	0	0	0	0	1	1	1		
c12284u0_unusedNamespaceInModule.ts	0	0	0	0	1	1	1		
c12285u0_unusedNamespaceInNamespace.ts	0	0	0	0	1	1	1		
c12286u0_unusedParameterInCatchClause.ts	0	0	0	0	1	1	1		
c12287u0_unusedParameterProperty1.ts	0	0	0	0	1	1	1		
c12288u0_unusedParameterProperty2.ts	0	0	0	0	1	1	1		
c12289u0_unusedParameterUsedInTypeOf.ts	0	0	0	0	1	1	1		
c12290u0_unusedParametersInLambda1.ts	0	0	0	0	1	1	1		
c12291u0_unusedParametersInLambda2.ts	0	0	0	0	1	1	1		
c12292u0_unusedParametersThis.ts	0	0	0	0	1	1	1		
c12293u0_unusedParametersWithUnderscore.ts	0	0	0	0	1	1	1		
c12294u0_unusedParametersinConstructor1.ts	0	0	0	0	1	1	1		
c12295u0_unusedParametersinConstructor2.ts	0	0	0	0	1	1	1		
c12296u0_unusedParametersinConstructor3.ts	0	0	0	0	1	1	1		
c12297u0_unusedPrivateMembers.ts	0	0	0	0	1	1	1		
c12298u0_unusedPrivateMethodInClass1.ts	0	0	0	0	1	1	1		
c12299u0_unusedPrivateMethodInClass2.ts	0	0	0	0	1	1	1		
c12300u0_unusedPrivateMethodInClass3.ts	0	0	0	0	1	1	1		
c12301u0_unusedPrivateMethodInClass4.ts	0	0	0	0	1	1	1		
c12302u0_unusedPrivateStaticMembers.ts	0	0	0	0	1	1	1		
c12303u0_unusedPrivateVariableInClass1.ts	0	0	0	0	1	1	1		
c12304u0_unusedPrivateVariableInClass2.ts	0	0	0	0	1	1	1		
c12305u0_unusedPrivateVariableInClass3.ts	0	0	0	0	1	1	1		
c12306u0_unusedPrivateVariableInClass4.ts	0	0	0	0	1	1	1		
c12307u0_unusedPrivateVariableInClass5.ts	0	0	0	0	1	1	1		
c12308u0_unusedSemicolonInClass.ts	0	0	0	0	1	1	1		
c12309u0_unusedSetterInClass.ts	0	0	0	0	1	1	1		
c12310u0_unusedSetterInClass2.ts	0	0	0	0	1	1	1		
c12311u0_unusedSingleParameterInContructor.ts	0	0	0	0	1	1	1		
c12312u0_unusedSingleParameterInFunctionDeclaration.ts	0	0	0	0	1	1	1		
c12313u0_unusedSingleParameterInFunctionExpression.ts	0	0	0	0	1	1	1		
c12314u0_unusedSingleParameterInMethodDeclaration.ts	0	0	0	0	1	1	1		
c12315u0_unusedSwitchStatement.ts	0	0	0	0	1	1	1		
c12316u0_unusedTypeParameterInFunction1.ts	0	0	0	0	1	1	1		
c12317u0_unusedTypeParameterInFunction2.ts	0	0	0	0	1	1	1		
c12318u0_unusedTypeParameterInFunction3.ts	0	0	0	0	1	1	1		
c12319u0_unusedTypeParameterInFunction4.ts	0	0	0	0	1	1	1		
c12320u0_unusedTypeParameterInInterface1.ts	0	0	0	0	1	1	1		
c12321u0_unusedTypeParameterInInterface2.ts	0	0	0	0	1	1	1		
c12322u0_unusedTypeParameterInLambda1.ts	0	0	0	0	1	1	1		
c12323u0_unusedTypeParameterInLambda2.ts	0	0	0	0	1	1	1		
c12324u0_unusedTypeParameterInLambda3.ts	0	0	0	0	1	1	1		
c12325u0_unusedTypeParameterInMethod1.ts	0	0	0	0	1	1	1		
c12326u0_unusedTypeParameterInMethod2.ts	0	0	0	0	1	1	1		
c12327u0_unusedTypeParameterInMethod3.ts	0	0	0	0	1	1	1		
c12328u0_unusedTypeParameterInMethod4.ts	0	0	0	0	1	1	1		
c12329u0_unusedTypeParameterInMethod5.ts	0	0	0	0	1	1	1		
c12330u0_unusedTypeParameters1.ts	0	0	0	0	1	1	1		
c12331u0_unusedTypeParameters10.ts	0	0	0	0	1	1	1		
c12332u0_unusedTypeParameters2.ts	0	0	0	0	1	1	1		
c12333u0_unusedTypeParameters3.ts	0	0	0	0	1	1	1		
c12334u0_unusedTypeParameters4.ts	0	0	0	0	1	1	1		
c12335u0_unusedTypeParameters5.ts	0	0	0	0	1	1	1		
c12336u0_a.ts	0	0	0	0	1	1	1		
c12336u1_b.ts	0	0	0	0	1	1	1		
c12337u0_a.ts	0	0	0	0	1	1	1		
c12337u1_b.ts	0	0	0	0	1	1	1		
c12338u0_a.ts	0	0	0	0	1	1	1		
c12338u1_b.ts	0	0	0	0	1	1	1		
c12339u0_unusedTypeParameters9.ts	0	0	0	0	1	1	1		
c12340u0_unusedTypeParametersCheckedByNoUnusedParameters.ts	0	0	0	0	1	1	1		
c12341u0_unusedTypeParametersNotCheckedByNoUnusedLocals.ts	0	0	0	0	1	1	1		
c12342u0_unusedTypeParametersWithUnderscore.ts	0	0	0	0	1	1	1		
c12343u0_unusedTypeParameters_infer.ts	0	0	0	0	1	1	1		
c12346u0_unusedVariablesWithUnderscoreInBindingElement.ts	0	0	0	0	1	1	1		
c12347u0_unusedVariablesWithUnderscoreInForOfLoop.ts	0	0	0	0	1	1	1		
c12348u0_unusedVariablesinBlocks1.ts	0	0	0	0	1	1	1		
c12349u0_unusedVariablesinBlocks2.ts	0	0	0	0	1	1	1		
c12350u0_unusedVariablesinForLoop.ts	0	0	0	0	1	1	1		
c12351u0_unusedVariablesinForLoop2.ts	0	0	0	0	1	1	1		
c12352u0_unusedVariablesinForLoop3.ts	0	0	0	0	1	1	1		
c12353u0_unusedVariablesinForLoop4.ts	0	0	0	0	1	1	1		
c12354u0_unusedVariablesinModules1.ts	0	0	0	0	1	1	1		
c12355u0_unusedVariablesinNamespaces1.ts	0	0	0	0	1	1	1		
c12356u0_unusedVariablesinNamespaces2.ts	0	0	0	0	1	1	1		
c12357u0_unusedVariablesinNamespaces3.ts	0	0	0	0	1	1	1		
c12358u0_unwitnessedTypeParameterVariance.ts	0	0	0	0	1	1	1		
c12359u0_A.ts	0	0	0	0	1	1	1		
c12359u1_B.ts	0	0	0	0	1	1	1		
c12360u0_useBeforeDeclaration_classDecorators.1.ts	0	0	0	0	1	1	1		
c12361u0_useBeforeDeclaration_classDecorators.2.ts	0	0	0	0	1	1	1		
c12362u0_useBeforeDeclaration_destructuring.ts	0	0	0	0	1	1	1		
c12363u0_useBeforeDeclaration_jsx.tsx	0	0	0	0	1	1	1		
c12364u0_useBeforeDeclaration_propertyAssignment.ts	0	0	0	0	1	1	1		
c12365u0_useBeforeDeclaration_superClass.ts	0	0	0	0	1	1	1		
c12366u0_declaration.d.ts	0	0	0	0	1	1	1		
c12367u0_useDefineForClassFieldsFlagDefault.ts	0	0	0	0	1	1	1		
c12368u0_useStrictLikePrologueString01.ts	0	0	0	0	1	1	1		
c12369u0_useUnknownInCatchVariables01.ts	0	0	0	0	1	1	1		
c12371u0_usingModuleWithExportImportInValuePosition.ts	0	0	0	0	1	1	1		
c12372u0_validRegexp.ts	0	0	1	1	1	1	1		
c12373u0_validUseOfThisInSuper.ts	0	0	0	0	1	1	1		
c12374u0_valueOfTypedArray.ts	0	0	0	0	1	1	1		
c12375u0_varAndFunctionShareName.ts	0	0	0	0	1	1	1		
c12376u0_varArgConstructorMemberParameter.ts	0	0	0	0	1	1	1		
c12377u0_varArgParamTypeCheck.ts	0	0	0	0	1	1	1		
c12378u0_varArgWithNoParamName.ts	0	0	1	1	1	1	1		
c12379u0_varArgsOnConstructorTypes.ts	0	0	0	0	1	1	1		
c12380u0_varAsID.ts	0	0	0	0	1	1	1		
c12381u0_varBlock.ts	0	0	0	0	1	1	1		
c12382u0_varInFunctionInVarInitializer.ts	0	0	0	0	1	1	1		
c12383u0_varNameConflictsWithImportInDifferentPartOfModule.ts	0	0	0	0	1	1	1		
c12384u0_vararg.ts	0	0	0	0	1	1	1		
c12385u0_vardecl.ts	0	0	0	0	1	1	1		
c12386u0_variableDeclarationDeclarationEmitUniqueSymbolPartialStatement.ts	0	0	0	0	1	1	1		
c12387u0_variableDeclarationInStrictMode1.ts	0	0	0	0	1	1	1		
c12388u0_variableDeclarationInnerCommentEmit.ts	0	0	0	0	1	1	1		
c12389u0_variableDeclarator1.ts	0	0	0	0	1	1	1		
c12390u0_variableDeclaratorResolvedDuringContextualTyping.ts	1	0	0	0	0	1	1		
c12391u0_varianceAnnotationValidation.ts	0	0	0	0	1	1	1		
c12392u0_varianceCallbacksAndIndexedAccesses.ts	0	0	0	0	1	1	1		
c12393u0_varianceCantBeStrictWhileStructureIsnt.ts	0	0	0	0	1	1	1		
c12394u0_varianceMeasurement.ts	0	0	0	0	1	1	1		
c12395u0_varianceProblingAndZeroOrderIndexSignatureRelationsAlign.ts	1	0	0	0	1	1	1		
c12396u0_varianceProblingAndZeroOrderIndexSignatureRelationsAlign2.ts	1	0	0	0	1	1	1		
c12397u0_variancePropagation.ts	0	0	0	0	1	1	1		
c12398u0_varianceReferences.ts	0	0	0	0	1	1	1		
c12399u0_varianceRepeatedlyPropegatesWithUnreliableFlag.ts	0	0	0	0	1	1	1		
c12400u0_verbatim-declarations-parameters.ts	0	0	0	0	1	1	1		
c12401u0_index.ts	0	0	0	0	1	1	1		
c12402u0_react.d.ts	0	0	0	0	1	1	1		
c12402u1_index.tsx	0	0	0	0	1	1	1		
c12403u0_verifyDefaultLib_dom.ts	0	0	0	0	1	1	1		
c12404u0_verifyDefaultLib_webworker.ts	0	0	0	0	1	1	1		
c12405u0_visSyntax.ts	0	0	0	0	1	1	1		
c12406u0_visibilityOfCrossModuleTypeUsage_commands.ts	0	0	0	0	1	1	1		
c12406u1_visibilityOfCrossModuleTypeUsage_server.ts	0	0	0	0	1	1	1		
c12406u2_visibilityOfCrossModuleTypeUsage_fs.ts	0	0	0	0	1	1	1		
c12407u0_visibilityOfTypeParameters.ts	0	0	0	0	1	1	1		
c12408u0_voidArrayLit.ts	0	0	0	0	1	1	1		
c12409u0_voidAsNonAmbiguousReturnType_0.ts	0	0	0	0	1	1	1		
c12409u1_voidAsNonAmbiguousReturnType_1.ts	0	0	0	0	1	1	1		
c12410u0_voidAsOperator.ts	0	0	0	0	1	1	1		
c12411u0_voidConstructor.ts	0	0	0	0	1	1	1		
c12412u0_voidFunctionAssignmentCompat.ts	0	0	0	0	1	1	1		
c12413u0_voidIsInitialized.ts	0	0	0	0	1	1	1		
c12414u0_voidOperator1.ts	0	0	0	0	1	1	1		
c12415u0_voidReturnIndexUnionInference.ts	0	0	0	0	1	1	1		
c12416u0_voidReturnLambdaValue.ts	0	0	0	0	1	1	1		
c12417u0_voidUndefinedReduction.ts	0	0	0	0	1	1	1		
c12418u0_vueLikeDataAndPropsInference.ts	0	0	0	0	1	1	1		
c12419u0_vueLikeDataAndPropsInference2.ts	0	0	0	0	1	1	1		
c12420u0_weakType.ts	0	0	0	0	1	1	1		
c12421u0_weakTypeAndPrimitiveNarrowing.ts	0	0	0	0	1	1	1		
c12422u0_webworkerIterable.ts	0	0	0	0	1	1	1		
c12423u0_wellKnownSymbolExpando.ts	0	0	0	0	1	1	1		
c12424u0_whileStatementInnerComments.ts	0	0	0	0	1	1	1		
c12425u0_widenToAny1.ts	0	0	0	0	1	1	1		
c12426u0_widenToAny2.ts	0	0	0	0	1	1	1		
c12427u0_widenedTypes.ts	0	0	0	0	1	1	1		
c12428u0_widenedTypes1.ts	0	0	0	0	1	1	1		
c12429u0_wideningWithTopLevelTypeParameter.ts	0	0	0	0	1	1	1		
c12430u0_withExportDecl.ts	0	0	0	0	1	1	1		
c12431u0_withImportDecl_0.ts	0	0	0	0	1	1	1		
c12431u1_withImportDecl_1.ts	0	0	0	0	1	1	1		
c12432u0_withStatement.ts	0	0	0	0	1	1	1		
c12433u0_withStatementErrors.ts	0	0	0	0	1	1	1		
c12434u0_withStatementInternalComments.ts	0	0	0	0	1	1	1		
c12435u0_withStatementNestedScope.ts	0	0	0	0	1	1	1		
c12436u0_wrappedIncovations1.ts	0	0	0	0	1	1	1		
c12437u0_wrappedIncovations2.ts	0	0	0	0	1	1	1		
c12438u0_wrappedRecursiveGenericType.ts	0	0	0	0	1	1	1		
c12439u0_yieldExpression1.ts	0	0	0	0	1	1	1		
c12440u0_yieldExpressionInFlowLoop.ts	0	0	0	0	1	1	1		
c12441u0_yieldExpressionInnerCommentEmit.ts	0	0	0	0	1	1	1		
c12442u0_yieldInForInInDownlevelGenerator.ts	0	0	0	0	1	1	1		
c12443u0_yieldStarContextualType.ts	0	0	0	0	1	1	1		
c12444u0_yieldStringLiteral.ts	0	0	0	0	1	1	1		
