2dArrays.ts	run		C
AmbientModuleAndAmbientFunctionWithTheSameNameAndCommonRoot.ts	run		C
AmbientModuleAndAmbientWithSameNameAndCommonRoot.ts	run		C
AmbientModuleAndNonAmbientClassWithSameNameAndCommonRoot.ts	run		C
AmbientModuleAndNonAmbientFunctionWithTheSameNameAndCommonRoot.ts	run		C
ArrowFunction1.ts	run		E
ArrowFunction3.ts	run		E
ArrowFunction4.ts	run		C
ArrowFunctionExpression1.ts	run		E
ClassAndModuleThatMergeWithModuleMemberThatUsesClassTypeParameter.ts	run		E
ClassAndModuleThatMergeWithModulesExportedGenericFunctionAndGenericClassStaticFunctionOfTheSameName.ts	run		E
ClassAndModuleThatMergeWithModulesExportedGenericFunctionAndNonGenericClassStaticFunctionOfTheSameName.ts	run		E
ClassAndModuleThatMergeWithModulesExportedStaticFunctionUsingClassPrivateStatics.ts	run		E
ClassAndModuleThatMergeWithStaticFunctionAndExportedFunctionThatShareAName.ts	run		E
ClassAndModuleThatMergeWithStaticFunctionAndNonExportedFunctionThatShareAName.ts	run		C
ClassAndModuleThatMergeWithStaticVariableAndExportedVarThatShareAName.ts	run		E
ClassAndModuleThatMergeWithStaticVariableAndNonExportedVarThatShareAName.ts	run		C
ClassAndModuleThatMergeWithStringIndexerAndExportedFunctionWithTypeIncompatibleWithIndexer.ts	run		C
ClassAndModuleWithSameNameAndCommonRoot.ts	run		E
ClassAndModuleWithSameNameAndCommonRootES6.ts	run		E
ClassDeclaration10.ts	run		E
ClassDeclaration11.ts	run		E
ClassDeclaration13.ts	run		E
ClassDeclaration14.ts	run		E
ClassDeclaration15.ts	run		E
ClassDeclaration21.ts	run		E
ClassDeclaration22.ts	run		E
ClassDeclaration24.ts	run		E
ClassDeclaration25.ts	run		E
ClassDeclaration26.ts	run		E
ClassDeclaration8.ts	run		E
ClassDeclaration9.ts	run		E
ClassDeclarationWithInvalidConstOnPropertyDeclaration.ts	run		E
ClassDeclarationWithInvalidConstOnPropertyDeclaration2.ts	run		C
DeclarationErrorsNoEmitOnError.ts	run		C
ES3For-ofTypeCheck1(target=es2015).ts	run		C
ES3For-ofTypeCheck1(target=es5).ts	skipped	unsupported target ES5	
ES3For-ofTypeCheck2(target=es2015).ts	run		C
ES3For-ofTypeCheck2(target=es5).ts	skipped	unsupported target ES5	
ES3For-ofTypeCheck4(target=es2015).ts	run		E
ES3For-ofTypeCheck4(target=es5).ts	skipped	unsupported target ES5	
ES3For-ofTypeCheck6(target=es2015).ts	run		E
ES3For-ofTypeCheck6(target=es5).ts	skipped	unsupported target ES5	
ES5For-of1(target=es2015).ts	run		C
ES5For-of1(target=es5).ts	skipped	unsupported target ES5	
ES5For-of10(target=es2015).ts	run		C
ES5For-of10(target=es5).ts	skipped	unsupported target ES5	
ES5For-of11(target=es2015).ts	run		C
ES5For-of11(target=es5).ts	skipped	unsupported target ES5	
ES5For-of12(target=es2015).ts	run		E
ES5For-of12(target=es5).ts	skipped	unsupported target ES5	
ES5For-of13(target=es2015).ts	run		C
ES5For-of13(target=es5).ts	skipped	unsupported target ES5	
ES5For-of14(target=es2015).ts	run		C
ES5For-of14(target=es5).ts	skipped	unsupported target ES5	
ES5For-of15(target=es2015).ts	run		C
ES5For-of15(target=es5).ts	skipped	unsupported target ES5	
ES5For-of16(target=es2015).ts	run		C
ES5For-of16(target=es5).ts	skipped	unsupported target ES5	
ES5For-of17(target=es2015).ts	run		E
ES5For-of17(target=es5).ts	skipped	unsupported target ES5	
ES5For-of18(target=es2015).ts	run		C
ES5For-of18(target=es5).ts	skipped	unsupported target ES5	
ES5For-of19(alwaysstrict=false,target=es2015).ts	skipped	alwaysStrict=false is unsupported	
ES5For-of19(alwaysstrict=false,target=es5).ts	skipped	unsupported target ES5	
ES5For-of19(alwaysstrict=true,target=es2015).ts	run		C
ES5For-of19(alwaysstrict=true,target=es5).ts	skipped	unsupported target ES5	
ES5For-of2(target=es2015).ts	run		C
ES5For-of2(target=es5).ts	skipped	unsupported target ES5	
ES5For-of20(target=es2015).ts	run		E
ES5For-of20(target=es5).ts	skipped	unsupported target ES5	
ES5For-of21(target=es2015).ts	run		C
ES5For-of21(target=es5).ts	skipped	unsupported target ES5	
ES5For-of22(target=es2015).ts	run		C
ES5For-of22(target=es5).ts	skipped	unsupported target ES5	
ES5For-of23(target=es2015).ts	run		C
ES5For-of23(target=es5).ts	skipped	unsupported target ES5	
ES5For-of24(target=es2015).ts	run		C
ES5For-of24(target=es5).ts	skipped	unsupported target ES5	
ES5For-of25(target=es2015).ts	run		C
ES5For-of25(target=es5).ts	skipped	unsupported target ES5	
ES5For-of26(target=es2015).ts	run		E
ES5For-of26(target=es5).ts	skipped	unsupported target ES5	
ES5For-of27(target=es2015).ts	run		E
ES5For-of27(target=es5).ts	skipped	unsupported target ES5	
ES5For-of28(target=es2015).ts	run		E
ES5For-of28(target=es5).ts	skipped	unsupported target ES5	
ES5For-of29(target=es2015).ts	run		E
ES5For-of29(target=es5).ts	skipped	unsupported target ES5	
ES5For-of3(target=es2015).ts	run		C
ES5For-of3(target=es5).ts	skipped	unsupported target ES5	
ES5For-of30(target=es2015).ts	run		E
ES5For-of30(target=es5).ts	skipped	unsupported target ES5	
ES5For-of31(target=es2015).ts	run		C
ES5For-of31(target=es5).ts	skipped	unsupported target ES5	
ES5For-of33(target=es2015).ts	run		E
ES5For-of33(target=es5).ts	skipped	unsupported target ES5	
ES5For-of34(target=es2015).ts	run		E
ES5For-of34(target=es5).ts	skipped	unsupported target ES5	
ES5For-of35(target=es2015).ts	run		E
ES5For-of35(target=es5).ts	skipped	unsupported target ES5	
ES5For-of36(target=es2015).ts	run		E
ES5For-of36(target=es5).ts	skipped	unsupported target ES5	
ES5For-of37(target=es2015).ts	run		E
ES5For-of37(target=es5).ts	skipped	unsupported target ES5	
ES5For-of4(target=es2015).ts	run		C
ES5For-of4(target=es5).ts	skipped	unsupported target ES5	
ES5For-of5(target=es2015).ts	run		C
ES5For-of5(target=es5).ts	skipped	unsupported target ES5	
ES5For-of6(target=es2015).ts	run		C
ES5For-of6(target=es5).ts	skipped	unsupported target ES5	
ES5For-of7(target=es2015).ts	run		E
ES5For-of7(target=es5).ts	skipped	unsupported target ES5	
ES5For-of8(target=es2015).ts	run		E
ES5For-of8(target=es5).ts	skipped	unsupported target ES5	
ES5For-of9(target=es2015).ts	run		C
ES5For-of9(target=es5).ts	skipped	unsupported target ES5	
ES5For-ofTypeCheck1(target=es2015).ts	run		C
ES5For-ofTypeCheck1(target=es5).ts	skipped	unsupported target ES5	
ES5For-ofTypeCheck10(target=es2015).ts	run		C
ES5For-ofTypeCheck10(target=es5).ts	skipped	unsupported target ES5	
ES5For-ofTypeCheck11(target=es2015).ts	run		E
ES5For-ofTypeCheck11(target=es5).ts	skipped	unsupported target ES5	
ES5For-ofTypeCheck12(target=es2015).ts	run		E
ES5For-ofTypeCheck12(target=es5).ts	skipped	unsupported target ES5	
ES5For-ofTypeCheck13(target=es2015).ts	run		C
ES5For-ofTypeCheck13(target=es5).ts	skipped	unsupported target ES5	
ES5For-ofTypeCheck14(target=es2015).ts	run		C
ES5For-ofTypeCheck14(target=es5).ts	skipped	unsupported target ES5	
ES5For-ofTypeCheck2(target=es2015).ts	run		C
ES5For-ofTypeCheck2(target=es5).ts	skipped	unsupported target ES5	
ES5For-ofTypeCheck3(target=es2015).ts	run		C
ES5For-ofTypeCheck3(target=es5).ts	skipped	unsupported target ES5	
ES5For-ofTypeCheck4(target=es2015).ts	run		E
ES5For-ofTypeCheck4(target=es5).ts	skipped	unsupported target ES5	
ES5For-ofTypeCheck5(target=es2015).ts	run		E
ES5For-ofTypeCheck5(target=es5).ts	skipped	unsupported target ES5	
ES5For-ofTypeCheck6(target=es2015).ts	run		E
ES5For-ofTypeCheck6(target=es5).ts	skipped	unsupported target ES5	
ES5For-ofTypeCheck7(target=es2015).ts	run		E
ES5For-ofTypeCheck7(target=es5).ts	skipped	unsupported target ES5	
ES5For-ofTypeCheck8(target=es2015).ts	run		E
ES5For-ofTypeCheck8(target=es5).ts	skipped	unsupported target ES5	
ES5For-ofTypeCheck9(target=es2015).ts	run		E
ES5For-ofTypeCheck9(target=es5).ts	skipped	unsupported target ES5	
ES5SymbolProperty1(target=es2015).ts	run		C
ES5SymbolProperty1(target=es5).ts	skipped	unsupported target ES5	
ES5SymbolProperty2(target=es2015).ts	run		C
ES5SymbolProperty2(target=es5).ts	skipped	unsupported target ES5	
ES5SymbolProperty3(target=es2015).ts	run		E
ES5SymbolProperty3(target=es5).ts	skipped	unsupported target ES5	
ES5SymbolProperty4(target=es2015).ts	run		E
ES5SymbolProperty4(target=es5).ts	skipped	unsupported target ES5	
ES5SymbolProperty5(target=es2015).ts	run		E
ES5SymbolProperty5(target=es5).ts	skipped	unsupported target ES5	
ES5SymbolProperty6(target=es2015).ts	run		C
ES5SymbolProperty6(target=es5).ts	skipped	unsupported target ES5	
ES5SymbolProperty7(target=es2015).ts	run		E
ES5SymbolProperty7(target=es5).ts	skipped	unsupported target ES5	
ES5SymbolType1(target=es2015).ts	run		E
ES5SymbolType1(target=es5).ts	skipped	unsupported target ES5	
ES5for-of32(target=es2015).ts	run		C
ES5for-of32(target=es5).ts	skipped	unsupported target ES5	
EnumAndModuleWithSameNameAndCommonRoot.ts	run		C
ExportAssignment7.ts	run		E
ExportAssignment8.ts	run		E
ExportClassWhichExtendsInterfaceWithInaccessibleType.ts	run		C
ExportClassWithAccessibleTypesInTypeParameterConstraintsClassHeritageListMemberTypeAnnotations.ts	run		E
ExportClassWithInaccessibleTypeInIndexerTypeAnnotations.ts	run		E
ExportClassWithInaccessibleTypeInTypeParameterConstraint.ts	run		E
ExportFunctionWithAccessibleTypesInParameterAndReturnTypeAnnotation.ts	run		E
ExportFunctionWithInaccessibleTypesInParameterTypeAnnotation.ts	run		E
ExportFunctionWithInaccessibleTypesInReturnTypeAnnotation.ts	run		E
ExportInterfaceWithAccessibleTypesInTypeParameterConstraintsClassHeritageListMemberTypeAnnotations.ts	run		C
ExportInterfaceWithInaccessibleTypeInIndexerTypeAnnotations.ts	run		C
ExportInterfaceWithInaccessibleTypeInTypeParameterConstraint.ts	run		C
ExportModuleWithAccessibleTypesOnItsExportedMembers.ts	run		C
ExportObjectLiteralAndObjectTypeLiteralWithAccessibleTypesInMemberTypeAnnotations.ts	run		C
ExportObjectLiteralAndObjectTypeLiteralWithAccessibleTypesInNestedMemberTypeAnnotations.ts	run		E
ExportVariableOfGenericTypeWithInaccessibleTypeAsTypeArgument.ts	run		E
ExportVariableWithAccessibleTypeInTypeAnnotation.ts	run		C
ExportVariableWithInaccessibleTypeInTypeAnnotation.ts	run		C
FunctionAndModuleWithSameNameAndCommonRoot.ts	run		E
FunctionAndModuleWithSameNameAndDifferentCommonRoot.ts	run		C
FunctionDeclaration10_es6.ts	run		E
FunctionDeclaration11_es6.ts	run		E
FunctionDeclaration12_es6.ts	run		E
FunctionDeclaration13_es6.ts	run		E
FunctionDeclaration1_es6.ts	run		C
FunctionDeclaration2_es6(alwaysstrict=false).ts	skipped	alwaysStrict=false is unsupported	
FunctionDeclaration2_es6(alwaysstrict=true).ts	run		E
FunctionDeclaration3.ts	run		E
FunctionDeclaration3_es6.ts	run		E
FunctionDeclaration4.ts	run		E
FunctionDeclaration4_es6.ts	run		E
FunctionDeclaration5_es6.ts	run		E
FunctionDeclaration6.ts	run		E
FunctionDeclaration6_es6.ts	run		E
FunctionDeclaration7.ts	run		E
FunctionDeclaration7_es6.ts	run		E
FunctionDeclaration8_es6.ts	run		E
FunctionDeclaration9_es6.ts	run		C
FunctionExpression1_es6.ts	run		C
FunctionExpression2_es6.ts	run		C
FunctionPropertyAssignments1_es6.ts	run		C
FunctionPropertyAssignments2_es6.ts	run		E
FunctionPropertyAssignments3_es6.ts	run		E
FunctionPropertyAssignments4_es6.ts	run		E
FunctionPropertyAssignments5_es6.ts	run		E
FunctionPropertyAssignments6_es6.ts	run		E
InterfaceDeclaration8.ts	run		E
InvalidNonInstantiatedModule.ts	run		E
MemberAccessorDeclaration15.ts	run		E
MemberFunctionDeclaration1_es6.ts	run		C
MemberFunctionDeclaration2_es6.ts	run		C
MemberFunctionDeclaration3_es6.ts	run		E
MemberFunctionDeclaration4_es6.ts	run		E
MemberFunctionDeclaration5_es6.ts	run		E
MemberFunctionDeclaration6_es6.ts	run		E
MemberFunctionDeclaration7_es6.ts	run		C
MemberFunctionDeclaration8_es6.ts	run		E
ModuleAndClassWithSameNameAndCommonRoot.ts	run		E
ModuleAndEnumWithSameNameAndCommonRoot.ts	run		C
ModuleAndFunctionWithSameNameAndCommonRoot.ts	run		E
ModuleWithExportedAndNonExportedClasses.ts	run		E
ModuleWithExportedAndNonExportedEnums.ts	run		E
ModuleWithExportedAndNonExportedFunctions.ts	run		E
ModuleWithExportedAndNonExportedImportAlias.ts	run		E
ModuleWithExportedAndNonExportedVariables.ts	run		E
NonInitializedExportInInternalModule(alwaysstrict=false).ts	skipped	alwaysStrict=false is unsupported	
NonInitializedExportInInternalModule(alwaysstrict=true).ts	run		E
ParameterList13.ts	run		E
ParameterList4.ts	run		E
ParameterList5.ts	run		E
ParameterList6.ts	run		E
ParameterList7.ts	run		E
ParameterList8.ts	run		E
Protected1.ts	run		E
Protected2.ts	run		E
Protected3.ts	run		C
Protected4.ts	run		E
Protected5.ts	run		C
Protected6.ts	run		E
Protected7.ts	run		E
Protected8.ts	run		C
Protected9.ts	run		C
SystemModuleForStatementNoInitializer.ts	skipped	unsupported module kind System	
TemplateExpression1.ts	run		E
TransportStream.ts	run		E
TupleType1.ts	run		C
TupleType2.ts	run		C
TupleType3.ts	run		C
TupleType4.ts	run		E
TupleType5.ts	run		C
TupleType6.ts	run		E
TwoInternalModulesThatMergeEachWithExportedAndNonExportedClassesOfTheSameName.ts	run		E
TwoInternalModulesThatMergeEachWithExportedAndNonExportedInterfacesOfTheSameName.ts	run		C
TwoInternalModulesThatMergeEachWithExportedAndNonExportedLocalVarsOfTheSameName.ts	run		C
TwoInternalModulesThatMergeEachWithExportedClassesOfTheSameName.ts	run		E
TwoInternalModulesThatMergeEachWithExportedInterfacesOfTheSameName.ts	run		C
TwoInternalModulesThatMergeEachWithExportedLocalVarsOfTheSameName.ts	run		E
TwoInternalModulesThatMergeEachWithExportedModulesOfTheSameName.ts	run		E
TwoInternalModulesWithTheSameNameAndDifferentCommonRoot.ts	run		C
TwoInternalModulesWithTheSameNameAndSameCommonRoot.ts	run		C
TypeArgumentList1.ts	run		E
TypeGuardWithArrayUnion.ts	run		E
TypeGuardWithEnumUnion.ts	run		C
VariableDeclaration10_es6.ts	run		C
VariableDeclaration11_es6.ts	run		E
VariableDeclaration12_es6.ts	run		C
VariableDeclaration13_es6.ts	run		E
VariableDeclaration1_es6.ts	run		E
VariableDeclaration2_es6.ts	run		E
VariableDeclaration3_es6.ts	run		C
VariableDeclaration4_es6.ts	run		E
VariableDeclaration5_es6.ts	run		C
VariableDeclaration6_es6.ts	run		E
VariableDeclaration7_es6.ts	run		C
VariableDeclaration8_es6.ts	run		C
VariableDeclaration9_es6.ts	run		C
YieldExpression10_es6.ts	run		E
YieldExpression11_es6.ts	run		E
YieldExpression12_es6.ts	run		E
YieldExpression13_es6.ts	run		C
YieldExpression14_es6.ts	run		E
YieldExpression15_es6.ts	run		E
YieldExpression16_es6.ts	run		E
YieldExpression17_es6.ts	run		E
YieldExpression18_es6.ts	run		E
YieldExpression19_es6.ts	run		C
YieldExpression1_es6.ts	run		E
YieldExpression20_es6.ts	run		E
YieldExpression2_es6.ts	run		E
YieldExpression3_es6.ts	run		C
YieldExpression4_es6.ts	run		C
YieldExpression5_es6.ts	run		E
YieldExpression6_es6.ts	run		E
YieldExpression7_es6.ts	run		C
YieldExpression8_es6.ts	run		E
YieldExpression9_es6.ts	run		E
YieldStarExpression1_es6.ts	run		E
YieldStarExpression2_es6.ts	run		E
YieldStarExpression3_es6.ts	run		E
YieldStarExpression4_es6.ts	run		C
abstractClassInLocalScope.ts	run		C
abstractClassInLocalScopeIsAbstract.ts	run		E
abstractClassUnionInstantiation.ts	run		E
abstractIdentifierNameStrict.ts	run		C
abstractInterfaceIdentifierName.ts	run		C
abstractProperty(target=es2015).ts	run		C
abstractProperty(target=esnext).ts	run		C
abstractPropertyBasics(target=es2015).ts	run		C
abstractPropertyBasics(target=es5).ts	skipped	unsupported target ES5	
abstractPropertyInConstructor.ts	run		E
abstractPropertyInitializer.ts	run		E
abstractPropertyNegative(target=es2015).ts	run		E
abstractPropertyNegative(target=es5).ts	skipped	unsupported target ES5	
acceptSymbolAsWeakType.ts	run		C
acceptableAlias1.ts	run		C
accessInstanceMemberFromStaticMethod01.ts	run		E
accessOverriddenBaseClassMember1.ts	run		C
accessStaticMemberFromInstanceMethod01.ts	run		E
accessibilityModifiers(target=es2015).ts	run		E
accessibilityModifiers(target=es5).ts	skipped	unsupported target ES5	
accessorAccidentalCallDiagnostic(target=es2015).ts	run		E
accessorAccidentalCallDiagnostic(target=es5).ts	skipped	unsupported target ES5	
accessorBodyInTypeContext.ts	run		E
accessorDeclarationEmitJs.ts	run		C
accessorDeclarationEmitVisibilityErrors.ts	run		E
accessorDeclarationOrder.ts	run		E
accessorInAmbientContextES5(target=es2015).ts	run		E
accessorInAmbientContextES5(target=es5).ts	skipped	unsupported target ES5	
accessorInferredReturnTypeErrorInReturnStatement.ts	run		E
accessorParameterAccessibilityModifier(target=es2015).ts	run		E
accessorParameterAccessibilityModifier(target=es5).ts	skipped	unsupported target ES5	
accessorWithES5(target=es2015).ts	run		C
accessorWithES5(target=es5).ts	skipped	unsupported target ES5	
accessorWithInitializer(target=es2015).ts	run		E
accessorWithInitializer(target=es5).ts	skipped	unsupported target ES5	
accessorWithLineTerminator(target=es2015).ts	run		C
accessorWithLineTerminator(target=es5).ts	skipped	unsupported target ES5	
accessorWithMismatchedAccessibilityModifiers(target=es2015).ts	run		C
accessorWithMismatchedAccessibilityModifiers(target=es5).ts	skipped	unsupported target ES5	
accessorWithRestParam(target=es2015).ts	run		E
accessorWithRestParam(target=es5).ts	skipped	unsupported target ES5	
accessorWithoutBody1(target=es2015).ts	run		E
accessorWithoutBody1(target=es5).ts	skipped	unsupported target ES5	
accessorWithoutBody2(target=es2015).ts	run		E
accessorWithoutBody2(target=es5).ts	skipped	unsupported target ES5	
accessorsAreNotContextuallyTyped.ts	run		E
accessorsEmit.ts	run		C
accessorsInAmbientContext(target=es2015).ts	run		E
accessorsInAmbientContext(target=es5).ts	skipped	unsupported target ES5	
accessorsOverrideMethod.ts	run		E
accessorsOverrideProperty.ts	run		E
accessorsOverrideProperty10.ts	run		E
accessorsOverrideProperty2.ts	run		E
accessorsOverrideProperty3.ts	run		E
accessorsOverrideProperty4.ts	run		E
accessorsOverrideProperty5.ts	run		C
accessorsOverrideProperty6.ts	run		E
accessorsOverrideProperty7(target=es2015).ts	run		E
accessorsOverrideProperty7(target=es5).ts	skipped	unsupported target ES5	
accessorsOverrideProperty8.ts	run		C
accessorsOverrideProperty9.ts	run		C
accessors_spec_section-4.5_error-cases.ts	run		E
accessors_spec_section-4.5_inference.ts	run		C
addMoreCallSignaturesToBaseSignature.ts	run		E
addMoreCallSignaturesToBaseSignature2.ts	run		E
addMoreOverloadsToBaseSignature.ts	run		E
additionOperatorWithAnyAndEveryType.ts	run		C
additionOperatorWithConstrainedTypeParameter.ts	run		C
additionOperatorWithInvalidOperands.ts	run		E
additionOperatorWithNullValueAndInvalidOperator.ts	run		E
additionOperatorWithNullValueAndValidOperator.ts	run		E
additionOperatorWithNumberAndEnum.ts	run		E
additionOperatorWithOnlyNullValueOrUndefinedValue.ts	run		E
additionOperatorWithStringAndEveryType.ts	run		E
additionOperatorWithTypeParameter.ts	run		E
additionOperatorWithUndefinedValueAndInvalidOperands.ts	run		E
additionOperatorWithUndefinedValueAndValidOperator.ts	run		E
aliasAssignments.ts	run		E
aliasBug.ts	run		E
aliasDoesNotDuplicateSignatures.ts	run		E
aliasErrors.ts	run		E
aliasInaccessibleModule.ts	run		C
aliasInaccessibleModule2.ts	run		C
aliasInstantiationExpressionGenericIntersectionNoCrash1.ts	run		E
aliasInstantiationExpressionGenericIntersectionNoCrash2.ts	run		E
aliasOfGenericFunctionWithRestBehavedSameAsUnaliased.ts	run		C
aliasOnMergedModuleInterface.ts	run		E
aliasUsageInAccessorsOfClass(target=es2015).ts	run		E
aliasUsageInAccessorsOfClass(target=es5).ts	skipped	unsupported target ES5	
aliasUsageInArray.ts	run		E
aliasUsageInFunctionExpression.ts	run		E
aliasUsageInGenericFunction.ts	run		E
aliasUsageInIndexerOfClass.ts	run		E
aliasUsageInObjectLiteral.ts	run		E
aliasUsageInOrExpression.ts	run		E
aliasUsageInTypeArgumentOfExtendsClause.ts	run		E
aliasUsageInVarAssignment.ts	run		E
aliasUsedAsNameValue.ts	run		C
aliasWithInterfaceExportAssignmentUsedInVarInitializer.ts	run		E
aliasesInSystemModule1.ts	skipped	unsupported module kind System	
aliasesInSystemModule2.ts	skipped	unsupported module kind System	
allowImportClausesToMergeWithTypes.ts	run		E
allowImportingTsExtensions(moduleresolution=bundler).ts	run		E
allowImportingTsExtensions(moduleresolution=classic).ts	skipped	unsupported module resolution kind 1	
allowImportingTsExtensions(moduleresolution=node16).ts	run		E
allowImportingTsExtensions(moduleresolution=nodenext).ts	run		E
allowImportingTypesDtsExtension(allowimportingtsextensions=false,moduleresolution=classic).ts	skipped	unsupported module resolution kind 1	
allowImportingTypesDtsExtension(allowimportingtsextensions=false,moduleresolution=node16).ts	run		E
allowImportingTypesDtsExtension(allowimportingtsextensions=false,moduleresolution=nodenext).ts	run		E
allowImportingTypesDtsExtension(allowimportingtsextensions=true,moduleresolution=classic).ts	skipped	unsupported module resolution kind 1	
allowImportingTypesDtsExtension(allowimportingtsextensions=true,moduleresolution=node16).ts	run		E
allowImportingTypesDtsExtension(allowimportingtsextensions=true,moduleresolution=nodenext).ts	run		E
allowJsClassThisTypeCrash.ts	run		C
allowJsCrossMonorepoPackage.ts	run		C
allowJscheckJsTypeParameterNoCrash.ts	run		E
allowSyntheticDefaultImports1.ts	run		C
allowSyntheticDefaultImports10.ts	run		E
allowSyntheticDefaultImports2.ts	skipped	unsupported module kind System	
allowSyntheticDefaultImports3.ts	skipped	unsupported module kind System	
allowSyntheticDefaultImports4.ts	run		C
allowSyntheticDefaultImports5.ts	skipped	unsupported module kind System	
allowSyntheticDefaultImports6.ts	skipped	unsupported module kind System	
allowSyntheticDefaultImports7.ts	skipped	unsupported module kind System	
allowSyntheticDefaultImports8.ts	skipped	unsupported module kind System	
allowSyntheticDefaultImports9.ts	run		C
allowSyntheticDefaultImportsCanPaintCrossModuleDeclaration.ts	run		C
allowUnescapedParagraphAndLineSeparatorsInStringLiteral.ts	run		C
allowsImportingTsExtension.ts	run		E
alwaysStrict.ts	run		E
alwaysStrictAlreadyUseStrict.ts	run		C
alwaysStrictES6.ts	run		E
alwaysStrictModule.ts	run		E
alwaysStrictModule2.ts	skipped	unsupported outFile /.src/out.js	
alwaysStrictModule3.ts	run		C
alwaysStrictModule4.ts	run		C
alwaysStrictModule5.ts	run		C
alwaysStrictModule6(target=es2015).ts	run		C
alwaysStrictModule6(target=es5).ts	skipped	unsupported target ES5	
ambient.ts	run		C
ambientAccessors(target=es2015).ts	run		C
ambientAccessors(target=es5).ts	skipped	unsupported target ES5	
ambientClassDeclarationWithExtends.ts	run		C
ambientClassDeclaredBeforeBase.ts	run		C
ambientClassMergesOverloadsWithInterface.ts	run		C
ambientClassOverloadForFunction.ts	run		C
ambientConstLiterals.ts	run		C
ambientDeclarations.ts	run		C
ambientDeclarationsExternal.ts	run		C
ambientDeclarationsPatterns.ts	run		C
ambientDeclarationsPatterns_merging1.ts	run		E
ambientDeclarationsPatterns_merging2.ts	run		E
ambientDeclarationsPatterns_merging3.ts	run		E
ambientDeclarationsPatterns_tooManyAsterisks.ts	run		E
ambientEnum1.ts	run		E
ambientEnumDeclaration1.ts	run		C
ambientEnumDeclaration2.ts	run		C
ambientEnumElementInitializer1.ts	run		C
ambientEnumElementInitializer2.ts	run		C
ambientEnumElementInitializer3.ts	run		C
ambientEnumElementInitializer4.ts	run		C
ambientEnumElementInitializer5.ts	run		C
ambientEnumElementInitializer6.ts	run		C
ambientErrors.ts	run		E
ambientErrors1.ts	run		E
ambientExportDefaultErrors.ts	run		E
ambientExternalModuleInAnotherExternalModule.ts	run		E
ambientExternalModuleInsideNonAmbient.ts	run		E
ambientExternalModuleInsideNonAmbientExternalModule.ts	run		E
ambientExternalModuleMerging.ts	skipped	unsupported module kind AMD	
ambientExternalModuleReopen.ts	run		C
ambientExternalModuleWithInternalImportDeclaration.ts	skipped	unsupported module kind AMD	
ambientExternalModuleWithRelativeExternalImportDeclaration.ts	run		E
ambientExternalModuleWithRelativeModuleName.ts	run		E
ambientExternalModuleWithoutInternalImportDeclaration.ts	skipped	unsupported module kind AMD	
ambientFundule.ts	run		C
ambientGetters(target=es2015).ts	run		E
ambientGetters(target=es5).ts	skipped	unsupported target ES5	
ambientInsideNonAmbient.ts	run		C
ambientInsideNonAmbientExternalModule.ts	skipped	unsupported module kind AMD	
ambientModuleDeclarationWithReservedIdentifierInDottedPath.ts	run		E
ambientModuleDeclarationWithReservedIdentifierInDottedPath2.ts	run		E
ambientModuleExports.ts	run		C
ambientModuleWithClassDeclarationWithExtends.ts	run		C
ambientModuleWithTemplateLiterals.ts	run		C
ambientModules.ts	run		C
ambientNameRestrictions.ts	run		C
ambientPropertyDeclarationInJs.ts	run		E
ambientRequireFunction(module=commonjs).ts	run		C
ambientRequireFunction(module=preserve).ts	run		C
ambientShorthand.ts	run		C
ambientShorthand_declarationEmit.ts	run		C
ambientShorthand_duplicate.ts	run		C
ambientShorthand_merging.ts	run		C
ambientShorthand_reExport.ts	run		C
ambientStatement1.ts	run		E
ambientWithStatements(alwaysstrict=false).ts	skipped	alwaysStrict=false is unsupported	
ambientWithStatements(alwaysstrict=true).ts	run		E
ambiguousCallsWhereReturnTypesAgree.ts	run		C
ambiguousGenericAssertion1.ts	run		E
ambiguousOverload.ts	run		E
ambiguousOverloadResolution.ts	run		C
amdDeclarationEmitNoExtraDeclare.ts	skipped	unsupported module kind AMD	
amdDependencyComment1.ts	run		E
amdDependencyComment2.ts	skipped	unsupported module kind AMD	
amdDependencyCommentName1.ts	run		E
amdDependencyCommentName2.ts	skipped	unsupported module kind AMD	
amdDependencyCommentName3.ts	skipped	unsupported module kind AMD	
amdDependencyCommentName4.ts	skipped	unsupported module kind AMD	
amdImportAsPrimaryExpression.ts	skipped	unsupported module kind AMD	
amdImportNotAsPrimaryExpression.ts	skipped	unsupported module kind AMD	
amdLikeInputDeclarationEmit.ts	run		C
amdModuleBundleNoDuplicateDeclarationEmitComments.ts	skipped	unsupported module kind AMD	
amdModuleConstEnumUsage.ts	skipped	unsupported module kind AMD	
amdModuleName1.ts	skipped	unsupported module kind AMD	
amdModuleName2.ts	skipped	unsupported module kind AMD	
annotatedThisPropertyInitializerDoesntNarrow.ts	run		C
anonClassDeclarationEmitIsAnon.ts	run		C
anonterface.ts	run		C
anonymousClassAccessorsDeclarationEmit1.ts	run		C
anonymousClassDeclarationDoesntPrintWithReadonly.ts	run		C
anonymousClassExpression1.ts	run		C
anonymousClassExpression2.ts	run		E
anonymousDefaultExportsAmd.ts	skipped	unsupported module kind AMD	
anonymousDefaultExportsCommonjs.ts	run		C
anonymousDefaultExportsSystem.ts	skipped	unsupported module kind System	
anonymousDefaultExportsUmd.ts	skipped	unsupported module kind UMD	
anonymousModules.ts	run		E
anyAndUnknownHaveFalsyComponents.ts	run		C
anyAsConstructor.ts	run		E
anyAsFunctionCall.ts	run		C
anyAsGenericFunctionCall.ts	run		E
anyAsReturnTypeForNewOnCall.ts	run		C
anyAssignabilityInInheritance.ts	run		C
anyAssignableToEveryType.ts	run		E
anyAssignableToEveryType2.ts	run		C
anyDeclare.ts	run		E
anyIdenticalToItself.ts	run		E
anyIndexedAccessArrayNoException.ts	run		E
anyInferenceAnonymousFunctions.ts	run		E
anyIsAssignableToObject.ts	run		C
anyIsAssignableToVoid.ts	run		C
anyMappedTypesError.ts	run		E
anyPlusAny1.ts	run		C
anyPropertyAccess.ts	run		C
apparentTypeSubtyping.ts	run		E
apparentTypeSupertype.ts	run		E
arbitraryModuleNamespaceIdentifiers_exportEmpty.ts	run		E
arbitraryModuleNamespaceIdentifiers_importEmpty.ts	run		E
arbitraryModuleNamespaceIdentifiers_module(module=amd).ts	skipped	unsupported module kind AMD	
arbitraryModuleNamespaceIdentifiers_module(module=commonjs).ts	run		E
arbitraryModuleNamespaceIdentifiers_module(module=es2020).ts	run		E
arbitraryModuleNamespaceIdentifiers_module(module=es2022).ts	run		E
arbitraryModuleNamespaceIdentifiers_module(module=es6).ts	run		E
arbitraryModuleNamespaceIdentifiers_module(module=esnext).ts	run		E
arbitraryModuleNamespaceIdentifiers_module(module=node16).ts	run		E
arbitraryModuleNamespaceIdentifiers_module(module=node18).ts	run		E
arbitraryModuleNamespaceIdentifiers_module(module=node20).ts	run		E
arbitraryModuleNamespaceIdentifiers_module(module=nodenext).ts	run		E
arbitraryModuleNamespaceIdentifiers_module(module=preserve).ts	run		E
arbitraryModuleNamespaceIdentifiers_module(module=system).ts	skipped	unsupported module kind System	
arbitraryModuleNamespaceIdentifiers_module(module=umd).ts	skipped	unsupported module kind UMD	
arbitraryModuleNamespaceIdentifiers_syntax.ts	run		E
argsInScope.ts	run		C
argumentExpressionContextualTyping.ts	run		E
arguments.ts	run		E
argumentsAsPropertyName.ts	run		C
argumentsAsPropertyName2.ts	run		C
argumentsBindsToFunctionScopeArgumentList(alwaysstrict=false).ts	skipped	alwaysStrict=false is unsupported	
argumentsBindsToFunctionScopeArgumentList(alwaysstrict=true).ts	run		E
argumentsObjectCreatesRestForJs.ts	run		E
argumentsObjectIterator01_ES5(target=es2015).ts	run		C
argumentsObjectIterator01_ES5(target=es5).ts	skipped	unsupported target ES5	
argumentsObjectIterator01_ES6.ts	run		C
argumentsObjectIterator02_ES5(target=es2015).ts	run		C
argumentsObjectIterator02_ES5(target=es5).ts	skipped	unsupported target ES5	
argumentsObjectIterator02_ES6.ts	run		C
argumentsObjectIterator03_ES5(target=es2015).ts	run		C
argumentsObjectIterator03_ES5(target=es5).ts	skipped	unsupported target ES5	
argumentsObjectIterator03_ES6.ts	run		C
argumentsPropertyNameInJsMode1.ts	run		E
argumentsPropertyNameInJsMode2.ts	run		E
argumentsReferenceInConstructor1_Js.ts	run		C
argumentsReferenceInConstructor2_Js.ts	run		C
argumentsReferenceInConstructor3_Js.ts	run		C
argumentsReferenceInConstructor4_Js.ts	run		E
argumentsReferenceInConstructor5_Js.ts	run		C
argumentsReferenceInConstructor6_Js.ts	run		C
argumentsReferenceInConstructor7_Js.ts	run		C
argumentsReferenceInFunction1_Js.ts	run		E
argumentsReferenceInMethod1_Js.ts	run		C
argumentsReferenceInMethod2_Js.ts	run		C
argumentsReferenceInMethod3_Js.ts	run		C
argumentsReferenceInMethod4_Js.ts	run		E
argumentsReferenceInMethod5_Js.ts	run		C
argumentsReferenceInMethod6_Js.ts	run		C
argumentsReferenceInMethod7_Js.ts	run		C
argumentsReferenceInObjectLiteral_Js(alwaysstrict=false).ts	skipped	alwaysStrict=false is unsupported	
argumentsReferenceInObjectLiteral_Js(alwaysstrict=true).ts	run		E
argumentsSpreadRestIterables(target=es5).tsx	skipped	unsupported target ES5	
argumentsSpreadRestIterables(target=esnext).tsx	run		C
argumentsUsedInClassFieldInitializerOrStaticInitializationBlock.ts	run		E
argumentsUsedInObjectLiteralProperty.ts	run		C
arithAssignTyping.ts	run		E
arithmeticOnInvalidTypes.ts	run		E
arithmeticOnInvalidTypes2.ts	run		E
arithmeticOperatorWithAnyAndNumber.ts	run		E
arithmeticOperatorWithEnum.ts	run		E
arithmeticOperatorWithEnumUnion.ts	run		E
arithmeticOperatorWithInvalidOperands.ts	run		E
arithmeticOperatorWithNullValueAndInvalidOperands.ts	run		E
arithmeticOperatorWithNullValueAndValidOperands.ts	run		E
arithmeticOperatorWithOnlyNullValueOrUndefinedValue.ts	run		E
arithmeticOperatorWithTypeParameter.ts	run		E
arithmeticOperatorWithUndefinedValueAndInvalidOperands.ts	run		E
arithmeticOperatorWithUndefinedValueAndValidOperands.ts	run		E
arityAndOrderCompatibility01.ts	run		E
arityErrorRelatedSpanBindingPattern.ts	run		E
arrayAssignmentPatternWithAny.ts	run		C
arrayAssignmentTest1.ts	run		E
arrayAssignmentTest2.ts	run		E
arrayAssignmentTest3.ts	run		E
arrayAssignmentTest4.ts	run		E
arrayAssignmentTest5.ts	run		E
arrayAssignmentTest6.ts	run		E
arrayAugment.ts	run		C
arrayBestCommonTypes.ts	run		E
arrayBindingPatternOmittedExpressions.ts	run		E
arrayBufferIsViewNarrowsType.ts	run		E
arrayCast.ts	run		E
arrayConcat2.ts	run		C
arrayConcat3.ts	run		C
arrayConcatMap.ts	run		E
arrayConstructors1.ts	run		C
arrayDestructuringInSwitch1.ts	run		C
arrayDestructuringInSwitch2.ts	run		E
arrayEvery.ts	run		C
arrayFakeFlatNoCrashInferenceDeclarations.ts	run		E
arrayFilter.ts	run		C
arrayFind.ts	run		C
arrayFlatMap.ts	run		C
arrayFlatNoCrashInference.ts	run		C
arrayFlatNoCrashInferenceDeclarations.ts	run		C
arrayFrom.ts	run		E
arrayFromAsync.ts	run		C
arrayIndexWithArrayFails.ts	run		E
arrayIterationLibES5TargetDifferent(nolib=false,target=es2015).ts	run		E
arrayIterationLibES5TargetDifferent(nolib=false,target=es5).ts	skipped	unsupported target ES5	
arrayIterationLibES5TargetDifferent(nolib=false,target=esnext).ts	run		E
arrayIterationLibES5TargetDifferent(nolib=true,target=es2015).ts	run		E
arrayIterationLibES5TargetDifferent(nolib=true,target=es5).ts	skipped	unsupported target ES5	
arrayIterationLibES5TargetDifferent(nolib=true,target=esnext).ts	run		E
arrayLiteral.ts	run		C
arrayLiteral1.ts	run		C
arrayLiteral2.ts	run		C
arrayLiteralAndArrayConstructorEquivalence1.ts	run		E
arrayLiteralComments.ts	run		C
arrayLiteralContextualType.ts	run		C
arrayLiteralExpressionContextualTyping.ts	run		E
arrayLiteralInNonVarArgParameter.ts	run		C
arrayLiteralInference.ts	run		C
arrayLiteralSpread.ts	run		C
arrayLiteralSpreadES5iterable(target=es2015).ts	run		E
arrayLiteralSpreadES5iterable(target=es5).ts	skipped	unsupported target ES5	
arrayLiteralTypeInference.ts	run		E
arrayLiteralWidened.ts	run		C
arrayLiteralWithMultipleBestCommonTypes.ts	run		E
arrayLiterals.ts	run		E
arrayLiterals2ES5.ts	run		C
arrayLiterals2ES6.ts	run		C
arrayLiterals3.ts	run		E
arrayLiteralsWithRecursiveGenerics.ts	run		C
arrayOfExportedClass.ts	run		E
arrayOfFunctionTypes3.ts	run		E
arrayOfSubtypeIsAssignableToReadonlyArray.ts	run		E
arrayReferenceWithoutTypeArgs.ts	run		E
arraySigChecking.ts	run		E
arraySlice.ts	run		E
arraySpreadImportHelpers(target=es2015).ts	run		C
arraySpreadImportHelpers(target=es5).ts	skipped	unsupported target ES5	
arraySpreadInCall.ts	run		E
arrayToLocaleStringES2015.ts	run		C
arrayToLocaleStringES2020.ts	run		C
arrayToLocaleStringES5(target=es2015).ts	run		C
arrayToLocaleStringES5(target=es5).ts	skipped	unsupported target ES5	
arrayTypeInSignatureOfInterfaceAndClass.ts	run		C
arrayTypeOfFunctionTypes.ts	run		E
arrayTypeOfFunctionTypes2.ts	run		E
arrayTypeOfTypeOf.ts	run		C
arrayconcat.ts	run		E
arrowExpressionBodyJSDoc.ts	run		E
arrowExpressionJs.ts	run		C
arrowFunctionContexts(alwaysstrict=false).ts	skipped	alwaysStrict=false is unsupported	
arrowFunctionContexts(alwaysstrict=true).ts	run		E
arrowFunctionErrorSpan.ts	run		E
arrowFunctionExpressions.ts	run		C
arrowFunctionInConstructorArgument1.ts	run		E
arrowFunctionInExpressionStatement1.ts	run		C
arrowFunctionInExpressionStatement2.ts	run		C
arrowFunctionJSDocAnnotation.ts	run		C
arrowFunctionMissingCurlyWithSemicolon.ts	run		E
arrowFunctionParsingDoesNotConfuseParenthesizedObjectForArrowHead.ts	run		C
arrowFunctionParsingGenericInObject.ts	run		C
arrowFunctionWithObjectLiteralBody1.ts	run		E
arrowFunctionWithObjectLiteralBody2.ts	run		E
arrowFunctionWithObjectLiteralBody3.ts	run		C
arrowFunctionWithObjectLiteralBody4.ts	run		C
arrowFunctionWithObjectLiteralBody5.ts	run		C
arrowFunctionWithObjectLiteralBody6.ts	run		C
arrowFunctionWithParameterNameAsync_es2017(target=es2015).ts	run		C
arrowFunctionWithParameterNameAsync_es2017(target=es5).ts	skipped	unsupported target ES5	
arrowFunctionWithParameterNameAsync_es5(target=es2015).ts	run		C
arrowFunctionWithParameterNameAsync_es5(target=es5).ts	skipped	unsupported target ES5	
arrowFunctionWithParameterNameAsync_es6(target=es2015).ts	run		C
arrowFunctionWithParameterNameAsync_es6(target=es5).ts	skipped	unsupported target ES5	
arrowFunctionsMissingTokens.ts	run		E
asOpEmitParens.ts	run		C
asOperator1.ts	run		E
asOperator2.ts	run		E
asOperator3.ts	run		C
asOperator4.ts	run		C
asOperatorASI.ts	run		C
asOperatorAmbiguity.ts	run		E
asOperatorContextualType.ts	run		E
asOperatorNames.ts	run		E
asiAbstract.ts	run		E
asiAmbientFunctionDeclaration.ts	run		E
asiArith.ts	run		C
asiBreak.ts	run		C
asiContinue.ts	run		C
asiInES6Classes.ts	run		C
asiPreventsParsingAsAmbientExternalModule01.ts	run		E
asiPreventsParsingAsAmbientExternalModule02.ts	run		C
asiPreventsParsingAsInterface01.ts	run		E
asiPreventsParsingAsInterface02.ts	run		E
asiPreventsParsingAsInterface03.ts	run		E
asiPreventsParsingAsInterface04.ts	run		E
asiPreventsParsingAsInterface05.ts	run		E
asiPreventsParsingAsNamespace01.ts	run		E
asiPreventsParsingAsNamespace02.ts	run		E
asiPreventsParsingAsNamespace03.ts	run		C
asiPreventsParsingAsNamespace04.ts	run		C
asiPreventsParsingAsNamespace05.ts	run		C
asiPreventsParsingAsTypeAlias01.ts	run		C
asiPreventsParsingAsTypeAlias02.ts	run		C
asiPublicPrivateProtected(alwaysstrict=false).ts	skipped	alwaysStrict=false is unsupported	
asiPublicPrivateProtected(alwaysstrict=true).ts	run		E
asiReturn.ts	run		E
assertInWrapSomeTypeParameter.ts	run		E
assertionFunctionWildcardImport1.ts	run		C
assertionFunctionWildcardImport2.ts	run		C
assertionFunctionsCanNarrowByDiscriminant.ts	run		C
assertionTypePredicates1.ts	run		E
assertionTypePredicates2.ts	run		E
assertionsAndNonReturningFunctions.ts	run		E
assign1.ts	run		C
assignAnyToEveryType.ts	run		E
assignEveryTypeToAny.ts	run		E
assignFromBooleanInterface.ts	run		E
assignFromBooleanInterface2.ts	run		E
assignFromNumberInterface.ts	run		E
assignFromNumberInterface2.ts	run		E
assignFromStringInterface.ts	run		E
assignFromStringInterface2.ts	run		E
assignLambdaToNominalSubtypeOfFunction.ts	run		E
assignObjectToNonPrimitive.ts	run		C
assignParameterPropertyToPropertyDeclarationES2022.ts	run		E
assignParameterPropertyToPropertyDeclarationESNext.ts	run		E
assignSharedArrayBufferToArrayBuffer(target=es2015).ts	run		E
assignSharedArrayBufferToArrayBuffer(target=es5).ts	skipped	unsupported target ES5	
assignToEnum.ts	run		E
assignToExistingClass.ts	run		E
assignToFn.ts	run		E
assignToInvalidLHS.ts	run		E
assignToModule.ts	run		E
assignToObjectTypeWithPrototypeProperty.ts	run		C
assignToPrototype1.ts	run		C
assigningFromObjectToAnythingElse.ts	run		E
assigningFunctionToTupleIssuesError.ts	run		E
assignmentCompat1.ts	run		E
assignmentCompatBetweenTupleAndArray.ts	run		E
assignmentCompatBug2.ts	run		E
assignmentCompatBug3.ts	run		C
assignmentCompatBug5.ts	run		E
assignmentCompatForEnums.ts	run		C
assignmentCompatFunctionsWithOptionalArgs.ts	run		E
assignmentCompatInterfaceWithStringIndexSignature.ts	run		E
assignmentCompatOnNew.ts	run		C
assignmentCompatWithCallSignatures.ts	run		E
assignmentCompatWithCallSignatures2.ts	run		E
assignmentCompatWithCallSignatures3.ts	run		E
assignmentCompatWithCallSignatures4.ts	run		E
assignmentCompatWithCallSignatures5.ts	run		E
assignmentCompatWithCallSignatures6.ts	run		E
assignmentCompatWithCallSignaturesWithOptionalParameters.ts	run		E
assignmentCompatWithCallSignaturesWithRestParameters.ts	run		E
assignmentCompatWithConstructSignatures.ts	run		E
assignmentCompatWithConstructSignatures2.ts	run		E
assignmentCompatWithConstructSignatures3.ts	run		E
assignmentCompatWithConstructSignatures4.ts	run		E
assignmentCompatWithConstructSignatures5.ts	run		E
assignmentCompatWithConstructSignatures6.ts	run		E
assignmentCompatWithConstructSignaturesWithOptionalParameters.ts	run		E
assignmentCompatWithDiscriminatedUnion.ts	run		E
assignmentCompatWithEnumIndexer.ts	run		E
assignmentCompatWithGenericCallSignatures.ts	run		E
assignmentCompatWithGenericCallSignatures2.ts	run		E
assignmentCompatWithGenericCallSignatures3.ts	run		E
assignmentCompatWithGenericCallSignatures4.ts	run		E
assignmentCompatWithGenericCallSignaturesWithOptionalParameters.ts	run		E
assignmentCompatWithNumericIndexer.ts	run		E
assignmentCompatWithNumericIndexer2.ts	run		E
assignmentCompatWithNumericIndexer3.ts	run		E
assignmentCompatWithObjectMembers.ts	run		C
assignmentCompatWithObjectMembers2.ts	run		C
assignmentCompatWithObjectMembers3.ts	run		C
assignmentCompatWithObjectMembers4.ts	run		E
assignmentCompatWithObjectMembers5.ts	run		E
assignmentCompatWithObjectMembersAccessibility.ts	run		E
assignmentCompatWithObjectMembersNumericNames.ts	run		C
assignmentCompatWithObjectMembersOptionality.ts	run		E
assignmentCompatWithObjectMembersOptionality2.ts	run		E
assignmentCompatWithObjectMembersStringNumericNames.ts	run		E
assignmentCompatWithOverloads.ts	run		E
assignmentCompatWithStringIndexer.ts	run		E
assignmentCompatWithStringIndexer2.ts	run		E
assignmentCompatWithStringIndexer3.ts	run		E
assignmentCompatWithWithGenericConstructSignatures.ts	run		C
assignmentCompatability1.ts	run		C
assignmentCompatability10.ts	run		C
assignmentCompatability11.ts	run		E
assignmentCompatability12.ts	run		E
assignmentCompatability13.ts	run		E
assignmentCompatability14.ts	run		E
assignmentCompatability15.ts	run		E
assignmentCompatability16.ts	run		E
assignmentCompatability17.ts	run		E
assignmentCompatability18.ts	run		E
assignmentCompatability19.ts	run		E
assignmentCompatability2.ts	run		E
assignmentCompatability20.ts	run		E
assignmentCompatability21.ts	run		E
assignmentCompatability22.ts	run		E
assignmentCompatability23.ts	run		E
assignmentCompatability24.ts	run		E
assignmentCompatability25.ts	run		E
assignmentCompatability26.ts	run		E
assignmentCompatability27.ts	run		E
assignmentCompatability28.ts	run		E
assignmentCompatability29.ts	run		E
assignmentCompatability3.ts	run		C
assignmentCompatability30.ts	run		E
assignmentCompatability31.ts	run		E
assignmentCompatability32.ts	run		E
assignmentCompatability33.ts	run		E
assignmentCompatability34.ts	run		E
assignmentCompatability35.ts	run		E
assignmentCompatability36.ts	run		E
assignmentCompatability37.ts	run		E
assignmentCompatability38.ts	run		E
assignmentCompatability39.ts	run		E
assignmentCompatability4.ts	run		E
assignmentCompatability40.ts	run		E
assignmentCompatability41.ts	run		E
assignmentCompatability42.ts	run		E
assignmentCompatability43.ts	run		E
assignmentCompatability44.ts	run		E
assignmentCompatability45.ts	run		E
assignmentCompatability46.ts	run		E
assignmentCompatability5.ts	run		C
assignmentCompatability6.ts	run		C
assignmentCompatability7.ts	run		C
assignmentCompatability8.ts	run		C
assignmentCompatability9.ts	run		C
assignmentCompatability_checking-apply-member-off-of-function-interface.ts	run		E
assignmentCompatability_checking-call-member-off-of-function-interface.ts	run		E
assignmentCompatibilityForConstrainedTypeParameters.ts	run		E
assignmentGenericLookupTypeNarrowing.ts	run		C
assignmentIndexedToPrimitives.ts	run		E
assignmentLHSIsReference.ts	run		E
assignmentLHSIsValue.ts	run		E
assignmentNestedInLiterals.ts	run		C
assignmentNonObjectTypeConstraints.ts	run		C
assignmentRestElementWithErrorSourceType.ts	run		E
assignmentStricterConstraints.ts	run		E
assignmentToAnyArrayRestParameters.ts	run		E
assignmentToConditionalBrandedStringTemplateOrMapping.ts	run		C
assignmentToExpandingArrayType.ts	run		C
assignmentToFunction.ts	run		E
assignmentToInstantiationExpression.ts	run		E
assignmentToObject.ts	run		E
assignmentToObjectAndFunction.ts	run		E
assignmentToParenthesizedExpression1.ts	run		E
assignmentToParenthesizedIdentifiers.ts	run		E
assignmentToReferenceTypes.ts	run		E
assignmentToVoidZero1.ts	run		C
assignmentToVoidZero2.ts	run		E
assignmentTypeNarrowing.ts	run		E
assignments.ts	run		E
asyncAliasReturnType_es5(target=es2015).ts	run		C
asyncAliasReturnType_es5(target=es5).ts	skipped	unsupported target ES5	
asyncAliasReturnType_es6.ts	run		C
asyncArrowFunction10_es2017.ts	run		E
asyncArrowFunction10_es5(target=es2015).ts	run		E
asyncArrowFunction10_es5(target=es5).ts	skipped	unsupported target ES5	
asyncArrowFunction10_es6.ts	run		E
asyncArrowFunction11_es5(target=es2015).ts	run		E
asyncArrowFunction11_es5(target=es5).ts	skipped	unsupported target ES5	
asyncArrowFunction1_es2017.ts	run		C
asyncArrowFunction1_es5(target=es2015).ts	run		C
asyncArrowFunction1_es5(target=es5).ts	skipped	unsupported target ES5	
asyncArrowFunction1_es6.ts	run		C
asyncArrowFunction2_es2017.ts	run		C
asyncArrowFunction2_es5(target=es2015).ts	run		C
asyncArrowFunction2_es5(target=es5).ts	skipped	unsupported target ES5	
asyncArrowFunction2_es6.ts	run		C
asyncArrowFunction3_es2017.ts	run		E
asyncArrowFunction3_es5(target=es2015).ts	run		E
asyncArrowFunction3_es5(target=es5).ts	skipped	unsupported target ES5	
asyncArrowFunction3_es6.ts	run		E
asyncArrowFunction4_es2017.ts	run		C
asyncArrowFunction4_es5(target=es2015).ts	run		C
asyncArrowFunction4_es5(target=es5).ts	skipped	unsupported target ES5	
asyncArrowFunction4_es6.ts	run		C
asyncArrowFunction5_es2017.ts	run		E
asyncArrowFunction5_es5(target=es2015).ts	run		E
asyncArrowFunction5_es5(target=es5).ts	skipped	unsupported target ES5	
asyncArrowFunction5_es6.ts	run		E
asyncArrowFunction6_es2017.ts	run		E
asyncArrowFunction6_es5(target=es2015).ts	run		E
asyncArrowFunction6_es5(target=es5).ts	skipped	unsupported target ES5	
asyncArrowFunction6_es6.ts	run		E
asyncArrowFunction7_es2017.ts	run		E
asyncArrowFunction7_es5(target=es2015).ts	run		E
asyncArrowFunction7_es5(target=es5).ts	skipped	unsupported target ES5	
asyncArrowFunction7_es6.ts	run		E
asyncArrowFunction8_es2017.ts	run		E
asyncArrowFunction8_es5(target=es2015).ts	run		E
asyncArrowFunction8_es5(target=es5).ts	skipped	unsupported target ES5	
asyncArrowFunction8_es6.ts	run		E
asyncArrowFunction9_es2017.ts	run		E
asyncArrowFunction9_es5(target=es2015).ts	run		E
asyncArrowFunction9_es5(target=es5).ts	skipped	unsupported target ES5	
asyncArrowFunction9_es6.ts	run		E
asyncArrowFunctionCapturesArguments_es2017.ts	run		E
asyncArrowFunctionCapturesArguments_es5(target=es2015).ts	run		E
asyncArrowFunctionCapturesArguments_es5(target=es5).ts	skipped	unsupported target ES5	
asyncArrowFunctionCapturesArguments_es6.ts	run		E
asyncArrowFunctionCapturesThis_es2017.ts	run		C
asyncArrowFunctionCapturesThis_es5(target=es2015).ts	run		C
asyncArrowFunctionCapturesThis_es5(target=es5).ts	skipped	unsupported target ES5	
asyncArrowFunctionCapturesThis_es6.ts	run		C
asyncArrowFunction_allowJs.ts	run		E
asyncArrowInClassES5(target=es2015).ts	run		C
asyncArrowInClassES5(target=es5).ts	skipped	unsupported target ES5	
asyncAwaitIsolatedModules_es2017.ts	run		E
asyncAwaitIsolatedModules_es5(target=es2015).ts	run		E
asyncAwaitIsolatedModules_es5(target=es5).ts	skipped	unsupported target ES5	
asyncAwaitIsolatedModules_es6.ts	run		E
asyncAwaitNestedClasses_es5(target=es2015).ts	run		E
asyncAwaitNestedClasses_es5(target=es5).ts	skipped	unsupported target ES5	
asyncAwaitWithCapturedBlockScopeVar(target=es2015).ts	run		E
asyncAwaitWithCapturedBlockScopeVar(target=es5).ts	skipped	unsupported target ES5	
asyncAwait_es2017.ts	run		C
asyncAwait_es5(target=es2015).ts	run		C
asyncAwait_es5(target=es5).ts	skipped	unsupported target ES5	
asyncAwait_es6.ts	run		C
asyncClass_es5(target=es2015).ts	run		E
asyncClass_es5(target=es5).ts	skipped	unsupported target ES5	
asyncClass_es6.ts	run		E
asyncConstructor_es5(target=es2015).ts	run		E
asyncConstructor_es5(target=es5).ts	skipped	unsupported target ES5	
asyncConstructor_es6.ts	run		E
asyncDeclare_es5(target=es2015).ts	run		E
asyncDeclare_es5(target=es5).ts	skipped	unsupported target ES5	
asyncDeclare_es6.ts	run		E
asyncEnum_es5(target=es2015).ts	run		E
asyncEnum_es5(target=es5).ts	skipped	unsupported target ES5	
asyncEnum_es6.ts	run		E
asyncFunctionContextuallyTypedReturns.ts	run		C
asyncFunctionDeclaration10_es2017.ts	run		E
asyncFunctionDeclaration10_es5(target=es2015).ts	run		E
asyncFunctionDeclaration10_es5(target=es5).ts	skipped	unsupported target ES5	
asyncFunctionDeclaration10_es6.ts	run		E
asyncFunctionDeclaration11_es2017.ts	run		C
asyncFunctionDeclaration11_es5(target=es2015).ts	run		C
asyncFunctionDeclaration11_es5(target=es5).ts	skipped	unsupported target ES5	
asyncFunctionDeclaration11_es6.ts	run		C
asyncFunctionDeclaration12_es2017.ts	run		E
asyncFunctionDeclaration12_es5(target=es2015).ts	run		E
asyncFunctionDeclaration12_es5(target=es5).ts	skipped	unsupported target ES5	
asyncFunctionDeclaration12_es6.ts	run		E
asyncFunctionDeclaration13_es2017.ts	run		E
asyncFunctionDeclaration13_es5(target=es2015).ts	run		E
asyncFunctionDeclaration13_es5(target=es5).ts	skipped	unsupported target ES5	
asyncFunctionDeclaration13_es6.ts	run		E
asyncFunctionDeclaration14_es2017.ts	run		C
asyncFunctionDeclaration14_es5(target=es2015).ts	run		C
asyncFunctionDeclaration14_es5(target=es5).ts	skipped	unsupported target ES5	
asyncFunctionDeclaration14_es6.ts	run		C
asyncFunctionDeclaration15_es5(target=es2015).ts	run		E
asyncFunctionDeclaration15_es5(target=es5).ts	skipped	unsupported target ES5	
asyncFunctionDeclaration15_es6.ts	run		E
asyncFunctionDeclaration16_es5(target=es2015).ts	run		E
asyncFunctionDeclaration16_es5(target=es5).ts	skipped	unsupported target ES5	
asyncFunctionDeclaration1_es2017.ts	run		C
asyncFunctionDeclaration1_es5(target=es2015).ts	run		C
asyncFunctionDeclaration1_es5(target=es5).ts	skipped	unsupported target ES5	
asyncFunctionDeclaration1_es6.ts	run		C
asyncFunctionDeclaration2_es2017.ts	run		C
asyncFunctionDeclaration2_es5(target=es2015).ts	run		C
asyncFunctionDeclaration2_es5(target=es5).ts	skipped	unsupported target ES5	
asyncFunctionDeclaration2_es6.ts	run		C
asyncFunctionDeclaration3_es2017.ts	run		E
asyncFunctionDeclaration3_es5(target=es2015).ts	run		E
asyncFunctionDeclaration3_es5(target=es5).ts	skipped	unsupported target ES5	
asyncFunctionDeclaration3_es6.ts	run		E
asyncFunctionDeclaration4_es2017.ts	run		C
asyncFunctionDeclaration4_es5(target=es2015).ts	run		C
asyncFunctionDeclaration4_es5(target=es5).ts	skipped	unsupported target ES5	
asyncFunctionDeclaration4_es6.ts	run		C
asyncFunctionDeclaration5_es2017.ts	run		E
asyncFunctionDeclaration5_es5(target=es2015).ts	run		E
asyncFunctionDeclaration5_es5(target=es5).ts	skipped	unsupported target ES5	
asyncFunctionDeclaration5_es6.ts	run		E
asyncFunctionDeclaration6_es2017.ts	run		E
asyncFunctionDeclaration6_es5(target=es2015).ts	run		E
asyncFunctionDeclaration6_es5(target=es5).ts	skipped	unsupported target ES5	
asyncFunctionDeclaration6_es6.ts	run		E
asyncFunctionDeclaration7_es2017.ts	run		E
asyncFunctionDeclaration7_es5(target=es2015).ts	run		E
asyncFunctionDeclaration7_es5(target=es5).ts	skipped	unsupported target ES5	
asyncFunctionDeclaration7_es6.ts	run		E
asyncFunctionDeclaration8_es2017.ts	run		E
asyncFunctionDeclaration8_es5(target=es2015).ts	run		E
asyncFunctionDeclaration8_es5(target=es5).ts	skipped	unsupported target ES5	
asyncFunctionDeclaration8_es6.ts	run		E
asyncFunctionDeclaration9_es2017.ts	run		E
asyncFunctionDeclaration9_es5(target=es2015).ts	run		E
asyncFunctionDeclaration9_es5(target=es5).ts	skipped	unsupported target ES5	
asyncFunctionDeclaration9_es6.ts	run		E
asyncFunctionDeclarationCapturesArguments_es5(target=es2015).ts	run		E
asyncFunctionDeclarationCapturesArguments_es5(target=es5).ts	skipped	unsupported target ES5	
asyncFunctionDeclarationParameterEvaluation(target=es2015).ts	run		E
asyncFunctionDeclarationParameterEvaluation(target=es2017).ts	run		E
asyncFunctionNoReturnType.ts	run		C
asyncFunctionReturnExpressionErrorSpans.ts	run		E
asyncFunctionReturnType.2.ts	run		C
asyncFunctionReturnType.ts	run		C
asyncFunctionTempVariableScoping(target=es2015).ts	run		C
asyncFunctionTempVariableScoping(target=es5).ts	skipped	unsupported target ES5	
asyncFunctionWithForStatementNoInitializer.ts	run		C
asyncFunctionsAcrossFiles.ts	run		C
asyncFunctionsAndStrictNullChecks.ts	run		C
asyncGeneratorGenericNonWrappedReturn.ts	run		C
asyncGeneratorParameterEvaluation(target=es2015).ts	run		E
asyncGeneratorParameterEvaluation(target=es2017).ts	run		E
asyncGeneratorParameterEvaluation(target=es2018).ts	run		E
asyncGeneratorPromiseNextType.ts	run		C
asyncGetter_es5(target=es2015).ts	run		E
asyncGetter_es5(target=es5).ts	skipped	unsupported target ES5	
asyncGetter_es6.ts	run		E
asyncIIFE.ts	run		C
asyncImportNestedYield.ts	run		C
asyncImportedPromise_es5(target=es2015).ts	run		E
asyncImportedPromise_es5(target=es5).ts	skipped	unsupported target ES5	
asyncImportedPromise_es6.ts	run		E
asyncInterface_es5(target=es2015).ts	run		E
asyncInterface_es5(target=es5).ts	skipped	unsupported target ES5	
asyncInterface_es6.ts	run		E
asyncIteratorExtraParameters.ts	run		E
asyncMethodWithSuperConflict_es6.ts	run		C
asyncMethodWithSuper_es2017.ts	run		C
asyncMethodWithSuper_es5(target=es2015).ts	run		C
asyncMethodWithSuper_es5(target=es5).ts	skipped	unsupported target ES5	
asyncMethodWithSuper_es6.ts	run		C
asyncModule_es5(target=es2015).ts	run		E
asyncModule_es5(target=es5).ts	skipped	unsupported target ES5	
asyncModule_es6.ts	run		E
asyncMultiFile_es5(target=es2015).ts	run		C
asyncMultiFile_es5(target=es5).ts	skipped	unsupported target ES5	
asyncMultiFile_es6.ts	run		C
asyncOrYieldAsBindingIdentifier1.ts	run		E
asyncQualifiedReturnType_es5(target=es2015).ts	run		E
asyncQualifiedReturnType_es5(target=es5).ts	skipped	unsupported target ES5	
asyncQualifiedReturnType_es6.ts	run		E
asyncSetter_es5(target=es2015).ts	run		E
asyncSetter_es5(target=es5).ts	skipped	unsupported target ES5	
asyncSetter_es6.ts	run		E
asyncUnParenthesizedArrowFunction_es2017.ts	run		C
asyncUnParenthesizedArrowFunction_es5(target=es2015).ts	run		C
asyncUnParenthesizedArrowFunction_es5(target=es5).ts	skipped	unsupported target ES5	
asyncUnParenthesizedArrowFunction_es6.ts	run		C
asyncUseStrict_es2017.ts	run		C
asyncUseStrict_es5(target=es2015).ts	run		C
asyncUseStrict_es5(target=es5).ts	skipped	unsupported target ES5	
asyncUseStrict_es6.ts	run		C
asyncWithVarShadowing_es6.ts	run		C
asyncYieldStarContextualType.ts	run		C
augmentArray.ts	run		C
augmentExportEquals1.ts	run		E
augmentExportEquals1_1.ts	skipped	unsupported module kind AMD	
augmentExportEquals2.ts	run		C
augmentExportEquals2_1.ts	skipped	unsupported module kind AMD	
augmentExportEquals3.ts	run		C
augmentExportEquals3_1.ts	skipped	unsupported module kind AMD	
augmentExportEquals4.ts	run		C
augmentExportEquals4_1.ts	skipped	unsupported module kind AMD	
augmentExportEquals5.ts	run		E
augmentExportEquals6.ts	run		C
augmentExportEquals6_1.ts	skipped	unsupported module kind AMD	
augmentExportEquals7.ts	run		E
augmentedClassWithPrototypePropertyOnModule.ts	run		E
augmentedTypeAssignmentCompatIndexSignature.ts	run		E
augmentedTypeBracketAccessIndexSignature.ts	run		C
augmentedTypeBracketNamedPropertyAccess.ts	run		C
augmentedTypesClass.ts	run		E
augmentedTypesClass2.ts	run		E
augmentedTypesClass2a.ts	run		E
augmentedTypesClass3.ts	run		C
augmentedTypesClass4.ts	run		E
augmentedTypesEnum.ts	run		E
augmentedTypesEnum2.ts	run		E
augmentedTypesEnum3.ts	run		E
augmentedTypesExternalModule1.ts	skipped	unsupported module kind AMD	
augmentedTypesFunction.ts	run		E
augmentedTypesInterface.ts	run		E
augmentedTypesModules.ts	run		E
augmentedTypesModules2.ts	run		E
augmentedTypesModules3.ts	run		E
augmentedTypesModules3b.ts	run		C
augmentedTypesModules4.ts	run		C
augmentedTypesVar.ts	run		E
autoAccessor1(target=es2015).ts	run		C
autoAccessor1(target=es2022).ts	run		C
autoAccessor1(target=es5).ts	skipped	unsupported target ES5	
autoAccessor1(target=esnext).ts	run		C
autoAccessor10.ts	run		C
autoAccessor11.ts	run		E
autoAccessor2(target=es2015).ts	run		C
autoAccessor2(target=es2022).ts	run		C
autoAccessor2(target=esnext).ts	run		C
autoAccessor3(target=es2015).ts	run		C
autoAccessor3(target=es2022).ts	run		C
autoAccessor3(target=es5).ts	skipped	unsupported target ES5	
autoAccessor3(target=esnext).ts	run		C
autoAccessor4(target=es2015).ts	run		C
autoAccessor4(target=es2022).ts	run		C
autoAccessor4(target=es5).ts	skipped	unsupported target ES5	
autoAccessor4(target=esnext).ts	run		C
autoAccessor5(target=es2015).ts	run		E
autoAccessor5(target=es2022).ts	run		E
autoAccessor5(target=es5).ts	skipped	unsupported target ES5	
autoAccessor5(target=esnext).ts	run		E
autoAccessor6(target=es2015,usedefineforclassfields=false).ts	run		E
autoAccessor6(target=es2015,usedefineforclassfields=true).ts	run		E
autoAccessor6(target=es2022,usedefineforclassfields=false).ts	run		E
autoAccessor6(target=es2022,usedefineforclassfields=true).ts	run		E
autoAccessor6(target=esnext,usedefineforclassfields=false).ts	run		E
autoAccessor6(target=esnext,usedefineforclassfields=true).ts	run		E
autoAccessor7(target=es2015,usedefineforclassfields=false).ts	run		C
autoAccessor7(target=es2015,usedefineforclassfields=true).ts	run		C
autoAccessor7(target=es2022,usedefineforclassfields=false).ts	run		C
autoAccessor7(target=es2022,usedefineforclassfields=true).ts	run		C
autoAccessor7(target=esnext,usedefineforclassfields=false).ts	run		C
autoAccessor7(target=esnext,usedefineforclassfields=true).ts	run		C
autoAccessor8.ts	run		C
autoAccessor9.ts	run		C
autoAccessorAllowedModifiers.ts	run		C
autoAccessorDisallowedModifiers(target=es2017).ts	run		E
autoAccessorDisallowedModifiers(target=esnext).ts	run		E
autoAccessorExperimentalDecorators(target=es2015).ts	run		E
autoAccessorExperimentalDecorators(target=es2022).ts	run		E
autoAccessorExperimentalDecorators(target=esnext).ts	run		E
autoAccessorNoUseDefineForClassFields.ts	run		C
autoAsiForStaticsInClassDeclaration.ts	run		C
autoLift2.ts	run		E
autoTypeAssignedUsingDestructuringFromNeverNoCrash.ts	run		E
autolift3.ts	run		E
autolift4.ts	run		E
autonumberingInEnums.ts	run		C
avoid.ts	run		C
avoidCycleWithVoidExpressionReturnedFromArrow.ts	run		C
avoidListingPropertiesForTypesWithOnlyCallOrConstructSignatures.ts	run		E
avoidNarrowingUsingConstVariableFromBindingElementWithLiteralInitializer.ts	run		C
awaitAndYield.ts	run		E
awaitAndYieldInProperty.ts	run		E
awaitBinaryExpression1_es2017.ts	run		C
awaitBinaryExpression1_es5(target=es2015).ts	run		C
awaitBinaryExpression1_es5(target=es5).ts	skipped	unsupported target ES5	
awaitBinaryExpression1_es6.ts	run		C
awaitBinaryExpression2_es2017.ts	run		C
awaitBinaryExpression2_es5(target=es2015).ts	run		C
awaitBinaryExpression2_es5(target=es5).ts	skipped	unsupported target ES5	
awaitBinaryExpression2_es6.ts	run		C
awaitBinaryExpression3_es2017.ts	run		C
awaitBinaryExpression3_es5(target=es2015).ts	run		C
awaitBinaryExpression3_es5(target=es5).ts	skipped	unsupported target ES5	
awaitBinaryExpression3_es6.ts	run		C
awaitBinaryExpression4_es2017.ts	run		C
awaitBinaryExpression4_es5(target=es2015).ts	run		C
awaitBinaryExpression4_es5(target=es5).ts	skipped	unsupported target ES5	
awaitBinaryExpression4_es6.ts	run		C
awaitBinaryExpression5_es2017.ts	run		E
awaitBinaryExpression5_es5(target=es2015).ts	run		E
awaitBinaryExpression5_es5(target=es5).ts	skipped	unsupported target ES5	
awaitBinaryExpression5_es6.ts	run		E
awaitCallExpression1_es2017.ts	run		C
awaitCallExpression1_es5(target=es2015).ts	run		C
awaitCallExpression1_es5(target=es5).ts	skipped	unsupported target ES5	
awaitCallExpression1_es6.ts	run		C
awaitCallExpression2_es2017.ts	run		C
awaitCallExpression2_es5(target=es2015).ts	run		C
awaitCallExpression2_es5(target=es5).ts	skipped	unsupported target ES5	
awaitCallExpression2_es6.ts	run		C
awaitCallExpression3_es2017.ts	run		C
awaitCallExpression3_es5(target=es2015).ts	run		C
awaitCallExpression3_es5(target=es5).ts	skipped	unsupported target ES5	
awaitCallExpression3_es6.ts	run		C
awaitCallExpression4_es2017.ts	run		C
awaitCallExpression4_es5(target=es2015).ts	run		C
awaitCallExpression4_es5(target=es5).ts	skipped	unsupported target ES5	
awaitCallExpression4_es6.ts	run		C
awaitCallExpression5_es2017.ts	run		C
awaitCallExpression5_es5(target=es2015).ts	run		C
awaitCallExpression5_es5(target=es5).ts	skipped	unsupported target ES5	
awaitCallExpression5_es6.ts	run		C
awaitCallExpression6_es2017.ts	run		C
awaitCallExpression6_es5(target=es2015).ts	run		C
awaitCallExpression6_es5(target=es5).ts	skipped	unsupported target ES5	
awaitCallExpression6_es6.ts	run		C
awaitCallExpression7_es2017.ts	run		C
awaitCallExpression7_es5(target=es2015).ts	run		C
awaitCallExpression7_es5(target=es5).ts	skipped	unsupported target ES5	
awaitCallExpression7_es6.ts	run		C
awaitCallExpression8_es2017.ts	run		C
awaitCallExpression8_es5(target=es2015).ts	run		C
awaitCallExpression8_es5(target=es5).ts	skipped	unsupported target ES5	
awaitCallExpression8_es6.ts	run		C
awaitCallExpressionInSyncFunction.ts	run		E
awaitClassExpression_es2017.ts	run		C
awaitClassExpression_es5(target=es2015).ts	run		C
awaitClassExpression_es5(target=es5).ts	skipped	unsupported target ES5	
awaitClassExpression_es6.ts	run		C
awaitExpressionInnerCommentEmit.ts	run		C
awaitInClassInAsyncFunction.ts	run		E
awaitInNonAsyncFunction.ts	run		E
awaitInheritedPromise_es2017.ts	run		C
awaitLiteralValues.ts	run		E
awaitUnionPromise.ts	run		E
awaitUnion_es5(target=es2015).ts	run		C
awaitUnion_es5(target=es5).ts	skipped	unsupported target ES5	
awaitUnion_es6.ts	run		C
awaitUsingDeclarations.1(target=es2015).ts	run		E
awaitUsingDeclarations.1(target=es2017).ts	run		C
awaitUsingDeclarations.1(target=es2022).ts	run		C
awaitUsingDeclarations.1(target=es5).ts	skipped	unsupported target ES5	
awaitUsingDeclarations.1(target=esnext).ts	run		C
awaitUsingDeclarations.10.ts	run		E
awaitUsingDeclarations.11.ts	run		E
awaitUsingDeclarations.12.ts	run		E
awaitUsingDeclarations.13.ts	run		E
awaitUsingDeclarations.14.ts	run		E
awaitUsingDeclarations.15.ts	run		C
awaitUsingDeclarations.16.ts	run		E
awaitUsingDeclarations.17.ts	run		E
awaitUsingDeclarations.2(target=es2015).ts	run		E
awaitUsingDeclarations.2(target=es2017).ts	run		C
awaitUsingDeclarations.2(target=es2022).ts	run		C
awaitUsingDeclarations.2(target=es5).ts	skipped	unsupported target ES5	
awaitUsingDeclarations.2(target=esnext).ts	run		C
awaitUsingDeclarations.3(target=es2015).ts	run		E
awaitUsingDeclarations.3(target=es2017).ts	run		C
awaitUsingDeclarations.3(target=es2022).ts	run		C
awaitUsingDeclarations.3(target=es5).ts	skipped	unsupported target ES5	
awaitUsingDeclarations.3(target=esnext).ts	run		C
awaitUsingDeclarations.4.ts	run		E
awaitUsingDeclarations.5.ts	run		E
awaitUsingDeclarations.6.ts	run		E
awaitUsingDeclarations.7.ts	run		E
awaitUsingDeclarations.8.ts	run		E
awaitUsingDeclarations.9.ts	run		E
awaitUsingDeclarationsInFor(target=es2015).ts	run		C
awaitUsingDeclarationsInFor(target=es2017).ts	run		C
awaitUsingDeclarationsInFor(target=es2022).ts	run		C
awaitUsingDeclarationsInFor(target=es5).ts	skipped	unsupported target ES5	
awaitUsingDeclarationsInFor(target=esnext).ts	run		C
awaitUsingDeclarationsInForAwaitOf(target=es2015).ts	run		C
awaitUsingDeclarationsInForAwaitOf(target=es2017).ts	run		C
awaitUsingDeclarationsInForAwaitOf(target=es2022).ts	run		C
awaitUsingDeclarationsInForAwaitOf(target=es5).ts	skipped	unsupported target ES5	
awaitUsingDeclarationsInForAwaitOf(target=esnext).ts	run		C
awaitUsingDeclarationsInForAwaitOf.2.ts	run		E
awaitUsingDeclarationsInForAwaitOf.3(target=es5).ts	skipped	unsupported target ES5	
awaitUsingDeclarationsInForAwaitOf.3(target=esnext).ts	run		E
awaitUsingDeclarationsInForIn.ts	run		E
awaitUsingDeclarationsInForOf.1(target=es2015).ts	run		C
awaitUsingDeclarationsInForOf.1(target=es2017).ts	run		C
awaitUsingDeclarationsInForOf.1(target=es2022).ts	run		C
awaitUsingDeclarationsInForOf.1(target=es5).ts	skipped	unsupported target ES5	
awaitUsingDeclarationsInForOf.1(target=esnext).ts	run		C
awaitUsingDeclarationsInForOf.2.ts	run		C
awaitUsingDeclarationsInForOf.3.ts	run		E
awaitUsingDeclarationsInForOf.4.ts	run		E
awaitUsingDeclarationsInForOf.5(target=es5).ts	skipped	unsupported target ES5	
awaitUsingDeclarationsInForOf.5(target=esnext).ts	run		E
awaitUsingDeclarationsTopLevelOfModule.1(module=esnext).ts	run		C
awaitUsingDeclarationsTopLevelOfModule.1(module=system).ts	skipped	unsupported module kind System	
awaitUsingDeclarationsWithAsyncIteratorObject.ts	run		E
awaitUsingDeclarationsWithImportHelpers.ts	run		E
awaitUsingDeclarationsWithIteratorObject.ts	run		E
await_incorrectThisType.ts	run		E
await_unaryExpression_es2017.ts	run		C
await_unaryExpression_es2017_1.ts	run		E
await_unaryExpression_es2017_2.ts	run		E
await_unaryExpression_es2017_3.ts	run		E
await_unaryExpression_es6.ts	run		C
await_unaryExpression_es6_1.ts	run		E
await_unaryExpression_es6_2.ts	run		E
await_unaryExpression_es6_3.ts	run		E
awaitedType.ts	run		E
awaitedTypeCrash.ts	run		C
awaitedTypeJQuery.ts	run		C
awaitedTypeNoLib.ts	run		E
awaitedTypeStrictNull.ts	run		E
badArrayIndex.ts	run		E
badArraySyntax.ts	run		E
badExternalModuleReference.ts	run		E
badInferenceLowerPriorityThanGoodInference.ts	run		C
badOverloadError.ts	run		C
badThisBinding.ts	run		C
bangInModuleName.ts	skipped	unsupported module kind AMD	
baseCheck.ts	run		E
baseClassImprovedMismatchErrors.ts	run		E
baseConstraintOfDecorator.ts	run		E
baseExpressionTypeParameters.ts	run		E
baseIndexSignatureResolution.ts	run		E
baseTypeAfterDerivedType.ts	run		C
baseTypeOrderChecking.ts	run		E
baseTypePrivateMemberClash.ts	run		E
baseTypeWrappingInstantiationChain.ts	run		E
bases.ts	run		E
bestChoiceType.ts	run		C
bestCommonTypeOfConditionalExpressions.ts	run		E
bestCommonTypeOfConditionalExpressions2.ts	run		E
bestCommonTypeOfTuple.ts	run		E
bestCommonTypeOfTuple2.ts	run		E
bestCommonTypeReturnStatement.ts	run		E
bestCommonTypeWithContextualTyping.ts	run		E
bestCommonTypeWithOptionalProperties.ts	run		E
betterErrorForAccidentalCall.ts	run		E
betterErrorForUnionCall.ts	run		E
bigIntWithTargetES2016.ts	run		C
bigIntWithTargetLessThanES2016.ts	run		E
bigint64ArraySubarray.ts	run		C
bigintAmbientMinimal(target=es2015).ts	run		E
bigintAmbientMinimal(target=es5).ts	skipped	unsupported target ES5	
bigintArbirtraryIdentifier.ts	run		E
bigintIndex.ts	run		E
bigintMissingES2019.ts	run		C
bigintMissingES2020.ts	run		C
bigintMissingESNext.ts	run		C
bigintPropertyName.ts	run		E
bigintWithLib.ts	run		E
bigintWithoutLib(target=es2015).ts	run		E
bigintWithoutLib(target=es5).ts	skipped	unsupported target ES5	
binaryArithmatic1.ts	run		E
binaryArithmatic2.ts	run		E
binaryArithmatic3.ts	run		E
binaryArithmatic4.ts	run		E
binaryArithmeticControlFlowGraphNotTooLarge.ts	run		C
binaryIntegerLiteral(target=es2015).ts	run		E
binaryIntegerLiteral(target=es5).ts	skipped	unsupported target ES5	
binaryIntegerLiteralES6.ts	run		E
binaryIntegerLiteralError.ts	run		E
bind1.ts	run		E
bind2.ts	run		C
binderBinaryExpressionStress.ts	run		C
binderBinaryExpressionStressJs.ts	run		C
binderUninitializedModuleExportsAssignment.ts	run		C
bindingPatternCannotBeOnlyInferenceSource.ts	run		E
bindingPatternContextualTypeDoesNotCauseWidening.ts	run		C
bindingPatternInParameter01.ts	run		C
bindingPatternOmittedExpressionNesting.ts	run		C
binopAssignmentShouldHaveType.ts	run		C
bitwiseCompoundAssignmentOperators.ts	run		E
bitwiseNotOperatorInvalidOperations.ts	run		E
bitwiseNotOperatorWithAnyOtherType.ts	run		E
bitwiseNotOperatorWithBooleanType.ts	run		E
bitwiseNotOperatorWithEnumType.ts	run		C
bitwiseNotOperatorWithNumberType.ts	run		E
bitwiseNotOperatorWithStringType.ts	run		E
bivariantInferences.ts	run		C
blockScopedBindingCaptureThisInFunction.ts	run		C
blockScopedBindingUsedBeforeDef.ts	run		E
blockScopedBindingsInDownlevelGenerator(target=es2015).ts	run		E
blockScopedBindingsInDownlevelGenerator(target=es5).ts	skipped	unsupported target ES5	
blockScopedBindingsReassignedInLoop1.ts	run		C
blockScopedBindingsReassignedInLoop2.ts	run		C
blockScopedBindingsReassignedInLoop3.ts	run		C
blockScopedBindingsReassignedInLoop4.ts	run		C
blockScopedBindingsReassignedInLoop5.ts	run		C
blockScopedBindingsReassignedInLoop6.ts	run		C
blockScopedClassDeclarationAcrossFiles.ts	skipped	unsupported outFile /.src/foo.js	
blockScopedEnumVariablesUseBeforeDef(target=es2015).ts	run		E
blockScopedEnumVariablesUseBeforeDef(target=es5).ts	skipped	unsupported target ES5	
blockScopedEnumVariablesUseBeforeDef_isolatedModules(target=es2015).ts	run		E
blockScopedEnumVariablesUseBeforeDef_isolatedModules(target=es5).ts	skipped	unsupported target ES5	
blockScopedEnumVariablesUseBeforeDef_preserve(target=es2015).ts	run		E
blockScopedEnumVariablesUseBeforeDef_preserve(target=es5).ts	skipped	unsupported target ES5	
blockScopedEnumVariablesUseBeforeDef_verbatimModuleSyntax(target=es2015).ts	run		E
blockScopedEnumVariablesUseBeforeDef_verbatimModuleSyntax(target=es5).ts	skipped	unsupported target ES5	
blockScopedFunctionDeclarationES5(target=es2015).ts	run		E
blockScopedFunctionDeclarationES5(target=es5).ts	skipped	unsupported target ES5	
blockScopedFunctionDeclarationES6.ts	run		E
blockScopedFunctionDeclarationInStrictClass(target=es2015).ts	run		E
blockScopedFunctionDeclarationInStrictClass(target=es5).ts	skipped	unsupported target ES5	
blockScopedFunctionDeclarationInStrictModule.ts	run		E
blockScopedFunctionDeclarationStrictES5(target=es2015).ts	run		E
blockScopedFunctionDeclarationStrictES5(target=es5).ts	skipped	unsupported target ES5	
blockScopedFunctionDeclarationStrictES6.ts	run		E
blockScopedNamespaceDifferentFile(target=es2015).ts	skipped	unsupported module kind AMD	
blockScopedNamespaceDifferentFile(target=es5).ts	skipped	unsupported module kind AMD	
blockScopedSameNameFunctionDeclarationES5(target=es2015).ts	run		E
blockScopedSameNameFunctionDeclarationES5(target=es5).ts	skipped	unsupported target ES5	
blockScopedSameNameFunctionDeclarationES6.ts	run		E
blockScopedSameNameFunctionDeclarationStrictES5(target=es2015).ts	run		E
blockScopedSameNameFunctionDeclarationStrictES5(target=es5).ts	skipped	unsupported target ES5	
blockScopedSameNameFunctionDeclarationStrictES6.ts	run		E
blockScopedVariablesUseBeforeDef(target=es2015).ts	run		E
blockScopedVariablesUseBeforeDef(target=es5).ts	skipped	unsupported target ES5	
bluebirdStaticThis.ts	run		E
bom-utf16be.ts	run		C
bom-utf16le.ts	run		C
bom-utf8.ts	run		C
boolInsteadOfBoolean.ts	run		E
booleanAssignment.ts	run		E
booleanFilterAnyArray.ts	run		C
booleanLiteralTypes1.ts	run		C
booleanLiteralTypes2.ts	run		C
booleanLiteralsContextuallyTypedFromUnion.tsx	run		C
booleanPropertyAccess.ts	run		C
breakInIterationOrSwitchStatement1.ts	run		C
breakInIterationOrSwitchStatement2.ts	run		C
breakInIterationOrSwitchStatement3.ts	run		C
breakInIterationOrSwitchStatement4.ts	run		E
breakNotInIterationOrSwitchStatement1.ts	run		E
breakNotInIterationOrSwitchStatement2.ts	run		E
breakTarget1.ts	run		C
breakTarget2.ts	run		C
breakTarget3.ts	run		C
breakTarget4.ts	run		C
breakTarget5.ts	run		E
breakTarget6.ts	run		E
builtinIterator.ts	run		E
builtinIteratorReturn(strictbuiltiniteratorreturn=false).ts	run		C
builtinIteratorReturn(strictbuiltiniteratorreturn=true).ts	run		C
bundledDtsLateExportRenaming.ts	skipped	unsupported outFile /.src/dist/out.d.ts	
bundlerCommonJS.ts	run		E
bundlerConditionsExcludesNode(module=esnext).ts	run		E
bundlerConditionsExcludesNode(module=preserve).ts	run		E
bundlerDirectoryModule(module=node18,moduleresolution=bundler).ts	run		E
bundlerDirectoryModule(module=node18,moduleresolution=nodenext).ts	run		C
bundlerDirectoryModule(module=node20,moduleresolution=bundler).ts	run		E
bundlerDirectoryModule(module=node20,moduleresolution=nodenext).ts	run		C
bundlerDirectoryModule(module=nodenext,moduleresolution=bundler).ts	run		E
bundlerDirectoryModule(module=nodenext,moduleresolution=nodenext).ts	run		C
bundlerImportESM(module=esnext).ts	run		C
bundlerImportESM(module=preserve).ts	run		C
bundlerImportTsExtensions(allowimportingtsextensions=false,noemit=false).ts	run		E
bundlerImportTsExtensions(allowimportingtsextensions=false,noemit=true).ts	run		E
bundlerImportTsExtensions(allowimportingtsextensions=true,noemit=false).ts	run		E
bundlerImportTsExtensions(allowimportingtsextensions=true,noemit=true).ts	run		E
bundlerNodeModules1(module=esnext).ts	run		E
bundlerNodeModules1(module=preserve).ts	run		E
bundlerOptionsCompat.ts	run		E
bundlerRelative1(module=esnext).ts	run		E
bundlerRelative1(module=preserve).ts	run		E
bundlerSyntaxRestrictions(module=esnext).ts	run		E
bundlerSyntaxRestrictions(module=preserve).ts	run		C
cacheResolutions.ts	skipped	unsupported module kind AMD	
cachedContextualTypes.ts	run		C
cachedModuleResolution1.ts	run		C
cachedModuleResolution2.ts	run		C
cachedModuleResolution3.ts	skipped	unsupported module resolution kind 1	
cachedModuleResolution4.ts	skipped	unsupported module resolution kind 1	
cachedModuleResolution5.ts	run		C
cachedModuleResolution6.ts	run		E
cachedModuleResolution7.ts	run		E
cachedModuleResolution8.ts	skipped	unsupported module resolution kind 1	
cachedModuleResolution9.ts	skipped	unsupported module resolution kind 1	
callChain.2.ts	run		C
callChain.3.ts	run		E
callChain.ts	run		C
callChainInference.ts	run		C
callChainWithSuper(target=es2016).ts	run		C
callChainWithSuper(target=es2017).ts	run		C
callChainWithSuper(target=es2018).ts	run		C
callChainWithSuper(target=es2019).ts	run		C
callChainWithSuper(target=es2020).ts	run		C
callChainWithSuper(target=es2021).ts	run		C
callChainWithSuper(target=es2022).ts	run		C
callChainWithSuper(target=es2023).ts	run		C
callChainWithSuper(target=es2024).ts	run		C
callChainWithSuper(target=es2025).ts	run		C
callChainWithSuper(target=es5).ts	skipped	unsupported target ES5	
callChainWithSuper(target=es6).ts	run		C
callChainWithSuper(target=esnext).ts	run		C
callConstructAssignment.ts	run		E
callExpressionWithMissingTypeArgument1.ts	run		E
callExpressionWithTypeParameterConstrainedToOuterTypeParameter.ts	run		E
callGenericFunctionWithIncorrectNumberOfTypeArguments.ts	run		E
callGenericFunctionWithZeroTypeArguments.ts	run		E
callNonGenericFunctionWithTypeArguments.ts	run		E
callOfConditionalTypeWithConcreteBranches.ts	run		C
callOfPropertylessConstructorFunction.ts	run		C
callOnClass.ts	run		E
callOnInstance.ts	run		E
callOverload.ts	run		E
callOverloadViaElementAccessExpression.ts	run		E
callOverloads1.ts	run		E
callOverloads2.ts	run		E
callOverloads3.ts	run		E
callOverloads4.ts	run		E
callOverloads5.ts	run		E
callSignatureAssignabilityInInheritance.ts	run		E
callSignatureAssignabilityInInheritance2.ts	run		E
callSignatureAssignabilityInInheritance3.ts	run		E
callSignatureAssignabilityInInheritance4.ts	run		E
callSignatureAssignabilityInInheritance5.ts	run		E
callSignatureAssignabilityInInheritance6.ts	run		E
callSignatureFunctionOverload.ts	run		C
callSignatureWithOptionalParameterAndInitializer.ts	run		E
callSignatureWithoutAnnotationsOrBody.ts	run		C
callSignatureWithoutReturnTypeAnnotationInference.ts	run		C
callSignaturesShouldBeResolvedBeforeSpecialization.ts	run		E
callSignaturesThatDifferOnlyByReturnType.ts	run		C
callSignaturesThatDifferOnlyByReturnType2.ts	run		E
callSignaturesThatDifferOnlyByReturnType3.ts	run		C
callSignaturesWithAccessibilityModifiersOnParameters.ts	run		E
callSignaturesWithDuplicateParameters.ts	run		E
callSignaturesWithOptionalParameters.ts	run		C
callSignaturesWithOptionalParameters2.ts	run		C
callSignaturesWithParameterInitializers.ts	run		E
callSignaturesWithParameterInitializers2.ts	run		E
callWithMissingVoid.ts	run		E
callWithMissingVoidUndefinedUnknownAnyInJs(strict=false).ts	run		E
callWithMissingVoidUndefinedUnknownAnyInJs(strict=true).ts	run		E
callWithSpread.ts	run		E
callWithSpread2.ts	run		E
callWithSpread3.ts	run		E
callWithSpread4.ts	run		E
callWithSpread5.ts	run		E
callWithSpreadES6.ts	run		C
callWithWrongNumberOfTypeArguments.ts	run		E
callbackArgsDifferByOptionality.ts	run		E
callbackCrossModule.ts	run		E
callbackOnConstructor.ts	run		C
callbackTag1.ts	run		C
callbackTag2.ts	run		E
callbackTag3.ts	run		C
callbackTag4.ts	run		C
callbackTagNamespace.ts	run		C
callbackTagNestedParameter.ts	run		C
callbackTagVariadicType.ts	run		E
callbacksDontShareTypes.ts	run		E
callsOnComplexSignatures.tsx	run		C
canFollowGetSetKeyword.ts	run		E
cannotIndexGenericWritingError.ts	run		E
cannotInvokeNewOnErrorExpression.ts	run		E
cannotInvokeNewOnIndexExpression.ts	run		E
captureSuperPropertyAccessInSuperCall01.ts	run		C
captureThisInSuperCall.ts	run		C
capturedLetConstInLoop1.ts	run		C
capturedLetConstInLoop10.ts	run		C
capturedLetConstInLoop10_ES6.ts	run		C
capturedLetConstInLoop11.ts	run		C
capturedLetConstInLoop11_ES6.ts	run		C
capturedLetConstInLoop12.ts	run		C
capturedLetConstInLoop13.ts	run		C
capturedLetConstInLoop14(target=es2015).ts	run		E
capturedLetConstInLoop14(target=es5).ts	skipped	unsupported target ES5	
capturedLetConstInLoop1_ES6.ts	run		C
capturedLetConstInLoop2.ts	run		C
capturedLetConstInLoop2_ES6.ts	run		C
capturedLetConstInLoop3.ts	run		C
capturedLetConstInLoop3_ES6.ts	run		C
capturedLetConstInLoop4.ts	skipped	unsupported module kind System	
capturedLetConstInLoop4_ES6.ts	run		C
capturedLetConstInLoop5.ts	run		E
capturedLetConstInLoop5_ES6.ts	run		E
capturedLetConstInLoop6.ts	run		E
capturedLetConstInLoop6_ES6.ts	run		E
capturedLetConstInLoop7.ts	run		E
capturedLetConstInLoop7_ES6.ts	run		E
capturedLetConstInLoop8.ts	run		E
capturedLetConstInLoop8_ES6.ts	run		E
capturedLetConstInLoop9.ts	run		C
capturedLetConstInLoop9_ES6.ts	run		C
capturedParametersInInitializers1.ts	run		E
capturedParametersInInitializers2(target=es2015).ts	run		E
capturedParametersInInitializers2(target=es5).ts	skipped	unsupported target ES5	
capturedShorthandPropertyAssignmentNoCheck(target=es2015).ts	run		C
capturedShorthandPropertyAssignmentNoCheck(target=es5).ts	skipped	unsupported target ES5	
capturedVarInLoop(target=es2015).ts	run		C
capturedVarInLoop(target=es5).ts	skipped	unsupported target ES5	
caseInsensitiveFileSystemWithCapsImportTypeDeclarations.ts	run		C
castExpressionParentheses.ts	run		C
castFunctionExpressionShouldBeParenthesized.ts	run		C
castNewObjectBug.ts	run		C
castOfAwait.ts	run		E
castOfYield.ts	run		E
castParentheses.ts	run		C
castTest.ts	run		E
castingTuple.ts	run		E
catch.ts	run		C
catchClauseWithInitializer1.ts	run		E
catchClauseWithTypeAnnotation.ts	run		E
cf.ts	run		E
chained.ts	run		E
chained2.ts	run		E
chainedAssignment1.ts	run		E
chainedAssignment2.ts	run		E
chainedAssignment3.ts	run		E
chainedAssignmentChecking.ts	run		E
chainedCallsWithTypeParameterConstrainedToOtherTypeParameter.ts	run		E
chainedCallsWithTypeParameterConstrainedToOtherTypeParameter2.ts	run		E
chainedImportAlias.ts	run		C
chainedPrototypeAssignment.ts	run		E
chainedSpecializationToObjectTypeLiteral.ts	run		E
checkDestructuringShorthandAssigment.ts	run		E
checkDestructuringShorthandAssigment2.ts	run		E
checkExportsObjectAssignProperty.ts	run		E
checkExportsObjectAssignPrototypeProperty.ts	run		E
checkForObjectTooStrict(target=es2015).ts	run		E
checkForObjectTooStrict(target=es5).ts	skipped	unsupported target ES5	
checkIndexConstraintOfJavascriptClassExpression.ts	skipped	unsupported outFile /.src/foo.js	
checkInfiniteExpansionTermination.ts	run		C
checkInfiniteExpansionTermination2.ts	run		C
checkInheritedProperty.ts	run		E
checkInterfaceBases.ts	run		C
checkJsFiles.ts	run		E
checkJsFiles2.ts	run		E
checkJsFiles3.ts	run		E
checkJsFiles4.ts	run		E
checkJsFiles5.ts	run		C
checkJsFiles6.ts	run		E
checkJsFiles7.ts	run		C
checkJsFiles_noErrorLocation.ts	run		C
checkJsFiles_skipDiagnostics.ts	run		E
checkJsObjectLiteralHasCheckedKeyof.ts	run		E
checkJsObjectLiteralIndexSignatures.ts	run		C
checkJsTypeDefNoUnusedLocalMarked.ts	run		E
checkJsdocOnEndOfFile.ts	skipped	unsupported outFile /.src/output.js	
checkJsdocOptionalParamOrder.ts	run		E
checkJsdocParamOnVariableDeclaredFunctionExpression.ts	run		C
checkJsdocParamTag1.ts	run		C
checkJsdocReturnTag1.ts	skipped	unsupported outFile /.src/dummy.js	
checkJsdocReturnTag2.ts	skipped	unsupported outFile /.src/dummy.js	
checkJsdocSatisfiesTag1.ts	run		E
checkJsdocSatisfiesTag10.ts	run		E
checkJsdocSatisfiesTag11.ts	run		C
checkJsdocSatisfiesTag12.ts	run		E
checkJsdocSatisfiesTag13.ts	run		E
checkJsdocSatisfiesTag14.ts	run		E
checkJsdocSatisfiesTag15.ts	run		E
checkJsdocSatisfiesTag2.ts	run		C
checkJsdocSatisfiesTag3.ts	run		E
checkJsdocSatisfiesTag4.ts	run		E
checkJsdocSatisfiesTag5.ts	run		C
checkJsdocSatisfiesTag6.ts	run		E
checkJsdocSatisfiesTag7.ts	run		E
checkJsdocSatisfiesTag8.ts	run		E
checkJsdocSatisfiesTag9.ts	run		E
checkJsdocTypeTag1.ts	run		E
checkJsdocTypeTag2.ts	run		E
checkJsdocTypeTag3.ts	run		C
checkJsdocTypeTag4.ts	run		E
checkJsdocTypeTag5.ts	run		E
checkJsdocTypeTag6.ts	run		E
checkJsdocTypeTag7.ts	run		C
checkJsdocTypeTag8.ts	run		C
checkJsdocTypeTagOnExportAssignment1.ts	run		E
checkJsdocTypeTagOnExportAssignment2.ts	run		E
checkJsdocTypeTagOnExportAssignment3.ts	run		E
checkJsdocTypeTagOnExportAssignment4.ts	run		E
checkJsdocTypeTagOnExportAssignment5.ts	run		C
checkJsdocTypeTagOnExportAssignment6.ts	run		E
checkJsdocTypeTagOnExportAssignment7.ts	run		C
checkJsdocTypeTagOnExportAssignment8.ts	run		C
checkJsdocTypeTagOnObjectProperty1.ts	run		E
checkJsdocTypeTagOnObjectProperty2.ts	run		E
checkJsdocTypedefInParamTag1.ts	run		C
checkJsdocTypedefOnlySourceFile.ts	run		E
checkJsxChildrenCanBeTupleType.tsx	run		E
checkJsxChildrenProperty1.tsx	run		C
checkJsxChildrenProperty10.tsx	run		E
checkJsxChildrenProperty11.tsx	run		E
checkJsxChildrenProperty12.tsx	run		E
checkJsxChildrenProperty13.tsx	run		E
checkJsxChildrenProperty14.tsx	run		E
checkJsxChildrenProperty15.tsx	run		E
checkJsxChildrenProperty16.tsx	run		C
checkJsxChildrenProperty2.tsx	run		E
checkJsxChildrenProperty3.tsx	run		C
checkJsxChildrenProperty4.tsx	run		E
checkJsxChildrenProperty5.tsx	run		E
checkJsxChildrenProperty6.tsx	run		C
checkJsxChildrenProperty7.tsx	run		E
checkJsxChildrenProperty8.tsx	run		C
checkJsxChildrenProperty9.tsx	run		C
checkJsxGenericTagHasCorrectInferences.tsx	run		E
checkJsxIntersectionElementPropsType.tsx	run		C
checkJsxNamespaceNamesQuestionableForms.tsx	run		E
checkJsxNotSetError.ts	run		E
checkJsxSubtleSkipContextSensitiveBug.tsx	run		C
checkJsxUnionSFXContextualTypeInferredCorrectly.tsx	run		C
checkMergedGlobalUMDSymbol.ts	run		E
checkObjectDefineProperty.ts	run		E
checkOtherObjectAssignProperty.ts	run		E
checkSpecialPropertyAssignments.ts	run		E
checkSuperCallBeforeThisAccess.ts	run		E
checkSuperCallBeforeThisAccessing1.ts	run		C
checkSuperCallBeforeThisAccessing2.ts	run		E
checkSuperCallBeforeThisAccessing3.ts	run		C
checkSuperCallBeforeThisAccessing4.ts	run		C
checkSuperCallBeforeThisAccessing5.ts	run		E
checkSuperCallBeforeThisAccessing6.ts	run		C
checkSuperCallBeforeThisAccessing7.ts	run		C
checkSuperCallBeforeThisAccessing8.ts	run		E
checkSuperCallBeforeThisAccessing9.ts	run		E
checkSwitchStatementIfCaseTypeIsString.ts	run		C
checkTypePredicateForRedundantProperties.ts	run		E
checkerInitializationCrash.ts	run		E
checkingObjectDefinePropertyOnFunctionNonexistentPropertyNoCrash1.ts	run		E
checkingObjectWithThisInNamePositionNoCrash.ts	run		E
circular1.ts	run		E
circular2.ts	run		E
circular3.ts	run		E
circular4.ts	run		E
circularAccessorAnnotations.ts	run		E
circularBaseConstraint.ts	run		E
circularBaseTypes.ts	run		E
circularConstrainedMappedTypeNoCrash.ts	run		C
circularConstraintYieldsAppropriateError.ts	run		E
circularConstructorWithReturn.ts	run		C
circularContextualMappedType.ts	run		C
circularContextualReturnType.ts	run		C
circularGetAccessor(noimplicitany=false).ts	run		E
circularGetAccessor(noimplicitany=true).ts	run		E
circularImportAlias.ts	run		E
circularIndexedAccessErrors.ts	run		E
circularInferredTypeOfVariable.ts	run		C
circularInlineMappedGenericTupleTypeNoCrash.ts	run		E
circularInstantiationExpression.ts	run		C
circularMappedTypeConstraint.ts	run		C
circularModuleImports.ts	run		E
circularMultipleAssignmentDeclaration.ts	run		E
circularObjectLiteralAccessors(target=es2015).ts	run		C
circularObjectLiteralAccessors(target=es5).ts	skipped	unsupported target ES5	
circularOptionalityRemoval.ts	run		E
circularReference.ts	run		E
circularReferenceInImport.ts	run		C
circularReferenceInReturnType.ts	run		E
circularReferenceInReturnType2.ts	run		E
circularResolvedSignature.ts	run		E
circularTypeAliasForUnionWithClass.ts	run		E
circularTypeAliasForUnionWithInterface.ts	run		C
circularTypeArgumentsLocalAndOuterNoCrash1.ts	run		E
circularTypeofWithFunctionModule.ts	run		C
circularTypeofWithVarOrFunc.ts	run		E
circularlyConstrainedMappedTypeContainingConditionalNoInfiniteInstantiationDepth.ts	run		E
circularlyReferentialInterfaceAccessNoCrash.ts	run		E
circularlySimplifyingConditionalTypesNoCrash.ts	run		C
cjsErrors(module=node18).ts	run		E
cjsErrors(module=node20).ts	run		E
cjsErrors(module=nodenext).ts	run		E
cjsImportInES2015.ts	run		C
class2.ts	run		E
classAbstractAccessor(target=es2015).ts	run		E
classAbstractAccessor(target=es5).ts	skipped	unsupported target ES5	
classAbstractAsIdentifier.ts	run		C
classAbstractAssignabilityConstructorFunction.ts	run		E
classAbstractClinterfaceAssignability.ts	run		E
classAbstractConstructor.ts	run		E
classAbstractConstructorAssignability.ts	run		E
classAbstractCrashedOnce.ts	run		E
classAbstractDeclarations.d.ts	run		E
classAbstractExtends.ts	run		E
classAbstractFactoryFunction.ts	run		E
classAbstractGeneric.ts	run		E
classAbstractImportInstantiation.ts	run		E
classAbstractInAModule.ts	run		E
classAbstractInheritance1.ts	run		E
classAbstractInheritance2.ts	run		E
classAbstractInstantiations1.ts	run		E
classAbstractInstantiations2.ts	run		E
classAbstractManyKeywords.ts	run		E
classAbstractMergedDeclaration.ts	run		E
classAbstractMethodInNonAbstractClass.ts	run		E
classAbstractMethodWithImplementation.ts	run		E
classAbstractMixedWithModifiers.ts	run		E
classAbstractOverloads.ts	run		E
classAbstractOverrideWithAbstract.ts	run		E
classAbstractProperties.ts	run		E
classAbstractSingleLineDecl.ts	run		E
classAbstractSuperCalls.ts	run		E
classAbstractUsingAbstractMethod1.ts	run		E
classAbstractUsingAbstractMethods2.ts	run		E
classAbstractWithInterface.ts	run		E
classAccessorInitializationInferenceWithElementAccess1.ts	run		C
classAndInterfaceMerge.d.ts	run		C
classAndInterfaceMergeConflictingMembers.ts	run		E
classAndInterfaceWithSameName.ts	run		E
classAndVariableWithSameName.ts	run		E
classAppearsToHaveMembersOfObject.ts	run		E
classAttributeInferenceTemplate.ts	run		C
classAttributeInferenceTemplateJS.ts	run		C
classBlockScoping.ts	run		C
classBodyWithStatements.ts	run		E
classCanExtendConstructorFunction.ts	run		E
classCannotExtendVar.ts	run		E
classConstructorAccessibility.ts	run		E
classConstructorAccessibility2.ts	run		E
classConstructorAccessibility3.ts	run		E
classConstructorAccessibility4.ts	run		C
classConstructorAccessibility5.ts	run		E
classConstructorOverloadsAccessibility.ts	run		E
classConstructorParametersAccessibility.ts	run		E
classConstructorParametersAccessibility2.ts	run		E
classConstructorParametersAccessibility3.ts	run		E
classDeclarationBlockScoping1.ts	run		C
classDeclarationBlockScoping2.ts	run		C
classDeclarationCheckUsedBeforeDefinitionInFunctionDeclaration.ts	run		C
classDeclarationCheckUsedBeforeDefinitionInItself.ts	run		C
classDeclarationLoop.ts	run		C
classDeclarationMergedInModuleWithContinuation.ts	run		C
classDeclarationShouldBeOutOfScopeInComputedNames.ts	run		E
classDeclaredBeforeClassFactory.ts	run		C
classDoesNotDependOnBaseTypes.ts	run		E
classDoesNotDependOnPrivateMember.ts	run		E
classExpression.ts	run		C
classExpression1.ts	run		C
classExpression2.ts	run		C
classExpression3.ts	run		C
classExpression4.ts	run		C
classExpression5.ts	run		C
classExpressionAssignment.ts	run		E
classExpressionES61.ts	run		C
classExpressionES62.ts	run		C
classExpressionES63.ts	run		C
classExpressionExtendingAbstractClass.ts	run		E
classExpressionInClassStaticDeclarations.ts	run		C
classExpressionLoop.ts	run		C
classExpressionNames.ts	run		C
classExpressionPropertyModifiers.ts	run		E
classExpressionTest1.ts	run		E
classExpressionTest2.ts	run		E
classExpressionWithDecorator1.ts	run		E
classExpressionWithResolutionOfNamespaceOfSameName01.ts	run		E
classExpressionWithStaticProperties1.ts	run		C
classExpressionWithStaticProperties2(target=es2015).ts	run		C
classExpressionWithStaticProperties2(target=es5).ts	skipped	unsupported target ES5	
classExpressionWithStaticProperties3(target=es2015).ts	run		C
classExpressionWithStaticProperties3(target=es5).ts	skipped	unsupported target ES5	
classExpressionWithStaticPropertiesES61.ts	run		C
classExpressionWithStaticPropertiesES62.ts	run		C
classExpressionWithStaticPropertiesES63.ts	run		C
classExpressionWithStaticPropertiesES64.ts	run		C
classExpressions.ts	run		E
classExtendingAbstractClassWithMemberCalledTheSameAsItsOwnTypeParam.ts	run		C
classExtendingAny.ts	run		E
classExtendingBuiltinType.ts	run		C
classExtendingClass.ts	run		E
classExtendingClassLikeType.ts	run		E
classExtendingNonConstructor.ts	run		E
classExtendingNull.ts	run		C
classExtendingOptionalChain.ts	run		E
classExtendingPrimitive.ts	run		E
classExtendingPrimitive2.ts	run		E
classExtendingQualifiedName.ts	run		E
classExtendingQualifiedName2.ts	run		C
classExtendsAcrossFiles(target=es2015).ts	run		C
classExtendsAcrossFiles(target=es5).ts	skipped	unsupported target ES5	
classExtendsClauseClassMergedWithModuleNotReferingConstructor.ts	run		E
classExtendsClauseClassNotReferringConstructor.ts	run		E
classExtendsEveryObjectType.ts	run		E
classExtendsEveryObjectType2.ts	run		E
classExtendsInterface.ts	run		E
classExtendsInterfaceInExpression.ts	run		E
classExtendsInterfaceInModule.ts	run		E
classExtendsInterfaceThatExtendsClassWithPrivates1.ts	run		E
classExtendsInterface_not.ts	run		E
classExtendsItself.ts	run		E
classExtendsItselfIndirectly.ts	run		E
classExtendsItselfIndirectly2.ts	run		E
classExtendsItselfIndirectly3.ts	run		E
classExtendsMultipleBaseClasses.ts	run		E
classExtendsNull.ts	run		E
classExtendsNull2.ts	run		E
classExtendsNull3.ts	run		E
classExtendsShadowedConstructorFunction.ts	run		E
classExtendsValidConstructorFunction.ts	run		E
classExtensionNameOutput.ts	run		C
classFieldSuperAccessible.ts	run		C
classFieldSuperAccessibleJs1.ts	run		E
classFieldSuperAccessibleJs2.ts	run		C
classFieldSuperNotAccessible.ts	run		E
classFieldSuperNotAccessibleJs.ts	run		E
classFieldsBrokenConstructorEmitNoCrash1.ts	run		E
classFunctionMerging.ts	run		C
classFunctionMerging2.ts	run		C
classHeritageWithTrailingSeparator.ts	run		E
classImplementingInterfaceIndexer.ts	run		C
classImplementsClass1.ts	run		C
classImplementsClass2.ts	run		E
classImplementsClass3.ts	run		E
classImplementsClass4.ts	run		E
classImplementsClass5.ts	run		E
classImplementsClass6.ts	run		E
classImplementsClass7.ts	run		E
classImplementsImportedInterface.ts	run		C
classImplementsMergedClassInterface.ts	run		E
classImplementsMethodWIthTupleArgs.ts	run		C
classImplementsPrimitive.ts	run		E
classInConvertedLoopES5(target=es2015).ts	run		C
classInConvertedLoopES5(target=es5).ts	skipped	unsupported target ES5	
classIndexer.ts	run		C
classIndexer2.ts	run		E
classIndexer3.ts	run		E
classIndexer4.ts	run		E
classIndexer5.ts	run		E
classInheritence.ts	run		E
classInsideBlock.ts	run		C
classIsSubtypeOfBaseType.ts	run		E
classMemberInitializerScoping.ts	run		E
classMemberInitializerScoping2(target=es2017,usedefineforclassfields=false).ts	run		E
classMemberInitializerScoping2(target=es2017,usedefineforclassfields=true).ts	run		E
classMemberInitializerScoping2(target=esnext,usedefineforclassfields=false).ts	run		E
classMemberInitializerScoping2(target=esnext,usedefineforclassfields=true).ts	run		C
classMemberInitializerWithLamdaScoping.ts	run		E
classMemberInitializerWithLamdaScoping2.ts	run		E
classMemberInitializerWithLamdaScoping3.ts	run		E
classMemberInitializerWithLamdaScoping4.ts	run		E
classMemberInitializerWithLamdaScoping5.ts	run		C
classMemberWithMissingIdentifier.ts	run		E
classMemberWithMissingIdentifier2.ts	run		E
classMergedWithInterfaceMultipleBasesNoError.ts	run		E
classMethodWithKeywordName1.ts	run		C
classNameReferencesInStaticElements.ts	run		C
classNonUniqueSymbolMethodHasSymbolIndexer.ts	run		C
classOrder1.ts	run		C
classOrder2.ts	run		E
classOrderBug.ts	run		C
classOverloadForFunction.ts	run		E
classOverloadForFunction2.ts	run		E
classPropInitializationInferenceWithElementAccess.ts	run		C
classPropertyAsPrivate.ts	run		E
classPropertyAsProtected.ts	run		E
classPropertyErrorOnNameOnly.ts	run		E
classPropertyInferenceFromBroaderTypeConst.ts	run		C
classPropertyIsPublicByDefault.ts	run		C
classReferencedInContextualParameterWithinItsOwnBaseExpression.ts	run		C
classSideInheritance1.ts	run		E
classSideInheritance2.ts	run		E
classSideInheritance3.ts	run		E
classStaticBlock1(target=es2015).ts	run		C
classStaticBlock1(target=es2022).ts	run		C
classStaticBlock1(target=es5).ts	skipped	unsupported target ES5	
classStaticBlock1(target=esnext).ts	run		C
classStaticBlock10(target=es2015).ts	run		C
classStaticBlock10(target=es2022).ts	run		C
classStaticBlock10(target=es5).ts	skipped	unsupported target ES5	
classStaticBlock10(target=esnext).ts	run		C
classStaticBlock11(target=es2015).ts	run		C
classStaticBlock11(target=es2022).ts	run		C
classStaticBlock11(target=esnext).ts	run		C
classStaticBlock12.ts	run		C
classStaticBlock13(target=es2015).ts	run		C
classStaticBlock13(target=es2022).ts	run		C
classStaticBlock13(target=esnext).ts	run		C
classStaticBlock14.ts	run		C
classStaticBlock15(target=es2015).ts	run		C
classStaticBlock15(target=es2022).ts	run		C
classStaticBlock15(target=esnext).ts	run		C
classStaticBlock16.ts	run		E
classStaticBlock17.ts	run		C
classStaticBlock18(target=es2015).ts	run		C
classStaticBlock18(target=es2022).ts	run		C
classStaticBlock18(target=es5).ts	skipped	unsupported target ES5	
classStaticBlock18(target=esnext).ts	run		C
classStaticBlock19.ts	run		E
classStaticBlock2(target=es2015).ts	run		C
classStaticBlock2(target=es2022).ts	run		C
classStaticBlock2(target=es5).ts	skipped	unsupported target ES5	
classStaticBlock2(target=esnext).ts	run		C
classStaticBlock20.ts	run		E
classStaticBlock21.ts	run		C
classStaticBlock22(target=es2022).ts	run		E
classStaticBlock22(target=esnext).ts	run		E
classStaticBlock23(target=es2022).ts	run		E
classStaticBlock23(target=esnext).ts	run		E
classStaticBlock24(module=amd).ts	skipped	unsupported module kind AMD	
classStaticBlock24(module=commonjs).ts	run		C
classStaticBlock24(module=es2015).ts	run		C
classStaticBlock24(module=es2020).ts	run		C
classStaticBlock24(module=es2022).ts	run		C
classStaticBlock24(module=esnext).ts	run		C
classStaticBlock24(module=system).ts	skipped	unsupported module kind System	
classStaticBlock24(module=umd).ts	skipped	unsupported module kind UMD	
classStaticBlock25(target=es2022).ts	run		C
classStaticBlock25(target=esnext).ts	run		C
classStaticBlock26(target=es2022).ts	run		E
classStaticBlock26(target=esnext).ts	run		E
classStaticBlock27.ts	run		C
classStaticBlock28.ts	run		C
classStaticBlock3(target=es2022).ts	run		E
classStaticBlock3(target=esnext).ts	run		E
classStaticBlock4(target=es2022).ts	run		E
classStaticBlock4(target=esnext).ts	run		E
classStaticBlock5(target=es2015).ts	run		C
classStaticBlock5(target=es2022).ts	run		C
classStaticBlock5(target=es5).ts	skipped	unsupported target ES5	
classStaticBlock5(target=esnext).ts	run		C
classStaticBlock6(target=es2015).ts	run		E
classStaticBlock6(target=es5).ts	skipped	unsupported target ES5	
classStaticBlock7.ts	run		E
classStaticBlock8.ts	run		E
classStaticBlock9(target=es2015).ts	run		E
classStaticBlock9(target=es2022).ts	run		E
classStaticBlock9(target=es5).ts	skipped	unsupported target ES5	
classStaticBlock9(target=esnext).ts	run		E
classStaticBlockUseBeforeDef1(target=es2022).ts	run		C
classStaticBlockUseBeforeDef1(target=esnext).ts	run		C
classStaticBlockUseBeforeDef2(target=es2022).ts	run		E
classStaticBlockUseBeforeDef2(target=esnext).ts	run		E
classStaticBlockUseBeforeDef3.ts	run		E
classStaticBlockUseBeforeDef4.ts	run		C
classStaticBlockUseBeforeDef5.ts	run		E
classStaticInitializersUsePropertiesBeforeDeclaration.ts	run		E
classStaticPropertyAccess(target=es2015).ts	run		E
classStaticPropertyAccess(target=es5).ts	skipped	unsupported target ES5	
classStaticPropertyTypeGuard(target=es2015).ts	run		C
classStaticPropertyTypeGuard(target=es5).ts	skipped	unsupported target ES5	
classTypeParametersInStatics.ts	run		E
classUpdateTests.ts	run		E
classUsedBeforeInitializedVariables(target=es2015).ts	run		E
classUsedBeforeInitializedVariables(target=es5).ts	skipped	unsupported target ES5	
classVarianceCircularity.ts	run		C
classVarianceResolveCircularity1.ts	run		C
classVarianceResolveCircularity2.ts	run		E
classWithBaseClassButNoConstructor.ts	run		E
classWithConstructors.ts	run		E
classWithDuplicateIdentifier.ts	run		E
classWithEmptyBody.ts	run		E
classWithEmptyTypeParameter.ts	run		E
classWithMultipleBaseClasses.ts	run		E
classWithNoConstructorOrBaseClass.ts	run		E
classWithOnlyPublicMembersEquivalentToInterface(target=es2015).ts	run		E
classWithOnlyPublicMembersEquivalentToInterface(target=es5).ts	skipped	unsupported target ES5	
classWithOnlyPublicMembersEquivalentToInterface2(target=es2015).ts	run		E
classWithOnlyPublicMembersEquivalentToInterface2(target=es5).ts	skipped	unsupported target ES5	
classWithOptionalParameter.ts	run		C
classWithOverloadImplementationOfWrongName.ts	run		E
classWithOverloadImplementationOfWrongName2.ts	run		E
classWithPredefinedTypesAsNames.ts	run		E
classWithPredefinedTypesAsNames2.ts	run		E
classWithPrivateProperty.ts	run		E
classWithProtectedProperty.ts	run		C
classWithPublicProperty.ts	run		C
classWithSemicolonClassElement1.ts	run		C
classWithSemicolonClassElement2.ts	run		C
classWithSemicolonClassElementES61.ts	run		C
classWithSemicolonClassElementES62.ts	run		C
classWithStaticFieldInParameterBindingPattern(target=es2015).ts	run		C
classWithStaticFieldInParameterBindingPattern(target=es5).ts	skipped	unsupported target ES5	
classWithStaticFieldInParameterBindingPattern(target=esnext).ts	run		C
classWithStaticFieldInParameterBindingPattern.2(target=es2015).ts	run		E
classWithStaticFieldInParameterBindingPattern.2(target=es5).ts	skipped	unsupported target ES5	
classWithStaticFieldInParameterBindingPattern.2(target=esnext).ts	run		E
classWithStaticFieldInParameterBindingPattern.3.ts	run		C
classWithStaticFieldInParameterInitializer(target=es2015).ts	run		C
classWithStaticFieldInParameterInitializer(target=es5).ts	skipped	unsupported target ES5	
classWithStaticFieldInParameterInitializer(target=esnext).ts	run		C
classWithStaticFieldInParameterInitializer.2(target=es2015).ts	run		E
classWithStaticFieldInParameterInitializer.2(target=es5).ts	skipped	unsupported target ES5	
classWithStaticFieldInParameterInitializer.2(target=esnext).ts	run		E
classWithStaticFieldInParameterInitializer.3.ts	run		C
classWithStaticMembers.ts	run		E
classWithTwoConstructorDefinitions.ts	run		E
classWithoutExplicitConstructor.ts	run		E
classdecl(target=es2015).ts	run		C
classdecl(target=es5).ts	skipped	unsupported target ES5	
clinterfaces.ts	run		E
cloduleAcrossModuleDefinitions.ts	run		C
cloduleAndTypeParameters.ts	run		C
cloduleGenericOnSelfMember.ts	run		E
cloduleSplitAcrossFiles.ts	run		E
cloduleStaticMembers.ts	run		E
cloduleTest1.ts	run		C
cloduleTest2.ts	run		E
cloduleWithDuplicateMember1.ts	run		E
cloduleWithDuplicateMember2.ts	run		E
cloduleWithPriorInstantiatedModule.ts	run		E
cloduleWithPriorUninstantiatedModule.ts	run		C
cloduleWithRecursiveReference.ts	run		C
clodulesDerivedClasses.ts	run		E
coAndContraVariantInferences.ts	run		C
coAndContraVariantInferences2.ts	run		C
coAndContraVariantInferences3.ts	run		C
coAndContraVariantInferences4.ts	run		C
coAndContraVariantInferences5.ts	run		E
coAndContraVariantInferences6.ts	run		E
coAndContraVariantInferences7.ts	run		C
coAndContraVariantInferences8.ts	run		C
collectionPatternNoError.ts	run		C
collisionArgumentsArrowFunctions(alwaysstrict=false,target=es2015).ts	skipped	alwaysStrict=false is unsupported	
collisionArgumentsArrowFunctions(alwaysstrict=false,target=es5).ts	skipped	unsupported target ES5	
collisionArgumentsArrowFunctions(alwaysstrict=true,target=es2015).ts	run		E
collisionArgumentsArrowFunctions(alwaysstrict=true,target=es5).ts	skipped	unsupported target ES5	
collisionArgumentsClassConstructor(target=es2015).ts	run		E
collisionArgumentsClassConstructor(target=es5).ts	skipped	unsupported target ES5	
collisionArgumentsClassMethod(target=es2015).ts	run		E
collisionArgumentsClassMethod(target=es5).ts	skipped	unsupported target ES5	
collisionArgumentsFunction(alwaysstrict=false,target=es2015).ts	skipped	alwaysStrict=false is unsupported	
collisionArgumentsFunction(alwaysstrict=false,target=es5).ts	skipped	unsupported target ES5	
collisionArgumentsFunction(alwaysstrict=true,target=es2015).ts	run		E
collisionArgumentsFunction(alwaysstrict=true,target=es5).ts	skipped	unsupported target ES5	
collisionArgumentsFunctionExpressions(alwaysstrict=false,target=es2015).ts	skipped	alwaysStrict=false is unsupported	
collisionArgumentsFunctionExpressions(alwaysstrict=false,target=es5).ts	skipped	unsupported target ES5	
collisionArgumentsFunctionExpressions(alwaysstrict=true,target=es2015).ts	run		E
collisionArgumentsFunctionExpressions(alwaysstrict=true,target=es5).ts	skipped	unsupported target ES5	
collisionArgumentsInType(alwaysstrict=false).ts	skipped	alwaysStrict=false is unsupported	
collisionArgumentsInType(alwaysstrict=true).ts	run		E
collisionArgumentsInterfaceMembers(alwaysstrict=false).ts	skipped	alwaysStrict=false is unsupported	
collisionArgumentsInterfaceMembers(alwaysstrict=true).ts	run		E
collisionCodeGenEnumWithEnumMemberConflict.ts	run		C
collisionCodeGenModuleWithAccessorChildren.ts	run		C
collisionCodeGenModuleWithConstructorChildren.ts	run		C
collisionCodeGenModuleWithEnumMemberConflict.ts	run		C
collisionCodeGenModuleWithFunctionChildren.ts	run		C
collisionCodeGenModuleWithMemberClassConflict.ts	run		C
collisionCodeGenModuleWithMemberInterfaceConflict.ts	run		C
collisionCodeGenModuleWithMemberVariable.ts	run		C
collisionCodeGenModuleWithMethodChildren.ts	run		C
collisionCodeGenModuleWithModuleChildren.ts	run		C
collisionCodeGenModuleWithModuleReopening.ts	run		C
collisionCodeGenModuleWithPrivateMember.ts	run		C
collisionCodeGenModuleWithUnicodeNames.ts	run		C
collisionExportsRequireAndAlias.ts	run		E
collisionExportsRequireAndAmbientClass.ts	run		C
collisionExportsRequireAndAmbientEnum.ts	run		C
collisionExportsRequireAndAmbientFunction.ts	run		C
collisionExportsRequireAndAmbientFunctionInGlobalFile.ts	run		C
collisionExportsRequireAndAmbientModule.ts	run		E
collisionExportsRequireAndAmbientVar.ts	run		C
collisionExportsRequireAndClass.ts	skipped	unsupported module kind AMD	
collisionExportsRequireAndEnum.ts	skipped	unsupported module kind AMD	
collisionExportsRequireAndFunction.ts	skipped	unsupported module kind AMD	
collisionExportsRequireAndFunctionInGlobalFile.ts	run		C
collisionExportsRequireAndInternalModuleAlias.ts	skipped	unsupported module kind AMD	
collisionExportsRequireAndInternalModuleAliasInGlobalFile.ts	run		C
collisionExportsRequireAndModule.ts	skipped	unsupported module kind AMD	
collisionExportsRequireAndUninstantiatedModule.ts	skipped	unsupported module kind AMD	
collisionExportsRequireAndVar.ts	skipped	unsupported module kind AMD	
collisionRestParameterArrowFunctions.ts	run		C
collisionRestParameterClassConstructor.ts	run		C
collisionRestParameterClassMethod.ts	run		C
collisionRestParameterFunction.ts	run		C
collisionRestParameterFunctionExpressions.ts	run		C
collisionRestParameterInType.ts	run		C
collisionRestParameterInterfaceMembers.ts	run		C
collisionRestParameterUnderscoreIUsage.ts	run		C
collisionSuperAndLocalFunctionInAccessors(target=es2015).ts	run		C
collisionSuperAndLocalFunctionInAccessors(target=es5).ts	skipped	unsupported target ES5	
collisionSuperAndLocalFunctionInConstructor.ts	run		C
collisionSuperAndLocalFunctionInMethod.ts	run		C
collisionSuperAndLocalFunctionInProperty.ts	run		C
collisionSuperAndLocalVarInAccessors(target=es2015).ts	run		C
collisionSuperAndLocalVarInAccessors(target=es5).ts	skipped	unsupported target ES5	
collisionSuperAndLocalVarInConstructor.ts	run		C
collisionSuperAndLocalVarInMethod.ts	run		C
collisionSuperAndLocalVarInProperty.ts	run		C
collisionSuperAndNameResolution.ts	run		C
collisionSuperAndParameter(target=es2015).ts	run		C
collisionSuperAndParameter(target=es5).ts	skipped	unsupported target ES5	
collisionSuperAndParameter1.ts	run		C
collisionSuperAndPropertyNameAsConstuctorParameter.ts	run		C
collisionThisExpressionAndAliasInGlobal.ts	run		C
collisionThisExpressionAndAmbientClassInGlobal.ts	run		C
collisionThisExpressionAndAmbientVarInGlobal.ts	run		C
collisionThisExpressionAndClassInGlobal.ts	run		C
collisionThisExpressionAndEnumInGlobal.ts	run		C
collisionThisExpressionAndFunctionInGlobal.ts	run		C
collisionThisExpressionAndLocalVarInAccessors(target=es2015).ts	run		C
collisionThisExpressionAndLocalVarInAccessors(target=es5).ts	skipped	unsupported target ES5	
collisionThisExpressionAndLocalVarInConstructor.ts	run		C
collisionThisExpressionAndLocalVarInFunction.ts	run		C
collisionThisExpressionAndLocalVarInLambda.ts	run		C
collisionThisExpressionAndLocalVarInMethod.ts	run		C
collisionThisExpressionAndLocalVarInProperty.ts	run		C
collisionThisExpressionAndLocalVarWithSuperExperssion.ts	run		C
collisionThisExpressionAndModuleInGlobal.ts	run		C
collisionThisExpressionAndNameResolution.ts	run		C
collisionThisExpressionAndParameter.ts	run		C
collisionThisExpressionAndPropertyNameAsConstuctorParameter.ts	run		C
collisionThisExpressionAndVarInGlobal.ts	run		C
commaOperator1.ts	run		E
commaOperatorInConditionalExpression.ts	run		C
commaOperatorInvalidAssignmentType.ts	run		E
commaOperatorLeftSideUnused.ts	run		E
commaOperatorOtherInvalidOperation.ts	run		E
commaOperatorOtherValidOperation.ts	run		E
commaOperatorWithSecondOperandAnyType.ts	run		C
commaOperatorWithSecondOperandBooleanType.ts	run		E
commaOperatorWithSecondOperandNumberType.ts	run		E
commaOperatorWithSecondOperandObjectType.ts	run		E
commaOperatorWithSecondOperandStringType.ts	run		E
commaOperatorWithoutOperand.ts	run		E
commaOperatorsMultipleOperators.ts	run		E
commentBeforeStaticMethod1.ts	run		C
commentEmitAtEndOfFile1.ts	run		C
commentEmitOnParenthesizedAssertionInReturnStatement.ts	run		C
commentEmitOnParenthesizedAssertionInReturnStatement2.ts	run		C
commentEmitWithCommentOnLastLine.ts	run		C
commentEmittingInPreserveJsx1.tsx	run		C
commentInEmptyParameterList1.ts	run		C
commentInMethodCall.ts	run		E
commentInNamespaceDeclarationWithIdentifierPathName.ts	run		C
commentLeadingCloseBrace.ts	run		C
commentOnAmbientClass1.ts	run		C
commentOnAmbientEnum.ts	run		C
commentOnAmbientModule.ts	run		C
commentOnAmbientVariable1.ts	run		C
commentOnAmbientVariable2.ts	run		C
commentOnAmbientfunction.ts	run		C
commentOnArrayElement1.ts	run		C
commentOnArrayElement10.ts	run		C
commentOnArrayElement11.ts	run		C
commentOnArrayElement12.ts	run		C
commentOnArrayElement13.ts	run		C
commentOnArrayElement14.ts	run		C
commentOnArrayElement15.ts	run		C
commentOnArrayElement16.ts	run		C
commentOnArrayElement2.ts	run		C
commentOnArrayElement3.ts	run		C
commentOnArrayElement4.ts	run		C
commentOnArrayElement5.ts	run		C
commentOnArrayElement6.ts	run		C
commentOnArrayElement7.ts	run		C
commentOnArrayElement8.ts	run		C
commentOnArrayElement9.ts	run		C
commentOnBinaryOperator1.ts	run		C
commentOnBinaryOperator2.ts	run		C
commentOnBlock1.ts	run		C
commentOnClassAccessor1.ts	run		C
commentOnClassAccessor2.ts	run		C
commentOnClassMethod1.ts	run		C
commentOnDecoratedClassDeclaration.ts	run		C
commentOnElidedModule1.ts	run		C
commentOnExportEnumDeclaration.ts	run		C
commentOnExpressionStatement1.ts	run		C
commentOnIfStatement1.ts	run		C
commentOnImportStatement1.ts	run		E
commentOnImportStatement2.ts	run		E
commentOnImportStatement3.ts	run		E
commentOnInterface1.ts	run		C
commentOnParameter1.ts	run		C
commentOnParameter2.ts	run		C
commentOnParameter3.ts	run		C
commentOnParenthesizedExpressionOpenParen1.ts	run		E
commentOnSignature1.ts	run		C
commentOnSimpleArrowFunctionBody1.ts	run		C
commentOnStaticMember1.ts	run		C
commentWithUnreasonableIndentationLevel01.ts	run		C
commentsAfterCaseClauses1.ts	run		C
commentsAfterCaseClauses2.ts	run		C
commentsAfterCaseClauses3.ts	run		C
commentsAfterFunctionExpression1.ts	run		C
commentsAfterSpread.ts	run		C
commentsArgumentsOfCallExpression1.ts	run		C
commentsArgumentsOfCallExpression2.ts	run		C
commentsAtEndOfFile1.ts	run		C
commentsBeforeFunctionExpression1.ts	run		C
commentsBeforeVariableStatement1.ts	skipped	unsupported module kind AMD	
commentsClass(target=es2015).ts	run		C
commentsClass(target=es5).ts	skipped	unsupported target ES5	
commentsClassMembers(target=es2015).ts	run		E
commentsClassMembers(target=es5).ts	skipped	unsupported target ES5	
commentsCommentParsing(target=es2015).ts	run		C
commentsCommentParsing(target=es5).ts	skipped	unsupported target ES5	
commentsDottedModuleName(target=es2015).ts	skipped	unsupported module kind AMD	
commentsDottedModuleName(target=es5).ts	skipped	unsupported module kind AMD	
commentsEnums(target=es2015).ts	run		C
commentsEnums(target=es5).ts	skipped	unsupported target ES5	
commentsExternalModules(target=es2015).ts	skipped	unsupported module kind AMD	
commentsExternalModules(target=es5).ts	skipped	unsupported module kind AMD	
commentsExternalModules2(target=es2015).ts	skipped	unsupported module kind AMD	
commentsExternalModules2(target=es5).ts	skipped	unsupported module kind AMD	
commentsExternalModules3(target=es2015).ts	run		C
commentsExternalModules3(target=es5).ts	skipped	unsupported target ES5	
commentsFormatting(target=es2015).ts	run		C
commentsFormatting(target=es5).ts	skipped	unsupported target ES5	
commentsFunction(target=es2015).ts	run		C
commentsFunction(target=es5).ts	skipped	unsupported target ES5	
commentsInheritance(target=es2015).ts	run		E
commentsInheritance(target=es5).ts	skipped	unsupported target ES5	
commentsInterface(target=es2015).ts	run		C
commentsInterface(target=es5).ts	skipped	unsupported target ES5	
commentsModules(target=es2015).ts	run		C
commentsModules(target=es5).ts	skipped	unsupported target ES5	
commentsMultiModuleMultiFile(target=es2015).ts	skipped	unsupported module kind AMD	
commentsMultiModuleMultiFile(target=es5).ts	skipped	unsupported module kind AMD	
commentsMultiModuleSingleFile(target=es2015).ts	run		C
commentsMultiModuleSingleFile(target=es5).ts	skipped	unsupported target ES5	
commentsOnJSXExpressionsArePreserved(jsx=preserve,module=commonjs,moduledetection=auto).tsx	run		E
commentsOnJSXExpressionsArePreserved(jsx=preserve,module=commonjs,moduledetection=force).tsx	run		E
commentsOnJSXExpressionsArePreserved(jsx=preserve,module=commonjs,moduledetection=legacy).tsx	run		E
commentsOnJSXExpressionsArePreserved(jsx=preserve,module=system,moduledetection=auto).tsx	skipped	unsupported module kind System	
commentsOnJSXExpressionsArePreserved(jsx=preserve,module=system,moduledetection=force).tsx	skipped	unsupported module kind System	
commentsOnJSXExpressionsArePreserved(jsx=preserve,module=system,moduledetection=legacy).tsx	skipped	unsupported module kind System	
commentsOnJSXExpressionsArePreserved(jsx=react,module=commonjs,moduledetection=auto).tsx	run		E
commentsOnJSXExpressionsArePreserved(jsx=react,module=commonjs,moduledetection=force).tsx	run		E
commentsOnJSXExpressionsArePreserved(jsx=react,module=commonjs,moduledetection=legacy).tsx	run		E
commentsOnJSXExpressionsArePreserved(jsx=react,module=system,moduledetection=auto).tsx	skipped	unsupported module kind System	
commentsOnJSXExpressionsArePreserved(jsx=react,module=system,moduledetection=force).tsx	skipped	unsupported module kind System	
commentsOnJSXExpressionsArePreserved(jsx=react,module=system,moduledetection=legacy).tsx	skipped	unsupported module kind System	
commentsOnJSXExpressionsArePreserved(jsx=react-jsx,module=commonjs,moduledetection=auto).tsx	run		E
commentsOnJSXExpressionsArePreserved(jsx=react-jsx,module=commonjs,moduledetection=force).tsx	run		E
commentsOnJSXExpressionsArePreserved(jsx=react-jsx,module=commonjs,moduledetection=legacy).tsx	run		E
commentsOnJSXExpressionsArePreserved(jsx=react-jsx,module=system,moduledetection=auto).tsx	skipped	unsupported module kind System	
commentsOnJSXExpressionsArePreserved(jsx=react-jsx,module=system,moduledetection=force).tsx	skipped	unsupported module kind System	
commentsOnJSXExpressionsArePreserved(jsx=react-jsx,module=system,moduledetection=legacy).tsx	skipped	unsupported module kind System	
commentsOnJSXExpressionsArePreserved(jsx=react-jsxdev,module=commonjs,moduledetection=auto).tsx	run		E
commentsOnJSXExpressionsArePreserved(jsx=react-jsxdev,module=commonjs,moduledetection=force).tsx	run		E
commentsOnJSXExpressionsArePreserved(jsx=react-jsxdev,module=commonjs,moduledetection=legacy).tsx	run		E
commentsOnJSXExpressionsArePreserved(jsx=react-jsxdev,module=system,moduledetection=auto).tsx	skipped	unsupported module kind System	
commentsOnJSXExpressionsArePreserved(jsx=react-jsxdev,module=system,moduledetection=force).tsx	skipped	unsupported module kind System	
commentsOnJSXExpressionsArePreserved(jsx=react-jsxdev,module=system,moduledetection=legacy).tsx	skipped	unsupported module kind System	
commentsOnObjectLiteral1.ts	run		E
commentsOnObjectLiteral2.ts	run		E
commentsOnObjectLiteral3(target=es2015).ts	run		C
commentsOnObjectLiteral3(target=es5).ts	skipped	unsupported target ES5	
commentsOnObjectLiteral4(target=es2015).ts	run		C
commentsOnObjectLiteral4(target=es5).ts	skipped	unsupported target ES5	
commentsOnObjectLiteral5(target=es2015).ts	run		C
commentsOnObjectLiteral5(target=es5).ts	skipped	unsupported target ES5	
commentsOnPropertyOfObjectLiteral1.ts	run		C
commentsOnRequireStatement(target=es2015).ts	run		C
commentsOnRequireStatement(target=es5).ts	skipped	unsupported target ES5	
commentsOnReturnStatement1.ts	run		C
commentsOnStaticMembers.ts	run		C
commentsOverloads(target=es2015).ts	run		C
commentsOverloads(target=es5).ts	skipped	unsupported target ES5	
commentsPropertySignature1.ts	run		C
commentsTypeParameters.ts	run		C
commentsVarDecl(target=es2015).ts	run		E
commentsVarDecl(target=es5).ts	skipped	unsupported target ES5	
commentsVariableStatement1.ts	run		C
commentsdoNotEmitComments(target=es2015).ts	run		C
commentsdoNotEmitComments(target=es5).ts	skipped	unsupported target ES5	
commentsemitComments(target=es2015).ts	run		C
commentsemitComments(target=es5).ts	skipped	unsupported target ES5	
commonJSAliasedExport.ts	run		E
commonJSImportAsPrimaryExpression.ts	run		C
commonJSImportClassTypeReference.ts	run		C
commonJSImportExportedClassExpression.ts	run		C
commonJSImportNestedClassTypeReference.ts	run		E
commonJSImportNotAsPrimaryExpression.ts	run		C
commonJSReexport.ts	run		C
commonJsExportTypeDeclarationError(target=es2015).ts	run		E
commonJsExportTypeDeclarationError(target=es5).ts	skipped	unsupported target ES5	
commonJsImportBindingElementNarrowType.ts	run		C
commonJsImportClassExpression.ts	run		C
commonJsIsolatedModules.ts	run		C
commonJsUnusedLocals.ts	run		E
commonMissingSemicolons.ts	run		E
commonSourceDir1.ts	run		C
commonSourceDir2.ts	run		E
commonSourceDir3.ts	run		C
commonSourceDir4.ts	run		E
commonSourceDir5.ts	skipped	unsupported outFile /.src/concat.js	
commonSourceDir6.ts	skipped	unsupported module kind AMD	
commonSourceDirectory.ts	run		C
commonSourceDirectory_dts.ts	run		E
commonTypeIntersection.ts	run		E
commonjsAccessExports.ts	run		E
commonjsSafeImport(target=es2015).ts	run		C
commonjsSafeImport(target=es5).ts	skipped	unsupported target ES5	
comparabilityTypeParametersRelatedByUnion.ts	run		C
comparableRelationBidirectional.ts	run		C
compareTypeParameterConstrainedByLiteralToLiteral.ts	run		E
comparisonOfPartialDeepAndIndexedAccessTerminatesWithoutError.ts	run		C
comparisonOperatorWithIdenticalObjects.ts	run		E
comparisonOperatorWithIdenticalPrimitiveType.ts	run		E
comparisonOperatorWithIdenticalTypeParameter.ts	run		C
comparisonOperatorWithIntersectionType.ts	run		E
comparisonOperatorWithNoRelationshipObjectsOnCallSignature.ts	run		E
comparisonOperatorWithNoRelationshipObjectsOnConstructorSignature.ts	run		E
comparisonOperatorWithNoRelationshipObjectsOnIndexSignature.ts	run		E
comparisonOperatorWithNoRelationshipObjectsOnInstantiatedCallSignature.ts	run		E
comparisonOperatorWithNoRelationshipObjectsOnInstantiatedConstructorSignature.ts	run		E
comparisonOperatorWithNoRelationshipObjectsOnOptionalProperty.ts	run		C
comparisonOperatorWithNoRelationshipObjectsOnProperty.ts	run		E
comparisonOperatorWithNoRelationshipPrimitiveType.ts	run		E
comparisonOperatorWithNoRelationshipTypeParameter.ts	run		E
comparisonOperatorWithNumberOperand.ts	run		E
comparisonOperatorWithNumericLiteral.ts	run		E
comparisonOperatorWithOneOperandIsAny.ts	run		E
comparisonOperatorWithOneOperandIsNull.ts	run		E
comparisonOperatorWithOneOperandIsUndefined.ts	run		E
comparisonOperatorWithSubtypeEnumAndNumber.ts	run		E
comparisonOperatorWithSubtypeObjectOnCallSignature.ts	run		E
comparisonOperatorWithSubtypeObjectOnConstructorSignature.ts	run		E
comparisonOperatorWithSubtypeObjectOnIndexSignature.ts	run		E
comparisonOperatorWithSubtypeObjectOnInstantiatedCallSignature.ts	run		E
comparisonOperatorWithSubtypeObjectOnInstantiatedConstructorSignature.ts	run		E
comparisonOperatorWithSubtypeObjectOnOptionalProperty.ts	run		E
comparisonOperatorWithSubtypeObjectOnProperty.ts	run		C
comparisonOperatorWithTwoOperandsAreAny.ts	run		C
comparisonOperatorWithTypeParameter.ts	run		E
compilerOptionsDeclarationAndNoEmit.ts	run		C
compilerOptionsOutAndNoEmit.ts	skipped	unsupported outFile /.src/outDir	
compilerOptionsOutDirAndNoEmit.ts	run		C
compilerOptionsOutFileAndNoEmit.ts	skipped	unsupported outFile /.src/a.js	
complexClassRelationships(target=es2015).ts	run		E
complexClassRelationships(target=es5).ts	skipped	unsupported target ES5	
complexNarrowingWithAny.ts	run		C
complexRecursiveCollections.ts	run		E
complicatedGenericRecursiveBaseClassReference.ts	run		E
complicatedIndexedAccessKeyofReliesOnKeyofNeverUpperBound.ts	run		E
complicatedIndexesOfIntersectionsAreInferencable.ts	run		C
complicatedPrivacy(target=es2015).ts	run		E
complicatedPrivacy(target=es5).ts	skipped	unsupported target ES5	
compositeContextualSignature.ts	run		C
compositeGenericFunction.ts	run		E
compositeWithNodeModulesSourceFile.ts	run		C
compoundAdditionAssignmentLHSCanBeAssigned.ts	run		E
compoundAdditionAssignmentLHSCannotBeAssigned.ts	run		E
compoundAdditionAssignmentWithInvalidOperands.ts	run		E
compoundArithmeticAssignmentLHSCanBeAssigned.ts	run		E
compoundArithmeticAssignmentWithInvalidOperands.ts	run		E
compoundAssignmentLHSIsReference.ts	run		C
compoundAssignmentLHSIsValue.ts	run		E
compoundExponentiationAssignmentLHSCanBeAssigned1.ts	run		E
compoundExponentiationAssignmentLHSCannotBeAssigned.ts	run		E
compoundExponentiationAssignmentLHSIsReference.ts	run		E
compoundExponentiationAssignmentLHSIsValue.ts	run		E
compoundVarDecl1.ts	run		C
computedEnumMemberSyntacticallyString(isolatedmodules=false).ts	run		E
computedEnumMemberSyntacticallyString(isolatedmodules=true).ts	run		E
computedEnumMemberSyntacticallyString2(isolatedmodules=false).ts	run		E
computedEnumMemberSyntacticallyString2(isolatedmodules=true).ts	run		E
computedEnumTypeWidening.ts	run		C
computedPropertiesInDestructuring1.ts	run		E
computedPropertiesInDestructuring1_ES6.ts	run		E
computedPropertiesInDestructuring2.ts	run		E
computedPropertiesInDestructuring2_ES6.ts	run		E
computedPropertiesNarrowed.ts	run		E
computedPropertiesTransformedInOtherwiseNonTSClasses.ts	run		E
computedPropertiesWithSetterAssignment.ts	run		C
computedPropertyBindingElementDeclarationNoCrash1.ts	run		E
computedPropertyName.ts	run		E
computedPropertyNameAndTypeParameterConflict.ts	run		C
computedPropertyNameWithImportedKey.ts	run		C
computedPropertyNames10_ES5(target=es2015).ts	run		C
computedPropertyNames10_ES5(target=es5).ts	skipped	unsupported target ES5	
computedPropertyNames10_ES6.ts	run		C
computedPropertyNames11_ES5(target=es2015).ts	run		C
computedPropertyNames11_ES5(target=es5).ts	skipped	unsupported target ES5	
computedPropertyNames11_ES6.ts	run		C
computedPropertyNames12_ES5(target=es2015).ts	run		E
computedPropertyNames12_ES5(target=es5).ts	skipped	unsupported target ES5	
computedPropertyNames12_ES6.ts	run		E
computedPropertyNames13_ES5(target=es2015).ts	run		C
computedPropertyNames13_ES5(target=es5).ts	skipped	unsupported target ES5	
computedPropertyNames13_ES6.ts	run		C
computedPropertyNames14_ES5(target=es2015).ts	run		E
computedPropertyNames14_ES5(target=es5).ts	skipped	unsupported target ES5	
computedPropertyNames14_ES6.ts	run		E
computedPropertyNames15_ES5(target=es2015).ts	run		E
computedPropertyNames15_ES5(target=es5).ts	skipped	unsupported target ES5	
computedPropertyNames15_ES6.ts	run		E
computedPropertyNames16_ES5(target=es2015).ts	run		C
computedPropertyNames16_ES5(target=es5).ts	skipped	unsupported target ES5	
computedPropertyNames16_ES6.ts	run		C
computedPropertyNames17_ES5(target=es2015).ts	run		E
computedPropertyNames17_ES5(target=es5).ts	skipped	unsupported target ES5	
computedPropertyNames17_ES6.ts	run		E
computedPropertyNames18_ES5(target=es2015).ts	run		E
computedPropertyNames18_ES5(target=es5).ts	skipped	unsupported target ES5	
computedPropertyNames18_ES6.ts	run		E
computedPropertyNames19_ES5(target=es2015).ts	run		E
computedPropertyNames19_ES5(target=es5).ts	skipped	unsupported target ES5	
computedPropertyNames19_ES6.ts	run		E
computedPropertyNames1_ES5(target=es2015).ts	run		C
computedPropertyNames1_ES5(target=es5).ts	skipped	unsupported target ES5	
computedPropertyNames1_ES6.ts	run		C
computedPropertyNames20_ES5(target=es2015).ts	run		C
computedPropertyNames20_ES5(target=es5).ts	skipped	unsupported target ES5	
computedPropertyNames20_ES6.ts	run		C
computedPropertyNames21_ES5(target=es2015).ts	run		E
computedPropertyNames21_ES5(target=es5).ts	skipped	unsupported target ES5	
computedPropertyNames21_ES6.ts	run		E
computedPropertyNames22_ES5(target=es2015).ts	run		C
computedPropertyNames22_ES5(target=es5).ts	skipped	unsupported target ES5	
computedPropertyNames22_ES6.ts	run		C
computedPropertyNames23_ES5(target=es2015).ts	run		E
computedPropertyNames23_ES5(target=es5).ts	skipped	unsupported target ES5	
computedPropertyNames23_ES6.ts	run		E
computedPropertyNames24_ES5(target=es2015).ts	run		E
computedPropertyNames24_ES5(target=es5).ts	skipped	unsupported target ES5	
computedPropertyNames24_ES6.ts	run		E
computedPropertyNames25_ES5(target=es2015).ts	run		C
computedPropertyNames25_ES5(target=es5).ts	skipped	unsupported target ES5	
computedPropertyNames25_ES6.ts	run		C
computedPropertyNames26_ES5(target=es2015).ts	run		E
computedPropertyNames26_ES5(target=es5).ts	skipped	unsupported target ES5	
computedPropertyNames26_ES6.ts	run		E
computedPropertyNames27_ES5(target=es2015).ts	run		E
computedPropertyNames27_ES5(target=es5).ts	skipped	unsupported target ES5	
computedPropertyNames27_ES6.ts	run		E
computedPropertyNames28_ES5(target=es2015).ts	run		C
computedPropertyNames28_ES5(target=es5).ts	skipped	unsupported target ES5	
computedPropertyNames28_ES6.ts	run		C
computedPropertyNames29_ES5(target=es2015).ts	run		C
computedPropertyNames29_ES5(target=es5).ts	skipped	unsupported target ES5	
computedPropertyNames29_ES6.ts	run		C
computedPropertyNames2_ES5(target=es2015).ts	run		E
computedPropertyNames2_ES5(target=es5).ts	skipped	unsupported target ES5	
computedPropertyNames2_ES6.ts	run		E
computedPropertyNames30_ES5(target=es2015).ts	run		E
computedPropertyNames30_ES5(target=es5).ts	skipped	unsupported target ES5	
computedPropertyNames30_ES6.ts	run		E
computedPropertyNames31_ES5(target=es2015).ts	run		C
computedPropertyNames31_ES5(target=es5).ts	skipped	unsupported target ES5	
computedPropertyNames31_ES6.ts	run		C
computedPropertyNames32_ES5(target=es2015).ts	run		E
computedPropertyNames32_ES5(target=es5).ts	skipped	unsupported target ES5	
computedPropertyNames32_ES6.ts	run		E
computedPropertyNames33_ES5(target=es2015).ts	run		C
computedPropertyNames33_ES5(target=es5).ts	skipped	unsupported target ES5	
computedPropertyNames33_ES6.ts	run		C
computedPropertyNames34_ES5(target=es2015).ts	run		E
computedPropertyNames34_ES5(target=es5).ts	skipped	unsupported target ES5	
computedPropertyNames34_ES6.ts	run		E
computedPropertyNames35_ES5(target=es2015).ts	run		E
computedPropertyNames35_ES5(target=es5).ts	skipped	unsupported target ES5	
computedPropertyNames35_ES6.ts	run		E
computedPropertyNames36_ES5(target=es2015).ts	run		E
computedPropertyNames36_ES5(target=es5).ts	skipped	unsupported target ES5	
computedPropertyNames36_ES6.ts	run		E
computedPropertyNames37_ES5(target=es2015).ts	run		C
computedPropertyNames37_ES5(target=es5).ts	skipped	unsupported target ES5	
computedPropertyNames37_ES6.ts	run		C
computedPropertyNames38_ES5(target=es2015).ts	run		E
computedPropertyNames38_ES5(target=es5).ts	skipped	unsupported target ES5	
computedPropertyNames38_ES6.ts	run		E
computedPropertyNames39_ES5(target=es2015).ts	run		E
computedPropertyNames39_ES5(target=es5).ts	skipped	unsupported target ES5	
computedPropertyNames39_ES6.ts	run		E
computedPropertyNames3_ES5(target=es2015).ts	run		E
computedPropertyNames3_ES5(target=es5).ts	skipped	unsupported target ES5	
computedPropertyNames3_ES6.ts	run		E
computedPropertyNames40_ES5(target=es2015).ts	run		E
computedPropertyNames40_ES5(target=es5).ts	skipped	unsupported target ES5	
computedPropertyNames40_ES6.ts	run		E
computedPropertyNames41_ES5(target=es2015).ts	run		C
computedPropertyNames41_ES5(target=es5).ts	skipped	unsupported target ES5	
computedPropertyNames41_ES6.ts	run		C
computedPropertyNames42_ES5(target=es2015).ts	run		E
computedPropertyNames42_ES5(target=es5).ts	skipped	unsupported target ES5	
computedPropertyNames42_ES6.ts	run		E
computedPropertyNames43_ES5(target=es2015).ts	run		E
computedPropertyNames43_ES5(target=es5).ts	skipped	unsupported target ES5	
computedPropertyNames43_ES6.ts	run		E
computedPropertyNames44_ES5(target=es2015).ts	run		E
computedPropertyNames44_ES5(target=es5).ts	skipped	unsupported target ES5	
computedPropertyNames44_ES6.ts	run		E
computedPropertyNames45_ES5(target=es2015).ts	run		E
computedPropertyNames45_ES5(target=es5).ts	skipped	unsupported target ES5	
computedPropertyNames45_ES6.ts	run		E
computedPropertyNames46_ES5(target=es2015).ts	run		E
computedPropertyNames46_ES5(target=es5).ts	skipped	unsupported target ES5	
computedPropertyNames46_ES6.ts	run		E
computedPropertyNames47_ES5(target=es2015).ts	run		C
computedPropertyNames47_ES5(target=es5).ts	skipped	unsupported target ES5	
computedPropertyNames47_ES6.ts	run		C
computedPropertyNames48_ES5(target=es2015).ts	run		E
computedPropertyNames48_ES5(target=es5).ts	skipped	unsupported target ES5	
computedPropertyNames48_ES6.ts	run		E
computedPropertyNames49_ES5.ts	run		E
computedPropertyNames49_ES6.ts	run		E
computedPropertyNames4_ES5(target=es2015).ts	run		E
computedPropertyNames4_ES5(target=es5).ts	skipped	unsupported target ES5	
computedPropertyNames4_ES6.ts	run		E
computedPropertyNames50_ES5.ts	run		E
computedPropertyNames50_ES6.ts	run		E
computedPropertyNames51_ES5.ts	run		E
computedPropertyNames51_ES6.ts	run		E
computedPropertyNames52(target=es2015).ts	skipped	unsupported outFile /.src/computedPropertyNames52-emit.js	
computedPropertyNames52(target=es5).ts	skipped	unsupported outFile /.src/computedPropertyNames52-emit.js	
computedPropertyNames5_ES5(target=es2015).ts	run		E
computedPropertyNames5_ES5(target=es5).ts	skipped	unsupported target ES5	
computedPropertyNames5_ES6.ts	run		E
computedPropertyNames6_ES5(target=es2015).ts	run		E
computedPropertyNames6_ES5(target=es5).ts	skipped	unsupported target ES5	
computedPropertyNames6_ES6.ts	run		E
computedPropertyNames7_ES5(target=es2015).ts	run		C
computedPropertyNames7_ES5(target=es5).ts	skipped	unsupported target ES5	
computedPropertyNames7_ES6.ts	run		C
computedPropertyNames8_ES5(target=es2015).ts	run		E
computedPropertyNames8_ES5(target=es5).ts	skipped	unsupported target ES5	
computedPropertyNames8_ES6.ts	run		E
computedPropertyNames9_ES5(target=es2015).ts	run		E
computedPropertyNames9_ES5(target=es5).ts	skipped	unsupported target ES5	
computedPropertyNames9_ES6.ts	run		E
computedPropertyNamesContextualType10_ES5(target=es2015).ts	run		E
computedPropertyNamesContextualType10_ES5(target=es5).ts	skipped	unsupported target ES5	
computedPropertyNamesContextualType10_ES6.ts	run		E
computedPropertyNamesContextualType1_ES5(target=es2015).ts	run		C
computedPropertyNamesContextualType1_ES5(target=es5).ts	skipped	unsupported target ES5	
computedPropertyNamesContextualType1_ES6.ts	run		C
computedPropertyNamesContextualType2_ES5(target=es2015).ts	run		C
computedPropertyNamesContextualType2_ES5(target=es5).ts	skipped	unsupported target ES5	
computedPropertyNamesContextualType2_ES6.ts	run		C
computedPropertyNamesContextualType3_ES5(target=es2015).ts	run		C
computedPropertyNamesContextualType3_ES5(target=es5).ts	skipped	unsupported target ES5	
computedPropertyNamesContextualType3_ES6.ts	run		C
computedPropertyNamesContextualType4_ES5(target=es2015).ts	run		C
computedPropertyNamesContextualType4_ES5(target=es5).ts	skipped	unsupported target ES5	
computedPropertyNamesContextualType4_ES6.ts	run		C
computedPropertyNamesContextualType5_ES5(target=es2015).ts	run		C
computedPropertyNamesContextualType5_ES5(target=es5).ts	skipped	unsupported target ES5	
computedPropertyNamesContextualType5_ES6.ts	run		C
computedPropertyNamesContextualType6_ES5(target=es2015).ts	run		C
computedPropertyNamesContextualType6_ES5(target=es5).ts	skipped	unsupported target ES5	
computedPropertyNamesContextualType6_ES6.ts	run		C
computedPropertyNamesContextualType7_ES5(target=es2015).ts	run		C
computedPropertyNamesContextualType7_ES5(target=es5).ts	skipped	unsupported target ES5	
computedPropertyNamesContextualType7_ES6.ts	run		C
computedPropertyNamesContextualType8_ES5(target=es2015).ts	run		E
computedPropertyNamesContextualType8_ES5(target=es5).ts	skipped	unsupported target ES5	
computedPropertyNamesContextualType8_ES6.ts	run		E
computedPropertyNamesContextualType9_ES5(target=es2015).ts	run		E
computedPropertyNamesContextualType9_ES5(target=es5).ts	skipped	unsupported target ES5	
computedPropertyNamesContextualType9_ES6.ts	run		E
computedPropertyNamesDeclarationEmit1_ES5(target=es2015).ts	run		C
computedPropertyNamesDeclarationEmit1_ES5(target=es5).ts	skipped	unsupported target ES5	
computedPropertyNamesDeclarationEmit1_ES6.ts	run		C
computedPropertyNamesDeclarationEmit2_ES5(target=es2015).ts	run		C
computedPropertyNamesDeclarationEmit2_ES5(target=es5).ts	skipped	unsupported target ES5	
computedPropertyNamesDeclarationEmit2_ES6.ts	run		C
computedPropertyNamesDeclarationEmit3_ES5(target=es2015).ts	run		E
computedPropertyNamesDeclarationEmit3_ES5(target=es5).ts	skipped	unsupported target ES5	
computedPropertyNamesDeclarationEmit3_ES6.ts	run		E
computedPropertyNamesDeclarationEmit4_ES5(target=es2015).ts	run		E
computedPropertyNamesDeclarationEmit4_ES5(target=es5).ts	skipped	unsupported target ES5	
computedPropertyNamesDeclarationEmit4_ES6.ts	run		E
computedPropertyNamesDeclarationEmit5_ES5(target=es2015).ts	run		C
computedPropertyNamesDeclarationEmit5_ES5(target=es5).ts	skipped	unsupported target ES5	
computedPropertyNamesDeclarationEmit5_ES6.ts	run		C
computedPropertyNamesDeclarationEmit6_ES5(target=es2015).ts	run		E
computedPropertyNamesDeclarationEmit6_ES5(target=es5).ts	skipped	unsupported target ES5	
computedPropertyNamesDeclarationEmit6_ES6.ts	run		E
computedPropertyNamesOnOverloads_ES5(target=es2015).ts	run		C
computedPropertyNamesOnOverloads_ES5(target=es5).ts	skipped	unsupported target ES5	
computedPropertyNamesOnOverloads_ES6.ts	run		C
computedPropertyNamesSourceMap1_ES5(target=es2015).ts	run		C
computedPropertyNamesSourceMap1_ES5(target=es5).ts	skipped	unsupported target ES5	
computedPropertyNamesSourceMap1_ES6.ts	run		C
computedPropertyNamesSourceMap2_ES5(target=es2015).ts	run		C
computedPropertyNamesSourceMap2_ES5(target=es5).ts	skipped	unsupported target ES5	
computedPropertyNamesSourceMap2_ES6.ts	run		C
computedPropertyNamesWithStaticProperty.ts	run		E
computedTypesKeyofNoIndexSignatureType.ts	run		C
computerPropertiesInES5ShouldBeTransformed(target=es2015).ts	run		C
computerPropertiesInES5ShouldBeTransformed(target=es5).ts	skipped	unsupported target ES5	
concatClassAndString.ts	run		E
concatError.ts	run		E
concatTuples.ts	run		C
conditionalAnyCheckTypePicksBothBranches.ts	run		E
conditionalDoesntLeakUninstantiatedTypeParameter.ts	run		E
conditionalEqualityOnLiteralObjects.ts	run		E
conditionalEqualityTestingNullability.ts	run		C
conditionalExportsResolutionFallback(moduleresolution=bundler).ts	run		C
conditionalExportsResolutionFallback(moduleresolution=node16).ts	run		E
conditionalExportsResolutionFallback(moduleresolution=nodenext).ts	run		E
conditionalExportsResolutionFallbackNull(moduleresolution=bundler).ts	run		E
conditionalExportsResolutionFallbackNull(moduleresolution=node16).ts	run		E
conditionalExportsResolutionFallbackNull(moduleresolution=nodenext).ts	run		E
conditionalExpression1.ts	run		E
conditionalExpressionNewLine1.ts	run		E
conditionalExpressionNewLine10.ts	run		E
conditionalExpressionNewLine2.ts	run		E
conditionalExpressionNewLine3.ts	run		E
conditionalExpressionNewLine4.ts	run		E
conditionalExpressionNewLine5.ts	run		E
conditionalExpressionNewLine6.ts	run		E
conditionalExpressionNewLine7.ts	run		E
conditionalExpressionNewLine8.ts	run		E
conditionalExpressionNewLine9.ts	run		E
conditionalExpressions2.ts	run		C
conditionalOperatorConditionIsBooleanType.ts	run		E
conditionalOperatorConditionIsNumberType.ts	run		E
conditionalOperatorConditionIsObjectType.ts	run		E
conditionalOperatorConditoinIsAnyType.ts	run		E
conditionalOperatorConditoinIsStringType.ts	run		E
conditionalOperatorWithIdenticalBCT.ts	run		E
conditionalOperatorWithoutIdenticalBCT.ts	run		E
conditionalReturnExpression.ts	run		E
conditionalTypeAnyUnion.ts	run		C
conditionalTypeAssignabilityWhenDeferred.ts	run		E
conditionalTypeBasedContextualTypeReturnTypeWidening.ts	run		C
conditionalTypeClassMembers.ts	run		C
conditionalTypeContextualTypeSimplificationsSuceeds.ts	run		C
conditionalTypeDiscriminatingLargeUnionRegularTypeFetchingSpeedReasonable.ts	run		C
conditionalTypeDoesntSpinForever.ts	run		E
conditionalTypeGenericInSignatureTypeParameterConstraint.ts	run		C
conditionalTypeRelaxingConstraintAssignability.ts	run		C
conditionalTypeSimplification.ts	run		C
conditionalTypeSubclassExtendsTypeParam.ts	run		C
conditionalTypeVarianceBigArrayConstraintsPerformance.ts	run		E
conditionalTypes1.ts	run		E
conditionalTypes2.ts	run		E
conditionalTypesASI.ts	run		C
conditionalTypesExcessProperties.ts	run		E
conditionalTypesSimplifyWhenTrivial.ts	run		C
conditionallyDuplicateOverloadsCausedByOverloadResolution.ts	run		E
configFileExtendsAsList.ts	run		E
conflictMarkerDiff3Trivia1.ts	run		E
conflictMarkerDiff3Trivia2.ts	run		E
conflictMarkerTrivia1.ts	run		E
conflictMarkerTrivia2.ts	run		E
conflictMarkerTrivia3.tsx	run		E
conflictMarkerTrivia4.ts	run		E
conflictingCommonJSES2015Exports.ts	run		E
conflictingDeclarationsImportFromNamespace1.ts	run		E
conflictingDeclarationsImportFromNamespace2.ts	run		E
conflictingMemberTypesInBases.ts	run		E
conflictingTypeAnnotatedVar.ts	run		E
conflictingTypeParameterSymbolTransfer.ts	run		E
consistentAliasVsNonAliasRecordBehavior.ts	run		E
constAssertionOnEnum.ts	run		C
constAssertions.ts	run		E
constDeclarationShadowedByVarDeclaration.ts	run		E
constDeclarationShadowedByVarDeclaration2.ts	run		C
constDeclarationShadowedByVarDeclaration3.ts	run		C
constDeclarations-access.ts	run		E
constDeclarations-access2.ts	run		E
constDeclarations-access3.ts	run		E
constDeclarations-access4.ts	run		E
constDeclarations-access5.ts	run		E
constDeclarations-ambient-errors.ts	run		E
constDeclarations-ambient.ts	run		C
constDeclarations-errors.ts	run		E
constDeclarations-es5(target=es2015).ts	run		C
constDeclarations-es5(target=es5).ts	skipped	unsupported target ES5	
constDeclarations-invalidContexts(alwaysstrict=false).ts	skipped	alwaysStrict=false is unsupported	
constDeclarations-invalidContexts(alwaysstrict=true).ts	run		E
constDeclarations-scopes(alwaysstrict=false).ts	skipped	alwaysStrict=false is unsupported	
constDeclarations-scopes(alwaysstrict=true).ts	run		E
constDeclarations-scopes2.ts	run		C
constDeclarations-useBeforeDefinition.ts	run		E
constDeclarations-useBeforeDefinition2.ts	skipped	unsupported outFile /.src/out.js	
constDeclarations-validContexts(alwaysstrict=false).ts	skipped	alwaysStrict=false is unsupported	
constDeclarations-validContexts(alwaysstrict=true).ts	run		E
constDeclarations.ts	run		C
constDeclarations2.ts	run		C
constEnum1.ts	run		C
constEnum2.ts	run		E
constEnum3.ts	run		C
constEnum4.ts	run		E
constEnumBadPropertyNames.ts	run		E
constEnumDeclarations.ts	run		C
constEnumErrors.ts	run		E
constEnumExternalModule.ts	skipped	unsupported module kind AMD	
constEnumMergingWithValues1.ts	skipped	unsupported module kind AMD	
constEnumMergingWithValues2.ts	skipped	unsupported module kind AMD	
constEnumMergingWithValues3.ts	skipped	unsupported module kind AMD	
constEnumMergingWithValues4.ts	skipped	unsupported module kind AMD	
constEnumMergingWithValues5.ts	skipped	unsupported module kind AMD	
constEnumNamespaceReferenceCausesNoImport(isolatedmodules=false).ts	run		C
constEnumNamespaceReferenceCausesNoImport(isolatedmodules=true).ts	run		C
constEnumNamespaceReferenceCausesNoImport2.ts	run		C
constEnumNoEmitReexport.ts	run		C
constEnumNoObjectPrototypePropertyAccess.ts	run		E
constEnumNoPreserveDeclarationReexport.ts	run		C
constEnumOnlyModuleMerging.ts	run		C
constEnumPreserveEmitNamedExport1.ts	run		C
constEnumPreserveEmitNamedExport2.ts	run		C
constEnumPreserveEmitReexport.ts	run		C
constEnumPropertyAccess1.ts	run		E
constEnumPropertyAccess2.ts	run		E
constEnumPropertyAccess3.ts	run		C
constEnumSyntheticNodesComments.ts	run		C
constEnumToStringNoComments.ts	run		C
constEnumToStringWithComments.ts	run		C
constEnums.ts	run		E
constInClassExpression.ts	run		E
constIndexedAccess.ts	run		E
constLocalsInFunctionExpressions.ts	run		C
constWithNonNull.ts	run		E
constantEnumAssert.ts	run		E
constantOverloadFunction.ts	run		E
constantOverloadFunctionNoSubtypeError.ts	run		E
constraintCheckInGenericBaseTypeReference.ts	run		C
constraintErrors1.ts	run		E
constraintOfRecursivelyMappedTypeWithConditionalIsResolvable.ts	run		C
constraintPropagationThroughReturnTypes.ts	run		C
constraintReferencingTypeParameterFromSameTypeParameterList.ts	run		C
constraintSatisfactionWithAny.ts	run		E
constraintSatisfactionWithAny2.ts	run		C
constraintSatisfactionWithEmptyObject.ts	run		C
constraintWithIndexedAccess.ts	run		E
constraints0.ts	run		E
constraintsThatReferenceOtherContstraints1.ts	run		E
constraintsUsedInPrototypeProperty.ts	run		C
constructBigint.ts	run		E
constructSignatureAssignabilityInInheritance.ts	run		E
constructSignatureAssignabilityInInheritance2.ts	run		E
constructSignatureAssignabilityInInheritance3.ts	run		E
constructSignatureAssignabilityInInheritance4.ts	run		E
constructSignatureAssignabilityInInheritance5.ts	run		E
constructSignatureAssignabilityInInheritance6.ts	run		E
constructSignatureWithAccessibilityModifiersOnParameters.ts	run		E
constructSignatureWithAccessibilityModifiersOnParameters2.ts	run		E
constructSignaturesWithIdenticalOverloads.ts	run		E
constructSignaturesWithOverloads.ts	run		E
constructSignaturesWithOverloads2.ts	run		E
constructSignaturesWithOverloadsThatDifferOnlyByReturnType.ts	run		C
constructableDecoratorOnClass01.ts	run		E
constructorArgWithGenericCallSignature.ts	run		E
constructorArgs.ts	run		C
constructorArgsErrors1.ts	run		E
constructorArgsErrors2.ts	run		E
constructorArgsErrors3.ts	run		E
constructorArgsErrors4.ts	run		E
constructorArgsErrors5.ts	run		E
constructorAsType.ts	run		E
constructorDefaultValuesReferencingThis.ts	run		E
constructorFunctionMergeWithClass.ts	run		E
constructorFunctionMethodTypeParameters.ts	run		E
constructorFunctionTypeIsAssignableToBaseType.ts	run		C
constructorFunctionTypeIsAssignableToBaseType2.ts	run		C
constructorFunctions.ts	run		E
constructorFunctions2.ts	run		C
constructorFunctions3.ts	run		E
constructorFunctionsStrict.ts	run		E
constructorHasPrototypeProperty.ts	run		E
constructorImplementationWithDefaultValues.ts	run		C
constructorImplementationWithDefaultValues2.ts	run		E
constructorInvocationWithTooFewTypeArgs.ts	run		E
constructorNameInAccessor.ts	run		E
constructorNameInGenerator.ts	run		E
constructorNameInObjectLiteralAccessor.ts	run		C
constructorOverloads1.ts	run		E
constructorOverloads2.ts	run		C
constructorOverloads3.ts	run		E
constructorOverloads4.ts	run		E
constructorOverloads5.ts	run		C
constructorOverloads6.ts	run		E
constructorOverloads7.ts	run		E
constructorOverloads8.ts	run		E
constructorOverloads9.ts	run		C
constructorOverloadsWithDefaultValues.ts	run		E
constructorOverloadsWithOptionalParameters.ts	run		C
constructorParameterProperties.ts	run		E
constructorParameterProperties2.ts	run		E
constructorParameterShadowsOuterScopes.ts	run		E
constructorParameterShadowsOuterScopes2.ts	run		E
constructorParametersInVariableDeclarations.ts	run		E
constructorParametersThatShadowExternalNamesInVariableDeclarations.ts	run		E
constructorPropertyJs.ts	run		C
constructorReturningAPrimitive.ts	run		E
constructorReturnsInvalidType.ts	run		E
constructorStaticParamName.ts	run		E
constructorStaticParamNameErrors.ts	run		E
constructorTagOnClassConstructor.ts	run		C
constructorTagOnNestedBinaryExpression.ts	run		C
constructorTagOnObjectLiteralMethod.ts	run		E
constructorTagWithThisTag.ts	run		C
constructorTypeWithTypeParameters.ts	run		C
constructorWithAssignableReturnExpression.ts	run		E
constructorWithCapturedSuper.ts	run		C
constructorWithExpressionLessReturn.ts	run		E
constructorWithIncompleteTypeAnnotation.ts	run		E
constructorWithParameterPropertiesAndPrivateFields.es2015.ts	run		C
constructorWithSuperAndPrologue.es5(target=es2015).ts	run		C
constructorWithSuperAndPrologue.es5(target=es5).ts	skipped	unsupported target ES5	
constructorsWithSpecializedSignatures.ts	run		E
contextSensitiveReturnTypeInference.ts	run		C
contextualComputedNonBindablePropertyType.ts	run		C
contextualExpressionTypecheckingDoesntBlowStack(target=es2015).ts	run		C
contextualExpressionTypecheckingDoesntBlowStack(target=es5).ts	skipped	unsupported target ES5	
contextualIntersectionType.ts	run		C
contextualOuterTypeParameters.ts	run		C
contextualOverloadListFromArrayUnion.ts	run		C
contextualOverloadListFromUnionWithPrimitiveNoImplicitAny.ts	run		E
contextualParamTypeVsNestedReturnTypeInference1.ts	run		C
contextualParamTypeVsNestedReturnTypeInference2.ts	run		C
contextualParamTypeVsNestedReturnTypeInference3.ts	run		C
contextualParamTypeVsNestedReturnTypeInference4.ts	run		C
contextualParameterAndSelfReferentialConstraint1.ts	run		C
contextualPropertyOfGenericFilteringMappedType.ts	run		E
contextualPropertyOfGenericMappedType.ts	run		C
contextualReturnTypeOfIIFE.ts	run		C
contextualReturnTypeOfIIFE2.ts	run		E
contextualReturnTypeOfIIFE3.ts	run		C
contextualSigInstantiationRestParams.ts	run		C
contextualSignatureConditionalTypeInstantiationUsingDefault.ts	run		C
contextualSignatureInArrayElementLibEs2015.ts	run		E
contextualSignatureInArrayElementLibEs5.ts	run		E
contextualSignatureInObjectFreeze.ts	run		C
contextualSignatureInstantiation.ts	run		E
contextualSignatureInstantiation1.ts	run		C
contextualSignatureInstantiation2.ts	run		E
contextualSignatureInstantiation3.ts	run		C
contextualSignatureInstantiation4.ts	run		C
contextualSignatureInstantiationWithTypeParameterConstrainedToOuterTypeParameter.ts	run		E
contextualSignatureInstatiationContravariance.ts	run		E
contextualSignatureInstatiationCovariance.ts	run		C
contextualSignature_objectLiteralMethodMayReturnNever.ts	run		C
contextualThisType.ts	run		C
contextualThisTypeInJavascript.ts	run		C
contextualTupleTypeParameterReadonly.ts	run		E
contextualTypeAny.ts	run		E
contextualTypeAppliedToVarArgs.ts	run		C
contextualTypeArrayReturnType.ts	run		E
contextualTypeBasedOnIntersectionWithAnyInTheMix1.ts	run		C
contextualTypeBasedOnIntersectionWithAnyInTheMix2.ts	run		C
contextualTypeBasedOnIntersectionWithAnyInTheMix3.ts	run		C
contextualTypeBasedOnIntersectionWithAnyInTheMix4.ts	run		E
contextualTypeBasedOnIntersectionWithAnyInTheMix5.ts	run		C
contextualTypeCaching.ts	run		C
contextualTypeForInitalizedVariablesFiltersUndefined.ts	run		E
contextualTypeFromJSDoc.ts	run		C
contextualTypeFunctionObjectPropertyIntersection.ts	run		E
contextualTypeIterableUnions.ts	run		C
contextualTypeLogicalOr.ts	run		C
contextualTypeObjectSpreadExpression.ts	run		C
contextualTypeOfIndexedAccessParameter.ts	run		C
contextualTypeOnYield1.ts	run		C
contextualTypeOnYield2.ts	run		C
contextualTypeSelfReferencing.ts	run		C
contextualTypeShouldBeLiteral.ts	run		C
contextualTypeTupleEnd.ts	run		E
contextualTypeWithTuple.ts	run		E
contextualTypeWithUnionTypeCallSignatures.ts	run		E
contextualTypeWithUnionTypeIndexSignatures.ts	run		C
contextualTypeWithUnionTypeMembers.ts	run		E
contextualTypeWithUnionTypeObjectLiteral.ts	run		E
contextualTypedSpecialAssignment.ts	run		E
contextualTypesNegatedTypeLikeConstraintInGenericMappedType1.ts	run		C
contextualTypesNegatedTypeLikeConstraintInGenericMappedType2.ts	run		E
contextualTypesNegatedTypeLikeConstraintInGenericMappedType3.ts	run		C
contextualTyping.ts	run		E
contextualTyping1.ts	run		C
contextualTyping10.ts	run		C
contextualTyping11.ts	run		E
contextualTyping12.ts	run		E
contextualTyping13.ts	run		C
contextualTyping14.ts	run		C
contextualTyping15.ts	run		C
contextualTyping16.ts	run		C
contextualTyping17.ts	run		E
contextualTyping18.ts	run		C
contextualTyping19.ts	run		C
contextualTyping2.ts	run		E
contextualTyping20.ts	run		E
contextualTyping21.ts	run		E
contextualTyping22.ts	run		C
contextualTyping23.ts	run		C
contextualTyping24.ts	run		E
contextualTyping25.ts	run		C
contextualTyping26.ts	run		C
contextualTyping27.ts	run		C
contextualTyping28.ts	run		C
contextualTyping29.ts	run		C
contextualTyping3.ts	run		C
contextualTyping30.ts	run		E
contextualTyping31.ts	run		C
contextualTyping32.ts	run		C
contextualTyping33.ts	run		E
contextualTyping34.ts	run		C
contextualTyping35.ts	run		C
contextualTyping36.ts	run		C
contextualTyping37.ts	run		C
contextualTyping38.ts	run		E
contextualTyping39.ts	run		E
contextualTyping4.ts	run		E
contextualTyping40.ts	run		C
contextualTyping41.ts	run		E
contextualTyping5.ts	run		E
contextualTyping6.ts	run		C
contextualTyping7.ts	run		C
contextualTyping8.ts	run		C
contextualTyping9.ts	run		E
contextualTypingArrayDestructuringWithDefaults.ts	run		E
contextualTypingArrayOfLambdas.ts	run		C
contextualTypingFunctionReturningFunction.ts	run		C
contextualTypingFunctionReturningFunction2.ts	run		C
contextualTypingOfAccessors.ts	run		C
contextualTypingOfArrayLiterals1.ts	run		E
contextualTypingOfConditionalExpression.ts	run		C
contextualTypingOfConditionalExpression2.ts	run		E
contextualTypingOfGenericFunctionTypedArguments1.ts	run		E
contextualTypingOfLambdaReturnExpression.ts	run		E
contextualTypingOfLambdaWithMultipleSignatures.ts	run		C
contextualTypingOfLambdaWithMultipleSignatures2.ts	run		C
contextualTypingOfObjectLiterals.ts	run		C
contextualTypingOfObjectLiterals2.ts	run		E
contextualTypingOfOptionalMembers.tsx	run		C
contextualTypingOfTooShortOverloads.ts	run		C
contextualTypingReturnStatementWithReturnTypeAnnotation.ts	run		C
contextualTypingTwoInstancesOfSameTypeParameter.ts	run		C
contextualTypingWithFixedTypeParameters1.ts	run		E
contextualTypingWithGenericAndNonGenericSignature.ts	run		E
contextualTypingWithGenericSignature.ts	run		C
contextuallyTypeArgumentsKeyword.ts	run		C
contextuallyTypeAsyncFunctionAwaitOperand.ts	run		C
contextuallyTypeAsyncFunctionReturnType.ts	run		C
contextuallyTypeAsyncFunctionReturnTypeFromUnion.ts	run		C
contextuallyTypeCommaOperator01.ts	run		C
contextuallyTypeCommaOperator02.ts	run		E
contextuallyTypeCommaOperator03.ts	run		E
contextuallyTypeGeneratorReturnTypeFromUnion.ts	run		C
contextuallyTypeLogicalAnd01.ts	run		C
contextuallyTypeLogicalAnd02.ts	run		E
contextuallyTypeLogicalAnd03.ts	run		E
contextuallyTypedBindingInitializer.ts	run		C
contextuallyTypedBindingInitializerNegative.ts	run		E
contextuallyTypedBooleanLiterals.ts	run		C
contextuallyTypedByDiscriminableUnion.ts	run		C
contextuallyTypedByDiscriminableUnion2.ts	run		C
contextuallyTypedClassExpressionMethodDeclaration01.ts	run		E
contextuallyTypedClassExpressionMethodDeclaration02.ts	run		E
contextuallyTypedFunctionExpressionsAndReturnAnnotations.ts	run		C
contextuallyTypedGenericAssignment.ts	run		C
contextuallyTypedIife.ts	run		C
contextuallyTypedIifeStrict.ts	run		E
contextuallyTypedJsxAttribute.ts	run		C
contextuallyTypedJsxAttribute2.tsx	run		C
contextuallyTypedJsxChildren.tsx	run		C
contextuallyTypedJsxChildren2.tsx	run		C
contextuallyTypedObjectLiteralMethodDeclaration01.ts	run		C
contextuallyTypedOptionalProperty(exactoptionalpropertytypes=false).ts	run		E
contextuallyTypedOptionalProperty(exactoptionalpropertytypes=true).ts	run		C
contextuallyTypedParametersOptionalInJSDoc.ts	run		E
contextuallyTypedParametersWithInitializers1.ts	run		E
contextuallyTypedParametersWithInitializers2.ts	run		C
contextuallyTypedParametersWithInitializers3.ts	run		C
contextuallyTypedParametersWithInitializers4.ts	run		C
contextuallyTypedParametersWithQuestionToken.ts	run		E
contextuallyTypedStringLiteralsInJsxAttributes01.tsx	run		E
contextuallyTypedStringLiteralsInJsxAttributes02.tsx	run		E
contextuallyTypedSymbolNamedProperties.ts	run		C
contextuallyTypingOrOperator.ts	run		E
contextuallyTypingOrOperator2.ts	run		E
contextuallyTypingOrOperator3.ts	run		C
contextuallyTypingRestParameters.ts	run		E
continueInIterationStatement1.ts	run		C
continueInIterationStatement2.ts	run		C
continueInIterationStatement3.ts	run		C
continueInIterationStatement4.ts	run		E
continueInLoopsWithCapturedBlockScopedBindings1(target=es2015).ts	run		C
continueInLoopsWithCapturedBlockScopedBindings1(target=es5).ts	skipped	unsupported target ES5	
continueLabel.ts	run		C
continueNotInIterationStatement1.ts	run		E
continueNotInIterationStatement2.ts	run		E
continueNotInIterationStatement3.ts	run		E
continueNotInIterationStatement4.ts	run		E
continueStatementInternalComments.ts	run		C
continueTarget1.ts	run		E
continueTarget2.ts	run		C
continueTarget3.ts	run		C
continueTarget4.ts	run		C
continueTarget5.ts	run		E
continueTarget6.ts	run		E
contravariantInferenceAndTypeGuard.ts	run		C
contravariantOnlyInferenceFromAnnotatedFunction.ts	run		C
contravariantOnlyInferenceFromAnnotatedFunctionJs.ts	run		C
contravariantOnlyInferenceWithAnnotatedOptionalParameter.ts	run		C
contravariantOnlyInferenceWithAnnotatedOptionalParameterJs.ts	run		C
contravariantTypeAliasInference.ts	run		C
controlFlowAliasedDiscriminants.ts	run		E
controlFlowAliasing.ts	run		E
controlFlowAliasing2.ts	run		C
controlFlowAliasingCatchVariables(useunknownincatchvariables=false).ts	run		C
controlFlowAliasingCatchVariables(useunknownincatchvariables=true).ts	run		E
controlFlowAnalysisOnBareThisKeyword.ts	run		C
controlFlowArrayErrors.ts	run		E
controlFlowArrays.ts	run		C
controlFlowAssignmentExpression.ts	run		C
controlFlowAssignmentPatternOrder.ts	run		C
controlFlowAutoAccessor1.ts	run		E
controlFlowBinaryAndExpression.ts	run		E
controlFlowBinaryOrExpression.ts	run		E
controlFlowBindingElement.ts	run		C
controlFlowBindingPatternOrder.ts	run		E
controlFlowBreakContinueWithLabel.ts	run		C
controlFlowCaching.ts	run		C
controlFlowCommaExpressionAssertionMultiple.ts	run		C
controlFlowCommaExpressionAssertionWithinTernary.ts	run		C
controlFlowCommaExpressionFunctionCall.ts	run		C
controlFlowCommaOperator.ts	run		C
controlFlowComputedPropertyNames.ts	run		C
controlFlowConditionalExpression.ts	run		E
controlFlowDeleteOperator.ts	run		E
controlFlowDestructuringDeclaration.ts	run		C
controlFlowDestructuringLoop.ts	run		C
controlFlowDestructuringParameters.ts	run		C
controlFlowDestructuringVariablesInTryCatch.ts	run		E
controlFlowDoWhileStatement.ts	run		E
controlFlowElementAccess.ts	run		C
controlFlowElementAccess2.ts	run		C
controlFlowElementAccessNoCrash1.ts	run		C
controlFlowFavorAssertedTypeThroughTypePredicate.ts	run		C
controlFlowFinallyNoCatchAssignments.ts	run		C
controlFlowForCatchAndFinally.ts	run		C
controlFlowForCompoundAssignmentToThisMember.ts	run		C
controlFlowForFunctionLike1.ts	run		E
controlFlowForInStatement.ts	run		E
controlFlowForInStatement2.ts	run		C
controlFlowForIndexSignatures.ts	run		E
controlFlowForOfStatement.ts	run		C
controlFlowForStatement.ts	run		E
controlFlowForStatementContinueIntoIncrementor1.ts	run		E
controlFlowFunctionLikeCircular1.ts	run		E
controlFlowGenericTypes.ts	run		E
controlFlowIIFE.ts	run		E
controlFlowIfStatement.ts	run		C
controlFlowInOperator.ts	run		C
controlFlowInitializedDestructuringVariables.ts	run		C
controlFlowInstanceOfGuardPrimitives.ts	run		C
controlFlowInstanceof.ts	run		E
controlFlowInstanceofExtendsFunction.ts	run		C
controlFlowInstanceofWithSymbolHasInstance.ts	run		C
controlFlowIteration.ts	run		C
controlFlowIterationErrors.ts	run		E
controlFlowIterationErrorsAsync.ts	run		E
controlFlowJavascript.ts	skipped	unsupported outFile /.src/out.js	
controlFlowLoopAnalysis.ts	run		E
controlFlowManyCallExpressionStatementsPerf.ts	run		C
controlFlowManyConsecutiveConditionsNoTimeout.ts	run		C
controlFlowNoImplicitAny.ts	run		E
controlFlowNoIntermediateErrors.ts	run		C
controlFlowNullTypeAndLiteral.ts	run		E
controlFlowNullishCoalesce.ts	run		E
controlFlowOptionalChain.ts	run		E
controlFlowOptionalChain2.ts	run		C
controlFlowOptionalChain3.tsx	run		E
controlFlowOuterVariable.ts	run		C
controlFlowParameter.ts	run		C
controlFlowPrivateClassField.ts	run		C
controlFlowPropertyDeclarations.ts	run		C
controlFlowPropertyInitializer.ts	run		C
controlFlowSelfReferentialLoop.ts	run		E
controlFlowStringIndex.ts	run		C
controlFlowSuperPropertyAccess.ts	run		C
controlFlowTruthiness.ts	run		C
controlFlowTypeofObject.ts	run		E
controlFlowUnionContainingTypeParameter1.ts	run		C
controlFlowWhileStatement.ts	run		E
controlFlowWithIncompleteTypes.ts	run		C
controlFlowWithTemplateLiterals.ts	run		C
convertClassExpressionToFunctionFromObjectProperty1(target=es2015).ts	run		C
convertClassExpressionToFunctionFromObjectProperty1(target=es5).ts	skipped	unsupported target ES5	
convertClassExpressionToFunctionFromObjectProperty2(target=es2015).ts	run		C
convertClassExpressionToFunctionFromObjectProperty2(target=es5).ts	skipped	unsupported target ES5	
convertKeywords.ts	run		C
convertKeywordsYes(alwaysstrict=false).ts	skipped	alwaysStrict=false is unsupported	
convertKeywordsYes(alwaysstrict=true).ts	run		E
copyrightWithNewLine1.ts	run		E
copyrightWithoutNewLine1.ts	run		E
correctOrderOfPromiseMethod.ts	run		E
correctlyMarkAliasAsReferences1.tsx	run		E
correctlyMarkAliasAsReferences2.tsx	run		E
correctlyMarkAliasAsReferences3.tsx	run		E
correctlyMarkAliasAsReferences4.tsx	run		E
correlatedUnions.ts	run		C
corrupted.ts	run		E
couldNotSelectGenericOverload.ts	run		E
covariance1.ts	run		E
covariantCallbacks.ts	run		E
crashDeclareGlobalTypeofExport.ts	run		E
crashInEmitTokenWithComment.ts	run		E
crashInGetTextOfComputedPropertyName.ts	run		C
crashInResolveInterface.ts	run		E
crashInYieldStarInAsyncFunction.ts	run		E
crashInresolveReturnStatement.ts	run		C
crashInsourcePropertyIsRelatableToTargetProperty.ts	run		E
crashIntypeCheckInvocationExpression.ts	run		E
crashIntypeCheckObjectCreationExpression.ts	skipped	unsupported module kind AMD	
crashOnMethodSignatures.ts	run		E
crashRegressionTest.ts	run		E
createArray.ts	run		E
crossFileOverloadModifierConsistency.ts	run		C
ctsFileInEsnextHelpers.ts	run		E
curiousNestedConditionalEvaluationResult.ts	run		C
customAsyncIterator.ts	run		C
customConditions(resolvepackagejsonexports=false).ts	run		C
customConditions(resolvepackagejsonexports=true).ts	run		C
customEventDetail.ts	run		E
cyclicGenericTypeInstantiation.ts	run		E
cyclicGenericTypeInstantiationInference.ts	run		E
cyclicModuleImport.ts	run		C
cyclicTypeInstantiation.ts	run		E
dataViewConstructor.ts	run		E
debugger.ts	run		C
debuggerEmit.ts	run		C
declFileAccessors(target=es2015).ts	run		C
declFileAccessors(target=es5).ts	skipped	unsupported target ES5	
declFileAliasUseBeforeDeclaration.ts	run		C
declFileAliasUseBeforeDeclaration2.ts	run		C
declFileAmbientExternalModuleWithSingleExportedModule.ts	run		C
declFileCallSignatures(target=es2015).ts	run		C
declFileCallSignatures(target=es5).ts	skipped	unsupported target ES5	
declFileClassExtendsNull(target=es2015).ts	run		C
declFileClassExtendsNull(target=es5).ts	skipped	unsupported target ES5	
declFileClassWithIndexSignature.ts	run		C
declFileClassWithStaticMethodReturningConstructor.ts	run		C
declFileConstructSignatures(target=es2015).ts	run		C
declFileConstructSignatures(target=es5).ts	skipped	unsupported target ES5	
declFileConstructors(target=es2015).ts	run		C
declFileConstructors(target=es5).ts	skipped	unsupported target ES5	
declFileEmitDeclarationOnly.ts	run		C
declFileEmitDeclarationOnlyError1.ts	run		E
declFileEmitDeclarationOnlyError2.ts	run		E
declFileEnumUsedAsValue.ts	run		C
declFileEnums.ts	run		C
declFileExportAssignmentImportInternalModule.ts	run		C
declFileExportAssignmentOfGenericInterface.ts	skipped	unsupported module kind AMD	
declFileExportImportChain.ts	skipped	unsupported module kind AMD	
declFileExportImportChain2.ts	skipped	unsupported module kind AMD	
declFileForClassWithMultipleBaseClasses.ts	run		C
declFileForClassWithPrivateOverloadedFunction.ts	run		C
declFileForExportedImport.ts	run		C
declFileForFunctionTypeAsTypeParameter.ts	run		C
declFileForInterfaceWithOptionalFunction.ts	run		C
declFileForInterfaceWithRestParams.ts	run		C
declFileForTypeParameters.ts	run		E
declFileForVarList.ts	run		C
declFileFunctions(target=es2015).ts	run		C
declFileFunctions(target=es5).ts	skipped	unsupported target ES5	
declFileGenericClassWithGenericExtendedClass.ts	run		E
declFileGenericType.ts	run		E
declFileGenericType2.ts	run		C
declFileImportChainInExportAssignment.ts	run		C
declFileImportModuleWithExportAssignment.ts	run		C
declFileImportedTypeUseInTypeArgPosition.ts	run		C
declFileIndexSignatures(target=es2015).ts	run		C
declFileIndexSignatures(target=es5).ts	skipped	unsupported target ES5	
declFileInternalAliases.ts	run		C
declFileMethods(target=es2015).ts	run		C
declFileMethods(target=es5).ts	skipped	unsupported target ES5	
declFileModuleAssignmentInObjectLiteralProperty.ts	run		C
declFileModuleContinuation.ts	run		C
declFileModuleWithPropertyOfTypeModule.ts	run		C
declFileObjectLiteralWithAccessors(target=es2015).ts	run		C
declFileObjectLiteralWithAccessors(target=es5).ts	skipped	unsupported target ES5	
declFileObjectLiteralWithOnlyGetter(target=es2015).ts	run		C
declFileObjectLiteralWithOnlyGetter(target=es5).ts	skipped	unsupported target ES5	
declFileObjectLiteralWithOnlySetter(target=es2015).ts	run		C
declFileObjectLiteralWithOnlySetter(target=es5).ts	skipped	unsupported target ES5	
declFileOptionalInterfaceMethod.ts	run		C
declFilePrivateMethodOverloads.ts	run		C
declFilePrivateStatic(target=es2015).ts	run		C
declFilePrivateStatic(target=es5).ts	skipped	unsupported target ES5	
declFileRegressionTests.ts	run		C
declFileRestParametersOfFunctionAndFunctionType.ts	run		C
declFileTypeAnnotationArrayType(target=es2015).ts	run		C
declFileTypeAnnotationArrayType(target=es5).ts	skipped	unsupported target ES5	
declFileTypeAnnotationBuiltInType(target=es2015).ts	run		C
declFileTypeAnnotationBuiltInType(target=es5).ts	skipped	unsupported target ES5	
declFileTypeAnnotationParenType(target=es2015).ts	run		E
declFileTypeAnnotationParenType(target=es5).ts	skipped	unsupported target ES5	
declFileTypeAnnotationStringLiteral(target=es2015).ts	run		C
declFileTypeAnnotationStringLiteral(target=es5).ts	skipped	unsupported target ES5	
declFileTypeAnnotationTupleType(target=es2015).ts	run		C
declFileTypeAnnotationTupleType(target=es5).ts	skipped	unsupported target ES5	
declFileTypeAnnotationTypeAlias(target=es2015).ts	run		C
declFileTypeAnnotationTypeAlias(target=es5).ts	skipped	unsupported target ES5	
declFileTypeAnnotationTypeLiteral(target=es2015).ts	run		C
declFileTypeAnnotationTypeLiteral(target=es5).ts	skipped	unsupported target ES5	
declFileTypeAnnotationTypeQuery(target=es2015).ts	run		C
declFileTypeAnnotationTypeQuery(target=es5).ts	skipped	unsupported target ES5	
declFileTypeAnnotationTypeReference(target=es2015).ts	run		C
declFileTypeAnnotationTypeReference(target=es5).ts	skipped	unsupported target ES5	
declFileTypeAnnotationUnionType(target=es2015).ts	run		E
declFileTypeAnnotationUnionType(target=es5).ts	skipped	unsupported target ES5	
declFileTypeAnnotationVisibilityErrorAccessors(target=es2015).ts	run		E
declFileTypeAnnotationVisibilityErrorAccessors(target=es5).ts	skipped	unsupported target ES5	
declFileTypeAnnotationVisibilityErrorParameterOfFunction(target=es2015).ts	run		C
declFileTypeAnnotationVisibilityErrorParameterOfFunction(target=es5).ts	skipped	unsupported target ES5	
declFileTypeAnnotationVisibilityErrorReturnTypeOfFunction(target=es2015).ts	run		E
declFileTypeAnnotationVisibilityErrorReturnTypeOfFunction(target=es5).ts	skipped	unsupported target ES5	
declFileTypeAnnotationVisibilityErrorTypeAlias(target=es2015).ts	run		C
declFileTypeAnnotationVisibilityErrorTypeAlias(target=es5).ts	skipped	unsupported target ES5	
declFileTypeAnnotationVisibilityErrorTypeLiteral(target=es2015).ts	run		E
declFileTypeAnnotationVisibilityErrorTypeLiteral(target=es5).ts	skipped	unsupported target ES5	
declFileTypeAnnotationVisibilityErrorVariableDeclaration(target=es2015).ts	run		C
declFileTypeAnnotationVisibilityErrorVariableDeclaration(target=es5).ts	skipped	unsupported target ES5	
declFileTypeofClass.ts	run		E
declFileTypeofEnum.ts	run		C
declFileTypeofFunction.ts	run		C
declFileTypeofInAnonymousType.ts	run		C
declFileTypeofModule.ts	run		C
declFileWithClassNameConflictingWithClassReferredByExtendsClause.ts	run		E
declFileWithErrorsInInputDeclarationFile.ts	run		E
declFileWithErrorsInInputDeclarationFileWithOut.ts	skipped	unsupported outFile /.src/out.js	
declFileWithExtendsClauseThatHasItsContainerNameConflict.ts	run		E
declFileWithInternalModuleNameConflictsInExtendsClause1.ts	run		C
declFileWithInternalModuleNameConflictsInExtendsClause2.ts	run		C
declFileWithInternalModuleNameConflictsInExtendsClause3.ts	run		C
declInput-2.ts	run		C
declInput.ts	run		C
declInput3.ts	run		C
declInput4.ts	run		C
declarationAssertionNodeNotReusedWhenTypeNotEquivalent1.ts	run		C
declarationEmitAliasExportStar.ts	run		C
declarationEmitAliasFromIndirectFile.ts	run		C
declarationEmitAliasInlineing.ts	run		C
declarationEmitAmdModuleDefault.ts	skipped	unsupported module kind AMD	
declarationEmitAmdModuleNameDirective.ts	skipped	unsupported module kind UMD	
declarationEmitAnyComputedPropertyInClass.ts	run		C
declarationEmitArrayTypesFromGenericArrayUsage.ts	run		C
declarationEmitArrowFunctionNoRenaming.ts	run		C
declarationEmitBindingPatternWithReservedWord.ts	run		C
declarationEmitBindingPatterns.ts	run		C
declarationEmitBindingPatternsFunctionExpr.ts	run		C
declarationEmitBindingPatternsUnused.ts	run		E
declarationEmitBundleWithAmbientReferences.ts	skipped	unsupported module kind AMD	
declarationEmitBundlerConditions.ts	run		C
declarationEmitCastReusesTypeNode1(strictnullchecks=false).ts	run		C
declarationEmitCastReusesTypeNode1(strictnullchecks=true).ts	run		C
declarationEmitCastReusesTypeNode2(strictnullchecks=false).ts	run		C
declarationEmitCastReusesTypeNode2(strictnullchecks=true).ts	run		C
declarationEmitCastReusesTypeNode3(strictnullchecks=false).ts	run		C
declarationEmitCastReusesTypeNode3(strictnullchecks=true).ts	run		C
declarationEmitCastReusesTypeNode4(strictnullchecks=false).ts	run		C
declarationEmitCastReusesTypeNode4(strictnullchecks=true).ts	run		C
declarationEmitCastReusesTypeNode5(strictnullchecks=false).ts	run		C
declarationEmitCastReusesTypeNode5(strictnullchecks=true).ts	run		C
declarationEmitClassAccessorsJs1.ts	run		C
declarationEmitClassInherritsAny.ts	run		C
declarationEmitClassMemberNameConflict(target=es2015).ts	run		C
declarationEmitClassMemberNameConflict(target=es5).ts	skipped	unsupported target ES5	
declarationEmitClassMemberNameConflict2(target=es2015).ts	run		C
declarationEmitClassMemberNameConflict2(target=es5).ts	skipped	unsupported target ES5	
declarationEmitClassMemberWithComputedPropertyName.ts	run		C
declarationEmitClassMixinLocalClassDeclaration.ts	run		C
declarationEmitClassPrivateConstructor(target=es2015).ts	run		C
declarationEmitClassPrivateConstructor(target=es5).ts	skipped	unsupported target ES5	
declarationEmitClassPrivateConstructor2(target=es2015).ts	run		C
declarationEmitClassPrivateConstructor2(target=es5).ts	skipped	unsupported target ES5	
declarationEmitClassSetAccessorParamNameInJs.ts	run		C
declarationEmitClassSetAccessorParamNameInJs2.ts	run		C
declarationEmitClassSetAccessorParamNameInJs3.ts	run		C
declarationEmitCommonJsModuleReferencedType.ts	run		E
declarationEmitCommonSourceDirectoryDoesNotContainAllFiles.ts	skipped	unsupported outFile /a/dist/index.d.ts	
declarationEmitComputedNameCausesImportToBePainted.ts	run		C
declarationEmitComputedNameConstEnumAlias.ts	run		C
declarationEmitComputedNameWithQuestionToken.ts	run		C
declarationEmitComputedNamesInaccessible.ts	run		C
declarationEmitComputedPropertyName1.ts	run		C
declarationEmitComputedPropertyNameEnum1.ts	run		C
declarationEmitComputedPropertyNameEnum2.ts	run		E
declarationEmitComputedPropertyNameEnum3.ts	run		E
declarationEmitComputedPropertyNameSymbol1.ts	run		E
declarationEmitComputedPropertyNameSymbol2.ts	run		E
declarationEmitConstantNoWidening.ts	run		C
declarationEmitCrossFileCopiedGeneratedImportType.ts	run		C
declarationEmitCrossFileImportTypeOfAmbientModule.ts	run		C
declarationEmitDefaultExport1.ts	run		C
declarationEmitDefaultExport2.ts	run		C
declarationEmitDefaultExport3.ts	run		C
declarationEmitDefaultExport4.ts	run		C
declarationEmitDefaultExport5.ts	run		C
declarationEmitDefaultExport6.ts	run		C
declarationEmitDefaultExport7.ts	run		C
declarationEmitDefaultExport8.ts	run		C
declarationEmitDefaultExportWithStaticAssignment.ts	run		C
declarationEmitDefaultExportWithTempVarName.ts	skipped	unsupported module kind System	
declarationEmitDefaultExportWithTempVarNameWithBundling.ts	skipped	unsupported module kind System	
declarationEmitDestructuring1.ts	run		C
declarationEmitDestructuring2.ts	run		E
declarationEmitDestructuring3.ts	run		C
declarationEmitDestructuring4.ts	run		C
declarationEmitDestructuring5.ts	run		C
declarationEmitDestructuringArrayPattern1.ts	run		C
declarationEmitDestructuringArrayPattern2.ts	run		E
declarationEmitDestructuringArrayPattern3.ts	run		C
declarationEmitDestructuringArrayPattern4.ts	run		C
declarationEmitDestructuringArrayPattern5.ts	run		C
declarationEmitDestructuringObjectLiteralPattern.ts	run		E
declarationEmitDestructuringObjectLiteralPattern1.ts	run		E
declarationEmitDestructuringObjectLiteralPattern2.ts	run		C
declarationEmitDestructuringOptionalBindingParametersInOverloads.ts	run		C
declarationEmitDestructuringParameterProperties.ts	run		E
declarationEmitDestructuringParameterProperties2.ts	run		E
declarationEmitDestructuringPrivacyError.ts	run		C
declarationEmitDestructuringWithOptionalBindingParameters.ts	run		E
declarationEmitDetachedComment1(target=es2015).ts	run		C
declarationEmitDetachedComment1(target=es5).ts	skipped	unsupported target ES5	
declarationEmitDetachedComment2(target=es2015).ts	run		C
declarationEmitDetachedComment2(target=es5).ts	skipped	unsupported target ES5	
declarationEmitDistributiveConditionalWithInfer.ts	run		C
declarationEmitDoesNotUseReexportedNamespaceAsLocal.ts	run		C
declarationEmitDuplicateParameterDestructuring.ts	run		C
declarationEmitEnumReadonlyProperty.ts	run		C
declarationEmitEnumReferenceViaImportEquals.ts	run		C
declarationEmitExactOptionalPropertyTypesNodeNotReused(exactoptionalpropertytypes=false).ts	run		C
declarationEmitExactOptionalPropertyTypesNodeNotReused(exactoptionalpropertytypes=true).ts	run		C
declarationEmitExpandoPropertyPrivateName.ts	run		E
declarationEmitExpandoWithGenericConstraint.ts	run		C
declarationEmitExportAliasVisibiilityMarking.ts	run		C
declarationEmitExportAssignedNamespaceNoTripleSlashTypesReference.ts	run		C
declarationEmitExportAssignment(target=es2015).ts	run		C
declarationEmitExportAssignment(target=es5).ts	skipped	unsupported target ES5	
declarationEmitExportDeclaration(target=es2015).ts	run		C
declarationEmitExportDeclaration(target=es5).ts	skipped	unsupported target ES5	
declarationEmitExpressionInExtends.ts	run		E
declarationEmitExpressionInExtends2.ts	run		E
declarationEmitExpressionInExtends3.ts	run		E
declarationEmitExpressionInExtends4.ts	run		E
declarationEmitExpressionInExtends5.ts	run		C
declarationEmitExpressionInExtends6.ts	run		C
declarationEmitExpressionInExtends7.ts	run		E
declarationEmitExpressionWithNonlocalPrivateUniqueSymbol.ts	run		E
declarationEmitFBoundedTypeParams.ts	run		C
declarationEmitFirstTypeArgumentGenericFunctionType.ts	run		C
declarationEmitForDefaultExportClassExtendingExpression01.ts	run		C
declarationEmitForGlobalishSpecifierSymlink.ts	run		C
declarationEmitForGlobalishSpecifierSymlink2.ts	run		C
declarationEmitForModuleImportingModuleAugmentationRetainsImport.ts	run		C
declarationEmitForTypesWhichNeedImportTypes.ts	run		C
declarationEmitFunctionDuplicateNamespace.ts	run		C
declarationEmitFunctionKeywordProp.ts	run		C
declarationEmitGenericTypeParamerSerialization.ts	run		C
declarationEmitGenericTypeParamerSerialization2.ts	run		C
declarationEmitGenericTypeParamerSerialization3.ts	run		C
declarationEmitGlobalThisPreserved.ts	run		C
declarationEmitHasTypesRefOnNamespaceUse.ts	run		C
declarationEmitHigherOrderRetainedGenerics.ts	run		C
declarationEmitIdentifierPredicates01.ts	run		C
declarationEmitIdentifierPredicatesWithPrivateName01.ts	run		C
declarationEmitImportInExportAssignmentModule.ts	run		C
declarationEmitIndexTypeArray.ts	run		C
declarationEmitIndexTypeNotFound.ts	run		E
declarationEmitInferredDefaultExportType.ts	run		C
declarationEmitInferredDefaultExportType2.ts	run		C
declarationEmitInferredTypeAlias1.ts	run		E
declarationEmitInferredTypeAlias2.ts	run		E
declarationEmitInferredTypeAlias3.ts	run		E
declarationEmitInferredTypeAlias4.ts	run		E
declarationEmitInferredTypeAlias5.ts	run		E
declarationEmitInferredTypeAlias6.ts	run		E
declarationEmitInferredTypeAlias7.ts	run		E
declarationEmitInferredTypeAlias8.ts	run		C
declarationEmitInferredTypeAlias9.ts	run		C
declarationEmitInferredUndefinedPropFromFunctionInArray.ts	run		C
declarationEmitInlinedDistributiveConditional.ts	run		C
declarationEmitInterfaceWithNonEntityNameExpressionHeritage.ts	run		E
declarationEmitInvalidExport.ts	run		E
declarationEmitInvalidReference.ts	run		C
declarationEmitInvalidReference2.ts	run		E
declarationEmitInvalidReferenceAllowJs.ts	run		E
declarationEmitIsolatedDeclarationErrorNotEmittedForNonEmittedFile.ts	run		E
declarationEmitJsReExportDefault.ts	run		C
declarationEmitKeywordDestructuring.ts	run		C
declarationEmitLambdaWithMissingTypeParameterNoCrash.ts	run		E
declarationEmitLateBoundAssignments.ts	run		C
declarationEmitLateBoundAssignments2.ts	run		C
declarationEmitLateBoundJSAssignments.ts	run		C
declarationEmitLocalClassDeclarationMixin.ts	run		C
declarationEmitLocalClassHasRequiredDeclare.ts	run		C
declarationEmitMappedPrivateTypeTypeParameter.ts	run		E
declarationEmitMappedTypeDistributivityPreservesConstraints.ts	run		C
declarationEmitMappedTypePreservesTypeParameterConstraint.ts	run		C
declarationEmitMappedTypePropertyFromNumericStringKey.ts	run		C
declarationEmitMappedTypeTemplateTypeofSymbol.ts	run		E
declarationEmitMergedAliasWithConst.ts	run		C
declarationEmitMethodDeclaration.ts	run		C
declarationEmitMixinPrivateProtected.ts	run		E
declarationEmitModuleWithScopeMarker(target=es2015).ts	run		C
declarationEmitModuleWithScopeMarker(target=es5).ts	skipped	unsupported target ES5	
declarationEmitMonorepoBaseUrl.ts	skipped	unsupported baseUrl /	
declarationEmitMultipleComputedNamesSameDomain.ts	run		C
declarationEmitNameConflicts.ts	run		C
declarationEmitNameConflicts2.ts	run		C
declarationEmitNameConflicts3.ts	run		C
declarationEmitNameConflictsWithAlias.ts	run		C
declarationEmitNamespaceMergedWithInterfaceNestedFunction.ts	run		C
declarationEmitNestedAnonymousMappedType.ts	run		C
declarationEmitNestedBindingPattern.ts	run		E
declarationEmitNestedGenerics.ts	run		C
declarationEmitNoInvalidCommentReuse1.ts	run		C
declarationEmitNoInvalidCommentReuse2.ts	run		C
declarationEmitNoInvalidCommentReuse3.ts	run		C
declarationEmitNoNonRequiredParens.ts	run		C
declarationEmitNonExportedBindingPattern.ts	run		C
declarationEmitObjectAssignedDefaultExport.ts	run		E
declarationEmitObjectLiteralAccessors1.ts	run		C
declarationEmitObjectLiteralAccessorsJs1.ts	run		C
declarationEmitOfFuncspace.ts	run		C
declarationEmitOfTypeofAliasedExport.ts	run		C
declarationEmitOptionalMappedTypePropertyNoStrictNullChecks1.ts	run		C
declarationEmitOptionalMappedTypePropertyNoStrictNullChecks2.ts	run		C
declarationEmitOptionalMappedTypePropertyNoStrictNullChecks3.ts	run		C
declarationEmitOptionalMappedTypePropertyNoStrictNullChecks4.ts	run		C
declarationEmitOptionalMethod.ts	run		C
declarationEmitOutFileBundlePaths.ts	skipped	unsupported outFile /.src/js/index.js	
declarationEmitOverloadedPrivateInference.ts	run		C
declarationEmitParameterProperty.ts	run		C
declarationEmitPartialNodeReuseTypeOf.ts	run		C
declarationEmitPartialNodeReuseTypeReferences.ts	run		C
declarationEmitPartialReuseComputedProperty.ts	run		C
declarationEmitPathMappingMonorepo.ts	skipped	unsupported baseUrl /.src/packages/b	
declarationEmitPathMappingMonorepo2.ts	skipped	unsupported baseUrl /.src/packages	
declarationEmitPrefersPathKindBasedOnBundling(target=es2015).ts	skipped	unsupported baseUrl /.src	
declarationEmitPrefersPathKindBasedOnBundling(target=es5).ts	skipped	unsupported baseUrl /.src	
declarationEmitPrefersPathKindBasedOnBundling2(target=es2015).ts	skipped	unsupported module kind AMD	
declarationEmitPrefersPathKindBasedOnBundling2(target=es5).ts	skipped	unsupported module kind AMD	
declarationEmitPreserveReferencedImports.ts	run		C
declarationEmitPrivateAsync.ts	run		C
declarationEmitPrivateNameCausesError.ts	run		C
declarationEmitPrivatePromiseLikeInterface.ts	run		E
declarationEmitPrivateReadonlyLiterals.ts	run		C
declarationEmitPrivateSymbolCausesVarDeclarationEmit2.ts	run		E
declarationEmitPrivateSymbolCausesVarDeclarationToBeEmitted.ts	run		C
declarationEmitPromise.ts	run		C
declarationEmitPropertyNumericStringKey.ts	run		C
declarationEmitProtectedMembers(target=es2015).ts	run		C
declarationEmitProtectedMembers(target=es5).ts	skipped	unsupported target ES5	
declarationEmitQualifiedAliasTypeArgument.ts	run		C
declarationEmitReadonly.ts	run		C
declarationEmitReadonlyComputedProperty.ts	run		E
declarationEmitRecursiveConditionalAliasPreserved.ts	run		C
declarationEmitRedundantTripleSlashModuleAugmentation.ts	run		C
declarationEmitReexportedSymlinkReference.ts	run		C
declarationEmitReexportedSymlinkReference2.ts	run		C
declarationEmitReexportedSymlinkReference3.ts	run		E
declarationEmitRelativeModuleError.ts	run		E
declarationEmitResolveTypesIfNotReusable.ts	run		C
declarationEmitRetainedAnnotationRetainsImportInOutput.ts	run		C
declarationEmitRetainsJsdocyComments.ts	run		C
declarationEmitReusesLambdaParameterNodes.ts	run		C
declarationEmitScopeConsistency.ts	run		C
declarationEmitScopeConsistency3.ts	run		C
declarationEmitShadowing.ts	run		C
declarationEmitShadowingInferNotRenamed.ts	run		C
declarationEmitSimpleComputedNames1.ts	run		C
declarationEmitSpreadStringlyKeyedEnum.ts	run		C
declarationEmitStringEnumUsedInNonlocalSpread.ts	run		C
declarationEmitSymlinkPaths(target=es2015).ts	run		C
declarationEmitSymlinkPaths(target=es5).ts	skipped	unsupported target ES5	
declarationEmitThisPredicates01.ts	run		C
declarationEmitThisPredicates02.ts	run		C
declarationEmitThisPredicatesWithPrivateName01.ts	run		C
declarationEmitThisPredicatesWithPrivateName02.ts	run		C
declarationEmitToDeclarationDirWithCompositeOption.ts	run		C
declarationEmitToDeclarationDirWithDeclarationOption.ts	run		C
declarationEmitToDeclarationDirWithoutCompositeAndDeclarationOptions.ts	run		E
declarationEmitTopLevelNodeFromCrossFile.ts	run		C
declarationEmitTopLevelNodeFromCrossFile2.ts	run		C
declarationEmitTransitiveImportOfHtmlDeclarationItem.ts	run		C
declarationEmitTripleSlashReferenceAmbientModule.ts	run		C
declarationEmitTupleRestSignatureLeadingVariadic.ts	run		C
declarationEmitTypeAliasTypeParameterExtendingUnknownSymbol.ts	run		E
declarationEmitTypeAliasWithTypeParameters1.ts	run		C
declarationEmitTypeAliasWithTypeParameters2.ts	run		C
declarationEmitTypeAliasWithTypeParameters3.ts	run		C
declarationEmitTypeAliasWithTypeParameters4.ts	run		C
declarationEmitTypeAliasWithTypeParameters5.ts	run		C
declarationEmitTypeAliasWithTypeParameters6.ts	run		C
declarationEmitTypeParamMergedWithPrivate.ts	run		C
declarationEmitTypeParameterNameInOuterScope.ts	run		C
declarationEmitTypeParameterNameReusedInOverloads.ts	run		E
declarationEmitTypeParameterNameShadowedInternally.ts	run		C
declarationEmitTypeofDefaultExport.ts	run		C
declarationEmitTypeofRest.ts	run		C
declarationEmitTypeofThisInClass.ts	run		C
declarationEmitUnknownImport(target=es2015).ts	run		E
declarationEmitUnknownImport(target=es5).ts	skipped	unsupported target ES5	
declarationEmitUnknownImport2(target=es2015).ts	run		E
declarationEmitUnknownImport2(target=es5).ts	skipped	unsupported target ES5	
declarationEmitUnnessesaryTypeReferenceNotAdded(target=es2015).ts	run		C
declarationEmitUnnessesaryTypeReferenceNotAdded(target=es5).ts	skipped	unsupported target ES5	
declarationEmitUnsafeImportSymbolName.ts	run		E
declarationEmitUsingAlternativeContainingModules1.ts	run		C
declarationEmitUsingAlternativeContainingModules2.ts	run		C
declarationEmitUsingTypeAlias1.ts	run		E
declarationEmitUsingTypeAlias2.ts	run		C
declarationEmitVarInElidedBlock.ts	run		E
declarationEmitWithComposite.ts	run		C
declarationEmitWithDefaultAsComputedName(target=es2015).ts	run		C
declarationEmitWithDefaultAsComputedName(target=es5).ts	skipped	unsupported target ES5	
declarationEmitWithDefaultAsComputedName2(target=es2015).ts	run		C
declarationEmitWithDefaultAsComputedName2(target=es5).ts	skipped	unsupported target ES5	
declarationEmitWithInvalidPackageJsonTypings.ts	run		E
declarationEmitWorkWithInlineComments.ts	run		C
declarationFileForHtmlFileWithinDeclarationFile.ts	run		C
declarationFileForHtmlImport(allowarbitraryextensions=false).ts	run		E
declarationFileForHtmlImport(allowarbitraryextensions=true).ts	run		C
declarationFileForJsonImport(resolvejsonmodule=false).ts	run		C
declarationFileForJsonImport(resolvejsonmodule=true).ts	run		C
declarationFileForTsJsImport(module=node18).ts	run		E
declarationFileForTsJsImport(module=node20).ts	run		E
declarationFileForTsJsImport(module=nodenext).ts	run		E
declarationFileNoCrashOnExtraExportModifier.ts	run		E
declarationFileOverwriteError.ts	run		E
declarationFileOverwriteErrorWithOut.ts	skipped	unsupported outFile /out.js	
declarationFiles.ts	run		E
declarationFilesForNodeNativeModules(allowarbitraryextensions=false,module=node18).ts	run		E
declarationFilesForNodeNativeModules(allowarbitraryextensions=false,module=node20).ts	run		E
declarationFilesForNodeNativeModules(allowarbitraryextensions=false,module=nodenext).ts	run		E
declarationFilesForNodeNativeModules(allowarbitraryextensions=true,module=node18).ts	run		C
declarationFilesForNodeNativeModules(allowarbitraryextensions=true,module=node20).ts	run		C
declarationFilesForNodeNativeModules(allowarbitraryextensions=true,module=nodenext).ts	run		C
declarationFilesGeneratingTypeReferences.ts	skipped	unsupported outFile /.src/out.js	
declarationFilesWithTypeReferences1.ts	run		E
declarationFilesWithTypeReferences2.ts	run		E
declarationFilesWithTypeReferences3.ts	run		E
declarationFilesWithTypeReferences4.ts	run		E
declarationFunctionTypeNonlocalShouldNotBeAnError.ts	run		C
declarationImportTypeAliasInferredAndEmittable.ts	run		C
declarationInAmbientContext.ts	run		C
declarationMaps.ts	run		C
declarationMapsMultifile.ts	run		C
declarationMapsOutFile.ts	skipped	unsupported module kind AMD	
declarationMapsOutFile2.ts	skipped	unsupported outFile /.src/bundle.js	
declarationMapsWithSourceMap.ts	skipped	unsupported outFile /.src/bundle.js	
declarationMapsWithoutDeclaration.ts	run		E
declarationMerging1.ts	run		C
declarationMerging2.ts	skipped	unsupported module kind AMD	
declarationNoDanglingGenerics.ts	run		C
declarationNotFoundPackageBundlesTypes.ts	run		E
declarationQuotedMembers.ts	run		C
declarationTypecheckNoUseBeforeReferenceCheck.ts	run		C
declarationWithNoInitializer.ts	run		E
declarationsAndAssignments.ts	run		E
declarationsForFileShadowingGlobalNoError.ts	run		C
declarationsForIndirectTypeAliasReference.ts	run		C
declarationsForInferredTypeFromOtherFile.ts	run		C
declarationsIndirectGeneratedAliasReference.ts	run		C
declarationsWithRecursiveInternalTypesProduceUniqueTypeParams.ts	run		C
declareAlreadySeen.ts	run		E
declareClassInterfaceImplementation.ts	run		E
declareDottedExtend.ts	run		C
declareDottedModuleName.ts	run		C
declareExternalModuleWithExportAssignedFundule.ts	run		C
declareFileExportAssignment.ts	run		C
declareFileExportAssignmentWithVarFromVariableStatement.ts	run		C
declareIdentifierAsBeginningOfStatementExpression01.ts	run		C
declareModifierOnImport1.ts	run		E
declareModifierOnTypeAlias.ts	run		C
declaredClassMergedwithSelf.ts	run		E
declaredExternalModule.ts	run		C
declaredExternalModuleWithExportAssignment.ts	run		C
decoratedBlockScopedClass1(target=es2015).ts	run		C
decoratedBlockScopedClass1(target=es5).ts	skipped	unsupported target ES5	
decoratedBlockScopedClass2(target=es2015).ts	run		C
decoratedBlockScopedClass2(target=es5).ts	skipped	unsupported target ES5	
decoratedBlockScopedClass3(target=es2015).ts	run		C
decoratedBlockScopedClass3(target=es5).ts	skipped	unsupported target ES5	
decoratedClassExportsCommonJS1.ts	run		C
decoratedClassExportsCommonJS2.ts	run		C
decoratedClassExportsSystem1.ts	skipped	unsupported module kind System	
decoratedClassExportsSystem2.ts	skipped	unsupported module kind System	
decoratedClassFromExternalModule.ts	run		E
decoratedDefaultExportsGetExportedAmd.ts	skipped	unsupported module kind AMD	
decoratedDefaultExportsGetExportedCommonjs.ts	run		E
decoratedDefaultExportsGetExportedSystem.ts	skipped	unsupported module kind System	
decoratedDefaultExportsGetExportedUmd.ts	skipped	unsupported module kind UMD	
decoratorCallGeneric.ts	run		E
decoratorChecksFunctionBodies(target=es2015).ts	run		E
decoratorChecksFunctionBodies(target=es5).ts	skipped	unsupported target ES5	
decoratorInAmbientContext.ts	run		C
decoratorInJsFile.ts	run		E
decoratorInJsFile1.ts	run		E
decoratorInstantiateModulesInFunctionBodies(target=es2015).ts	run		C
decoratorInstantiateModulesInFunctionBodies(target=es5).ts	skipped	unsupported target ES5	
decoratorMetadata(target=es2015).ts	run		C
decoratorMetadata(target=es5).ts	skipped	unsupported target ES5	
decoratorMetadata-jsdoc(target=es2015).ts	run		E
decoratorMetadata-jsdoc(target=es5).ts	skipped	unsupported target ES5	
decoratorMetadataConditionalType.ts	run		E
decoratorMetadataElidedImport(module=commonjs).ts	run		C
decoratorMetadataElidedImport(module=esnext).ts	run		C
decoratorMetadataElidedImportOnDeclare(module=commonjs).ts	run		C
decoratorMetadataElidedImportOnDeclare(module=esnext).ts	run		C
decoratorMetadataForMethodWithNoReturnTypeAnnotation01(target=es2015).ts	run		C
decoratorMetadataForMethodWithNoReturnTypeAnnotation01(target=es5).ts	skipped	unsupported target ES5	
decoratorMetadataGenericTypeVariable.ts	run		E
decoratorMetadataGenericTypeVariableDefault.ts	run		E
decoratorMetadataGenericTypeVariableInScope.ts	run		E
decoratorMetadataNoLibIsolatedModulesTypes.ts	run		E
decoratorMetadataNoStrictNull.ts	run		C
decoratorMetadataOnInferredType(target=es2015).ts	run		C
decoratorMetadataOnInferredType(target=es5).ts	skipped	unsupported target ES5	
decoratorMetadataPromise.ts	run		C
decoratorMetadataRestParameterWithImportedType(target=es2015).ts	run		E
decoratorMetadataRestParameterWithImportedType(target=es5).ts	skipped	unsupported target ES5	
decoratorMetadataTypeOnlyExport.ts	run		C
decoratorMetadataTypeOnlyImport.ts	run		E
decoratorMetadataWithConstructorType(target=es2015).ts	run		C
decoratorMetadataWithConstructorType(target=es5).ts	skipped	unsupported target ES5	
decoratorMetadataWithImportDeclarationNameCollision(target=es2015).ts	run		C
decoratorMetadataWithImportDeclarationNameCollision(target=es5).ts	skipped	unsupported target ES5	
decoratorMetadataWithImportDeclarationNameCollision2(target=es2015).ts	run		C
decoratorMetadataWithImportDeclarationNameCollision2(target=es5).ts	skipped	unsupported target ES5	
decoratorMetadataWithImportDeclarationNameCollision3(target=es2015).ts	run		C
decoratorMetadataWithImportDeclarationNameCollision3(target=es5).ts	skipped	unsupported target ES5	
decoratorMetadataWithImportDeclarationNameCollision4(target=es2015).ts	run		E
decoratorMetadataWithImportDeclarationNameCollision4(target=es5).ts	skipped	unsupported target ES5	
decoratorMetadataWithImportDeclarationNameCollision5(target=es2015).ts	run		C
decoratorMetadataWithImportDeclarationNameCollision5(target=es5).ts	skipped	unsupported target ES5	
decoratorMetadataWithImportDeclarationNameCollision6(target=es2015).ts	run		C
decoratorMetadataWithImportDeclarationNameCollision6(target=es5).ts	skipped	unsupported target ES5	
decoratorMetadataWithImportDeclarationNameCollision7(target=es2015).ts	run		E
decoratorMetadataWithImportDeclarationNameCollision7(target=es5).ts	skipped	unsupported target ES5	
decoratorMetadataWithImportDeclarationNameCollision8(target=es2015).ts	run		C
decoratorMetadataWithImportDeclarationNameCollision8(target=es5).ts	skipped	unsupported target ES5	
decoratorMetadataWithTypeOnlyImport(target=es2015).ts	run		C
decoratorMetadataWithTypeOnlyImport(target=es5).ts	skipped	unsupported target ES5	
decoratorMetadataWithTypeOnlyImport2.ts	run		E
decoratorOnArrowFunction.ts	run		E
decoratorOnAwait.ts	run		E
decoratorOnClass1(target=es2015).ts	run		C
decoratorOnClass1(target=es5).ts	skipped	unsupported target ES5	
decoratorOnClass1.es6.ts	run		C
decoratorOnClass2(target=es2015).ts	run		C
decoratorOnClass2(target=es5).ts	skipped	unsupported target ES5	
decoratorOnClass2.es6.ts	run		C
decoratorOnClass3(target=es2015).ts	run		C
decoratorOnClass3(target=es5).ts	skipped	unsupported target ES5	
decoratorOnClass3.es6.ts	run		C
decoratorOnClass4(target=es2015).ts	run		C
decoratorOnClass4(target=es5).ts	skipped	unsupported target ES5	
decoratorOnClass4.es6.ts	run		C
decoratorOnClass5(target=es2015).ts	run		C
decoratorOnClass5(target=es5).ts	skipped	unsupported target ES5	
decoratorOnClass5.es6.ts	run		C
decoratorOnClass6.es6.ts	run		C
decoratorOnClass7.es6.ts	run		C
decoratorOnClass8(target=es2015).ts	run		E
decoratorOnClass8(target=es5).ts	skipped	unsupported target ES5	
decoratorOnClass8.es6.ts	run		C
decoratorOnClass9(target=es2015).ts	run		C
decoratorOnClass9(target=es5).ts	skipped	unsupported target ES5	
decoratorOnClassAccessor1(target=es2015).ts	run		C
decoratorOnClassAccessor1(target=es5).ts	skipped	unsupported target ES5	
decoratorOnClassAccessor1.es6.ts	run		C
decoratorOnClassAccessor2(target=es2015).ts	run		C
decoratorOnClassAccessor2(target=es5).ts	skipped	unsupported target ES5	
decoratorOnClassAccessor3(target=es2015).ts	run		E
decoratorOnClassAccessor3(target=es5).ts	skipped	unsupported target ES5	
decoratorOnClassAccessor4(target=es2015).ts	run		C
decoratorOnClassAccessor4(target=es5).ts	skipped	unsupported target ES5	
decoratorOnClassAccessor5(target=es2015).ts	run		C
decoratorOnClassAccessor5(target=es5).ts	skipped	unsupported target ES5	
decoratorOnClassAccessor6(target=es2015).ts	run		E
decoratorOnClassAccessor6(target=es5).ts	skipped	unsupported target ES5	
decoratorOnClassAccessor7(target=es2015).ts	run		E
decoratorOnClassAccessor7(target=es5).ts	skipped	unsupported target ES5	
decoratorOnClassAccessor8(target=es2015).ts	run		C
decoratorOnClassAccessor8(target=es5).ts	skipped	unsupported target ES5	
decoratorOnClassConstructor1(target=es2015).ts	run		E
decoratorOnClassConstructor1(target=es5).ts	skipped	unsupported target ES5	
decoratorOnClassConstructor2(target=es2015).ts	run		E
decoratorOnClassConstructor2(target=es5).ts	skipped	unsupported target ES5	
decoratorOnClassConstructor3(target=es2015).ts	run		E
decoratorOnClassConstructor3(target=es5).ts	skipped	unsupported target ES5	
decoratorOnClassConstructor4(target=es2015).ts	run		C
decoratorOnClassConstructor4(target=es5).ts	skipped	unsupported target ES5	
decoratorOnClassConstructorParameter1(target=es2015).ts	run		E
decoratorOnClassConstructorParameter1(target=es5).ts	skipped	unsupported target ES5	
decoratorOnClassConstructorParameter4(target=es2015).ts	run		E
decoratorOnClassConstructorParameter4(target=es5).ts	skipped	unsupported target ES5	
decoratorOnClassConstructorParameter5.ts	run		C
decoratorOnClassMethod1(target=es2015).ts	run		C
decoratorOnClassMethod1(target=es5).ts	skipped	unsupported target ES5	
decoratorOnClassMethod1.es6.ts	run		C
decoratorOnClassMethod10(target=es2015).ts	run		E
decoratorOnClassMethod10(target=es5).ts	skipped	unsupported target ES5	
decoratorOnClassMethod11(target=es2015).ts	run		E
decoratorOnClassMethod11(target=es5).ts	skipped	unsupported target ES5	
decoratorOnClassMethod12(target=es2015).ts	run		E
decoratorOnClassMethod12(target=es5).ts	skipped	unsupported target ES5	
decoratorOnClassMethod13.ts	run		C
decoratorOnClassMethod14.ts	run		C
decoratorOnClassMethod15.ts	run		C
decoratorOnClassMethod16.ts	run		C
decoratorOnClassMethod17.ts	run		E
decoratorOnClassMethod18.ts	run		C
decoratorOnClassMethod19(target=es2015).ts	run		C
decoratorOnClassMethod19(target=es2022).ts	run		C
decoratorOnClassMethod19(target=esnext).ts	run		C
decoratorOnClassMethod2(target=es2015).ts	run		C
decoratorOnClassMethod2(target=es5).ts	skipped	unsupported target ES5	
decoratorOnClassMethod3(target=es2015).ts	run		E
decoratorOnClassMethod3(target=es5).ts	skipped	unsupported target ES5	
decoratorOnClassMethod4.ts	run		C
decoratorOnClassMethod5.ts	run		C
decoratorOnClassMethod6.ts	run		E
decoratorOnClassMethod7.ts	run		C
decoratorOnClassMethod8(target=es2015).ts	run		E
decoratorOnClassMethod8(target=es5).ts	skipped	unsupported target ES5	
decoratorOnClassMethodOverload1(target=es2015).ts	run		E
decoratorOnClassMethodOverload1(target=es5).ts	skipped	unsupported target ES5	
decoratorOnClassMethodOverload2(target=es2015).ts	run		C
decoratorOnClassMethodOverload2(target=es5).ts	skipped	unsupported target ES5	
decoratorOnClassMethodParameter1(target=es2015).ts	run		C
decoratorOnClassMethodParameter1(target=es5).ts	skipped	unsupported target ES5	
decoratorOnClassMethodParameter1.es6.ts	run		C
decoratorOnClassMethodParameter2(target=es2015).ts	run		C
decoratorOnClassMethodParameter2(target=es5).ts	skipped	unsupported target ES5	
decoratorOnClassMethodParameter3.ts	run		E
decoratorOnClassMethodThisParameter(target=es2015).ts	run		E
decoratorOnClassMethodThisParameter(target=es5).ts	skipped	unsupported target ES5	
decoratorOnClassProperty1(target=es2015).ts	run		C
decoratorOnClassProperty1(target=es5).ts	skipped	unsupported target ES5	
decoratorOnClassProperty1.es6.ts	run		C
decoratorOnClassProperty10(target=es2015).ts	run		C
decoratorOnClassProperty10(target=es5).ts	skipped	unsupported target ES5	
decoratorOnClassProperty11(target=es2015).ts	run		E
decoratorOnClassProperty11(target=es5).ts	skipped	unsupported target ES5	
decoratorOnClassProperty12(target=es2015).ts	run		C
decoratorOnClassProperty12(target=es5).ts	skipped	unsupported target ES5	
decoratorOnClassProperty13.ts	run		C
decoratorOnClassProperty2(target=es2015).ts	run		C
decoratorOnClassProperty2(target=es5).ts	skipped	unsupported target ES5	
decoratorOnClassProperty3(target=es2015).ts	run		E
decoratorOnClassProperty3(target=es5).ts	skipped	unsupported target ES5	
decoratorOnClassProperty6(target=es2015).ts	run		E
decoratorOnClassProperty6(target=es5).ts	skipped	unsupported target ES5	
decoratorOnClassProperty7(target=es2015).ts	run		E
decoratorOnClassProperty7(target=es5).ts	skipped	unsupported target ES5	
decoratorOnEnum.ts	run		E
decoratorOnEnum2.ts	run		E
decoratorOnFunctionDeclaration.ts	run		E
decoratorOnFunctionExpression.ts	run		E
decoratorOnFunctionParameter.ts	run		E
decoratorOnImportEquals1.ts	run		E
decoratorOnImportEquals2.ts	run		E
decoratorOnInterface.ts	run		E
decoratorOnInternalModule.ts	run		E
decoratorOnTypeAlias.ts	run		E
decoratorOnUsing.ts	run		E
decoratorOnVar.ts	run		E
decoratorReferenceOnOtherProperty.ts	run		C
decoratorReferences.ts	run		C
decoratorUsedBeforeDeclaration.ts	run		E
decoratorWithNegativeLiteralTypeNoCrash(target=es2015).ts	run		C
decoratorWithNegativeLiteralTypeNoCrash(target=es5).ts	skipped	unsupported target ES5	
decoratorWithUnderscoreMethod.ts	run		C
decoratorsOnComputedProperties.ts	run		E
decrementAndIncrementOperators.ts	run		E
decrementOperatorWithAnyOtherType.ts	run		C
decrementOperatorWithAnyOtherTypeInvalidOperations.ts	run		E
decrementOperatorWithEnumType.ts	run		E
decrementOperatorWithEnumTypeInvalidOperations.ts	run		E
decrementOperatorWithNumberType.ts	run		E
decrementOperatorWithNumberTypeInvalidOperations.ts	run		E
decrementOperatorWithUnsupportedBooleanType.ts	run		E
decrementOperatorWithUnsupportedStringType.ts	run		E
deduplicateImportsInSystem.ts	skipped	unsupported module kind System	
deepComparisons.ts	run		E
deepElaborationsIntoArrowExpressions.ts	run		E
deepExcessPropertyCheckingWhenTargetIsIntersection.ts	run		E
deepKeysIndexing.ts	run		E
deeplyDependentLargeArrayMutation.ts	run		C
deeplyDependentLargeArrayMutation2.ts	run		C
deeplyNestedAssignabilityErrorsCombined.ts	run		E
deeplyNestedAssignabilityIssue.ts	run		E
deeplyNestedCheck.ts	run		E
deeplyNestedConditionalTypes.ts	run		C
deeplyNestedConstraints.ts	run		C
deeplyNestedMappedTypes.ts	run		E
deeplyNestedTemplateLiteralIntersection.ts	run		C
defaultArgsInFunctionExpressions.ts	run		E
defaultArgsInOverloads.ts	run		E
defaultBestCommonTypesHaveDecls.ts	run		E
defaultDeclarationEmitDefaultImport.ts	run		C
defaultDeclarationEmitNamedCorrectly.ts	run		E
defaultDeclarationEmitShadowedNamedCorrectly.ts	run		E
defaultExportInAwaitExpression01.ts	skipped	unsupported module kind UMD	
defaultExportInAwaitExpression02.ts	run		C
defaultExportWithOverloads01(target=es2015).ts	run		C
defaultExportWithOverloads01(target=es5).ts	skipped	unsupported target ES5	
defaultExportsCannotMerge01(target=es2015).ts	run		E
defaultExportsCannotMerge01(target=es5).ts	skipped	unsupported target ES5	
defaultExportsCannotMerge02(target=es2015).ts	run		E
defaultExportsCannotMerge02(target=es5).ts	skipped	unsupported target ES5	
defaultExportsCannotMerge03(target=es2015).ts	run		E
defaultExportsCannotMerge03(target=es5).ts	skipped	unsupported target ES5	
defaultExportsCannotMerge04(target=es2015).ts	run		E
defaultExportsCannotMerge04(target=es5).ts	skipped	unsupported target ES5	
defaultExportsGetExportedAmd.ts	skipped	unsupported module kind AMD	
defaultExportsGetExportedCommonjs.ts	run		C
defaultExportsGetExportedSystem.ts	skipped	unsupported module kind System	
defaultExportsGetExportedUmd.ts	skipped	unsupported module kind UMD	
defaultIndexProps1.ts	run		C
defaultIndexProps2.ts	run		C
defaultIsNotVisibleInLocalScope.ts	run		E
defaultKeywordWithoutExport1.ts	run		E
defaultKeywordWithoutExport2.ts	run		E
defaultNamedExportWithType1.ts	run		C
defaultNamedExportWithType2.ts	run		C
defaultNamedExportWithType3.ts	run		C
defaultNamedExportWithType4.ts	run		C
defaultOfAnyInStrictNullChecks.ts	run		C
defaultParameterAddsUndefinedWithStrictNullChecks.ts	run		C
defaultParameterTrailingComments.ts	run		C
defaultPropertyAssignedClassWithPrototype.ts	run		E
defaultPropsEmptyCurlyBecomesAnyForJs.ts	run		C
defaultValueInConstructorOverload1.ts	run		E
defaultValueInFunctionOverload1.ts	run		E
defaultValueInFunctionTypes.ts	run		E
deferredConditionalTypes.ts	run		C
deferredConditionalTypes2.ts	run		C
deferredLookupTypeResolution.ts	run		C
deferredLookupTypeResolution2.ts	run		C
deferredTypeReferenceWithinArrayWithinTuple.ts	run		C
defineProperty(target=es5).ts	skipped	unsupported target ES5	
defineProperty(target=esnext).ts	run		E
defineVariables_useDefineForClassFields.ts	run		C
definiteAssignmentAssertions.ts	run		E
definiteAssignmentAssertionsWithObjectShortHand.ts	run		E
definiteAssignmentOfDestructuredVariable.ts	run		C
definiteAssignmentWithErrorStillStripped.ts	run		E
deleteChain.ts	run		E
deleteExpressionMustBeOptional(strict=false).ts	run		E
deleteExpressionMustBeOptional(strict=true).ts	run		E
deleteExpressionMustBeOptional_exactOptionalPropertyTypes(exactoptionalpropertytypes=false).ts	run		E
deleteExpressionMustBeOptional_exactOptionalPropertyTypes(exactoptionalpropertytypes=true).ts	run		E
deleteOperator1.ts	run		E
deleteOperatorInStrictMode.ts	run		E
deleteOperatorInvalidOperations.ts	run		E
deleteOperatorWithAnyOtherType(alwaysstrict=false).ts	skipped	alwaysStrict=false is unsupported	
deleteOperatorWithAnyOtherType(alwaysstrict=true).ts	run		E
deleteOperatorWithBooleanType.ts	run		E
deleteOperatorWithEnumType.ts	run		E
deleteOperatorWithNumberType.ts	run		E
deleteOperatorWithStringType.ts	run		E
deleteReadonly.ts	run		E
deleteReadonlyInStrictNullChecks.ts	run		E
dependencyViaImportAlias.ts	skipped	unsupported module kind AMD	
dependentDestructuredVariables.ts	run		E
dependentDestructuredVariablesFromNestedPatterns.ts	run		C
dependentDestructuredVariablesWithExport.ts	run		C
deprecatedBool.ts	run		C
deprecatedCompilerOptions1.ts	run		E
deprecatedCompilerOptions2.ts	skipped	unsupported module kind AMD	
deprecatedCompilerOptions3.ts	run		E
deprecatedCompilerOptions4.ts	run		E
deprecatedCompilerOptions5.ts	run		E
deprecatedCompilerOptions6.ts	skipped	unsupported module kind AMD	
derivedClassConstructorWithExplicitReturns01(target=es2015).ts	run		E
derivedClassConstructorWithExplicitReturns01(target=es5).ts	skipped	unsupported target ES5	
derivedClassConstructorWithoutSuperCall.ts	run		E
derivedClassFunctionOverridesBaseClassAccessor.ts	run		E
derivedClassIncludesInheritedMembers.ts	run		C
derivedClassOverridesIndexersWithAssignmentCompatibility.ts	run		C
derivedClassOverridesPrivateFunction1.ts	run		E
derivedClassOverridesPrivates.ts	run		E
derivedClassOverridesProtectedMembers(target=es2015).ts	run		E
derivedClassOverridesProtectedMembers(target=es5).ts	skipped	unsupported target ES5	
derivedClassOverridesProtectedMembers2(target=es2015).ts	run		E
derivedClassOverridesProtectedMembers2(target=es5).ts	skipped	unsupported target ES5	
derivedClassOverridesProtectedMembers3(target=es2015).ts	run		E
derivedClassOverridesProtectedMembers3(target=es5).ts	skipped	unsupported target ES5	
derivedClassOverridesProtectedMembers4.ts	run		E
derivedClassOverridesPublicMembers.ts	run		E
derivedClassOverridesWithoutSubtype.ts	run		E
derivedClassParameterProperties.ts	run		E
derivedClassSuperCallsInNonConstructorMembers.ts	run		E
derivedClassSuperCallsWithThisArg.ts	run		E
derivedClassSuperProperties(target=es2015).ts	run		E
derivedClassSuperProperties(target=es5).ts	skipped	unsupported target ES5	
derivedClassSuperStatementPosition(target=es2015).ts	run		E
derivedClassSuperStatementPosition(target=es5).ts	skipped	unsupported target ES5	
derivedClassTransitivity.ts	run		E
derivedClassTransitivity2.ts	run		E
derivedClassTransitivity3.ts	run		E
derivedClassTransitivity4.ts	run		E
derivedClassWithAny.ts	run		E
derivedClassWithPrivateInstanceShadowingProtectedInstance(target=es2015).ts	run		E
derivedClassWithPrivateInstanceShadowingProtectedInstance(target=es5).ts	skipped	unsupported target ES5	
derivedClassWithPrivateInstanceShadowingPublicInstance.ts	run		E
derivedClassWithPrivateStaticShadowingProtectedStatic(target=es2015).ts	run		E
derivedClassWithPrivateStaticShadowingProtectedStatic(target=es5).ts	skipped	unsupported target ES5	
derivedClassWithPrivateStaticShadowingPublicStatic.ts	run		E
derivedClassWithoutExplicitConstructor.ts	run		E
derivedClassWithoutExplicitConstructor2.ts	run		E
derivedClassWithoutExplicitConstructor3.ts	run		E
derivedClasses.ts	run		E
derivedGenericClassWithAny.ts	run		E
derivedInterfaceCallSignature.ts	run		E
derivedInterfaceDoesNotHideBaseSignatures.ts	run		C
derivedInterfaceIncompatibleWithBaseIndexer.ts	run		E
derivedTypeAccessesHiddenBaseCallViaSuperPropertyAccess.ts	run		E
derivedTypeCallingBaseImplWithOptionalParams.ts	run		E
derivedTypeDoesNotRequireExtendsClause.ts	run		E
derivedTypeIncompatibleSignatures.ts	run		E
derivedUninitializedPropertyDeclaration.ts	run		E
destructionAssignmentError.ts	run		E
destructureCatchClause(strict=false,useunknownincatchvariables=false).ts	run		E
destructureCatchClause(strict=false,useunknownincatchvariables=true).ts	run		E
destructureCatchClause(strict=true,useunknownincatchvariables=false).ts	run		E
destructureCatchClause(strict=true,useunknownincatchvariables=true).ts	run		E
destructureComputedProperty.ts	run		E
destructureOfVariableSameAsShorthand.ts	run		C
destructureOptionalParameter.ts	run		C
destructureTupleWithVariableElement.ts	run		E
destructuredDeclarationEmit.ts	run		C
destructuredLateBoundNameHasCorrectTypes.ts	run		E
destructuredMaappedTypeIsNotImplicitlyAny.ts	run		C
destructuringArrayBindingPatternAndAssignment1ES5.ts	run		E
destructuringArrayBindingPatternAndAssignment1ES5iterable.ts	run		E
destructuringArrayBindingPatternAndAssignment1ES6.ts	run		E
destructuringArrayBindingPatternAndAssignment2.ts	run		E
destructuringArrayBindingPatternAndAssignment3.ts	run		E
destructuringArrayBindingPatternAndAssignment4(target=es2015).ts	run		E
destructuringArrayBindingPatternAndAssignment4(target=es5).ts	skipped	unsupported target ES5	
destructuringArrayBindingPatternAndAssignment5SiblingInitializer.ts	run		C
destructuringAssignabilityCheck.ts	run		E
destructuringAssignmentWithDefault.ts	run		C
destructuringAssignmentWithDefault2.ts	run		E
destructuringAssignmentWithExportedName.ts	run		E
destructuringAssignmentWithStrictNullChecks.ts	run		C
destructuringAssignment_private.ts	run		E
destructuringCatch.ts	run		C
destructuringControlFlow.ts	run		E
destructuringControlFlowNoCrash.ts	run		E
destructuringEvaluationOrder(target=es2015).ts	run		C
destructuringEvaluationOrder(target=es5).ts	skipped	unsupported target ES5	
destructuringFromUnionSpread.ts	run		E
destructuringInFunctionType.ts	run		E
destructuringInVariableDeclarations1.ts	run		C
destructuringInVariableDeclarations2.ts	run		C
destructuringInVariableDeclarations3.ts	skipped	unsupported module kind AMD	
destructuringInVariableDeclarations4.ts	skipped	unsupported module kind AMD	
destructuringInVariableDeclarations5.ts	skipped	unsupported module kind UMD	
destructuringInVariableDeclarations6.ts	skipped	unsupported module kind UMD	
destructuringInVariableDeclarations7.ts	skipped	unsupported module kind System	
destructuringInVariableDeclarations8.ts	skipped	unsupported module kind System	
destructuringInitializerContextualTypeFromContext.ts	run		C
destructuringObjectAssignmentPatternWithNestedSpread(target=es2015).ts	run		C
destructuringObjectAssignmentPatternWithNestedSpread(target=es2018).ts	run		C
destructuringObjectAssignmentPatternWithNestedSpread(target=es5).ts	skipped	unsupported target ES5	
destructuringObjectBindingPatternAndAssignment1ES5.ts	run		C
destructuringObjectBindingPatternAndAssignment1ES6.ts	run		C
destructuringObjectBindingPatternAndAssignment3.ts	run		E
destructuringObjectBindingPatternAndAssignment4.ts	run		E
destructuringObjectBindingPatternAndAssignment5.ts	run		C
destructuringObjectBindingPatternAndAssignment6(target=es5).ts	skipped	unsupported target ES5	
destructuringObjectBindingPatternAndAssignment6(target=esnext).ts	run		C
destructuringObjectBindingPatternAndAssignment7(target=es5).ts	skipped	unsupported target ES5	
destructuringObjectBindingPatternAndAssignment7(target=esnext).ts	run		C
destructuringObjectBindingPatternAndAssignment8(target=es5).ts	skipped	unsupported target ES5	
destructuringObjectBindingPatternAndAssignment8(target=esnext).ts	run		C
destructuringObjectBindingPatternAndAssignment9SiblingInitializer.ts	run		C
destructuringParameterDeclaration10(strict=false).ts	run		C
destructuringParameterDeclaration10(strict=true).ts	run		C
destructuringParameterDeclaration1ES5.ts	run		E
destructuringParameterDeclaration1ES5iterable.ts	run		E
destructuringParameterDeclaration1ES6.ts	run		E
destructuringParameterDeclaration2.ts	run		E
destructuringParameterDeclaration3ES5.ts	run		E
destructuringParameterDeclaration3ES5iterable(target=es2015).ts	run		E
destructuringParameterDeclaration3ES5iterable(target=es5).ts	skipped	unsupported target ES5	
destructuringParameterDeclaration3ES6.ts	run		E
destructuringParameterDeclaration4.ts	run		E
destructuringParameterDeclaration5.ts	run		E
destructuringParameterDeclaration6.ts	run		E
destructuringParameterDeclaration7ES5(target=es2015).ts	run		C
destructuringParameterDeclaration7ES5(target=es5).ts	skipped	unsupported target ES5	
destructuringParameterDeclaration7ES5iterable(target=es2015).ts	run		E
destructuringParameterDeclaration7ES5iterable(target=es5).ts	skipped	unsupported target ES5	
destructuringParameterDeclaration8.ts	run		E
destructuringParameterDeclaration9(strict=false).ts	run		C
destructuringParameterDeclaration9(strict=true).ts	run		E
destructuringParameterProperties1.ts	run		E
destructuringParameterProperties2.ts	run		E
destructuringParameterProperties3.ts	run		E
destructuringParameterProperties4.ts	run		E
destructuringParameterProperties5.ts	run		E
destructuringPropertyAssignmentNameIsNotAssignmentTarget.ts	run		C
destructuringReassignsRightHandSide(target=es2015).ts	run		C
destructuringReassignsRightHandSide(target=es5).ts	skipped	unsupported target ES5	
destructuringSameNames.ts	run		E
destructuringSpread.ts	run		E
destructuringTempOccursAfterPrologue.ts	run		C
destructuringTuple.ts	run		E
destructuringTypeAssertionsES5_1(target=es2015).ts	run		E
destructuringTypeAssertionsES5_1(target=es5).ts	skipped	unsupported target ES5	
destructuringTypeAssertionsES5_2(target=es2015).ts	run		E
destructuringTypeAssertionsES5_2(target=es5).ts	skipped	unsupported target ES5	
destructuringTypeAssertionsES5_3(target=es2015).ts	run		E
destructuringTypeAssertionsES5_3(target=es5).ts	skipped	unsupported target ES5	
destructuringTypeAssertionsES5_4(target=es2015).ts	run		E
destructuringTypeAssertionsES5_4(target=es5).ts	skipped	unsupported target ES5	
destructuringTypeAssertionsES5_5(target=es2015).ts	run		C
destructuringTypeAssertionsES5_5(target=es5).ts	skipped	unsupported target ES5	
destructuringTypeAssertionsES5_6(target=es2015).ts	run		E
destructuringTypeAssertionsES5_6(target=es5).ts	skipped	unsupported target ES5	
destructuringTypeAssertionsES5_7(target=es2015).ts	run		E
destructuringTypeAssertionsES5_7(target=es5).ts	skipped	unsupported target ES5	
destructuringTypeGuardFlow.ts	run		C
destructuringUnspreadableIntoRest.ts	run		E
destructuringVariableDeclaration1ES5.ts	run		E
destructuringVariableDeclaration1ES5iterable(target=es2015).ts	run		E
destructuringVariableDeclaration1ES5iterable(target=es5).ts	skipped	unsupported target ES5	
destructuringVariableDeclaration1ES6.ts	run		E
destructuringVariableDeclaration2.ts	run		E
destructuringVoid.ts	run		C
destructuringVoidStrictNullChecks.ts	run		E
destructuringWithConstraint.ts	run		C
destructuringWithGenericParameter.ts	run		E
destructuringWithLiteralInitializers.ts	run		C
destructuringWithLiteralInitializers2.ts	run		E
destructuringWithNewExpression.ts	run		C
destructuringWithNumberLiteral.ts	run		C
detachedCommentAtStartOfConstructor1.ts	run		C
detachedCommentAtStartOfConstructor2.ts	run		E
detachedCommentAtStartOfFunctionBody1.ts	run		E
detachedCommentAtStartOfFunctionBody2.ts	run		E
detachedCommentAtStartOfLambdaFunction1.ts	run		E
detachedCommentAtStartOfLambdaFunction2.ts	run		E
didYouMeanElaborationsForExpressionsWhichCouldBeCalled.ts	run		E
didYouMeanStringLiteral.ts	run		E
didYouMeanSuggestionErrors.ts	run		E
differentTypesWithSameName.ts	run		E
directDependenceBetweenTypeAliases.ts	run		E
directReferenceToNull.ts	run		E
directReferenceToUndefined.ts	run		E
disallowLineTerminatorBeforeArrow.ts	run		E
disallowedBlockScopedInPresenceOfParseErrors1.ts	run		E
discriminableUnionWithIntersectedMembers.ts	run		C
discriminantElementAccessCheck.ts	run		C
discriminantNarrowingCouldBeCircular.ts	run		C
discriminantOrderIndependence.ts	run		C
discriminantPropertyCheck.ts	run		C
discriminantPropertyInference.ts	run		C
discriminantUsingEvaluatableTemplateExpression.ts	run		C
discriminantsAndNullOrUndefined.ts	run		C
discriminantsAndPrimitives.ts	run		C
discriminantsAndTypePredicates.ts	run		C
discriminateObjectTypesOnly.ts	run		C
discriminateWithDivergentAccessors1.ts	run		C
discriminateWithMissingProperty.ts	run		C
discriminateWithOptionalProperty1(exactoptionalpropertytypes=false).ts	run		C
discriminateWithOptionalProperty1(exactoptionalpropertytypes=true).ts	run		C
discriminateWithOptionalProperty2(exactoptionalpropertytypes=false).ts	run		C
discriminateWithOptionalProperty2(exactoptionalpropertytypes=true).ts	run		C
discriminateWithOptionalProperty3(exactoptionalpropertytypes=false).ts	run		C
discriminateWithOptionalProperty3(exactoptionalpropertytypes=true).ts	run		C
discriminateWithOptionalProperty4(exactoptionalpropertytypes=false).ts	run		E
discriminateWithOptionalProperty4(exactoptionalpropertytypes=true).ts	run		C
discriminatedUnionErrorMessage.ts	run		E
discriminatedUnionInference.ts	run		C
discriminatedUnionJsxElement.tsx	run		C
discriminatedUnionTypes1.ts	run		E
discriminatedUnionTypes2.ts	run		E
discriminatedUnionTypes3.ts	run		C
discriminatedUnionTypes4.ts	run		C
discriminatedUnionWithIndexSignature.ts	run		C
discriminatingUnionWithUnionPropertyAgainstUndefinedWithoutStrictNullChecks.ts	run		C
dissallowSymbolAsWeakType.ts	run		E
distributiveConditionalTypeConstraints.ts	run		E
distributiveConditionalTypeNeverIntersection1.ts	run		C
divergentAccessors1.ts	run		C
divergentAccessorsTypes1.ts	run		C
divergentAccessorsTypes2.ts	run		E
divergentAccessorsTypes3(target=es2015).ts	run		E
divergentAccessorsTypes3(target=es5).ts	skipped	unsupported target ES5	
divergentAccessorsTypes4(target=es2015).ts	run		E
divergentAccessorsTypes4(target=es5).ts	skipped	unsupported target ES5	
divergentAccessorsTypes5(target=es2015).ts	run		E
divergentAccessorsTypes5(target=es5).ts	skipped	unsupported target ES5	
divergentAccessorsTypes6.ts	run		E
divergentAccessorsTypes7.ts	run		C
divergentAccessorsTypes8.ts	run		E
divergentAccessorsVisibility1.ts	run		E
divideAndConquerIntersections.ts	run		C
doNotElaborateAssignabilityToTypeParameters(target=es2015).ts	run		E
doNotElaborateAssignabilityToTypeParameters(target=es5).ts	skipped	unsupported target ES5	
doNotEmitDetachedComments.ts	run		C
doNotEmitDetachedCommentsAtStartOfConstructor.ts	run		C
doNotEmitDetachedCommentsAtStartOfFunctionBody.ts	run		C
doNotEmitDetachedCommentsAtStartOfLambdaFunction.ts	run		C
doNotEmitPinnedCommentNotOnTopOfFile.ts	run		C
doNotEmitPinnedCommentOnNotEmittedNode.ts	run		C
doNotEmitPinnedCommentOnNotEmittedNodets.ts	run		C
doNotEmitPinnedDetachedComments.ts	run		C
doNotEmitTripleSlashCommentsInEmptyFile.ts	run		C
doNotEmitTripleSlashCommentsOnNotEmittedNode.ts	run		C
doNotInferUnrelatedTypes.ts	run		C
doNotWidenAtObjectLiteralPropertyAssignment.ts	run		E
doNotemitTripleSlashComments.ts	run		C
doWhileBreakStatements.ts	run		C
doWhileContinueStatements.ts	run		C
doWhileLoop.ts	run		C
doWhileUnreachableCode.ts	run		C
doYouNeedToChangeYourTargetLibraryES2015.ts	run		C
doYouNeedToChangeYourTargetLibraryES2016Plus.ts	run		E
doYouNeedToChangeYourTargetLibraryES2023(target=es5).ts	skipped	unsupported target ES5	
doYouNeedToChangeYourTargetLibraryES2023(target=esnext).ts	run		E
doesNotNarrowUnionOfConstructorsWithInstanceof.ts	run		C
dontShowCompilerGeneratedMembers.ts	run		E
dottedModuleName.ts	run		E
dottedModuleName2.ts	run		C
dottedNamesInSystem.ts	skipped	unsupported module kind System	
dottedSymbolResolution1.ts	run		E
doubleMixinConditionalTypeBaseClassWorks.ts	run		E
doubleUnderStringLiteralAssignability.ts	run		E
doubleUnderscoreEnumEmit.ts	run		C
doubleUnderscoreExportStarConflict.ts	run		E
doubleUnderscoreLabels.ts	run		C
doubleUnderscoreMappedTypes.ts	run		C
doubleUnderscoreReactNamespace.ts	run		C
downlevelIterationDeprecated(downleveliteration=false).ts	skipped	unsupported target ES5	
downlevelIterationDeprecated(downleveliteration=true).ts	skipped	unsupported target ES5	
downlevelLetConst1.ts	run		E
downlevelLetConst10.ts	run		C
downlevelLetConst11.ts	run		E
downlevelLetConst12(target=es2015).ts	run		E
downlevelLetConst12(target=es5).ts	skipped	unsupported target ES5	
downlevelLetConst13(target=es2015).ts	run		C
downlevelLetConst13(target=es5).ts	skipped	unsupported target ES5	
downlevelLetConst14(target=es2015).ts	run		C
downlevelLetConst14(target=es5).ts	skipped	unsupported target ES5	
downlevelLetConst15(target=es2015).ts	run		C
downlevelLetConst15(target=es5).ts	skipped	unsupported target ES5	
downlevelLetConst16(target=es2015).ts	run		E
downlevelLetConst16(target=es5).ts	skipped	unsupported target ES5	
downlevelLetConst17(target=es2015).ts	run		C
downlevelLetConst17(target=es5).ts	skipped	unsupported target ES5	
downlevelLetConst18(target=es2015).ts	run		C
downlevelLetConst18(target=es5).ts	skipped	unsupported target ES5	
downlevelLetConst19(target=es2015).ts	run		C
downlevelLetConst19(target=es5).ts	skipped	unsupported target ES5	
downlevelLetConst2.ts	run		E
downlevelLetConst3.ts	run		C
downlevelLetConst4.ts	run		E
downlevelLetConst5.ts	run		C
downlevelLetConst6.ts	run		E
downlevelLetConst7.ts	run		C
downlevelLetConst8.ts	run		C
downlevelLetConst9.ts	run		C
dtsEmitTripleSlashAvoidUnnecessaryResolutionMode.ts	run		C
duplicateAnonymousInners1.ts	run		C
duplicateAnonymousModuleClasses.ts	run		C
duplicateClassElements.ts	run		E
duplicateConstructSignature.ts	run		C
duplicateConstructSignature2.ts	run		C
duplicateConstructorOverloadSignature.ts	run		C
duplicateConstructorOverloadSignature2.ts	run		C
duplicateDefaultExport.ts	run		E
duplicateErrorAssignability.ts	run		E
duplicateErrorClassExpression.ts	run		E
duplicateErrorNameNotFound.ts	run		E
duplicateExportAssignments.ts	run		E
duplicateIdentifierBindingElementInParameterDeclaration1(target=es2015).ts	run		E
duplicateIdentifierBindingElementInParameterDeclaration1(target=es5).ts	skipped	unsupported target ES5	
duplicateIdentifierBindingElementInParameterDeclaration2(target=es2015).ts	run		E
duplicateIdentifierBindingElementInParameterDeclaration2(target=es5).ts	skipped	unsupported target ES5	
duplicateIdentifierComputedName.ts	run		E
duplicateIdentifierDifferentModifiers.ts	run		E
duplicateIdentifierDifferentSpelling.ts	run		E
duplicateIdentifierEnum.ts	run		E
duplicateIdentifierInCatchBlock.ts	run		E
duplicateIdentifierRelatedSpans1.ts	run		E
duplicateIdentifierRelatedSpans2.ts	run		E
duplicateIdentifierRelatedSpans3.ts	run		E
duplicateIdentifierRelatedSpans4.ts	run		E
duplicateIdentifierRelatedSpans5.ts	run		E
duplicateIdentifierRelatedSpans6.ts	run		E
duplicateIdentifierRelatedSpans7.ts	run		E
duplicateIdentifierRelatedSpans_moduleAugmentation.ts	run		E
duplicateIdentifierShouldNotShortCircuitBaseTypeBinding.ts	skipped	unsupported module kind AMD	
duplicateIdentifiersAcrossContainerBoundaries.ts	run		E
duplicateIdentifiersAcrossFileBoundaries.ts	run		E
duplicateInterfaceMembers1.ts	run		E
duplicateLabel1.ts	run		E
duplicateLabel2.ts	run		E
duplicateLabel3.ts	run		C
duplicateLabel4.ts	run		C
duplicateLocalVariable1.ts	run		E
duplicateLocalVariable2.ts	run		E
duplicateLocalVariable3.ts	run		E
duplicateLocalVariable4.ts	run		E
duplicateNumericIndexers.ts	run		E
duplicateObjectLiteralProperty(target=es2015).ts	run		E
duplicateObjectLiteralProperty(target=es5).ts	skipped	unsupported target ES5	
duplicateObjectLiteralProperty_computedName1.ts	run		E
duplicateObjectLiteralProperty_computedName2.ts	run		E
duplicateObjectLiteralProperty_computedName3.ts	run		E
duplicateObjectLiteralProperty_computedNameNegative1.ts	run		C
duplicateOverloadInTypeAugmentation1.ts	run		E
duplicatePackage.ts	run		E
duplicatePackage_globalMerge.ts	run		E
duplicatePackage_packageIdIncludesSubModule.ts	run		C
duplicatePackage_referenceTypes.ts	run		C
duplicatePackage_relativeImportWithinPackage.ts	run		C
duplicatePackage_relativeImportWithinPackage_scoped.ts	run		C
duplicatePackage_subModule.ts	run		C
duplicatePackage_withErrors.ts	run		E
duplicatePropertiesInStrictMode.ts	run		E
duplicatePropertiesInTypeAssertions01.ts	run		E
duplicatePropertiesInTypeAssertions02.ts	run		E
duplicatePropertyNames.ts	run		E
duplicateStringIndexers.ts	run		E
duplicateStringNamedProperty1.ts	run		E
duplicateSymbolsExportMatching.ts	run		E
duplicateTypeParameters1.ts	run		E
duplicateTypeParameters2.ts	run		E
duplicateTypeParameters3.ts	run		E
duplicateVarAndImport.ts	run		C
duplicateVarAndImport2.ts	run		E
duplicateVariableDeclaration1.ts	run		C
duplicateVariablesByScope.ts	run		C
duplicateVariablesWithAny.ts	run		E
duplicateVarsAcrossFileBoundaries.ts	run		E
dynamicImportDefer(module=commonjs).ts	run		E
dynamicImportDefer(module=es2015).ts	run		E
dynamicImportDefer(module=es2020).ts	run		E
dynamicImportDefer(module=esnext).ts	run		C
dynamicImportDefer(module=nodenext).ts	run		E
dynamicImportDefer(module=preserve).ts	run		C
dynamicImportDeferInvalidStandalone.ts	run		E
dynamicImportEvaluateSpecifier.ts	run		C
dynamicImportInDefaultExportExpression.ts	run		E
dynamicImportTrailingComma.ts	run		E
dynamicImportWithNestedThis_es2015.ts	skipped	unsupported module kind UMD	
dynamicImportWithNestedThis_es5(target=es2015).ts	skipped	unsupported module kind UMD	
dynamicImportWithNestedThis_es5(target=es5).ts	skipped	unsupported module kind UMD	
dynamicImportsDeclaration.ts	run		C
dynamicModuleTypecheckError.ts	run		C
dynamicNames.ts	run		E
dynamicNamesErrors.ts	run		E
dynamicRequire.ts	skipped	unsupported module kind AMD	
elaboratedErrors.ts	run		E
elaboratedErrorsOnNullableTargets01.ts	run		E
elaborationForPossiblyCallableTypeStillReferencesArgumentAtTopLevel.ts	run		E
elementAccessChain.2.ts	run		C
elementAccessChain.3.ts	run		E
elementAccessChain.ts	run		C
elementAccessExpressionInternalComments.ts	run		C
elidedEmbeddedStatementsReplacedWithSemicolon.ts	run		C
elidedJSImport1.ts	run		E
elidedJSImport2(module=commonjs).ts	run		E
elidedJSImport2(module=es2022).ts	run		E
elidingImportNames.ts	run		C
emit(jsx=preserve).ts	run		E
emit(jsx=react).ts	run		E
emitAccessExpressionOfCastedObjectLiteralExpressionInArrowFunctionES5(target=es2015).ts	run		C
emitAccessExpressionOfCastedObjectLiteralExpressionInArrowFunctionES5(target=es5).ts	skipped	unsupported target ES5	
emitAccessExpressionOfCastedObjectLiteralExpressionInArrowFunctionES6.ts	run		C
emitArrowFunction(target=es2015).ts	run		C
emitArrowFunction(target=es5).ts	skipped	unsupported target ES5	
emitArrowFunctionAsIs(target=es2015).ts	run		C
emitArrowFunctionAsIs(target=es5).ts	skipped	unsupported target ES5	
emitArrowFunctionAsIsES6.ts	run		C
emitArrowFunctionES6.ts	run		C
emitArrowFunctionThisCapturing(target=es2015).ts	run		E
emitArrowFunctionThisCapturing(target=es5).ts	skipped	unsupported target ES5	
emitArrowFunctionThisCapturingES6.ts	run		E
emitArrowFunctionWhenUsingArguments01(target=es2015).ts	run		E
emitArrowFunctionWhenUsingArguments01(target=es5).ts	skipped	unsupported target ES5	
emitArrowFunctionWhenUsingArguments01_ES6.ts	run		E
emitArrowFunctionWhenUsingArguments02(target=es2015).ts	run		E
emitArrowFunctionWhenUsingArguments02(target=es5).ts	skipped	unsupported target ES5	
emitArrowFunctionWhenUsingArguments02_ES6.ts	run		E
emitArrowFunctionWhenUsingArguments03(alwaysstrict=false,target=es2015).ts	skipped	alwaysStrict=false is unsupported	
emitArrowFunctionWhenUsingArguments03(alwaysstrict=false,target=es5).ts	skipped	unsupported target ES5	
emitArrowFunctionWhenUsingArguments03(alwaysstrict=true,target=es2015).ts	run		E
emitArrowFunctionWhenUsingArguments03(alwaysstrict=true,target=es5).ts	skipped	unsupported target ES5	
emitArrowFunctionWhenUsingArguments03_ES6(alwaysstrict=false).ts	skipped	alwaysStrict=false is unsupported	
emitArrowFunctionWhenUsingArguments03_ES6(alwaysstrict=true).ts	run		E
emitArrowFunctionWhenUsingArguments04(alwaysstrict=false,target=es2015).ts	skipped	alwaysStrict=false is unsupported	
emitArrowFunctionWhenUsingArguments04(alwaysstrict=false,target=es5).ts	skipped	unsupported target ES5	
emitArrowFunctionWhenUsingArguments04(alwaysstrict=true,target=es2015).ts	run		E
emitArrowFunctionWhenUsingArguments04(alwaysstrict=true,target=es5).ts	skipped	unsupported target ES5	
emitArrowFunctionWhenUsingArguments04_ES6(alwaysstrict=false).ts	skipped	alwaysStrict=false is unsupported	
emitArrowFunctionWhenUsingArguments04_ES6(alwaysstrict=true).ts	run		E
emitArrowFunctionWhenUsingArguments05(alwaysstrict=false,target=es2015).ts	skipped	alwaysStrict=false is unsupported	
emitArrowFunctionWhenUsingArguments05(alwaysstrict=false,target=es5).ts	skipped	unsupported target ES5	
emitArrowFunctionWhenUsingArguments05(alwaysstrict=true,target=es2015).ts	run		E
emitArrowFunctionWhenUsingArguments05(alwaysstrict=true,target=es5).ts	skipped	unsupported target ES5	
emitArrowFunctionWhenUsingArguments05_ES6(alwaysstrict=false).ts	skipped	alwaysStrict=false is unsupported	
emitArrowFunctionWhenUsingArguments05_ES6(alwaysstrict=true).ts	run		E
emitArrowFunctionWhenUsingArguments06(alwaysstrict=false,target=es2015).ts	skipped	alwaysStrict=false is unsupported	
emitArrowFunctionWhenUsingArguments06(alwaysstrict=false,target=es5).ts	skipped	unsupported target ES5	
emitArrowFunctionWhenUsingArguments06(alwaysstrict=true,target=es2015).ts	run		E
emitArrowFunctionWhenUsingArguments06(alwaysstrict=true,target=es5).ts	skipped	unsupported target ES5	
emitArrowFunctionWhenUsingArguments06_ES6(alwaysstrict=false).ts	skipped	alwaysStrict=false is unsupported	
emitArrowFunctionWhenUsingArguments06_ES6(alwaysstrict=true).ts	run		E
emitArrowFunctionWhenUsingArguments07(alwaysstrict=false,target=es2015).ts	skipped	alwaysStrict=false is unsupported	
emitArrowFunctionWhenUsingArguments07(alwaysstrict=false,target=es5).ts	skipped	unsupported target ES5	
emitArrowFunctionWhenUsingArguments07(alwaysstrict=true,target=es2015).ts	run		E
emitArrowFunctionWhenUsingArguments07(alwaysstrict=true,target=es5).ts	skipped	unsupported target ES5	
emitArrowFunctionWhenUsingArguments07_ES6(alwaysstrict=false).ts	skipped	alwaysStrict=false is unsupported	
emitArrowFunctionWhenUsingArguments07_ES6(alwaysstrict=true).ts	run		E
emitArrowFunctionWhenUsingArguments08(alwaysstrict=false,target=es2015).ts	skipped	alwaysStrict=false is unsupported	
emitArrowFunctionWhenUsingArguments08(alwaysstrict=false,target=es5).ts	skipped	unsupported target ES5	
emitArrowFunctionWhenUsingArguments08(alwaysstrict=true,target=es2015).ts	run		E
emitArrowFunctionWhenUsingArguments08(alwaysstrict=true,target=es5).ts	skipped	unsupported target ES5	
emitArrowFunctionWhenUsingArguments08_ES6(alwaysstrict=false).ts	skipped	alwaysStrict=false is unsupported	
emitArrowFunctionWhenUsingArguments08_ES6(alwaysstrict=true).ts	run		E
emitArrowFunctionWhenUsingArguments09(target=es2015).ts	run		C
emitArrowFunctionWhenUsingArguments09(target=es5).ts	skipped	unsupported target ES5	
emitArrowFunctionWhenUsingArguments09_ES6.ts	run		C
emitArrowFunctionWhenUsingArguments10(target=es2015).ts	run		C
emitArrowFunctionWhenUsingArguments10(target=es5).ts	skipped	unsupported target ES5	
emitArrowFunctionWhenUsingArguments10_ES6.ts	run		C
emitArrowFunctionWhenUsingArguments11(alwaysstrict=false,target=es2015).ts	skipped	alwaysStrict=false is unsupported	
emitArrowFunctionWhenUsingArguments11(alwaysstrict=false,target=es5).ts	skipped	unsupported target ES5	
emitArrowFunctionWhenUsingArguments11(alwaysstrict=true,target=es2015).ts	run		E
emitArrowFunctionWhenUsingArguments11(alwaysstrict=true,target=es5).ts	skipped	unsupported target ES5	
emitArrowFunctionWhenUsingArguments11_ES6(alwaysstrict=false).ts	skipped	alwaysStrict=false is unsupported	
emitArrowFunctionWhenUsingArguments11_ES6(alwaysstrict=true).ts	run		E
emitArrowFunctionWhenUsingArguments12(target=es2015).ts	run		E
emitArrowFunctionWhenUsingArguments12(target=es5).ts	skipped	unsupported target ES5	
emitArrowFunctionWhenUsingArguments12_ES6.ts	run		E
emitArrowFunctionWhenUsingArguments13(alwaysstrict=false,target=es2015).ts	skipped	alwaysStrict=false is unsupported	
emitArrowFunctionWhenUsingArguments13(alwaysstrict=false,target=es5).ts	skipped	unsupported target ES5	
emitArrowFunctionWhenUsingArguments13(alwaysstrict=true,target=es2015).ts	run		E
emitArrowFunctionWhenUsingArguments13(alwaysstrict=true,target=es5).ts	skipped	unsupported target ES5	
emitArrowFunctionWhenUsingArguments13_ES6(alwaysstrict=false).ts	skipped	alwaysStrict=false is unsupported	
emitArrowFunctionWhenUsingArguments13_ES6(alwaysstrict=true).ts	run		E
emitArrowFunctionWhenUsingArguments14(alwaysstrict=false,target=es2015).ts	skipped	alwaysStrict=false is unsupported	
emitArrowFunctionWhenUsingArguments14(alwaysstrict=false,target=es5).ts	skipped	unsupported target ES5	
emitArrowFunctionWhenUsingArguments14(alwaysstrict=true,target=es2015).ts	run		E
emitArrowFunctionWhenUsingArguments14(alwaysstrict=true,target=es5).ts	skipped	unsupported target ES5	
emitArrowFunctionWhenUsingArguments14_ES6(alwaysstrict=false).ts	skipped	alwaysStrict=false is unsupported	
emitArrowFunctionWhenUsingArguments14_ES6(alwaysstrict=true).ts	run		E
emitArrowFunctionWhenUsingArguments15(alwaysstrict=false,target=es2015).ts	skipped	alwaysStrict=false is unsupported	
emitArrowFunctionWhenUsingArguments15(alwaysstrict=false,target=es5).ts	skipped	unsupported target ES5	
emitArrowFunctionWhenUsingArguments15(alwaysstrict=true,target=es2015).ts	run		E
emitArrowFunctionWhenUsingArguments15(alwaysstrict=true,target=es5).ts	skipped	unsupported target ES5	
emitArrowFunctionWhenUsingArguments15_ES6(alwaysstrict=false).ts	skipped	alwaysStrict=false is unsupported	
emitArrowFunctionWhenUsingArguments15_ES6(alwaysstrict=true).ts	run		E
emitArrowFunctionWhenUsingArguments16(alwaysstrict=false,target=es2015).ts	skipped	alwaysStrict=false is unsupported	
emitArrowFunctionWhenUsingArguments16(alwaysstrict=false,target=es5).ts	skipped	unsupported target ES5	
emitArrowFunctionWhenUsingArguments16(alwaysstrict=true,target=es2015).ts	run		E
emitArrowFunctionWhenUsingArguments16(alwaysstrict=true,target=es5).ts	skipped	unsupported target ES5	
emitArrowFunctionWhenUsingArguments16_ES6(alwaysstrict=false).ts	skipped	alwaysStrict=false is unsupported	
emitArrowFunctionWhenUsingArguments16_ES6(alwaysstrict=true).ts	run		E
emitArrowFunctionWhenUsingArguments17(alwaysstrict=false,target=es2015).ts	skipped	alwaysStrict=false is unsupported	
emitArrowFunctionWhenUsingArguments17(alwaysstrict=false,target=es5).ts	skipped	unsupported target ES5	
emitArrowFunctionWhenUsingArguments17(alwaysstrict=true,target=es2015).ts	run		E
emitArrowFunctionWhenUsingArguments17(alwaysstrict=true,target=es5).ts	skipped	unsupported target ES5	
emitArrowFunctionWhenUsingArguments17_ES6(alwaysstrict=false).ts	skipped	alwaysStrict=false is unsupported	
emitArrowFunctionWhenUsingArguments17_ES6(alwaysstrict=true).ts	run		E
emitArrowFunctionWhenUsingArguments18(target=es2015).ts	run		C
emitArrowFunctionWhenUsingArguments18(target=es5).ts	skipped	unsupported target ES5	
emitArrowFunctionWhenUsingArguments18_ES6.ts	run		C
emitArrowFunctionWhenUsingArguments19(target=es2015).ts	run		C
emitArrowFunctionWhenUsingArguments19(target=es5).ts	skipped	unsupported target ES5	
emitArrowFunctionWhenUsingArguments19_ES6.ts	run		C
emitArrowFunctionsAsIs(target=es2015).ts	run		C
emitArrowFunctionsAsIs(target=es5).ts	skipped	unsupported target ES5	
emitArrowFunctionsAsIsES6.ts	run		C
emitBOM.ts	run		C
emitBundleWithPrologueDirectives1(target=es2015).ts	skipped	unsupported module kind AMD	
emitBundleWithPrologueDirectives1(target=es5).ts	skipped	unsupported module kind AMD	
emitBundleWithShebang1(target=es2015).ts	skipped	unsupported module kind AMD	
emitBundleWithShebang1(target=es5).ts	skipped	unsupported module kind AMD	
emitBundleWithShebang2(target=es2015).ts	skipped	unsupported module kind AMD	
emitBundleWithShebang2(target=es5).ts	skipped	unsupported module kind AMD	
emitBundleWithShebangAndPrologueDirectives1(target=es2015).ts	skipped	unsupported module kind AMD	
emitBundleWithShebangAndPrologueDirectives1(target=es5).ts	skipped	unsupported module kind AMD	
emitBundleWithShebangAndPrologueDirectives2(target=es2015).ts	skipped	unsupported module kind AMD	
emitBundleWithShebangAndPrologueDirectives2(target=es5).ts	skipped	unsupported module kind AMD	
emitCapturingThisInTupleDestructuring1.ts	run		E
emitCapturingThisInTupleDestructuring2.ts	run		E
emitClassDeclarationOverloadInES6.ts	run		C
emitClassDeclarationWithConstructorInES6.ts	run		C
emitClassDeclarationWithExtensionAndTypeArgumentInES6.ts	run		C
emitClassDeclarationWithExtensionInES6.ts	run		C
emitClassDeclarationWithGetterSetterInES6.ts	run		E
emitClassDeclarationWithLiteralPropertyNameInES6.ts	run		C
emitClassDeclarationWithMethodInES6.ts	run		E
emitClassDeclarationWithPropertyAccessInHeritageClause1.ts	run		C
emitClassDeclarationWithPropertyAssignmentInES6.ts	run		C
emitClassDeclarationWithStaticPropertyAssignmentInES6.ts	run		C
emitClassDeclarationWithSuperMethodCall01.ts	run		C
emitClassDeclarationWithThisKeywordInES6.ts	run		C
emitClassDeclarationWithTypeArgumentAndOverloadInES6.ts	run		C
emitClassDeclarationWithTypeArgumentInES6.ts	run		E
emitClassExpressionInDeclarationFile.ts	run		C
emitClassExpressionInDeclarationFile2.ts	run		E
emitClassMergedWithConstNamespaceNotElided.ts	run		C
emitCommentsOnlyFile.ts	run		C
emitCompoundExponentiationAssignmentWithIndexingOnLHS1(target=es2015).ts	run		C
emitCompoundExponentiationAssignmentWithIndexingOnLHS1(target=es5).ts	skipped	unsupported target ES5	
emitCompoundExponentiationAssignmentWithIndexingOnLHS2(target=es2015).ts	run		C
emitCompoundExponentiationAssignmentWithIndexingOnLHS2(target=es5).ts	skipped	unsupported target ES5	
emitCompoundExponentiationAssignmentWithIndexingOnLHS3(target=es2015).ts	run		C
emitCompoundExponentiationAssignmentWithIndexingOnLHS3(target=es5).ts	skipped	unsupported target ES5	
emitCompoundExponentiationAssignmentWithIndexingOnLHS4(target=es2015).ts	run		C
emitCompoundExponentiationAssignmentWithIndexingOnLHS4(target=es5).ts	skipped	unsupported target ES5	
emitCompoundExponentiationAssignmentWithPropertyAccessingOnLHS1(target=es2015).ts	run		C
emitCompoundExponentiationAssignmentWithPropertyAccessingOnLHS1(target=es5).ts	skipped	unsupported target ES5	
emitCompoundExponentiationOperator1(target=es2015).ts	run		E
emitCompoundExponentiationOperator1(target=es5).ts	skipped	unsupported target ES5	
emitCompoundExponentiationOperator2(target=es2015).ts	run		E
emitCompoundExponentiationOperator2(target=es5).ts	skipped	unsupported target ES5	
emitDecoratorMetadata_isolatedModules(module=commonjs).ts	run		C
emitDecoratorMetadata_isolatedModules(module=esnext).ts	run		E
emitDecoratorMetadata_object(target=es2015).ts	run		C
emitDecoratorMetadata_object(target=es5).ts	skipped	unsupported target ES5	
emitDecoratorMetadata_restArgs(target=es2015).ts	run		C
emitDecoratorMetadata_restArgs(target=es5).ts	skipped	unsupported target ES5	
emitDefaultParametersFunction(target=es2015).ts	run		C
emitDefaultParametersFunction(target=es5).ts	skipped	unsupported target ES5	
emitDefaultParametersFunctionES6.ts	run		C
emitDefaultParametersFunctionExpression(target=es2015).ts	run		C
emitDefaultParametersFunctionExpression(target=es5).ts	skipped	unsupported target ES5	
emitDefaultParametersFunctionExpressionES6.ts	run		C
emitDefaultParametersFunctionProperty(target=es2015).ts	run		C
emitDefaultParametersFunctionProperty(target=es5).ts	skipped	unsupported target ES5	
emitDefaultParametersFunctionPropertyES6.ts	run		C
emitDefaultParametersMethod(target=es2015).ts	run		C
emitDefaultParametersMethod(target=es5).ts	skipped	unsupported target ES5	
emitDefaultParametersMethodES6.ts	run		C
emitExponentiationOperator1(target=es2015).ts	run		C
emitExponentiationOperator1(target=es5).ts	skipped	unsupported target ES5	
emitExponentiationOperator2(target=es2015).ts	run		C
emitExponentiationOperator2(target=es5).ts	skipped	unsupported target ES5	
emitExponentiationOperator3(target=es2015).ts	run		C
emitExponentiationOperator3(target=es5).ts	skipped	unsupported target ES5	
emitExponentiationOperator4(target=es2015).ts	run		E
emitExponentiationOperator4(target=es5).ts	skipped	unsupported target ES5	
emitExponentiationOperatorInTempalteString4(target=es2015).ts	run		C
emitExponentiationOperatorInTempalteString4(target=es5).ts	skipped	unsupported target ES5	
emitExponentiationOperatorInTempalteString4ES6.ts	run		C
emitExponentiationOperatorInTemplateString1(target=es2015).ts	run		C
emitExponentiationOperatorInTemplateString1(target=es5).ts	skipped	unsupported target ES5	
emitExponentiationOperatorInTemplateString1ES6.ts	run		C
emitExponentiationOperatorInTemplateString2(target=es2015).ts	run		C
emitExponentiationOperatorInTemplateString2(target=es5).ts	skipped	unsupported target ES5	
emitExponentiationOperatorInTemplateString2ES6.ts	run		C
emitExponentiationOperatorInTemplateString3(target=es2015).ts	run		C
emitExponentiationOperatorInTemplateString3(target=es5).ts	skipped	unsupported target ES5	
emitExponentiationOperatorInTemplateString3ES6.ts	run		C
emitHelpersWithLocalCollisions(module=amd).ts	skipped	unsupported module kind AMD	
emitHelpersWithLocalCollisions(module=commonjs).ts	run		C
emitHelpersWithLocalCollisions(module=es2020).ts	run		C
emitHelpersWithLocalCollisions(module=es2022).ts	run		C
emitHelpersWithLocalCollisions(module=es6).ts	run		C
emitHelpersWithLocalCollisions(module=esnext).ts	run		C
emitHelpersWithLocalCollisions(module=node16).ts	run		C
emitHelpersWithLocalCollisions(module=node18).ts	run		C
emitHelpersWithLocalCollisions(module=node20).ts	run		C
emitHelpersWithLocalCollisions(module=nodenext).ts	run		C
emitHelpersWithLocalCollisions(module=preserve).ts	run		C
emitHelpersWithLocalCollisions(module=system).ts	skipped	unsupported module kind System	
emitHelpersWithLocalCollisions(module=umd).ts	skipped	unsupported module kind UMD	
emitMemberAccessExpression.ts	run		C
emitMethodCalledNew.ts	run		C
emitModuleCommonJS(module=commonjs).ts	run		E
emitModuleCommonJS(module=nodenext).ts	run		E
emitOneLineVariableDeclarationRemoveCommentsFalse.ts	run		C
emitPinnedCommentsOnTopOfFile.ts	run		C
emitPostComments.ts	run		C
emitPreComments.ts	run		C
emitRestParametersFunction(target=es2015).ts	run		C
emitRestParametersFunction(target=es5).ts	skipped	unsupported target ES5	
emitRestParametersFunctionES6.ts	run		C
emitRestParametersFunctionExpression(target=es2015).ts	run		C
emitRestParametersFunctionExpression(target=es5).ts	skipped	unsupported target ES5	
emitRestParametersFunctionExpressionES6.ts	run		C
emitRestParametersFunctionProperty(target=es2015).ts	run		C
emitRestParametersFunctionProperty(target=es5).ts	skipped	unsupported target ES5	
emitRestParametersFunctionPropertyES6.ts	run		C
emitRestParametersMethod(target=es2015).ts	run		C
emitRestParametersMethod(target=es5).ts	skipped	unsupported target ES5	
emitRestParametersMethodES6.ts	run		C
emitSkipsThisWithRestParameter.ts	run		E
emitStatementsBeforeSuperCall.ts	run		C
emitStatementsBeforeSuperCallWithDefineFields.ts	run		C
emitSuperCallBeforeEmitParameterPropertyDeclaration1.ts	run		C
emitSuperCallBeforeEmitParameterPropertyDeclaration1ES6.ts	run		C
emitSuperCallBeforeEmitPropertyDeclaration1.ts	run		C
emitSuperCallBeforeEmitPropertyDeclaration1ES6.ts	run		C
emitSuperCallBeforeEmitPropertyDeclarationAndParameterPropertyDeclaration1.ts	run		C
emitSuperCallBeforeEmitPropertyDeclarationAndParameterPropertyDeclaration1ES6.ts	run		C
emitThisInObjectLiteralGetter(target=es2015).ts	run		C
emitThisInObjectLiteralGetter(target=es5).ts	skipped	unsupported target ES5	
emitThisInSuperMethodCall.ts	run		E
emitTopOfFileTripleSlashCommentOnNotEmittedNodeIfRemoveCommentsIsFalse.ts	run		C
emitter.asyncGenerators.classMethods.es2015.ts	run		C
emitter.asyncGenerators.classMethods.es2018.ts	run		C
emitter.asyncGenerators.classMethods.es5(target=es2015).ts	run		C
emitter.asyncGenerators.classMethods.es5(target=es5).ts	skipped	unsupported target ES5	
emitter.asyncGenerators.functionDeclarations.es2015.ts	run		C
emitter.asyncGenerators.functionDeclarations.es2018.ts	run		C
emitter.asyncGenerators.functionDeclarations.es5(target=es2015).ts	run		C
emitter.asyncGenerators.functionDeclarations.es5(target=es5).ts	skipped	unsupported target ES5	
emitter.asyncGenerators.functionExpressions.es2015.ts	run		C
emitter.asyncGenerators.functionExpressions.es2018.ts	run		C
emitter.asyncGenerators.functionExpressions.es5(target=es2015).ts	run		C
emitter.asyncGenerators.functionExpressions.es5(target=es5).ts	skipped	unsupported target ES5	
emitter.asyncGenerators.objectLiteralMethods.es2015.ts	run		C
emitter.asyncGenerators.objectLiteralMethods.es2018.ts	run		C
emitter.asyncGenerators.objectLiteralMethods.es5(target=es2015).ts	run		C
emitter.asyncGenerators.objectLiteralMethods.es5(target=es5).ts	skipped	unsupported target ES5	
emitter.forAwait(target=es2015).ts	run		C
emitter.forAwait(target=es2017).ts	run		C
emitter.forAwait(target=es2018).ts	run		C
emitter.forAwait(target=es5).ts	skipped	unsupported target ES5	
emitter.noCatchBinding.es2019.ts	run		C
emptyAnonymousObjectNarrowing(strictnullchecks=false).ts	run		C
emptyAnonymousObjectNarrowing(strictnullchecks=true).ts	run		C
emptyArgumentsListComment.ts	run		C
emptyArrayBindingPatternParameter01.ts	run		C
emptyArrayBindingPatternParameter02.ts	run		C
emptyArrayBindingPatternParameter03.ts	run		C
emptyArrayBindingPatternParameter04.ts	run		C
emptyArrayDestructuringExpressionVisitedByTransformer.ts	run		C
emptyAssignmentPatterns01_ES5(target=es2015).ts	run		C
emptyAssignmentPatterns01_ES5(target=es5).ts	skipped	unsupported target ES5	
emptyAssignmentPatterns01_ES5iterable(target=es2015).ts	run		E
emptyAssignmentPatterns01_ES5iterable(target=es5).ts	skipped	unsupported target ES5	
emptyAssignmentPatterns01_ES6.ts	run		C
emptyAssignmentPatterns02_ES5(target=es2015).ts	run		C
emptyAssignmentPatterns02_ES5(target=es5).ts	skipped	unsupported target ES5	
emptyAssignmentPatterns02_ES5iterable(target=es2015).ts	run		E
emptyAssignmentPatterns02_ES5iterable(target=es5).ts	skipped	unsupported target ES5	
emptyAssignmentPatterns02_ES6.ts	run		C
emptyAssignmentPatterns03_ES5(target=es2015).ts	run		C
emptyAssignmentPatterns03_ES5(target=es5).ts	skipped	unsupported target ES5	
emptyAssignmentPatterns03_ES5iterable(target=es2015).ts	run		E
emptyAssignmentPatterns03_ES5iterable(target=es5).ts	skipped	unsupported target ES5	
emptyAssignmentPatterns03_ES6.ts	run		C
emptyAssignmentPatterns04_ES5(target=es2015).ts	run		C
emptyAssignmentPatterns04_ES5(target=es5).ts	skipped	unsupported target ES5	
emptyAssignmentPatterns04_ES5iterable(target=es2015).ts	run		E
emptyAssignmentPatterns04_ES5iterable(target=es5).ts	skipped	unsupported target ES5	
emptyAssignmentPatterns04_ES6.ts	run		C
emptyDeclarationEmitIsModule.ts	run		C
emptyEnum.ts	run		C
emptyExpr.ts	run		C
emptyFile-declaration(target=es2015).ts	run		C
emptyFile-declaration(target=es5).ts	skipped	unsupported target ES5	
emptyFile-souremap(target=es2015).ts	run		C
emptyFile-souremap(target=es5).ts	skipped	unsupported target ES5	
emptyFile.ts	run		C
emptyGenericParamList.ts	run		E
emptyIndexer.ts	run		E
emptyMemberAccess.ts	run		E
emptyModuleName.ts	run		E
emptyObjectBindingPatternParameter01.ts	run		C
emptyObjectBindingPatternParameter02.ts	run		C
emptyObjectBindingPatternParameter03.ts	run		C
emptyObjectBindingPatternParameter04.ts	run		C
emptyObjectNotSubtypeOfIndexSignatureContainingObject1.ts	run		E
emptyObjectNotSubtypeOfIndexSignatureContainingObject2.ts	run		E
emptyOptionalBindingPatternInDeclarationSignature.ts	run		C
emptyThenWarning.ts	run		E
emptyThenWithoutWarning.ts	run		C
emptyTuplesTypeAssertion01.ts	run		E
emptyTuplesTypeAssertion02.ts	run		E
emptyTypeArgumentList.ts	run		E
emptyTypeArgumentListWithNew.ts	run		E
emptyVariableDeclarationBindingPatterns01_ES5(target=es2015).ts	run		C
emptyVariableDeclarationBindingPatterns01_ES5(target=es5).ts	skipped	unsupported target ES5	
emptyVariableDeclarationBindingPatterns01_ES5iterable(target=es2015).ts	run		E
emptyVariableDeclarationBindingPatterns01_ES5iterable(target=es5).ts	skipped	unsupported target ES5	
emptyVariableDeclarationBindingPatterns01_ES6.ts	run		C
emptyVariableDeclarationBindingPatterns02_ES5(target=es2015).ts	run		E
emptyVariableDeclarationBindingPatterns02_ES5(target=es5).ts	skipped	unsupported target ES5	
emptyVariableDeclarationBindingPatterns02_ES5iterable(target=es2015).ts	run		E
emptyVariableDeclarationBindingPatterns02_ES5iterable(target=es5).ts	skipped	unsupported target ES5	
emptyVariableDeclarationBindingPatterns02_ES6.ts	run		E
ensureNoCrashExportAssignmentDefineProperrtyPotentialMerge.ts	run		C
enumAssignability.ts	run		E
enumAssignabilityInInheritance.ts	run		E
enumAssignmentCompat.ts	run		E
enumAssignmentCompat2.ts	run		E
enumAssignmentCompat3.ts	run		E
enumAssignmentCompat4.ts	run		C
enumAssignmentCompat5.ts	run		E
enumAssignmentCompat6.ts	run		E
enumAssignmentCompat7.ts	run		E
enumBasics.ts	run		C
enumBasics1.ts	run		E
enumBasics2.ts	run		E
enumBasics3.ts	run		E
enumClassification.ts	run		C
enumCodeGenNewLines1.ts	run		C
enumConflictsWithGlobalIdentifier.ts	run		E
enumConstantMemberWithString.ts	run		E
enumConstantMemberWithStringEmitDeclaration.ts	run		C
enumConstantMemberWithTemplateLiterals.ts	run		E
enumConstantMemberWithTemplateLiteralsEmitDeclaration.ts	run		C
enumConstantMembers.ts	run		E
enumDecl1.ts	run		C
enumDeclarationEmitInitializerHasImport.ts	run		C
enumErrorOnConstantBindingWithInitializer.ts	run		E
enumErrors.ts	run		E
enumExportMergingES6.ts	run		C
enumFromExternalModule.ts	run		C
enumGenericTypeClash.ts	run		E
enumIdentifierLiterals.ts	run		E
enumIndexer.ts	run		C
enumInitializersWithExponents.ts	run		C
enumIsNotASubtypeOfAnythingButNumber.ts	run		E
enumKeysQuotedAsObjectPropertiesInDeclarationEmit.ts	run		C
enumLiteralAssignableToEnumInsideUnion.ts	run		E
enumLiteralTypes1.ts	run		C
enumLiteralTypes2.ts	run		C
enumLiteralTypes3.ts	run		E
enumLiteralUnionNotWidened.ts	run		C
enumLiteralsSubtypeReduction.ts	run		C
enumMapBackIntoItself.ts	run		C
enumMemberNameNonIdentifier.ts	run		C
enumMemberReduction.ts	run		C
enumMemberResolution.ts	run		E
enumMergeWithExpando.ts	run		E
enumMerging.ts	run		C
enumMergingErrors.ts	run		E
enumNegativeLiteral1.ts	run		C
enumNoInitializerFollowsNonLiteralInitializer.ts	run		E
enumNumbering1.ts	run		C
enumOperations.ts	run		C
enumPropertyAccess.ts	run		E
enumPropertyAccessBeforeInitalisation.ts	run		E
enumShadowedInfinityNaN.ts	run		E
enumTag.ts	run		E
enumTagCircularReference.ts	run		C
enumTagImported.ts	run		E
enumTagOnExports.ts	run		C
enumTagOnExports2.ts	run		C
enumTagUseBeforeDefCrash.ts	run		E
enumUsedBeforeDeclaration.ts	run		E
enumWithBigint.ts	run		E
enumWithComputedMember.ts	run		E
enumWithExport.ts	run		E
enumWithInfinityProperty.ts	run		C
enumWithNaNProperty.ts	run		C
enumWithNegativeInfinityProperty.ts	run		C
enumWithNonLiteralStringInitializer.ts	run		E
enumWithParenthesizedInitializer1.ts	run		E
enumWithPrimitiveName.ts	run		E
enumWithQuotedElementName1.ts	run		C
enumWithQuotedElementName2.ts	run		C
enumWithUnicodeEscape1.ts	run		C
enumWithoutInitializerAfterComputedMember.ts	run		C
enums.ts	run		E
enumsWithMultipleDeclarations1.ts	run		E
enumsWithMultipleDeclarations2.ts	run		E
enumsWithMultipleDeclarations3.ts	run		C
equalityStrictNulls.ts	run		E
equalityWithEnumTypes.ts	run		E
equalityWithIntersectionTypes01.ts	run		E
equalityWithUnionTypes01.ts	run		C
equalityWithtNullishCoalescingAssignment(strict=false).ts	run		C
equalityWithtNullishCoalescingAssignment(strict=true).ts	run		C
erasableSyntaxOnly.ts	run		E
erasableSyntaxOnly2.ts	run		E
erasableSyntaxOnlyDeclaration.ts	run		E
errorCause(target=es2021).ts	run		E
errorCause(target=es2022).ts	run		C
errorCause(target=esnext).ts	run		C
errorConstructorSubtypes.ts	run		C
errorElaboration.ts	run		E
errorElaborationDivesIntoApparentlyPresentPropsOnly.ts	run		E
errorForBareSpecifierWithImplicitModuleResolutionNone.ts	run		E
errorForConflictingExportEqualsValue.ts	run		E
errorForUsingPropertyOfTypeAsType01.ts	run		E
errorForUsingPropertyOfTypeAsType02.ts	run		E
errorForUsingPropertyOfTypeAsType03.ts	run		E
errorForwardReferenceForwadingConstructor.ts	run		E
errorHandlingInInstanceOf.ts	run		E
errorInUnnamedClassExpression.ts	run		E
errorInfoForRelatedIndexTypesNoConstraintElaboration.ts	run		E
errorIsolation.ts	run		C
errorLocationForInterfaceExtension.ts	run		E
errorMessageOnIntersectionsWithDiscriminants01.ts	run		E
errorMessageOnObjectLiteralType.ts	run		E
errorMessagesIntersectionTypes01.ts	run		E
errorMessagesIntersectionTypes02.ts	run		E
errorMessagesIntersectionTypes03.ts	run		E
errorMessagesIntersectionTypes04.ts	run		E
errorOnContextuallyTypedReturnType.ts	run		E
errorOnEnumReferenceInCondition.ts	run		E
errorOnFunctionReturnType(target=es2015).ts	run		E
errorOnFunctionReturnType(target=es5).ts	skipped	unsupported target ES5	
errorOnInitializerInInterfaceProperty.ts	run		E
errorOnInitializerInObjectTypeLiteralProperty.ts	run		E
errorOnUnionVsObjectShouldDeeplyDisambiguate.ts	run		E
errorOnUnionVsObjectShouldDeeplyDisambiguate2.ts	run		E
errorRecoveryInClassDeclaration.ts	run		E
errorRecoveryWithDotFollowedByNamespaceKeyword.ts	run		E
errorSpanForUnclosedJsxTag.tsx	run		E
errorSuperCalls.ts	run		E
errorSuperPropertyAccess(target=es2015).ts	run		E
errorSuperPropertyAccess(target=es5).ts	skipped	unsupported target ES5	
errorSupression1.ts	run		E
errorTypesAsTypeArguments.ts	run		E
errorWithSameNameType.ts	run		E
errorWithTruncatedType.ts	run		E
errorsForCallAndAssignmentAreSimilar.ts	run		E
errorsInGenericTypeReference.ts	run		E
errorsOnImportedSymbol(target=es2015).ts	run		E
errorsOnImportedSymbol(target=es5).ts	skipped	unsupported target ES5	
errorsOnUnionsOfOverlappingObjects01.ts	run		E
errorsWithInvokablesInUnions01.ts	run		E
es2015modulekind.ts	run		C
es2015modulekindWithES6Target.ts	run		C
es2016IntlAPIs.ts	run		E
es2017DateAPIs.ts	run		C
es2017basicAsync.ts	run		C
es2018IntlAPIs.ts	run		C
es2018ObjectAssign.ts	run		C
es2020IntlAPIs.ts	run		E
es2021LocalesObjectArgument.ts	run		C
es2022IntlAPIs.ts	run		C
es2022LocalesObjectArgument.ts	run		C
es2024SharedMemory.ts	run		E
es5-amd(target=es2015).ts	skipped	unsupported module kind AMD	
es5-amd(target=es5).ts	skipped	unsupported module kind AMD	
es5-asyncFunction(target=es2015).ts	run		C
es5-asyncFunction(target=es5).ts	skipped	unsupported target ES5	
es5-asyncFunctionArrayLiterals(target=es2015).ts	run		C
es5-asyncFunctionArrayLiterals(target=es5).ts	skipped	unsupported target ES5	
es5-asyncFunctionBinaryExpressions(target=es2015).ts	run		C
es5-asyncFunctionBinaryExpressions(target=es5).ts	skipped	unsupported target ES5	
es5-asyncFunctionCallExpressions(target=es2015).ts	run		C
es5-asyncFunctionCallExpressions(target=es5).ts	skipped	unsupported target ES5	
es5-asyncFunctionConditionals(target=es2015).ts	run		C
es5-asyncFunctionConditionals(target=es5).ts	skipped	unsupported target ES5	
es5-asyncFunctionDoStatements(target=es2015).ts	run		C
es5-asyncFunctionDoStatements(target=es5).ts	skipped	unsupported target ES5	
es5-asyncFunctionElementAccess(target=es2015).ts	run		C
es5-asyncFunctionElementAccess(target=es5).ts	skipped	unsupported target ES5	
es5-asyncFunctionForInStatements(target=es2015).ts	run		C
es5-asyncFunctionForInStatements(target=es5).ts	skipped	unsupported target ES5	
es5-asyncFunctionForOfStatements(target=es2015).ts	run		C
es5-asyncFunctionForOfStatements(target=es5).ts	skipped	unsupported target ES5	
es5-asyncFunctionForStatements(target=es2015).ts	run		C
es5-asyncFunctionForStatements(target=es5).ts	skipped	unsupported target ES5	
es5-asyncFunctionHoisting(target=es2015).ts	run		C
es5-asyncFunctionHoisting(target=es5).ts	skipped	unsupported target ES5	
es5-asyncFunctionIfStatements(target=es2015).ts	run		C
es5-asyncFunctionIfStatements(target=es5).ts	skipped	unsupported target ES5	
es5-asyncFunctionLongObjectLiteral(target=es2015).ts	run		C
es5-asyncFunctionLongObjectLiteral(target=es5).ts	skipped	unsupported target ES5	
es5-asyncFunctionNestedLoops(target=es2015).ts	run		C
es5-asyncFunctionNestedLoops(target=es5).ts	skipped	unsupported target ES5	
es5-asyncFunctionNewExpressions(target=es2015).ts	run		C
es5-asyncFunctionNewExpressions(target=es5).ts	skipped	unsupported target ES5	
es5-asyncFunctionObjectLiterals(target=es2015).ts	run		C
es5-asyncFunctionObjectLiterals(target=es5).ts	skipped	unsupported target ES5	
es5-asyncFunctionPropertyAccess(target=es2015).ts	run		C
es5-asyncFunctionPropertyAccess(target=es5).ts	skipped	unsupported target ES5	
es5-asyncFunctionReturnStatements(target=es2015).ts	run		C
es5-asyncFunctionReturnStatements(target=es5).ts	skipped	unsupported target ES5	
es5-asyncFunctionSwitchStatements(target=es2015).ts	run		C
es5-asyncFunctionSwitchStatements(target=es5).ts	skipped	unsupported target ES5	
es5-asyncFunctionTryStatements(target=es2015).ts	run		C
es5-asyncFunctionTryStatements(target=es5).ts	skipped	unsupported target ES5	
es5-asyncFunctionWhileStatements(target=es2015).ts	run		C
es5-asyncFunctionWhileStatements(target=es5).ts	skipped	unsupported target ES5	
es5-asyncFunctionWithStatements(alwaysstrict=false,target=es2015).ts	skipped	alwaysStrict=false is unsupported	
es5-asyncFunctionWithStatements(alwaysstrict=false,target=es5).ts	skipped	unsupported target ES5	
es5-asyncFunctionWithStatements(alwaysstrict=true,target=es2015).ts	run		E
es5-asyncFunctionWithStatements(alwaysstrict=true,target=es5).ts	skipped	unsupported target ES5	
es5-commonjs(target=es2015).ts	run		C
es5-commonjs(target=es5).ts	skipped	unsupported target ES5	
es5-commonjs2(target=es2015).ts	run		C
es5-commonjs2(target=es5).ts	skipped	unsupported target ES5	
es5-commonjs3(target=es2015).ts	run		E
es5-commonjs3(target=es5).ts	skipped	unsupported target ES5	
es5-commonjs4(target=es2015).ts	run		E
es5-commonjs4(target=es5).ts	skipped	unsupported target ES5	
es5-commonjs5(target=es2015).ts	run		C
es5-commonjs5(target=es5).ts	skipped	unsupported target ES5	
es5-commonjs6(target=es2015).ts	run		C
es5-commonjs6(target=es5).ts	skipped	unsupported target ES5	
es5-commonjs7(target=es2015).ts	run		C
es5-commonjs7(target=es5).ts	skipped	unsupported target ES5	
es5-commonjs8(target=es2015).ts	run		C
es5-commonjs8(target=es5).ts	skipped	unsupported target ES5	
es5-declaration-amd(target=es2015).ts	skipped	unsupported module kind AMD	
es5-declaration-amd(target=es5).ts	skipped	unsupported module kind AMD	
es5-importHelpersAsyncFunctions(target=es2015).ts	run		C
es5-importHelpersAsyncFunctions(target=es5).ts	skipped	unsupported target ES5	
es5-oldStyleOctalLiteralInEnums(target=es2015).ts	run		E
es5-oldStyleOctalLiteralInEnums(target=es5).ts	skipped	unsupported target ES5	
es5-souremap-amd(target=es2015).ts	skipped	unsupported module kind AMD	
es5-souremap-amd(target=es5).ts	skipped	unsupported module kind AMD	
es5-system(target=es2015).ts	skipped	unsupported module kind System	
es5-system(target=es5).ts	skipped	unsupported module kind System	
es5-system2(target=es2015).ts	skipped	unsupported module kind System	
es5-system2(target=es5).ts	skipped	unsupported module kind System	
es5-umd(target=es2015).ts	skipped	unsupported module kind UMD	
es5-umd(target=es5).ts	skipped	unsupported module kind UMD	
es5-umd2(target=es2015).ts	skipped	unsupported module kind UMD	
es5-umd2(target=es5).ts	skipped	unsupported module kind UMD	
es5-umd3(target=es2015).ts	skipped	unsupported module kind UMD	
es5-umd3(target=es5).ts	skipped	unsupported module kind UMD	
es5-umd4(target=es2015).ts	skipped	unsupported module kind UMD	
es5-umd4(target=es5).ts	skipped	unsupported module kind UMD	
es5-yieldFunctionObjectLiterals(target=es2015).ts	run		C
es5-yieldFunctionObjectLiterals(target=es5).ts	skipped	unsupported target ES5	
es5DateAPIs(target=es2015).ts	run		E
es5DateAPIs(target=es5).ts	skipped	unsupported target ES5	
es5ExportDefaultClassDeclaration(target=es2015).ts	run		C
es5ExportDefaultClassDeclaration(target=es5).ts	skipped	unsupported target ES5	
es5ExportDefaultClassDeclaration2(target=es2015).ts	run		C
es5ExportDefaultClassDeclaration2(target=es5).ts	skipped	unsupported target ES5	
es5ExportDefaultClassDeclaration3(target=es2015).ts	run		E
es5ExportDefaultClassDeclaration3(target=es5).ts	skipped	unsupported target ES5	
es5ExportDefaultClassDeclaration4(target=es2015).ts	run		C
es5ExportDefaultClassDeclaration4(target=es5).ts	skipped	unsupported target ES5	
es5ExportDefaultExpression(target=es2015).ts	run		C
es5ExportDefaultExpression(target=es5).ts	skipped	unsupported target ES5	
es5ExportDefaultFunctionDeclaration(target=es2015).ts	run		C
es5ExportDefaultFunctionDeclaration(target=es5).ts	skipped	unsupported target ES5	
es5ExportDefaultFunctionDeclaration2(target=es2015).ts	run		C
es5ExportDefaultFunctionDeclaration2(target=es5).ts	skipped	unsupported target ES5	
es5ExportDefaultFunctionDeclaration3(target=es2015).ts	run		C
es5ExportDefaultFunctionDeclaration3(target=es5).ts	skipped	unsupported target ES5	
es5ExportDefaultFunctionDeclaration4(target=es2015).ts	run		C
es5ExportDefaultFunctionDeclaration4(target=es5).ts	skipped	unsupported target ES5	
es5ExportDefaultIdentifier(target=es2015).ts	run		C
es5ExportDefaultIdentifier(target=es5).ts	skipped	unsupported target ES5	
es5ExportEquals(target=es2015).ts	run		E
es5ExportEquals(target=es5).ts	skipped	unsupported target ES5	
es5ExportEqualsDts(target=es2015).ts	run		E
es5ExportEqualsDts(target=es5).ts	skipped	unsupported target ES5	
es5ModuleInternalNamedImports(target=es2015).ts	run		E
es5ModuleInternalNamedImports(target=es5).ts	skipped	unsupported target ES5	
es5ModuleWithModuleGenAmd(target=es2015).ts	skipped	unsupported module kind AMD	
es5ModuleWithModuleGenAmd(target=es5).ts	skipped	unsupported module kind AMD	
es5ModuleWithModuleGenCommonjs(target=es2015).ts	run		C
es5ModuleWithModuleGenCommonjs(target=es5).ts	skipped	unsupported target ES5	
es5ModuleWithoutModuleGenTarget(target=es2015).ts	run		C
es5ModuleWithoutModuleGenTarget(target=es5).ts	skipped	unsupported target ES5	
es5SetterparameterDestructuringNotElided(target=es2015).ts	run		C
es5SetterparameterDestructuringNotElided(target=es5).ts	skipped	unsupported target ES5	
es5andes6module(target=es2015).ts	run		C
es5andes6module(target=es5).ts	skipped	unsupported target ES5	
es6-amd.ts	skipped	unsupported module kind AMD	
es6-declaration-amd.ts	skipped	unsupported module kind AMD	
es6-sourcemap-amd.ts	skipped	unsupported module kind AMD	
es6-umd.ts	skipped	unsupported module kind UMD	
es6-umd2.ts	skipped	unsupported module kind UMD	
es6ClassSuperCodegenBug.ts	run		C
es6ClassTest.ts	run		E
es6ClassTest2.ts	run		C
es6ClassTest3.ts	run		C
es6ClassTest4.ts	run		C
es6ClassTest5.ts	run		C
es6ClassTest7.ts	run		C
es6ClassTest8.ts	run		C
es6ClassTest9.ts	run		E
es6DeclOrdering.ts	run		E
es6ExportAll.ts	run		E
es6ExportAllInEs5(target=es2015).ts	run		C
es6ExportAllInEs5(target=es5).ts	skipped	unsupported target ES5	
es6ExportAssignment.ts	run		E
es6ExportAssignment2.ts	run		E
es6ExportAssignment3.ts	run		E
es6ExportAssignment4.ts	run		C
es6ExportClause.ts	run		C
es6ExportClauseInEs5(target=es2015).ts	run		C
es6ExportClauseInEs5(target=es5).ts	skipped	unsupported target ES5	
es6ExportClauseWithAssignmentInEs5(target=es2015).ts	run		C
es6ExportClauseWithAssignmentInEs5(target=es5).ts	skipped	unsupported target ES5	
es6ExportClauseWithoutModuleSpecifier.ts	run		C
es6ExportClauseWithoutModuleSpecifierInEs5(target=es2015).ts	run		C
es6ExportClauseWithoutModuleSpecifierInEs5(target=es5).ts	skipped	unsupported target ES5	
es6ExportDefaultClassDeclaration.ts	run		C
es6ExportDefaultClassDeclaration2.ts	run		C
es6ExportDefaultExpression.ts	run		C
es6ExportDefaultFunctionDeclaration.ts	run		C
es6ExportDefaultFunctionDeclaration2.ts	run		C
es6ExportDefaultIdentifier.ts	run		C
es6ExportEquals.ts	run		E
es6ExportEqualsInterop.ts	run		E
es6ImportDefaultBinding.ts	run		C
es6ImportDefaultBindingAmd(target=es2015).ts	skipped	unsupported module kind AMD	
es6ImportDefaultBindingAmd(target=es5).ts	skipped	unsupported module kind AMD	
es6ImportDefaultBindingDts(target=es2015).ts	run		C
es6ImportDefaultBindingDts(target=es5).ts	skipped	unsupported target ES5	
es6ImportDefaultBindingFollowedWithNamedImport.ts	run		C
es6ImportDefaultBindingFollowedWithNamedImport1.ts	run		E
es6ImportDefaultBindingFollowedWithNamedImport1InEs5(target=es2015).ts	run		E
es6ImportDefaultBindingFollowedWithNamedImport1InEs5(target=es5).ts	skipped	unsupported target ES5	
es6ImportDefaultBindingFollowedWithNamedImport1WithExport(target=es2015).ts	run		E
es6ImportDefaultBindingFollowedWithNamedImport1WithExport(target=es5).ts	skipped	unsupported target ES5	
es6ImportDefaultBindingFollowedWithNamedImportDts.ts	run		E
es6ImportDefaultBindingFollowedWithNamedImportDts1(target=es2015).ts	run		E
es6ImportDefaultBindingFollowedWithNamedImportDts1(target=es5).ts	skipped	unsupported target ES5	
es6ImportDefaultBindingFollowedWithNamedImportInEs5(target=es2015).ts	run		E
es6ImportDefaultBindingFollowedWithNamedImportInEs5(target=es5).ts	skipped	unsupported target ES5	
es6ImportDefaultBindingFollowedWithNamedImportWithExport(target=es2015).ts	run		E
es6ImportDefaultBindingFollowedWithNamedImportWithExport(target=es5).ts	skipped	unsupported target ES5	
es6ImportDefaultBindingFollowedWithNamespaceBinding.ts	run		E
es6ImportDefaultBindingFollowedWithNamespaceBinding1.ts	run		C
es6ImportDefaultBindingFollowedWithNamespaceBinding1InEs5(target=es2015).ts	run		C
es6ImportDefaultBindingFollowedWithNamespaceBinding1InEs5(target=es5).ts	skipped	unsupported target ES5	
es6ImportDefaultBindingFollowedWithNamespaceBinding1WithExport(target=es2015).ts	skipped	unsupported module kind AMD	
es6ImportDefaultBindingFollowedWithNamespaceBinding1WithExport(target=es5).ts	skipped	unsupported module kind AMD	
es6ImportDefaultBindingFollowedWithNamespaceBindingDts.ts	run		E
es6ImportDefaultBindingFollowedWithNamespaceBindingDts1(target=es2015).ts	skipped	unsupported module kind AMD	
es6ImportDefaultBindingFollowedWithNamespaceBindingDts1(target=es5).ts	skipped	unsupported module kind AMD	
es6ImportDefaultBindingFollowedWithNamespaceBindingInEs5(target=es2015).ts	run		E
es6ImportDefaultBindingFollowedWithNamespaceBindingInEs5(target=es5).ts	skipped	unsupported target ES5	
es6ImportDefaultBindingFollowedWithNamespaceBindingWithExport.ts	run		E
es6ImportDefaultBindingInEs5(target=es2015).ts	run		C
es6ImportDefaultBindingInEs5(target=es5).ts	skipped	unsupported target ES5	
es6ImportDefaultBindingMergeErrors(target=es2015).ts	run		E
es6ImportDefaultBindingMergeErrors(target=es5).ts	skipped	unsupported target ES5	
es6ImportDefaultBindingNoDefaultProperty.ts	run		E
es6ImportDefaultBindingWithExport(target=es2015).ts	run		E
es6ImportDefaultBindingWithExport(target=es5).ts	skipped	unsupported target ES5	
es6ImportEqualsDeclaration.ts	run		E
es6ImportEqualsDeclaration2.ts	run		C
es6ImportEqualsExportModuleCommonJsError.ts	run		C
es6ImportEqualsExportModuleEs2015Error.ts	run		E
es6ImportNameSpaceImport.ts	run		C
es6ImportNameSpaceImportAmd.ts	skipped	unsupported module kind AMD	
es6ImportNameSpaceImportDts.ts	run		C
es6ImportNameSpaceImportInEs5(target=es2015).ts	run		C
es6ImportNameSpaceImportInEs5(target=es5).ts	skipped	unsupported target ES5	
es6ImportNameSpaceImportMergeErrors(target=es2015).ts	run		E
es6ImportNameSpaceImportMergeErrors(target=es5).ts	skipped	unsupported target ES5	
es6ImportNameSpaceImportNoNamedExports(target=es2015).ts	run		C
es6ImportNameSpaceImportNoNamedExports(target=es5).ts	skipped	unsupported target ES5	
es6ImportNameSpaceImportWithExport.ts	skipped	unsupported module kind AMD	
es6ImportNamedImport.ts	run		C
es6ImportNamedImportAmd.ts	skipped	unsupported module kind AMD	
es6ImportNamedImportDts.ts	run		C
es6ImportNamedImportIdentifiersParsing.ts	run		E
es6ImportNamedImportInEs5(target=es2015).ts	run		C
es6ImportNamedImportInEs5(target=es5).ts	skipped	unsupported target ES5	
es6ImportNamedImportInExportAssignment.ts	run		C
es6ImportNamedImportInIndirectExportAssignment.ts	run		C
es6ImportNamedImportMergeErrors.ts	run		E
es6ImportNamedImportNoExportMember.ts	run		E
es6ImportNamedImportNoNamedExports(target=es2015).ts	run		E
es6ImportNamedImportNoNamedExports(target=es5).ts	skipped	unsupported target ES5	
es6ImportNamedImportParsingError.ts	run		E
es6ImportNamedImportWithExport.ts	run		E
es6ImportNamedImportWithTypesAndValues.ts	run		C
es6ImportParseErrors.ts	run		E
es6ImportWithJsDocTags.ts	run		C
es6ImportWithoutFromClause.ts	run		E
es6ImportWithoutFromClauseAmd.ts	skipped	unsupported module kind AMD	
es6ImportWithoutFromClauseInEs5(target=es2015).ts	run		E
es6ImportWithoutFromClauseInEs5(target=es5).ts	skipped	unsupported target ES5	
es6ImportWithoutFromClauseNonInstantiatedModule.ts	run		E
es6ImportWithoutFromClauseWithExport.ts	run		E
es6MemberScoping.ts	run		E
es6Module.ts	run		C
es6ModuleClassDeclaration.ts	run		C
es6ModuleConst.ts	run		C
es6ModuleConstEnumDeclaration.ts	run		C
es6ModuleConstEnumDeclaration2.ts	run		C
es6ModuleEnumDeclaration.ts	run		C
es6ModuleFunctionDeclaration.ts	run		C
es6ModuleInternalImport.ts	run		C
es6ModuleInternalNamedImports.ts	run		E
es6ModuleInternalNamedImports2.ts	run		E
es6ModuleLet.ts	run		C
es6ModuleModuleDeclaration.ts	run		C
es6ModuleVariableStatement.ts	run		C
es6ModuleWithModuleGenTargetAmd.ts	skipped	unsupported module kind AMD	
es6ModuleWithModuleGenTargetCommonjs.ts	run		C
es6UseOfTopLevelRequire.ts	run		C
es6modulekind.ts	run		C
es6modulekindExportClassNameWithObject(target=es2015).ts	run		C
es6modulekindExportClassNameWithObject(target=es5).ts	skipped	unsupported target ES5	
es6modulekindWithES2015Target.ts	run		C
es6modulekindWithES5Target(target=es2015).ts	run		C
es6modulekindWithES5Target(target=es5).ts	skipped	unsupported target ES5	
es6modulekindWithES5Target10(target=es2015).ts	run		E
es6modulekindWithES5Target10(target=es5).ts	skipped	unsupported target ES5	
es6modulekindWithES5Target11(target=es2015).ts	run		C
es6modulekindWithES5Target11(target=es5).ts	skipped	unsupported target ES5	
es6modulekindWithES5Target12(target=es2015).ts	run		C
es6modulekindWithES5Target12(target=es5).ts	skipped	unsupported target ES5	
es6modulekindWithES5Target2(target=es2015).ts	run		C
es6modulekindWithES5Target2(target=es5).ts	skipped	unsupported target ES5	
es6modulekindWithES5Target3(target=es2015).ts	run		C
es6modulekindWithES5Target3(target=es5).ts	skipped	unsupported target ES5	
es6modulekindWithES5Target4(target=es2015).ts	run		C
es6modulekindWithES5Target4(target=es5).ts	skipped	unsupported target ES5	
es6modulekindWithES5Target5(target=es2015).ts	run		C
es6modulekindWithES5Target5(target=es5).ts	skipped	unsupported target ES5	
es6modulekindWithES5Target6(target=es2015).ts	run		C
es6modulekindWithES5Target6(target=es5).ts	skipped	unsupported target ES5	
es6modulekindWithES5Target7(target=es2015).ts	run		C
es6modulekindWithES5Target7(target=es5).ts	skipped	unsupported target ES5	
es6modulekindWithES5Target8(target=es2015).ts	run		C
es6modulekindWithES5Target8(target=es5).ts	skipped	unsupported target ES5	
es6modulekindWithES5Target9(target=es2015).ts	run		E
es6modulekindWithES5Target9(target=es5).ts	skipped	unsupported target ES5	
esDecorators-arguments.ts	run		E
esDecorators-classDeclaration-accessors-nonStatic(target=es2015).ts	run		C
esDecorators-classDeclaration-accessors-nonStatic(target=es2022).ts	run		C
esDecorators-classDeclaration-accessors-nonStatic(target=es5).ts	skipped	unsupported target ES5	
esDecorators-classDeclaration-accessors-nonStatic(target=esnext).ts	run		C
esDecorators-classDeclaration-accessors-nonStaticAbstract(target=es2015).ts	run		E
esDecorators-classDeclaration-accessors-nonStaticAbstract(target=es2022).ts	run		E
esDecorators-classDeclaration-accessors-nonStaticAbstract(target=es5).ts	skipped	unsupported target ES5	
esDecorators-classDeclaration-accessors-nonStaticAbstract(target=esnext).ts	run		E
esDecorators-classDeclaration-accessors-nonStaticPrivate(target=es2015).ts	run		C
esDecorators-classDeclaration-accessors-nonStaticPrivate(target=es2022).ts	run		C
esDecorators-classDeclaration-accessors-nonStaticPrivate(target=esnext).ts	run		C
esDecorators-classDeclaration-accessors-static(target=es2015).ts	run		C
esDecorators-classDeclaration-accessors-static(target=es2022).ts	run		C
esDecorators-classDeclaration-accessors-static(target=es5).ts	skipped	unsupported target ES5	
esDecorators-classDeclaration-accessors-static(target=esnext).ts	run		C
esDecorators-classDeclaration-accessors-staticPrivate(target=es2015).ts	run		C
esDecorators-classDeclaration-accessors-staticPrivate(target=es2022).ts	run		C
esDecorators-classDeclaration-accessors-staticPrivate(target=esnext).ts	run		C
esDecorators-classDeclaration-classSuper.1.ts	run		C
esDecorators-classDeclaration-classSuper.2.ts	run		C
esDecorators-classDeclaration-classSuper.3.ts	run		C
esDecorators-classDeclaration-classSuper.4.ts	run		C
esDecorators-classDeclaration-classSuper.5.ts	run		C
esDecorators-classDeclaration-classSuper.6.ts	run		C
esDecorators-classDeclaration-classSuper.7.ts	run		C
esDecorators-classDeclaration-classThisReference(target=es2015).ts	run		C
esDecorators-classDeclaration-classThisReference(target=es2022).ts	run		C
esDecorators-classDeclaration-classThisReference(target=esnext).ts	run		C
esDecorators-classDeclaration-classThisReference.es5(target=es2015).ts	run		C
esDecorators-classDeclaration-classThisReference.es5(target=es5).ts	skipped	unsupported target ES5	
esDecorators-classDeclaration-commentPreservation(module=commonjs,target=es2015).ts	run		C
esDecorators-classDeclaration-commentPreservation(module=commonjs,target=es2022).ts	run		C
esDecorators-classDeclaration-commentPreservation(module=commonjs,target=esnext).ts	run		C
esDecorators-classDeclaration-commentPreservation(module=esnext,target=es2015).ts	run		C
esDecorators-classDeclaration-commentPreservation(module=esnext,target=es2022).ts	run		C
esDecorators-classDeclaration-commentPreservation(module=esnext,target=esnext).ts	run		C
esDecorators-classDeclaration-commonjs-classNamespaceMerge.ts	run		C
esDecorators-classDeclaration-commonjs.ts	run		C
esDecorators-classDeclaration-exportModifier.2.ts	run		E
esDecorators-classDeclaration-exportModifier.ts	run		E
esDecorators-classDeclaration-fields-nonStatic(target=es2015,usedefineforclassfields=false).ts	run		C
esDecorators-classDeclaration-fields-nonStatic(target=es2015,usedefineforclassfields=true).ts	run		C
esDecorators-classDeclaration-fields-nonStatic(target=es2022,usedefineforclassfields=false).ts	run		C
esDecorators-classDeclaration-fields-nonStatic(target=es2022,usedefineforclassfields=true).ts	run		C
esDecorators-classDeclaration-fields-nonStatic(target=es5,usedefineforclassfields=false).ts	skipped	unsupported target ES5	
esDecorators-classDeclaration-fields-nonStatic(target=es5,usedefineforclassfields=true).ts	skipped	unsupported target ES5	
esDecorators-classDeclaration-fields-nonStatic(target=esnext,usedefineforclassfields=false).ts	run		C
esDecorators-classDeclaration-fields-nonStatic(target=esnext,usedefineforclassfields=true).ts	run		C
esDecorators-classDeclaration-fields-nonStaticAbstract(target=es2015).ts	run		E
esDecorators-classDeclaration-fields-nonStaticAbstract(target=es2022).ts	run		E
esDecorators-classDeclaration-fields-nonStaticAbstract(target=es5).ts	skipped	unsupported target ES5	
esDecorators-classDeclaration-fields-nonStaticAbstract(target=esnext).ts	run		E
esDecorators-classDeclaration-fields-nonStaticAbstractAccessor(target=es2015).ts	run		E
esDecorators-classDeclaration-fields-nonStaticAbstractAccessor(target=es2022).ts	run		E
esDecorators-classDeclaration-fields-nonStaticAbstractAccessor(target=esnext).ts	run		E
esDecorators-classDeclaration-fields-nonStaticAccessor(target=es2015).ts	run		C
esDecorators-classDeclaration-fields-nonStaticAccessor(target=es2022).ts	run		C
esDecorators-classDeclaration-fields-nonStaticAccessor(target=esnext).ts	run		C
esDecorators-classDeclaration-fields-nonStaticAmbient(target=es2015).ts	run		E
esDecorators-classDeclaration-fields-nonStaticAmbient(target=es2022).ts	run		E
esDecorators-classDeclaration-fields-nonStaticAmbient(target=es5).ts	skipped	unsupported target ES5	
esDecorators-classDeclaration-fields-nonStaticAmbient(target=esnext).ts	run		E
esDecorators-classDeclaration-fields-nonStaticPrivate(target=es2015).ts	run		C
esDecorators-classDeclaration-fields-nonStaticPrivate(target=es2022).ts	run		C
esDecorators-classDeclaration-fields-nonStaticPrivate(target=esnext).ts	run		C
esDecorators-classDeclaration-fields-nonStaticPrivateAccessor(target=es2015).ts	run		C
esDecorators-classDeclaration-fields-nonStaticPrivateAccessor(target=es2022).ts	run		C
esDecorators-classDeclaration-fields-nonStaticPrivateAccessor(target=esnext).ts	run		C
esDecorators-classDeclaration-fields-static(target=es2015,usedefineforclassfields=false).ts	run		C
esDecorators-classDeclaration-fields-static(target=es2015,usedefineforclassfields=true).ts	run		C
esDecorators-classDeclaration-fields-static(target=es2022,usedefineforclassfields=false).ts	run		C
esDecorators-classDeclaration-fields-static(target=es2022,usedefineforclassfields=true).ts	run		C
esDecorators-classDeclaration-fields-static(target=es5,usedefineforclassfields=false).ts	skipped	unsupported target ES5	
esDecorators-classDeclaration-fields-static(target=es5,usedefineforclassfields=true).ts	skipped	unsupported target ES5	
esDecorators-classDeclaration-fields-static(target=esnext,usedefineforclassfields=false).ts	run		C
esDecorators-classDeclaration-fields-static(target=esnext,usedefineforclassfields=true).ts	run		C
esDecorators-classDeclaration-fields-staticAccessor(target=es2015).ts	run		C
esDecorators-classDeclaration-fields-staticAccessor(target=es2022).ts	run		C
esDecorators-classDeclaration-fields-staticAccessor(target=esnext).ts	run		C
esDecorators-classDeclaration-fields-staticAmbient(target=es2015).ts	run		E
esDecorators-classDeclaration-fields-staticAmbient(target=es2022).ts	run		E
esDecorators-classDeclaration-fields-staticAmbient(target=es5).ts	skipped	unsupported target ES5	
esDecorators-classDeclaration-fields-staticAmbient(target=esnext).ts	run		E
esDecorators-classDeclaration-fields-staticPrivate(target=es2015).ts	run		C
esDecorators-classDeclaration-fields-staticPrivate(target=es2022).ts	run		C
esDecorators-classDeclaration-fields-staticPrivate(target=esnext).ts	run		C
esDecorators-classDeclaration-fields-staticPrivateAccessor(target=es2015).ts	run		C
esDecorators-classDeclaration-fields-staticPrivateAccessor(target=es2022).ts	run		C
esDecorators-classDeclaration-fields-staticPrivateAccessor(target=esnext).ts	run		C
esDecorators-classDeclaration-methods-nonStatic(target=es2015).ts	run		C
esDecorators-classDeclaration-methods-nonStatic(target=es2022).ts	run		C
esDecorators-classDeclaration-methods-nonStatic(target=es5).ts	skipped	unsupported target ES5	
esDecorators-classDeclaration-methods-nonStatic(target=esnext).ts	run		C
esDecorators-classDeclaration-methods-nonStaticAbstract(target=es2015).ts	run		E
esDecorators-classDeclaration-methods-nonStaticAbstract(target=es2022).ts	run		E
esDecorators-classDeclaration-methods-nonStaticAbstract(target=es5).ts	skipped	unsupported target ES5	
esDecorators-classDeclaration-methods-nonStaticAbstract(target=esnext).ts	run		E
esDecorators-classDeclaration-methods-nonStaticPrivate(target=es2015).ts	run		C
esDecorators-classDeclaration-methods-nonStaticPrivate(target=es2022).ts	run		C
esDecorators-classDeclaration-methods-nonStaticPrivate(target=esnext).ts	run		C
esDecorators-classDeclaration-methods-static(target=es2015).ts	run		C
esDecorators-classDeclaration-methods-static(target=es2022).ts	run		C
esDecorators-classDeclaration-methods-static(target=es5).ts	skipped	unsupported target ES5	
esDecorators-classDeclaration-methods-static(target=esnext).ts	run		C
esDecorators-classDeclaration-methods-staticPrivate(target=es2015).ts	run		C
esDecorators-classDeclaration-methods-staticPrivate(target=es2022).ts	run		C
esDecorators-classDeclaration-methods-staticPrivate(target=esnext).ts	run		C
esDecorators-classDeclaration-missingEmitHelpers-classDecorator.1.ts	skipped	unsupported module resolution kind 1	
esDecorators-classDeclaration-missingEmitHelpers-classDecorator.2.ts	skipped	unsupported module resolution kind 1	
esDecorators-classDeclaration-missingEmitHelpers-classDecorator.3.ts	skipped	unsupported module resolution kind 1	
esDecorators-classDeclaration-missingEmitHelpers-nonStaticPrivateAutoAccessor.ts	skipped	unsupported module resolution kind 1	
esDecorators-classDeclaration-missingEmitHelpers-nonStaticPrivateField.ts	skipped	unsupported module resolution kind 1	
esDecorators-classDeclaration-missingEmitHelpers-nonStaticPrivateGetter.ts	skipped	unsupported module resolution kind 1	
esDecorators-classDeclaration-missingEmitHelpers-nonStaticPrivateMethod.ts	skipped	unsupported module resolution kind 1	
esDecorators-classDeclaration-missingEmitHelpers-nonStaticPrivateSetter.ts	skipped	unsupported module resolution kind 1	
esDecorators-classDeclaration-missingEmitHelpers-staticComputedAutoAccessor.ts	skipped	unsupported module resolution kind 1	
esDecorators-classDeclaration-missingEmitHelpers-staticComputedField.ts	skipped	unsupported module resolution kind 1	
esDecorators-classDeclaration-missingEmitHelpers-staticComputedGetter.ts	skipped	unsupported module resolution kind 1	
esDecorators-classDeclaration-missingEmitHelpers-staticComputedMethod.ts	skipped	unsupported module resolution kind 1	
esDecorators-classDeclaration-missingEmitHelpers-staticComputedSetter.ts	skipped	unsupported module resolution kind 1	
esDecorators-classDeclaration-missingEmitHelpers-staticPrivateAutoAccessor.ts	skipped	unsupported module resolution kind 1	
esDecorators-classDeclaration-missingEmitHelpers-staticPrivateField.ts	skipped	unsupported module resolution kind 1	
esDecorators-classDeclaration-missingEmitHelpers-staticPrivateGetter.ts	skipped	unsupported module resolution kind 1	
esDecorators-classDeclaration-missingEmitHelpers-staticPrivateMethod.ts	skipped	unsupported module resolution kind 1	
esDecorators-classDeclaration-missingEmitHelpers-staticPrivateSetter.ts	skipped	unsupported module resolution kind 1	
esDecorators-classDeclaration-multipleDecorators(target=es2015).ts	run		C
esDecorators-classDeclaration-multipleDecorators(target=es2022).ts	run		C
esDecorators-classDeclaration-multipleDecorators(target=es5).ts	skipped	unsupported target ES5	
esDecorators-classDeclaration-multipleDecorators(target=esnext).ts	run		C
esDecorators-classDeclaration-outerThisReference(target=es2015).ts	run		C
esDecorators-classDeclaration-outerThisReference(target=es2021).ts	run		C
esDecorators-classDeclaration-outerThisReference(target=es2022).ts	run		C
esDecorators-classDeclaration-outerThisReference(target=esnext).ts	run		C
esDecorators-classDeclaration-parameterDecorators(target=es2015).ts	run		E
esDecorators-classDeclaration-parameterDecorators(target=es2022).ts	run		E
esDecorators-classDeclaration-parameterDecorators(target=es5).ts	skipped	unsupported target ES5	
esDecorators-classDeclaration-parameterDecorators(target=esnext).ts	run		E
esDecorators-classDeclaration-parameterProperties(target=es2015,usedefineforclassfields=false).ts	run		C
esDecorators-classDeclaration-parameterProperties(target=es2015,usedefineforclassfields=true).ts	run		C
esDecorators-classDeclaration-parameterProperties(target=es2022,usedefineforclassfields=false).ts	run		C
esDecorators-classDeclaration-parameterProperties(target=es2022,usedefineforclassfields=true).ts	run		C
esDecorators-classDeclaration-parameterProperties(target=es5,usedefineforclassfields=false).ts	skipped	unsupported target ES5	
esDecorators-classDeclaration-parameterProperties(target=es5,usedefineforclassfields=true).ts	skipped	unsupported target ES5	
esDecorators-classDeclaration-parameterProperties(target=esnext,usedefineforclassfields=false).ts	run		C
esDecorators-classDeclaration-parameterProperties(target=esnext,usedefineforclassfields=true).ts	run		C
esDecorators-classDeclaration-setFunctionName(target=es2015).ts	run		C
esDecorators-classDeclaration-setFunctionName(target=es2022).ts	run		C
esDecorators-classDeclaration-setFunctionName(target=es5).ts	skipped	unsupported target ES5	
esDecorators-classDeclaration-setFunctionName(target=esnext).ts	run		C
esDecorators-classDeclaration-simpleTransformation(target=es2015).ts	run		C
esDecorators-classDeclaration-simpleTransformation(target=es2022).ts	run		C
esDecorators-classDeclaration-simpleTransformation(target=es5).ts	skipped	unsupported target ES5	
esDecorators-classDeclaration-simpleTransformation(target=esnext).ts	run		C
esDecorators-classDeclaration-sourceMap(target=es2015).ts	run		C
esDecorators-classDeclaration-sourceMap(target=es2022).ts	run		C
esDecorators-classDeclaration-sourceMap(target=esnext).ts	run		C
esDecorators-classExpression-classSuper.1.ts	run		C
esDecorators-classExpression-classSuper.2.ts	run		C
esDecorators-classExpression-classSuper.3.ts	run		C
esDecorators-classExpression-classSuper.4.ts	run		C
esDecorators-classExpression-classSuper.5.ts	run		C
esDecorators-classExpression-classSuper.6.ts	run		C
esDecorators-classExpression-commentPreservation(target=es2015).ts	run		C
esDecorators-classExpression-commentPreservation(target=es2022).ts	run		C
esDecorators-classExpression-commentPreservation(target=esnext).ts	run		C
esDecorators-classExpression-missingEmitHelpers-classDecorator.1.ts	skipped	unsupported module resolution kind 1	
esDecorators-classExpression-missingEmitHelpers-classDecorator.10.ts	skipped	unsupported module resolution kind 1	
esDecorators-classExpression-missingEmitHelpers-classDecorator.11.ts	skipped	unsupported module resolution kind 1	
esDecorators-classExpression-missingEmitHelpers-classDecorator.12.ts	skipped	unsupported module resolution kind 1	
esDecorators-classExpression-missingEmitHelpers-classDecorator.13.ts	skipped	unsupported module resolution kind 1	
esDecorators-classExpression-missingEmitHelpers-classDecorator.14.ts	skipped	unsupported module resolution kind 1	
esDecorators-classExpression-missingEmitHelpers-classDecorator.15.ts	skipped	unsupported module resolution kind 1	
esDecorators-classExpression-missingEmitHelpers-classDecorator.16.ts	skipped	unsupported module resolution kind 1	
esDecorators-classExpression-missingEmitHelpers-classDecorator.17.ts	skipped	unsupported module resolution kind 1	
esDecorators-classExpression-missingEmitHelpers-classDecorator.2.ts	skipped	unsupported module resolution kind 1	
esDecorators-classExpression-missingEmitHelpers-classDecorator.3.ts	skipped	unsupported module resolution kind 1	
esDecorators-classExpression-missingEmitHelpers-classDecorator.4.ts	skipped	unsupported module resolution kind 1	
esDecorators-classExpression-missingEmitHelpers-classDecorator.5.ts	skipped	unsupported module resolution kind 1	
esDecorators-classExpression-missingEmitHelpers-classDecorator.6.ts	skipped	unsupported module resolution kind 1	
esDecorators-classExpression-missingEmitHelpers-classDecorator.7.ts	skipped	unsupported module resolution kind 1	
esDecorators-classExpression-missingEmitHelpers-classDecorator.8.ts	skipped	unsupported module resolution kind 1	
esDecorators-classExpression-missingEmitHelpers-classDecorator.9.ts	skipped	unsupported module resolution kind 1	
esDecorators-classExpression-namedEvaluation.1.ts	run		C
esDecorators-classExpression-namedEvaluation.10.ts	run		C
esDecorators-classExpression-namedEvaluation.11.ts	run		C
esDecorators-classExpression-namedEvaluation.2.ts	run		C
esDecorators-classExpression-namedEvaluation.3.ts	run		C
esDecorators-classExpression-namedEvaluation.4.ts	run		C
esDecorators-classExpression-namedEvaluation.5.ts	run		C
esDecorators-classExpression-namedEvaluation.6.ts	run		C
esDecorators-classExpression-namedEvaluation.7.ts	run		C
esDecorators-classExpression-namedEvaluation.8.ts	run		C
esDecorators-classExpression-namedEvaluation.9.ts	run		C
esDecorators-contextualTypes.2.ts	run		C
esDecorators-contextualTypes.ts	run		C
esDecorators-decoratorExpression.1(experimentaldecorators=false).ts	run		E
esDecorators-decoratorExpression.1(experimentaldecorators=true).ts	run		E
esDecorators-decoratorExpression.2(experimentaldecorators=false).ts	run		C
esDecorators-decoratorExpression.2(experimentaldecorators=true).ts	run		C
esDecorators-decoratorExpression.3(experimentaldecorators=false).ts	run		E
esDecorators-decoratorExpression.3(experimentaldecorators=true).ts	run		E
esDecorators-emitDecoratorMetadata(target=es2015).ts	run		E
esDecorators-emitDecoratorMetadata(target=es2022).ts	run		E
esDecorators-emitDecoratorMetadata(target=es5).ts	skipped	unsupported target ES5	
esDecorators-emitDecoratorMetadata(target=esnext).ts	run		E
esDecorators-preservesThis.ts	run		C
esDecorators-privateFieldAccess.ts	run		E
esDecoratorsClassFieldsCrash.ts	run		C
esDecoratorsMetadata1(target=es2015).ts	run		C
esDecoratorsMetadata1(target=es2022).ts	run		C
esDecoratorsMetadata2(target=es2015).ts	run		C
esDecoratorsMetadata2(target=es2022).ts	run		C
esDecoratorsMetadata3(target=es2015).ts	run		C
esDecoratorsMetadata3(target=es2022).ts	run		C
esDecoratorsMetadata4(target=es2015).ts	run		C
esDecoratorsMetadata4(target=es2022).ts	run		C
esDecoratorsMetadata5.ts	run		C
esModuleInterop.ts	run		C
esModuleInteropDefaultImports.ts	run		E
esModuleInteropDefaultMemberMustBeSyntacticallyDefaultExport.ts	run		C
esModuleInteropEnablesSyntheticDefaultImports.ts	run		C
esModuleInteropImportCall.ts	run		C
esModuleInteropImportDefaultWhenAllNamedAreDefaultAlias.ts	run		E
esModuleInteropImportNamespace.ts	run		C
esModuleInteropImportTSLibHasImport.ts	run		C
esModuleInteropNamedDefaultImports.ts	run		C
esModuleInteropPrettyErrorRelatedInformation.ts	run		E
esModuleInteropTslibHelpers.ts	run		E
esModuleInteropUsesExportStarWhenDefaultPlusNames.ts	run		E
esModuleInteropWithExportStar(target=es2015).ts	run		C
esModuleInteropWithExportStar(target=es5).ts	skipped	unsupported target ES5	
esModuleIntersectionCrash.ts	run		C
esNextWeakRefs_IterableWeakMap.ts	run		C
escapedIdentifiers.ts	run		E
escapedReservedCompilerNamedIdentifier.ts	run		C
esmModeDeclarationFileWithExportAssignment.ts	run		E
esmModuleExports1.ts	run		E
esmModuleExports2(esmoduleinterop=false).ts	skipped	esModuleInterop=false is unsupported	
esmModuleExports2(esmoduleinterop=true).ts	run		E
esmModuleExports3.ts	run		E
esmNoSynthesizedDefault(module=esnext).ts	run		E
esmNoSynthesizedDefault(module=preserve).ts	run		E
esnextSharedMemory.ts	run		C
esnextmodulekind.ts	run		C
esnextmodulekindWithES2015Target.ts	run		C
esnextmodulekindWithES5Target(target=es2015).ts	run		C
esnextmodulekindWithES5Target(target=es5).ts	skipped	unsupported target ES5	
esnextmodulekindWithES5Target10(target=es2015).ts	run		E
esnextmodulekindWithES5Target10(target=es5).ts	skipped	unsupported target ES5	
esnextmodulekindWithES5Target11(target=es2015).ts	run		C
esnextmodulekindWithES5Target11(target=es5).ts	skipped	unsupported target ES5	
esnextmodulekindWithES5Target12(target=es2015).ts	run		C
esnextmodulekindWithES5Target12(target=es5).ts	skipped	unsupported target ES5	
esnextmodulekindWithES5Target2(target=es2015).ts	run		C
esnextmodulekindWithES5Target2(target=es5).ts	skipped	unsupported target ES5	
esnextmodulekindWithES5Target3(target=es2015).ts	run		C
esnextmodulekindWithES5Target3(target=es5).ts	skipped	unsupported target ES5	
esnextmodulekindWithES5Target4(target=es2015).ts	run		C
esnextmodulekindWithES5Target4(target=es5).ts	skipped	unsupported target ES5	
esnextmodulekindWithES5Target5(target=es2015).ts	run		C
esnextmodulekindWithES5Target5(target=es5).ts	skipped	unsupported target ES5	
esnextmodulekindWithES5Target6(target=es2015).ts	run		C
esnextmodulekindWithES5Target6(target=es5).ts	skipped	unsupported target ES5	
esnextmodulekindWithES5Target7(target=es2015).ts	run		C
esnextmodulekindWithES5Target7(target=es5).ts	skipped	unsupported target ES5	
esnextmodulekindWithES5Target8(target=es2015).ts	run		C
esnextmodulekindWithES5Target8(target=es5).ts	skipped	unsupported target ES5	
esnextmodulekindWithES5Target9(target=es2015).ts	run		E
esnextmodulekindWithES5Target9(target=es5).ts	skipped	unsupported target ES5	
evalAfter0.ts	run		E
evalOrArgumentsInDeclarationFunctions.ts	run		C
eventEmitterPatternWithRecordOfFunction.ts	run		C
everyTypeAssignableToAny.ts	run		E
everyTypeWithAnnotationAndInitializer.ts	run		E
everyTypeWithAnnotationAndInvalidInitializer.ts	run		E
everyTypeWithInitializer.ts	run		C
evolvingArrayResolvedAssert.ts	run		E
evolvingArrayTypeInAssert.ts	run		C
exactOptionalPropertyTypesIdentical.ts	run		E
exactSpellingSuggestion.ts	run		E
excessPropertiesInOverloads.ts	run		E
excessPropertyCheckIntersectionWithIndexSignature.ts	run		E
excessPropertyCheckIntersectionWithRecursiveType.ts	run		E
excessPropertyCheckWithEmptyObject.ts	run		E
excessPropertyCheckWithMultipleDiscriminants.ts	run		E
excessPropertyCheckWithNestedArrayIntersection.ts	run		C
excessPropertyCheckWithSpread.ts	run		E
excessPropertyCheckWithUnions.ts	run		E
excessPropertyCheckingIntersectionWithConditional.ts	run		C
excessPropertyChecksWithNestedIntersections.ts	run		E
excessPropertyErrorForFunctionTypes.ts	run		E
excessiveStackDepthFlatArray.ts	run		E
excessivelyLargeTupleSpread.ts	run		E
exhaustiveSwitchCheckCircularity.ts	run		E
exhaustiveSwitchImplicitReturn.ts	run		E
exhaustiveSwitchStatements1.ts	run		E
exhaustiveSwitchWithWideningLiteralTypes.ts	run		C
exnextmodulekindExportClassNameWithObject(target=es2015).ts	run		C
exnextmodulekindExportClassNameWithObject(target=es5).ts	skipped	unsupported target ES5	
expandoFunctionBlockShadowing.ts	run		C
expandoFunctionContextualTypes.ts	run		C
expandoFunctionContextualTypesJSDocInTs.ts	run		C
expandoFunctionContextualTypesJs.ts	run		C
expandoFunctionContextualTypesNoValue.ts	run		E
expandoFunctionExpressionsWithDynamicNames.ts	run		C
expandoFunctionExpressionsWithDynamicNames2.ts	run		C
expandoFunctionNestedAssigments.ts	run		E
expandoFunctionNestedAssigmentsDeclared.ts	run		C
expandoFunctionNullishProperty.ts	run		C
expandoFunctionSymbolProperty.ts	run		C
expandoFunctionSymbolPropertyJs.ts	run		C
expandoOnAlias.ts	run		E
experimentalDecoratorMetadataUnresolvedTypeObjectInEmit.ts	run		E
explicitAnyAfterSpreadNoImplicitAnyError.ts	run		C
exponentiationOperatorInTemplateStringWithSyntaxError1(target=es2015).ts	run		E
exponentiationOperatorInTemplateStringWithSyntaxError1(target=es5).ts	skipped	unsupported target ES5	
exponentiationOperatorInTemplateStringWithSyntaxError2(target=es2015).ts	run		E
exponentiationOperatorInTemplateStringWithSyntaxError2(target=es5).ts	skipped	unsupported target ES5	
exponentiationOperatorInTemplateStringWithSyntaxError3(target=es2015).ts	run		E
exponentiationOperatorInTemplateStringWithSyntaxError3(target=es5).ts	skipped	unsupported target ES5	
exponentiationOperatorSyntaxError1(target=es2015).ts	run		E
exponentiationOperatorSyntaxError1(target=es5).ts	skipped	unsupported target ES5	
exponentiationOperatorSyntaxError2(target=es2015).ts	run		E
exponentiationOperatorSyntaxError2(target=es5).ts	skipped	unsupported target ES5	
exponentiationOperatorWithAnyAndNumber.ts	run		E
exponentiationOperatorWithEnum.ts	run		E
exponentiationOperatorWithEnumUnion.ts	run		E
exponentiationOperatorWithInvalidOperands.ts	run		E
exponentiationOperatorWithInvalidSimpleUnaryExpressionOperands.ts	run		E
exponentiationOperatorWithNew.ts	run		E
exponentiationOperatorWithNullValueAndInvalidOperands.ts	run		E
exponentiationOperatorWithNullValueAndValidOperands.ts	run		E
exponentiationOperatorWithOnlyNullValueOrUndefinedValue.ts	run		E
exponentiationOperatorWithTemplateStringInvalid(target=es2015).ts	run		E
exponentiationOperatorWithTemplateStringInvalid(target=es5).ts	skipped	unsupported target ES5	
exponentiationOperatorWithTemplateStringInvalidES6.ts	run		E
exponentiationOperatorWithTypeParameter.ts	run		E
exponentiationOperatorWithUndefinedValueAndInvalidOperands.ts	run		E
exponentiationOperatorWithUndefinedValueAndValidOperands.ts	run		E
exportAlreadySeen.ts	run		E
exportAmbientClassNameWithObject(target=es2015).ts	run		C
exportAmbientClassNameWithObject(target=es5).ts	skipped	unsupported target ES5	
exportAndImport-es5(target=es2015).ts	run		C
exportAndImport-es5(target=es5).ts	skipped	unsupported target ES5	
exportAndImport-es5-amd(target=es2015).ts	skipped	unsupported module kind AMD	
exportAndImport-es5-amd(target=es5).ts	skipped	unsupported module kind AMD	
exportArrayBindingPattern.ts	run		C
exportAsNamespace.d.ts	run		C
exportAsNamespace1(module=amd).ts	skipped	unsupported module kind AMD	
exportAsNamespace1(module=commonjs).ts	run		E
exportAsNamespace1(module=es2015).ts	run		E
exportAsNamespace1(module=esnext).ts	run		E
exportAsNamespace1(module=system).ts	skipped	unsupported module kind System	
exportAsNamespace1(module=umd).ts	skipped	unsupported module kind UMD	
exportAsNamespace2(module=amd).ts	skipped	unsupported module kind AMD	
exportAsNamespace2(module=commonjs).ts	run		E
exportAsNamespace2(module=es2015).ts	run		E
exportAsNamespace2(module=esnext).ts	run		E
exportAsNamespace2(module=system).ts	skipped	unsupported module kind System	
exportAsNamespace2(module=umd).ts	skipped	unsupported module kind UMD	
exportAsNamespace3(module=amd).ts	skipped	unsupported module kind AMD	
exportAsNamespace3(module=commonjs).ts	run		E
exportAsNamespace3(module=es2015).ts	run		E
exportAsNamespace3(module=esnext).ts	run		E
exportAsNamespace3(module=system).ts	skipped	unsupported module kind System	
exportAsNamespace3(module=umd).ts	skipped	unsupported module kind UMD	
exportAsNamespace4(module=amd).ts	skipped	unsupported module kind AMD	
exportAsNamespace4(module=commonjs).ts	run		C
exportAsNamespace4(module=es2015).ts	run		C
exportAsNamespace4(module=esnext).ts	run		C
exportAsNamespace4(module=system).ts	skipped	unsupported module kind System	
exportAsNamespace4(module=umd).ts	skipped	unsupported module kind UMD	
exportAsNamespace5.ts	run		C
exportAsNamespaceConflict.ts	run		E
exportAsNamespace_augment.ts	run		E
exportAsNamespace_exportAssignment.ts	run		E
exportAsNamespace_missingEmitHelpers.ts	run		E
exportAsNamespace_nonExistent.ts	run		E
exportAssignClassAndModule.ts	run		E
exportAssignDottedName.ts	run		C
exportAssignImportedIdentifier.ts	run		C
exportAssignNonIdentifier.ts	run		E
exportAssignTypes.ts	run		C
exportAssignValueAndType.ts	run		C
exportAssignedNamespaceIsVisibleInDeclarationEmit.ts	run		C
exportAssignedTypeAsTypeAnnotation.ts	skipped	unsupported module kind AMD	
exportAssignmentAndDeclaration.ts	run		E
exportAssignmentCircularModules.ts	skipped	unsupported module kind AMD	
exportAssignmentClass.ts	skipped	unsupported module kind AMD	
exportAssignmentConstrainedGenericType.ts	run		E
exportAssignmentEnum.ts	run		C
exportAssignmentError.ts	skipped	unsupported module kind AMD	
exportAssignmentExpressionIsExpressionNode.ts	run		E
exportAssignmentFunction.ts	skipped	unsupported module kind AMD	
exportAssignmentGenericType.ts	run		E
exportAssignmentImportMergeNoCrash.ts	run		E
exportAssignmentInterface.ts	skipped	unsupported module kind AMD	
exportAssignmentInternalModule.ts	skipped	unsupported module kind AMD	
exportAssignmentMembersVisibleInAugmentation.ts	run		E
exportAssignmentMergedInterface.ts	skipped	unsupported module kind AMD	
exportAssignmentMergedModule.ts	run		C
exportAssignmentOfDeclaredExternalModule.ts	run		E
exportAssignmentOfExportNamespaceWithDefault.ts	run		C
exportAssignmentOfGenericType1.ts	skipped	unsupported module kind AMD	
exportAssignmentTopLevelClodule.ts	skipped	unsupported module kind AMD	
exportAssignmentTopLevelEnumdule.ts	skipped	unsupported module kind AMD	
exportAssignmentTopLevelFundule.ts	skipped	unsupported module kind AMD	
exportAssignmentTopLevelIdentifier.ts	skipped	unsupported module kind AMD	
exportAssignmentVariable.ts	run		C
exportAssignmentWithDeclareAndExportModifiers.ts	run		E
exportAssignmentWithDeclareModifier.ts	run		E
exportAssignmentWithExportModifier.ts	run		E
exportAssignmentWithExports.ts	run		E
exportAssignmentWithImportStatementPrivacyError.ts	skipped	unsupported module kind AMD	
exportAssignmentWithPrivacyError.ts	skipped	unsupported module kind AMD	
exportAssignmentWithoutAllowSyntheticDefaultImportsError.ts	run		E
exportAssignmentWithoutIdentifier1.ts	run		C
exportBinding.ts	run		E
exportClassExtendingIntersection.ts	run		E
exportClassNameWithObjectAMD(target=es2015).ts	skipped	unsupported module kind AMD	
exportClassNameWithObjectAMD(target=es5).ts	skipped	unsupported module kind AMD	
exportClassNameWithObjectCommonJS(target=es2015).ts	run		E
exportClassNameWithObjectCommonJS(target=es5).ts	skipped	unsupported target ES5	
exportClassNameWithObjectSystem(target=es2015).ts	skipped	unsupported module kind System	
exportClassNameWithObjectSystem(target=es5).ts	skipped	unsupported module kind System	
exportClassNameWithObjectUMD(target=es2015).ts	skipped	unsupported module kind UMD	
exportClassNameWithObjectUMD(target=es5).ts	skipped	unsupported module kind UMD	
exportClassWithoutName.ts	run		E
exportCodeGen.ts	run		E
exportDeclaration(isolatedmodules=false).ts	run		E
exportDeclaration(isolatedmodules=true).ts	run		E
exportDeclarationForModuleOrEnumWithMemberOfSameName(module=commonjs).ts	run		C
exportDeclarationForModuleOrEnumWithMemberOfSameName(module=system).ts	skipped	unsupported module kind System	
exportDeclarationInInternalModule(target=es2015).ts	run		E
exportDeclarationInInternalModule(target=es5).ts	skipped	unsupported target ES5	
exportDeclarationWithModuleSpecifierNameOnNextLine1.ts	run		C
exportDeclaration_missingBraces.ts	run		E
exportDeclaration_moduleSpecifier-isolatedModules.ts	run		C
exportDeclaration_moduleSpecifier.ts	run		E
exportDeclaration_value.ts	run		C
exportDeclarationsInAmbientNamespaces.ts	run		C
exportDeclarationsInAmbientNamespaces2.ts	run		E
exportDeclareClass1.ts	run		E
exportDeclaredModule.ts	run		C
exportDefault.ts	run		E
exportDefaultAbstractClass.ts	run		E
exportDefaultAlias_excludesEverything.ts	run		E
exportDefaultAsyncFunction.ts	run		C
exportDefaultAsyncFunction2.ts	run		E
exportDefaultClassAndValue.ts	run		E
exportDefaultClassInNamespace.ts	run		E
exportDefaultClassNameWithObject(target=es2015).ts	run		E
exportDefaultClassNameWithObject(target=es5).ts	skipped	unsupported target ES5	
exportDefaultClassWithStaticPropertyAssignmentsInES6.ts	run		C
exportDefaultDuplicateCrash.ts	run		E
exportDefaultExpressionComments.ts	run		C
exportDefaultForNonInstantiatedModule.ts	run		C
exportDefaultFunctionInNamespace.ts	run		E
exportDefaultImportedType.ts	run		C
exportDefaultInJsFile01(target=es2015).ts	run		E
exportDefaultInJsFile01(target=es5).ts	skipped	unsupported target ES5	
exportDefaultInJsFile02.ts	run		E
exportDefaultInterface.ts	run		E
exportDefaultInterfaceAndFunctionOverloads.ts	run		C
exportDefaultInterfaceAndTwoFunctions.ts	run		E
exportDefaultInterfaceAndValue.ts	run		C
exportDefaultInterfaceClassAndFunctionOverloads.ts	run		E
exportDefaultInterfaceClassAndValue.ts	run		E
exportDefaultMarksIdentifierAsUsed.ts	run		C
exportDefaultMissingName.ts	run		E
exportDefaultNamespace.ts	run		C
exportDefaultParenthesize(target=es2015).ts	run		C
exportDefaultParenthesize(target=es5).ts	skipped	unsupported target ES5	
exportDefaultParenthesizeES6.ts	run		C
exportDefaultProperty.ts	run		C
exportDefaultProperty2.ts	run		C
exportDefaultQualifiedNameNoError.ts	run		C
exportDefaultStripsFreshness.ts	run		E
exportDefaultTypeAndClass.ts	run		E
exportDefaultTypeAndFunctionOverloads.ts	run		E
exportDefaultTypeClassAndValue.ts	run		E
exportDefaultVariable.ts	run		C
exportDefaultWithJSDoc1.ts	run		C
exportDefaultWithJSDoc2.ts	run		C
exportDeferInvalid.ts	run		E
exportEmptyArrayBindingPattern(module=amd,target=es5).ts	skipped	unsupported module kind AMD	
exportEmptyArrayBindingPattern(module=amd,target=esnext).ts	skipped	unsupported module kind AMD	
exportEmptyArrayBindingPattern(module=commonjs,target=es5).ts	skipped	unsupported target ES5	
exportEmptyArrayBindingPattern(module=commonjs,target=esnext).ts	run		C
exportEmptyArrayBindingPattern(module=es2015,target=es5).ts	skipped	unsupported target ES5	
exportEmptyArrayBindingPattern(module=es2015,target=esnext).ts	run		C
exportEmptyArrayBindingPattern(module=esnext,target=es5).ts	skipped	unsupported target ES5	
exportEmptyArrayBindingPattern(module=esnext,target=esnext).ts	run		C
exportEmptyArrayBindingPattern(module=system,target=es5).ts	skipped	unsupported module kind System	
exportEmptyArrayBindingPattern(module=system,target=esnext).ts	skipped	unsupported module kind System	
exportEmptyObjectBindingPattern(module=amd,target=es5).ts	skipped	unsupported module kind AMD	
exportEmptyObjectBindingPattern(module=amd,target=esnext).ts	skipped	unsupported module kind AMD	
exportEmptyObjectBindingPattern(module=commonjs,target=es5).ts	skipped	unsupported target ES5	
exportEmptyObjectBindingPattern(module=commonjs,target=esnext).ts	run		C
exportEmptyObjectBindingPattern(module=es2015,target=es5).ts	skipped	unsupported target ES5	
exportEmptyObjectBindingPattern(module=es2015,target=esnext).ts	run		C
exportEmptyObjectBindingPattern(module=esnext,target=es5).ts	skipped	unsupported target ES5	
exportEmptyObjectBindingPattern(module=esnext,target=esnext).ts	run		C
exportEmptyObjectBindingPattern(module=system,target=es5).ts	skipped	unsupported module kind System	
exportEmptyObjectBindingPattern(module=system,target=esnext).ts	skipped	unsupported module kind System	
exportEqualCallable.ts	skipped	unsupported module kind AMD	
exportEqualErrorType.ts	run		E
exportEqualMemberMissing.ts	run		E
exportEqualNamespaces.ts	skipped	unsupported module kind AMD	
exportEqualsAmd.ts	skipped	unsupported module kind AMD	
exportEqualsClassNoRedeclarationError.ts	run		C
exportEqualsClassRedeclarationError.ts	run		E
exportEqualsCommonJs.ts	run		C
exportEqualsDefaultProperty.ts	run		E
exportEqualsOfModule.ts	run		C
exportEqualsProperty.ts	run		C
exportEqualsProperty2.ts	run		C
exportEqualsUmd.ts	skipped	unsupported module kind UMD	
exportImport.ts	skipped	unsupported module kind AMD	
exportImportAlias.ts	run		C
exportImportAndClodule.ts	run		C
exportImportCanSubstituteConstEnumForValue(target=es2015).ts	skipped	unsupported module kind AMD	
exportImportCanSubstituteConstEnumForValue(target=es5).ts	skipped	unsupported module kind AMD	
exportImportMultipleFiles.ts	skipped	unsupported module kind AMD	
exportImportNonInstantiatedModule.ts	run		C
exportImportNonInstantiatedModule2.ts	skipped	unsupported module kind AMD	
exportInFunction.ts	run		E
exportInterfaceClassAndValue.ts	run		E
exportInterfaceClassAndValueWithDuplicatesInImportList.ts	run		E
exportNamespace1.ts	run		E
exportNamespace10.ts	run		E
exportNamespace11.ts	run		E
exportNamespace12.ts	run		E
exportNamespace2.ts	run		E
exportNamespace3.ts	run		E
exportNamespace4.ts	run		E
exportNamespace5.ts	run		E
exportNamespace6.ts	run		E
exportNamespace7.ts	run		E
exportNamespace8.ts	run		E
exportNamespace9.ts	run		E
exportNamespaceDeclarationRetainsVisibility.ts	run		C
exportNamespace_js.ts	run		E
exportNestedNamespaces.ts	run		E
exportNestedNamespaces2.ts	run		E
exportNonInitializedVariablesAMD.ts	skipped	unsupported module kind AMD	
exportNonInitializedVariablesCommonJS.ts	run		E
exportNonInitializedVariablesES6.ts	run		E
exportNonInitializedVariablesInIfThenStatementNoCrash1(module=commonjs).ts	run		E
exportNonInitializedVariablesInIfThenStatementNoCrash1(module=esnext).ts	run		E
exportNonInitializedVariablesInIfThenStatementNoCrash1(module=system).ts	skipped	unsupported module kind System	
exportNonInitializedVariablesSystem.ts	skipped	unsupported module kind System	
exportNonInitializedVariablesUMD.ts	skipped	unsupported module kind UMD	
exportNonLocalDeclarations.ts	run		E
exportNonVisibleType.ts	run		E
exportObjectRest(module=amd,target=es5).ts	skipped	unsupported module kind AMD	
exportObjectRest(module=amd,target=esnext).ts	skipped	unsupported module kind AMD	
exportObjectRest(module=commonjs,target=es5).ts	skipped	unsupported target ES5	
exportObjectRest(module=commonjs,target=esnext).ts	run		C
exportObjectRest(module=es2015,target=es5).ts	skipped	unsupported target ES5	
exportObjectRest(module=es2015,target=esnext).ts	run		C
exportObjectRest(module=esnext,target=es5).ts	skipped	unsupported target ES5	
exportObjectRest(module=esnext,target=esnext).ts	run		C
exportObjectRest(module=system,target=es5).ts	skipped	unsupported module kind System	
exportObjectRest(module=system,target=esnext).ts	skipped	unsupported module kind System	
exportPrivateType.ts	run		E
exportPropertyAssignmentNameResolution.ts	run		E
exportRedeclarationTypeAliases.ts	run		C
exportSameNameFuncVar.ts	run		E
exportSpecifierAndExportedMemberDeclaration.ts	run		C
exportSpecifierAndLocalMemberDeclaration.ts	run		E
exportSpecifierForAGlobal.ts	run		E
exportSpecifierReferencingOuterDeclaration1.ts	run		E
exportSpecifierReferencingOuterDeclaration2.ts	run		E
exportSpecifierReferencingOuterDeclaration3.ts	run		E
exportSpecifierReferencingOuterDeclaration4.ts	run		E
exportSpecifiers.ts	run		E
exportSpecifiers_js.ts	run		E
exportSpellingSuggestion.ts	run		E
exportStar(target=es2015).ts	run		E
exportStar(target=es5).ts	skipped	unsupported target ES5	
exportStar-amd(target=es2015).ts	skipped	unsupported module kind AMD	
exportStar-amd(target=es5).ts	skipped	unsupported module kind AMD	
exportStarForValues.ts	skipped	unsupported module kind AMD	
exportStarForValues10.ts	skipped	unsupported module kind System	
exportStarForValues2.ts	skipped	unsupported module kind AMD	
exportStarForValues3.ts	skipped	unsupported module kind AMD	
exportStarForValues4.ts	skipped	unsupported module kind AMD	
exportStarForValues5.ts	skipped	unsupported module kind AMD	
exportStarForValues6.ts	skipped	unsupported module kind System	
exportStarForValues7.ts	skipped	unsupported module kind AMD	
exportStarForValues8.ts	skipped	unsupported module kind AMD	
exportStarForValues9.ts	skipped	unsupported module kind AMD	
exportStarForValuesInSystem.ts	skipped	unsupported module kind System	
exportStarFromEmptyModule(target=es2015).ts	run		E
exportStarFromEmptyModule(target=es5).ts	skipped	unsupported target ES5	
exportStarNotElided.ts	run		C
exportToString.ts	run		C
exportTwoInterfacesWithSameName.ts	run		C
exportTypeMergedWithExportStarAsNamespace.ts	run		C
exportVisibility.ts	run		C
exportedAliasedEnumTag.ts	run		C
exportedBlockScopedDeclarations.ts	run		E
exportedEnumTypeAndValue.ts	run		E
exportedInterfaceInaccessibleInCallbackInModule.ts	skipped	unsupported module kind AMD	
exportedVariable1.ts	skipped	unsupported module kind AMD	
exportingContainingVisibleType.ts	skipped	unsupported module kind AMD	
exportsAndImports1-amd(target=es2015).ts	skipped	unsupported module kind AMD	
exportsAndImports1-amd(target=es5).ts	skipped	unsupported module kind AMD	
exportsAndImports1-es6.ts	run		C
exportsAndImports1.ts	run		C
exportsAndImports2-amd(target=es2015).ts	skipped	unsupported module kind AMD	
exportsAndImports2-amd(target=es5).ts	skipped	unsupported module kind AMD	
exportsAndImports2-es6.ts	run		C
exportsAndImports2.ts	run		C
exportsAndImports3-amd(target=es2015).ts	skipped	unsupported module kind AMD	
exportsAndImports3-amd(target=es5).ts	skipped	unsupported module kind AMD	
exportsAndImports3-es6.ts	run		C
exportsAndImports3.ts	run		C
exportsAndImports4(target=es2015).ts	run		C
exportsAndImports4(target=es5).ts	skipped	unsupported target ES5	
exportsAndImports4-amd(target=es2015).ts	skipped	unsupported module kind AMD	
exportsAndImports4-amd(target=es5).ts	skipped	unsupported module kind AMD	
exportsAndImports4-es6.ts	run		C
exportsAndImports5.ts	run		C
exportsAndImportsWithContextualKeywordNames01(target=es2015).ts	run		E
exportsAndImportsWithContextualKeywordNames01(target=es5).ts	skipped	unsupported target ES5	
exportsAndImportsWithContextualKeywordNames02(target=es2015).ts	run		C
exportsAndImportsWithContextualKeywordNames02(target=es5).ts	skipped	unsupported target ES5	
exportsAndImportsWithUnderscores1(target=es2015).ts	run		E
exportsAndImportsWithUnderscores1(target=es5).ts	skipped	unsupported target ES5	
exportsAndImportsWithUnderscores2(target=es2015).ts	run		C
exportsAndImportsWithUnderscores2(target=es5).ts	skipped	unsupported target ES5	
exportsAndImportsWithUnderscores3(target=es2015).ts	run		C
exportsAndImportsWithUnderscores3(target=es5).ts	skipped	unsupported target ES5	
exportsAndImportsWithUnderscores4(target=es2015).ts	run		C
exportsAndImportsWithUnderscores4(target=es5).ts	skipped	unsupported target ES5	
exportsInAmbientModules1.ts	skipped	unsupported module kind AMD	
exportsInAmbientModules2.ts	skipped	unsupported module kind AMD	
expr.ts	run		E
expressionTypeNodeShouldError.ts	run		E
expressionWithJSDocTypeArguments.ts	run		E
expressionsForbiddenInParameterInitializers.ts	run		E
extBaseClass1.ts	run		C
extBaseClass2.ts	run		E
extendAndImplementTheSameBaseType.ts	run		E
extendAndImplementTheSameBaseType2.ts	run		E
extendArray.ts	run		E
extendBaseClassBeforeItsDeclared.ts	run		E
extendBooleanInterface.ts	run		C
extendClassExpressionFromModule.ts	run		C
extendConstructSignatureInInterface.ts	run		E
extendFromAny.ts	run		E
extendGenericArray.ts	run		E
extendGenericArray2.ts	run		E
extendGlobalThis.ts	run		E
extendGlobalThis2.ts	run		E
extendNonClassSymbol1.ts	run		C
extendNonClassSymbol2.ts	run		E
extendNumberInterface.ts	run		C
extendPrivateConstructorClass.ts	run		E
extendStringInterface.ts	run		C
extendedInterfaceGenericType.ts	run		E
extendedInterfacesWithDuplicateTypeParameters.ts	run		E
extendedUnicodeEscapeSequenceIdentifiers.ts	run		C
extendedUnicodePlaneIdentifiers.ts	run		C
extendedUnicodePlaneIdentifiersJSDoc.ts	run		C
extendingClassFromAliasAndUsageInIndexer.ts	run		E
extendingCollectionsWithCheckJs.ts	run		C
extendsClause.ts	run		E
extendsClauseAlreadySeen.ts	run		E
extendsClauseAlreadySeen2.ts	run		E
extendsJavaScript.ts	run		C
extendsTag1.ts	run		C
extendsTag2.ts	run		C
extendsTag3.ts	run		C
extendsTag4.ts	run		C
extendsTag5.ts	run		E
extendsTag6.ts	run		C
extendsTagEmit.ts	run		E
extendsUntypedModule.ts	run		E
extension.ts	run		E
extensionLoadingPriority(moduleresolution=bundler).ts	run		C
extensionLoadingPriority(moduleresolution=classic).ts	skipped	unsupported module resolution kind 1	
extensionLoadingPriority(moduleresolution=node16).ts	run		E
extensionLoadingPriority(moduleresolution=nodenext).ts	run		E
externFunc.ts	run		C
externModule.ts	run		E
externModuleClobber.ts	run		C
externSemantics.ts	run		E
externSyntax.ts	run		E
externalModuleAssignToVar.ts	skipped	unsupported module kind AMD	
externalModuleExportingGenericClass.ts	run		E
externalModuleImmutableBindings.ts	run		E
externalModuleQualification.ts	run		E
externalModuleReferenceDoubleUnderscore1.ts	run		C
externalModuleReferenceOfImportDeclarationWithExportModifier.ts	skipped	unsupported module kind AMD	
externalModuleRefernceResolutionOrderInImportDeclaration.ts	run		E
externalModuleResolution.ts	run		C
externalModuleResolution2.ts	run		C
externalModuleWithoutCompilerFlag1.ts	run		C
extractInferenceImprovement.ts	run		E
fakeInfinity1.ts	run		E
fakeInfinity2.ts	run		C
fakeInfinity3.ts	run		C
fallFromLastCase1.ts	run		C
fallFromLastCase2.ts	run		E
fallbackToBindingPatternForTypeInference.ts	run		E
fatArrowSelf.ts	run		C
fatArrowfunctionAsType.ts	run		C
fatarrowfunctions.ts	run		C
fatarrowfunctionsErrors.ts	run		E
fatarrowfunctionsInFunctionParameterDefaults.ts	run		C
fatarrowfunctionsInFunctions.ts	run		C
fatarrowfunctionsOptionalArgs.ts	run		E
fatarrowfunctionsOptionalArgsErrors1.ts	run		E
fatarrowfunctionsOptionalArgsErrors2.ts	run		E
fatarrowfunctionsOptionalArgsErrors3.ts	run		E
fatarrowfunctionsOptionalArgsErrors4.ts	run		E
fieldAndGetterWithSameName.ts	run		E
fileReferencesWithNoExtensions.ts	run		C
fileWithNextLine1.ts	run		C
fileWithNextLine2.ts	run		C
fileWithNextLine3.ts	run		E
filesEmittingIntoSameOutput.ts	run		E
filesEmittingIntoSameOutputWithOutOption.ts	skipped	unsupported module kind AMD	
fillInMissingTypeArgsOnConstructCalls.ts	run		E
fillInMissingTypeArgsOnJSConstructCalls.ts	run		E
filterNamespace_import.ts	run		E
findLast(target=es2022).ts	run		E
findLast(target=esnext).ts	run		C
firstMatchRegExpMatchArray.ts	run		E
fixCrashAliasLookupForDefauledImport.ts	run		C
fixSignatureCaching.ts	run		E
fixTypeParameterInSignatureWithRestParameters.ts	run		E
fixingTypeParametersRepeatedly1.ts	run		C
fixingTypeParametersRepeatedly2.ts	run		E
fixingTypeParametersRepeatedly3.ts	run		C
flatArrayNoExcessiveStackDepth.ts	run		E
float16Array.ts	run		C
flowAfterFinally1.ts	run		C
flowControlTypeGuardThenSwitch.ts	run		E
flowInFinally1.ts	run		C
fluentClasses.ts	run		E
fluentInterfaces.ts	run		E
for-inStatements.ts	run		E
for-inStatementsArray.ts	run		C
for-inStatementsArrayErrors.ts	run		E
for-inStatementsAsyncIdentifier.ts	run		C
for-inStatementsDestructuring(target=es2015).ts	run		E
for-inStatementsDestructuring(target=es5).ts	skipped	unsupported target ES5	
for-inStatementsDestructuring2.ts	run		E
for-inStatementsDestructuring3.ts	run		E
for-inStatementsDestructuring4.ts	run		E
for-inStatementsInvalid.ts	run		E
for-of-excess-declarations.ts	run		E
for-of1.ts	run		C
for-of10.ts	run		E
for-of11.ts	run		E
for-of12.ts	run		E
for-of13.ts	run		C
for-of14.ts	run		E
for-of15.ts	run		E
for-of16.ts	run		E
for-of17.ts	run		E
for-of18.ts	run		C
for-of19.ts	run		C
for-of2.ts	run		E
for-of20.ts	run		C
for-of21.ts	run		C
for-of22.ts	run		E
for-of23.ts	run		C
for-of24.ts	run		C
for-of25.ts	run		C
for-of26.ts	run		C
for-of27.ts	run		C
for-of28.ts	run		C
for-of29.ts	run		E
for-of3.ts	run		E
for-of30.ts	run		E
for-of31.ts	run		C
for-of32.ts	run		E
for-of33.ts	run		E
for-of34.ts	run		E
for-of35.ts	run		E
for-of36.ts	run		C
for-of37.ts	run		C
for-of38.ts	run		C
for-of39.ts	run		E
for-of4.ts	run		C
for-of40.ts	run		C
for-of41.ts	run		C
for-of42.ts	run		C
for-of43.ts	run		C
for-of44.ts	run		C
for-of45.ts	run		C
for-of46.ts	run		E
for-of47.ts	run		E
for-of48.ts	run		E
for-of49.ts	run		C
for-of5.ts	run		C
for-of50.ts	run		C
for-of51.ts	run		E
for-of52.ts	run		E
for-of53.ts	run		E
for-of54.ts	run		E
for-of55.ts	run		E
for-of56(alwaysstrict=false).ts	skipped	alwaysStrict=false is unsupported	
for-of56(alwaysstrict=true).ts	run		E
for-of57.ts	run		E
for-of58.ts	run		C
for-of6.ts	run		E
for-of7.ts	run		E
for-of8.ts	run		E
for-of9.ts	run		C
for.ts	run		E
forAwaitForIntersection1.ts	run		C
forAwaitForUnion.ts	run		C
forAwaitPerIterationBindingDownlevel(target=es2015).ts	run		E
forAwaitPerIterationBindingDownlevel(target=es5).ts	skipped	unsupported target ES5	
forBreakStatements.ts	run		C
forContinueStatements.ts	run		C
forIn.ts	run		E
forIn2.ts	run		E
forInBreakStatements.ts	run		C
forInContinueStatements.ts	run		C
forInModule.ts	run		C
forInStatement1.ts	run		C
forInStatement2.ts	run		E
forInStatement3.ts	run		C
forInStatement4.ts	run		E
forInStatement5.ts	run		C
forInStatement6.ts	run		C
forInStatement7.ts	run		E
forInStrictNullChecksNoError.ts	run		E
forLoopEndingMultilineComments.ts	run		C
forLoopWithDestructuringDoesNotElideFollowingStatement.ts	run		C
forOfStringConstituents.ts	run		C
forOfTransformsExpression.ts	run		C
forStatementInnerComments.ts	run		C
forStatements.ts	run		E
forStatementsMultipleInvalidDecl.ts	run		E
forStatementsMultipleValidDecl.ts	run		E
forgottenNew.ts	run		E
formatToPartsFractionalSecond.ts	run		C
forwardDeclaredCommonTypes01(target=es2015).ts	run		E
forwardDeclaredCommonTypes01(target=es5).ts	skipped	unsupported target ES5	
forwardRefInClassProperties.ts	run		E
forwardRefInEnum.ts	run		E
forwardRefInTypeDeclaration(strict=false).ts	run		C
forwardRefInTypeDeclaration(strict=true).ts	run		C
freshLiteralInference.ts	run		C
freshLiteralTypesInIntersections.ts	run		C
fromAsIdentifier1.ts	run		C
fromAsIdentifier2.ts	run		C
funClodule.ts	run		E
funcdecl.ts	run		C
functionAndImportNameConflict.ts	run		E
functionAndInterfaceWithSeparateErrors.ts	run		E
functionAndPropertyNameConflict.ts	run		E
functionArgShadowing.ts	run		E
functionAssignabilityWithArrayLike01(strict=false).ts	run		E
functionAssignabilityWithArrayLike01(strict=true).ts	run		E
functionAssignment.ts	run		E
functionAssignmentError.ts	run		C
functionCall1.ts	run		C
functionCall10.ts	run		E
functionCall11.ts	run		E
functionCall12.ts	run		E
functionCall13.ts	run		E
functionCall14.ts	run		E
functionCall15.ts	run		E
functionCall16.ts	run		E
functionCall17.ts	run		E
functionCall18.ts	run		E
functionCall2.ts	run		C
functionCall3.ts	run		C
functionCall4.ts	run		C
functionCall5.ts	run		C
functionCall6.ts	run		E
functionCall7.ts	run		E
functionCall8.ts	run		E
functionCall9.ts	run		E
functionCallOnConstrainedTypeVariable.ts	run		E
functionCalls.ts	run		E
functionConstraintSatisfaction.ts	run		C
functionConstraintSatisfaction2.ts	run		E
functionConstraintSatisfaction3.ts	run		C
functionDeclarationWithArgumentOfTypeFunctionTypeArray.ts	run		C
functionDeclarationWithResolutionOfTypeNamedArguments01.ts	run		C
functionDeclarationWithResolutionOfTypeOfSameName01.ts	run		C
functionExpressionAndLambdaMatchesFunction.ts	run		C
functionExpressionContextualTyping1.ts	run		C
functionExpressionContextualTyping2.ts	run		E
functionExpressionContextualTyping3.ts	run		C
functionExpressionInWithBlock.ts	run		E
functionExpressionNames.ts	run		C
functionExpressionReturningItself.ts	run		C
functionExpressionShadowedByParams.ts	run		E
functionExpressionWithResolutionOfTypeNamedArguments01.ts	run		C
functionExpressionWithResolutionOfTypeOfSameName01.ts	run		C
functionExpressionWithResolutionOfTypeOfSameName02.ts	run		C
functionImplementationErrors(target=es2015).ts	run		E
functionImplementationErrors(target=es5).ts	skipped	unsupported target ES5	
functionImplementations.ts	run		E
functionInIfStatementInModule.ts	run		C
functionLikeInParameterInitializer(target=es2015).ts	run		E
functionLikeInParameterInitializer(target=es5).ts	skipped	unsupported target ES5	
functionLiteral.ts	run		C
functionLiteralForOverloads.ts	run		C
functionLiteralForOverloads2.ts	run		C
functionLiterals.ts	run		E
functionMergedWithModule.ts	run		C
functionNameConflicts.ts	run		E
functionOnlyHasThrow.ts	run		C
functionOverloadAmbiguity1.ts	run		E
functionOverloadCompatibilityWithVoid01.ts	run		E
functionOverloadCompatibilityWithVoid02.ts	run		C
functionOverloadCompatibilityWithVoid03.ts	run		C
functionOverloadErrors.ts	run		E
functionOverloadErrorsSyntax.ts	run		E
functionOverloadImplementationOfWrongName.ts	run		E
functionOverloadImplementationOfWrongName2.ts	run		E
functionOverloads.ts	run		E
functionOverloads1.ts	run		E
functionOverloads10.ts	run		C
functionOverloads11.ts	run		E
functionOverloads12.ts	run		C
functionOverloads13.ts	run		C
functionOverloads14.ts	run		C
functionOverloads15.ts	run		C
functionOverloads16.ts	run		C
functionOverloads17.ts	run		E
functionOverloads18.ts	run		E
functionOverloads19.ts	run		E
functionOverloads2.ts	run		E
functionOverloads20.ts	run		E
functionOverloads21.ts	run		C
functionOverloads22.ts	run		C
functionOverloads23.ts	run		C
functionOverloads24.ts	run		C
functionOverloads25.ts	run		C
functionOverloads26.ts	run		C
functionOverloads27.ts	run		E
functionOverloads28.ts	run		C
functionOverloads29.ts	run		E
functionOverloads3.ts	run		E
functionOverloads30.ts	run		C
functionOverloads31.ts	run		C
functionOverloads32.ts	run		E
functionOverloads33.ts	run		C
functionOverloads34.ts	run		E
functionOverloads35.ts	run		C
functionOverloads36.ts	run		C
functionOverloads37.ts	run		E
functionOverloads38.ts	run		C
functionOverloads39.ts	run		C
functionOverloads4.ts	run		E
functionOverloads40.ts	run		E
functionOverloads41.ts	run		E
functionOverloads42.ts	run		C
functionOverloads43.ts	run		E
functionOverloads44.ts	run		C
functionOverloads45.ts	run		C
functionOverloads5.ts	run		E
functionOverloads6.ts	run		C
functionOverloads7.ts	run		C
functionOverloads8.ts	run		C
functionOverloads9.ts	run		C
functionOverloadsOnGenericArity1.ts	run		C
functionOverloadsOnGenericArity2.ts	run		C
functionOverloadsOutOfOrder.ts	run		E
functionOverloadsRecursiveGenericReturnType.ts	run		E
functionParameterArityMismatch.ts	run		E
functionParameterObjectRestAndInitializers.ts	run		C
functionReturn.ts	run		E
functionReturnTypeQuery.ts	run		C
functionReturningItself.ts	run		C
functionSignatureAssignmentCompat1.ts	run		E
functionSubtypingOfVarArgs.ts	run		C
functionSubtypingOfVarArgs2.ts	run		C
functionToFunctionWithPropError.ts	run		E
functionType.ts	run		C
functionTypeArgumentArityErrors.ts	run		E
functionTypeArgumentArrayAssignment.ts	run		C
functionTypeArgumentAssignmentCompat.ts	run		E
functionTypesLackingReturnTypes.ts	run		E
functionVariableInReturnTypeAnnotation.ts	run		E
functionWithAnyReturnTypeAndNoReturnExpression.ts	run		C
functionWithDefaultParameterWithNoStatements1.ts	run		C
functionWithDefaultParameterWithNoStatements10.ts	run		C
functionWithDefaultParameterWithNoStatements11.ts	run		C
functionWithDefaultParameterWithNoStatements12.ts	run		C
functionWithDefaultParameterWithNoStatements13.ts	run		C
functionWithDefaultParameterWithNoStatements14.ts	run		C
functionWithDefaultParameterWithNoStatements15.ts	run		C
functionWithDefaultParameterWithNoStatements16.ts	run		C
functionWithDefaultParameterWithNoStatements2.ts	run		C
functionWithDefaultParameterWithNoStatements3.ts	run		C
functionWithDefaultParameterWithNoStatements4.ts	run		C
functionWithDefaultParameterWithNoStatements5.ts	run		C
functionWithDefaultParameterWithNoStatements6.ts	run		C
functionWithDefaultParameterWithNoStatements7.ts	run		C
functionWithDefaultParameterWithNoStatements8.ts	run		C
functionWithDefaultParameterWithNoStatements9.ts	run		C
functionWithMultipleReturnStatements.ts	run		C
functionWithMultipleReturnStatements2.ts	run		C
functionWithNoBestCommonType1.ts	run		C
functionWithNoBestCommonType2.ts	run		C
functionWithSameNameAsField.ts	run		E
functionWithThrowButNoReturn1.ts	run		C
functionWithUseStrictAndSimpleParameterList.ts	run		C
functionWithUseStrictAndSimpleParameterList_es2016.ts	run		E
functionsInClassExpressions.ts	run		C
functionsMissingReturnStatementsAndExpressions(target=es2015).ts	run		E
functionsMissingReturnStatementsAndExpressions(target=es5).ts	skipped	unsupported target ES5	
functionsMissingReturnStatementsAndExpressionsStrictNullChecks.ts	run		E
functionsWithImplicitReturnTypeAssignableToUndefined(strictnullchecks=false).ts	run		C
functionsWithImplicitReturnTypeAssignableToUndefined(strictnullchecks=true).ts	run		E
functionsWithModifiersInBlocks1.ts	run		E
funduleExportedClassIsUsedBeforeDeclaration.ts	run		C
funduleOfFunctionWithoutReturnTypeAnnotation.ts	run		C
funduleSplitAcrossFiles.ts	run		E
funduleUsedAcrossFileBoundary.ts	run		C
fuzzy.ts	run		E
generatedContextualTyping.ts	run		E
generativeRecursionWithTypeOf.ts	run		E
generatorAssignability.ts	run		E
generatorES6InAMDModule.ts	skipped	unsupported module kind AMD	
generatorES6_1.ts	run		C
generatorES6_2.ts	run		C
generatorES6_3.ts	run		C
generatorES6_4.ts	run		C
generatorES6_5.ts	run		E
generatorES6_6.ts	run		C
generatorExplicitReturnType.ts	run		E
generatorImplicitAny.ts	run		E
generatorInAmbientContext1.ts	run		E
generatorInAmbientContext2.ts	run		E
generatorInAmbientContext3.d.ts	run		E
generatorInAmbientContext4.d.ts	run		E
generatorInAmbientContext5.ts	run		C
generatorInAmbientContext6.ts	run		C
generatorNoImplicitReturns.ts	run		C
generatorOverloads1.ts	run		E
generatorOverloads2.ts	run		E
generatorOverloads3.ts	run		E
generatorOverloads4.ts	run		C
generatorOverloads5.ts	run		C
generatorReturnContextualType.ts	run		E
generatorReturnExpressionIsChecked.ts	run		E
generatorReturnTypeFallback.1.ts	run		C
generatorReturnTypeFallback.2.ts	run		E
generatorReturnTypeFallback.3.ts	run		C
generatorReturnTypeFallback.4.ts	run		C
generatorReturnTypeFallback.5.ts	run		C
generatorReturnTypeIndirectReferenceToGlobalType.ts	run		C
generatorReturnTypeInference.ts	run		E
generatorReturnTypeInferenceNonStrict.ts	run		E
generatorTransformFinalLabel(target=es2015).ts	run		C
generatorTransformFinalLabel(target=es5).ts	skipped	unsupported target ES5	
generatorTypeCheck1.ts	run		C
generatorTypeCheck10.ts	run		C
generatorTypeCheck11.ts	run		C
generatorTypeCheck12.ts	run		C
generatorTypeCheck13.ts	run		C
generatorTypeCheck14.ts	run		C
generatorTypeCheck15.ts	run		C
generatorTypeCheck16.ts	run		C
generatorTypeCheck17.ts	run		E
generatorTypeCheck18.ts	run		E
generatorTypeCheck19.ts	run		E
generatorTypeCheck2.ts	run		C
generatorTypeCheck20.ts	run		E
generatorTypeCheck21.ts	run		E
generatorTypeCheck22.ts	run		E
generatorTypeCheck23.ts	run		E
generatorTypeCheck24.ts	run		E
generatorTypeCheck25.ts	run		E
generatorTypeCheck26.ts	run		C
generatorTypeCheck27.ts	run		C
generatorTypeCheck28.ts	run		C
generatorTypeCheck29.ts	run		C
generatorTypeCheck3.ts	run		C
generatorTypeCheck30.ts	run		C
generatorTypeCheck31.ts	run		E
generatorTypeCheck32.ts	run		E
generatorTypeCheck33.ts	run		C
generatorTypeCheck34.ts	run		C
generatorTypeCheck35.ts	run		C
generatorTypeCheck36.ts	run		C
generatorTypeCheck37.ts	run		C
generatorTypeCheck38(alwaysstrict=false).ts	skipped	alwaysStrict=false is unsupported	
generatorTypeCheck38(alwaysstrict=true).ts	run		E
generatorTypeCheck39.ts	run		E
generatorTypeCheck4.ts	run		C
generatorTypeCheck40.ts	run		C
generatorTypeCheck41.ts	run		C
generatorTypeCheck42.ts	run		C
generatorTypeCheck43.ts	run		C
generatorTypeCheck44.ts	run		C
generatorTypeCheck45.ts	run		C
generatorTypeCheck46.ts	run		C
generatorTypeCheck47.ts	run		C
generatorTypeCheck48.ts	run		C
generatorTypeCheck49.ts	run		C
generatorTypeCheck5.ts	run		C
generatorTypeCheck50.ts	run		E
generatorTypeCheck51.ts	run		C
generatorTypeCheck52.ts	run		E
generatorTypeCheck53.ts	run		E
generatorTypeCheck54.ts	run		E
generatorTypeCheck55.ts	run		C
generatorTypeCheck56.ts	run		C
generatorTypeCheck57.ts	run		E
generatorTypeCheck58.ts	run		E
generatorTypeCheck59.ts	run		C
generatorTypeCheck6.ts	run		E
generatorTypeCheck60.ts	run		C
generatorTypeCheck61.ts	run		C
generatorTypeCheck62.ts	run		E
generatorTypeCheck63.ts	run		E
generatorTypeCheck64.ts	run		C
generatorTypeCheck7.ts	run		E
generatorTypeCheck8.ts	run		E
generatorTypeCheck9.ts	run		E
generatorYieldContextualType.ts	run		C
generic.ts	run		E
genericAndNonGenericInheritedSignature1.ts	run		E
genericAndNonGenericInheritedSignature2.ts	run		E
genericAndNonGenericInterfaceWithTheSameName.ts	run		E
genericAndNonGenericInterfaceWithTheSameName2.ts	run		C
genericAndNonGenericOverload1.ts	run		E
genericArgumentCallSigAssignmentCompat.ts	run		E
genericArray0.ts	run		E
genericArray1.ts	run		C
genericArrayAssignment1.ts	run		E
genericArrayAssignmentCompatErrors.ts	run		E
genericArrayExtenstions.ts	run		E
genericArrayMethods1.ts	run		E
genericArrayPropertyAssignment.ts	run		C
genericArrayWithoutTypeAnnotation.ts	run		E
genericAssignmentCompatOfFunctionSignatures1.ts	run		E
genericAssignmentCompatWithInterfaces1.ts	run		E
genericBaseClassLiteralProperty.ts	run		E
genericBaseClassLiteralProperty2.ts	run		C
genericCallAtYieldExpressionInGenericCall1.ts	run		E
genericCallAtYieldExpressionInGenericCall2.ts	run		C
genericCallAtYieldExpressionInGenericCall3.ts	run		C
genericCallInferenceConditionalType1.ts	run		C
genericCallInferenceConditionalType2.ts	run		C
genericCallInferenceInConditionalTypes1.ts	run		C
genericCallInferenceUsingThisTypeNoInvalidCacheReuseAfterMappedTypeApplication1.ts	run		C
genericCallInferenceWithGenericLocalFunction.ts	run		C
genericCallOnMemberReturningClosedOverObject.ts	run		C
genericCallSpecializedToTypeArg.ts	run		E
genericCallToOverloadedMethodWithOverloadedArguments.ts	run		E
genericCallTypeArgumentInference.ts	run		C
genericCallWithArrayLiteralArgs.ts	run		C
genericCallWithConstraintsTypeArgumentInference.ts	run		C
genericCallWithConstraintsTypeArgumentInference2.ts	run		E
genericCallWithConstructorTypedArguments5.ts	run		E
genericCallWithFixedArguments.ts	run		C
genericCallWithFunctionTypedArguments.ts	run		E
genericCallWithFunctionTypedArguments2.ts	run		E
genericCallWithFunctionTypedArguments3.ts	run		E
genericCallWithFunctionTypedArguments4.ts	run		E
genericCallWithFunctionTypedArguments5.ts	run		E
genericCallWithGenericSignatureArguments.ts	run		C
genericCallWithGenericSignatureArguments2.ts	run		E
genericCallWithGenericSignatureArguments3.ts	run		E
genericCallWithNonGenericArgs1.ts	run		C
genericCallWithNonSymmetricSubtypes.ts	run		E
genericCallWithObjectLiteralArgs.ts	run		E
genericCallWithObjectLiteralArguments1.ts	run		E
genericCallWithObjectTypeArgs.ts	run		E
genericCallWithObjectTypeArgs2.ts	run		E
genericCallWithObjectTypeArgsAndConstraints.ts	run		E
genericCallWithObjectTypeArgsAndConstraints2.ts	run		E
genericCallWithObjectTypeArgsAndConstraints3.ts	run		E
genericCallWithObjectTypeArgsAndConstraints4.ts	run		E
genericCallWithObjectTypeArgsAndConstraints5.ts	run		E
genericCallWithObjectTypeArgsAndIndexers.ts	run		E
genericCallWithObjectTypeArgsAndIndexersErrors.ts	run		E
genericCallWithObjectTypeArgsAndInitializers.ts	run		E
genericCallWithObjectTypeArgsAndNumericIndexer.ts	run		E
genericCallWithObjectTypeArgsAndStringIndexer.ts	run		E
genericCallWithOverloadedConstructorTypedArguments.ts	run		E
genericCallWithOverloadedConstructorTypedArguments2.ts	run		E
genericCallWithOverloadedFunctionTypedArguments.ts	run		C
genericCallWithOverloadedFunctionTypedArguments2.ts	run		E
genericCallWithTupleType.ts	run		E
genericCallWithinOwnBodyCastTypeParameterIdentity.ts	run		C
genericCallWithoutArgs.ts	run		E
genericCallbackInvokedInsideItsContainingFunction1.ts	run		E
genericCallbacksAndClassHierarchy.ts	run		E
genericCapturingFunctionNarrowing.ts	run		C
genericChainedCalls.ts	run		E
genericClassExpressionInFunction.ts	run		E
genericClassImplementingGenericInterfaceFromAnotherModule.ts	run		C
genericClassInheritsConstructorFromNonGenericClass.ts	run		E
genericClassPropertyInheritanceSpecialization.ts	run		C
genericClassStaticMethod.ts	run		C
genericClassWithFunctionTypedMemberArguments.ts	run		E
genericClassWithObjectTypeArgsAndConstraints.ts	run		E
genericClassWithStaticFactory.ts	run		E
genericClassWithStaticsUsingTypeArguments.ts	run		E
genericClasses0.ts	run		E
genericClasses1.ts	run		E
genericClasses2.ts	run		E
genericClasses3.ts	run		E
genericClasses4.ts	run		C
genericClassesInModule.ts	run		C
genericClassesInModule2.ts	skipped	unsupported module kind AMD	
genericClassesRedeclaration.ts	run		E
genericCloduleInModule.ts	run		E
genericCloduleInModule2.ts	run		E
genericCloneReturnTypes.ts	run		E
genericCloneReturnTypes2.ts	run		E
genericCombinators2.ts	run		E
genericConditionalConstrainedToUnknownNotAssignableToConcreteObject.ts	run		E
genericConstraint1.ts	run		E
genericConstraint2.ts	run		E
genericConstraint3.ts	run		C
genericConstraintDeclaration.ts	run		E
genericConstraintOnExtendedBuiltinTypes.ts	run		C
genericConstraintOnExtendedBuiltinTypes2.ts	run		C
genericConstraintSatisfaction1.ts	run		E
genericConstructInvocationWithNoTypeArg.ts	run		E
genericConstructSignatureInInterface.ts	run		C
genericConstructorFunction1.ts	run		E
genericContextualTypes1.ts	run		C
genericContextualTypes2.ts	run		C
genericContextualTypes3.ts	run		C
genericContextualTypingSpecialization.ts	run		E
genericDefaults.ts	run		E
genericDefaultsErrors.ts	run		E
genericDefaultsJs.ts	run		C
genericDerivedTypeWithSpecializedBase.ts	run		E
genericDerivedTypeWithSpecializedBase2.ts	run		E
genericFunctionCallSignatureReturnTypeMismatch.ts	run		E
genericFunctionHasFreshTypeArgs.ts	run		C
genericFunctionInference1.ts	run		E
genericFunctionInference2.ts	run		C
genericFunctionParameters.ts	run		C
genericFunctionSpecializations1.ts	run		C
genericFunctionTypedArgumentsAreFixed.ts	run		E
genericFunctions0.ts	run		C
genericFunctions1.ts	run		C
genericFunctions2.ts	run		E
genericFunctions3.ts	run		E
genericFunctionsAndConditionalInference.ts	run		C
genericFunctionsNotContextSensitive.ts	run		C
genericFunctionsWithOptionalParameters1.ts	run		E
genericFunctionsWithOptionalParameters2.ts	run		E
genericFunctionsWithOptionalParameters3.ts	run		E
genericFunduleInModule.ts	run		E
genericFunduleInModule2.ts	run		E
genericGetter.ts	run		E
genericGetter2.ts	run		E
genericGetter3.ts	run		E
genericImplements.ts	run		E
genericIndexTypeHasSensibleErrorMessage.ts	run		E
genericIndexedAccessMethodIntersectionCanBeAccessed.ts	run		C
genericIndexedAccessVarianceComparisonResultCorrect.ts	run		E
genericInference1.ts	run		C
genericInference2.ts	run		C
genericInferenceDefaultTypeParameter.ts	run		C
genericInferenceDefaultTypeParameterJsxReact.tsx	run		C
genericInheritedDefaultConstructors.ts	run		E
genericInstanceOf.ts	run		C
genericInstantiationEquivalentToObjectLiteral.ts	run		C
genericInterfaceFunctionTypeParameter.ts	skipped	unsupported module kind AMD	
genericInterfaceImplementation.ts	run		C
genericInterfaceTypeCall.ts	run		E
genericInterfacesWithoutTypeArguments.ts	run		E
genericIsNeverEmptyObject.ts	run		C
genericLambaArgWithoutTypeArguments.ts	run		E
genericMappedTypeAsClause.ts	run		E
genericMemberFunction.ts	run		E
genericMergedDeclarationUsingTypeParameter.ts	run		E
genericMergedDeclarationUsingTypeParameter2.ts	run		E
genericMethodOverspecialization.ts	run		C
genericNewInterface.ts	run		E
genericNumberIndex.ts	run		C
genericObjectCreationWithoutTypeArgs.ts	run		C
genericObjectLitReturnType.ts	run		E
genericObjectRest.ts	run		C
genericObjectSpreadResultInSwitch.ts	run		C
genericOfACloduleType1.ts	run		E
genericOfACloduleType2.ts	run		E
genericOverloadSignatures.ts	run		C
genericParameterAssignability1.ts	run		E
genericPrototypeProperty.ts	run		E
genericPrototypeProperty2.ts	run		C
genericPrototypeProperty3.ts	run		E
genericRecursiveImplicitConstructorErrors1.ts	skipped	unsupported module kind AMD	
genericRecursiveImplicitConstructorErrors2.ts	run		E
genericRecursiveImplicitConstructorErrors3.ts	run		E
genericReduce.ts	run		E
genericRestArgs.ts	run		E
genericRestArity.ts	run		E
genericRestArityStrict.ts	run		E
genericRestParameters1.ts	run		E
genericRestParameters2.ts	run		C
genericRestParameters3.ts	run		E
genericRestTypes.ts	run		E
genericReturnTypeFromGetter1.ts	run		E
genericReversingTypeParameters.ts	run		E
genericReversingTypeParameters2.ts	run		E
genericSetterInClassType.ts	run		C
genericSetterInClassTypeJsDoc.ts	skipped	unsupported outFile /.src/genericSetterInClassTypeJsDoc-out.js	
genericSignatureIdentity.ts	run		E
genericSignatureInheritance.ts	run		C
genericSignatureInheritance2.ts	run		C
genericSpecializationToTypeLiteral1.ts	run		C
genericSpecializations1.ts	run		E
genericSpecializations2.ts	run		E
genericSpecializations3.ts	run		E
genericStaticAnyTypeFunction.ts	run		C
genericTemplateOverloadResolution.ts	run		C
genericTupleWithSimplifiableElements.ts	run		C
genericTypeAliases.ts	run		E
genericTypeArgumentInference1.ts	run		E
genericTypeAssertions1.ts	run		E
genericTypeAssertions2.ts	run		E
genericTypeAssertions3.ts	run		C
genericTypeAssertions4.ts	run		E
genericTypeAssertions5.ts	run		E
genericTypeAssertions6.ts	run		E
genericTypeConstraints.ts	run		E
genericTypeParameterEquivalence2.ts	run		C
genericTypeReferenceWithoutTypeArgument.d.ts	run		E
genericTypeReferenceWithoutTypeArgument.ts	run		E
genericTypeReferenceWithoutTypeArgument2.ts	run		E
genericTypeReferenceWithoutTypeArgument3.ts	run		E
genericTypeReferencesRequireTypeArgs.ts	run		E
genericTypeUsedWithoutTypeArguments1.ts	run		E
genericTypeUsedWithoutTypeArguments3.ts	run		E
genericTypeWithCallableMembers.ts	run		C
genericTypeWithCallableMembers2.ts	run		C
genericTypeWithMultipleBases1.ts	run		E
genericTypeWithMultipleBases2.ts	skipped	unsupported module kind AMD	
genericTypeWithMultipleBases3.ts	run		E
genericTypeWithNonGenericBaseMisMatch.ts	run		E
genericUnboundedTypeParamAssignability.ts	run		E
genericWithCallSignatureReturningSpecialization.ts	run		E
genericWithCallSignatures1.ts	run		E
genericWithIndexerOfTypeParameterType1.ts	run		C
genericWithIndexerOfTypeParameterType2.ts	skipped	unsupported module kind AMD	
genericWithNoConstraintComparableWithCurlyCurly.ts	run		E
genericWithOpenTypeParameters1.ts	run		E
generics0.ts	run		E
generics1.ts	run		E
generics1NoError.ts	run		C
generics2.ts	run		E
generics2NoError.ts	run		C
generics3.ts	run		E
generics4.ts	run		E
generics4NoError.ts	run		E
generics5.ts	run		E
genericsAndHigherOrderFunctions.ts	run		C
genericsManyTypeParameters.ts	run		C
genericsWithDuplicateTypeParameters1.ts	run		E
genericsWithoutTypeParameters1.ts	run		E
getAccessorWithImpliedReturnTypeAndFunctionClassMerge.ts	run		C
getAndSetAsMemberNames.ts	run		C
getAndSetNotIdenticalType.ts	run		C
getAndSetNotIdenticalType2.ts	run		E
getAndSetNotIdenticalType3.ts	run		E
getParameterNameAtPosition.ts	run		C
getSetAccessorContextualTyping(target=es2015).ts	run		E
getSetAccessorContextualTyping(target=es5).ts	skipped	unsupported target ES5	
getSetEnumerable(target=es2015).ts	run		C
getSetEnumerable(target=es5).ts	skipped	unsupported target ES5	
getsetReturnTypes.ts	run		C
getterControlFlowStrictNull(target=es2015).ts	run		E
getterControlFlowStrictNull(target=es5).ts	skipped	unsupported target ES5	
getterErrorMessageNotDuplicated.ts	run		C
getterMissingReturnError.ts	run		E
getterSetterNonAccessor.ts	run		C
getterSetterSubtypeAssignment.ts	run		C
getterThatThrowsShouldNotNeedReturn.ts	run		C
gettersAndSetters.ts	run		E
gettersAndSettersAccessibility.ts	run		E
gettersAndSettersErrors.ts	run		E
gettersAndSettersTypesAgree.ts	run		C
giant.ts	run		E
global.ts	run		C
globalAugmentationModuleResolution.ts	run		C
globalFunctionAugmentationOverload.ts	run		C
globalIsContextualKeyword.ts	run		C
globalMergeWithCommonJSAssignmentDeclaration.ts	run		E
globalThis.ts	run		C
globalThisAmbientModules.ts	run		E
globalThisBlockscopedProperties.ts	run		E
globalThisCapture.ts	run		C
globalThisCollision.ts	run		E
globalThisDeclarationEmit.ts	run		E
globalThisDeclarationEmit2.ts	run		C
globalThisDeclarationEmit3.ts	run		C
globalThisGlobalExportAsGlobal.ts	run		E
globalThisPropertyAssignment.ts	run		E
globalThisReadonlyProperties.ts	run		E
globalThisTypeIndexAccess.ts	run		C
globalThisUnknown.ts	run		E
globalThisUnknownNoImplicitAny.ts	run		E
globalThisVarDeclaration.ts	skipped	unsupported outFile /.src/output.js	
grammarAmbiguities.ts	run		E
grammarAmbiguities1.ts	run		E
grammarErrors.ts	run		E
heterogeneousArrayAndOverloads.ts	run		E
heterogeneousArrayLiterals.ts	run		C
hidingCallSignatures.ts	run		E
hidingConstructSignatures.ts	run		E
hidingIndexSignatures.ts	run		E
higherOrderMappedIndexLookupInference.ts	run		C
homomorphicMappedTypeIntersectionAssignability.ts	run		C
homomorphicMappedTypeNesting.ts	run		C
homomorphicMappedTypeWithNonHomomorphicInstantiationSpreadable1.ts	run		C
hugeDeclarationOutputGetsTruncatedWithError.ts	run		E
i3.ts	run		E
icomparable.ts	run		C
idInProp.ts	run		C
identicalCallSignatures.ts	run		C
identicalCallSignatures2.ts	run		C
identicalCallSignatures3.ts	run		C
identicalGenericConditionalsWithInferRelated.ts	run		C
identicalTypesNoDifferByCheckOrder.ts	run		E
identifierStartAfterNumericLiteral.ts	run		E
identityAndDivergentNormalizedTypes.ts	run		C
identityForSignaturesWithTypeParametersAndAny.ts	run		E
identityForSignaturesWithTypeParametersSwitched.ts	run		E
identityRelationNeverTypes.ts	run		C
ifDoWhileStatements.ts	run		E
ifElseWithStatements1.ts	run		E
ifStatementInternalComments.ts	run		C
ignoredJsxAttributes.tsx	run		E
illegalGenericWrapping1.ts	run		C
illegalModifiersOnClassElements.ts	run		E
illegalSuperCallsInConstructor.ts	run		E
implementArrayInterface.ts	run		E
implementClausePrecedingExtends.ts	run		E
implementGenericWithMismatchedTypes.ts	run		E
implementInterfaceAnyMemberWithVoid.ts	run		C
implementPublicPropertyAsPrivate.ts	run		E
implementingAnInterfaceExtendingClassWithPrivates.ts	run		E
implementingAnInterfaceExtendingClassWithPrivates2.ts	run		E
implementingAnInterfaceExtendingClassWithProtecteds.ts	run		E
implementsClause.ts	run		C
implementsClauseAlreadySeen.ts	run		E
implementsInClassExpression.ts	run		C
implementsIncorrectlyNoAssertion.ts	run		E
implicitAnyAmbients.ts	run		E
implicitAnyAnyReturningFunction.ts	run		C
implicitAnyCastedValue.ts	run		E
implicitAnyDeclareFunctionExprWithoutFormalType.ts	run		E
implicitAnyDeclareFunctionWithoutFormalType.ts	run		E
implicitAnyDeclareFunctionWithoutFormalType2.ts	run		E
implicitAnyDeclareMemberWithoutType.ts	run		E
implicitAnyDeclareMemberWithoutType2.ts	run		E
implicitAnyDeclareTypePropertyWithoutType.ts	run		E
implicitAnyDeclareVariablesWithoutTypeAndInit.ts	run		E
implicitAnyFromCircularInference(target=es2015).ts	run		E
implicitAnyFromCircularInference(target=es5).ts	skipped	unsupported target ES5	
implicitAnyFunctionInvocationWithAnyArguements.ts	run		E
implicitAnyFunctionOverloadWithImplicitAnyReturnType.ts	run		E
implicitAnyFunctionReturnNullOrUndefined.ts	run		C
implicitAnyGenericTypeInference.ts	run		C
implicitAnyGenerics.ts	run		E
implicitAnyGetAndSetAccessorWithAnyReturnType.ts	run		E
implicitAnyInAmbientDeclaration.ts	run		E
implicitAnyInAmbientDeclaration2.d.ts	run		E
implicitAnyInCatch.ts	run		C
implicitAnyNewExprLackConstructorSignature.ts	run		E
implicitAnyWidenToAny.ts	run		E
implicitConstParameters.ts	run		E
implicitIndexSignatures.ts	run		E
impliedNodeFormatEmit1(module=amd).ts	skipped	unsupported module kind AMD	
impliedNodeFormatEmit1(module=commonjs).ts	run		C
impliedNodeFormatEmit1(module=esnext).ts	run		E
impliedNodeFormatEmit1(module=preserve).ts	run		C
impliedNodeFormatEmit1(module=system).ts	skipped	unsupported module kind System	
impliedNodeFormatEmit1(module=umd).ts	skipped	unsupported module kind UMD	
impliedNodeFormatEmit2(module=commonjs).ts	run		C
impliedNodeFormatEmit2(module=esnext).ts	run		E
impliedNodeFormatEmit2(module=preserve).ts	run		C
impliedNodeFormatEmit3(module=commonjs).ts	run		C
impliedNodeFormatEmit3(module=esnext).ts	run		E
impliedNodeFormatEmit3(module=preserve).ts	run		C
impliedNodeFormatEmit4(module=commonjs).ts	run		C
impliedNodeFormatEmit4(module=esnext).ts	run		E
impliedNodeFormatEmit4(module=preserve).ts	run		C
impliedNodeFormatInterop1.ts	run		C
importAliasAnExternalModuleInsideAnInternalModule.ts	run		C
importAliasFromNamespace.ts	run		E
importAliasIdentifiers.ts	run		E
importAliasInModuleAugmentation.ts	run		E
importAliasModuleExports.ts	run		E
importAliasWithDottedName.ts	run		C
importAnImport.ts	run		E
importAndVariableDeclarationConflict1.ts	run		E
importAndVariableDeclarationConflict2.ts	run		C
importAndVariableDeclarationConflict3.ts	run		E
importAndVariableDeclarationConflict4.ts	run		E
importAsBaseClass.ts	run		E
importAssertion1(module=commonjs).ts	run		E
importAssertion1(module=es2015).ts	run		E
importAssertion1(module=esnext).ts	run		E
importAssertion2(module=commonjs).ts	run		E
importAssertion2(module=es2015).ts	run		E
importAssertion2(module=esnext).ts	run		C
importAssertion3(module=es2015).ts	run		E
importAssertion3(module=esnext).ts	run		E
importAssertion4.ts	run		E
importAssertion5.ts	run		E
importAssertionNonstring.ts	run		E
importAssertionsDeprecated.ts	run		E
importAssertionsDeprecatedIgnored.ts	run		E
importAttributes1(module=commonjs).ts	run		E
importAttributes1(module=es2015).ts	run		E
importAttributes1(module=esnext).ts	run		E
importAttributes10.ts	run		E
importAttributes11.ts	run		C
importAttributes2(module=commonjs).ts	run		E
importAttributes2(module=es2015).ts	run		E
importAttributes2(module=esnext).ts	run		C
importAttributes3(module=es2015).ts	run		E
importAttributes3(module=esnext).ts	run		E
importAttributes4.ts	run		E
importAttributes5.ts	run		E
importAttributes6(module=node18).ts	run		E
importAttributes6(module=node20).ts	run		E
importAttributes6(module=nodenext).ts	run		E
importAttributes7.ts	run		C
importAttributes8.ts	run		C
importAttributes9.ts	run		E
importBindingDefer.ts	run		C
importBindingDefer2.ts	run		C
importCallExpression1ES2020.ts	run		C
importCallExpression2ES2020.ts	run		C
importCallExpression3ES2020.ts	run		C
importCallExpression4ES2020.ts	run		C
importCallExpression5ES2020.ts	run		E
importCallExpression6ES2020.ts	run		E
importCallExpressionAsyncES2020.ts	run		C
importCallExpressionAsyncES5AMD(target=es2015).ts	skipped	unsupported module kind AMD	
importCallExpressionAsyncES5AMD(target=es5).ts	skipped	unsupported module kind AMD	
importCallExpressionAsyncES5CJS(target=es2015).ts	run		C
importCallExpressionAsyncES5CJS(target=es5).ts	skipped	unsupported target ES5	
importCallExpressionAsyncES5System(target=es2015).ts	skipped	unsupported module kind System	
importCallExpressionAsyncES5System(target=es5).ts	skipped	unsupported module kind System	
importCallExpressionAsyncES5UMD(target=es2015).ts	skipped	unsupported module kind UMD	
importCallExpressionAsyncES5UMD(target=es5).ts	skipped	unsupported module kind UMD	
importCallExpressionAsyncES6AMD.ts	skipped	unsupported module kind AMD	
importCallExpressionAsyncES6CJS.ts	run		C
importCallExpressionAsyncES6System.ts	skipped	unsupported module kind System	
importCallExpressionAsyncES6UMD.ts	skipped	unsupported module kind UMD	
importCallExpressionCheckReturntype1.ts	run		E
importCallExpressionDeclarationEmit1.ts	run		C
importCallExpressionDeclarationEmit2.ts	run		C
importCallExpressionDeclarationEmit3.ts	run		C
importCallExpressionES5AMD(target=es2015).ts	skipped	unsupported module kind AMD	
importCallExpressionES5AMD(target=es5).ts	skipped	unsupported module kind AMD	
importCallExpressionES5CJS(target=es2015).ts	run		C
importCallExpressionES5CJS(target=es5).ts	skipped	unsupported target ES5	
importCallExpressionES5System(target=es2015).ts	skipped	unsupported module kind System	
importCallExpressionES5System(target=es5).ts	skipped	unsupported module kind System	
importCallExpressionES5UMD(target=es2015).ts	skipped	unsupported module kind UMD	
importCallExpressionES5UMD(target=es5).ts	skipped	unsupported module kind UMD	
importCallExpressionES6AMD.ts	skipped	unsupported module kind AMD	
importCallExpressionES6CJS.ts	run		C
importCallExpressionES6System.ts	skipped	unsupported module kind System	
importCallExpressionES6UMD.ts	skipped	unsupported module kind UMD	
importCallExpressionErrorInES2015.ts	run		E
importCallExpressionGrammarError.ts	run		E
importCallExpressionInAMD1.ts	skipped	unsupported module kind AMD	
importCallExpressionInAMD2.ts	skipped	unsupported module kind AMD	
importCallExpressionInAMD3.ts	skipped	unsupported module kind AMD	
importCallExpressionInAMD4.ts	skipped	unsupported module kind AMD	
importCallExpressionInCJS1.ts	run		C
importCallExpressionInCJS2.ts	run		C
importCallExpressionInCJS3.ts	run		C
importCallExpressionInCJS4.ts	run		C
importCallExpressionInCJS5.ts	run		C
importCallExpressionInExportEqualsAMD.ts	skipped	unsupported module kind AMD	
importCallExpressionInExportEqualsCJS.ts	run		C
importCallExpressionInExportEqualsUMD.ts	skipped	unsupported module kind UMD	
importCallExpressionInScriptContext1.ts	run		E
importCallExpressionInScriptContext2.ts	run		E
importCallExpressionInSystem1.ts	skipped	unsupported module kind System	
importCallExpressionInSystem2.ts	skipped	unsupported module kind System	
importCallExpressionInSystem3.ts	skipped	unsupported module kind System	
importCallExpressionInSystem4.ts	skipped	unsupported module kind System	
importCallExpressionInUMD1.ts	skipped	unsupported module kind UMD	
importCallExpressionInUMD2.ts	skipped	unsupported module kind UMD	
importCallExpressionInUMD3.ts	skipped	unsupported module kind UMD	
importCallExpressionInUMD4.ts	skipped	unsupported module kind UMD	
importCallExpressionInUMD5.ts	skipped	unsupported module kind UMD	
importCallExpressionIncorrect1.ts	run		E
importCallExpressionIncorrect2.ts	run		E
importCallExpressionNestedAMD.ts	skipped	unsupported module kind AMD	
importCallExpressionNestedAMD2(target=es2015).ts	skipped	unsupported module kind AMD	
importCallExpressionNestedAMD2(target=es5).ts	skipped	unsupported module kind AMD	
importCallExpressionNestedCJS.ts	run		C
importCallExpressionNestedCJS2(target=es2015).ts	run		C
importCallExpressionNestedCJS2(target=es5).ts	skipped	unsupported target ES5	
importCallExpressionNestedES2015.ts	run		E
importCallExpressionNestedES20152(target=es2015).ts	run		E
importCallExpressionNestedES20152(target=es5).ts	skipped	unsupported target ES5	
importCallExpressionNestedES2020.ts	run		C
importCallExpressionNestedES20202(target=es2015).ts	run		C
importCallExpressionNestedES20202(target=es5).ts	skipped	unsupported target ES5	
importCallExpressionNestedSystem.ts	skipped	unsupported module kind System	
importCallExpressionNestedSystem2(target=es2015).ts	skipped	unsupported module kind System	
importCallExpressionNestedSystem2(target=es5).ts	skipped	unsupported module kind System	
importCallExpressionNestedUMD.ts	skipped	unsupported module kind UMD	
importCallExpressionNestedUMD2(target=es2015).ts	skipped	unsupported module kind UMD	
importCallExpressionNestedUMD2(target=es5).ts	skipped	unsupported module kind UMD	
importCallExpressionNoModuleKindSpecified.ts	run		E
importCallExpressionReturnPromiseOfAny.ts	run		C
importCallExpressionShouldNotGetParen.ts	run		C
importCallExpressionSpecifierNotStringTypeError.ts	run		E
importCallExpressionWithTypeArgument.ts	run		E
importClause_default.ts	run		E
importClause_namedImports.ts	run		E
importClause_namespaceImport.ts	run		E
importDecl.ts	run		E
importDeclFromTypeNodeInJsSource.ts	run		C
importDeclRefereingExternalModuleWithNoResolve.ts	run		E
importDeclTypes.ts	run		E
importDeclWithClassModifiers.ts	run		E
importDeclWithDeclareModifier.ts	run		E
importDeclWithDeclareModifierInAmbientContext.ts	run		E
importDeclWithExportModifier.ts	skipped	unsupported module kind AMD	
importDeclWithExportModifierAndExportAssignment.ts	run		E
importDeclWithExportModifierAndExportAssignmentInAmbientContext.ts	run		C
importDeclWithExportModifierInAmbientContext.ts	run		C
importDeclarationInModuleDeclaration1.ts	run		E
importDeclarationInModuleDeclaration2.ts	run		E
importDeclarationNotCheckedAsValueWhenTargetNonValue.ts	run		C
importDeclarationUsedAsTypeQuery.ts	run		E
importDefaultBindingDefer.ts	run		E
importDefaultNamedType.ts	run		C
importDefaultNamedType2.ts	run		C
importDefaultNamedType3.ts	run		C
importDeferComments.ts	run		E
importDeferDeclaration.ts	run		C
importDeferFromInvalid.ts	run		E
importDeferInvalidDefault.ts	run		E
importDeferInvalidNamed.ts	run		E
importDeferJsdoc.ts	run		E
importDeferNamespace(module=commonjs).ts	run		E
importDeferNamespace(module=es2015).ts	run		E
importDeferNamespace(module=es2020).ts	run		E
importDeferNamespace(module=esnext).ts	run		C
importDeferNamespace(module=nodenext).ts	run		E
importDeferNamespace(module=preserve).ts	run		C
importDeferTypeConflict1.ts	run		E
importDeferTypeConflict2.ts	run		E
importElisionConstEnumMerge1.ts	run		E
importElisionEnum.ts	run		C
importElisionExportNonExportAndDefault.ts	run		C
importEmptyFromModuleNotExisted.ts	run		E
importEquals1.ts	run		E
importEquals2.ts	run		E
importEquals3.ts	run		E
importEqualsBindingDefer.ts	run		C
importEqualsDeclaration.ts	run		E
importEqualsError45874.ts	run		E
importExportInternalComments.ts	run		C
importFromDot.ts	run		E
importHelpers(target=es2015).ts	run		C
importHelpers(target=es5).ts	skipped	unsupported target ES5	
importHelpersAmd(target=es2015).ts	skipped	unsupported module kind AMD	
importHelpersAmd(target=es5).ts	skipped	unsupported module kind AMD	
importHelpersBundler.ts	run		C
importHelpersCommonJSJavaScript(verbatimmodulesyntax=false).ts	run		C
importHelpersCommonJSJavaScript(verbatimmodulesyntax=true).ts	run		C
importHelpersDeclarations(target=es2015).ts	run		C
importHelpersDeclarations(target=es5).ts	skipped	unsupported target ES5	
importHelpersES6.ts	run		E
importHelpersInAmbientContext(target=es2015).ts	run		C
importHelpersInAmbientContext(target=es5).ts	skipped	unsupported target ES5	
importHelpersInIsolatedModules(target=es2015).ts	run		C
importHelpersInIsolatedModules(target=es5).ts	skipped	unsupported target ES5	
importHelpersInTsx(target=es2015).tsx	run		E
importHelpersInTsx(target=es5).tsx	skipped	unsupported target ES5	
importHelpersNoEmitHelpersExportDefault(target=es2015).ts	run		C
importHelpersNoEmitHelpersExportDefault(target=es5).ts	skipped	unsupported target ES5	
importHelpersNoHelpers(target=es2015).ts	skipped	unsupported module resolution kind 1	
importHelpersNoHelpers(target=es5).ts	skipped	unsupported module resolution kind 1	
importHelpersNoHelpersForAsyncGenerators(target=es2015).ts	skipped	unsupported module resolution kind 1	
importHelpersNoHelpersForAsyncGenerators(target=es5).ts	skipped	unsupported module resolution kind 1	
importHelpersNoHelpersForPrivateFields.ts	skipped	unsupported module resolution kind 1	
importHelpersNoModule(target=es2015).ts	skipped	unsupported module resolution kind 1	
importHelpersNoModule(target=es5).ts	skipped	unsupported module resolution kind 1	
importHelpersOutFile(target=es2015).ts	skipped	unsupported module kind AMD	
importHelpersOutFile(target=es5).ts	skipped	unsupported module kind AMD	
importHelpersSystem(target=es2015).ts	skipped	unsupported module kind System	
importHelpersSystem(target=es5).ts	skipped	unsupported module kind System	
importHelpersVerbatimModuleSyntax.ts	run		C
importHelpersWithExportStarAs(esmoduleinterop=false,module=amd).ts	skipped	unsupported module kind AMD	
importHelpersWithExportStarAs(esmoduleinterop=false,module=commonjs).ts	skipped	esModuleInterop=false is unsupported	
importHelpersWithExportStarAs(esmoduleinterop=false,module=es2015).ts	skipped	esModuleInterop=false is unsupported	
importHelpersWithExportStarAs(esmoduleinterop=false,module=es2020).ts	skipped	esModuleInterop=false is unsupported	
importHelpersWithExportStarAs(esmoduleinterop=false,module=system).ts	skipped	unsupported module kind System	
importHelpersWithExportStarAs(esmoduleinterop=true,module=amd).ts	skipped	unsupported module kind AMD	
importHelpersWithExportStarAs(esmoduleinterop=true,module=commonjs).ts	run		C
importHelpersWithExportStarAs(esmoduleinterop=true,module=es2015).ts	run		C
importHelpersWithExportStarAs(esmoduleinterop=true,module=es2020).ts	run		C
importHelpersWithExportStarAs(esmoduleinterop=true,module=system).ts	skipped	unsupported module kind System	
importHelpersWithImportOrExportDefault(esmoduleinterop=false,module=amd).ts	skipped	unsupported module kind AMD	
importHelpersWithImportOrExportDefault(esmoduleinterop=false,module=commonjs).ts	skipped	esModuleInterop=false is unsupported	
importHelpersWithImportOrExportDefault(esmoduleinterop=false,module=es2015).ts	skipped	esModuleInterop=false is unsupported	
importHelpersWithImportOrExportDefault(esmoduleinterop=false,module=es2020).ts	skipped	esModuleInterop=false is unsupported	
importHelpersWithImportOrExportDefault(esmoduleinterop=false,module=system).ts	skipped	unsupported module kind System	
importHelpersWithImportOrExportDefault(esmoduleinterop=true,module=amd).ts	skipped	unsupported module kind AMD	
importHelpersWithImportOrExportDefault(esmoduleinterop=true,module=commonjs).ts	run		C
importHelpersWithImportOrExportDefault(esmoduleinterop=true,module=es2015).ts	run		C
importHelpersWithImportOrExportDefault(esmoduleinterop=true,module=es2020).ts	run		C
importHelpersWithImportOrExportDefault(esmoduleinterop=true,module=system).ts	skipped	unsupported module kind System	
importHelpersWithImportOrExportDefaultNoTslib.1(esmoduleinterop=false,module=amd).ts	skipped	unsupported module kind AMD	
importHelpersWithImportOrExportDefaultNoTslib.1(esmoduleinterop=false,module=commonjs).ts	skipped	esModuleInterop=false is unsupported	
importHelpersWithImportOrExportDefaultNoTslib.1(esmoduleinterop=false,module=es2015).ts	skipped	esModuleInterop=false is unsupported	
importHelpersWithImportOrExportDefaultNoTslib.1(esmoduleinterop=false,module=es2020).ts	skipped	esModuleInterop=false is unsupported	
importHelpersWithImportOrExportDefaultNoTslib.1(esmoduleinterop=false,module=system).ts	skipped	unsupported module kind System	
importHelpersWithImportOrExportDefaultNoTslib.1(esmoduleinterop=true,module=amd).ts	skipped	unsupported module kind AMD	
importHelpersWithImportOrExportDefaultNoTslib.1(esmoduleinterop=true,module=commonjs).ts	run		E
importHelpersWithImportOrExportDefaultNoTslib.1(esmoduleinterop=true,module=es2015).ts	run		C
importHelpersWithImportOrExportDefaultNoTslib.1(esmoduleinterop=true,module=es2020).ts	run		C
importHelpersWithImportOrExportDefaultNoTslib.1(esmoduleinterop=true,module=system).ts	skipped	unsupported module kind System	
importHelpersWithImportOrExportDefaultNoTslib.2(esmoduleinterop=false,module=amd).ts	skipped	unsupported module kind AMD	
importHelpersWithImportOrExportDefaultNoTslib.2(esmoduleinterop=false,module=commonjs).ts	skipped	esModuleInterop=false is unsupported	
importHelpersWithImportOrExportDefaultNoTslib.2(esmoduleinterop=false,module=es2015).ts	skipped	esModuleInterop=false is unsupported	
importHelpersWithImportOrExportDefaultNoTslib.2(esmoduleinterop=false,module=es2020).ts	skipped	esModuleInterop=false is unsupported	
importHelpersWithImportOrExportDefaultNoTslib.2(esmoduleinterop=false,module=system).ts	skipped	unsupported module kind System	
importHelpersWithImportOrExportDefaultNoTslib.2(esmoduleinterop=true,module=amd).ts	skipped	unsupported module kind AMD	
importHelpersWithImportOrExportDefaultNoTslib.2(esmoduleinterop=true,module=commonjs).ts	run		E
importHelpersWithImportOrExportDefaultNoTslib.2(esmoduleinterop=true,module=es2015).ts	run		C
importHelpersWithImportOrExportDefaultNoTslib.2(esmoduleinterop=true,module=es2020).ts	run		C
importHelpersWithImportOrExportDefaultNoTslib.2(esmoduleinterop=true,module=system).ts	skipped	unsupported module kind System	
importHelpersWithImportOrExportDefaultNoTslib.3(esmoduleinterop=false,module=amd).ts	skipped	unsupported module kind AMD	
importHelpersWithImportOrExportDefaultNoTslib.3(esmoduleinterop=false,module=commonjs).ts	skipped	esModuleInterop=false is unsupported	
importHelpersWithImportOrExportDefaultNoTslib.3(esmoduleinterop=false,module=es2015).ts	skipped	esModuleInterop=false is unsupported	
importHelpersWithImportOrExportDefaultNoTslib.3(esmoduleinterop=false,module=es2020).ts	skipped	esModuleInterop=false is unsupported	
importHelpersWithImportOrExportDefaultNoTslib.3(esmoduleinterop=false,module=system).ts	skipped	unsupported module kind System	
importHelpersWithImportOrExportDefaultNoTslib.3(esmoduleinterop=true,module=amd).ts	skipped	unsupported module kind AMD	
importHelpersWithImportOrExportDefaultNoTslib.3(esmoduleinterop=true,module=commonjs).ts	run		E
importHelpersWithImportOrExportDefaultNoTslib.3(esmoduleinterop=true,module=es2015).ts	run		C
importHelpersWithImportOrExportDefaultNoTslib.3(esmoduleinterop=true,module=es2020).ts	run		C
importHelpersWithImportOrExportDefaultNoTslib.3(esmoduleinterop=true,module=system).ts	skipped	unsupported module kind System	
importHelpersWithImportStarAs(esmoduleinterop=false,module=amd).ts	skipped	unsupported module kind AMD	
importHelpersWithImportStarAs(esmoduleinterop=false,module=commonjs).ts	skipped	esModuleInterop=false is unsupported	
importHelpersWithImportStarAs(esmoduleinterop=false,module=es2015).ts	skipped	esModuleInterop=false is unsupported	
importHelpersWithImportStarAs(esmoduleinterop=false,module=es2020).ts	skipped	esModuleInterop=false is unsupported	
importHelpersWithImportStarAs(esmoduleinterop=false,module=system).ts	skipped	unsupported module kind System	
importHelpersWithImportStarAs(esmoduleinterop=true,module=amd).ts	skipped	unsupported module kind AMD	
importHelpersWithImportStarAs(esmoduleinterop=true,module=commonjs).ts	run		C
importHelpersWithImportStarAs(esmoduleinterop=true,module=es2015).ts	run		C
importHelpersWithImportStarAs(esmoduleinterop=true,module=es2020).ts	run		C
importHelpersWithImportStarAs(esmoduleinterop=true,module=system).ts	skipped	unsupported module kind System	
importHelpersWithLocalCollisions(module=amd).ts	skipped	unsupported module kind AMD	
importHelpersWithLocalCollisions(module=commonjs).ts	run		C
importHelpersWithLocalCollisions(module=es2015).ts	run		C
importHelpersWithLocalCollisions(module=system).ts	skipped	unsupported module kind System	
importImportOnlyModule.ts	skipped	unsupported module kind AMD	
importInTypePosition.ts	run		C
importInsideModule.ts	run		E
importMeta(module=commonjs,target=es5).ts	skipped	unsupported target ES5	
importMeta(module=commonjs,target=esnext).ts	run		E
importMeta(module=es2020,target=es5).ts	skipped	unsupported target ES5	
importMeta(module=es2020,target=esnext).ts	run		E
importMeta(module=esnext,target=es5).ts	skipped	unsupported target ES5	
importMeta(module=esnext,target=esnext).ts	run		E
importMeta(module=system,target=es5).ts	skipped	unsupported module kind System	
importMeta(module=system,target=esnext).ts	skipped	unsupported module kind System	
importMetaNarrowing(module=es2020).ts	run		C
importMetaNarrowing(module=esnext).ts	run		C
importMetaNarrowing(module=system).ts	skipped	unsupported module kind System	
importMetaPropertyInvalidInCall.ts	run		E
importNonExportedMember.ts	run		E
importNonExportedMember1.ts	run		E
importNonExportedMember10.ts	skipped	esModuleInterop=false is unsupported	
importNonExportedMember11.ts	run		E
importNonExportedMember12.ts	run		C
importNonExportedMember2.ts	run		E
importNonExportedMember3.ts	run		E
importNonExportedMember4.ts	skipped	esModuleInterop=false is unsupported	
importNonExportedMember5.ts	run		E
importNonExportedMember6.ts	skipped	esModuleInterop=false is unsupported	
importNonExportedMember7.ts	run		E
importNonExportedMember8.ts	skipped	esModuleInterop=false is unsupported	
importNonExportedMember9.ts	run		E
importNonExternalModule.ts	run		E
importNonStringLiteral.ts	run		E
importNotElidedWhenNotFound.ts	run		E
importOnAliasedIdentifiers.ts	run		C
importPropertyFromMappedType.ts	run		C
importShadowsGlobalName.ts	skipped	unsupported module kind AMD	
importShouldNotBeElidedInDeclarationEmit.ts	run		C
importSpecifiers1.ts	run		E
importSpecifiers_js.ts	run		E
importStatements.ts	run		C
importStatementsInterfaces.ts	run		E
importTag1.ts	run		C
importTag10.ts	run		E
importTag11.ts	run		E
importTag12.ts	run		E
importTag13.ts	run		E
importTag14.ts	run		E
importTag15(module=es2015).ts	run		E
importTag15(module=esnext).ts	run		E
importTag16.ts	run		C
importTag17.ts	run		E
importTag18.ts	run		C
importTag19.ts	run		C
importTag2.ts	run		C
importTag20.ts	run		C
importTag21.ts	run		C
importTag22.ts	run		E
importTag23.ts	run		E
importTag24.ts	run		E
importTag25.ts	run		C
importTag3.ts	run		C
importTag4.ts	run		E
importTag5.ts	run		C
importTag6.ts	run		C
importTag7.ts	run		C
importTag8.ts	run		C
importTag9.ts	run		C
importTsBeforeDTs.ts	run		E
importTypeAmbient.ts	run		E
importTypeAmbientMissing.ts	run		E
importTypeAmdBundleRewrite.ts	skipped	unsupported module kind AMD	
importTypeAssertionDeprecation.ts	run		E
importTypeAssertionDeprecationIgnored.ts	run		E
importTypeGeneric.ts	run		E
importTypeGenericArrowTypeParenthesized.ts	run		C
importTypeGenericTypes.ts	run		E
importTypeInJSDoc.ts	run		C
importTypeLocal.ts	run		E
importTypeLocalMissing.ts	run		E
importTypeNested.ts	run		E
importTypeNestedNoRef.ts	run		E
importTypeNonString.ts	run		E
importTypeResolutionJSDocEOF.ts	run		C
importTypeTypeofClassStaticLookup.ts	run		C
importTypeWithUnparenthesizedGenericFunctionParsed.ts	run		E
importUsedAsTypeWithErrors.ts	run		E
importUsedInExtendsList1.ts	run		E
importUsedInGenericImportResolves.ts	run		C
importWithTrailingSlash.ts	run		E
importWithTrailingSlash_noResolve.ts	run		E
importWithTypeArguments.ts	run		E
import_reference-exported-alias.ts	skipped	unsupported module kind AMD	
import_reference-to-type-alias.ts	skipped	unsupported module kind AMD	
import_unneeded-require-when-referenecing-aliased-type-throug-array.ts	skipped	unsupported module kind AMD	
import_var-referencing-an-imported-module-alias.ts	skipped	unsupported module kind AMD	
importedAliasedConditionalTypeInstantiation.ts	run		C
importedAliasesInTypePositions.ts	skipped	unsupported module kind AMD	
importedEnumMemberMergedWithExportedAliasIsError.ts	run		E
importedModuleAddToGlobal.ts	run		E
importedModuleClassNameClash.ts	skipped	unsupported module kind AMD	
importingExportingTypes.ts	run		E
importsImplicitlyReadonly.ts	run		E
importsInAmbientModules1.ts	skipped	unsupported module kind AMD	
importsInAmbientModules2.ts	skipped	unsupported module kind AMD	
importsInAmbientModules3.ts	skipped	unsupported module kind AMD	
inDoesNotOperateOnPrimitiveTypes.ts	run		E
inKeywordAndIntersection.ts	run		C
inKeywordAndUnknown.ts	run		E
inKeywordNarrowingWithNoUncheckedIndexedAccess.ts	run		C
inKeywordTypeguard(strict=false).ts	run		E
inKeywordTypeguard(strict=true).ts	run		E
inOperator.ts	run		E
inOperatorWithFunction.ts	run		C
inOperatorWithGeneric.ts	run		C
inOperatorWithInvalidOperands.ts	run		E
inOperatorWithValidOperands.ts	run		E
incompatibleAssignmentOfIdenticallyNamedTypes.ts	run		E
incompatibleExports1.ts	run		E
incompatibleExports2.ts	run		C
incompatibleGenericTypes.ts	run		E
incompatibleTypes.ts	run		E
incompleteDottedExpressionAtEOF.ts	run		E
incompleteObjectLiteral1.ts	run		E
incorrectClassOverloadChain.ts	run		E
incorrectNumberOfTypeArgumentsDuringErrorReporting.ts	run		E
incorrectRecursiveMappedTypeConstraint.ts	run		E
incrementAndDecrement.ts	run		E
incrementOnNullAssertion.ts	run		C
incrementOnTypeParameter.ts	run		E
incrementOperatorWithAnyOtherType.ts	run		C
incrementOperatorWithAnyOtherTypeInvalidOperations.ts	run		E
incrementOperatorWithEnumType.ts	run		E
incrementOperatorWithEnumTypeInvalidOperations.ts	run		E
incrementOperatorWithNumberType.ts	run		E
incrementOperatorWithNumberTypeInvalidOperations.ts	run		E
incrementOperatorWithUnsupportedBooleanType.ts	run		E
incrementOperatorWithUnsupportedStringType.ts	run		E
incrementalConfig.ts	run		C
incrementalInvalid.ts	run		E
incrementalOut.ts	skipped	unsupported outFile /.src/output.js	
incrementalTsBuildInfoFile.ts	run		C
independentPropertyVariance.ts	run		C
indexAt(target=es2021).ts	run		E
indexAt(target=es2022).ts	run		C
indexAt(target=esnext).ts	run		C
indexClassByNumber.ts	run		C
indexIntoArraySubclass.ts	run		E
indexIntoEnum.ts	run		C
indexSignatureAndMappedType.ts	run		E
indexSignatureInOtherFile.ts	run		E
indexSignatureInOtherFile1.ts	run		E
indexSignatureMustHaveTypeAnnotation.ts	run		E
indexSignatureOfTypeUnknownStillRequiresIndexSignature.ts	run		E
indexSignatureTypeCheck.ts	run		E
indexSignatureTypeCheck2.ts	run		E
indexSignatureTypeInference.ts	run		E
indexSignatureWithAccessibilityModifier.ts	run		E
indexSignatureWithInitializer.ts	run		E
indexSignatureWithInitializer1.ts	run		E
indexSignatureWithTrailingComma.ts	run		E
indexSignatureWithoutTypeAnnotation1..ts	run		C
indexSignatureWithoutTypeAnnotation1.ts	run		E
indexSignatures1.ts	run		E
indexSignaturesInferentialTyping.ts	run		E
indexTypeCheck.ts	run		E
indexTypeNoSubstitutionTemplateLiteral.ts	run		C
indexWithUndefinedAndNull.ts	run		E
indexWithUndefinedAndNullStrictNullChecks.ts	run		E
indexWithoutParamType.ts	run		E
indexWithoutParamType2.ts	run		E
indexedAccessAndNullableNarrowing.ts	run		C
indexedAccessCanBeHighOrder.ts	run		C
indexedAccessConstraints.ts	run		E
indexedAccessImplicitlyAny.ts	run		E
indexedAccessKeyofNestedSimplifiedSubstituteUnwrapped.ts	run		E
indexedAccessNormalization.ts	run		C
indexedAccessPrivateMemberOfGenericConstraint.ts	run		E
indexedAccessRelation.ts	run		E
indexedAccessRetainsIndexSignature.ts	run		C
indexedAccessToThisTypeOnIntersection01.ts	run		C
indexedAccessTypeConstraints.ts	run		C
indexedAccessWithFreshObjectLiteral.ts	run		E
indexedAccessWithVariableElement.ts	run		E
indexer.ts	run		C
indexer2.ts	run		C
indexer2A.ts	run		E
indexer3.ts	run		C
indexerA.ts	run		E
indexerAsOptional.ts	run		E
indexerAssignability.ts	run		E
indexerConstraints.ts	run		E
indexerConstraints2.ts	run		E
indexerReturningTypeParameter1.ts	run		E
indexerSignatureWithRestParam.ts	run		E
indexerWithTuple.ts	run		E
indexersInClassType.ts	run		C
indexingTypesWithNever.ts	run		C
indirectDiscriminantAndExcessProperty.ts	run		E
indirectGlobalSymbolPartOfObjectType.ts	run		C
indirectSelfReference.ts	run		E
indirectSelfReferenceGeneric.ts	run		E
indirectTypeParameterReferences.ts	run		C
indirectUniqueSymbolDeclarationEmit.ts	run		C
inexistentPropertyInsideToStringType.ts	run		E
inferConditionalConstraintMappedMember.ts	run		C
inferFromAnnotatedReturn1.ts	run		E
inferFromBindingPattern.ts	run		C
inferFromGenericFunctionReturnTypes1.ts	run		E
inferFromGenericFunctionReturnTypes2.ts	run		E
inferFromGenericFunctionReturnTypes3.ts	run		E
inferFromNestedSameShapeTuple.ts	run		E
inferObjectTypeFromStringLiteralToKeyof.ts	run		C
inferParameterWithMethodCallInitializer.ts	run		C
inferPropertyWithContextSensitiveReturnStatement.ts	run		C
inferRestArgumentsMappedTuple.ts	run		C
inferSecondaryParameter.ts	run		C
inferSetterParamType.ts	run		E
inferStringLiteralUnionForBindingElement.ts	run		C
inferTInParentheses.ts	run		C
inferThis.ts	run		C
inferThisType.ts	run		C
inferTupleFromBindingPattern.ts	run		C
inferTypeArgumentsInSignatureWithRestParameters.ts	run		C
inferTypeConstraintInstantiationCircularity.ts	run		C
inferTypeParameterConstraints.ts	run		C
inferTypePredicates.ts	run		E
inferTypes1.ts	run		E
inferTypes2.ts	run		C
inferTypesInvalidExtendsDeclaration.ts	run		E
inferTypesWithExtends1.ts	run		C
inferTypesWithExtends2.ts	run		E
inferTypesWithExtendsDependingOnTypeVariables.ts	run		C
inferTypesWithFixedTupleExtendsAtVariadicPosition.ts	run		C
inferenceAndHKTs.ts	run		C
inferenceAndSelfReferentialConstraint.ts	run		C
inferenceContextualReturnTypeUnion1.ts	run		C
inferenceContextualReturnTypeUnion2.ts	run		C
inferenceContextualReturnTypeUnion3.ts	run		C
inferenceContextualReturnTypeUnion4.ts	run		C
inferenceDoesNotAddUndefinedOrNull.ts	run		C
inferenceDoesntCompareAgainstUninstantiatedTypeParameter.ts	run		C
inferenceErasedSignatures.ts	run		C
inferenceExactOptionalProperties1.ts	run		C
inferenceExactOptionalProperties2.ts	run		E
inferenceFromGenericClassNoCrash1.ts	run		E
inferenceFromIncompleteSource.ts	run		E
inferenceFromParameterlessLambda.ts	run		C
inferenceLimit.ts	run		C
inferenceOfNullableObjectTypesWithCommonBase.ts	run		C
inferenceOptionalProperties.ts	run		C
inferenceOptionalPropertiesStrict.ts	run		C
inferenceOptionalPropertiesToIndexSignatures.ts	run		C
inferenceOuterResultNotIncorrectlyInstantiatedWithInnerResult.ts	run		E
inferenceShouldFailOnEvolvingArrays.ts	run		E
inferenceUnionOfObjectsMappedContextualType.ts	run		C
inferentialTypingObjectLiteralMethod1.ts	run		C
inferentialTypingObjectLiteralMethod2.ts	run		C
inferentialTypingUsingApparentType1.ts	run		E
inferentialTypingUsingApparentType2.ts	run		E
inferentialTypingUsingApparentType3.ts	run		C
inferentialTypingWithFunctionType.ts	run		C
inferentialTypingWithFunctionType2.ts	run		C
inferentialTypingWithFunctionTypeNested.ts	run		C
inferentialTypingWithFunctionTypeSyntacticScenarios.ts	run		E
inferentialTypingWithFunctionTypeZip.ts	run		E
inferentialTypingWithObjectLiteralProperties.ts	run		E
inferentiallyTypingAnEmptyArray.ts	run		E
inferingFromAny.ts	run		C
inferredFunctionReturnTypeIsEmptyType.ts	run		C
inferredIndexerOnNamespaceImport.ts	run		C
inferredNonidentifierTypesGetQuotes.ts	run		C
inferredRestTypeFixedOnce.ts	run		C
inferredReturnTypeIncorrectReuse1.ts	run		C
inferrenceInfiniteLoopWithSubtyping.ts	run		C
inferringAnyFunctionType1.ts	run		C
inferringAnyFunctionType2.ts	run		C
inferringAnyFunctionType3.ts	run		C
inferringAnyFunctionType4.ts	run		C
inferringAnyFunctionType5.ts	run		C
inferringClassMembersFromAssignments.ts	skipped	unsupported outFile /.src/output.js	
inferringClassMembersFromAssignments2.ts	run		E
inferringClassMembersFromAssignments3.ts	run		C
inferringClassMembersFromAssignments4.ts	run		C
inferringClassMembersFromAssignments5.ts	run		C
inferringClassMembersFromAssignments6.ts	run		E
inferringClassMembersFromAssignments7.ts	run		E
inferringClassMembersFromAssignments8.ts	run		C
inferringClassStaticMembersFromAssignments.ts	run		C
inferringReturnTypeFromConstructSignatureGeneric.ts	run		C
infiniteConstraints.ts	run		E
infiniteExpandingTypeThroughInheritanceInstantiation.ts	run		C
infiniteExpansionThroughInstantiation.ts	run		E
infiniteExpansionThroughInstantiation2.ts	run		C
infiniteExpansionThroughTypeInference.ts	run		C
infinitelyExpandingBaseTypes1.ts	run		C
infinitelyExpandingBaseTypes2.ts	run		E
infinitelyExpandingOverloads.ts	run		E
infinitelyExpandingTypeAssignability.ts	run		E
infinitelyExpandingTypes1.ts	run		E
infinitelyExpandingTypes2.ts	run		E
infinitelyExpandingTypes3.ts	run		E
infinitelyExpandingTypes4.ts	run		E
infinitelyExpandingTypes5.ts	run		C
infinitelyExpandingTypesNonGenericBase.ts	run		E
infinitelyGenerativeInheritance1.ts	run		C
inheritFromGenericTypeParameter.ts	run		E
inheritSameNamePrivatePropertiesFromDifferentOrigins.ts	run		E
inheritSameNamePrivatePropertiesFromSameOrigin.ts	run		E
inheritSameNamePropertiesWithDifferentOptionality.ts	run		E
inheritSameNamePropertiesWithDifferentVisibility.ts	run		E
inheritance.ts	run		E
inheritance1.ts	run		E
inheritanceGrandParentPrivateMemberCollision.ts	run		E
inheritanceGrandParentPrivateMemberCollisionWithPublicMember.ts	run		E
inheritanceGrandParentPublicMemberCollisionWithPrivateMember.ts	run		E
inheritanceMemberAccessorOverridingAccessor.ts	run		C
inheritanceMemberAccessorOverridingMethod(target=es2015).ts	run		E
inheritanceMemberAccessorOverridingMethod(target=es5).ts	skipped	unsupported target ES5	
inheritanceMemberAccessorOverridingProperty.ts	run		E
inheritanceMemberFuncOverridingAccessor.ts	run		E
inheritanceMemberFuncOverridingMethod.ts	run		C
inheritanceMemberFuncOverridingProperty.ts	run		E
inheritanceMemberPropertyOverridingAccessor.ts	run		E
inheritanceMemberPropertyOverridingMethod.ts	run		C
inheritanceMemberPropertyOverridingProperty.ts	run		C
inheritanceOfGenericConstructorMethod1.ts	run		C
inheritanceOfGenericConstructorMethod2.ts	run		C
inheritanceStaticAccessorOverridingAccessor.ts	run		C
inheritanceStaticAccessorOverridingMethod.ts	run		E
inheritanceStaticAccessorOverridingProperty.ts	run		C
inheritanceStaticFuncOverridingAccessor.ts	run		E
inheritanceStaticFuncOverridingAccessorOfFuncType.ts	run		C
inheritanceStaticFuncOverridingMethod.ts	run		C
inheritanceStaticFuncOverridingProperty.ts	run		E
inheritanceStaticFuncOverridingPropertyOfFuncType.ts	run		C
inheritanceStaticFunctionOverridingInstanceProperty.ts	run		C
inheritanceStaticMembersCompatible.ts	run		C
inheritanceStaticMembersIncompatible.ts	run		E
inheritanceStaticPropertyOverridingAccessor.ts	run		C
inheritanceStaticPropertyOverridingMethod.ts	run		E
inheritanceStaticPropertyOverridingProperty.ts	run		C
inheritedConstructorPropertyContextualType.ts	run		C
inheritedConstructorWithRestParams.ts	run		E
inheritedConstructorWithRestParams2.ts	run		E
inheritedFunctionAssignmentCompatibility.ts	run		C
inheritedGenericCallSignature.ts	run		E
inheritedMembersAndIndexSignaturesFromDifferentBases.ts	run		E
inheritedMembersAndIndexSignaturesFromDifferentBases2.ts	run		C
inheritedModuleMembersForClodule.ts	run		E
inheritedOverloadedSpecializedSignatures.ts	run		E
inheritedStringIndexersFromDifferentBaseTypes.ts	run		E
inheritedStringIndexersFromDifferentBaseTypes2.ts	run		E
initializationOrdering1(target=es2021,usedefineforclassfields=false).ts	run		C
initializationOrdering1(target=es2021,usedefineforclassfields=true).ts	run		C
initializationOrdering1(target=es2022,usedefineforclassfields=false).ts	run		C
initializationOrdering1(target=es2022,usedefineforclassfields=true).ts	run		E
initializationOrdering1(target=esnext,usedefineforclassfields=false).ts	run		C
initializationOrdering1(target=esnext,usedefineforclassfields=true).ts	run		E
initializePropertiesWithRenamedLet(target=es2015).ts	run		C
initializePropertiesWithRenamedLet(target=es5).ts	skipped	unsupported target ES5	
initializedDestructuringAssignmentTypes.ts	run		E
initializedParameterBeforeNonoptionalNotOptional.ts	run		C
initializerReferencingConstructorLocals.ts	run		E
initializerReferencingConstructorParameters.ts	run		E
initializerWithThisPropertyAccess.ts	run		E
initializersInAmbientEnums.ts	run		C
initializersInDeclarations.ts	run		E
initializersWidened.ts	run		E
inlineConditionalHasSimilarAssignability.ts	run		C
inlineJsxAndJsxFragPragma.tsx	run		E
inlineJsxAndJsxFragPragmaOverridesCompilerOptions.tsx	run		C
inlineJsxFactoryDeclarations.tsx	run		C
inlineJsxFactoryDeclarationsLocalTypes.tsx	run		E
inlineJsxFactoryLocalTypeGlobalFallback.tsx	run		E
inlineJsxFactoryOverridesCompilerOption.tsx	run		C
inlineJsxFactoryWithFragmentIsError.tsx	run		E
inlineMappedTypeModifierDeclarationEmit.ts	run		C
inlineSourceMap(target=es2015).ts	run		C
inlineSourceMap(target=es5).ts	skipped	unsupported target ES5	
inlineSourceMap2(target=es2015).ts	skipped	unsupported outFile /.src/outfile.js	
inlineSourceMap2(target=es5).ts	skipped	unsupported outFile /.src/outfile.js	
inlineSources(target=es2015).ts	skipped	unsupported outFile /.src/out.js	
inlineSources(target=es5).ts	skipped	unsupported outFile /.src/out.js	
inlineSources2(target=es2015).ts	skipped	unsupported outFile /.src/out.js	
inlineSources2(target=es5).ts	skipped	unsupported outFile /.src/out.js	
inlinedAliasAssignableToConstraintSameAsAlias.ts	run		E
innerAliases.ts	run		E
innerAliases2.ts	run		E
innerBoundLambdaEmit.ts	run		C
innerExtern.ts	run		C
innerFunc.ts	run		C
innerModExport1.ts	run		E
innerModExport2.ts	run		E
innerOverloads.ts	run		C
innerTypeArgumentInference.ts	run		C
innerTypeCheckOfLambdaArgument.ts	run		E
innerTypeParameterShadowingOuterOne.ts	run		E
innerTypeParameterShadowingOuterOne2.ts	run		E
instanceAndStaticDeclarations1.ts	run		C
instanceMemberAssignsToClassPrototype.ts	run		E
instanceMemberInitialization.ts	run		C
instanceMemberWithComputedPropertyName.ts	run		C
instanceMemberWithComputedPropertyName2.ts	run		E
instanceOfAssignability.ts	run		C
instanceOfInExternalModules.ts	skipped	unsupported module kind AMD	
instancePropertiesInheritedIntoClassType.ts	run		E
instancePropertyInClassType.ts	run		E
instanceSubtypeCheck1.ts	run		C
instanceSubtypeCheck2.ts	run		E
instanceofNarrowReadonlyArray.ts	run		C
instanceofOnInstantiationExpression.ts	run		E
instanceofOperator(target=es2015).ts	run		E
instanceofOperator(target=es5).ts	skipped	unsupported target ES5	
instanceofOperatorWithAny.ts	run		C
instanceofOperatorWithInvalidOperands.es2015.ts	run		E
instanceofOperatorWithInvalidOperands.ts	run		E
instanceofOperatorWithInvalidStaticToString.ts	run		C
instanceofOperatorWithLHSIsObject.ts	run		E
instanceofOperatorWithLHSIsTypeParameter.ts	run		C
instanceofOperatorWithRHSHasSymbolHasInstance.ts	run		C
instanceofOperatorWithRHSIsSubtypeOfFunction.ts	run		E
instanceofTypeAliasToGenericClass.ts	run		C
instanceofWithPrimitiveUnion.ts	run		E
instanceofWithStructurallyIdenticalTypes.ts	run		E
instantiateConstraintsToTypeArguments2.ts	run		C
instantiateContextualTypes.ts	run		C
instantiateContextuallyTypedGenericThis.ts	run		E
instantiateCrossFileMerge.ts	run		C
instantiateGenericClassWithWrongNumberOfTypeArguments.ts	run		E
instantiateGenericClassWithZeroTypeArguments.ts	run		E
instantiateNonGenericTypeWithTypeArguments.ts	run		E
instantiateTemplateTagTypeParameterOnVariableStatement.ts	run		C
instantiateTypeParameter.ts	run		E
instantiatedBaseTypeConstraints.ts	run		C
instantiatedBaseTypeConstraints2.ts	run		C
instantiatedModule.ts	run		E
instantiatedReturnTypeContravariance.ts	run		E
instantiatedTypeAliasDisplay.ts	run		C
instantiationExpressionErrorNoCrash.ts	run		E
instantiationExpressionErrors.ts	run		E
instantiationExpressions.ts	run		E
intTypeCheck.ts	run		E
interMixingModulesInterfaces0.ts	run		E
interMixingModulesInterfaces1.ts	run		E
interMixingModulesInterfaces2.ts	run		E
interMixingModulesInterfaces3.ts	run		E
interMixingModulesInterfaces4.ts	run		E
interMixingModulesInterfaces5.ts	run		E
interface0.ts	run		C
interfaceAssignmentCompat.ts	run		E
interfaceClassMerging.ts	run		E
interfaceClassMerging2.ts	run		E
interfaceContextualType.ts	run		E
interfaceDeclaration1.ts	run		E
interfaceDeclaration2.ts	run		C
interfaceDeclaration3.ts	run		E
interfaceDeclaration4.ts	run		E
interfaceDeclaration5.ts	skipped	unsupported module kind AMD	
interfaceDeclaration6.ts	run		E
interfaceDoesNotDependOnBaseTypes.ts	run		E
interfaceExtendingClass.ts	run		E
interfaceExtendingClass2.ts	run		E
interfaceExtendingClassWithPrivates.ts	run		E
interfaceExtendingClassWithPrivates2.ts	run		E
interfaceExtendingClassWithProtecteds.ts	run		E
interfaceExtendingClassWithProtecteds2.ts	run		E
interfaceExtendingOptionalChain.ts	run		E
interfaceExtendsClass1.ts	run		C
interfaceExtendsClassWithPrivate1.ts	run		E
interfaceExtendsClassWithPrivate2.ts	run		E
interfaceExtendsObjectIntersection.ts	run		C
interfaceExtendsObjectIntersectionErrors.ts	run		E
interfaceImplementation1.ts	run		E
interfaceImplementation2.ts	run		E
interfaceImplementation3.ts	run		E
interfaceImplementation4.ts	run		E
interfaceImplementation5.ts	run		C
interfaceImplementation6.ts	run		E
interfaceImplementation7.ts	run		E
interfaceImplementation8.ts	run		E
interfaceInReopenedModule.ts	run		E
interfaceInheritance.ts	run		E
interfaceInheritance2.ts	run		E
interfaceMayNotBeExtendedWitACall.ts	run		E
interfaceMemberValidation.ts	run		E
interfaceMergeWithNonGenericTypeArguments.ts	run		E
interfaceMergedUnconstrainedNoErrorIrrespectiveOfOrder.ts	run		C
interfaceNameAsIdentifier.ts	run		E
interfaceNaming1.ts	run		E
interfaceOnly.ts	run		C
interfacePropertiesWithSameName1.ts	run		C
interfacePropertiesWithSameName2.ts	run		E
interfacePropertiesWithSameName3.ts	run		E
interfaceSubtyping.ts	run		C
interfaceThatHidesBaseProperty.ts	run		C
interfaceThatHidesBaseProperty2.ts	run		E
interfaceThatIndirectlyInheritsFromItself.ts	run		E
interfaceThatInheritsFromItself.ts	run		E
interfaceWithAccessibilityModifiers.ts	run		E
interfaceWithCallAndConstructSignature.ts	run		E
interfaceWithCallSignaturesThatHidesBaseSignature.ts	run		E
interfaceWithCallSignaturesThatHidesBaseSignature2.ts	run		E
interfaceWithCommaSeparators.ts	run		C
interfaceWithConstructSignaturesThatHidesBaseSignature.ts	run		E
interfaceWithConstructSignaturesThatHidesBaseSignature2.ts	run		E
interfaceWithImplements1.ts	run		E
interfaceWithMultipleBaseTypes.ts	run		E
interfaceWithMultipleBaseTypes2.ts	run		E
interfaceWithMultipleDeclarations.ts	run		E
interfaceWithOptionalProperty.ts	run		C
interfaceWithOverloadedCallAndConstructSignatures.ts	run		E
interfaceWithPrivateMember.ts	run		E
interfaceWithPropertyOfEveryType.ts	run		E
interfaceWithPropertyThatIsPrivateInBaseType.ts	run		E
interfaceWithPropertyThatIsPrivateInBaseType2.ts	run		E
interfaceWithSpecializedCallAndConstructSignatures.ts	run		E
interfaceWithStringIndexerHidingBaseTypeIndexer.ts	run		E
interfaceWithStringIndexerHidingBaseTypeIndexer2.ts	run		E
interfaceWithStringIndexerHidingBaseTypeIndexer3.ts	run		E
interfacedecl.ts	run		C
interfacedeclWithIndexerErrors.ts	run		E
interfacesWithPredefinedTypesAsNames.ts	run		E
internalAliasClass.ts	run		C
internalAliasClassInsideLocalModuleWithExport.ts	run		C
internalAliasClassInsideLocalModuleWithoutExport.ts	run		C
internalAliasClassInsideLocalModuleWithoutExportAccessError.ts	run		E
internalAliasClassInsideTopLevelModuleWithExport.ts	run		C
internalAliasClassInsideTopLevelModuleWithoutExport.ts	run		C
internalAliasEnum.ts	run		C
internalAliasEnumInsideLocalModuleWithExport.ts	run		C
internalAliasEnumInsideLocalModuleWithoutExport.ts	run		C
internalAliasEnumInsideLocalModuleWithoutExportAccessError.ts	run		E
internalAliasEnumInsideTopLevelModuleWithExport.ts	skipped	unsupported module kind AMD	
internalAliasEnumInsideTopLevelModuleWithoutExport.ts	skipped	unsupported module kind AMD	
internalAliasFunction.ts	run		C
internalAliasFunctionInsideLocalModuleWithExport.ts	run		C
internalAliasFunctionInsideLocalModuleWithoutExport.ts	run		C
internalAliasFunctionInsideLocalModuleWithoutExportAccessError.ts	run		E
internalAliasFunctionInsideTopLevelModuleWithExport.ts	skipped	unsupported module kind AMD	
internalAliasFunctionInsideTopLevelModuleWithoutExport.ts	run		C
internalAliasInitializedModule.ts	run		C
internalAliasInitializedModuleInsideLocalModuleWithExport.ts	skipped	unsupported module kind AMD	
internalAliasInitializedModuleInsideLocalModuleWithoutExport.ts	run		C
internalAliasInitializedModuleInsideLocalModuleWithoutExportAccessError.ts	run		E
internalAliasInitializedModuleInsideTopLevelModuleWithExport.ts	run		C
internalAliasInitializedModuleInsideTopLevelModuleWithoutExport.ts	skipped	unsupported module kind AMD	
internalAliasInterface.ts	run		C
internalAliasInterfaceInsideLocalModuleWithExport.ts	skipped	unsupported module kind AMD	
internalAliasInterfaceInsideLocalModuleWithoutExport.ts	skipped	unsupported module kind AMD	
internalAliasInterfaceInsideLocalModuleWithoutExportAccessError.ts	run		E
internalAliasInterfaceInsideTopLevelModuleWithExport.ts	run		C
internalAliasInterfaceInsideTopLevelModuleWithoutExport.ts	skipped	unsupported module kind AMD	
internalAliasUninitializedModule.ts	run		C
internalAliasUninitializedModuleInsideLocalModuleWithExport.ts	run		C
internalAliasUninitializedModuleInsideLocalModuleWithoutExport.ts	run		C
internalAliasUninitializedModuleInsideLocalModuleWithoutExportAccessError.ts	run		E
internalAliasUninitializedModuleInsideTopLevelModuleWithExport.ts	skipped	unsupported module kind AMD	
internalAliasUninitializedModuleInsideTopLevelModuleWithoutExport.ts	run		C
internalAliasVar.ts	run		C
internalAliasVarInsideLocalModuleWithExport.ts	skipped	unsupported module kind AMD	
internalAliasVarInsideLocalModuleWithoutExport.ts	skipped	unsupported module kind AMD	
internalAliasVarInsideLocalModuleWithoutExportAccessError.ts	run		E
internalAliasVarInsideTopLevelModuleWithExport.ts	skipped	unsupported module kind AMD	
internalAliasVarInsideTopLevelModuleWithoutExport.ts	run		C
internalAliasWithDottedNameEmit.ts	run		C
internalImportInstantiatedModuleMergedWithClassNotReferencingInstance.ts	run		E
internalImportInstantiatedModuleMergedWithClassNotReferencingInstanceNoConflict.ts	run		E
internalImportInstantiatedModuleNotReferencingInstance.ts	run		E
internalImportUnInstantiatedModuleMergedWithClassNotReferencingInstance.ts	run		E
internalImportUnInstantiatedModuleMergedWithClassNotReferencingInstanceNoConflict.ts	run		E
internalImportUnInstantiatedModuleNotReferencingInstanceNoConflict.ts	run		C
intersectionAndUnionTypes.ts	run		E
intersectionApparentTypeCaching.ts	run		C
intersectionAsWeakTypeSource.ts	run		E
intersectionConstraintReduction.ts	run		C
intersectionIncludingPropFromGlobalAugmentation.ts	run		C
intersectionMemberOfUnionNarrowsCorrectly.ts	run		C
intersectionNarrowing.ts	run		E
intersectionOfMixinConstructorTypeAndNonConstructorType.ts	run		C
intersectionOfTypeVariableHasApparentSignatures.ts	run		C
intersectionOfUnionNarrowing.ts	run		C
intersectionOfUnionOfUnitTypes.ts	run		C
intersectionPropertyCheck.ts	run		E
intersectionReduction.ts	run		E
intersectionReductionGenericStringLikeType.ts	run		C
intersectionReductionStrict.ts	run		E
intersectionSatisfiesConstraint.ts	run		C
intersectionThisTypes.ts	run		C
intersectionTypeAssignment.ts	run		E
intersectionTypeEquivalence.ts	run		C
intersectionTypeInference.ts	run		E
intersectionTypeInference1.ts	run		C
intersectionTypeInference2.ts	run		C
intersectionTypeInference3.ts	run		C
intersectionTypeMembers.ts	run		E
intersectionTypeNormalization.ts	run		C
intersectionTypeOverloading.ts	run		E
intersectionTypeReadonly.ts	run		E
intersectionTypeWithLeadingOperator.ts	run		C
intersectionType_useDefineForClassFields.ts	run		C
intersectionWithConflictingPrivates.ts	run		E
intersectionWithConstructSignaturePrototypeResult.ts	run		C
intersectionWithIndexSignatures.ts	run		E
intersectionWithUnionConstraint.ts	run		E
intersectionsAndEmptyObjects.ts	run		C
intersectionsAndOptionalProperties.ts	run		E
intersectionsAndOptionalProperties2(exactoptionalpropertytypes=false).ts	run		C
intersectionsAndOptionalProperties2(exactoptionalpropertytypes=true).ts	run		E
intersectionsAndOptionalProperties3(exactoptionalpropertytypes=false).ts	run		C
intersectionsAndOptionalProperties3(exactoptionalpropertytypes=true).ts	run		E
intersectionsAndReadonlyProperties.ts	run		E
intersectionsOfLargeUnions.ts	run		E
intersectionsOfLargeUnions2.ts	run		E
intlDateTimeFormatRangeES2021.ts	run		C
intlDurationFormat.ts	run		C
intlNumberFormatES2020.ts	run		C
intlNumberFormatES2023.ts	run		C
intlNumberFormatES5UseGrouping(target=es2015).ts	run		E
intlNumberFormatES5UseGrouping(target=es5).ts	skipped	unsupported target ES5	
intraBindingPatternReferences.ts	run		E
intraExpressionInferences.ts	run		E
intraExpressionInferencesJsx.tsx	run		C
intrinsicKeyword.ts	run		E
intrinsicTypes.ts	run		E
intrinsics.ts	run		E
invalidAssignmentsToVoid.ts	run		E
invalidBinaryIntegerLiteralAndOctalIntegerLiteral.ts	run		E
invalidBooleanAssignments.ts	run		E
invalidConstraint1.ts	run		E
invalidContinueInDownlevelAsync.ts	run		E
invalidDoWhileBreakStatements.ts	run		E
invalidDoWhileContinueStatements.ts	run		E
invalidEnumAssignments.ts	run		E
invalidForBreakStatements.ts	run		E
invalidForContinueStatements.ts	run		E
invalidForInBreakStatements.ts	run		E
invalidForInContinueStatements.ts	run		E
invalidImportAliasIdentifiers.ts	run		E
invalidInstantiatedModule.ts	run		E
invalidLetInForOfAndForIn_ES5.ts	run		E
invalidLetInForOfAndForIn_ES6.ts	run		E
invalidModuleWithStatementsOfEveryKind.ts	run		E
invalidModuleWithVarStatements.ts	run		E
invalidMultipleVariableDeclarations.ts	run		E
invalidNestedModules.ts	run		E
invalidNewTarget.es5(target=es2015).ts	run		E
invalidNewTarget.es5(target=es5).ts	skipped	unsupported target ES5	
invalidNewTarget.es6.ts	run		E
invalidNumberAssignments.ts	run		E
invalidOptionalChainFromNewExpression.ts	run		E
invalidReferenceSyntax1.ts	run		E
invalidReturnStatements.ts	run		E
invalidSplice.ts	run		E
invalidStaticField.ts	run		E
invalidStringAssignments.ts	run		E
invalidSwitchBreakStatement.ts	run		E
invalidSwitchContinueStatement.ts	run		E
invalidSymbolInTypeParameter1.ts	run		E
invalidSyntaxNamespaceImportWithAMD.ts	skipped	unsupported module kind AMD	
invalidSyntaxNamespaceImportWithCommonjs.ts	run		E
invalidSyntaxNamespaceImportWithSystem.ts	skipped	unsupported module kind System	
invalidTaggedTemplateEscapeSequences(target=es2015).ts	run		E
invalidTaggedTemplateEscapeSequences(target=es5).ts	skipped	unsupported target ES5	
invalidTaggedTemplateEscapeSequences(target=esnext).ts	run		E
invalidThisEmitInContextualObjectLiteral.ts	run		C
invalidThrowStatement.ts	run		E
invalidTripleSlashReference.ts	run		E
invalidTryStatements.ts	run		E
invalidTypeNames.ts	run		C
invalidTypeOfTarget.ts	run		E
invalidUndefinedAssignments.ts	run		E
invalidUndefinedValues.ts	run		E
invalidUnicodeEscapeSequance.ts	run		E
invalidUnicodeEscapeSequance2.ts	run		E
invalidUnicodeEscapeSequance3.ts	run		E
invalidUnicodeEscapeSequance4.ts	run		E
invalidUseOfTypeAsNamespace.ts	run		E
invalidVoidAssignments.ts	run		E
invalidVoidValues.ts	run		E
invalidWhileBreakStatements.ts	run		E
invalidWhileContinueStatements.ts	run		E
invariantGenericErrorElaboration.ts	run		E
invocationExpressionInFunctionParameter.ts	run		E
invokingNonGenericMethodWithTypeArguments1.ts	run		E
invokingNonGenericMethodWithTypeArguments2.ts	run		E
ipromise2.ts	run		E
ipromise3.ts	run		E
ipromise4.ts	run		E
isArray.ts	run		E
isDeclarationVisibleNodeKinds(target=es2015).ts	run		E
isDeclarationVisibleNodeKinds(target=es5).ts	skipped	unsupported target ES5	
isLiteral1.ts	run		E
isolatedDeclarationErrorTypes1.ts	run		E
isolatedDeclarationErrors.ts	run		E
isolatedDeclarationErrorsAugmentation.ts	run		E
isolatedDeclarationErrorsClasses.ts	run		E
isolatedDeclarationErrorsClassesExpressions.ts	run		E
isolatedDeclarationErrorsDefault.ts	run		E
isolatedDeclarationErrorsEnums.ts	run		E
isolatedDeclarationErrorsExpandoFunctions.ts	run		E
isolatedDeclarationErrorsExpressions.ts	run		E
isolatedDeclarationErrorsFunctionDeclarations.ts	run		E
isolatedDeclarationErrorsObjects.ts	run		E
isolatedDeclarationErrorsReturnTypes.ts	run		E
isolatedDeclarationLazySymbols.ts	run		E
isolatedDeclarationOutFile.ts	skipped	unsupported module kind AMD	
isolatedDeclarationsAddUndefined.ts	run		E
isolatedDeclarationsAddUndefined2.ts	run		E
isolatedDeclarationsAllowJs.ts	run		E
isolatedDeclarationsLiterals.ts	run		C
isolatedDeclarationsRequiresDeclaration.ts	run		E
isolatedDeclarationsStrictBuiltinIteratorReturn(isolateddeclarations=false,strictbuiltiniteratorreturn=false).ts	run		C
isolatedDeclarationsStrictBuiltinIteratorReturn(isolateddeclarations=false,strictbuiltiniteratorreturn=true).ts	run		C
isolatedDeclarationsStrictBuiltinIteratorReturn(isolateddeclarations=true,strictbuiltiniteratorreturn=false).ts	run		C
isolatedDeclarationsStrictBuiltinIteratorReturn(isolateddeclarations=true,strictbuiltiniteratorreturn=true).ts	run		C
isolatedModulesAmbientConstEnum.ts	run		E
isolatedModulesConstEnum.ts	run		C
isolatedModulesDeclaration.ts	run		C
isolatedModulesDontElideReExportStar.ts	run		C
isolatedModulesES6.ts	run		C
isolatedModulesExportDeclarationType.ts	run		E
isolatedModulesExportImportUninstantiatedNamespace.ts	run		E
isolatedModulesExternalModuleForced.ts	run		C
isolatedModulesGlobalNamespacesAndEnums.ts	run		E
isolatedModulesImportConstEnum.ts	run		C
isolatedModulesImportConstEnumTypeOnly.ts	run		C
isolatedModulesImportExportElision(target=es2015).ts	run		E
isolatedModulesImportExportElision(target=es5).ts	skipped	unsupported target ES5	
isolatedModulesNoEmitOnError.ts	run		E
isolatedModulesNoExternalModule.ts	run		C
isolatedModulesNoExternalModuleMultiple.ts	run		C
isolatedModulesNonAmbientConstEnum.ts	run		C
isolatedModulesPlainFile-AMD(target=es2015).ts	skipped	unsupported module kind AMD	
isolatedModulesPlainFile-AMD(target=es5).ts	skipped	unsupported module kind AMD	
isolatedModulesPlainFile-CommonJS(target=es2015).ts	run		C
isolatedModulesPlainFile-CommonJS(target=es5).ts	skipped	unsupported target ES5	
isolatedModulesPlainFile-ES6.ts	run		C
isolatedModulesPlainFile-System(target=es2015).ts	skipped	unsupported module kind System	
isolatedModulesPlainFile-System(target=es5).ts	skipped	unsupported module kind System	
isolatedModulesPlainFile-UMD(target=es2015).ts	skipped	unsupported module kind UMD	
isolatedModulesPlainFile-UMD(target=es5).ts	skipped	unsupported module kind UMD	
isolatedModulesReExportAlias.ts	run		C
isolatedModulesReExportType.ts	run		E
isolatedModulesRequiresPreserveConstEnum.ts	run		E
isolatedModulesShadowGlobalTypeNotValue(isolatedmodules=false,verbatimmodulesyntax=false).ts	run		C
isolatedModulesShadowGlobalTypeNotValue(isolatedmodules=false,verbatimmodulesyntax=true).ts	run		E
isolatedModulesShadowGlobalTypeNotValue(isolatedmodules=true,verbatimmodulesyntax=false).ts	run		E
isolatedModulesShadowGlobalTypeNotValue(isolatedmodules=true,verbatimmodulesyntax=true).ts	run		E
isolatedModulesSketchyAliasLocalMerge(isolatedmodules=false,verbatimmodulesyntax=false).ts	run		C
isolatedModulesSketchyAliasLocalMerge(isolatedmodules=false,verbatimmodulesyntax=true).ts	run		E
isolatedModulesSketchyAliasLocalMerge(isolatedmodules=true,verbatimmodulesyntax=false).ts	run		E
isolatedModulesSketchyAliasLocalMerge(isolatedmodules=true,verbatimmodulesyntax=true).ts	run		E
isolatedModulesSourceMap.ts	run		C
isolatedModulesSpecifiedModule.ts	run		C
isolatedModulesUnspecifiedModule.ts	run		C
isolatedModulesWithDeclarationFile.ts	run		C
isolatedModules_resolveJsonModule.ts	run		C
isolatedModules_resolveJsonModule_strict_outDir_commonJs.ts	run		C
isomorphicMappedTypeInference.ts	run		C
iterableArrayPattern1.ts	run		C
iterableArrayPattern10.ts	run		E
iterableArrayPattern11.ts	run		C
iterableArrayPattern12.ts	run		C
iterableArrayPattern13.ts	run		E
iterableArrayPattern14.ts	run		C
iterableArrayPattern15.ts	run		C
iterableArrayPattern16.ts	run		E
iterableArrayPattern17.ts	run		E
iterableArrayPattern18.ts	run		E
iterableArrayPattern19.ts	run		E
iterableArrayPattern2.ts	run		C
iterableArrayPattern20.ts	run		C
iterableArrayPattern21.ts	run		E
iterableArrayPattern22.ts	run		E
iterableArrayPattern23.ts	run		E
iterableArrayPattern24.ts	run		E
iterableArrayPattern25.ts	run		E
iterableArrayPattern26.ts	run		E
iterableArrayPattern27.ts	run		C
iterableArrayPattern28.ts	run		E
iterableArrayPattern29.ts	run		E
iterableArrayPattern3.ts	run		C
iterableArrayPattern30.ts	run		C
iterableArrayPattern4.ts	run		C
iterableArrayPattern5.ts	run		E
iterableArrayPattern6.ts	run		E
iterableArrayPattern7.ts	run		E
iterableArrayPattern8.ts	run		E
iterableArrayPattern9.ts	run		C
iterableContextualTyping1.ts	run		C
iterableTReturnTNext(strictbuiltiniteratorreturn=false).ts	run		C
iterableTReturnTNext(strictbuiltiniteratorreturn=true).ts	run		E
iterableWithNeverAsUnionMember(target=es5).ts	skipped	unsupported target ES5	
iterableWithNeverAsUnionMember(target=esnext).ts	run		E
iteratorExtraParameters.ts	run		E
iteratorSpreadInArray.ts	run		C
iteratorSpreadInArray10.ts	run		E
iteratorSpreadInArray11.ts	run		E
iteratorSpreadInArray2.ts	run		C
iteratorSpreadInArray3.ts	run		C
iteratorSpreadInArray4.ts	run		C
iteratorSpreadInArray5.ts	run		E
iteratorSpreadInArray6.ts	run		E
iteratorSpreadInArray7.ts	run		E
iteratorSpreadInArray8.ts	run		E
iteratorSpreadInArray9.ts	run		C
iteratorSpreadInCall.ts	run		E
iteratorSpreadInCall10.ts	run		E
iteratorSpreadInCall11.ts	run		C
iteratorSpreadInCall12.ts	run		C
iteratorSpreadInCall2.ts	run		E
iteratorSpreadInCall3.ts	run		C
iteratorSpreadInCall4.ts	run		E
iteratorSpreadInCall5.ts	run		C
iteratorSpreadInCall6.ts	run		E
iteratorSpreadInCall7.ts	run		E
iteratorSpreadInCall8.ts	run		E
iteratorSpreadInCall9.ts	run		E
iteratorsAndStrictNullChecks.ts	run		C
javascriptCommonjsModule.ts	run		C
javascriptDefinePropertyPrototypeNonConstructor.ts	run		C
javascriptImportDefaultBadExport.ts	run		C
javascriptThisAssignmentInStaticBlock.ts	run		C
jqueryInference.ts	run		C
jsCheckObjectDefineThisNoCrash.ts	run		E
jsContainerMergeJsContainer.ts	run		C
jsContainerMergeTsDeclaration.ts	run		E
jsContainerMergeTsDeclaration2.ts	run		E
jsContainerMergeTsDeclaration3.ts	run		E
jsDeclarationEmitDoesNotRenameImport.ts	run		C
jsDeclarationEmitExportAssignedArray.ts	run		C
jsDeclarationEmitExportAssignedFunctionWithExtraTypedefsMembers.ts	run		C
jsDeclarationEmitExportedClassWithExtends.ts	run		E
jsDeclarationsClassAccessor.ts	run		C
jsDeclarationsClassExtendsVisibility(target=es2015).ts	run		E
jsDeclarationsClassExtendsVisibility(target=es5).ts	skipped	unsupported target ES5	
jsDeclarationsClassImplementsGenericsSerialization(target=es2015).ts	run		C
jsDeclarationsClassImplementsGenericsSerialization(target=es5).ts	skipped	unsupported target ES5	
jsDeclarationsClassLeadingOptional(target=es2015).ts	run		C
jsDeclarationsClassLeadingOptional(target=es5).ts	skipped	unsupported target ES5	
jsDeclarationsClassLikeHeuristic(target=es2015).ts	run		E
jsDeclarationsClassLikeHeuristic(target=es5).ts	skipped	unsupported target ES5	
jsDeclarationsClassMethod.ts	run		E
jsDeclarationsClassStatic(target=es2015).ts	run		E
jsDeclarationsClassStatic(target=es5).ts	skipped	unsupported target ES5	
jsDeclarationsClassStatic2.ts	run		C
jsDeclarationsClassStaticMethodAugmentation(target=es2015).ts	run		E
jsDeclarationsClassStaticMethodAugmentation(target=es5).ts	skipped	unsupported target ES5	
jsDeclarationsClasses(target=es2015).ts	run		E
jsDeclarationsClasses(target=es5).ts	skipped	unsupported target ES5	
jsDeclarationsClassesErr(target=es2015).ts	run		E
jsDeclarationsClassesErr(target=es5).ts	skipped	unsupported target ES5	
jsDeclarationsCommonjsRelativePath.ts	run		C
jsDeclarationsComputedNames(target=es2015).ts	run		C
jsDeclarationsComputedNames(target=es5).ts	skipped	unsupported target ES5	
jsDeclarationsConstsAsNamespacesWithReferences.ts	run		C
jsDeclarationsCrossfileMerge(target=es2015).ts	run		E
jsDeclarationsCrossfileMerge(target=es5).ts	skipped	unsupported target ES5	
jsDeclarationsDefault(target=es2015).ts	run		E
jsDeclarationsDefault(target=es5).ts	skipped	unsupported target ES5	
jsDeclarationsDefaultsErr(target=es2015).ts	run		E
jsDeclarationsDefaultsErr(target=es5).ts	skipped	unsupported target ES5	
jsDeclarationsDocCommentsOnConsts(target=es2015).ts	run		C
jsDeclarationsDocCommentsOnConsts(target=es5).ts	skipped	unsupported target ES5	
jsDeclarationsEnumTag(target=es2015).ts	run		E
jsDeclarationsEnumTag(target=es5).ts	skipped	unsupported target ES5	
jsDeclarationsEnums(target=es2015).ts	run		E
jsDeclarationsEnums(target=es5).ts	skipped	unsupported target ES5	
jsDeclarationsExportAssignedClassExpression(target=es2015).ts	run		C
jsDeclarationsExportAssignedClassExpression(target=es5).ts	skipped	unsupported target ES5	
jsDeclarationsExportAssignedClassExpressionAnonymous(target=es2015).ts	run		C
jsDeclarationsExportAssignedClassExpressionAnonymous(target=es5).ts	skipped	unsupported target ES5	
jsDeclarationsExportAssignedClassExpressionAnonymousWithSub(target=es2015).ts	run		E
jsDeclarationsExportAssignedClassExpressionAnonymousWithSub(target=es5).ts	skipped	unsupported target ES5	
jsDeclarationsExportAssignedClassExpressionShadowing(target=es2015).ts	run		E
jsDeclarationsExportAssignedClassExpressionShadowing(target=es5).ts	skipped	unsupported target ES5	
jsDeclarationsExportAssignedClassInstance1(target=es2015).ts	run		C
jsDeclarationsExportAssignedClassInstance1(target=es5).ts	skipped	unsupported target ES5	
jsDeclarationsExportAssignedClassInstance2(target=es2015).ts	run		C
jsDeclarationsExportAssignedClassInstance2(target=es5).ts	skipped	unsupported target ES5	
jsDeclarationsExportAssignedClassInstance3(target=es2015).ts	run		E
jsDeclarationsExportAssignedClassInstance3(target=es5).ts	skipped	unsupported target ES5	
jsDeclarationsExportAssignedConstructorFunction(target=es2015).ts	run		E
jsDeclarationsExportAssignedConstructorFunction(target=es5).ts	skipped	unsupported target ES5	
jsDeclarationsExportAssignedConstructorFunctionWithSub(target=es2015).ts	run		E
jsDeclarationsExportAssignedConstructorFunctionWithSub(target=es5).ts	skipped	unsupported target ES5	
jsDeclarationsExportAssignedVisibility(target=es2015).ts	run		C
jsDeclarationsExportAssignedVisibility(target=es5).ts	skipped	unsupported target ES5	
jsDeclarationsExportAssignmentExpressionPlusSecondary(target=es2015).ts	run		E
jsDeclarationsExportAssignmentExpressionPlusSecondary(target=es5).ts	skipped	unsupported target ES5	
jsDeclarationsExportAssignmentWithKeywordName(target=es2015).ts	run		C
jsDeclarationsExportAssignmentWithKeywordName(target=es5).ts	skipped	unsupported target ES5	
jsDeclarationsExportDefinePropertyEmit.ts	run		C
jsDeclarationsExportDoubleAssignmentInClosure.ts	run		C
jsDeclarationsExportForms(target=es2015).ts	run		C
jsDeclarationsExportForms(target=es5).ts	skipped	unsupported target ES5	
jsDeclarationsExportFormsErr(target=es2015).ts	run		E
jsDeclarationsExportFormsErr(target=es5).ts	skipped	unsupported target ES5	
jsDeclarationsExportSpecifierNonlocal(target=es2015).ts	run		C
jsDeclarationsExportSpecifierNonlocal(target=es5).ts	skipped	unsupported target ES5	
jsDeclarationsExportSubAssignments(target=es2015).ts	run		E
jsDeclarationsExportSubAssignments(target=es5).ts	skipped	unsupported target ES5	
jsDeclarationsExportedClassAliases.ts	run		C
jsDeclarationsFunctionClassesCjsExportAssignment(target=es2015).ts	run		E
jsDeclarationsFunctionClassesCjsExportAssignment(target=es5).ts	skipped	unsupported target ES5	
jsDeclarationsFunctionJSDoc(target=es2015).ts	run		C
jsDeclarationsFunctionJSDoc(target=es5).ts	skipped	unsupported target ES5	
jsDeclarationsFunctionKeywordProp(target=es2015).ts	run		C
jsDeclarationsFunctionKeywordProp(target=es5).ts	skipped	unsupported target ES5	
jsDeclarationsFunctionKeywordPropExhaustive(target=es2015).ts	run		C
jsDeclarationsFunctionKeywordPropExhaustive(target=es5).ts	skipped	unsupported target ES5	
jsDeclarationsFunctionLikeClasses(target=es2015).ts	run		E
jsDeclarationsFunctionLikeClasses(target=es5).ts	skipped	unsupported target ES5	
jsDeclarationsFunctionLikeClasses2(target=es2015).ts	run		E
jsDeclarationsFunctionLikeClasses2(target=es5).ts	skipped	unsupported target ES5	
jsDeclarationsFunctionPrototypeStatic(target=es2015).ts	run		C
jsDeclarationsFunctionPrototypeStatic(target=es5).ts	skipped	unsupported target ES5	
jsDeclarationsFunctionWithDefaultAssignedMember.ts	run		C
jsDeclarationsFunctions.ts	run		E
jsDeclarationsFunctionsCjs.ts	run		E
jsDeclarationsGetterSetter.ts	run		C
jsDeclarationsGlobalFileConstFunction.ts	run		E
jsDeclarationsGlobalFileConstFunctionNamed.ts	run		E
jsDeclarationsImportAliasExposedWithinNamespace.ts	run		C
jsDeclarationsImportAliasExposedWithinNamespaceCjs.ts	run		C
jsDeclarationsImportNamespacedType.ts	run		C
jsDeclarationsImportTypeBundled.ts	skipped	unsupported module kind AMD	
jsDeclarationsInheritedTypes.ts	run		E
jsDeclarationsInterfaces(target=es2015).ts	run		E
jsDeclarationsInterfaces(target=es5).ts	skipped	unsupported target ES5	
jsDeclarationsJSDocRedirectedLookups.ts	run		E
jsDeclarationsJson(target=es2015).ts	run		C
jsDeclarationsJson(target=es5).ts	skipped	unsupported target ES5	
jsDeclarationsMissingGenerics(target=es2015).ts	run		C
jsDeclarationsMissingGenerics(target=es5).ts	skipped	unsupported target ES5	
jsDeclarationsMissingTypeParameters(target=es2015).ts	run		E
jsDeclarationsMissingTypeParameters(target=es5).ts	skipped	unsupported target ES5	
jsDeclarationsModuleReferenceHasEmit(target=es2015).ts	run		E
jsDeclarationsModuleReferenceHasEmit(target=es5).ts	skipped	unsupported target ES5	
jsDeclarationsMultipleExportFromMerge(target=es2015).ts	run		C
jsDeclarationsMultipleExportFromMerge(target=es5).ts	skipped	unsupported target ES5	
jsDeclarationsNestedParams.ts	run		C
jsDeclarationsNonIdentifierInferredNames.ts	run		C
jsDeclarationsOptionalTypeLiteralProps1.ts	run		E
jsDeclarationsOptionalTypeLiteralProps2.ts	run		C
jsDeclarationsPackageJson(target=es2015).ts	run		C
jsDeclarationsPackageJson(target=es5).ts	skipped	unsupported target ES5	
jsDeclarationsParameterTagReusesInputNodeInEmit1.ts	run		E
jsDeclarationsParameterTagReusesInputNodeInEmit2.ts	run		C
jsDeclarationsPrivateFields01.ts	run		C
jsDeclarationsReactComponents(target=es2015).ts	run		C
jsDeclarationsReactComponents(target=es5).ts	skipped	unsupported target ES5	
jsDeclarationsReexportAliases(target=es2015).ts	run		C
jsDeclarationsReexportAliases(target=es5).ts	skipped	unsupported target ES5	
jsDeclarationsReexportAliasesEsModuleInterop(target=es2015).ts	run		C
jsDeclarationsReexportAliasesEsModuleInterop(target=es5).ts	skipped	unsupported target ES5	
jsDeclarationsReexportedCjsAlias(target=es2015).ts	run		C
jsDeclarationsReexportedCjsAlias(target=es5).ts	skipped	unsupported target ES5	
jsDeclarationsReferenceToClassInstanceCrossFile.ts	run		E
jsDeclarationsRestArgsWithThisTypeInJSDocFunction(target=es2015).ts	run		E
jsDeclarationsRestArgsWithThisTypeInJSDocFunction(target=es5).ts	skipped	unsupported target ES5	
jsDeclarationsReusesExistingNodesMappingJSDocTypes.ts	run		E
jsDeclarationsReusesExistingTypeAnnotations.ts	run		E
jsDeclarationsSubclassWithExplicitNoArgumentConstructor.ts	run		C
jsDeclarationsThisTypes.ts	run		C
jsDeclarationsTypeAliases.ts	run		C
jsDeclarationsTypeReassignmentFromDeclaration.ts	run		C
jsDeclarationsTypeReassignmentFromDeclaration2.ts	run		E
jsDeclarationsTypeReferences(target=es2015).ts	run		C
jsDeclarationsTypeReferences(target=es5).ts	skipped	unsupported target ES5	
jsDeclarationsTypeReferences2(target=es2015).ts	run		C
jsDeclarationsTypeReferences2(target=es5).ts	skipped	unsupported target ES5	
jsDeclarationsTypeReferences3(target=es2015).ts	run		E
jsDeclarationsTypeReferences3(target=es5).ts	skipped	unsupported target ES5	
jsDeclarationsTypeReferences4(target=es2015).ts	run		E
jsDeclarationsTypeReferences4(target=es5).ts	skipped	unsupported target ES5	
jsDeclarationsTypedefAndImportTypes.ts	run		C
jsDeclarationsTypedefAndLatebound.ts	run		E
jsDeclarationsTypedefDescriptionsPreserved.ts	run		C
jsDeclarationsTypedefFunction.ts	run		C
jsDeclarationsTypedefPropertyAndExportAssignment.ts	run		C
jsDeclarationsUniqueSymbolUsage.ts	run		C
jsDeclarationsWithDefaultAsNamespaceLikeMerge.ts	run		C
jsDocDeclarationEmitDoesNotUseNodeModulesPathWithoutError.ts	run		C
jsElementAccessNoContextualTypeCrash.ts	run		C
jsEmitIntersectionProperty.ts	run		C
jsEnumCrossFileExport.ts	run		E
jsEnumFunctionLocalNoCrash.ts	run		C
jsEnumTagOnObjectFrozen.ts	run		E
jsExpandoObjectDefineProperty.ts	run		E
jsExportAssignmentNonMutableLocation.ts	run		E
jsExportMemberMergedWithModuleAugmentation.ts	run		E
jsExportMemberMergedWithModuleAugmentation2.ts	run		E
jsExportMemberMergedWithModuleAugmentation3.ts	run		E
jsExtendsImplicitAny.ts	run		E
jsFileAlternativeUseOfOverloadTag.ts	run		C
jsFileClassPropertyInitalizationInObjectLiteral.ts	run		C
jsFileClassPropertyType.ts	run		E
jsFileClassPropertyType2.ts	run		E
jsFileClassPropertyType3.ts	run		E
jsFileClassSelfReferencedProperty.ts	run		C
jsFileCompilationAbstractModifier.ts	run		E
jsFileCompilationAmbientVarDeclarationSyntax.ts	run		E
jsFileCompilationAwaitModifier.ts	run		C
jsFileCompilationBindDeepExportsAssignment.ts	run		E
jsFileCompilationBindDuplicateIdentifier.ts	run		E
jsFileCompilationBindErrors.ts	run		E
jsFileCompilationBindMultipleDefaultExports.ts	run		E
jsFileCompilationBindReachabilityErrors(alwaysstrict=false).ts	skipped	alwaysStrict=false is unsupported	
jsFileCompilationBindReachabilityErrors(alwaysstrict=true).ts	run		E
jsFileCompilationBindStrictModeErrors.ts	run		E
jsFileCompilationClassMethodContainingArrowFunction.ts	skipped	unsupported outFile /.src/out.js	
jsFileCompilationConstModifier.ts	run		C
jsFileCompilationConstructorOverloadSyntax.ts	run		E
jsFileCompilationDecoratorSyntax.ts	run		C
jsFileCompilationDuplicateFunctionImplementation.ts	skipped	unsupported outFile /.src/out.js	
jsFileCompilationDuplicateFunctionImplementationFileOrderReversed.ts	skipped	unsupported outFile /.src/out.js	
jsFileCompilationDuplicateVariable.ts	skipped	unsupported outFile /.src/out.js	
jsFileCompilationDuplicateVariableErrorReported.ts	skipped	unsupported outFile /.src/out.js	
jsFileCompilationEmitBlockedCorrectly.ts	run		E
jsFileCompilationEmitDeclarations.ts	skipped	unsupported outFile /.src/out.js	
jsFileCompilationEmitTrippleSlashReference.ts	skipped	unsupported outFile /.src/out.js	
jsFileCompilationEnumSyntax.ts	run		E
jsFileCompilationErrorOnDeclarationsWithJsFileReferenceWithNoOut.ts	run		E
jsFileCompilationErrorOnDeclarationsWithJsFileReferenceWithOut.ts	skipped	unsupported outFile /.src/out.js	
jsFileCompilationErrorOnDeclarationsWithJsFileReferenceWithOutDir.ts	run		C
jsFileCompilationExportAssignmentSyntax.ts	run		E
jsFileCompilationExternalPackageError.ts	run		C
jsFileCompilationFunctionOverloadSyntax.ts	run		E
jsFileCompilationHeritageClauseSyntaxOfClass.ts	run		E
jsFileCompilationImportEqualsSyntax.ts	run		E
jsFileCompilationInterfaceSyntax.ts	run		E
jsFileCompilationLetBeingRenamed.ts	skipped	unsupported outFile /.src/out.js	
jsFileCompilationLetDeclarationOrder.ts	skipped	unsupported outFile /.src/out.js	
jsFileCompilationLetDeclarationOrder2.ts	skipped	unsupported outFile /.src/out.js	
jsFileCompilationMethodOverloadSyntax.ts	run		E
jsFileCompilationModuleSyntax.ts	run		E
jsFileCompilationNoErrorWithoutDeclarationsWithJsFileReferenceWithNoOut.ts	run		E
jsFileCompilationNoErrorWithoutDeclarationsWithJsFileReferenceWithOut.ts	skipped	unsupported outFile /.src/out.js	
jsFileCompilationNonNullAssertion.ts	skipped	unsupported outFile /bin/a.js	
jsFileCompilationOptionalClassElementSyntaxOfClass.ts	run		E
jsFileCompilationOptionalParameter.ts	run		E
jsFileCompilationPublicMethodSyntaxOfClass.ts	run		E
jsFileCompilationPublicParameterModifier.ts	run		E
jsFileCompilationRestParamJsDocFunction.ts	skipped	unsupported module kind AMD	
jsFileCompilationRestParameter.ts	skipped	unsupported outFile /.src/b.js	
jsFileCompilationReturnTypeSyntaxOfFunction.ts	run		E
jsFileCompilationShortHandProperty.ts	skipped	unsupported outFile /.src/out.js	
jsFileCompilationSyntaxError.ts	run		E
jsFileCompilationTypeAliasSyntax.ts	run		E
jsFileCompilationTypeArgumentSyntaxOfCall.ts	run		E
jsFileCompilationTypeAssertions.ts	skipped	unsupported outFile /lib/a.js	
jsFileCompilationTypeOfParameter.ts	run		E
jsFileCompilationTypeParameterSyntaxOfClass.ts	run		E
jsFileCompilationTypeParameterSyntaxOfClassExpression.ts	run		E
jsFileCompilationTypeParameterSyntaxOfFunction.ts	run		E
jsFileCompilationTypeSyntaxOfVar.ts	run		E
jsFileCompilationWithDeclarationEmitPathSameAsInput.ts	run		E
jsFileCompilationWithEnabledCompositeOption.ts	skipped	unsupported outFile /.src/out.js	
jsFileCompilationWithJsEmitPathSameAsInput.ts	run		E
jsFileCompilationWithMapFileAsJs.ts	run		E
jsFileCompilationWithMapFileAsJsWithInlineSourceMap.ts	run		E
jsFileCompilationWithMapFileAsJsWithOutDir.ts	run		E
jsFileCompilationWithOut.ts	skipped	unsupported outFile /.src/out.js	
jsFileCompilationWithOutDeclarationFileNameSameAsInputJsFile.ts	skipped	unsupported outFile /b.js	
jsFileCompilationWithOutFileNameSameAsInputJsFile.ts	skipped	unsupported outFile /b.js	
jsFileCompilationWithoutJsExtensions.ts	run		E
jsFileCompilationWithoutOut.ts	run		E
jsFileESModuleWithEnumTag.ts	run		C
jsFileFunctionOverloads.ts	run		C
jsFileFunctionOverloads2.ts	run		C
jsFileFunctionParametersAsOptional.ts	run		C
jsFileFunctionParametersAsOptional2.ts	run		C
jsFileImportPreservedWhenUsed.ts	run		C
jsFileMethodOverloads.ts	run		C
jsFileMethodOverloads2.ts	run		C
jsFileMethodOverloads3.ts	run		E
jsFileMethodOverloads4.ts	run		C
jsFileMethodOverloads5.ts	run		C
jsFunctionWithPrototypeNoErrorTruncationNoCrash.ts	run		E
jsNegativeElementAccessNotBound.ts	run		C
jsNoImplicitAnyNoCascadingReferenceErrors.ts	run		E
jsObjectsMarkedAsOpenEnded.ts	skipped	unsupported outFile /.src/output.js	
jsPropertyAssignedAfterMethodDeclaration.ts	run		E
jsPropertyAssignedAfterMethodDeclaration_nonError.ts	run		C
jsSelfReferencingArgumentsFunction.ts	run		C
jsdocAccessEnumType.ts	run		C
jsdocAccessibilityTags.ts	run		E
jsdocAccessibilityTagsDeclarations.ts	skipped	unsupported outFile /.src/foo.js	
jsdocArrayObjectPromiseImplicitAny.ts	run		C
jsdocArrayObjectPromiseNoImplicitAny.ts	run		E
jsdocAugmentsMissingType.ts	run		E
jsdocAugments_errorInExtendsExpression.ts	run		E
jsdocAugments_nameMismatch.ts	run		C
jsdocAugments_noExtends.ts	run		E
jsdocAugments_notAClass.ts	run		C
jsdocAugments_qualifiedName.ts	run		C
jsdocAugments_withTypeParameter.ts	run		C
jsdocBindingInUnreachableCode.ts	run		C
jsdocBracelessTypeTag1.ts	run		E
jsdocCallbackAndType.ts	run		E
jsdocCastCommentEmit.ts	run		C
jsdocCatchClauseWithTypeAnnotation.ts	run		E
jsdocClassMissingTypeArguments.ts	run		E
jsdocConstructorFunctionTypeReference.ts	run		E
jsdocDisallowedInTypescript.ts	run		E
jsdocFunctionClassPropertiesDeclaration.ts	run		E
jsdocFunctionType.ts	run		E
jsdocFunctionTypeFalsePositive.ts	run		E
jsdocFunction_missingReturn.ts	run		E
jsdocIllegalTags.ts	run		E
jsdocImplementsTag.ts	run		C
jsdocImplements_class.ts	run		E
jsdocImplements_interface.ts	run		E
jsdocImplements_interface_multiple.ts	run		E
jsdocImplements_missingType.ts	run		E
jsdocImplements_namespacedInterface.ts	run		C
jsdocImplements_properties.ts	run		E
jsdocImplements_signatures.ts	run		E
jsdocImportType.ts	run		E
jsdocImportType2.ts	run		E
jsdocImportTypeNodeNamespace.ts	run		E
jsdocImportTypeReferenceToClassAlias.ts	run		C
jsdocImportTypeReferenceToCommonjsModule.ts	run		E
jsdocImportTypeReferenceToESModule.ts	run		E
jsdocImportTypeReferenceToStringLiteral.ts	run		E
jsdocImportTypeResolution.ts	run		C
jsdocInTypeScript.ts	run		E
jsdocIndexSignature.ts	run		E
jsdocInvalidTokens.ts	run		C
jsdocLinkTag1.ts	run		C
jsdocLinkTag2.ts	run		C
jsdocLinkTag3.ts	run		C
jsdocLinkTag4.ts	run		C
jsdocLinkTag5.ts	run		C
jsdocLinkTag6.ts	run		C
jsdocLinkTag7.ts	run		C
jsdocLinkTag8.ts	run		C
jsdocLinkTag9.ts	run		C
jsdocLiteral.ts	skipped	unsupported outFile /.src/out.js	
jsdocNeverUndefinedNull.ts	skipped	unsupported outFile /.src/out.js	
jsdocOuterTypeParameters1.ts	run		E
jsdocOuterTypeParameters2.ts	run		E
jsdocOuterTypeParameters3.ts	run		E
jsdocOverrideTag1.ts	run		E
jsdocParamTag2.ts	run		E
jsdocParamTagInvalid.ts	run		E
jsdocParamTagOnPropertyInitializer.ts	run		C
jsdocParamTagTypeLiteral.ts	run		E
jsdocParameterParsingInfiniteLoop.ts	run		E
jsdocParameterParsingInvalidName.ts	run		C
jsdocParseBackquotedParamName.ts	run		E
jsdocParseDotDotDotInJSDocFunction.ts	run		E
jsdocParseErrorsInTypescript.ts	run		E
jsdocParseHigherOrderFunction.ts	run		E
jsdocParseMatchingBackticks.ts	run		C
jsdocParseParenthesizedJSDocParameter.ts	run		E
jsdocParseStarEquals.ts	run		E
jsdocPostfixEqualsAddsOptionality.ts	run		E
jsdocPrefixPostfixParsing.ts	run		E
jsdocPrivateName1.ts	run		E
jsdocPrivateName2.ts	run		E
jsdocPropertyTagInvalid.ts	run		E
jsdocPrototypePropertyAccessWithType.ts	run		E
jsdocReadonly.ts	run		E
jsdocReadonlyDeclarations.ts	skipped	unsupported outFile /.src/foo.js	
jsdocReferenceGlobalTypeInCommonJs.ts	run		E
jsdocResolveNameFailureInTypedef.ts	run		E
jsdocRestParameter.ts	run		E
jsdocRestParameter_es6.ts	run		C
jsdocReturnTag1.ts	skipped	unsupported outFile /.src/dummy.js	
jsdocSignatureOnReturnedFunction.ts	run		C
jsdocTemplateClass.ts	run		E
jsdocTemplateConstructorFunction.ts	run		E
jsdocTemplateConstructorFunction2.ts	run		E
jsdocTemplateTag.ts	run		E
jsdocTemplateTag2.ts	run		C
jsdocTemplateTag3.ts	run		E
jsdocTemplateTag4.ts	run		E
jsdocTemplateTag5.ts	run		E
jsdocTemplateTag6.ts	run		C
jsdocTemplateTag7.ts	run		E
jsdocTemplateTag8.ts	run		E
jsdocTemplateTagDefault.ts	run		E
jsdocTemplateTagNameResolution.ts	run		E
jsdocThisType.ts	run		E
jsdocTwoLineTypedef.ts	run		C
jsdocTypeCast.ts	run		E
jsdocTypeDefAtStartOfFile.ts	run		C
jsdocTypeFromChainedAssignment.ts	run		E
jsdocTypeFromChainedAssignment2.ts	run		E
jsdocTypeFromChainedAssignment3.ts	run		E
jsdocTypeGenericInstantiationAttempt.ts	run		C
jsdocTypeNongenericInstantiationAttempt.ts	run		E
jsdocTypeReferenceExports.ts	run		E
jsdocTypeReferenceToImport.ts	run		E
jsdocTypeReferenceToImportOfClassExpression.ts	run		C
jsdocTypeReferenceToImportOfFunctionExpression.ts	run		E
jsdocTypeReferenceToMergedClass.ts	run		E
jsdocTypeReferenceToValue.ts	run		E
jsdocTypeReferenceUseBeforeDef.ts	run		C
jsdocTypeTag.ts	run		E
jsdocTypeTagCast.ts	run		E
jsdocTypeTagOnParameter1.ts	run		C
jsdocTypeTagParameterType.ts	run		E
jsdocTypeTagRequiredParameters.ts	run		E
jsdocTypecastNoTypeNoCrash.ts	run		C
jsdocTypedefBeforeParenthesizedExpression.ts	run		C
jsdocTypedefMissingType.ts	run		C
jsdocTypedefNoCrash.ts	run		E
jsdocTypedefNoCrash2.ts	run		E
jsdocTypedef_propertyWithNoType.ts	run		C
jsdocUnexpectedCharacter.ts	run		C
jsdocVariableDeclarationWithTypeAnnotation.ts	run		C
jsdocVariadicType.ts	run		E
json.stringify.ts	run		C
jsonFileImportChecksCallCorrectlyTwice.ts	run		C
jsxAndTypeAssertion.tsx	run		E
jsxAttributeInitializer(jsx=preserve).ts	run		E
jsxAttributeInitializer(jsx=react).ts	run		E
jsxAttributeMissingInitializer.tsx	run		E
jsxAttributeWithoutExpressionReact.tsx	run		E
jsxCallElaborationCheckNoCrash1.tsx	run		E
jsxCallbackWithDestructuring.tsx	run		C
jsxCheckJsxNoTypeArgumentsAllowed.tsx	run		E
jsxChildWrongType.tsx	run		E
jsxChildrenArrayWrongType(target=es2015).tsx	run		E
jsxChildrenArrayWrongType(target=es5).tsx	skipped	unsupported target ES5	
jsxChildrenGenericContextualTypes.tsx	run		E
jsxChildrenIndividualErrorElaborations.tsx	run		E
jsxChildrenSingleChildConfusableWithMultipleChildrenNoError.tsx	run		C
jsxChildrenWrongType.tsx	run		E
jsxClassAttributeResolution.tsx	run		E
jsxComplexSignatureHasApplicabilityError.tsx	run		C
jsxComponentTypeErrors.tsx	run		E
jsxContainsOnlyTriviaWhiteSpacesNotCountedAsChild.tsx	run		C
jsxDeclarationsWithEsModuleInteropNoCrash.tsx	run		C
jsxElementClassTooManyParams.tsx	run		C
jsxElementType.tsx	run		E
jsxElementTypeLiteral.tsx	run		E
jsxElementTypeLiteralWithGeneric.tsx	run		E
jsxElementsAsIdentifierNames.tsx	run		C
jsxEmitAttributeWithPreserve.tsx	run		E
jsxEmitWithAttributes.ts	run		C
jsxEmptyExpressionNotCountedAsChild(jsx=react).tsx	run		C
jsxEmptyExpressionNotCountedAsChild(jsx=react-jsx).tsx	run		C
jsxEmptyExpressionNotCountedAsChild(jsx=react-jsxdev).tsx	run		C
jsxEmptyExpressionNotCountedAsChild2.tsx	run		E
jsxEsprimaFbTestSuite.tsx	run		E
jsxExcessPropsAndAssignability.tsx	run		E
jsxFactoryAndJsxFragmentFactory.tsx	run		E
jsxFactoryAndJsxFragmentFactoryErrorNotIdentifier.tsx	run		E
jsxFactoryAndJsxFragmentFactoryNull.tsx	run		E
jsxFactoryAndReactNamespace.ts	run		E
jsxFactoryButNoJsxFragmentFactory.tsx	run		E
jsxFactoryIdentifier.ts	run		C
jsxFactoryIdentifierAsParameter.ts	run		C
jsxFactoryIdentifierWithAbsentParameter.ts	run		E
jsxFactoryMissingErrorInsideAClass.ts	run		E
jsxFactoryNotIdentifierOrQualifiedName.ts	run		E
jsxFactoryNotIdentifierOrQualifiedName2.ts	run		E
jsxFactoryQualifiedName.ts	run		C
jsxFactoryQualifiedNameResolutionError.ts	run		E
jsxFactoryQualifiedNameWithEs5(target=es2015).ts	run		E
jsxFactoryQualifiedNameWithEs5(target=es5).ts	skipped	unsupported target ES5	
jsxFragReactReferenceErrors(jsx=preserve).tsx	run		C
jsxFragReactReferenceErrors(jsx=react-native).tsx	run		C
jsxFragmentAndFactoryUsedOnFragmentUse.tsx	run		C
jsxFragmentFactoryNoUnusedLocals.tsx	run		E
jsxFragmentFactoryReference(jsx=preserve).tsx	run		C
jsxFragmentFactoryReference(jsx=react).tsx	run		E
jsxFragmentFactoryReference(jsx=react-jsx).tsx	run		E
jsxFragmentFactoryReference(jsx=react-jsxdev).tsx	run		E
jsxFragmentFactoryReference(jsx=react-native).tsx	run		C
jsxFragmentWrongType.tsx	run		E
jsxFunctionTypeChildren.tsx	run		C
jsxGenericComponentWithSpreadingResultOfGenericFunction.tsx	run		C
jsxHasLiteralType.tsx	run		C
jsxHash.tsx	run		E
jsxImportForSideEffectsNonExtantNoError.tsx	run		E
jsxImportInAttribute.tsx	run		E
jsxImportSourceNonPragmaComment.tsx	run		E
jsxInExtendsClause.tsx	run		E
jsxInferenceProducesLiteralAsExpected.tsx	run		C
jsxIntrinsicDeclaredUsingTemplateLiteralTypeSignatures.tsx	run		E
jsxIntrinsicElementsCompatability.tsx	run		C
jsxIntrinsicElementsExtendsRecord.tsx	run		C
jsxIntrinsicElementsTypeArgumentErrors.tsx	run		E
jsxIntrinsicUnions.tsx	run		C
jsxInvalidEsprimaTestSuite.tsx	run		E
jsxIssuesErrorWhenTagExpectsTooManyArguments.tsx	run		E
jsxJsxsCjsTransformChildren(jsx=react-jsx).tsx	run		C
jsxJsxsCjsTransformChildren(jsx=react-jsxdev).tsx	run		C
jsxJsxsCjsTransformCustomImport(jsx=react-jsx).tsx	run		E
jsxJsxsCjsTransformCustomImport(jsx=react-jsxdev).tsx	run		E
jsxJsxsCjsTransformCustomImportPragma(jsx=react-jsx).tsx	run		E
jsxJsxsCjsTransformCustomImportPragma(jsx=react-jsxdev).tsx	run		E
jsxJsxsCjsTransformKeyProp(jsx=react-jsx).tsx	run		C
jsxJsxsCjsTransformKeyProp(jsx=react-jsxdev).tsx	run		C
jsxJsxsCjsTransformKeyPropCustomImport(jsx=react-jsx).tsx	run		E
jsxJsxsCjsTransformKeyPropCustomImport(jsx=react-jsxdev).tsx	run		E
jsxJsxsCjsTransformKeyPropCustomImportPragma(jsx=react-jsx).tsx	run		E
jsxJsxsCjsTransformKeyPropCustomImportPragma(jsx=react-jsxdev).tsx	run		E
jsxJsxsCjsTransformNestedSelfClosingChild(jsx=react-jsx).tsx	run		C
jsxJsxsCjsTransformNestedSelfClosingChild(jsx=react-jsxdev).tsx	run		C
jsxJsxsCjsTransformSubstitutesNames(jsx=react-jsx).tsx	run		C
jsxJsxsCjsTransformSubstitutesNames(jsx=react-jsxdev).tsx	run		C
jsxJsxsCjsTransformSubstitutesNamesFragment(jsx=react-jsx).tsx	run		C
jsxJsxsCjsTransformSubstitutesNamesFragment(jsx=react-jsxdev).tsx	run		C
jsxLibraryManagedAttributesUnusedGeneric.tsx	run		C
jsxLocalNamespaceIndexSignatureNoCrash.tsx	run		C
jsxMultilineAttributeStringValues.tsx	run		E
jsxMultilineAttributeValuesReact.tsx	run		E
jsxNamespaceElementChildrenAttributeIgnoredWhenReactJsx(jsx=react-jsx).tsx	run		E
jsxNamespaceElementChildrenAttributeIgnoredWhenReactJsx(jsx=react-jsxdev).tsx	run		E
jsxNamespaceGlobalReexport.tsx	run		C
jsxNamespaceGlobalReexportMissingAliasTarget.tsx	run		E
jsxNamespaceImplicitImportJSXNamespace.tsx	run		C
jsxNamespaceImplicitImportJSXNamespaceFromConfigPickedOverGlobalOne(jsx=preserve).tsx	run		C
jsxNamespaceImplicitImportJSXNamespaceFromConfigPickedOverGlobalOne(jsx=react-jsx).tsx	run		C
jsxNamespaceImplicitImportJSXNamespaceFromPragmaPickedOverGlobalOne.tsx	run		C
jsxNamespaceNoElementChildrenAttributeReactJsx(jsx=react-jsx).tsx	run		C
jsxNamespaceNoElementChildrenAttributeReactJsx(jsx=react-jsxdev).tsx	run		C
jsxNamespacePrefixInName.tsx	run		E
jsxNamespacePrefixInNameReact.tsx	run		E
jsxNamespacePrefixIntrinsics.tsx	run		E
jsxNamespaceReexports.tsx	run		C
jsxNamespacedNameNotComparedToNonMatchingIndexSignature.tsx	run		C
jsxNestedWithinTernaryParsesCorrectly.tsx	run		E
jsxParsingError1.tsx	run		E
jsxParsingError2.tsx	run		E
jsxParsingError3.tsx	run		E
jsxParsingError4(strict=false).tsx	run		C
jsxParsingError4(strict=true).tsx	run		C
jsxParsingErrorImmediateSpreadInAttributeValue.tsx	run		E
jsxPartialSpread.tsx	run		C
jsxPreserveWithJsInput.ts	run		C
jsxPropsAsIdentifierNames.tsx	run		E
jsxReactTestSuite.tsx	run		E
jsxRuntimePragma(jsx=preserve).ts	run		C
jsxRuntimePragma(jsx=react).ts	run		C
jsxRuntimePragma(jsx=react-jsx).ts	run		C
jsxRuntimePragma(jsx=react-jsxdev).ts	run		C
jsxSpreadFirstUnionNoErrors.tsx	run		C
jsxSpreadOverwritesAttributeStrict.tsx	run		E
jsxSpreadTag(target=es2015).ts	run		E
jsxSpreadTag(target=esnext).ts	run		E
jsxUnclosedParserRecovery.ts	run		E
jsxViaImport.2.tsx	run		E
jsxViaImport.tsx	run		E
keepImportsInDts1.ts	skipped	unsupported module kind AMD	
keepImportsInDts2.ts	skipped	unsupported module kind AMD	
keepImportsInDts3.ts	skipped	unsupported module kind AMD	
keepImportsInDts4.ts	skipped	unsupported module kind AMD	
keyRemappingKeyofResult.ts	run		E
keyRemappingKeyofResult2.ts	run		C
keyofAndForIn.ts	run		C
keyofAndIndexedAccess.ts	run		E
keyofAndIndexedAccess2.ts	run		E
keyofAndIndexedAccessErrors.ts	run		E
keyofGenericExtendingClassDoubleLayer.ts	run		E
keyofInferenceIntersectsResults.ts	run		C
keyofInferenceLowerPriorityThanReturn.ts	run		C
keyofIntersection.ts	run		C
keyofIsLiteralContexualType.ts	run		E
keyofModuleObjectHasCorrectKeys.ts	run		C
keyofObjectWithGlobalSymbolIncluded.ts	run		C
keywordExpressionInternalComments.ts	run		E
keywordField.ts	run		C
keywordInJsxIdentifier.tsx	run		E
knockout.ts	run		E
labeledStatementDeclarationListInLoopNoCrash1(target=es2015).ts	run		E
labeledStatementDeclarationListInLoopNoCrash1(target=es5).ts	skipped	unsupported target ES5	
labeledStatementDeclarationListInLoopNoCrash2(target=es2015).ts	run		E
labeledStatementDeclarationListInLoopNoCrash2(target=es5).ts	skipped	unsupported target ES5	
labeledStatementDeclarationListInLoopNoCrash3(target=es2015).ts	run		E
labeledStatementDeclarationListInLoopNoCrash3(target=es5).ts	skipped	unsupported target ES5	
labeledStatementDeclarationListInLoopNoCrash4(target=es2015).ts	run		E
labeledStatementDeclarationListInLoopNoCrash4(target=es5).ts	skipped	unsupported target ES5	
labeledStatementExportDeclarationNoCrash1(module=commonjs).ts	run		E
labeledStatementExportDeclarationNoCrash1(module=esnext).ts	run		E
labeledStatementExportDeclarationNoCrash1(module=system).ts	skipped	unsupported module kind System	
labeledStatementWithLabel.ts	run		E
labeledStatementWithLabel_es2015.ts	run		E
labeledStatementWithLabel_strict.ts	run		E
lambdaASIEmit.ts	run		C
lambdaArgCrash.ts	run		E
lambdaExpression.ts	run		C
lambdaParamTypes.ts	run		E
lambdaParameterWithTupleArgsHasCorrectAssignability.ts	run		C
lambdaPropSelf.ts	run		E
largeControlFlowGraph.ts	run		E
largeTupleTypes.ts	run		C
lastPropertyInLiteralWins.ts	run		E
lateBoundAssignmentCandidateJS1.ts	run		C
lateBoundAssignmentCandidateJS2.ts	run		C
lateBoundAssignmentCandidateJS3.ts	run		E
lateBoundAssignmentDeclarationSupport1.ts	run		E
lateBoundAssignmentDeclarationSupport2.ts	run		E
lateBoundAssignmentDeclarationSupport3.ts	run		E
lateBoundAssignmentDeclarationSupport4.ts	run		E
lateBoundAssignmentDeclarationSupport5.ts	run		E
lateBoundAssignmentDeclarationSupport6.ts	run		E
lateBoundAssignmentDeclarationSupport7.ts	run		C
lateBoundClassMemberAssignmentJS.ts	run		E
lateBoundClassMemberAssignmentJS2.ts	run		E
lateBoundClassMemberAssignmentJS3.ts	run		E
lateBoundDestructuringImplicitAnyError.ts	run		E
lateBoundFunctionMemberAssignmentDeclarations.ts	run		C
lateBoundMethodNameAssigmentJS.ts	run		C
leaveOptionalParameterAsWritten.ts	run		C
legacyDecorators-contextualTypes.ts	run		C
legacyNodeModulesExportsSpecifierGenerationConditions.ts	run		E
letAndVarRedeclaration.ts	run		E
letAsIdentifier.ts	run		E
letAsIdentifier2.ts	run		E
letAsIdentifierInStrictMode.ts	run		E
letConstInCaseClauses(target=es2015).ts	run		E
letConstInCaseClauses(target=es5).ts	skipped	unsupported target ES5	
letConstMatchingParameterNames(target=es2015).ts	run		C
letConstMatchingParameterNames(target=es5).ts	skipped	unsupported target ES5	
letDeclarations-access.ts	run		C
letDeclarations-es5(target=es2015).ts	run		C
letDeclarations-es5(target=es5).ts	skipped	unsupported target ES5	
letDeclarations-es5-1(target=es2015).ts	run		C
letDeclarations-es5-1(target=es5).ts	skipped	unsupported target ES5	
letDeclarations-invalidContexts.ts	run		E
letDeclarations-scopes-duplicates.ts	run		E
letDeclarations-scopes-duplicates2.ts	run		E
letDeclarations-scopes-duplicates3.ts	run		E
letDeclarations-scopes-duplicates4.ts	run		E
letDeclarations-scopes-duplicates5.ts	run		E
letDeclarations-scopes-duplicates6.ts	run		E
letDeclarations-scopes-duplicates7.ts	run		E
letDeclarations-scopes.ts	run		E
letDeclarations-scopes2.ts	run		E
letDeclarations-useBeforeDefinition.ts	run		E
letDeclarations-useBeforeDefinition2.ts	skipped	unsupported outFile /.src/out.js	
letDeclarations-validContexts.ts	run		E
letDeclarations.ts	run		C
letDeclarations2.ts	run		C
letIdentifierInElementAccess01.ts	run		E
letInConstDeclarations_ES5(target=es2015).ts	run		E
letInConstDeclarations_ES5(target=es5).ts	skipped	unsupported target ES5	
letInConstDeclarations_ES6.ts	run		E
letInLetConstDeclOfForOfAndForIn_ES5(target=es2015).ts	run		E
letInLetConstDeclOfForOfAndForIn_ES5(target=es5).ts	skipped	unsupported target ES5	
letInLetConstDeclOfForOfAndForIn_ES6.ts	run		E
letInLetDeclarations_ES5(target=es2015).ts	run		E
letInLetDeclarations_ES5(target=es5).ts	skipped	unsupported target ES5	
letInLetDeclarations_ES6.ts	run		E
letInNonStrictMode.ts	run		C
letInVarDeclOfForIn_ES5(target=es2015).ts	run		E
letInVarDeclOfForIn_ES5(target=es5).ts	skipped	unsupported target ES5	
letInVarDeclOfForIn_ES6.ts	run		E
letInVarDeclOfForOf_ES5(target=es2015).ts	run		E
letInVarDeclOfForOf_ES5(target=es5).ts	skipped	unsupported target ES5	
letInVarDeclOfForOf_ES6.ts	run		E
letKeepNamesOfTopLevelItems.ts	run		C
letShadowedByNameInNestedScope.ts	run		C
libCompileChecks.ts	run		C
libMembers.ts	run		E
libReferenceDeclarationEmit.ts	run		C
libReferenceDeclarationEmitBundle.ts	skipped	unsupported module kind AMD	
libReferenceNoLib.ts	run		E
libReferenceNoLibBundle.ts	skipped	unsupported module kind AMD	
libReplacement(libreplacement=false).ts	run		C
libReplacement(libreplacement=true).ts	run		C
libTypeScriptOverrideSimple.ts	run		E
libTypeScriptOverrideSimpleConfig.ts	run		E
libTypeScriptSubfileResolving.ts	run		E
libTypeScriptSubfileResolvingConfig.ts	run		E
libdtsFix.ts	run		C
library-reference-1.ts	run		C
library-reference-10.ts	run		C
library-reference-11.ts	run		C
library-reference-12.ts	run		C
library-reference-13.ts	run		C
library-reference-14.ts	run		C
library-reference-15.ts	run		E
library-reference-2.ts	run		C
library-reference-3.ts	run		C
library-reference-4.ts	run		C
library-reference-5.ts	run		E
library-reference-6.ts	run		C
library-reference-7.ts	run		C
library-reference-8.ts	run		C
library-reference-scoped-packages.ts	run		C
library_ArraySlice.ts	run		C
library_DatePrototypeProperties.ts	run		C
library_ObjectPrototypeProperties.ts	run		C
library_RegExpExecArraySlice.ts	run		E
library_StringSlice.ts	run		C
lift.ts	run		E
limitDeepInstantiations.ts	run		E
linkTagEmit1.ts	run		C
listFailure.ts	run		E
literalFreshnessPropagationOnNarrowing.ts	run		E
literalIntersectionYieldsLiteral.ts	run		C
literalTypeNameAssertionNotTriggered.ts	run		E
literalTypeWidening.ts	run		C
literalTypes1.ts	run		C
literalTypes2.ts	run		C
literalTypes3.ts	run		C
literalTypesAndDestructuring.ts	run		C
literalTypesAndTypeAssertions.ts	run		C
literalTypesWidenInParameterPosition.ts	run		E
literalWideningWithCompoundLikeAssignments.ts	run		C
literals(target=es2015).ts	run		E
literals(target=es5).ts	skipped	unsupported target ES5	
literals-negative.ts	run		E
literals1.ts	run		C
literalsInComputedProperties1.ts	run		E
localAliasExportAssignment.ts	run		E
localClassesInLoop.ts	run		C
localClassesInLoop_ES6.ts	run		C
localImportNameVsGlobalName.ts	run		C
localRequireFunction.ts	run		C
localTypeParameterInferencePriority.ts	run		C
localTypes1(target=es2015).ts	run		E
localTypes1(target=es5).ts	skipped	unsupported target ES5	
localTypes2.ts	run		C
localTypes3.ts	run		C
localTypes4.ts	run		E
localTypes5.ts	run		C
localVariablesReturnedFromCatchBlocks.ts	run		C
localesObjectArgument.ts	run		C
logicalAndOperatorStrictMode.ts	run		E
logicalAndOperatorWithEveryType.ts	run		E
logicalAndOperatorWithTypeParameters.ts	run		E
logicalAssignment1(target=es2015).ts	run		C
logicalAssignment1(target=es2020).ts	run		C
logicalAssignment1(target=es2021).ts	run		C
logicalAssignment1(target=esnext).ts	run		C
logicalAssignment10(target=es2015).ts	run		C
logicalAssignment10(target=es2020).ts	run		C
logicalAssignment10(target=es2021).ts	run		C
logicalAssignment10(target=esnext).ts	run		C
logicalAssignment11(target=es2015).ts	run		C
logicalAssignment11(target=es2020).ts	run		C
logicalAssignment11(target=esnext).ts	run		C
logicalAssignment2(target=es2015).ts	run		C
logicalAssignment2(target=es2020).ts	run		C
logicalAssignment2(target=es2021).ts	run		C
logicalAssignment2(target=esnext).ts	run		C
logicalAssignment3(target=es2015).ts	run		C
logicalAssignment3(target=es2020).ts	run		C
logicalAssignment3(target=es2021).ts	run		C
logicalAssignment3(target=esnext).ts	run		C
logicalAssignment4(target=es2015).ts	run		E
logicalAssignment4(target=es2020).ts	run		E
logicalAssignment4(target=es2021).ts	run		E
logicalAssignment4(target=esnext).ts	run		E
logicalAssignment5(target=es2015).ts	run		E
logicalAssignment5(target=es2020).ts	run		E
logicalAssignment5(target=es2021).ts	run		E
logicalAssignment5(target=esnext).ts	run		E
logicalAssignment6(target=es2015).ts	run		E
logicalAssignment6(target=es2020).ts	run		E
logicalAssignment6(target=es2021).ts	run		E
logicalAssignment6(target=esnext).ts	run		E
logicalAssignment7(target=es2015).ts	run		E
logicalAssignment7(target=es2020).ts	run		E
logicalAssignment7(target=es2021).ts	run		E
logicalAssignment7(target=esnext).ts	run		E
logicalAssignment8(target=es2015).ts	run		E
logicalAssignment8(target=es2020).ts	run		E
logicalAssignment8(target=es2021).ts	run		E
logicalAssignment8(target=esnext).ts	run		E
logicalAssignment9.ts	run		C
logicalNotExpression1.ts	run		E
logicalNotOperatorInvalidOperations.ts	run		E
logicalNotOperatorWithAnyOtherType.ts	run		E
logicalNotOperatorWithBooleanType.ts	run		E
logicalNotOperatorWithEnumType.ts	run		E
logicalNotOperatorWithNumberType.ts	run		E
logicalNotOperatorWithStringType.ts	run		E
logicalOrExpressionIsContextuallyTyped.ts	run		E
logicalOrExpressionIsNotContextuallyTyped.ts	run		E
logicalOrOperatorWithEveryType.ts	run		E
logicalOrOperatorWithTypeParameters.ts	run		E
longObjectInstantiationChain1.ts	run		E
longObjectInstantiationChain2.ts	run		E
longObjectInstantiationChain3.ts	run		E
looseThisTypeInFunctions.ts	run		E
m7Bugs.ts	run		E
malformedTags.ts	run		C
manyCompilerErrorsInTheTwoFiles.ts	run		E
manyConstExports(target=es2015).ts	run		C
manyConstExports(target=es5).ts	skipped	unsupported target ES5	
mapConstructor.ts	run		C
mapConstructorOnReadonlyTuple.ts	run		C
mapGroupBy.ts	run		C
mapOnTupleTypes01.ts	run		C
mapOnTupleTypes02.ts	run		C
mapUpsert.ts	run		E
mappedArrayTupleIntersections.ts	run		C
mappedToToIndexSignatureInference.ts	run		C
mappedTypeAndIndexSignatureRelation.ts	run		C
mappedTypeAsClauseRecursiveNoCrash1.ts	run		C
mappedTypeAsClauseRelationships.ts	run		E
mappedTypeAsClauses.ts	run		E
mappedTypeAsStringTemplate.ts	run		E
mappedTypeCircularReferenceInAccessor.ts	run		C
mappedTypeConstraints.ts	run		C
mappedTypeConstraints2.ts	run		E
mappedTypeContextualTypesApplied.ts	run		C
mappedTypeErrors.ts	run		E
mappedTypeErrors2.ts	run		E
mappedTypeGenericIndexedAccess.ts	run		C
mappedTypeGenericInstantiationPreservesHomomorphism.ts	run		C
mappedTypeGenericInstantiationPreservesInlineForm.ts	run		C
mappedTypeGenericWithKnownKeys.ts	run		E
mappedTypeIndexSignatureModifiers.ts	run		C
mappedTypeIndexedAccess.ts	run		E
mappedTypeIndexedAccessConstraint.ts	run		E
mappedTypeInferenceAliasSubstitution.ts	run		C
mappedTypeInferenceCircularity.ts	run		C
mappedTypeInferenceErrors.ts	run		E
mappedTypeInferenceFromApparentType.ts	run		E
mappedTypeInferenceToMappedType.ts	run		C
mappedTypeModifiers.ts	run		C
mappedTypeMultiInference.ts	run		C
mappedTypeNestedGenericInstantiation.ts	run		C
mappedTypeNoTypeNoCrash.ts	run		E
mappedTypeNotMistakenlyHomomorphic.ts	run		E
mappedTypeOverArrayWithBareAnyRestCanBeUsedAsRestParam1.ts	run		C
mappedTypeOverlappingStringEnumKeys.ts	run		C
mappedTypeParameterConstraint.ts	run		C
mappedTypePartialConstraints.ts	run		C
mappedTypePartialNonHomomorphicBaseConstraint.ts	run		C
mappedTypeProperties.ts	run		E
mappedTypeRecursiveInference.ts	run		E
mappedTypeRecursiveInference2.ts	run		C
mappedTypeRelationships.ts	run		E
mappedTypeTupleConstraintAssignability.ts	run		C
mappedTypeUnionConstrainTupleTreatedAsArrayLike.ts	run		E
mappedTypeWithAny.ts	run		E
mappedTypeWithAsClauseAndLateBoundProperty.ts	run		E
mappedTypeWithAsClauseAndLateBoundProperty2.ts	run		C
mappedTypeWithCombinedTypeMappers.ts	run		E
mappedTypeWithNameClauseAppliedToArrayType.ts	run		C
mappedTypes1.ts	run		C
mappedTypes2.ts	run		C
mappedTypes3.ts	run		E
mappedTypes4.ts	run		C
mappedTypes5.ts	run		E
mappedTypes6.ts	run		E
mappedTypesAndObjects.ts	run		E
mappedTypesArraysTuples.ts	run		C
mappedTypesGenericTuples.ts	run		C
mappedTypesGenericTuples2.ts	run		C
matchReturnTypeInAllBranches.ts	run		E
matchingOfObjectLiteralConstraints.ts	run		C
maxConstraints.ts	run		E
maxNodeModuleJsDepthDefaultsToZero.ts	run		E
maximum10SpellingSuggestions.ts	run		E
memberAccessMustUseModuleInstances.ts	skipped	unsupported module kind AMD	
memberAccessOnConstructorType.ts	run		E
memberFunctionOverloadMixingStaticAndInstance.ts	run		E
memberFunctionsWithPrivateOverloads.ts	run		E
memberFunctionsWithPublicOverloads.ts	run		C
memberFunctionsWithPublicPrivateOverloads.ts	run		E
memberOverride.ts	run		E
memberScope.ts	run		E
memberVariableDeclarations1.ts	run		E
mergeClassInterfaceAndModule.ts	run		C
mergeMultipleInterfacesReexported.ts	run		C
mergeSymbolReexportInterface.ts	run		E
mergeSymbolReexportedTypeAliasInstantiation.ts	run		E
mergeSymbolRexportFunction.ts	run		E
mergeThreeInterfaces.ts	run		E
mergeThreeInterfaces2.ts	run		E
mergeTwoInterfaces.ts	run		E
mergeTwoInterfaces2.ts	run		E
mergeWithImportedNamespace.ts	run		E
mergeWithImportedType.ts	run		E
mergedClassInterface.ts	run		E
mergedClassNamespaceRecordCast.ts	run		E
mergedClassWithNamespacePrototype.ts	run		E
mergedDeclarationExports.ts	run		E
mergedDeclarations1.ts	run		C
mergedDeclarations2.ts	run		E
mergedDeclarations3.ts	run		E
mergedDeclarations4.ts	run		C
mergedDeclarations5.ts	run		C
mergedDeclarations6.ts	skipped	unsupported module kind AMD	
mergedDeclarations7.ts	run		E
mergedEnumDeclarationCodeGen.ts	run		C
mergedInheritedClassInterface.ts	run		E
mergedInheritedMembersSatisfyAbstractBase.ts	run		E
mergedInstantiationAssignment.ts	run		C
mergedInterfaceFromMultipleFiles1.ts	run		E
mergedInterfacesWithConflictingPropertyNames.ts	run		E
mergedInterfacesWithConflictingPropertyNames2.ts	run		C
mergedInterfacesWithIndexers.ts	run		E
mergedInterfacesWithIndexers2.ts	run		E
mergedInterfacesWithInheritedPrivates.ts	run		E
mergedInterfacesWithInheritedPrivates2.ts	run		E
mergedInterfacesWithInheritedPrivates3.ts	run		E
mergedInterfacesWithMultipleBases.ts	run		E
mergedInterfacesWithMultipleBases2.ts	run		E
mergedInterfacesWithMultipleBases3.ts	run		E
mergedInterfacesWithMultipleBases4.ts	run		E
mergedModuleDeclarationCodeGen.ts	run		C
mergedModuleDeclarationCodeGen2.ts	run		C
mergedModuleDeclarationCodeGen3.ts	run		C
mergedModuleDeclarationCodeGen4.ts	run		C
mergedModuleDeclarationCodeGen5.ts	run		C
mergedModuleDeclarationWithSharedExportedVar.ts	run		C
mergedWithLocalValue.ts	run		C
metadataImportType.ts	run		E
metadataOfClassFromAlias(strict=false,target=es2015).ts	run		C
metadataOfClassFromAlias(strict=false,target=es5).ts	skipped	unsupported target ES5	
metadataOfClassFromAlias(strict=true,target=es2015).ts	run		E
metadataOfClassFromAlias(strict=true,target=es5).ts	skipped	unsupported target ES5	
metadataOfClassFromAlias2(target=es2015).ts	run		E
metadataOfClassFromAlias2(target=es5).ts	skipped	unsupported target ES5	
metadataOfClassFromModule(target=es2015).ts	run		E
metadataOfClassFromModule(target=es5).ts	skipped	unsupported target ES5	
metadataOfEventAlias(target=es2015).ts	run		E
metadataOfEventAlias(target=es5).ts	skipped	unsupported target ES5	
metadataOfStringLiteral.ts	run		E
metadataOfUnion.ts	run		C
metadataOfUnionWithNull(strictnullchecks=false).ts	run		C
metadataOfUnionWithNull(strictnullchecks=true).ts	run		C
metadataReferencedWithinFilteredUnion(strictnullchecks=false,target=es2015).ts	run		C
metadataReferencedWithinFilteredUnion(strictnullchecks=false,target=es5).ts	skipped	unsupported target ES5	
metadataReferencedWithinFilteredUnion(strictnullchecks=true,target=es2015).ts	run		E
metadataReferencedWithinFilteredUnion(strictnullchecks=true,target=es5).ts	skipped	unsupported target ES5	
methodChainError.ts	run		E
methodContainingLocalFunction(target=es2015).ts	run		C
methodContainingLocalFunction(target=es5).ts	skipped	unsupported target ES5	
methodInAmbientClass1.ts	run		E
methodSignatureDeclarationEmit1.ts	run		C
methodSignatureHandledDeclarationKindForSymbol.ts	run		E
methodSignaturesWithOverloads.ts	run		E
methodSignaturesWithOverloads2.ts	run		E
methodsReturningThis.ts	skipped	unsupported outFile /.src/output.js	
mismatchedClassConstructorVariable.ts	run		E
mismatchedExplicitTypeParameterAndArgumentType.ts	run		E
mismatchedGenericArguments1.ts	run		E
missingAndExcessProperties.ts	run		E
missingArgument1.ts	run		E
missingCloseBrace.ts	run		E
missingCloseBraceInObjectLiteral.ts	run		E
missingCloseBracketInArray.ts	run		E
missingCloseParenStatements(alwaysstrict=false).ts	skipped	alwaysStrict=false is unsupported	
missingCloseParenStatements(alwaysstrict=true).ts	run		E
missingCommaInTemplateStringsArray.ts	run		E
missingDecoratorType(target=es2015).ts	run		E
missingDecoratorType(target=es5).ts	skipped	unsupported target ES5	
missingDiscriminants.ts	run		E
missingDiscriminants2.ts	run		E
missingDomElement_UsingDomLib.ts	run		E
missingDomElements.ts	run		E
missingFunctionImplementation.ts	run		E
missingFunctionImplementation2.ts	run		E
missingImportAfterModuleImport.ts	run		E
missingMemberErrorHasShortPath.ts	run		E
missingPropertiesOfClassExpression.ts	run		E
missingRequiredDeclare.d.ts	run		E
missingReturnStatement.ts	run		E
missingReturnStatement1.ts	run		E
missingSelf.ts	run		C
missingSemicolonInModuleSpecifier.ts	run		C
missingTypeArguments1.ts	run		E
missingTypeArguments2.ts	run		E
missingTypeArguments3.ts	run		C
misspelledJsDocTypedefTags.ts	run		E
misspelledNewMetaProperty.ts	run		E
mixedExports.ts	run		C
mixedPropertyElementAccessAssignmentDeclaration.ts	run		C
mixedStaticAndInstanceClassMembers.ts	run		E
mixedTypeEnumComparison.ts	run		C
mixinAbstractClasses.2.ts	run		E
mixinAbstractClasses.ts	run		C
mixinAbstractClassesReturnTypeInference.ts	run		C
mixinAccessModifiers.ts	run		E
mixinAccessors1.ts	run		C
mixinAccessors2.ts	run		C
mixinAccessors3.ts	run		E
mixinAccessors4.ts	run		C
mixinAccessors5.ts	run		C
mixinClassesAnnotated.ts	run		C
mixinClassesAnonymous.ts	run		C
mixinClassesMembers.ts	run		C
mixinIntersectionIsValidbaseType.ts	run		C
mixinOverMappedTypeNoCrash.ts	run		C
mixinPrivateAndProtected.ts	run		E
mixinWithBaseDependingOnSelfNoCrash1.ts	run		E
mixingApparentTypeOverrides.ts	run		C
mixingFunctionAndAmbientModule1.ts	run		C
mixingStaticAndInstanceOverloads.ts	run		E
modFunctionCrash.ts	run		C
modKeyword.ts	run		C
modifierOnClassDeclarationMemberInFunction.ts	run		C
modifierOnClassExpressionMemberInFunction.ts	run		C
modifierOnParameter1.ts	run		E
modifierParenCast(target=es2015).ts	run		C
modifierParenCast(target=es5).ts	skipped	unsupported target ES5	
modifiersInObjectLiterals.ts	run		E
modifiersOnInterfaceIndexSignature1.ts	run		E
modularizeLibrary_Dom.asynciterable.ts	run		C
modularizeLibrary_Dom.iterable.ts	run		C
modularizeLibrary_ErrorFromUsingES6ArrayWithOnlyES6ArrayLib(target=es2015).ts	run		E
modularizeLibrary_ErrorFromUsingES6ArrayWithOnlyES6ArrayLib(target=es5).ts	skipped	unsupported target ES5	
modularizeLibrary_ErrorFromUsingES6FeaturesWithOnlyES5Lib.ts	run		E
modularizeLibrary_ErrorFromUsingWellknownSymbolWithOutES6WellknownSymbolLib.ts	run		E
modularizeLibrary_NoErrorDuplicateLibOptions1.ts	run		C
modularizeLibrary_NoErrorDuplicateLibOptions2.ts	run		C
modularizeLibrary_TargetES5UsingES6Lib.ts	run		C
modularizeLibrary_TargetES6UsingES6Lib.ts	run		C
modularizeLibrary_UsingES5LibAndES6ArrayLib(target=es2015).ts	run		C
modularizeLibrary_UsingES5LibAndES6ArrayLib(target=es5).ts	skipped	unsupported target ES5	
modularizeLibrary_UsingES5LibAndES6FeatureLibs.ts	run		C
modularizeLibrary_UsingES5LibES6ArrayLibES6WellknownSymbolLib.ts	run		C
modularizeLibrary_Worker.asynciterable.ts	run		C
modularizeLibrary_Worker.iterable.ts	run		C
moduleAliasAsFunctionArgument.ts	skipped	unsupported module kind AMD	
moduleAliasInterface.ts	run		C
moduleAndInterfaceSharingName.ts	run		E
moduleAndInterfaceSharingName2.ts	run		E
moduleAndInterfaceSharingName3.ts	run		E
moduleAndInterfaceSharingName4.ts	run		C
moduleAndInterfaceWithSameName.ts	run		E
moduleAsBaseType.ts	run		E
moduleAssignmentCompat1.ts	run		E
moduleAssignmentCompat2.ts	run		E
moduleAssignmentCompat3.ts	run		E
moduleAssignmentCompat4.ts	run		E
moduleAugmentationCollidingNamesInAugmentation1.ts	skipped	unsupported module kind AMD	
moduleAugmentationDeclarationEmit1.ts	run		E
moduleAugmentationDeclarationEmit2.ts	run		E
moduleAugmentationDisallowedExtensions.ts	run		E
moduleAugmentationDoesInterfaceMergeOfReexport.ts	run		C
moduleAugmentationDoesNamespaceEnumMergeOfReexport.ts	run		C
moduleAugmentationDoesNamespaceMergeOfReexport.ts	run		C
moduleAugmentationDuringSyntheticDefaultCheck.ts	run		C
moduleAugmentationEnumClassMergeOfReexportIsError.ts	run		E
moduleAugmentationExtendAmbientModule1.ts	run		E
moduleAugmentationExtendAmbientModule2.ts	run		E
moduleAugmentationExtendFileModule1.ts	run		E
moduleAugmentationExtendFileModule2.ts	run		E
moduleAugmentationGlobal1.ts	run		E
moduleAugmentationGlobal2.ts	run		C
moduleAugmentationGlobal3.ts	run		C
moduleAugmentationGlobal4.ts	run		C
moduleAugmentationGlobal5.ts	run		C
moduleAugmentationGlobal6.ts	run		E
moduleAugmentationGlobal6_1.ts	run		E
moduleAugmentationGlobal7.ts	run		E
moduleAugmentationGlobal7_1.ts	run		E
moduleAugmentationGlobal8(target=es2015).ts	run		E
moduleAugmentationGlobal8(target=es5).ts	skipped	unsupported target ES5	
moduleAugmentationGlobal8_1(target=es2015).ts	run		E
moduleAugmentationGlobal8_1(target=es5).ts	skipped	unsupported target ES5	
moduleAugmentationImportsAndExports1.ts	run		E
moduleAugmentationImportsAndExports2.ts	run		E
moduleAugmentationImportsAndExports3.ts	run		E
moduleAugmentationImportsAndExports4.ts	run		E
moduleAugmentationImportsAndExports5.ts	run		E
moduleAugmentationImportsAndExports6.ts	run		E
moduleAugmentationInAmbientModule1.ts	run		E
moduleAugmentationInAmbientModule2.ts	run		E
moduleAugmentationInAmbientModule3.ts	run		E
moduleAugmentationInAmbientModule4.ts	run		E
moduleAugmentationInAmbientModule5.ts	run		C
moduleAugmentationInDependency.ts	run		C
moduleAugmentationInDependency2.ts	run		E
moduleAugmentationNoNewNames.ts	run		E
moduleAugmentationOfAlias.ts	run		C
moduleAugmentationWithNonExistentNamedImport.ts	run		E
moduleAugmentationsBundledOutput1(target=es2015).ts	skipped	unsupported module kind AMD	
moduleAugmentationsBundledOutput1(target=es5).ts	skipped	unsupported module kind AMD	
moduleAugmentationsImports1.ts	skipped	unsupported module kind AMD	
moduleAugmentationsImports2.ts	skipped	unsupported module kind AMD	
moduleAugmentationsImports3.ts	skipped	unsupported module kind AMD	
moduleAugmentationsImports4.ts	skipped	unsupported module kind AMD	
moduleClassArrayCodeGenTest.ts	run		E
moduleCodeGenTest3.ts	run		C
moduleCodeGenTest5.ts	run		C
moduleCodegenTest4.ts	run		C
moduleCrashBug1.ts	run		E
moduleDeclarationExportStarShadowingGlobalIsNameable.ts	run		C
moduleDetectionIsolatedModulesCjsFileScope.ts	run		C
moduleDuplicateIdentifiers.ts	run		E
moduleElementsInWrongContext.ts	run		E
moduleElementsInWrongContext2.ts	run		E
moduleElementsInWrongContext3.ts	run		E
moduleExportAlias.ts	run		E
moduleExportAlias2.ts	run		E
moduleExportAlias3.ts	run		C
moduleExportAlias4.ts	run		E
moduleExportAlias5.ts	run		E
moduleExportAliasElementAccessExpression.ts	run		C
moduleExportAliasExports.ts	run		C
moduleExportAliasImported.ts	run		E
moduleExportAliasUnknown.ts	run		E
moduleExportAssignment.ts	run		E
moduleExportAssignment2.ts	run		E
moduleExportAssignment3.ts	run		C
moduleExportAssignment4.ts	run		E
moduleExportAssignment5.ts	run		E
moduleExportAssignment6.ts	run		C
moduleExportAssignment7.ts	run		E
moduleExportDuplicateAlias.ts	run		C
moduleExportDuplicateAlias2.ts	run		C
moduleExportDuplicateAlias3.ts	run		E
moduleExportNestedNamespaces.ts	run		E
moduleExportNonStructured.ts	run		E
moduleExportPropertyAssignmentDefault.ts	run		E
moduleExportWithExportPropertyAssignment.ts	run		E
moduleExportWithExportPropertyAssignment2.ts	run		E
moduleExportWithExportPropertyAssignment3.ts	run		E
moduleExportWithExportPropertyAssignment4.ts	run		E
moduleExports1.ts	run		E
moduleExportsAliasLoop1.ts	run		E
moduleExportsAliasLoop2.ts	run		E
moduleExportsElementAccessAssignment.ts	run		E
moduleExportsElementAccessAssignment2.ts	run		C
moduleExportsTypeNoExcessPropertyCheckFromContainedLiteral.ts	run		C
moduleExportsUnaryExpression.ts	run		C
moduleIdentifiers.ts	run		C
moduleImport.ts	run		E
moduleImportedForTypeArgumentPosition.ts	skipped	unsupported module kind AMD	
moduleInTypePosition1.ts	run		E
moduleKeywordDeprecated.ts	run		E
moduleKeywordRepeatError.ts	run		E
moduleLocalImportNotIncorrectlyRedirected.ts	run		C
moduleMemberMissingErrorIsRelative.ts	run		E
moduleMemberWithoutTypeAnnotation1.ts	run		C
moduleMemberWithoutTypeAnnotation2.ts	run		C
moduleMerge.ts	run		C
moduleMergeConstructor.ts	skipped	unsupported module kind AMD	
moduleNewExportBug.ts	run		E
moduleNoEmit.ts	run		C
moduleNodeDefaultImports(module=node16).ts	run		E
moduleNodeDefaultImports(module=node18).ts	run		E
moduleNodeDefaultImports(module=node20).ts	run		E
moduleNodeDefaultImports(module=nodenext).ts	run		E
moduleNodeImportRequireEmit(target=es2016).ts	run		C
moduleNodeImportRequireEmit(target=es2020).ts	run		C
moduleNodeImportRequireEmit(target=es5).ts	skipped	unsupported target ES5	
moduleNodeImportRequireEmit(target=esnext).ts	run		C
moduleOuterQualification.ts	run		C
modulePreserve1.ts	run		C
modulePreserve2.ts	run		C
modulePreserve3.ts	run		C
modulePreserve4.ts	run		E
modulePreserve5.ts	run		C
modulePreserveImportHelpers.ts	run		C
modulePreserveTopLevelAwait1(target=es2016).ts	run		E
modulePreserveTopLevelAwait1(target=esnext).ts	run		C
modulePrologueAMD.ts	skipped	unsupported module kind AMD	
modulePrologueCommonjs.ts	run		C
modulePrologueES6.ts	run		C
modulePrologueSystem.ts	skipped	unsupported module kind System	
modulePrologueUmd.ts	skipped	unsupported module kind UMD	
moduleProperty1.ts	run		E
moduleProperty2.ts	run		E
moduleRedifinitionErrors.ts	run		C
moduleReopenedTypeOtherBlock.ts	run		E
moduleReopenedTypeSameBlock.ts	run		E
moduleResolutionAsTypeReferenceDirective.ts	run		C
moduleResolutionAsTypeReferenceDirectiveAmbient.ts	run		C
moduleResolutionAsTypeReferenceDirectiveScoped.ts	run		E
moduleResolutionNoResolve.ts	run		C
moduleResolutionNoTsCJS.ts	run		E
moduleResolutionNoTsESM.ts	run		E
moduleResolutionPackageIdWithRelativeAndAbsolutePath.ts	skipped	unsupported baseUrl /project	
moduleResolutionWithExtensions.ts	run		C
moduleResolutionWithExtensions_notSupported.ts	run		E
moduleResolutionWithExtensions_notSupported2.ts	run		E
moduleResolutionWithExtensions_notSupported3.ts	run		C
moduleResolutionWithExtensions_unexpected.ts	run		C
moduleResolutionWithExtensions_unexpected2.ts	run		E
moduleResolutionWithExtensions_withAmbientPresent.ts	run		C
moduleResolutionWithExtensions_withPaths.ts	skipped	unsupported module resolution kind 2	
moduleResolutionWithModule(module=commonjs,moduleresolution=node16).ts	run		E
moduleResolutionWithModule(module=commonjs,moduleresolution=nodenext).ts	run		E
moduleResolutionWithModule(module=node16,moduleresolution=node16).ts	run		C
moduleResolutionWithModule(module=node16,moduleresolution=nodenext).ts	run		C
moduleResolutionWithModule(module=node18,moduleresolution=node16).ts	run		C
moduleResolutionWithModule(module=node18,moduleresolution=nodenext).ts	run		C
moduleResolutionWithModule(module=node20,moduleresolution=node16).ts	run		C
moduleResolutionWithModule(module=node20,moduleresolution=nodenext).ts	run		C
moduleResolutionWithModule(module=nodenext,moduleresolution=node16).ts	run		C
moduleResolutionWithModule(module=nodenext,moduleresolution=nodenext).ts	run		C
moduleResolutionWithRequire.ts	run		C
moduleResolutionWithRequireAndImport.ts	run		C
moduleResolutionWithSuffixes_empty.ts	skipped	unsupported module resolution kind 2	
moduleResolutionWithSuffixes_notSpecified.ts	skipped	unsupported module resolution kind 2	
moduleResolutionWithSuffixes_one.ts	skipped	unsupported module resolution kind 2	
moduleResolutionWithSuffixes_oneBlank.ts	skipped	unsupported module resolution kind 2	
moduleResolutionWithSuffixes_oneNotFound.ts	skipped	unsupported module resolution kind 2	
moduleResolutionWithSuffixes_one_dirModuleWithIndex.ts	skipped	unsupported module resolution kind 2	
moduleResolutionWithSuffixes_one_externalModule.ts	skipped	unsupported module resolution kind 2	
moduleResolutionWithSuffixes_one_externalModulePath.ts	skipped	unsupported module resolution kind 2	
moduleResolutionWithSuffixes_one_externalModule_withPaths.ts	skipped	unsupported module resolution kind 2	
moduleResolutionWithSuffixes_one_externalTSModule.ts	skipped	unsupported module resolution kind 2	
moduleResolutionWithSuffixes_one_jsModule.ts	skipped	unsupported module resolution kind 2	
moduleResolutionWithSuffixes_one_jsonModule.ts	skipped	unsupported module resolution kind 2	
moduleResolutionWithSuffixes_threeLastIsBlank1.ts	skipped	unsupported module resolution kind 2	
moduleResolutionWithSuffixes_threeLastIsBlank2.ts	skipped	unsupported module resolution kind 2	
moduleResolutionWithSuffixes_threeLastIsBlank3.ts	skipped	unsupported module resolution kind 2	
moduleResolutionWithSuffixes_threeLastIsBlank4.ts	skipped	unsupported module resolution kind 2	
moduleResolutionWithSymlinks.ts	run		E
moduleResolutionWithSymlinks_notInNodeModules.ts	run		C
moduleResolutionWithSymlinks_preserveSymlinks.ts	run		E
moduleResolutionWithSymlinks_referenceTypes.ts	run		C
moduleResolutionWithSymlinks_withOutDir.ts	run		E
moduleResolutionWithoutExtension1.ts	run		E
moduleResolutionWithoutExtension2.ts	run		E
moduleResolutionWithoutExtension3(module=node18).ts	run		E
moduleResolutionWithoutExtension3(module=node20).ts	run		E
moduleResolutionWithoutExtension3(module=nodenext).ts	run		E
moduleResolutionWithoutExtension4(module=node18).ts	run		E
moduleResolutionWithoutExtension4(module=node20).ts	run		E
moduleResolutionWithoutExtension4(module=nodenext).ts	run		E
moduleResolutionWithoutExtension5.ts	run		E
moduleResolutionWithoutExtension6.ts	run		E
moduleResolutionWithoutExtension7.ts	run		E
moduleResolutionWithoutExtension8.ts	run		E
moduleResolution_automaticTypeDirectiveNames.ts	run		C
moduleResolution_classicPrefersTs.ts	skipped	unsupported module resolution kind 1	
moduleResolution_explicitNodeModulesImport.ts	run		C
moduleResolution_explicitNodeModulesImport_implicitAny.ts	run		C
moduleResolution_noLeadingDot.ts	run		C
moduleResolution_packageJson_notAtPackageRoot.ts	run		C
moduleResolution_packageJson_notAtPackageRoot_fakeScopedPackage.ts	run		C
moduleResolution_packageJson_scopedPackage.ts	run		C
moduleResolution_packageJson_yesAtPackageRoot.ts	run		C
moduleResolution_packageJson_yesAtPackageRoot_fakeScopedPackage.ts	run		C
moduleResolution_packageJson_yesAtPackageRoot_mainFieldInSubDirectory.ts	run		C
moduleResolution_relativeImportJsFile.ts	run		C
moduleResolution_relativeImportJsFile_noImplicitAny.ts	run		E
moduleSameValueDuplicateExportedBindings1.ts	run		C
moduleSameValueDuplicateExportedBindings2.ts	run		C
moduleScoping.ts	run		C
moduleScopingBug.ts	run		C
moduleSharesNameWithImportDeclarationInsideIt.ts	run		C
moduleSharesNameWithImportDeclarationInsideIt2.ts	run		C
moduleSharesNameWithImportDeclarationInsideIt3.ts	run		E
moduleSharesNameWithImportDeclarationInsideIt4.ts	run		C
moduleSharesNameWithImportDeclarationInsideIt5.ts	run		E
moduleSharesNameWithImportDeclarationInsideIt6.ts	run		C
moduleSymbolMerging.ts	run		E
moduleUnassignedVariable.ts	run		C
moduleVariableArrayIndexer.ts	run		E
moduleVariables.ts	run		C
moduleVisibilityTest1.ts	run		C
moduleVisibilityTest2.ts	run		E
moduleVisibilityTest3.ts	run		E
moduleVisibilityTest4.ts	run		E
moduleWithNoValuesAsType.ts	run		E
moduleWithStatementsOfEveryKind.ts	run		E
moduleWithTryStatement1.ts	run		C
moduleWithValuesAsType.ts	run		E
module_augmentExistingAmbientVariable.ts	run		E
module_augmentExistingVariable.ts	run		E
module_augmentUninstantiatedModule.ts	run		C
module_augmentUninstantiatedModule2.ts	run		C
moduledecl(target=es2015).ts	run		C
moduledecl(target=es5).ts	skipped	unsupported target ES5	
multiCallOverloads.ts	run		C
multiExtendsSplitInterfaces1.ts	run		C
multiExtendsSplitInterfaces2.ts	run		E
multiImportExport.ts	run		C
multiLineContextDiagnosticWithPretty.ts	run		E
multiLineErrors.ts	run		E
multiLinePropertyAccessAndArrowFunctionIndent1.ts	run		E
multiModuleClodule1.ts	run		C
multiModuleFundule1.ts	run		C
multiSignatureTypeInference.ts	run		C
multiline.tsx	run		E
multipleBaseInterfaesWithIncompatibleProperties.ts	run		E
multipleBaseInterfaesWithIncompatibleProperties2(exactoptionalpropertytypes=false).ts	run		C
multipleBaseInterfaesWithIncompatibleProperties2(exactoptionalpropertytypes=true).ts	run		E
multipleClassPropertyModifiers.ts	run		E
multipleClassPropertyModifiersErrors.ts	run		E
multipleDeclarations.ts	skipped	unsupported outFile /.src/output.js	
multipleDefaultExports01(target=es2015).ts	run		E
multipleDefaultExports01(target=es5).ts	skipped	unsupported target ES5	
multipleDefaultExports02(target=es2015).ts	run		E
multipleDefaultExports02(target=es5).ts	skipped	unsupported target ES5	
multipleDefaultExports03(target=es2015).ts	run		E
multipleDefaultExports03(target=es5).ts	skipped	unsupported target ES5	
multipleDefaultExports04(target=es2015).ts	run		E
multipleDefaultExports04(target=es5).ts	skipped	unsupported target ES5	
multipleDefaultExports05(target=es2015).ts	run		E
multipleDefaultExports05(target=es5).ts	skipped	unsupported target ES5	
multipleExportAssignments.ts	run		E
multipleExportAssignmentsInAmbientDeclaration.ts	run		E
multipleExportDefault1.ts	run		E
multipleExportDefault2.ts	run		E
multipleExportDefault3.ts	run		E
multipleExportDefault4.ts	run		E
multipleExportDefault5.ts	run		E
multipleExportDefault6.ts	run		E
multipleExports.ts	run		E
multipleInferenceContexts.ts	run		C
multipleInheritance.ts	run		E
multipleNumericIndexers.ts	run		E
multipleStringIndexers.ts	run		E
multivar.ts	run		E
mutrec.ts	run		E
mutuallyRecursiveCallbacks.ts	run		E
mutuallyRecursiveGenericBaseTypes1.ts	run		E
mutuallyRecursiveGenericBaseTypes2.ts	run		E
mutuallyRecursiveInference.ts	run		E
mutuallyRecursiveInterfaceDeclaration.ts	run		C
nameCollision.ts	run		E
nameCollisionWithBlockScopedVariable1.ts	run		C
nameCollisions.ts	run		E
nameCollisionsInPropertyAssignments.ts	run		C
nameDelimitedBySlashes.ts	run		C
nameWithFileExtension.ts	run		C
nameWithRelativePaths.ts	run		C
namedFunctionExpressionAssignedToClassProperty.ts	run		C
namedFunctionExpressionCall.ts	run		C
namedFunctionExpressionCallErrors.ts	run		E
namedFunctionExpressionInModule.ts	run		C
namedImportNonExistentName.ts	run		E
namedTupleMembers.ts	run		C
namedTupleMembersErrors.ts	run		E
namespaceAssignmentToRequireAlias.ts	run		E
namespaceDisambiguationInUnion.ts	run		E
namespaceImportTypeQuery.ts	run		E
namespaceImportTypeQuery2.ts	run		C
namespaceImportTypeQuery3.ts	run		E
namespaceImportTypeQuery4.ts	run		E
namespaceMemberAccess.ts	run		E
namespaceMergedWithFunctionWithOverloadsUsage.ts	run		E
namespaceMergedWithImportAliasNoCrash.ts	run		E
namespaceNotMergedWithFunctionDefaultExport.ts	run		E
namespaces1.ts	run		C
namespaces2.ts	run		C
namespacesDeclaration1.ts	run		C
namespacesDeclaration2.ts	run		E
namespacesWithTypeAliasOnlyExportsMerge.ts	run		C
nanEquality.ts	run		E
narrowByBooleanComparison.ts	run		C
narrowByClauseExpressionInSwitchTrue1.ts	run		C
narrowByClauseExpressionInSwitchTrue10.ts	run		C
narrowByClauseExpressionInSwitchTrue2.ts	run		C
narrowByClauseExpressionInSwitchTrue3.ts	run		E
narrowByClauseExpressionInSwitchTrue4.ts	run		C
narrowByClauseExpressionInSwitchTrue5.ts	run		C
narrowByClauseExpressionInSwitchTrue6.ts	run		E
narrowByClauseExpressionInSwitchTrue7.ts	run		E
narrowByClauseExpressionInSwitchTrue8.ts	run		C
narrowByClauseExpressionInSwitchTrue9.ts	run		C
narrowByEquality.ts	run		E
narrowByInstanceof.ts	run		C
narrowByParenthesizedSwitchExpression.ts	run		C
narrowBySwitchDiscriminantUndefinedCase1(exactoptionalpropertytypes=false,nouncheckedindexedaccess=false).ts	run		C
narrowBySwitchDiscriminantUndefinedCase1(exactoptionalpropertytypes=false,nouncheckedindexedaccess=true).ts	run		C
narrowBySwitchDiscriminantUndefinedCase1(exactoptionalpropertytypes=true,nouncheckedindexedaccess=false).ts	run		C
narrowBySwitchDiscriminantUndefinedCase1(exactoptionalpropertytypes=true,nouncheckedindexedaccess=true).ts	run		C
narrowCommaOperatorNestedWithinLHS.ts	run		C
narrowExceptionVariableInCatchClause.ts	run		E
narrowFromAnyWithInstanceof.ts	run		E
narrowFromAnyWithTypePredicate.ts	run		E
narrowRefinedConstLikeParameterBIndingElementNameInInnerScope.ts	run		C
narrowSwitchOptionalChainContainmentEvolvingArrayNoCrash1.ts	run		E
narrowTypeByInstanceof.ts	run		E
narrowUnknownByTypePredicate.ts	run		C
narrowUnknownByTypeofObject.ts	run		C
narrowedConstInMethod.ts	run		C
narrowedImports.ts	run		C
narrowedImports_assumeInitialized.ts	run		C
narrowingAssignmentReadonlyRespectsAssertion.ts	run		C
narrowingByDiscriminantInLoop.ts	run		C
narrowingByTypeofInSwitch.ts	run		C
narrowingConstrainedTypeParameter.ts	run		C
narrowingConstrainedTypeVariable.ts	run		C
narrowingDestructuring.ts	run		C
narrowingGenericTypeFromInstanceof01.ts	run		E
narrowingInCaseClauseAfterCaseClauseWithReturn.ts	run		C
narrowingIntersection.ts	run		C
narrowingMutualSubtypes.ts	run		E
narrowingNoInfer1.ts	run		C
narrowingOfDottedNames.ts	run		E
narrowingOfQualifiedNames.ts	run		E
narrowingOrderIndependent.ts	run		C
narrowingPastLastAssignment.ts	run		E
narrowingPastLastAssignmentInModule.ts	run		C
narrowingPlainJsNoCrash1.ts	run		C
narrowingRestGenericCall.ts	run		C
narrowingTruthyObject.ts	run		E
narrowingTypeofDiscriminant.ts	run		C
narrowingTypeofFunction.ts	run		C
narrowingTypeofObject.ts	run		C
narrowingTypeofParenthesized1.ts	run		C
narrowingTypeofUndefined1.ts	run		C
narrowingTypeofUndefined2.ts	run		C
narrowingUnionToNeverAssigment.ts	run		E
narrowingUnionToUnion.ts	run		C
narrowingUnionWithBang.ts	run		C
narrowingWithNonNullExpression.ts	run		C
nativeToBoxedTypes.ts	run		E
nearbyIdenticalGenericLambdasAssignable.ts	run		C
negateOperatorInvalidOperations.ts	run		E
negateOperatorWithAnyOtherType.ts	run		E
negateOperatorWithBooleanType.ts	run		E
negateOperatorWithEnumType.ts	run		E
negateOperatorWithNumberType.ts	run		E
negateOperatorWithStringType.ts	run		E
negativeZero.ts	run		C
nestedBlockScopedBindings1.ts	run		C
nestedBlockScopedBindings10.ts	run		C
nestedBlockScopedBindings11.ts	run		C
nestedBlockScopedBindings12.ts	run		C
nestedBlockScopedBindings13.ts	run		C
nestedBlockScopedBindings14.ts	run		C
nestedBlockScopedBindings15.ts	run		C
nestedBlockScopedBindings16.ts	run		C
nestedBlockScopedBindings2.ts	run		C
nestedBlockScopedBindings3.ts	run		C
nestedBlockScopedBindings4.ts	run		C
nestedBlockScopedBindings5.ts	run		C
nestedBlockScopedBindings6.ts	run		C
nestedBlockScopedBindings7.ts	run		C
nestedBlockScopedBindings8.ts	run		C
nestedBlockScopedBindings9.ts	run		C
nestedCallbackErrorNotFlattened.ts	run		E
nestedClassDeclaration.ts	run		E
nestedDestructuringOfRequire.ts	run		E
nestedExcessPropertyChecking.ts	run		E
nestedFreshLiteral.ts	run		E
nestedGenericConditionalTypeWithGenericImportType.ts	run		C
nestedGenericSpreadInference.ts	run		C
nestedGenerics.ts	run		C
nestedGlobalNamespaceInClass.ts	run		E
nestedHomomorphicMappedTypesWithArrayConstraint1.ts	run		C
nestedIfStatement.ts	run		E
nestedIndexer.ts	run		C
nestedInfinitelyExpandedRecursiveTypes.ts	run		E
nestedLoopTypeGuards.ts	run		E
nestedLoopWithOnlyInnerLetCaptured(target=es2015).ts	run		C
nestedLoopWithOnlyInnerLetCaptured(target=es5).ts	skipped	unsupported target ES5	
nestedLoops(target=es2015).ts	run		C
nestedLoops(target=es5).ts	skipped	unsupported target ES5	
nestedModulePrivateAccess.ts	run		C
nestedModules.ts	run		C
nestedNamespace.ts	run		C
nestedObjectRest.ts	run		C
nestedPackageJsonRedirect(moduleresolution=bundler).ts	run		C
nestedPackageJsonRedirect(moduleresolution=node16).ts	run		E
nestedPackageJsonRedirect(moduleresolution=nodenext).ts	run		E
nestedPrototypeAssignment.ts	run		E
nestedRecursiveArraysOrObjectsError01.ts	run		E
nestedRecursiveLambda.ts	run		C
nestedRedeclarationInES6AMD.ts	skipped	unsupported module kind AMD	
nestedSelf.ts	run		C
nestedSuperCallEmit(target=es2015).ts	run		C
nestedSuperCallEmit(target=es5).ts	skipped	unsupported target ES5	
nestedThisContainer.ts	run		C
nestedTypeVariableInfersLiteral.ts	run		C
nestedUnaryExpressionHang.ts	run		E
neverAsDiscriminantType(strict=false).ts	run		C
neverAsDiscriminantType(strict=true).ts	run		C
neverInference.ts	run		C
neverIntersectionNotCallable.ts	run		E
neverNullishThroughParentheses.ts	run		E
neverReturningFunctions1.ts	run		E
neverType.ts	run		C
neverTypeErrors1.ts	run		E
neverTypeErrors2.ts	run		E
neverUnionIntersection.ts	run		C
newAbstractInstance.ts	run		E
newAbstractInstance2.ts	run		E
newArrays.ts	run		E
newExpressionWithCast.ts	run		E
newExpressionWithTypeParameterConstrainedToOuterTypeParameter.ts	run		E
newFunctionImplicitAny.ts	run		E
newLexicalEnvironmentForConvertedLoop(target=es2015).ts	run		C
newLexicalEnvironmentForConvertedLoop(target=es5).ts	skipped	unsupported target ES5	
newLineFlagWithCRLF.ts	run		C
newLineFlagWithLF.ts	run		C
newLineInTypeofInstantiation.ts	run		C
newMap.ts	run		E
newMissingIdentifier.ts	run		E
newNamesInGlobalAugmentations1.ts	run		C
newNonReferenceType.ts	run		E
newOnInstanceSymbol.ts	run		E
newOperator.ts	run		E
newOperatorConformance.ts	run		C
newOperatorErrorCases.ts	run		E
newOperatorErrorCases_noImplicitAny.ts	run		E
newTarget.es5(target=es2015).ts	run		C
newTarget.es5(target=es5).ts	skipped	unsupported target ES5	
newTarget.es6.ts	run		C
newTargetNarrowing.ts	run		C
newWithSpread.ts	run		C
newWithSpreadES5(target=es2015).ts	run		C
newWithSpreadES5(target=es5).ts	skipped	unsupported target ES5	
newWithSpreadES6.ts	run		C
noAsConstNameLookup.ts	run		C
noAssertForUnparseableTypedefs.ts	run		E
noBundledEmitFromNodeModules.ts	skipped	unsupported module kind System	
noCatchBlock.ts	run		C
noCheckDoesNotReportError.ts	run		C
noCheckNoEmit.ts	run		C
noCheckRequiresEmitDeclarationOnly.ts	run		C
noCircularDefinitionOnExportOfPrivateInMergedNamespace.ts	run		C
noCircularitySelfReferentialGetter1.ts	run		C
noCircularitySelfReferentialGetter2.ts	run		C
noCircularitySelfReferentialGetter3.ts	run		C
noCircularitySelfReferentialGetter4.ts	run		C
noCollisionThisExpressionAndClassInGlobal.ts	run		C
noCollisionThisExpressionAndLocalVarInAccessors.ts	run		C
noCollisionThisExpressionAndLocalVarInConstructor.ts	run		C
noCollisionThisExpressionAndLocalVarInFunction.ts	run		C
noCollisionThisExpressionAndLocalVarInLambda.ts	run		C
noCollisionThisExpressionAndLocalVarInMethod.ts	run		C
noCollisionThisExpressionAndLocalVarInProperty.ts	run		C
noCollisionThisExpressionAndVarInGlobal.ts	run		C
noCollisionThisExpressionInFunctionAndVarInGlobal.ts	run		C
noConstraintInReturnType1.ts	run		E
noCrashOnImportShadowing.ts	run		E
noCrashOnMixin.ts	run		E
noCrashOnMixin2.ts	run		E
noCrashOnNoLib.ts	run		E
noCrashOnParameterNamedRequire.ts	run		E
noCrashOnThisTypeUsage.ts	run		C
noCrashUMDMergedWithGlobalValue.ts	run		C
noDuplicateJsdoc1.ts	run		E
noEmitAndComposite.ts	run		C
noEmitAndCompositeListFilesOnly.ts	run		C
noEmitAndIncremental.ts	run		C
noEmitAndIncrementalListFilesOnly.ts	run		C
noEmitHelpers.ts	run		C
noEmitHelpers2(target=es2015).ts	run		C
noEmitHelpers2(target=es5).ts	skipped	unsupported target ES5	
noEmitOnError.ts	run		E
noErrorTruncation.ts	run		E
noErrorsInCallback.ts	run		E
noExcessiveStackDepthError.ts	run		E
noImplicitAnyAndPrivateMembersWithoutTypeAnnotations.ts	run		C
noImplicitAnyDestructuringInPrivateMethod.ts	run		C
noImplicitAnyDestructuringParameterDeclaration.ts	run		E
noImplicitAnyDestructuringVarDeclaration.ts	run		E
noImplicitAnyDestructuringVarDeclaration2.ts	run		C
noImplicitAnyForIn.ts	run		E
noImplicitAnyForMethodParameters.ts	run		E
noImplicitAnyForwardReferencedInterface.ts	run		E
noImplicitAnyFunctionExpressionAssignment.ts	run		C
noImplicitAnyFunctions.ts	run		E
noImplicitAnyInBareInterface.ts	run		E
noImplicitAnyInCastExpression.ts	run		E
noImplicitAnyInContextuallyTypesFunctionParamter.ts	run		C
noImplicitAnyIndexing.ts	run		E
noImplicitAnyLoopCrash(target=es2015).ts	run		E
noImplicitAnyLoopCrash(target=es5).ts	skipped	unsupported target ES5	
noImplicitAnyMissingGetAccessor(target=es2015).ts	run		E
noImplicitAnyMissingGetAccessor(target=es5).ts	skipped	unsupported target ES5	
noImplicitAnyMissingSetAccessor(target=es2015).ts	run		E
noImplicitAnyMissingSetAccessor(target=es5).ts	skipped	unsupported target ES5	
noImplicitAnyModule.ts	run		E
noImplicitAnyNamelessParameter.ts	run		E
noImplicitAnyParametersInAmbientClass.ts	run		E
noImplicitAnyParametersInAmbientFunctions.ts	run		E
noImplicitAnyParametersInAmbientModule.ts	run		E
noImplicitAnyParametersInBareFunctions.ts	run		E
noImplicitAnyParametersInClass.ts	run		E
noImplicitAnyParametersInInterface.ts	run		E
noImplicitAnyParametersInModule.ts	run		E
noImplicitAnyReferencingDeclaredInterface.ts	run		E
noImplicitAnyStringIndexerOnObject.ts	run		E
noImplicitAnyUnionNormalizedObjectLiteral1.ts	run		E
noImplicitAnyWithOverloads.ts	run		E
noImplicitReturnInConstructors.ts	run		C
noImplicitReturnsExclusions.ts	run		E
noImplicitReturnsInAsync1.ts	run		C
noImplicitReturnsInAsync2.ts	run		E
noImplicitReturnsWithProtectedBlocks1.ts	run		C
noImplicitReturnsWithProtectedBlocks2.ts	run		E
noImplicitReturnsWithProtectedBlocks3.ts	run		E
noImplicitReturnsWithoutReturnExpression.ts	run		E
noImplicitSymbolToString.ts	run		E
noImplicitThisBigThis.ts	run		C
noImplicitThisFunctions.ts	run		E
noInfer.ts	run		E
noInferCommonPropertyCheck1.ts	run		E
noInferRedeclaration.ts	run		C
noInferUnionExcessPropertyCheck1.ts	run		E
noIterationTypeErrorsInCFA.ts	run		C
noMappedGetSet.ts	run		E
noObjectKeysToKeyofT.ts	run		C
noParameterReassignmentIIFEAnnotated.ts	run		E
noParameterReassignmentJSIIFE.ts	run		E
noPropertyAccessFromIndexSignature1.ts	run		E
noReachabilityErrorsOnEmptyStatement.ts	run		C
noRepeatedPropertyNames.ts	run		E
noSelfOnVars.ts	run		C
noSubstitutionTemplateStringLiteralTypes.ts	run		C
noSubtypeReduction.ts	run		C
noSymbolForMergeCrash.ts	run		E
noTypeArgumentOnReturnType1.ts	run		E
noUncheckedIndexAccess.ts	run		C
noUncheckedIndexedAccess.ts	run		E
noUncheckedIndexedAccessCompoundAssignments.ts	run		E
noUncheckedIndexedAccessDestructuring.ts	run		E
noUnusedLocals_destructuringAssignment.ts	run		E
noUnusedLocals_potentialPredicateUnusedParam.ts	run		E
noUnusedLocals_selfReference.ts	run		E
noUnusedLocals_selfReference_skipsBlockLocations.ts	run		E
noUnusedLocals_typeParameterMergedWithParameter.ts	run		E
noUnusedLocals_writeOnly.ts	run		E
noUnusedLocals_writeOnlyProperty.ts	run		E
noUnusedLocals_writeOnlyProperty_dynamicNames.ts	run		E
noUsedBeforeDefinedErrorInAmbientContext1.ts	run		C
noUsedBeforeDefinedErrorInTypeContext.ts	run		C
node10AlternateResult_noResolution.ts	skipped	unsupported module resolution kind 2	
node10Alternateresult_noTypes.ts	skipped	unsupported module resolution kind 2	
node10IsNode_node.ts	skipped	unsupported module resolution kind 2	
node10IsNode_node10.ts	run		C
nodeAllowJsPackageSelfName(module=node16).ts	run		E
nodeAllowJsPackageSelfName(module=node18).ts	run		E
nodeAllowJsPackageSelfName(module=node20).ts	run		E
nodeAllowJsPackageSelfName(module=nodenext).ts	run		E
nodeAllowJsPackageSelfName2.ts	run		C
nodeColonModuleResolution.ts	run		C
nodeColonModuleResolution2.ts	run		C
nodeModuleReexportFromDottedPath.ts	run		C
nodeModules1(module=node16).ts	run		E
nodeModules1(module=node18).ts	run		E
nodeModules1(module=node20).ts	run		E
nodeModules1(module=nodenext).ts	run		E
nodeModulesAllowJs1(module=node16).ts	run		E
nodeModulesAllowJs1(module=node18).ts	run		E
nodeModulesAllowJs1(module=node20).ts	run		E
nodeModulesAllowJs1(module=nodenext).ts	run		E
nodeModulesAllowJsCjsFromJs(module=node16).ts	run		C
nodeModulesAllowJsCjsFromJs(module=node18).ts	run		C
nodeModulesAllowJsCjsFromJs(module=node20).ts	run		C
nodeModulesAllowJsCjsFromJs(module=nodenext).ts	run		C
nodeModulesAllowJsConditionalPackageExports(module=node16).ts	run		E
nodeModulesAllowJsConditionalPackageExports(module=node18).ts	run		E
nodeModulesAllowJsConditionalPackageExports(module=node20).ts	run		C
nodeModulesAllowJsConditionalPackageExports(module=nodenext).ts	run		C
nodeModulesAllowJsDynamicImport(module=node16).ts	run		C
nodeModulesAllowJsDynamicImport(module=node18).ts	run		C
nodeModulesAllowJsDynamicImport(module=node20).ts	run		C
nodeModulesAllowJsDynamicImport(module=nodenext).ts	run		C
nodeModulesAllowJsExportAssignment(module=node16).ts	run		E
nodeModulesAllowJsExportAssignment(module=node18).ts	run		E
nodeModulesAllowJsExportAssignment(module=node20).ts	run		E
nodeModulesAllowJsExportAssignment(module=nodenext).ts	run		E
nodeModulesAllowJsExportlessJsModuleDetectionAuto(module=node16).ts	run		C
nodeModulesAllowJsExportlessJsModuleDetectionAuto(module=node18).ts	run		C
nodeModulesAllowJsExportlessJsModuleDetectionAuto(module=node20).ts	run		C
nodeModulesAllowJsExportlessJsModuleDetectionAuto(module=nodenext).ts	run		C
nodeModulesAllowJsGeneratedNameCollisions(module=node16).ts	run		E
nodeModulesAllowJsGeneratedNameCollisions(module=node18).ts	run		E
nodeModulesAllowJsGeneratedNameCollisions(module=node20).ts	run		E
nodeModulesAllowJsGeneratedNameCollisions(module=nodenext).ts	run		E
nodeModulesAllowJsImportAssignment(module=node16).ts	run		E
nodeModulesAllowJsImportAssignment(module=node18).ts	run		E
nodeModulesAllowJsImportAssignment(module=node20).ts	run		E
nodeModulesAllowJsImportAssignment(module=nodenext).ts	run		E
nodeModulesAllowJsImportHelpersCollisions1(module=node16).ts	run		E
nodeModulesAllowJsImportHelpersCollisions1(module=node18).ts	run		E
nodeModulesAllowJsImportHelpersCollisions1(module=node20).ts	run		E
nodeModulesAllowJsImportHelpersCollisions1(module=nodenext).ts	run		E
nodeModulesAllowJsImportHelpersCollisions2(module=node16).ts	run		E
nodeModulesAllowJsImportHelpersCollisions2(module=node18).ts	run		E
nodeModulesAllowJsImportHelpersCollisions2(module=node20).ts	run		E
nodeModulesAllowJsImportHelpersCollisions2(module=nodenext).ts	run		E
nodeModulesAllowJsImportHelpersCollisions3(module=node16,target=es2015).ts	run		E
nodeModulesAllowJsImportHelpersCollisions3(module=node16,target=es5).ts	skipped	unsupported target ES5	
nodeModulesAllowJsImportHelpersCollisions3(module=node18,target=es2015).ts	run		E
nodeModulesAllowJsImportHelpersCollisions3(module=node18,target=es5).ts	skipped	unsupported target ES5	
nodeModulesAllowJsImportHelpersCollisions3(module=node20,target=es2015).ts	run		E
nodeModulesAllowJsImportHelpersCollisions3(module=node20,target=es5).ts	skipped	unsupported target ES5	
nodeModulesAllowJsImportHelpersCollisions3(module=nodenext,target=es2015).ts	run		E
nodeModulesAllowJsImportHelpersCollisions3(module=nodenext,target=es5).ts	skipped	unsupported target ES5	
nodeModulesAllowJsImportMeta(module=node16).ts	run		E
nodeModulesAllowJsImportMeta(module=node18).ts	run		E
nodeModulesAllowJsImportMeta(module=node20).ts	run		E
nodeModulesAllowJsImportMeta(module=nodenext).ts	run		E
nodeModulesAllowJsPackageExports(module=node16).ts	run		E
nodeModulesAllowJsPackageExports(module=node18).ts	run		E
nodeModulesAllowJsPackageExports(module=node20).ts	run		C
nodeModulesAllowJsPackageExports(module=nodenext).ts	run		C
nodeModulesAllowJsPackageImports(module=node16).ts	run		E
nodeModulesAllowJsPackageImports(module=node18).ts	run		E
nodeModulesAllowJsPackageImports(module=node20).ts	run		E
nodeModulesAllowJsPackageImports(module=nodenext).ts	run		E
nodeModulesAllowJsPackagePatternExports(module=node16).ts	run		E
nodeModulesAllowJsPackagePatternExports(module=node18).ts	run		E
nodeModulesAllowJsPackagePatternExports(module=node20).ts	run		C
nodeModulesAllowJsPackagePatternExports(module=nodenext).ts	run		C
nodeModulesAllowJsPackagePatternExportsExclude(module=node16).ts	run		E
nodeModulesAllowJsPackagePatternExportsExclude(module=node18).ts	run		E
nodeModulesAllowJsPackagePatternExportsExclude(module=node20).ts	run		E
nodeModulesAllowJsPackagePatternExportsExclude(module=nodenext).ts	run		E
nodeModulesAllowJsPackagePatternExportsTrailers(module=node16).ts	run		E
nodeModulesAllowJsPackagePatternExportsTrailers(module=node18).ts	run		E
nodeModulesAllowJsPackagePatternExportsTrailers(module=node20).ts	run		C
nodeModulesAllowJsPackagePatternExportsTrailers(module=nodenext).ts	run		C
nodeModulesAllowJsSynchronousCallErrors(module=node16).ts	run		E
nodeModulesAllowJsSynchronousCallErrors(module=node18).ts	run		E
nodeModulesAllowJsSynchronousCallErrors(module=node20).ts	run		E
nodeModulesAllowJsSynchronousCallErrors(module=nodenext).ts	run		E
nodeModulesAllowJsTopLevelAwait(module=node16).ts	run		E
nodeModulesAllowJsTopLevelAwait(module=node18).ts	run		E
nodeModulesAllowJsTopLevelAwait(module=node20).ts	run		E
nodeModulesAllowJsTopLevelAwait(module=nodenext).ts	run		E
nodeModulesAtTypesPriority.ts	run		E
nodeModulesCJSEmit1(module=node18).ts	run		E
nodeModulesCJSEmit1(module=node20).ts	run		E
nodeModulesCJSEmit1(module=nodenext).ts	run		E
nodeModulesCJSResolvingToESM1_emptyPackageJson.ts	run		E
nodeModulesCJSResolvingToESM2_cjsPackageJson.ts	run		E
nodeModulesCJSResolvingToESM3_modulePackageJson.ts	run		E
nodeModulesCJSResolvingToESM4_noPackageJson.ts	run		E
nodeModulesCjsFormatFileAlwaysHasDefault(module=node16).ts	run		C
nodeModulesCjsFormatFileAlwaysHasDefault(module=node18).ts	run		C
nodeModulesCjsFormatFileAlwaysHasDefault(module=node20).ts	run		C
nodeModulesCjsFormatFileAlwaysHasDefault(module=nodenext).ts	run		C
nodeModulesConditionalPackageExports(module=node16).ts	run		E
nodeModulesConditionalPackageExports(module=node18).ts	run		E
nodeModulesConditionalPackageExports(module=node20).ts	run		C
nodeModulesConditionalPackageExports(module=nodenext).ts	run		C
nodeModulesDeclarationEmitDynamicImportWithPackageExports(module=node18).ts	run		C
nodeModulesDeclarationEmitDynamicImportWithPackageExports(module=node20).ts	run		C
nodeModulesDeclarationEmitDynamicImportWithPackageExports(module=nodenext).ts	run		C
nodeModulesDeclarationEmitWithPackageExports(module=node16).ts	run		E
nodeModulesDeclarationEmitWithPackageExports(module=node18).ts	run		E
nodeModulesDeclarationEmitWithPackageExports(module=node20).ts	run		E
nodeModulesDeclarationEmitWithPackageExports(module=nodenext).ts	run		E
nodeModulesDynamicImport(module=node16).ts	run		C
nodeModulesDynamicImport(module=node18).ts	run		C
nodeModulesDynamicImport(module=node20).ts	run		C
nodeModulesDynamicImport(module=nodenext).ts	run		C
nodeModulesExportAssignments(module=node16).ts	run		E
nodeModulesExportAssignments(module=node18).ts	run		E
nodeModulesExportAssignments(module=node20).ts	run		E
nodeModulesExportAssignments(module=nodenext).ts	run		E
nodeModulesExportsBlocksSpecifierResolution(module=node16).ts	run		E
nodeModulesExportsBlocksSpecifierResolution(module=node18).ts	run		E
nodeModulesExportsBlocksSpecifierResolution(module=node20).ts	run		E
nodeModulesExportsBlocksSpecifierResolution(module=nodenext).ts	run		E
nodeModulesExportsBlocksTypesVersions(module=node16).ts	run		E
nodeModulesExportsBlocksTypesVersions(module=node18).ts	run		E
nodeModulesExportsBlocksTypesVersions(module=node20).ts	run		E
nodeModulesExportsBlocksTypesVersions(module=nodenext).ts	run		E
nodeModulesExportsDoubleAsterisk(module=node18).ts	run		E
nodeModulesExportsDoubleAsterisk(module=node20).ts	run		E
nodeModulesExportsDoubleAsterisk(module=nodenext).ts	run		E
nodeModulesExportsSourceTs(module=node16).ts	run		E
nodeModulesExportsSourceTs(module=node18).ts	run		E
nodeModulesExportsSourceTs(module=node20).ts	run		E
nodeModulesExportsSourceTs(module=nodenext).ts	run		E
nodeModulesExportsSpecifierGenerationConditions(module=node16).ts	run		E
nodeModulesExportsSpecifierGenerationConditions(module=node18).ts	run		E
nodeModulesExportsSpecifierGenerationConditions(module=node20).ts	run		E
nodeModulesExportsSpecifierGenerationConditions(module=nodenext).ts	run		E
nodeModulesExportsSpecifierGenerationDirectory(module=node16).ts	run		E
nodeModulesExportsSpecifierGenerationDirectory(module=node18).ts	run		E
nodeModulesExportsSpecifierGenerationDirectory(module=node20).ts	run		E
nodeModulesExportsSpecifierGenerationDirectory(module=nodenext).ts	run		E
nodeModulesExportsSpecifierGenerationPattern(module=node16).ts	run		E
nodeModulesExportsSpecifierGenerationPattern(module=node18).ts	run		E
nodeModulesExportsSpecifierGenerationPattern(module=node20).ts	run		E
nodeModulesExportsSpecifierGenerationPattern(module=nodenext).ts	run		E
nodeModulesForbidenSyntax(module=node16).ts	run		E
nodeModulesForbidenSyntax(module=node18).ts	run		E
nodeModulesForbidenSyntax(module=node20).ts	run		E
nodeModulesForbidenSyntax(module=nodenext).ts	run		E
nodeModulesGeneratedNameCollisions(module=node16).ts	run		E
nodeModulesGeneratedNameCollisions(module=node18).ts	run		E
nodeModulesGeneratedNameCollisions(module=node20).ts	run		E
nodeModulesGeneratedNameCollisions(module=nodenext).ts	run		E
nodeModulesImportAssertions(module=node16).ts	run		E
nodeModulesImportAssertions(module=node18).ts	run		E
nodeModulesImportAssertions(module=node20).ts	run		E
nodeModulesImportAssertions(module=nodenext).ts	run		E
nodeModulesImportAssignments(module=node16).ts	run		C
nodeModulesImportAssignments(module=node18).ts	run		C
nodeModulesImportAssignments(module=node20).ts	run		C
nodeModulesImportAssignments(module=nodenext).ts	run		C
nodeModulesImportAttributes(module=node16).ts	run		E
nodeModulesImportAttributes(module=node18).ts	run		E
nodeModulesImportAttributes(module=node20).ts	run		E
nodeModulesImportAttributes(module=nodenext).ts	run		E
nodeModulesImportAttributesModeDeclarationEmit1(module=node16).ts	run		E
nodeModulesImportAttributesModeDeclarationEmit1(module=node18).ts	run		E
nodeModulesImportAttributesModeDeclarationEmit1(module=node20).ts	run		E
nodeModulesImportAttributesModeDeclarationEmit1(module=nodenext).ts	run		E
nodeModulesImportAttributesModeDeclarationEmit2(module=node16).ts	run		E
nodeModulesImportAttributesModeDeclarationEmit2(module=node18).ts	run		E
nodeModulesImportAttributesModeDeclarationEmit2(module=node20).ts	run		E
nodeModulesImportAttributesModeDeclarationEmit2(module=nodenext).ts	run		E
nodeModulesImportAttributesModeDeclarationEmitErrors(module=node16).ts	run		E
nodeModulesImportAttributesModeDeclarationEmitErrors(module=node18).ts	run		E
nodeModulesImportAttributesModeDeclarationEmitErrors(module=node20).ts	run		E
nodeModulesImportAttributesModeDeclarationEmitErrors(module=nodenext).ts	run		E
nodeModulesImportAttributesTypeModeDeclarationEmit(module=node16).ts	run		C
nodeModulesImportAttributesTypeModeDeclarationEmit(module=node18).ts	run		C
nodeModulesImportAttributesTypeModeDeclarationEmit(module=node20).ts	run		C
nodeModulesImportAttributesTypeModeDeclarationEmit(module=nodenext).ts	run		C
nodeModulesImportAttributesTypeModeDeclarationEmitErrors(module=node16).ts	run		E
nodeModulesImportAttributesTypeModeDeclarationEmitErrors(module=node18).ts	run		E
nodeModulesImportAttributesTypeModeDeclarationEmitErrors(module=node20).ts	run		E
nodeModulesImportAttributesTypeModeDeclarationEmitErrors(module=nodenext).ts	run		E
nodeModulesImportHelpersCollisions(module=node16).ts	run		E
nodeModulesImportHelpersCollisions(module=node18).ts	run		E
nodeModulesImportHelpersCollisions(module=node20).ts	run		E
nodeModulesImportHelpersCollisions(module=nodenext).ts	run		E
nodeModulesImportHelpersCollisions2(module=node16).ts	run		E
nodeModulesImportHelpersCollisions2(module=node18).ts	run		E
nodeModulesImportHelpersCollisions2(module=node20).ts	run		E
nodeModulesImportHelpersCollisions2(module=nodenext).ts	run		E
nodeModulesImportHelpersCollisions3(module=node16,target=es2015).ts	run		E
nodeModulesImportHelpersCollisions3(module=node16,target=es5).ts	skipped	unsupported target ES5	
nodeModulesImportHelpersCollisions3(module=node18,target=es2015).ts	run		E
nodeModulesImportHelpersCollisions3(module=node18,target=es5).ts	skipped	unsupported target ES5	
nodeModulesImportHelpersCollisions3(module=node20,target=es2015).ts	run		E
nodeModulesImportHelpersCollisions3(module=node20,target=es5).ts	skipped	unsupported target ES5	
nodeModulesImportHelpersCollisions3(module=nodenext,target=es2015).ts	run		E
nodeModulesImportHelpersCollisions3(module=nodenext,target=es5).ts	skipped	unsupported target ES5	
nodeModulesImportMeta(module=node16).ts	run		E
nodeModulesImportMeta(module=node18).ts	run		E
nodeModulesImportMeta(module=node20).ts	run		E
nodeModulesImportMeta(module=nodenext).ts	run		E
nodeModulesImportModeDeclarationEmit1(module=node16).ts	run		E
nodeModulesImportModeDeclarationEmit1(module=node18).ts	run		E
nodeModulesImportModeDeclarationEmit1(module=node20).ts	run		E
nodeModulesImportModeDeclarationEmit1(module=nodenext).ts	run		E
nodeModulesImportModeDeclarationEmit2(module=node16).ts	run		E
nodeModulesImportModeDeclarationEmit2(module=node18).ts	run		E
nodeModulesImportModeDeclarationEmit2(module=node20).ts	run		E
nodeModulesImportModeDeclarationEmit2(module=nodenext).ts	run		E
nodeModulesImportModeDeclarationEmitErrors1(module=node16).ts	run		E
nodeModulesImportModeDeclarationEmitErrors1(module=node18).ts	run		E
nodeModulesImportModeDeclarationEmitErrors1(module=node20).ts	run		E
nodeModulesImportModeDeclarationEmitErrors1(module=nodenext).ts	run		E
nodeModulesImportResolutionIntoExport(module=node16).ts	run		C
nodeModulesImportResolutionIntoExport(module=node18).ts	run		C
nodeModulesImportResolutionIntoExport(module=node20).ts	run		C
nodeModulesImportResolutionIntoExport(module=nodenext).ts	run		C
nodeModulesImportResolutionNoCycle(module=node16).ts	run		E
nodeModulesImportResolutionNoCycle(module=node18).ts	run		E
nodeModulesImportResolutionNoCycle(module=node20).ts	run		E
nodeModulesImportResolutionNoCycle(module=nodenext).ts	run		E
nodeModulesImportTypeModeDeclarationEmit1(module=node16).ts	run		C
nodeModulesImportTypeModeDeclarationEmit1(module=node18).ts	run		C
nodeModulesImportTypeModeDeclarationEmit1(module=node20).ts	run		C
nodeModulesImportTypeModeDeclarationEmit1(module=nodenext).ts	run		C
nodeModulesImportTypeModeDeclarationEmitErrors1(module=node16).ts	run		E
nodeModulesImportTypeModeDeclarationEmitErrors1(module=node18).ts	run		E
nodeModulesImportTypeModeDeclarationEmitErrors1(module=node20).ts	run		E
nodeModulesImportTypeModeDeclarationEmitErrors1(module=nodenext).ts	run		E
nodeModulesJson(module=node16).ts	run		E
nodeModulesJson(module=node18).ts	run		E
nodeModulesJson(module=node20).ts	run		E
nodeModulesJson(module=nodenext).ts	run		E
nodeModulesNoDirectoryModule.ts	run		E
nodeModulesPackageExports(module=node16).ts	run		E
nodeModulesPackageExports(module=node18).ts	run		E
nodeModulesPackageExports(module=node20).ts	run		C
nodeModulesPackageExports(module=nodenext).ts	run		C
nodeModulesPackageImports(module=node16).ts	run		E
nodeModulesPackageImports(module=node18).ts	run		E
nodeModulesPackageImports(module=node20).ts	run		C
nodeModulesPackageImports(module=nodenext).ts	run		C
nodeModulesPackageImportsRootWildcard.ts	run		C
nodeModulesPackageImportsRootWildcardNode16.ts	run		E
nodeModulesPackagePatternExports(module=node16).ts	run		E
nodeModulesPackagePatternExports(module=node18).ts	run		E
nodeModulesPackagePatternExports(module=node20).ts	run		C
nodeModulesPackagePatternExports(module=nodenext).ts	run		C
nodeModulesPackagePatternExportsExclude(module=node16).ts	run		E
nodeModulesPackagePatternExportsExclude(module=node18).ts	run		E
nodeModulesPackagePatternExportsExclude(module=node20).ts	run		E
nodeModulesPackagePatternExportsExclude(module=nodenext).ts	run		E
nodeModulesPackagePatternExportsTrailers(module=node16).ts	run		E
nodeModulesPackagePatternExportsTrailers(module=node18).ts	run		E
nodeModulesPackagePatternExportsTrailers(module=node20).ts	run		C
nodeModulesPackagePatternExportsTrailers(module=nodenext).ts	run		C
nodeModulesResolveJsonModule(module=node16).ts	run		E
nodeModulesResolveJsonModule(module=node18).ts	run		C
nodeModulesResolveJsonModule(module=node20).ts	run		C
nodeModulesResolveJsonModule(module=nodenext).ts	run		C
nodeModulesSynchronousCallErrors(module=node16).ts	run		E
nodeModulesSynchronousCallErrors(module=node18).ts	run		E
nodeModulesSynchronousCallErrors(module=node20).ts	run		C
nodeModulesSynchronousCallErrors(module=nodenext).ts	run		C
nodeModulesTopLevelAwait(module=node16).ts	run		E
nodeModulesTopLevelAwait(module=node18).ts	run		E
nodeModulesTopLevelAwait(module=node20).ts	run		E
nodeModulesTopLevelAwait(module=nodenext).ts	run		E
nodeModulesTripleSlashReferenceModeDeclarationEmit1(module=node16).ts	run		C
nodeModulesTripleSlashReferenceModeDeclarationEmit1(module=node18).ts	run		C
nodeModulesTripleSlashReferenceModeDeclarationEmit1(module=node20).ts	run		C
nodeModulesTripleSlashReferenceModeDeclarationEmit1(module=nodenext).ts	run		C
nodeModulesTripleSlashReferenceModeDeclarationEmit2(module=node16).ts	run		C
nodeModulesTripleSlashReferenceModeDeclarationEmit2(module=node18).ts	run		C
nodeModulesTripleSlashReferenceModeDeclarationEmit2(module=node20).ts	run		C
nodeModulesTripleSlashReferenceModeDeclarationEmit2(module=nodenext).ts	run		C
nodeModulesTripleSlashReferenceModeDeclarationEmit3(module=node16).ts	run		C
nodeModulesTripleSlashReferenceModeDeclarationEmit3(module=node18).ts	run		C
nodeModulesTripleSlashReferenceModeDeclarationEmit3(module=node20).ts	run		C
nodeModulesTripleSlashReferenceModeDeclarationEmit3(module=nodenext).ts	run		C
nodeModulesTripleSlashReferenceModeDeclarationEmit4(module=node16).ts	run		C
nodeModulesTripleSlashReferenceModeDeclarationEmit4(module=node18).ts	run		C
nodeModulesTripleSlashReferenceModeDeclarationEmit4(module=node20).ts	run		C
nodeModulesTripleSlashReferenceModeDeclarationEmit4(module=nodenext).ts	run		C
nodeModulesTripleSlashReferenceModeDeclarationEmit5(module=node16).ts	run		C
nodeModulesTripleSlashReferenceModeDeclarationEmit5(module=node18).ts	run		C
nodeModulesTripleSlashReferenceModeDeclarationEmit5(module=node20).ts	run		C
nodeModulesTripleSlashReferenceModeDeclarationEmit5(module=nodenext).ts	run		C
nodeModulesTripleSlashReferenceModeDeclarationEmit6(module=node16).ts	run		C
nodeModulesTripleSlashReferenceModeDeclarationEmit6(module=node18).ts	run		C
nodeModulesTripleSlashReferenceModeDeclarationEmit6(module=node20).ts	run		C
nodeModulesTripleSlashReferenceModeDeclarationEmit6(module=nodenext).ts	run		C
nodeModulesTripleSlashReferenceModeDeclarationEmit7(module=node16).ts	run		C
nodeModulesTripleSlashReferenceModeDeclarationEmit7(module=node18).ts	run		C
nodeModulesTripleSlashReferenceModeDeclarationEmit7(module=node20).ts	run		C
nodeModulesTripleSlashReferenceModeDeclarationEmit7(module=nodenext).ts	run		C
nodeModulesTripleSlashReferenceModeOverride1(module=node16).ts	run		E
nodeModulesTripleSlashReferenceModeOverride1(module=node18).ts	run		E
nodeModulesTripleSlashReferenceModeOverride1(module=node20).ts	run		E
nodeModulesTripleSlashReferenceModeOverride1(module=nodenext).ts	run		E
nodeModulesTripleSlashReferenceModeOverride2(module=node16).ts	run		E
nodeModulesTripleSlashReferenceModeOverride2(module=node18).ts	run		E
nodeModulesTripleSlashReferenceModeOverride2(module=node20).ts	run		E
nodeModulesTripleSlashReferenceModeOverride2(module=nodenext).ts	run		E
nodeModulesTripleSlashReferenceModeOverride3(module=node16).ts	run		E
nodeModulesTripleSlashReferenceModeOverride3(module=node18).ts	run		E
nodeModulesTripleSlashReferenceModeOverride3(module=node20).ts	run		E
nodeModulesTripleSlashReferenceModeOverride3(module=nodenext).ts	run		E
nodeModulesTripleSlashReferenceModeOverride4(module=node16).ts	run		E
nodeModulesTripleSlashReferenceModeOverride4(module=node18).ts	run		E
nodeModulesTripleSlashReferenceModeOverride4(module=node20).ts	run		E
nodeModulesTripleSlashReferenceModeOverride4(module=nodenext).ts	run		E
nodeModulesTripleSlashReferenceModeOverride5(module=node16).ts	run		C
nodeModulesTripleSlashReferenceModeOverride5(module=node18).ts	run		C
nodeModulesTripleSlashReferenceModeOverride5(module=node20).ts	run		C
nodeModulesTripleSlashReferenceModeOverride5(module=nodenext).ts	run		C
nodeModulesTripleSlashReferenceModeOverrideModeError(module=node16).ts	run		E
nodeModulesTripleSlashReferenceModeOverrideModeError(module=node18).ts	run		E
nodeModulesTripleSlashReferenceModeOverrideModeError(module=node20).ts	run		E
nodeModulesTripleSlashReferenceModeOverrideModeError(module=nodenext).ts	run		E
nodeModulesTripleSlashReferenceModeOverrideOldResolutionError.ts	run		C
nodeModulesTsFiles(module=node18).ts	run		C
nodeModulesTsFiles(module=node20).ts	run		C
nodeModulesTsFiles(module=nodenext).ts	run		C
nodeModulesTypesVersionPackageExports(module=node16).ts	run		C
nodeModulesTypesVersionPackageExports(module=node18).ts	run		C
nodeModulesTypesVersionPackageExports(module=node20).ts	run		C
nodeModulesTypesVersionPackageExports(module=nodenext).ts	run		C
nodeNextCjsNamespaceImportDefault1.ts	run		C
nodeNextCjsNamespaceImportDefault2.ts	run		C
nodeNextEsmImportsOfPackagesWithExtensionlessMains.ts	run		C
nodeNextImportModeImplicitIndexResolution.ts	run		E
nodeNextImportModeImplicitIndexResolution2.ts	run		E
nodeNextModuleResolution1.ts	run		E
nodeNextModuleResolution2.ts	run		E
nodeNextPackageImportMapRootDir.ts	run		C
nodeNextPackageSelfNameWithOutDir.ts	run		E
nodeNextPackageSelfNameWithOutDirDeclDir.ts	run		E
nodeNextPackageSelfNameWithOutDirDeclDirComposite.ts	run		C
nodeNextPackageSelfNameWithOutDirDeclDirCompositeNestedDirs.ts	run		C
nodeNextPackageSelfNameWithOutDirDeclDirNestedDirs.ts	run		C
nodeNextPackageSelfNameWithOutDirDeclDirRootDir.ts	run		C
nodeNextPackageSelfNameWithOutDirRootDir.ts	run		C
nodePackageSelfName(module=node16).ts	run		E
nodePackageSelfName(module=node18).ts	run		E
nodePackageSelfName(module=node20).ts	run		C
nodePackageSelfName(module=nodenext).ts	run		C
nodePackageSelfNameScoped(module=node16).ts	run		E
nodePackageSelfNameScoped(module=node18).ts	run		E
nodePackageSelfNameScoped(module=node20).ts	run		C
nodePackageSelfNameScoped(module=nodenext).ts	run		C
nodeResolution1.ts	run		C
nodeResolution2.ts	run		C
nodeResolution3.ts	run		C
nodeResolution4.ts	run		C
nodeResolution5.ts	run		C
nodeResolution6.ts	run		C
nodeResolution7.ts	run		C
nodeResolution8.ts	run		C
nominalSubtypeCheckOfTypeParameter.ts	run		C
nominalSubtypeCheckOfTypeParameter2.ts	run		C
nonArrayRestArgs.ts	run		E
nonConflictingRecursiveBaseTypeMembers.ts	run		C
nonContextuallyTypedLogicalOr.ts	run		C
nonExportedElementsOfMergedModules.ts	run		E
nonGenericClassExtendingGenericClassWithAny.ts	run		E
nonGenericTypeReferenceWithTypeArguments.ts	run		E
nonIdenticalTypeConstraints.ts	run		E
nonInferrableTypePropagation1.ts	run		C
nonInferrableTypePropagation2.ts	run		C
nonInferrableTypePropagation3.ts	run		C
nonInstantiatedModule.ts	run		E
nonIterableRestElement1.ts	run		C
nonIterableRestElement2.ts	run		C
nonIterableRestElement3.ts	run		E
nonMergedDeclarationsAndOverloads.ts	run		E
nonMergedOverloads.ts	run		E
nonNullFullInference.ts	run		C
nonNullMappedType.ts	run		C
nonNullParameterExtendingStringAssignableToString.ts	run		C
nonNullReferenceMatching.ts	run		C
nonNullableAndObjectIntersections(strict=false).ts	run		C
nonNullableAndObjectIntersections(strict=true).ts	run		C
nonNullableReduction.ts	run		C
nonNullableReductionNonStrict.ts	run		C
nonNullableTypes1.ts	run		C
nonNullableWithNullableGenericIndexedAccessArg.ts	run		C
nonObjectUnionNestedExcessPropertyCheck.ts	run		E
nonPrimitiveAccessProperty.ts	run		E
nonPrimitiveAndEmptyObject.ts	run		C
nonPrimitiveAndTypeVariables.ts	run		E
nonPrimitiveAsProperty.ts	run		E
nonPrimitiveAssignError.ts	run		E
nonPrimitiveConstraintOfIndexAccessType.ts	run		E
nonPrimitiveInFunction.ts	run		E
nonPrimitiveInGeneric.ts	run		E
nonPrimitiveIndexingWithForIn.ts	run		C
nonPrimitiveIndexingWithForInNoImplicitAny.ts	run		C
nonPrimitiveNarrow.ts	run		E
nonPrimitiveRhsSideOfInExpression.ts	run		C
nonPrimitiveStrictNull.ts	run		E
nonPrimitiveUnionIntersection.ts	run		E
nonTSExtensions(module=node18).ts	run		C
nonTSExtensions(module=node20).ts	run		C
nonTSExtensions(module=nodenext).ts	run		C
nondistributiveConditionalTypeInfer.ts	run		C
nonexistentPropertyOnUnion.ts	run		E
nonexistentPropertyUnavailableOnPromisedType.ts	run		E
nongenericConditionalNotPartiallyComputed.ts	run		C
nongenericPartialInstantiationsRelatedInBothDirections.ts	run		C
nonnullAssertionPropegatesContextualType.ts	run		C
nonstrictTemplateWithNotOctalPrintsAsIs.ts	run		C
normalizedIntersectionTooComplex.ts	run		E
nounusedTypeParameterConstraint.ts	run		C
null.ts	run		E
nullAssignableToEveryType.ts	run		C
nullAssignedToUndefined.ts	run		E
nullIsSubtypeOfEverythingButUndefined.ts	run		C
nullKeyword.ts	run		E
nullOrUndefinedTypeGuardIsOrderIndependent.ts	run		C
nullPropertyName.ts	run		C
nullableFunctionError.ts	run		E
nullishCoalescingAssignmentVsPrivateFieldsJsEmit1.ts	run		C
nullishCoalescingOperator1.ts	run		E
nullishCoalescingOperator10.ts	run		C
nullishCoalescingOperator11.ts	run		E
nullishCoalescingOperator12.ts	run		C
nullishCoalescingOperator2.ts	run		C
nullishCoalescingOperator3.ts	run		C
nullishCoalescingOperator4.ts	run		E
nullishCoalescingOperator5.ts	run		E
nullishCoalescingOperator6.ts	run		C
nullishCoalescingOperator7.ts	run		C
nullishCoalescingOperator8.ts	run		C
nullishCoalescingOperator9.ts	run		C
nullishCoalescingOperatorInAsyncGenerator(target=es2015).ts	run		C
nullishCoalescingOperatorInAsyncGenerator(target=es5).ts	skipped	unsupported target ES5	
nullishCoalescingOperatorInAsyncGenerator(target=esnext).ts	run		C
nullishCoalescingOperatorInParameterBindingPattern(target=es2015).ts	run		C
nullishCoalescingOperatorInParameterBindingPattern(target=es5).ts	skipped	unsupported target ES5	
nullishCoalescingOperatorInParameterBindingPattern(target=esnext).ts	run		C
nullishCoalescingOperatorInParameterBindingPattern.2(target=es2015).ts	run		E
nullishCoalescingOperatorInParameterBindingPattern.2(target=es5).ts	skipped	unsupported target ES5	
nullishCoalescingOperatorInParameterBindingPattern.2(target=esnext).ts	run		C
nullishCoalescingOperatorInParameterInitializer(target=es2015).ts	run		C
nullishCoalescingOperatorInParameterInitializer(target=es5).ts	skipped	unsupported target ES5	
nullishCoalescingOperatorInParameterInitializer(target=esnext).ts	run		C
nullishCoalescingOperatorInParameterInitializer.2(target=es2015).ts	run		E
nullishCoalescingOperatorInParameterInitializer.2(target=es5).ts	skipped	unsupported target ES5	
nullishCoalescingOperatorInParameterInitializer.2(target=esnext).ts	run		C
nullishCoalescingOperator_es2020.ts	run		C
nullishCoalescingOperator_not_strict.ts	run		C
numberAsInLHS.ts	run		C
numberAssignableToEnum.ts	run		E
numberAssignableToEnumInsideUnion.ts	run		E
numberLiteralsWithLeadingZeros.ts	run		E
numberOnLeftSideOfInExpression.ts	run		E
numberPropertyAccess.ts	run		C
numberToString.ts	run		E
numberVsBigIntOperations.ts	run		E
numericClassMembers1.ts	run		E
numericEnumMappedType.ts	run		C
numericIndexExpressions.ts	run		E
numericIndexerConstrainsPropertyDeclarations.ts	run		E
numericIndexerConstrainsPropertyDeclarations2.ts	run		E
numericIndexerConstraint.ts	run		E
numericIndexerConstraint1.ts	run		E
numericIndexerConstraint2.ts	run		E
numericIndexerConstraint3.ts	run		E
numericIndexerConstraint4.ts	run		E
numericIndexerConstraint5.ts	run		E
numericIndexerTyping1.ts	run		E
numericIndexerTyping2.ts	run		E
numericIndexingResults.ts	run		E
numericLiteralTypes1.ts	run		C
numericLiteralTypes2.ts	run		C
numericLiteralTypes3.ts	run		E
numericLiteralsWithTrailingDecimalPoints01.ts	run		E
numericLiteralsWithTrailingDecimalPoints02.ts	run		E
numericMethodName1.ts	run		C
numericNamedPropertyDuplicates.ts	run		E
numericStringLiteralTypes.ts	run		C
numericStringNamedPropertyEquivalence.ts	run		E
numericUnderscoredSeparator(target=es2015).ts	run		C
numericUnderscoredSeparator(target=es2016).ts	run		C
numericUnderscoredSeparator(target=es2017).ts	run		C
numericUnderscoredSeparator(target=es2018).ts	run		C
numericUnderscoredSeparator(target=es2019).ts	run		C
numericUnderscoredSeparator(target=es5).ts	skipped	unsupported target ES5	
numericUnderscoredSeparator(target=esnext).ts	run		C
objectAssignLikeNonUnionResult.ts	run		C
objectBindingPatternContextuallyTypesArgument.ts	run		C
objectBindingPatternKeywordIdentifiers01.ts	run		E
objectBindingPatternKeywordIdentifiers02.ts	run		E
objectBindingPatternKeywordIdentifiers03.ts	run		E
objectBindingPatternKeywordIdentifiers04.ts	run		E
objectBindingPatternKeywordIdentifiers05.ts	run		C
objectBindingPatternKeywordIdentifiers06.ts	run		C
objectBindingPattern_restElementWithPropertyName.ts	run		E
objectCreate-errors.ts	run		E
objectCreate.ts	run		C
objectCreate2.ts	run		C
objectCreationExpressionInFunctionParameter.ts	run		E
objectCreationOfElementAccessExpression.ts	run		E
objectFreeze.ts	run		E
objectFreezeLiteralsDontWiden.ts	run		E
objectFromEntries.ts	run		C
objectGroupBy.ts	run		E
objectIndexer.ts	skipped	unsupported module kind AMD	
objectInstantiationFromUnionSpread.ts	run		C
objectLitArrayDeclNoNew.ts	run		E
objectLitGetterSetter.ts	run		C
objectLitIndexerContextualType.ts	run		E
objectLitPropertyScoping.ts	run		C
objectLitStructuralTypeMismatch.ts	run		E
objectLitTargetTypeCallSite.ts	run		E
objectLiteral1.ts	run		C
objectLiteral2.ts	run		C
objectLiteralArraySpecialization.ts	run		C
objectLiteralComputedNameNoDeclarationError.ts	run		C
objectLiteralContextualTyping.ts	run		E
objectLiteralDeclarationGeneration1.ts	run		C
objectLiteralEnumPropertyNames.ts	run		C
objectLiteralErrors(target=es2015).ts	run		E
objectLiteralErrors(target=es5).ts	skipped	unsupported target ES5	
objectLiteralExcessProperties.ts	run		E
objectLiteralFreshnessWithSpread.ts	run		E
objectLiteralFunctionArgContextualTyping.ts	run		E
objectLiteralFunctionArgContextualTyping2.ts	run		E
objectLiteralGettersAndSetters.ts	run		C
objectLiteralIndexerErrors.ts	run		E
objectLiteralIndexerNoImplicitAny.ts	run		C
objectLiteralIndexers.ts	run		E
objectLiteralMemberWithModifiers1.ts	run		E
objectLiteralMemberWithModifiers2.ts	run		E
objectLiteralMemberWithQuestionMark1.ts	run		E
objectLiteralMemberWithoutBlock1.ts	run		E
objectLiteralNormalization.ts	run		E
objectLiteralParameterResolution.ts	run		E
objectLiteralPropertyImplicitlyAny.ts	run		C
objectLiteralReferencingInternalProperties.ts	run		E
objectLiteralShorthandProperties(target=es2015).ts	run		C
objectLiteralShorthandProperties(target=es5).ts	skipped	unsupported target ES5	
objectLiteralShorthandPropertiesAssignment.ts	run		C
objectLiteralShorthandPropertiesAssignmentES6.ts	run		C
objectLiteralShorthandPropertiesAssignmentError.ts	run		E
objectLiteralShorthandPropertiesAssignmentErrorFromMissingIdentifier.ts	run		E
objectLiteralShorthandPropertiesES6.ts	run		C
objectLiteralShorthandPropertiesErrorFromNoneExistingIdentifier.ts	run		E
objectLiteralShorthandPropertiesErrorFromNotUsingIdentifier.ts	run		E
objectLiteralShorthandPropertiesErrorWithModule.ts	run		E
objectLiteralShorthandPropertiesFunctionArgument.ts	run		C
objectLiteralShorthandPropertiesFunctionArgument2.ts	run		E
objectLiteralShorthandPropertiesWithModule.ts	run		C
objectLiteralShorthandPropertiesWithModuleES6.ts	run		C
objectLiteralThisWidenedOnUse.ts	run		E
objectLiteralWidened.ts	run		C
objectLiteralWithGetAccessorInsideFunction.ts	run		C
objectLiteralWithNumericPropertyName.ts	run		E
objectLiteralWithSemicolons1.ts	run		E
objectLiteralWithSemicolons2.ts	run		E
objectLiteralWithSemicolons3.ts	run		E
objectLiteralWithSemicolons4.ts	run		E
objectLiteralWithSemicolons5.ts	run		E
objectLiteralsAgainstUnionsOfArrays01.ts	run		E
objectMembersOnTypes.ts	run		E
objectPropertyAsClass.ts	run		C
objectRest.ts	run		E
objectRest2.ts	run		C
objectRestAssignment.ts	run		C
objectRestBindingContextualInference.ts	run		C
objectRestCatchES5.ts	run		C
objectRestForOf.ts	run		C
objectRestNegative.ts	run		E
objectRestParameter.ts	run		C
objectRestParameterES5(target=es2015).ts	run		C
objectRestParameterES5(target=es5).ts	skipped	unsupported target ES5	
objectRestPropertyMustBeLast.ts	run		E
objectRestReadonly.ts	run		C
objectRestSpread.ts	run		C
objectSpread(target=es2015).ts	run		C
objectSpread(target=es5).ts	skipped	unsupported target ES5	
objectSpreadComputedProperty.ts	run		C
objectSpreadIndexSignature.ts	run		E
objectSpreadNegative(target=es2015).ts	run		E
objectSpreadNegative(target=es5).ts	skipped	unsupported target ES5	
objectSpreadNegativeParse.ts	run		E
objectSpreadNoTransform.ts	run		C
objectSpreadRepeatedComplexity.ts	run		C
objectSpreadRepeatedNullCheckPerf.ts	run		C
objectSpreadSetonlyAccessor.ts	run		E
objectSpreadStrictNull.ts	run		E
objectSpreadWithinMethodWithinObjectWithSpread.ts	run		C
objectTypeHidingMembersOfExtendedObject.ts	run		E
objectTypeHidingMembersOfObject.ts	run		E
objectTypeHidingMembersOfObjectAssignmentCompat.ts	run		E
objectTypeHidingMembersOfObjectAssignmentCompat2.ts	run		E
objectTypeLiteralSyntax.ts	run		C
objectTypeLiteralSyntax2.ts	run		E
objectTypePropertyAccess.ts	run		E
objectTypeWithCallSignatureAppearsToBeFunctionType.ts	run		E
objectTypeWithCallSignatureHidingMembersOfExtendedFunction.ts	run		C
objectTypeWithCallSignatureHidingMembersOfFunction.ts	run		E
objectTypeWithCallSignatureHidingMembersOfFunctionAssignmentCompat.ts	run		E
objectTypeWithConstructSignatureAppearsToBeFunctionType.ts	run		E
objectTypeWithConstructSignatureHidingMembersOfExtendedFunction.ts	run		C
objectTypeWithConstructSignatureHidingMembersOfFunction.ts	run		E
objectTypeWithConstructSignatureHidingMembersOfFunctionAssignmentCompat.ts	run		E
objectTypeWithDuplicateNumericProperty.ts	run		E
objectTypeWithNumericProperty.ts	run		E
objectTypeWithOptionalProperty1.ts	run		E
objectTypeWithRecursiveWrappedProperty.ts	run		E
objectTypeWithRecursiveWrappedProperty2.ts	run		E
objectTypeWithRecursiveWrappedPropertyCheckedNominally.ts	run		E
objectTypeWithStringAndNumberIndexSignatureToAny.ts	run		E
objectTypeWithStringIndexerHidingObjectIndexer.ts	run		E
objectTypeWithStringNamedNumericProperty(target=es2015).ts	run		E
objectTypeWithStringNamedNumericProperty(target=es5).ts	skipped	unsupported target ES5	
objectTypeWithStringNamedPropertyOfIllegalCharacters.ts	run		C
objectTypesIdentity.ts	run		C
objectTypesIdentity2.ts	run		C
objectTypesIdentityWithCallSignatures.ts	run		C
objectTypesIdentityWithCallSignatures2.ts	run		C
objectTypesIdentityWithCallSignatures3.ts	run		E
objectTypesIdentityWithCallSignaturesDifferingParamCounts.ts	run		C
objectTypesIdentityWithCallSignaturesDifferingParamCounts2.ts	run		C
objectTypesIdentityWithCallSignaturesWithOverloads.ts	run		C
objectTypesIdentityWithComplexConstraints.ts	run		C
objectTypesIdentityWithConstructSignatures.ts	run		C
objectTypesIdentityWithConstructSignatures2.ts	run		C
objectTypesIdentityWithConstructSignaturesDifferingParamCounts.ts	run		C
objectTypesIdentityWithGenericCallSignatures.ts	run		C
objectTypesIdentityWithGenericCallSignatures2.ts	run		C
objectTypesIdentityWithGenericCallSignaturesDifferingByConstraints.ts	run		C
objectTypesIdentityWithGenericCallSignaturesDifferingByConstraints2.ts	run		C
objectTypesIdentityWithGenericCallSignaturesDifferingByConstraints3.ts	run		C
objectTypesIdentityWithGenericCallSignaturesDifferingByReturnType.ts	run		C
objectTypesIdentityWithGenericCallSignaturesDifferingByReturnType2.ts	run		C
objectTypesIdentityWithGenericCallSignaturesDifferingTypeParameterCounts.ts	run		C
objectTypesIdentityWithGenericCallSignaturesDifferingTypeParameterCounts2.ts	run		C
objectTypesIdentityWithGenericCallSignaturesDifferingTypeParameterNames.ts	run		C
objectTypesIdentityWithGenericCallSignaturesOptionalParams.ts	run		C
objectTypesIdentityWithGenericCallSignaturesOptionalParams2.ts	run		C
objectTypesIdentityWithGenericCallSignaturesOptionalParams3.ts	run		C
objectTypesIdentityWithGenericConstructSignaturesDifferingByConstraints.ts	run		C
objectTypesIdentityWithGenericConstructSignaturesDifferingByConstraints2.ts	run		C
objectTypesIdentityWithGenericConstructSignaturesDifferingByConstraints3.ts	run		C
objectTypesIdentityWithGenericConstructSignaturesDifferingByReturnType.ts	run		C
objectTypesIdentityWithGenericConstructSignaturesDifferingByReturnType2.ts	run		C
objectTypesIdentityWithGenericConstructSignaturesDifferingTypeParameterCounts.ts	run		C
objectTypesIdentityWithGenericConstructSignaturesDifferingTypeParameterNames.ts	run		C
objectTypesIdentityWithGenericConstructSignaturesOptionalParams.ts	run		C
objectTypesIdentityWithGenericConstructSignaturesOptionalParams2.ts	run		C
objectTypesIdentityWithGenericConstructSignaturesOptionalParams3.ts	run		C
objectTypesIdentityWithNumericIndexers1.ts	run		C
objectTypesIdentityWithNumericIndexers2.ts	run		C
objectTypesIdentityWithNumericIndexers3.ts	run		C
objectTypesIdentityWithOptionality.ts	run		C
objectTypesIdentityWithPrivates.ts	run		C
objectTypesIdentityWithPrivates2.ts	run		C
objectTypesIdentityWithPrivates3.ts	run		E
objectTypesIdentityWithPublics.ts	run		C
objectTypesIdentityWithStringIndexers.ts	run		C
objectTypesIdentityWithStringIndexers2.ts	run		C
objectTypesWithOptionalProperties.ts	run		E
objectTypesWithOptionalProperties2.ts	run		E
objectTypesWithPredefinedTypesAsName.ts	run		E
objectTypesWithPredefinedTypesAsName2.ts	run		E
observableInferenceCanBeMade.ts	run		C
octalIntegerLiteral(target=es2015).ts	run		E
octalIntegerLiteral(target=es5).ts	skipped	unsupported target ES5	
octalIntegerLiteralES6.ts	run		E
octalIntegerLiteralError.ts	run		E
octalLiteralAndEscapeSequence.ts	run		E
octalLiteralInStrictModeES3.ts	run		E
omitTypeHelperModifiers01.ts	run		E
omitTypeTestErrors01.ts	run		E
omitTypeTests01.ts	run		C
omittedExpressionForOfLoop.ts	run		E
operationsAvailableOnPromisedType(target=es2015).ts	run		E
operationsAvailableOnPromisedType(target=es5).ts	skipped	unsupported target ES5	
operatorAddNullUndefined.ts	run		E
operatorsAndIntersectionTypes.ts	run		C
optionalAccessorsInInterface1.ts	run		C
optionalArgsWithDefaultValues.ts	run		E
optionalBindingParameters1.ts	run		E
optionalBindingParameters2.ts	run		E
optionalBindingParameters3.ts	run		E
optionalBindingParameters4.ts	run		C
optionalBindingParametersInOverloads1.ts	run		E
optionalBindingParametersInOverloads2.ts	run		E
optionalChainWithInstantiationExpression1(target=es2019).ts	run		E
optionalChainWithInstantiationExpression1(target=es2020).ts	run		E
optionalChainWithInstantiationExpression2(target=es2019).ts	run		C
optionalChainWithInstantiationExpression2(target=es2020).ts	run		C
optionalChainingInArrow(target=es2015).ts	run		C
optionalChainingInArrow(target=es5).ts	skipped	unsupported target ES5	
optionalChainingInLoop(target=es2015).ts	run		C
optionalChainingInLoop(target=es5).ts	skipped	unsupported target ES5	
optionalChainingInParameterBindingPattern(target=es2015).ts	run		C
optionalChainingInParameterBindingPattern(target=es5).ts	skipped	unsupported target ES5	
optionalChainingInParameterBindingPattern(target=esnext).ts	run		C
optionalChainingInParameterBindingPattern.2(target=es2015).ts	run		E
optionalChainingInParameterBindingPattern.2(target=es5).ts	skipped	unsupported target ES5	
optionalChainingInParameterBindingPattern.2(target=esnext).ts	run		C
optionalChainingInParameterInitializer(target=es2015).ts	run		C
optionalChainingInParameterInitializer(target=es5).ts	skipped	unsupported target ES5	
optionalChainingInParameterInitializer(target=esnext).ts	run		C
optionalChainingInParameterInitializer.2(target=es2015).ts	run		E
optionalChainingInParameterInitializer.2(target=es5).ts	skipped	unsupported target ES5	
optionalChainingInParameterInitializer.2(target=esnext).ts	run		C
optionalChainingInTypeAssertions(target=es2015).ts	run		C
optionalChainingInTypeAssertions(target=esnext).ts	run		C
optionalChainingInference.ts	run		C
optionalConstructorArgInSuper.ts	run		C
optionalFunctionArgAssignability.ts	run		E
optionalMethod.ts	run		C
optionalMethodDeclarations(target=es2016).ts	run		C
optionalMethodDeclarations(target=esnext).ts	run		C
optionalMethods.ts	run		C
optionalParamArgsTest.ts	run		E
optionalParamAssignmentCompat.ts	run		E
optionalParamInOverride.ts	run		C
optionalParamReferencingOtherParams1.ts	run		C
optionalParamReferencingOtherParams2(target=es2015).ts	run		E
optionalParamReferencingOtherParams2(target=es5).ts	skipped	unsupported target ES5	
optionalParamReferencingOtherParams3.ts	run		E
optionalParamTypeComparison.ts	run		E
optionalParameterInDestructuringWithInitializer.ts	run		E
optionalParameterProperty.ts	run		E
optionalParameterRetainsNull.ts	run		C
optionalParamterAndVariableDeclaration.ts	run		E
optionalParamterAndVariableDeclaration2.ts	run		E
optionalProperties01.ts	run		C
optionalProperties02.ts	run		C
optionalPropertiesInClasses.ts	run		E
optionalPropertiesSyntax.ts	run		E
optionalPropertiesTest.ts	run		E
optionalProperty.ts	run		C
optionalPropertyAssignableToStringIndexSignature.ts	run		E
optionalSetterParam.ts	run		E
optionalTupleElements1.ts	run		E
optionalTupleElementsAndUndefined.ts	run		C
optionsCompositeWithIncrementalFalse.ts	run		E
optionsInlineSourceMapMapRoot.ts	run		E
optionsInlineSourceMapSourceRoot.ts	run		C
optionsInlineSourceMapSourcemap.ts	run		E
optionsOutAndNoModuleGen.ts	skipped	unsupported outFile /.src/output.js	
optionsSourcemapInlineSources.ts	run		C
optionsSourcemapInlineSourcesMapRoot.ts	run		C
optionsSourcemapInlineSourcesSourceRoot.ts	run		C
optionsStrictPropertyInitializationStrict.ts	run		C
optionsStrictPropertyInitializationStrictNullChecks.ts	run		C
optionsTsBuildInfoFileWithoutIncrementalAndComposite.ts	run		C
orderMattersForSignatureGroupIdentity.ts	run		E
out-flag(target=es2015).ts	run		C
out-flag(target=es5).ts	skipped	unsupported target ES5	
out-flag2(target=es2015).ts	skipped	unsupported outFile /.src/c.js	
out-flag2(target=es5).ts	skipped	unsupported outFile /.src/c.js	
out-flag3(target=es2015).ts	skipped	unsupported outFile /.src/d.js	
out-flag3(target=es5).ts	skipped	unsupported outFile /.src/d.js	
outFileIsDeprecated.ts	skipped	unsupported outFile /foo/dist.js	
outFilerootDirModuleNamesAmd.ts	skipped	unsupported module kind AMD	
outFilerootDirModuleNamesSystem.ts	skipped	unsupported module kind System	
outModuleConcatAmd(target=es2015).ts	skipped	unsupported module kind AMD	
outModuleConcatAmd(target=es5).ts	skipped	unsupported module kind AMD	
outModuleConcatCommonjs(target=es2015).ts	skipped	unsupported outFile /.src/all.js	
outModuleConcatCommonjs(target=es5).ts	skipped	unsupported outFile /.src/all.js	
outModuleConcatCommonjsDeclarationOnly(target=es2015).ts	skipped	unsupported outFile /.src/all.js	
outModuleConcatCommonjsDeclarationOnly(target=es5).ts	skipped	unsupported outFile /.src/all.js	
outModuleConcatES6.ts	skipped	unsupported outFile /.src/all.js	
outModuleConcatSystem(target=es2015).ts	skipped	unsupported module kind System	
outModuleConcatSystem(target=es5).ts	skipped	unsupported module kind System	
outModuleConcatUmd(target=es2015).ts	skipped	unsupported module kind UMD	
outModuleConcatUmd(target=es5).ts	skipped	unsupported module kind UMD	
outModuleConcatUnspecifiedModuleKind(target=es2015).ts	skipped	unsupported outFile /.src/out.js	
outModuleConcatUnspecifiedModuleKind(target=es5).ts	skipped	unsupported outFile /.src/out.js	
outModuleConcatUnspecifiedModuleKindDeclarationOnly(target=es2015).ts	skipped	unsupported outFile /.src/out.js	
outModuleConcatUnspecifiedModuleKindDeclarationOnly(target=es5).ts	skipped	unsupported outFile /.src/out.js	
outModuleTripleSlashRefs(target=es2015).ts	skipped	unsupported module kind AMD	
outModuleTripleSlashRefs(target=es5).ts	skipped	unsupported module kind AMD	
overEagerReturnTypeSpecialization.ts	run		E
overload1.ts	run		E
overload2.ts	run		C
overloadAssignmentCompat.ts	run		E
overloadBindingAcrossDeclarationBoundaries.ts	run		E
overloadBindingAcrossDeclarationBoundaries2.ts	run		E
overloadCallTest.ts	run		C
overloadConsecutiveness.ts	run		E
overloadCrash.ts	run		C
overloadEquivalenceWithStatics.ts	run		E
overloadErrorMatchesImplementationElaboaration.ts	run		E
overloadGenericFunctionWithRestArgs.ts	run		E
overloadModifiersMustAgree.ts	run		E
overloadOnConstAsTypeAnnotation.ts	run		C
overloadOnConstConstraintChecks1.ts	run		E
overloadOnConstConstraintChecks2.ts	run		E
overloadOnConstConstraintChecks3.ts	run		E
overloadOnConstConstraintChecks4.ts	run		E
overloadOnConstDuplicateOverloads1.ts	run		C
overloadOnConstInBaseWithBadImplementationInDerived.ts	run		C
overloadOnConstInCallback1.ts	run		C
overloadOnConstInObjectLiteralImplementingAnInterface.ts	run		C
overloadOnConstInheritance1.ts	run		C
overloadOnConstInheritance2.ts	run		E
overloadOnConstInheritance3.ts	run		C
overloadOnConstInheritance4.ts	run		C
overloadOnConstNoAnyImplementation.ts	run		E
overloadOnConstNoAnyImplementation2.ts	run		E
overloadOnConstNoNonSpecializedSignature.ts	run		C
overloadOnConstNoStringImplementation.ts	run		C
overloadOnConstNoStringImplementation2.ts	run		E
overloadOnConstantsInvalidOverload1.ts	run		E
overloadOnGenericArity.ts	run		C
overloadOnGenericClassAndNonGenericClass.ts	run		C
overloadResolution.ts	run		E
overloadResolutionClassConstructors.ts	run		E
overloadResolutionConstructors.ts	run		E
overloadResolutionOnDefaultConstructor1.ts	run		E
overloadResolutionOverCTLambda.ts	run		E
overloadResolutionOverNonCTLambdas.ts	run		C
overloadResolutionOverNonCTObjectLit.ts	run		C
overloadResolutionTest1.ts	run		E
overloadResolutionWithAny.ts	run		C
overloadRet.ts	run		C
overloadReturnTypes.ts	run		C
overloadTag1.ts	run		E
overloadTag2.ts	run		E
overloadTag3.ts	run		C
overloadWithCallbacksWithDifferingOptionalityOnArgs.ts	run		C
overloadedConstructorFixesInferencesAppropriately.ts	run		C
overloadedStaticMethodSpecialization.ts	run		E
overloadingOnConstants1.ts	run		E
overloadingOnConstants2.ts	run		E
overloadingOnConstantsInImplementation.ts	run		C
overloadingStaticFunctionsInFunctions.ts	run		E
overloadresolutionWithConstraintCheckingDeferred.ts	run		E
overloadsAndTypeArgumentArity.ts	run		C
overloadsAndTypeArgumentArityErrors.ts	run		E
overloadsInDifferentContainersDisagreeOnAmbient.ts	run		E
overloadsWithComputedNames.ts	run		E
overloadsWithConstraints.ts	run		C
overloadsWithProvisionalErrors.ts	run		E
overloadsWithinClasses.ts	run		E
override1.ts	run		E
override10.ts	run		C
override11.ts	run		E
override12(target=es2015).ts	run		C
override12(target=esnext).ts	run		C
override13.ts	run		E
override14.ts	run		C
override15.ts	run		E
override16(target=es2015).ts	run		C
override16(target=esnext).ts	run		C
override17(target=es2015).ts	run		C
override17(target=esnext).ts	run		C
override18(target=es2015).ts	run		C
override18(target=esnext).ts	run		C
override19.ts	run		E
override2.ts	run		E
override20.ts	run		E
override21.ts	run		E
override3.ts	run		E
override4.ts	run		E
override5.ts	run		E
override6.ts	run		E
override7.ts	run		E
override8.ts	run		E
override9.ts	run		E
overrideBaseIntersectionMethod.ts	run		C
overrideDynamicName1(noimplicitoverride=false).ts	run		E
overrideDynamicName1(noimplicitoverride=true).ts	run		E
overrideInterfaceProperty.ts	run		C
overrideKeywordOrder.ts	run		E
overrideLateBindableIndexSignature1(noimplicitoverride=false).ts	run		E
overrideLateBindableIndexSignature1(noimplicitoverride=true).ts	run		E
overrideLateBindableName1(noimplicitoverride=false).ts	run		E
overrideLateBindableName1(noimplicitoverride=true).ts	run		E
overrideParameterProperty.ts	run		E
overrideWithoutNoImplicitOverride1.ts	run		E
override_js1.ts	run		C
override_js2.ts	run		E
override_js3.ts	run		E
override_js4.ts	run		E
overridingPrivateStaticMembers.ts	run		E
overshifts.ts	run		E
packageJsonExportsOptionsCompat.ts	skipped	unsupported module resolution kind 1	
packageJsonImportsErrors(module=node18).ts	run		E
packageJsonImportsErrors(module=node20).ts	run		E
packageJsonImportsErrors(module=nodenext).ts	run		E
packageJsonImportsExportsOptionCompat(moduleresolution=bundler).ts	run		C
packageJsonImportsExportsOptionCompat(moduleresolution=classic).ts	skipped	unsupported module resolution kind 1	
packageJsonImportsExportsOptionCompat(moduleresolution=node).ts	skipped	unsupported module resolution kind 2	
packageJsonImportsExportsOptionCompat(moduleresolution=node16).ts	run		E
packageJsonImportsExportsOptionCompat(moduleresolution=nodenext).ts	run		E
packageJsonMain.ts	run		C
packageJsonMain_isNonRecursive.ts	run		E
paramPropertiesInSignatures.ts	run		E
paramTagBracketsAddOptionalUndefined.ts	run		C
paramTagNestedWithoutTopLevelObject.ts	run		E
paramTagNestedWithoutTopLevelObject2.ts	run		E
paramTagNestedWithoutTopLevelObject3.ts	run		E
paramTagNestedWithoutTopLevelObject4.ts	run		E
paramTagOnCallExpression.ts	run		C
paramTagOnFunctionUsingArguments.ts	run		E
paramTagTypeResolution.ts	run		C
paramTagTypeResolution2.ts	run		C
paramTagWrapping.ts	run		E
parameterDecoratorsEmitCrash.ts	run		E
parameterDestructuringObjectLiteral.ts	run		C
parameterInitializersBackwardReferencing(target=es2015).ts	run		C
parameterInitializersBackwardReferencing(target=es5).ts	skipped	unsupported target ES5	
parameterInitializersBackwardReferencing(target=esnext).ts	run		C
parameterInitializersForwardReferencing(target=es2015).ts	run		E
parameterInitializersForwardReferencing(target=es5).ts	skipped	unsupported target ES5	
parameterInitializersForwardReferencing.2(target=es2015).ts	run		E
parameterInitializersForwardReferencing.2(target=es5).ts	skipped	unsupported target ES5	
parameterInitializersForwardReferencing.2(target=esnext).ts	run		C
parameterInitializersForwardReferencing1(target=es2015).ts	run		E
parameterInitializersForwardReferencing1(target=es5).ts	skipped	unsupported target ES5	
parameterInitializersForwardReferencing1_es6.ts	run		E
parameterListAsTupleType.ts	run		E
parameterNamesInTypeParameterList.ts	run		E
parameterPropertyInConstructor1.ts	run		E
parameterPropertyInConstructor2.ts	run		E
parameterPropertyInConstructor3.ts	run		E
parameterPropertyInConstructor4.ts	run		C
parameterPropertyInConstructorWithPrologues.ts	run		C
parameterPropertyInitializerInInitializers.ts	run		C
parameterPropertyOutsideConstructor.ts	run		E
parameterPropertyReferencingOtherParameter.ts	run		C
parameterReferenceInInitializer1.ts	run		E
parameterReferenceInInitializer2.ts	run		C
parameterReferencesOtherParameter1.ts	run		E
parameterReferencesOtherParameter2.ts	run		E
parametersSyntaxErrorNoCrash1.ts	run		E
parametersSyntaxErrorNoCrash2.ts	run		E
parametersSyntaxErrorNoCrash3.ts	run		E
parametersWithNoAnnotationAreAny.ts	run		C
paramsOnlyHaveLiteralTypesWhenAppropriatelyContextualized.ts	run		E
paramterDestrcuturingDeclaration.ts	run		E
parentheses.ts	run		C
parenthesisDoesNotBlockAliasSymbolCreation.ts	run		E
parenthesizedArrowExpressionASI.ts	run		E
parenthesizedAsyncArrowFunction.ts	run		C
parenthesizedContexualTyping1.ts	run		E
parenthesizedContexualTyping2.ts	run		E
parenthesizedContexualTyping3.ts	run		C
parenthesizedExpressionInternalComments.ts	run		C
parenthesizedJSDocCastAtReturnStatement.ts	run		C
parenthesizedJSDocCastDoesNotNarrow.ts	run		E
parenthesizedSatisfiesExpressionWithComments.ts	run		C
parenthesizedTypes.ts	run		C
parse1.ts	run		E
parse2.ts	run		E
parseArrowFunctionWithFunctionReturnType.ts	run		C
parseAssertEntriesError.ts	run		E
parseBigInt.ts	run		E
parseClassDeclarationInStrictModeByDefaultInES6.ts	run		E
parseCommaSeparatedNewlineNew.ts	run		E
parseCommaSeparatedNewlineNumber.ts	run		E
parseCommaSeparatedNewlineString.ts	run		E
parseEntityNameWithReservedWord.ts	run		C
parseErrorDoubleCommaInCall.ts	run		E
parseErrorInHeritageClause1.ts	run		E
parseErrorIncorrectReturnToken.ts	run		E
parseGenericArrowRatherThanLeftShift.ts	run		C
parseImportAttributesError.ts	run		E
parseIncompleteBinaryExpression1.ts	run		E
parseInvalidNames.ts	run		E
parseInvalidNonNullableTypes.ts	run		E
parseInvalidNullableTypes.ts	run		E
parseJsxElementInUnaryExpressionNoCrash1.ts	run		E
parseJsxElementInUnaryExpressionNoCrash2.ts	run		E
parseJsxElementInUnaryExpressionNoCrash3.ts	run		E
parseJsxExtends1.ts	run		C
parseJsxExtends2.ts	run		E
parseLinkTag.ts	run		C
parseObjectLiteralsWithoutTypes.ts	run		C
parseRegularExpressionMixedWithComments.ts	run		E
parseReplacementCharacter.ts	run		C
parseShortform.ts	run		C
parseThrowsTag.ts	run		C
parseTypes.ts	run		E
parseUnaryExpressionNoTypeAssertionInJsx1.ts	run		E
parseUnaryExpressionNoTypeAssertionInJsx2.ts	run		E
parseUnaryExpressionNoTypeAssertionInJsx3.ts	run		E
parseUnaryExpressionNoTypeAssertionInJsx4.ts	run		E
parseUnmatchedTypeAssertion.ts	run		E
parser.asyncGenerators.classMethods.es2018(alwaysstrict=false).ts	skipped	alwaysStrict=false is unsupported	
parser.asyncGenerators.classMethods.es2018(alwaysstrict=true).ts	run		E
parser.asyncGenerators.functionDeclarations.es2018(alwaysstrict=false).ts	skipped	alwaysStrict=false is unsupported	
parser.asyncGenerators.functionDeclarations.es2018(alwaysstrict=true).ts	run		E
parser.asyncGenerators.functionExpressions.es2018(alwaysstrict=false).ts	skipped	alwaysStrict=false is unsupported	
parser.asyncGenerators.functionExpressions.es2018(alwaysstrict=true).ts	run		E
parser.asyncGenerators.objectLiteralMethods.es2018(alwaysstrict=false).ts	skipped	alwaysStrict=false is unsupported	
parser.asyncGenerators.objectLiteralMethods.es2018(alwaysstrict=true).ts	run		E
parser.forAwait.es2018.ts	run		E
parser.numericSeparators.binary.ts	run		C
parser.numericSeparators.binaryNegative.ts	run		E
parser.numericSeparators.decimal(target=es2020).ts	run		C
parser.numericSeparators.decimal(target=es2021).ts	run		C
parser.numericSeparators.decimal(target=es5).ts	skipped	unsupported target ES5	
parser.numericSeparators.decmialNegative.ts	run		E
parser.numericSeparators.hex.ts	run		C
parser.numericSeparators.hexNegative.ts	run		E
parser.numericSeparators.octal.ts	run		C
parser.numericSeparators.octalNegative.ts	run		E
parser.numericSeparators.unicodeEscape.ts	run		E
parser0_004152.ts	run		E
parser10.1.1-8gs.ts	run		E
parser15.4.4.14-9-2.ts	run		E
parser509534.ts	run		E
parser509546.ts	run		C
parser509546_1.ts	run		C
parser509546_2.ts	run		C
parser509618.ts	run		E
parser509630.ts	run		E
parser509667.ts	run		E
parser509668.ts	run		E
parser509669.ts	run		E
parser509677.ts	run		C
parser509693.ts	run		E
parser509698.ts	run		E
parser512084.ts	run		E
parser512097.ts	run		E
parser512325.ts	run		E
parser519458.ts	run		E
parser521128.ts	run		E
parser536727.ts	run		E
parser553699.ts	run		E
parser566700.ts	run		E
parser579071.ts	run		E
parser585151.ts	run		E
parser596700.ts	run		C
parser618973.ts	run		E
parser630933.ts	run		C
parser642331.ts	run		E
parser642331_1.ts	run		E
parser643728.ts	run		C
parser645086_1.ts	run		E
parser645086_2.ts	run		E
parser645086_3.ts	run		C
parser645086_4.ts	run		C
parser645484.ts	run		C
parser768531.ts	run		C
parserAccessibilityAfterStatic1.ts	run		E
parserAccessibilityAfterStatic10.ts	run		E
parserAccessibilityAfterStatic11.ts	run		C
parserAccessibilityAfterStatic14.ts	run		C
parserAccessibilityAfterStatic2.ts	run		C
parserAccessibilityAfterStatic3.ts	run		C
parserAccessibilityAfterStatic4.ts	run		C
parserAccessibilityAfterStatic5.ts	run		C
parserAccessibilityAfterStatic6.ts	run		E
parserAccessibilityAfterStatic7.ts	run		E
parserAccessors1(target=es2015).ts	run		E
parserAccessors1(target=es5).ts	skipped	unsupported target ES5	
parserAccessors10(target=es2015).ts	run		E
parserAccessors10(target=es5).ts	skipped	unsupported target ES5	
parserAccessors2(target=es2015).ts	run		C
parserAccessors2(target=es5).ts	skipped	unsupported target ES5	
parserAccessors3(target=es2015).ts	run		E
parserAccessors3(target=es5).ts	skipped	unsupported target ES5	
parserAccessors4(target=es2015).ts	run		C
parserAccessors4(target=es5).ts	skipped	unsupported target ES5	
parserAccessors5(target=es2015).ts	run		E
parserAccessors5(target=es5).ts	skipped	unsupported target ES5	
parserAccessors6(target=es2015).ts	run		E
parserAccessors6(target=es5).ts	skipped	unsupported target ES5	
parserAccessors7(target=es2015).ts	run		E
parserAccessors7(target=es5).ts	skipped	unsupported target ES5	
parserAccessors8(target=es2015).ts	run		E
parserAccessors8(target=es5).ts	skipped	unsupported target ES5	
parserAccessors9(target=es2015).ts	run		E
parserAccessors9(target=es5).ts	skipped	unsupported target ES5	
parserAdditiveExpression1.ts	run		E
parserAmbiguity1.ts	run		E
parserAmbiguity2.ts	run		E
parserAmbiguity3.ts	run		E
parserAmbiguityWithBinaryOperator1.ts	run		C
parserAmbiguityWithBinaryOperator2.ts	run		C
parserAmbiguityWithBinaryOperator3.ts	run		C
parserAmbiguityWithBinaryOperator4.ts	run		E
parserArgumentList1.ts	run		E
parserArrayLiteralExpression1.ts	run		C
parserArrayLiteralExpression10.ts	run		C
parserArrayLiteralExpression11.ts	run		C
parserArrayLiteralExpression12.ts	run		C
parserArrayLiteralExpression13.ts	run		C
parserArrayLiteralExpression14.ts	run		C
parserArrayLiteralExpression15.ts	run		C
parserArrayLiteralExpression2.ts	run		C
parserArrayLiteralExpression3.ts	run		C
parserArrayLiteralExpression4.ts	run		C
parserArrayLiteralExpression5.ts	run		C
parserArrayLiteralExpression6.ts	run		C
parserArrayLiteralExpression7.ts	run		C
parserArrayLiteralExpression8.ts	run		C
parserArrayLiteralExpression9.ts	run		C
parserArrowFunctionExpression1.ts	run		E
parserArrowFunctionExpression10.ts	run		E
parserArrowFunctionExpression11.ts	run		E
parserArrowFunctionExpression12.ts	run		E
parserArrowFunctionExpression13.ts	run		E
parserArrowFunctionExpression14.ts	run		E
parserArrowFunctionExpression15.ts	run		E
parserArrowFunctionExpression16.ts	run		E
parserArrowFunctionExpression17.ts	run		E
parserArrowFunctionExpression2.ts	run		E
parserArrowFunctionExpression3.ts	run		E
parserArrowFunctionExpression4.ts	run		E
parserArrowFunctionExpression5.ts	run		E
parserArrowFunctionExpression6.ts	run		C
parserArrowFunctionExpression7.ts	run		C
parserArrowFunctionExpression8.ts	run		E
parserArrowFunctionExpression9.ts	run		E
parserAssignmentExpression1.ts	run		E
parserAstSpans1(target=es2015).ts	run		E
parserAstSpans1(target=es5).ts	skipped	unsupported target ES5	
parserAutomaticSemicolonInsertion1.ts	run		E
parserBlockStatement1.d.ts	run		E
parserBreakStatement1.d.ts	run		E
parserCastVersusArrowFunction1.ts	run		E
parserCatchClauseWithTypeAnnotation1.ts	run		E
parserClass1.ts	run		E
parserClass2.ts	run		E
parserClassDeclaration1.ts	run		E
parserClassDeclaration10.ts	run		E
parserClassDeclaration11.ts	run		E
parserClassDeclaration12.ts	run		E
parserClassDeclaration13.ts	run		E
parserClassDeclaration14.ts	run		E
parserClassDeclaration15.ts	run		E
parserClassDeclaration16.ts	run		C
parserClassDeclaration17.ts	run		C
parserClassDeclaration18.ts	run		E
parserClassDeclaration19.ts	run		C
parserClassDeclaration2.ts	run		E
parserClassDeclaration20.ts	run		C
parserClassDeclaration21.ts	run		E
parserClassDeclaration22.ts	run		E
parserClassDeclaration23.ts	run		C
parserClassDeclaration24.ts	run		E
parserClassDeclaration25.ts	run		E
parserClassDeclaration26.ts	run		C
parserClassDeclaration3.ts	run		E
parserClassDeclaration4.ts	run		E
parserClassDeclaration5.ts	run		E
parserClassDeclaration6.ts	run		E
parserClassDeclaration7.d.ts	run		C
parserClassDeclaration7.ts	run		E
parserClassDeclaration8.ts	run		E
parserClassDeclaration9.ts	run		E
parserClassDeclarationIndexSignature1.ts	run		C
parserCommaInTypeMemberList1.ts	run		C
parserCommaInTypeMemberList2.ts	run		E
parserComputedPropertyName1.ts	run		E
parserComputedPropertyName10.ts	run		E
parserComputedPropertyName11.ts	run		E
parserComputedPropertyName12.ts	run		E
parserComputedPropertyName13.ts	run		E
parserComputedPropertyName14.ts	run		E
parserComputedPropertyName15.ts	run		E
parserComputedPropertyName16.ts	run		E
parserComputedPropertyName17.ts	run		E
parserComputedPropertyName18.ts	run		E
parserComputedPropertyName19.ts	run		E
parserComputedPropertyName2.ts	run		E
parserComputedPropertyName20.ts	run		E
parserComputedPropertyName21.ts	run		E
parserComputedPropertyName22.ts	run		E
parserComputedPropertyName23.ts	run		E
parserComputedPropertyName24.ts	run		E
parserComputedPropertyName25.ts	run		E
parserComputedPropertyName26.ts	run		E
parserComputedPropertyName27.ts	run		E
parserComputedPropertyName28.ts	run		E
parserComputedPropertyName29.ts	run		E
parserComputedPropertyName3.ts	run		E
parserComputedPropertyName30.ts	run		E
parserComputedPropertyName31.ts	run		E
parserComputedPropertyName32.ts	run		E
parserComputedPropertyName33.ts	run		E
parserComputedPropertyName34.ts	run		E
parserComputedPropertyName35.ts	run		E
parserComputedPropertyName36.ts	run		E
parserComputedPropertyName37.ts	run		E
parserComputedPropertyName38.ts	run		E
parserComputedPropertyName39.ts	run		E
parserComputedPropertyName4.ts	run		E
parserComputedPropertyName40.ts	run		E
parserComputedPropertyName41.ts	run		E
parserComputedPropertyName5.ts	run		E
parserComputedPropertyName6.ts	run		E
parserComputedPropertyName7.ts	run		E
parserComputedPropertyName8.ts	run		E
parserComputedPropertyName9.ts	run		E
parserConditionalExpression1.ts	run		E
parserConstructorAmbiguity1.ts	run		E
parserConstructorAmbiguity2.ts	run		E
parserConstructorAmbiguity3.ts	run		E
parserConstructorAmbiguity4.ts	run		E
parserConstructorDeclaration1.ts	run		C
parserConstructorDeclaration10.ts	run		E
parserConstructorDeclaration11.ts	run		E
parserConstructorDeclaration12.ts	run		E
parserConstructorDeclaration2.ts	run		E
parserConstructorDeclaration3.ts	run		E
parserConstructorDeclaration4.ts	run		E
parserConstructorDeclaration5.ts	run		C
parserConstructorDeclaration6.ts	run		E
parserConstructorDeclaration7.ts	run		E
parserConstructorDeclaration8.ts	run		E
parserConstructorDeclaration9.ts	run		E
parserContinueStatement1.d.ts	run		E
parserDebuggerStatement1.d.ts	run		E
parserDebuggerStatement1.ts	run		C
parserDebuggerStatement2.ts	run		C
parserDoStatement1.d.ts	run		E
parserDoStatement2.ts	run		C
parserES3Accessors1.ts	run		E
parserES3Accessors2.ts	run		C
parserES3Accessors3.ts	run		E
parserES3Accessors4.ts	run		E
parserES5ComputedPropertyName1(target=es2015).ts	run		E
parserES5ComputedPropertyName1(target=es5).ts	skipped	unsupported target ES5	
parserES5ComputedPropertyName10(target=es2015).ts	run		E
parserES5ComputedPropertyName10(target=es5).ts	skipped	unsupported target ES5	
parserES5ComputedPropertyName11(target=es2015).ts	run		E
parserES5ComputedPropertyName11(target=es5).ts	skipped	unsupported target ES5	
parserES5ComputedPropertyName2(target=es2015).ts	run		E
parserES5ComputedPropertyName2(target=es5).ts	skipped	unsupported target ES5	
parserES5ComputedPropertyName3(target=es2015).ts	run		E
parserES5ComputedPropertyName3(target=es5).ts	skipped	unsupported target ES5	
parserES5ComputedPropertyName4(target=es2015).ts	run		E
parserES5ComputedPropertyName4(target=es5).ts	skipped	unsupported target ES5	
parserES5ComputedPropertyName5(target=es2015).ts	run		E
parserES5ComputedPropertyName5(target=es5).ts	skipped	unsupported target ES5	
parserES5ComputedPropertyName6(target=es2015).ts	run		E
parserES5ComputedPropertyName6(target=es5).ts	skipped	unsupported target ES5	
parserES5ComputedPropertyName7(target=es2015).ts	run		E
parserES5ComputedPropertyName7(target=es5).ts	skipped	unsupported target ES5	
parserES5ComputedPropertyName8(target=es2015).ts	run		E
parserES5ComputedPropertyName8(target=es5).ts	skipped	unsupported target ES5	
parserES5ComputedPropertyName9(target=es2015).ts	run		E
parserES5ComputedPropertyName9(target=es5).ts	skipped	unsupported target ES5	
parserES5ForOfStatement1.d(target=es2015).ts	run		E
parserES5ForOfStatement1.d(target=es5).ts	skipped	unsupported target ES5	
parserES5ForOfStatement10(target=es2015).ts	run		E
parserES5ForOfStatement10(target=es5).ts	skipped	unsupported target ES5	
parserES5ForOfStatement11(target=es2015).ts	run		E
parserES5ForOfStatement11(target=es5).ts	skipped	unsupported target ES5	
parserES5ForOfStatement12(target=es2015).ts	run		E
parserES5ForOfStatement12(target=es5).ts	skipped	unsupported target ES5	
parserES5ForOfStatement13(target=es2015).ts	run		E
parserES5ForOfStatement13(target=es5).ts	skipped	unsupported target ES5	
parserES5ForOfStatement14(target=es2015).ts	run		E
parserES5ForOfStatement14(target=es5).ts	skipped	unsupported target ES5	
parserES5ForOfStatement15(target=es2015).ts	run		E
parserES5ForOfStatement15(target=es5).ts	skipped	unsupported target ES5	
parserES5ForOfStatement16(target=es2015).ts	run		E
parserES5ForOfStatement16(target=es5).ts	skipped	unsupported target ES5	
parserES5ForOfStatement17(target=es2015).ts	run		C
parserES5ForOfStatement17(target=es5).ts	skipped	unsupported target ES5	
parserES5ForOfStatement18(target=es2015).ts	run		C
parserES5ForOfStatement18(target=es5).ts	skipped	unsupported target ES5	
parserES5ForOfStatement19(target=es2015).ts	run		C
parserES5ForOfStatement19(target=es5).ts	skipped	unsupported target ES5	
parserES5ForOfStatement2(target=es2015).ts	run		E
parserES5ForOfStatement2(target=es5).ts	skipped	unsupported target ES5	
parserES5ForOfStatement20(target=es2015).ts	run		E
parserES5ForOfStatement20(target=es5).ts	skipped	unsupported target ES5	
parserES5ForOfStatement21(target=es2015).ts	run		E
parserES5ForOfStatement21(target=es5).ts	skipped	unsupported target ES5	
parserES5ForOfStatement3(target=es2015).ts	run		E
parserES5ForOfStatement3(target=es5).ts	skipped	unsupported target ES5	
parserES5ForOfStatement4(target=es2015).ts	run		E
parserES5ForOfStatement4(target=es5).ts	skipped	unsupported target ES5	
parserES5ForOfStatement5(target=es2015).ts	run		E
parserES5ForOfStatement5(target=es5).ts	skipped	unsupported target ES5	
parserES5ForOfStatement6(target=es2015).ts	run		E
parserES5ForOfStatement6(target=es5).ts	skipped	unsupported target ES5	
parserES5ForOfStatement7(target=es2015).ts	run		E
parserES5ForOfStatement7(target=es5).ts	skipped	unsupported target ES5	
parserES5ForOfStatement8(target=es2015).ts	run		E
parserES5ForOfStatement8(target=es5).ts	skipped	unsupported target ES5	
parserES5ForOfStatement9(target=es2015).ts	run		E
parserES5ForOfStatement9(target=es5).ts	skipped	unsupported target ES5	
parserES5SymbolIndexer1(target=es2015).ts	run		C
parserES5SymbolIndexer1(target=es5).ts	skipped	unsupported target ES5	
parserES5SymbolIndexer2(target=es2015).ts	run		C
parserES5SymbolIndexer2(target=es5).ts	skipped	unsupported target ES5	
parserES5SymbolIndexer3(target=es2015).ts	run		C
parserES5SymbolIndexer3(target=es5).ts	skipped	unsupported target ES5	
parserES5SymbolProperty1(target=es2015).ts	run		C
parserES5SymbolProperty1(target=es5).ts	skipped	unsupported target ES5	
parserES5SymbolProperty2(target=es2015).ts	run		C
parserES5SymbolProperty2(target=es5).ts	skipped	unsupported target ES5	
parserES5SymbolProperty3(target=es2015).ts	run		C
parserES5SymbolProperty3(target=es5).ts	skipped	unsupported target ES5	
parserES5SymbolProperty4(target=es2015).ts	run		E
parserES5SymbolProperty4(target=es5).ts	skipped	unsupported target ES5	
parserES5SymbolProperty5(target=es2015).ts	run		E
parserES5SymbolProperty5(target=es5).ts	skipped	unsupported target ES5	
parserES5SymbolProperty6(target=es2015).ts	run		C
parserES5SymbolProperty6(target=es5).ts	skipped	unsupported target ES5	
parserES5SymbolProperty7(target=es2015).ts	run		C
parserES5SymbolProperty7(target=es5).ts	skipped	unsupported target ES5	
parserES5SymbolProperty8(target=es2015).ts	run		C
parserES5SymbolProperty8(target=es5).ts	skipped	unsupported target ES5	
parserES5SymbolProperty9(target=es2015).ts	run		C
parserES5SymbolProperty9(target=es5).ts	skipped	unsupported target ES5	
parserEmptyFile1.ts	run		C
parserEmptyParenthesizedExpression1.ts	run		E
parserEmptyStatement1.d.ts	run		E
parserEmptyStatement1.ts	run		C
parserEnum1.ts	run		C
parserEnum2.ts	run		C
parserEnum3.ts	run		C
parserEnum4.ts	run		E
parserEnum5.ts	run		E
parserEnum6.ts	run		C
parserEnum7.ts	run		E
parserEnumDeclaration1.ts	run		C
parserEnumDeclaration2.d.ts	run		C
parserEnumDeclaration2.ts	run		E
parserEnumDeclaration3.d.ts	run		E
parserEnumDeclaration3.ts	run		C
parserEnumDeclaration4.ts	run		E
parserEnumDeclaration5.ts	run		C
parserEnumDeclaration6.ts	run		C
parserEqualsGreaterThanAfterFunction1.ts	run		E
parserEqualsGreaterThanAfterFunction2.ts	run		E
parserErrantAccessibilityModifierInModule1.ts	run		E
parserErrantEqualsGreaterThanAfterFunction1.ts	run		E
parserErrantEqualsGreaterThanAfterFunction2.ts	run		E
parserErrantSemicolonInClass1.ts	run		E
parserErrorRecoveryArrayLiteralExpression1.ts	run		E
parserErrorRecoveryArrayLiteralExpression2.ts	run		E
parserErrorRecoveryArrayLiteralExpression3.ts	run		E
parserErrorRecoveryIfStatement1.ts	run		E
parserErrorRecoveryIfStatement2.ts	run		E
parserErrorRecoveryIfStatement3.ts	run		E
parserErrorRecoveryIfStatement4.ts	run		E
parserErrorRecoveryIfStatement5.ts	run		E
parserErrorRecoveryIfStatement6.ts	run		E
parserErrorRecovery_ArgumentList1.ts	run		E
parserErrorRecovery_ArgumentList2.ts	run		E
parserErrorRecovery_ArgumentList3.ts	run		E
parserErrorRecovery_ArgumentList4.ts	run		E
parserErrorRecovery_ArgumentList6.ts	run		E
parserErrorRecovery_ArgumentList7.ts	run		E
parserErrorRecovery_Block1.ts	run		E
parserErrorRecovery_Block2.ts	run		E
parserErrorRecovery_Block3.ts	run		E
parserErrorRecovery_ClassElement1.ts	run		E
parserErrorRecovery_ClassElement2.ts	run		E
parserErrorRecovery_ClassElement3.ts	run		E
parserErrorRecovery_Expression1.ts	run		E
parserErrorRecovery_ExtendsOrImplementsClause1.ts	run		E
parserErrorRecovery_ExtendsOrImplementsClause2.ts	run		E
parserErrorRecovery_ExtendsOrImplementsClause3.ts	run		E
parserErrorRecovery_ExtendsOrImplementsClause4.ts	run		E
parserErrorRecovery_ExtendsOrImplementsClause5.ts	run		E
parserErrorRecovery_ExtendsOrImplementsClause6.ts	run		E
parserErrorRecovery_IncompleteMemberVariable1.ts	run		E
parserErrorRecovery_IncompleteMemberVariable2.ts	run		E
parserErrorRecovery_LeftShift1.ts	run		E
parserErrorRecovery_ModuleElement1.ts	run		E
parserErrorRecovery_ModuleElement2.ts	run		E
parserErrorRecovery_ObjectLiteral1.ts	run		E
parserErrorRecovery_ObjectLiteral2.ts	run		E
parserErrorRecovery_ObjectLiteral3.ts	run		E
parserErrorRecovery_ObjectLiteral4.ts	run		E
parserErrorRecovery_ObjectLiteral5.ts	run		E
parserErrorRecovery_ParameterList1.ts	run		E
parserErrorRecovery_ParameterList2.ts	run		E
parserErrorRecovery_ParameterList4.ts	run		E
parserErrorRecovery_ParameterList5.ts	run		E
parserErrorRecovery_ParameterList6.ts	run		E
parserErrorRecovery_SourceUnit1.ts	run		E
parserErrorRecovery_SwitchStatement1.ts	run		E
parserErrorRecovery_SwitchStatement2.ts	run		E
parserErrorRecovery_VariableList1.ts	run		E
parserExportAsFunctionIdentifier.ts	run		E
parserExportAssignment1.ts	run		E
parserExportAssignment2.ts	run		E
parserExportAssignment3.ts	run		E
parserExportAssignment4.ts	run		E
parserExportAssignment5.ts	run		E
parserExportAssignment6.ts	run		E
parserExportAssignment7.ts	run		E
parserExportAssignment8.ts	run		E
parserExportAssignment9.ts	run		E
parserExpressionStatement1.d.ts	run		E
parserForInStatement1.d.ts	run		E
parserForInStatement2.ts	run		E
parserForInStatement3.ts	run		E
parserForInStatement4.ts	run		E
parserForInStatement5.ts	run		E
parserForInStatement6.ts	run		E
parserForInStatement7.ts	run		E
parserForInStatement8(target=es2015).ts	run		E
parserForInStatement8(target=es5).ts	skipped	unsupported target ES5	
parserForOfStatement1.d.ts	run		E
parserForOfStatement10.ts	run		E
parserForOfStatement11.ts	run		E
parserForOfStatement12.ts	run		E
parserForOfStatement13.ts	run		E
parserForOfStatement14.ts	run		E
parserForOfStatement15.ts	run		E
parserForOfStatement16.ts	run		E
parserForOfStatement17.ts	run		C
parserForOfStatement18.ts	run		C
parserForOfStatement19.ts	run		C
parserForOfStatement2.ts	run		E
parserForOfStatement20.ts	run		E
parserForOfStatement21.ts	run		E
parserForOfStatement22.ts	run		E
parserForOfStatement23.ts	run		C
parserForOfStatement24.ts	run		C
parserForOfStatement25.ts	run		C
parserForOfStatement3.ts	run		E
parserForOfStatement4.ts	run		E
parserForOfStatement5.ts	run		E
parserForOfStatement6.ts	run		E
parserForOfStatement7.ts	run		E
parserForOfStatement8.ts	run		E
parserForOfStatement9.ts	run		E
parserForStatement1.d.ts	run		E
parserForStatement2.ts	run		E
parserForStatement3.ts	run		E
parserForStatement4.ts	run		E
parserForStatement5.ts	run		E
parserForStatement6.ts	run		E
parserForStatement7.ts	run		E
parserForStatement8.ts	run		E
parserForStatement9.ts	run		C
parserFunctionDeclaration1.d.ts	run		E
parserFunctionDeclaration1.ts	run		E
parserFunctionDeclaration2.d.ts	run		E
parserFunctionDeclaration2.ts	run		E
parserFunctionDeclaration3.ts	run		E
parserFunctionDeclaration4.ts	run		E
parserFunctionDeclaration5.ts	run		C
parserFunctionDeclaration6.ts	run		E
parserFunctionDeclaration7.ts	run		E
parserFunctionDeclaration8.ts	run		C
parserFunctionPropertyAssignment1.ts	run		C
parserFunctionPropertyAssignment2.ts	run		C
parserFunctionPropertyAssignment3.ts	run		C
parserFunctionPropertyAssignment4.ts	run		C
parserFuzz1.ts	run		E
parserGenericClass1.ts	run		C
parserGenericClass2.ts	run		C
parserGenericConstraint1.ts	run		C
parserGenericConstraint2.ts	run		E
parserGenericConstraint3.ts	run		E
parserGenericConstraint4.ts	run		E
parserGenericConstraint5.ts	run		E
parserGenericConstraint6.ts	run		E
parserGenericConstraint7.ts	run		E
parserGenericsInInterfaceDeclaration1.ts	run		E
parserGenericsInTypeContexts1.ts	run		E
parserGenericsInTypeContexts2.ts	run		E
parserGenericsInVariableDeclaration1.ts	run		E
parserGetAccessorWithTypeParameters1(target=es2015).ts	run		E
parserGetAccessorWithTypeParameters1(target=es5).ts	skipped	unsupported target ES5	
parserGreaterThanTokenAmbiguity1.ts	run		C
parserGreaterThanTokenAmbiguity10.ts	run		C
parserGreaterThanTokenAmbiguity11.ts	run		E
parserGreaterThanTokenAmbiguity12.ts	run		E
parserGreaterThanTokenAmbiguity13.ts	run		E
parserGreaterThanTokenAmbiguity14.ts	run		E
parserGreaterThanTokenAmbiguity15.ts	run		E
parserGreaterThanTokenAmbiguity16.ts	run		E
parserGreaterThanTokenAmbiguity17.ts	run		E
parserGreaterThanTokenAmbiguity18.ts	run		E
parserGreaterThanTokenAmbiguity19.ts	run		E
parserGreaterThanTokenAmbiguity2.ts	run		E
parserGreaterThanTokenAmbiguity20.ts	run		E
parserGreaterThanTokenAmbiguity3.ts	run		E
parserGreaterThanTokenAmbiguity4.ts	run		E
parserGreaterThanTokenAmbiguity5.ts	run		C
parserGreaterThanTokenAmbiguity6.ts	run		C
parserGreaterThanTokenAmbiguity7.ts	run		E
parserGreaterThanTokenAmbiguity8.ts	run		E
parserGreaterThanTokenAmbiguity9.ts	run		E
parserIfStatement1.d.ts	run		E
parserIfStatement2.ts	run		E
parserImportDeclaration1.ts	run		E
parserInExpression1.ts	run		C
parserIndexMemberDeclaration1.ts	run		C
parserIndexMemberDeclaration10.ts	run		E
parserIndexMemberDeclaration2.ts	run		E
parserIndexMemberDeclaration3.ts	run		E
parserIndexMemberDeclaration4.ts	run		E
parserIndexMemberDeclaration5.ts	run		E
parserIndexMemberDeclaration6.ts	run		C
parserIndexMemberDeclaration7.ts	run		E
parserIndexMemberDeclaration8.ts	run		E
parserIndexMemberDeclaration9.ts	run		E
parserIndexSignature1.ts	run		E
parserIndexSignature10.ts	run		E
parserIndexSignature11.ts	run		E
parserIndexSignature2.ts	run		E
parserIndexSignature3.ts	run		E
parserIndexSignature4.ts	run		E
parserIndexSignature5.ts	run		E
parserIndexSignature6.ts	run		E
parserIndexSignature7.ts	run		E
parserIndexSignature8.ts	run		E
parserIndexSignature9.ts	run		E
parserInterfaceDeclaration1.ts	run		E
parserInterfaceDeclaration2.ts	run		E
parserInterfaceDeclaration3.ts	run		E
parserInterfaceDeclaration4.ts	run		E
parserInterfaceDeclaration5.ts	run		C
parserInterfaceDeclaration6.ts	run		E
parserInterfaceDeclaration7.ts	run		C
parserInterfaceDeclaration8.ts	run		E
parserInterfaceDeclaration9.ts	run		C
parserInterfaceKeywordInEnum.ts	run		C
parserInterfaceKeywordInEnum1.ts	run		C
parserInvalidIdentifiersInVariableStatements1.ts	run		E
parserInvocationOfMemberAccessOffOfObjectCreationExpression1.ts	run		E
parserIsClassMemberStart.ts	run		C
parserKeywordsAsIdentifierName1.ts	run		C
parserKeywordsAsIdentifierName2.ts	run		E
parserLabeledStatement1.d.ts	run		E
parserMemberAccessAfterPostfixExpression1.ts	run		E
parserMemberAccessExpression1.ts	run		E
parserMemberAccessOffOfGenericType1.ts	run		E
parserMemberAccessor1(target=es2015).ts	run		E
parserMemberAccessor1(target=es5).ts	skipped	unsupported target ES5	
parserMemberAccessorDeclaration1(target=es2015).ts	run		E
parserMemberAccessorDeclaration1(target=es5).ts	skipped	unsupported target ES5	
parserMemberAccessorDeclaration10(target=es2015).ts	run		E
parserMemberAccessorDeclaration10(target=es5).ts	skipped	unsupported target ES5	
parserMemberAccessorDeclaration11(target=es2015).ts	run		E
parserMemberAccessorDeclaration11(target=es5).ts	skipped	unsupported target ES5	
parserMemberAccessorDeclaration12(target=es2015).ts	run		E
parserMemberAccessorDeclaration12(target=es5).ts	skipped	unsupported target ES5	
parserMemberAccessorDeclaration13(target=es2015).ts	run		E
parserMemberAccessorDeclaration13(target=es5).ts	skipped	unsupported target ES5	
parserMemberAccessorDeclaration14(target=es2015).ts	run		E
parserMemberAccessorDeclaration14(target=es5).ts	skipped	unsupported target ES5	
parserMemberAccessorDeclaration15(target=es2015).ts	run		E
parserMemberAccessorDeclaration15(target=es5).ts	skipped	unsupported target ES5	
parserMemberAccessorDeclaration16(target=es2015).ts	run		E
parserMemberAccessorDeclaration16(target=es5).ts	skipped	unsupported target ES5	
parserMemberAccessorDeclaration17(target=es2015).ts	run		E
parserMemberAccessorDeclaration17(target=es5).ts	skipped	unsupported target ES5	
parserMemberAccessorDeclaration18(target=es2015).ts	run		E
parserMemberAccessorDeclaration18(target=es5).ts	skipped	unsupported target ES5	
parserMemberAccessorDeclaration2(target=es2015).ts	run		E
parserMemberAccessorDeclaration2(target=es5).ts	skipped	unsupported target ES5	
parserMemberAccessorDeclaration3(target=es2015).ts	run		E
parserMemberAccessorDeclaration3(target=es5).ts	skipped	unsupported target ES5	
parserMemberAccessorDeclaration4(target=es2015).ts	run		C
parserMemberAccessorDeclaration4(target=es5).ts	skipped	unsupported target ES5	
parserMemberAccessorDeclaration5(target=es2015).ts	run		C
parserMemberAccessorDeclaration5(target=es5).ts	skipped	unsupported target ES5	
parserMemberAccessorDeclaration6(target=es2015).ts	run		C
parserMemberAccessorDeclaration6(target=es5).ts	skipped	unsupported target ES5	
parserMemberAccessorDeclaration7(target=es2015).ts	run		E
parserMemberAccessorDeclaration7(target=es5).ts	skipped	unsupported target ES5	
parserMemberAccessorDeclaration8(target=es2015).ts	run		E
parserMemberAccessorDeclaration8(target=es5).ts	skipped	unsupported target ES5	
parserMemberAccessorDeclaration9(target=es2015).ts	run		E
parserMemberAccessorDeclaration9(target=es5).ts	skipped	unsupported target ES5	
parserMemberFunctionDeclaration1.ts	run		E
parserMemberFunctionDeclaration2.ts	run		E
parserMemberFunctionDeclaration3.ts	run		E
parserMemberFunctionDeclaration4.ts	run		E
parserMemberFunctionDeclaration5.ts	run		E
parserMemberFunctionDeclarationAmbiguities1.ts	run		E
parserMemberVariableDeclaration1.ts	run		E
parserMemberVariableDeclaration2.ts	run		E
parserMemberVariableDeclaration3.ts	run		E
parserMemberVariableDeclaration4.ts	run		E
parserMemberVariableDeclaration5.ts	run		C
parserMethodSignature1.ts	run		C
parserMethodSignature10.ts	run		C
parserMethodSignature11.ts	run		C
parserMethodSignature12.ts	run		C
parserMethodSignature2.ts	run		C
parserMethodSignature3.ts	run		C
parserMethodSignature4.ts	run		C
parserMethodSignature5.ts	run		C
parserMethodSignature6.ts	run		C
parserMethodSignature7.ts	run		C
parserMethodSignature8.ts	run		C
parserMethodSignature9.ts	run		C
parserMissingLambdaOpenBrace1.ts	run		E
parserMissingToken1.ts	run		E
parserMissingToken2.ts	run		E
parserModifierOnPropertySignature1.ts	run		E
parserModifierOnPropertySignature2.ts	run		C
parserModifierOnStatementInBlock1.ts	run		E
parserModifierOnStatementInBlock2.ts	run		E
parserModifierOnStatementInBlock3.ts	run		E
parserModifierOnStatementInBlock4.ts	run		E
parserModule1.ts	run		E
parserModuleDeclaration1.d.ts	run		E
parserModuleDeclaration1.ts	run		E
parserModuleDeclaration10.ts	run		E
parserModuleDeclaration11.ts	run		C
parserModuleDeclaration12.ts	run		C
parserModuleDeclaration2.d.ts	run		E
parserModuleDeclaration2.ts	run		C
parserModuleDeclaration3.d.ts	run		C
parserModuleDeclaration3.ts	run		E
parserModuleDeclaration4.d.ts	run		E
parserModuleDeclaration4.ts	run		C
parserModuleDeclaration5.ts	run		E
parserModuleDeclaration6.ts	run		C
parserModuleDeclaration7.ts	run		C
parserModuleDeclaration8.ts	run		C
parserModuleDeclaration9.ts	run		C
parserNoASIOnCallAfterFunctionExpression1.ts	run		E
parserNotHexLiteral1.ts	run		C
parserNotRegex1.ts	run		E
parserNotRegex2.ts	run		C
parserObjectCreation1.ts	run		E
parserObjectCreation2.ts	run		E
parserObjectCreationArrayLiteral1.ts	run		E
parserObjectCreationArrayLiteral2.ts	run		E
parserObjectCreationArrayLiteral3.ts	run		E
parserObjectCreationArrayLiteral4.ts	run		E
parserObjectLiterals1.ts	run		C
parserObjectType1.ts	run		C
parserObjectType2.ts	run		C
parserObjectType3.ts	run		C
parserObjectType4.ts	run		C
parserObjectType5.ts	run		E
parserObjectType6.ts	run		E
parserOptionalTypeMembers1.ts	run		C
parserOverloadOnConstants1.ts	run		C
parserParameterList1.ts	run		E
parserParameterList10.ts	run		E
parserParameterList11.ts	run		E
parserParameterList12.ts	run		C
parserParameterList13.ts	run		E
parserParameterList14.ts	run		E
parserParameterList15.ts	run		E
parserParameterList16.ts	run		E
parserParameterList17.ts	run		E
parserParameterList2.ts	run		E
parserParameterList3.ts	run		E
parserParameterList4.ts	run		E
parserParameterList5.ts	run		E
parserParameterList6.ts	run		E
parserParameterList7.ts	run		E
parserParameterList8.ts	run		E
parserParameterList9.ts	run		E
parserParenthesizedVariableAndFunctionInTernary.ts	run		C
parserParenthesizedVariableAndParenthesizedFunctionInTernary.ts	run		C
parserPostfixPostfixExpression1.ts	run		E
parserPostfixUnaryExpression1.ts	run		E
parserPrivateIdentifierInArrayAssignment.ts	run		E
parserPropertySignature1.ts	run		C
parserPropertySignature10.ts	run		C
parserPropertySignature11.ts	run		C
parserPropertySignature12.ts	run		C
parserPropertySignature2.ts	run		C
parserPropertySignature3.ts	run		C
parserPropertySignature4.ts	run		C
parserPropertySignature5.ts	run		C
parserPropertySignature6.ts	run		C
parserPropertySignature7.ts	run		C
parserPropertySignature8.ts	run		C
parserPropertySignature9.ts	run		C
parserPublicBreak1.ts	run		E
parserRealSource1.ts	run		E
parserRealSource10.ts	run		E
parserRealSource11.ts	run		E
parserRealSource12.ts	run		E
parserRealSource13.ts	run		E
parserRealSource14.ts	run		E
parserRealSource2.ts	run		E
parserRealSource3.ts	run		E
parserRealSource4.ts	run		E
parserRealSource5.ts	run		E
parserRealSource6.ts	run		E
parserRealSource7.ts	run		E
parserRealSource8.ts	run		E
parserRealSource9.ts	run		E
parserRegularExpression1.ts	run		C
parserRegularExpression2.ts	run		E
parserRegularExpression3.ts	run		E
parserRegularExpression4.ts	run		E
parserRegularExpression5.ts	run		E
parserRegularExpression6.ts	run		C
parserRegularExpressionDivideAmbiguity1.ts	run		E
parserRegularExpressionDivideAmbiguity2.ts	run		E
parserRegularExpressionDivideAmbiguity3.ts	run		E
parserRegularExpressionDivideAmbiguity4.ts	run		E
parserRegularExpressionDivideAmbiguity5.ts	run		E
parserRegularExpressionDivideAmbiguity6.ts	run		C
parserRegularExpressionDivideAmbiguity7.ts	run		E
parserReturnStatement1.d.ts	run		E
parserReturnStatement1.ts	run		E
parserReturnStatement2.ts	run		E
parserReturnStatement3.ts	run		C
parserReturnStatement4.ts	run		C
parserS12.11_A3_T4.ts	run		E
parserS7.2_A1.5_T2.ts	run		E
parserS7.3_A1.1_T2.ts	run		E
parserS7.6.1.1_A1.10.ts	run		C
parserS7.6_A4.2_T1.ts	run		E
parserS7.9_A5.7_T1.ts	run		E
parserSbp_7.9_A9_T3.ts	run		C
parserSetAccessorWithTypeAnnotation1(target=es2015).ts	run		E
parserSetAccessorWithTypeAnnotation1(target=es5).ts	skipped	unsupported target ES5	
parserSetAccessorWithTypeParameters1(target=es2015).ts	run		E
parserSetAccessorWithTypeParameters1(target=es5).ts	skipped	unsupported target ES5	
parserShorthandPropertyAssignment1.ts	run		E
parserShorthandPropertyAssignment2.ts	run		E
parserShorthandPropertyAssignment3.ts	run		E
parserShorthandPropertyAssignment4.ts	run		E
parserShorthandPropertyAssignment5.ts	run		E
parserSkippedTokens1.ts	run		E
parserSkippedTokens10.ts	run		E
parserSkippedTokens11.ts	run		E
parserSkippedTokens12.ts	run		E
parserSkippedTokens13.ts	run		E
parserSkippedTokens14.ts	run		E
parserSkippedTokens15.ts	run		E
parserSkippedTokens16.ts	run		E
parserSkippedTokens17.ts	run		E
parserSkippedTokens18.ts	run		E
parserSkippedTokens19.ts	run		E
parserSkippedTokens2.ts	run		E
parserSkippedTokens20.ts	run		E
parserSkippedTokens3.ts	run		E
parserSkippedTokens4.ts	run		E
parserSkippedTokens5.ts	run		E
parserSkippedTokens6.ts	run		E
parserSkippedTokens7.ts	run		E
parserSkippedTokens8.ts	run		E
parserSkippedTokens9.ts	run		E
parserStatementIsNotAMemberVariableDeclaration1(alwaysstrict=false).ts	skipped	alwaysStrict=false is unsupported	
parserStatementIsNotAMemberVariableDeclaration1(alwaysstrict=true).ts	run		E
parserStrictMode1.ts	run		E
parserStrictMode10.ts	run		E
parserStrictMode11.ts	run		E
parserStrictMode12(target=es2015).ts	run		E
parserStrictMode12(target=es5).ts	skipped	unsupported target ES5	
parserStrictMode13.ts	run		E
parserStrictMode14.ts	run		E
parserStrictMode15-negative.ts	run		E
parserStrictMode15.ts	run		E
parserStrictMode16.ts	run		E
parserStrictMode2.ts	run		E
parserStrictMode3-negative.ts	run		E
parserStrictMode3.ts	run		E
parserStrictMode4.ts	run		E
parserStrictMode5.ts	run		E
parserStrictMode6-negative.ts	run		E
parserStrictMode6.ts	run		E
parserStrictMode7.ts	run		E
parserStrictMode8.ts	run		E
parserStrictMode9.ts	run		E
parserSuperExpression1.ts	run		E
parserSuperExpression2.ts	run		E
parserSuperExpression3.ts	run		E
parserSuperExpression4.ts	run		E
parserSwitchStatement1.d.ts	run		E
parserSymbolIndexer1.ts	run		C
parserSymbolIndexer2.ts	run		C
parserSymbolIndexer3.ts	run		C
parserSymbolIndexer4.ts	run		C
parserSymbolIndexer5.ts	run		E
parserSymbolProperty1.ts	run		C
parserSymbolProperty2.ts	run		C
parserSymbolProperty3.ts	run		C
parserSymbolProperty4.ts	run		C
parserSymbolProperty5.ts	run		E
parserSymbolProperty6.ts	run		C
parserSymbolProperty7.ts	run		C
parserSymbolProperty8.ts	run		C
parserSymbolProperty9.ts	run		C
parserSyntaxWalker.generated.ts	run		C
parserTernaryAndCommaOperators1.ts	run		E
parserThrowStatement1.d.ts	run		E
parserTryStatement1.d.ts	run		E
parserTypeAssertionInObjectCreationExpression1.ts	run		E
parserTypeQuery1.ts	run		E
parserTypeQuery2.ts	run		E
parserTypeQuery3.ts	run		E
parserTypeQuery4.ts	run		E
parserTypeQuery5.ts	run		E
parserTypeQuery6.ts	run		E
parserTypeQuery7.ts	run		E
parserTypeQuery8.ts	run		E
parserTypeQuery9.ts	run		E
parserUnaryExpression1.ts	run		E
parserUnaryExpression2.ts	run		E
parserUnaryExpression3.ts	run		E
parserUnaryExpression4.ts	run		E
parserUnaryExpression5.ts	run		E
parserUnaryExpression6.ts	run		C
parserUnaryExpression7.ts	run		E
parserUnfinishedTypeNameBeforeKeyword1.ts	run		E
parserUnicode1.ts	run		E
parserUnicode2.ts	run		C
parserUnicode3.ts	run		C
parserUnicodeWhitespaceCharacter1.ts	run		C
parserUnparsedTokenCrash1.ts	run		E
parserUnparsedTokenCrash2.ts	run		E
parserUnterminatedGeneric1.ts	run		E
parserUnterminatedGeneric2.ts	run		E
parserUsingConstructorAsIdentifier.ts	run		E
parserVariableDeclaration1.ts	run		E
parserVariableDeclaration10.ts	run		E
parserVariableDeclaration11.ts	run		C
parserVariableDeclaration2.ts	run		E
parserVariableDeclaration3.ts	run		E
parserVariableDeclaration4.d.ts	run		E
parserVariableDeclaration4.ts	run		E
parserVariableDeclaration5.ts	run		E
parserVariableDeclaration6.ts	run		E
parserVariableDeclaration7.ts	run		C
parserVariableDeclaration8.ts	run		E
parserVariableDeclaration9.ts	run		C
parserVariableStatement1.d.ts	run		E
parserVariableStatement1.ts	run		C
parserVariableStatement2.d.ts	run		E
parserVariableStatement2.ts	run		C
parserVariableStatement3.ts	run		C
parserVariableStatement4.ts	run		C
parserVoidExpression1.ts	run		C
parserWhileStatement1.d.ts	run		E
parserWithStatement1.d.ts	run		E
parserWithStatement2.ts	run		E
parserX_ArrowFunction1.ts	run		E
parserX_ArrowFunction3.ts	run		E
parserX_ArrowFunction4.ts	run		C
parserX_TypeArgumentList1.ts	run		E
parser_breakInIterationOrSwitchStatement1.ts	run		C
parser_breakInIterationOrSwitchStatement2.ts	run		C
parser_breakInIterationOrSwitchStatement3.ts	run		C
parser_breakInIterationOrSwitchStatement4.ts	run		E
parser_breakNotInIterationOrSwitchStatement1.ts	run		E
parser_breakNotInIterationOrSwitchStatement2.ts	run		E
parser_breakTarget1.ts	run		C
parser_breakTarget2.ts	run		C
parser_breakTarget3.ts	run		C
parser_breakTarget4.ts	run		C
parser_breakTarget5.ts	run		E
parser_breakTarget6.ts	run		E
parser_continueInIterationStatement1.ts	run		C
parser_continueInIterationStatement2.ts	run		C
parser_continueInIterationStatement3.ts	run		C
parser_continueInIterationStatement4.ts	run		E
parser_continueLabel.ts	run		C
parser_continueNotInIterationStatement1.ts	run		E
parser_continueNotInIterationStatement2.ts	run		E
parser_continueNotInIterationStatement3.ts	run		E
parser_continueNotInIterationStatement4.ts	run		E
parser_continueTarget1.ts	run		E
parser_continueTarget2.ts	run		C
parser_continueTarget3.ts	run		C
parser_continueTarget4.ts	run		C
parser_continueTarget5.ts	run		E
parser_continueTarget6.ts	run		E
parser_duplicateLabel1.ts	run		E
parser_duplicateLabel2.ts	run		E
parser_duplicateLabel3.ts	run		C
parser_duplicateLabel4.ts	run		C
parserharness.ts	run		E
parserindenter.ts	run		E
parservoidInQualifiedName0.ts	run		C
parservoidInQualifiedName1.ts	run		E
parservoidInQualifiedName2.ts	run		E
parsingClassRecoversWhenHittingUnexpectedSemicolon.ts	run		C
parsingDeepParenthensizedExpression.ts	run		C
partialDiscriminatedUnionMemberHasGoodError.ts	run		E
partialOfLargeAPIIsAbleToBeWorkedWith.ts	run		C
partialTypeNarrowedToByTypeGuard.ts	run		C
partiallyAmbientClodule.ts	run		C
partiallyAmbientFundule.ts	run		C
partiallyAnnotatedFunctionInferenceError.ts	run		E
partiallyAnnotatedFunctionInferenceWithTypeParameter.ts	run		E
partiallyAnnotatedFunctionWitoutTypeParameter.ts	run		C
partiallyDiscriminantedUnions.ts	run		E
partiallyNamedTuples.ts	run		C
partiallyNamedTuples2.ts	run		C
partiallyNamedTuples3.ts	run		C
pathMappingBasedModuleResolution1_amd.ts	skipped	unsupported module kind AMD	
pathMappingBasedModuleResolution1_node.ts	run		E
pathMappingBasedModuleResolution2_classic.ts	skipped	unsupported module kind AMD	
pathMappingBasedModuleResolution2_node.ts	skipped	unsupported baseUrl /.src/root/src	
pathMappingBasedModuleResolution3_classic.ts	skipped	unsupported module kind AMD	
pathMappingBasedModuleResolution3_node.ts	skipped	unsupported baseUrl c:/root	
pathMappingBasedModuleResolution4_classic.ts	skipped	unsupported module kind AMD	
pathMappingBasedModuleResolution4_node.ts	skipped	unsupported baseUrl c:/root	
pathMappingBasedModuleResolution5_classic.ts	skipped	unsupported module kind AMD	
pathMappingBasedModuleResolution5_node.ts	skipped	unsupported baseUrl c:/root	
pathMappingBasedModuleResolution6_classic.ts	skipped	unsupported module kind AMD	
pathMappingBasedModuleResolution6_node.ts	run		C
pathMappingBasedModuleResolution7_classic.ts	skipped	unsupported module kind AMD	
pathMappingBasedModuleResolution7_node.ts	skipped	unsupported baseUrl c:/root	
pathMappingBasedModuleResolution8_classic.ts	skipped	unsupported module kind AMD	
pathMappingBasedModuleResolution8_node.ts	skipped	unsupported baseUrl c:/root	
pathMappingBasedModuleResolution_rootImport_aliasWithRoot.ts	skipped	unsupported baseUrl /root	
pathMappingBasedModuleResolution_rootImport_aliasWithRoot_differentRootTypes.ts	skipped	unsupported baseUrl /root	
pathMappingBasedModuleResolution_rootImport_aliasWithRoot_multipleAliases.ts	skipped	unsupported baseUrl /root	
pathMappingBasedModuleResolution_rootImport_aliasWithRoot_realRootFile.ts	skipped	unsupported baseUrl /root	
pathMappingBasedModuleResolution_rootImport_noAliasWithRoot.ts	skipped	unsupported baseUrl /root	
pathMappingBasedModuleResolution_rootImport_noAliasWithRoot_realRootFile.ts	skipped	unsupported baseUrl /root	
pathMappingBasedModuleResolution_withExtension.ts	skipped	unsupported baseUrl /	
pathMappingBasedModuleResolution_withExtensionInName.ts	skipped	unsupported baseUrl /	
pathMappingBasedModuleResolution_withExtension_MapedToNodeModules.ts	skipped	unsupported baseUrl /	
pathMappingBasedModuleResolution_withExtension_failedLookup.ts	skipped	unsupported baseUrl /	
pathMappingInheritedBaseUrl.ts	skipped	unsupported baseUrl /other	
pathMappingWithoutBaseUrl1.ts	run		C
pathMappingWithoutBaseUrl2.ts	run		C
pathsValidation1.ts	skipped	unsupported baseUrl /.src	
pathsValidation2.ts	skipped	unsupported baseUrl /.src	
pathsValidation3.ts	skipped	unsupported baseUrl /.src	
pathsValidation4.ts	skipped	unsupported baseUrl /.src/src	
pathsValidation5.ts	run		E
performanceComparisonOfStructurallyIdenticalInterfacesWithGenericSignatures.ts	run		C
pickOfLargeObjectUnionWorks.ts	run		C
pinnedComments1.ts	run		C
plainJSBinderErrors.ts	run		E
plainJSGrammarErrors.ts	run		E
plainJSGrammarErrors2.ts	run		C
plainJSGrammarErrors3.ts	run		E
plainJSGrammarErrors4.ts	run		E
plainJSRedeclare.ts	run		E
plainJSRedeclare2.ts	run		E
plainJSRedeclare3.ts	run		C
plainJSReservedStrict.ts	run		E
plainJSTypeErrors.ts	run		E
plusOperatorInvalidOperations.ts	run		E
plusOperatorWithAnyOtherType.ts	run		E
plusOperatorWithBooleanType.ts	run		E
plusOperatorWithEnumType.ts	run		E
plusOperatorWithNumberType.ts	run		E
plusOperatorWithStringType.ts	run		E
potentiallyUnassignedVariableInCatch.ts	run		C
potentiallyUncalledDecorators.ts	run		E
predicateSemantics.ts	run		E
prefixIncrementAsOperandOfPlusExpression.ts	run		C
prefixUnaryOperatorsOnExportedVariables(target=es2015).ts	skipped	unsupported module kind System	
prefixUnaryOperatorsOnExportedVariables(target=es5).ts	skipped	unsupported module kind System	
prefixedNumberLiteralAssignToNumberLiteralType.ts	run		C
preserveConstEnums.ts	run		C
prespecializedGenericMembers1.ts	run		C
prettyContextNotDebugAssertion.ts	run		E
prettyFileWithErrorsAndTabs.ts	run		E
primaryExpressionMods.ts	run		E
primitiveConstraints1.ts	run		E
primitiveConstraints2.ts	run		E
primitiveMembers.ts	run		E
primitiveTypeAsClassName.ts	run		E
primitiveTypeAsInterfaceName.ts	run		E
primitiveTypeAsInterfaceNameGeneric.ts	run		E
primitiveTypeAsmoduleName.ts	run		C
primitiveTypeAssignment.ts	run		E
primitiveUnionDetection.ts	run		C
primtiveTypesAreIdentical.ts	run		C
privacyAccessorDeclFile(target=es2015).ts	run		E
privacyAccessorDeclFile(target=es5).ts	skipped	unsupported target ES5	
privacyCannotNameAccessorDeclFile(target=es2015).ts	run		C
privacyCannotNameAccessorDeclFile(target=es5).ts	skipped	unsupported target ES5	
privacyCannotNameVarTypeDeclFile.ts	run		C
privacyCheckAnonymousFunctionParameter.ts	run		E
privacyCheckAnonymousFunctionParameter2.ts	skipped	unsupported module kind AMD	
privacyCheckCallbackOfInterfaceMethodWithTypeParameter.ts	skipped	unsupported module kind AMD	
privacyCheckExportAssignmentOnExportedGenericInterface1.ts	run		E
privacyCheckExportAssignmentOnExportedGenericInterface2.ts	skipped	unsupported module kind AMD	
privacyCheckExternalModuleExportAssignmentOfGenericClass.ts	run		C
privacyCheckOnTypeParameterReferenceInConstructorParameter.ts	skipped	unsupported module kind AMD	
privacyCheckTypeOfFunction.ts	run		C
privacyCheckTypeOfInvisibleModuleError.ts	run		C
privacyCheckTypeOfInvisibleModuleNoError.ts	run		C
privacyClass.ts	run		C
privacyClassExtendsClauseDeclFile.ts	run		E
privacyClassImplementsClauseDeclFile.ts	run		C
privacyFunc.ts	run		C
privacyFunctionCannotNameParameterTypeDeclFile.ts	run		C
privacyFunctionCannotNameReturnTypeDeclFile.ts	run		C
privacyFunctionParameterDeclFile.ts	run		C
privacyFunctionReturnTypeDeclFile.ts	run		E
privacyGetter(target=es2015).ts	skipped	unsupported module kind AMD	
privacyGetter(target=es5).ts	skipped	unsupported module kind AMD	
privacyGloClass.ts	run		C
privacyGloFunc.ts	skipped	unsupported module kind AMD	
privacyGloGetter(target=es2015).ts	run		C
privacyGloGetter(target=es5).ts	skipped	unsupported target ES5	
privacyGloImport.ts	run		C
privacyGloImportParseErrors.ts	run		E
privacyGloInterface.ts	run		C
privacyGloVar.ts	run		E
privacyImport.ts	run		C
privacyImportParseErrors.ts	run		E
privacyInterface.ts	run		C
privacyInterfaceExtendsClauseDeclFile.ts	run		C
privacyLocalInternalReferenceImportWithExport.ts	run		C
privacyLocalInternalReferenceImportWithoutExport.ts	skipped	unsupported module kind AMD	
privacyTopLevelAmbientExternalModuleImportWithExport.ts	run		E
privacyTopLevelAmbientExternalModuleImportWithoutExport.ts	run		E
privacyTopLevelInternalReferenceImportWithExport.ts	skipped	unsupported module kind AMD	
privacyTopLevelInternalReferenceImportWithoutExport.ts	skipped	unsupported module kind AMD	
privacyTypeParameterOfFunction.ts	run		C
privacyTypeParameterOfFunctionDeclFile.ts	run		C
privacyTypeParametersOfClass.ts	run		C
privacyTypeParametersOfClassDeclFile.ts	run		C
privacyTypeParametersOfInterface.ts	run		C
privacyTypeParametersOfInterfaceDeclFile.ts	run		C
privacyVar.ts	run		E
privacyVarDeclFile.ts	run		E
privateAccessInSubclass1.ts	run		E
privateClassPropertyAccessibleWithinClass.ts	run		C
privateClassPropertyAccessibleWithinNestedClass(target=es2015).ts	run		E
privateClassPropertyAccessibleWithinNestedClass(target=es5).ts	skipped	unsupported target ES5	
privateConstructorFunction.ts	run		E
privateFieldAssignabilityFromUnknown(target=es2015).ts	run		E
privateFieldAssignabilityFromUnknown(target=es5).ts	skipped	unsupported target ES5	
privateFieldsInClassExpressionDeclaration.ts	run		E
privateIdentifierChain.1.ts	run		E
privateIdentifierExpando.ts	run		C
privateIndexer.ts	run		E
privateIndexer2.ts	run		E
privateInstanceMemberAccessibility(target=es2015).ts	run		E
privateInstanceMemberAccessibility(target=es5).ts	skipped	unsupported target ES5	
privateInstanceVisibility.ts	run		E
privateInterfaceProperties.ts	run		E
privateNameAccessors.ts	run		E
privateNameAccessorsAccess.ts	run		E
privateNameAccessorsCallExpression.ts	run		C
privateNameAccessorssDerivedClasses.ts	run		E
privateNameAmbientNoImplicitAny.ts	run		E
privateNameAndAny.ts	run		E
privateNameAndIndexSignature.ts	run		E
privateNameAndObjectRestSpread.ts	run		E
privateNameAndPropertySignature.ts	run		E
privateNameAndStaticInitializer(target=es2015).ts	run		C
privateNameAndStaticInitializer(target=es2022).ts	run		C
privateNameAndStaticInitializer(target=esnext).ts	run		C
privateNameBadAssignment.ts	run		E
privateNameBadDeclaration(target=es2015).ts	run		E
privateNameBadDeclaration(target=es5).ts	skipped	unsupported target ES5	
privateNameBadSuper.ts	run		E
privateNameBadSuperUseDefineForClassFields(target=es2022).ts	run		E
privateNameBadSuperUseDefineForClassFields(target=esnext).ts	run		E
privateNameCircularReference.ts	run		E
privateNameClassExpressionLoop.ts	run		C
privateNameComputedPropertyName1(target=es2015).ts	run		C
privateNameComputedPropertyName1(target=es2022).ts	run		C
privateNameComputedPropertyName1(target=esnext).ts	run		C
privateNameComputedPropertyName2(target=es2015).ts	run		E
privateNameComputedPropertyName2(target=es2022).ts	run		E
privateNameComputedPropertyName2(target=esnext).ts	run		E
privateNameComputedPropertyName3(target=es2015).ts	run		C
privateNameComputedPropertyName3(target=es2022).ts	run		C
privateNameComputedPropertyName3(target=esnext).ts	run		C
privateNameComputedPropertyName4(target=es2015).ts	run		C
privateNameComputedPropertyName4(target=es2022).ts	run		C
privateNameComputedPropertyName4(target=esnext).ts	run		C
privateNameConstructorReserved.ts	run		E
privateNameConstructorSignature.ts	run		C
privateNameDeclaration.ts	run		E
privateNameDeclarationMerging.ts	run		E
privateNameDuplicateField.ts	run		E
privateNameES5Ban(target=es2015).ts	run		C
privateNameES5Ban(target=es5).ts	skipped	unsupported target ES5	
privateNameEmitHelpers.ts	run		E
privateNameEnum.ts	run		E
privateNameField.ts	run		C
privateNameFieldAccess.ts	run		C
privateNameFieldAssignment.ts	run		C
privateNameFieldCallExpression.ts	run		C
privateNameFieldClassExpression.ts	run		C
privateNameFieldDerivedClasses.ts	run		E
privateNameFieldDestructuredBinding(target=es2015).ts	run		C
privateNameFieldDestructuredBinding(target=es2022).ts	run		C
privateNameFieldDestructuredBinding(target=esnext).ts	run		C
privateNameFieldInitializer.ts	run		C
privateNameFieldParenthesisLeftAssignment.ts	run		C
privateNameFieldUnaryMutation.ts	run		C
privateNameFieldsESNext(target=es2022).ts	run		E
privateNameFieldsESNext(target=esnext).ts	run		E
privateNameHashCharName.ts	run		E
privateNameImplicitDeclaration.ts	run		E
privateNameInInExpression(target=es2022).ts	run		E
privateNameInInExpression(target=esnext).ts	run		E
privateNameInInExpressionTransform(target=es2020).ts	run		E
privateNameInInExpressionTransform(target=es2022).ts	run		E
privateNameInInExpressionTransform(target=esnext).ts	run		E
privateNameInInExpressionUnused(target=es2022).ts	run		E
privateNameInInExpressionUnused(target=esnext).ts	run		E
privateNameInLhsReceiverExpression.ts	run		C
privateNameInObjectLiteral-1.ts	run		E
privateNameInObjectLiteral-2.ts	run		E
privateNameInObjectLiteral-3(target=es2015).ts	run		E
privateNameInObjectLiteral-3(target=es5).ts	skipped	unsupported target ES5	
privateNameJsBadAssignment.ts	run		E
privateNameJsBadDeclaration(target=es2015).ts	run		E
privateNameJsBadDeclaration(target=es5).ts	skipped	unsupported target ES5	
privateNameJsx.tsx	run		E
privateNameLateSuper.ts	run		C
privateNameLateSuperUseDefineForClassFields(target=es2022).ts	run		C
privateNameLateSuperUseDefineForClassFields(target=esnext).ts	run		C
privateNameMethod.ts	run		E
privateNameMethodAccess.ts	run		E
privateNameMethodAssignment.ts	run		E
privateNameMethodAsync.ts	run		C
privateNameMethodCallExpression.ts	run		C
privateNameMethodClassExpression.ts	run		E
privateNameMethodInStaticFieldInit.ts	run		C
privateNameMethodsDerivedClasses.ts	run		E
privateNameNestedClassAccessorsShadowing.ts	run		E
privateNameNestedClassFieldShadowing.ts	run		E
privateNameNestedClassMethodShadowing.ts	run		E
privateNameNestedClassNameConflict.ts	run		E
privateNameNestedMethodAccess.ts	run		E
privateNameNotAccessibleOutsideDefiningClass.ts	run		E
privateNameNotAllowedOutsideClass.ts	run		E
privateNameReadonly.ts	run		E
privateNameSetterExprReturnValue.ts	run		C
privateNameSetterNoGetter.ts	run		E
privateNameStaticAccessors.ts	run		E
privateNameStaticAccessorsAccess.ts	run		E
privateNameStaticAccessorsCallExpression.ts	run		C
privateNameStaticAccessorssDerivedClasses.ts	run		E
privateNameStaticAndStaticInitializer(target=es2015).ts	run		C
privateNameStaticAndStaticInitializer(target=es2022).ts	run		C
privateNameStaticAndStaticInitializer(target=esnext).ts	run		C
privateNameStaticEmitHelpers.ts	run		E
privateNameStaticFieldAccess.ts	run		E
privateNameStaticFieldAssignment.ts	run		C
privateNameStaticFieldCallExpression.ts	run		C
privateNameStaticFieldClassExpression.ts	run		C
privateNameStaticFieldDerivedClasses.ts	run		E
privateNameStaticFieldDestructuredBinding(target=es2015).ts	run		C
privateNameStaticFieldDestructuredBinding(target=es2022).ts	run		C
privateNameStaticFieldDestructuredBinding(target=esnext).ts	run		C
privateNameStaticFieldInitializer(target=es2015).ts	run		C
privateNameStaticFieldInitializer(target=es2022).ts	run		C
privateNameStaticFieldInitializer(target=esnext).ts	run		C
privateNameStaticFieldNoInitializer(target=es2015).ts	run		C
privateNameStaticFieldNoInitializer(target=es2022).ts	run		C
privateNameStaticFieldNoInitializer(target=esnext).ts	run		C
privateNameStaticFieldUnaryMutation.ts	run		C
privateNameStaticMethod.ts	run		E
privateNameStaticMethodAssignment.ts	run		E
privateNameStaticMethodAsync.ts	run		E
privateNameStaticMethodCallExpression.ts	run		C
privateNameStaticMethodClassExpression.ts	run		E
privateNameStaticMethodInStaticFieldInit.ts	run		C
privateNameStaticsAndStaticMethods(target=es2022).ts	run		C
privateNameStaticsAndStaticMethods(target=esnext).ts	run		C
privateNameUncheckedJsOptionalChain.ts	run		E
privateNameUnused.ts	run		E
privateNameWeakMapCollision.ts	run		E
privateNameWhenNotUseDefineForClassFieldsInEsNext(target=es2020).ts	run		C
privateNameWhenNotUseDefineForClassFieldsInEsNext(target=esnext).ts	run		C
privateNamesAndDecorators.ts	run		E
privateNamesAndFields.ts	run		C
privateNamesAndGenericClasses-2.ts	run		E
privateNamesAndIndexedAccess.ts	run		E
privateNamesAndMethods(target=es2022).ts	run		E
privateNamesAndMethods(target=esnext).ts	run		E
privateNamesAndStaticFields.ts	run		E
privateNamesAndStaticMethods(target=es2022).ts	run		C
privateNamesAndStaticMethods(target=esnext).ts	run		C
privateNamesAndkeyof.ts	run		E
privateNamesAssertion(target=es2022).ts	run		C
privateNamesAssertion(target=esnext).ts	run		C
privateNamesConstructorChain-1.ts	run		E
privateNamesConstructorChain-2.ts	run		E
privateNamesInGenericClasses.ts	run		E
privateNamesInNestedClasses-1.ts	run		E
privateNamesInNestedClasses-2.ts	run		E
privateNamesIncompatibleModifiers.ts	run		E
privateNamesIncompatibleModifiersJs.ts	run		E
privateNamesInterfaceExtendingClass.ts	run		E
privateNamesNoDelete.ts	run		E
privateNamesNotAllowedAsParameters.ts	run		E
privateNamesNotAllowedInVariableDeclarations.ts	run		E
privateNamesUnique-1.ts	run		E
privateNamesUnique-2.ts	run		E
privateNamesUnique-3.ts	run		E
privateNamesUnique-4.ts	run		E
privateNamesUnique-5.ts	run		E
privateNamesUseBeforeDef.ts	run		E
privatePropertyInUnion.ts	run		C
privatePropertyUsingObjectType.ts	skipped	unsupported module kind AMD	
privateProtectedMembersAreNotAccessibleDestructuring.ts	run		E
privateStaticMemberAccessibility.ts	run		E
privateStaticNameShadowing.ts	run		C
privateStaticNotAccessibleInClodule.ts	run		E
privateStaticNotAccessibleInClodule2.ts	run		E
privateVisibility.ts	run		E
privateVisibles.ts	run		C
privateWriteOnlyAccessorRead.ts	run		E
promiseAllOnAny01.ts	run		C
promiseChaining.ts	run		C
promiseChaining1.ts	run		E
promiseChaining2.ts	run		E
promiseDefinitionTest(target=es2015).ts	run		E
promiseDefinitionTest(target=es5).ts	skipped	unsupported target ES5	
promiseEmptyTupleNoException.ts	run		E
promiseIdentity.ts	run		E
promiseIdentity2.ts	run		E
promiseIdentityWithAny.ts	run		E
promiseIdentityWithAny2.ts	run		E
promiseIdentityWithConstraints.ts	run		E
promisePermutations.ts	run		E
promisePermutations2.ts	run		E
promisePermutations3.ts	run		E
promiseTest.ts	run		E
promiseTry.ts	run		C
promiseType.ts	run		C
promiseTypeInference.ts	run		C
promiseTypeInferenceUnion.ts	run		C
promiseTypeStrictNull.ts	run		C
promiseVoidErrorCallback.ts	run		C
promiseWithResolvers.ts	run		C
promises.ts	run		C
promisesWithConstraints.ts	run		E
propTypeValidatorInference.ts	run		C
propagateNonInferrableType.ts	run		C
propagationOfPromiseInitialization.ts	run		E
properties(target=es2015).ts	run		C
properties(target=es5).ts	skipped	unsupported target ES5	
propertiesAndIndexers.ts	run		E
propertiesAndIndexers2.ts	run		E
propertiesAndIndexersForNumericNames.ts	run		E
propertiesOfGenericConstructorFunctions.ts	run		E
propertyAccess.ts	run		E
propertyAccess1.ts	run		E
propertyAccess2.ts	run		E
propertyAccess3.ts	run		E
propertyAccess4.ts	run		E
propertyAccess5.ts	run		E
propertyAccess6.ts	run		C
propertyAccess7.ts	run		C
propertyAccessChain.2.ts	run		C
propertyAccessChain.3.ts	run		E
propertyAccessChain.ts	run		C
propertyAccessExpressionInnerComments.ts	run		C
propertyAccessNumericLiterals.es6.ts	run		C
propertyAccessNumericLiterals.ts	run		E
propertyAccessOfReadonlyIndexSignature.ts	run		E
propertyAccessOnObjectLiteral.ts	run		C
propertyAccessOnTypeParameterWithConstraints.ts	run		C
propertyAccessOnTypeParameterWithConstraints2.ts	run		C
propertyAccessOnTypeParameterWithConstraints3.ts	run		C
propertyAccessOnTypeParameterWithConstraints4.ts	run		E
propertyAccessOnTypeParameterWithConstraints5.ts	run		E
propertyAccessOnTypeParameterWithoutConstraints.ts	run		C
propertyAccessStringIndexSignature(noimplicitany=false).ts	run		E
propertyAccessStringIndexSignature(noimplicitany=true).ts	run		E
propertyAccessWidening.ts	run		E
propertyAccessibility1.ts	run		E
propertyAccessibility2.ts	run		E
propertyAndAccessorWithSameName.ts	run		E
propertyAndFunctionWithSameName.ts	run		E
propertyAssignment.ts	run		E
propertyAssignmentOnImportedSymbol.ts	run		C
propertyAssignmentOnParenthesizedNumber.ts	run		C
propertyAssignmentOnUnresolvedImportedSymbol.ts	run		E
propertyAssignmentUseParentType1.ts	run		C
propertyAssignmentUseParentType2.ts	run		E
propertyAssignmentUseParentType3.ts	run		C
propertyIdentityWithPrivacyMismatch.ts	run		E
propertyNameWithoutTypeAnnotation.ts	run		C
propertyNamedConstructor.ts	run		E
propertyNamedPrototype.ts	run		E
propertyNamesOfReservedWords.ts	run		C
propertyNamesWithStringLiteral.ts	run		E
propertyOrdering.ts	run		E
propertyOrdering2.ts	run		E
propertyOverridesAccessors.ts	run		E
propertyOverridesAccessors2.ts	run		E
propertyOverridesAccessors3.ts	run		E
propertyOverridesAccessors4(target=es2015).ts	run		E
propertyOverridesAccessors4(target=es5).ts	skipped	unsupported target ES5	
propertyOverridesAccessors5.ts	run		E
propertyOverridesAccessors6.ts	run		E
propertyOverridesMethod.ts	run		C
propertyOverridingPrototype.ts	run		E
propertyParameterWithQuestionMark.ts	run		E
propertySignatures.ts	run		E
propertyWrappedInTry.ts	run		E
protectedAccessThroughContextualThis.ts	run		E
protectedClassPropertyAccessibleWithinClass(target=es2015).ts	run		C
protectedClassPropertyAccessibleWithinClass(target=es5).ts	skipped	unsupported target ES5	
protectedClassPropertyAccessibleWithinNestedClass(target=es2015).ts	run		E
protectedClassPropertyAccessibleWithinNestedClass(target=es5).ts	skipped	unsupported target ES5	
protectedClassPropertyAccessibleWithinNestedSubclass(target=es2015).ts	run		E
protectedClassPropertyAccessibleWithinNestedSubclass(target=es5).ts	skipped	unsupported target ES5	
protectedClassPropertyAccessibleWithinNestedSubclass1.ts	run		E
protectedClassPropertyAccessibleWithinSubclass(target=es2015).ts	run		E
protectedClassPropertyAccessibleWithinSubclass(target=es5).ts	skipped	unsupported target ES5	
protectedClassPropertyAccessibleWithinSubclass2.ts	run		E
protectedClassPropertyAccessibleWithinSubclass3(target=es2015).ts	run		E
protectedClassPropertyAccessibleWithinSubclass3(target=es5).ts	skipped	unsupported target ES5	
protectedInstanceMemberAccessibility(target=es2015).ts	run		E
protectedInstanceMemberAccessibility(target=es5).ts	skipped	unsupported target ES5	
protectedMembers.ts	run		E
protectedMembersThisParameter.ts	run		E
protectedStaticClassPropertyAccessibleWithinSubclass.ts	run		E
protectedStaticClassPropertyAccessibleWithinSubclass2(target=es2015).ts	run		C
protectedStaticClassPropertyAccessibleWithinSubclass2(target=es5).ts	skipped	unsupported target ES5	
protectedStaticNotAccessibleInClodule.ts	run		E
protoAsIndexInIndexExpression.ts	run		C
protoAssignment.ts	run		E
protoInIndexer.ts	run		C
prototypeInstantiatedWithBaseConstraint.ts	run		E
prototypeOnConstructorFunctions.ts	run		C
prototypePropertyAssignmentMergeAcrossFiles.ts	run		E
prototypePropertyAssignmentMergeAcrossFiles2.ts	run		E
prototypePropertyAssignmentMergeWithInterfaceMethod.ts	run		E
prototypePropertyAssignmentMergedTypeReference.ts	run		E
prototypes.ts	run		E
publicGetterProtectedSetterFromThisParameter(target=es2015).ts	run		E
publicGetterProtectedSetterFromThisParameter(target=es5).ts	skipped	unsupported target ES5	
publicIndexer.ts	run		E
publicMemberImplementedAsPrivateInDerivedClass.ts	run		E
pushTypeGetTypeOfAlias.ts	run		E
qualifiedModuleLocals.ts	run		E
qualifiedName_ImportDeclarations-entity-names-referencing-a-var.ts	run		C
qualifiedName_entity-name-resolution-does-not-affect-class-heritage.ts	run		E
qualify.ts	run		E
quickIntersectionCheckCorrectlyCachesErrors.ts	run		E
quickinfoTypeAtReturnPositionsInaccurate.ts	run		E
quotedAccessorName1.ts	run		C
quotedAccessorName2.ts	run		C
quotedConstructors.ts	run		C
quotedFunctionName1.ts	run		C
quotedFunctionName2.ts	run		C
quotedModuleNameMustBeAmbient.ts	run		E
quotedPropertyName1.ts	run		C
quotedPropertyName2.ts	run		C
quotedPropertyName3.ts	run		C
raiseErrorOnParameterProperty.ts	run		E
ramdaToolsNoInfinite.ts	run		C
ramdaToolsNoInfinite2.ts	run		C
randomSemicolons1.ts	run		C
reExportAliasMakesInstantiated.ts	run		C
reExportDefaultExport(target=es2015).ts	run		C
reExportDefaultExport(target=es5).ts	skipped	unsupported target ES5	
reExportGlobalDeclaration1.ts	run		E
reExportGlobalDeclaration2.ts	run		E
reExportGlobalDeclaration3.ts	run		E
reExportGlobalDeclaration4.ts	run		E
reExportJsFromTs.ts	run		C
reExportUndefined1.ts	run		E
reExportUndefined2.ts	run		C
reachabilityCheckWithEmptyDefault.ts	run		C
reachabilityChecks1.ts	run		E
reachabilityChecks10.ts	run		E
reachabilityChecks11.ts	run		E
reachabilityChecks2.ts	run		E
reachabilityChecks3.ts	run		E
reachabilityChecks4.ts	run		E
reachabilityChecks5.ts	run		E
reachabilityChecks6.ts	run		E
reachabilityChecks7.ts	run		E
reachabilityChecks8.ts	run		E
reachabilityChecks9.ts	run		E
reachabilityChecksIgnored.ts	run		C
reachabilityChecksNoCrash1.ts	run		E
reactDefaultPropsInferenceSuccess.tsx	run		E
reactHOCSpreadprops.tsx	run		C
reactImportDropped.ts	run		C
reactImportUnusedInNewJSXEmit(jsx=react-jsx).tsx	run		E
reactImportUnusedInNewJSXEmit(jsx=react-jsxdev).tsx	run		E
reactJsxReactResolvedNodeNext.tsx	run		C
reactJsxReactResolvedNodeNextEsm.tsx	run		C
reactNamespaceImportPresevation.tsx	run		E
reactNamespaceInvalidInput.tsx	run		E
reactNamespaceJSXEmit.tsx	run		E
reactNamespaceMissingDeclaration.tsx	run		E
reactReadonlyHOCAssignabilityReal.tsx	run		C
reactReduxLikeDeferredInferenceAllowsAssignment.ts	run		E
reactSFCAndFunctionResolvable.tsx	run		C
reactTagNameComponentWithPropsNoOOM.tsx	run		C
reactTagNameComponentWithPropsNoOOM2.tsx	run		C
reactTransitiveImportHasValidDeclaration.ts	run		C
readonlyArraysAndTuples.ts	run		E
readonlyArraysAndTuples2.ts	run		C
readonlyAssignmentInSubclassOfClassExpression.ts	run		E
readonlyConstructorAssignment.ts	run		E
readonlyFloat32ArrayAssignableWithFloat32Array.ts	run		C
readonlyInAmbientClass.ts	run		E
readonlyInConstructorParameters.ts	run		E
readonlyInDeclarationFile(target=es2015).ts	run		E
readonlyInDeclarationFile(target=es5).ts	skipped	unsupported target ES5	
readonlyInNonPropertyParameters(target=es2015).ts	run		E
readonlyInNonPropertyParameters(target=es5).ts	skipped	unsupported target ES5	
readonlyMembers(target=es2015).ts	run		E
readonlyMembers(target=es5).ts	skipped	unsupported target ES5	
readonlyPropertySubtypeRelationDirected.ts	run		E
readonlyReadonly.ts	run		E
readonlyRestParameters.ts	run		E
readonlyTupleAndArrayElaboration.ts	run		E
reassignStaticProp.ts	run		E
reboundBaseClassSymbol.ts	run		C
reboundIdentifierOnImportAlias.ts	run		E
rectype.ts	run		E
recur1.ts	run		C
recurringTypeParamForContainerOfBase01.ts	run		C
recursiveArrayNotCircular.ts	run		C
recursiveBaseCheck.ts	run		E
recursiveBaseCheck2.ts	run		E
recursiveBaseCheck3.ts	run		E
recursiveBaseCheck4.ts	run		E
recursiveBaseCheck5.ts	run		E
recursiveBaseCheck6.ts	run		E
recursiveBaseConstructorCreation1.ts	run		C
recursiveBaseConstructorCreation2.ts	run		C
recursiveBaseConstructorCreation3.ts	run		E
recursiveClassBaseType.ts	run		C
recursiveClassInstantiationsWithDefaultConstructors.ts	run		C
recursiveClassReferenceTest.ts	run		E
recursiveCloduleReference.ts	run		C
recursiveComplicatedClasses.ts	run		E
recursiveConditionalCrash1.ts	run		C
recursiveConditionalCrash2.ts	run		C
recursiveConditionalCrash3.ts	run		C
recursiveConditionalCrash4.ts	run		E
recursiveConditionalEvaluationNonInfinite.ts	run		C
recursiveConditionalTypes.ts	run		E
recursiveConditionalTypes2.ts	run		C
recursiveExcessPropertyChecks.ts	run		C
recursiveExportAssignmentAndFindAliasedType1.ts	run		E
recursiveExportAssignmentAndFindAliasedType2.ts	run		E
recursiveExportAssignmentAndFindAliasedType3.ts	run		E
recursiveExportAssignmentAndFindAliasedType4.ts	run		E
recursiveExportAssignmentAndFindAliasedType5.ts	run		E
recursiveExportAssignmentAndFindAliasedType6.ts	run		E
recursiveExportAssignmentAndFindAliasedType7.ts	run		C
recursiveFieldSetting.ts	run		C
recursiveFunctionTypes.ts	run		E
recursiveFunctionTypes1.ts	run		C
recursiveGenericMethodCall.ts	run		C
recursiveGenericSignatureInstantiation.ts	run		C
recursiveGenericSignatureInstantiation2.ts	run		C
recursiveGenericTypeHierarchy.ts	run		C
recursiveGenericUnionType1.ts	run		E
recursiveGenericUnionType2.ts	run		E
recursiveGetterAccess.ts	run		C
recursiveIdenticalAssignment.ts	run		E
recursiveIdenticalOverloadResolution.ts	run		E
recursiveInference1.ts	run		C
recursiveInferenceBug.ts	run		C
recursiveInheritance.ts	run		E
recursiveInheritance2.ts	run		C
recursiveInheritance3.ts	run		E
recursiveInheritanceGeneric.ts	run		E
recursiveInitializer.ts	run		C
recursiveIntersectionTypes.ts	run		E
recursiveLetConst.ts	run		E
recursiveMappedTypes.ts	run		E
recursiveMods.ts	run		C
recursiveNamedLambdaCall.ts	run		E
recursiveObjectLiteral.ts	run		E
recursiveProperties(target=es2015).ts	run		C
recursiveProperties(target=es5).ts	skipped	unsupported target ES5	
recursiveResolveDeclaredMembers.ts	run		C
recursiveResolveTypeMembers.ts	run		E
recursiveReturns.ts	run		C
recursiveReverseMappedType.ts	run		C
recursiveSpecializationOfExtendedTypeWithError.ts	run		C
recursiveSpecializationOfSignatures.ts	run		C
recursiveTupleTypeInference.ts	run		E
recursiveTupleTypes1.ts	run		E
recursiveTupleTypes2.ts	run		E
recursiveTypeAliasWithSpreadConditionalReturnNotCircular.ts	run		C
recursiveTypeComparison.ts	run		E
recursiveTypeComparison2.ts	run		E
recursiveTypeIdentity.ts	run		C
recursiveTypeInGenericConstraint.ts	run		E
recursiveTypeParameterConstraintReferenceLacksTypeArgs.ts	run		E
recursiveTypeParameterReferenceError1.ts	run		E
recursiveTypeParameterReferenceError2.ts	run		C
recursiveTypeReferences1.ts	run		E
recursiveTypeReferences2.ts	run		E
recursiveTypeRelations.ts	run		E
recursiveTypes1.ts	run		C
recursiveTypesUsedAsFunctionParameters.ts	run		C
recursiveTypesWithTypeof.ts	run		E
recursiveUnionTypeInference.ts	run		C
recursivelyExpandingUnionNoStackoverflow.ts	run		E
recursivelySpecializedConstructorDeclaration.ts	run		C
redeclarationOfVarWithGenericType.ts	run		C
redeclareParameterInCatchBlock.ts	run		E
redeclaredProperty.ts	run		E
redefineArray.ts	run		E
redefinedPararameterProperty.ts	run		E
reducibleIndexedAccessTypes.ts	run		C
reexportClassDefinition.ts	run		C
reexportDefaultIsCallable.ts	run		C
reexportMissingDefault.ts	run		E
reexportMissingDefault1.ts	run		E
reexportMissingDefault2.ts	run		E
reexportMissingDefault3.ts	run		E
reexportMissingDefault4.ts	run		C
reexportMissingDefault5.ts	skipped	unsupported module kind System	
reexportMissingDefault6.ts	run		E
reexportMissingDefault7.ts	run		E
reexportMissingDefault8.ts	run		C
reexportNameAliasedAndHoisted.ts	run		C
reexportWrittenCorrectlyInDeclaration.ts	run		C
reexportedMissingAlias.ts	run		E
referenceSatisfiesExpression.ts	run		E
referenceTypesPreferedToPathIfPossible.ts	run		C
regExpEscape.ts	run		C
regExpWithOpenBracketInCharClass(target=es2015).ts	run		E
regExpWithOpenBracketInCharClass(target=es5).ts	skipped	unsupported target ES5	
regExpWithOpenBracketInCharClass(target=esnext).ts	run		E
regExpWithSlashInCharClass.ts	run		C
regexMatchAll-esnext.ts	run		C
regexMatchAll.ts	run		C
regexpExecAndMatchTypeUsages(strict=false).ts	run		E
regexpExecAndMatchTypeUsages(strict=true).ts	run		E
regularExpressionAnnexB.ts	run		E
regularExpressionCharacterClassRangeOrder.ts	run		E
regularExpressionExtendedUnicodeEscapes.ts	run		E
regularExpressionGroupNameSuggestions.ts	run		E
regularExpressionScanning(target=es2015).ts	run		E
regularExpressionScanning(target=es5).ts	skipped	unsupported target ES5	
regularExpressionScanning(target=esnext).ts	run		E
regularExpressionUnicodePropertyValueExpressionSuggestions(target=es2015).ts	run		E
regularExpressionUnicodePropertyValueExpressionSuggestions(target=es5).ts	skipped	unsupported target ES5	
regularExpressionWithNonBMPFlags.ts	run		E
relatedViaDiscriminatedTypeNoError.ts	run		C
relatedViaDiscriminatedTypeNoError2.ts	run		C
relationComplexityError.ts	run		E
relationalOperatorComparable.ts	run		E
relativeNamesInClassicResolution.ts	skipped	unsupported module kind AMD	
relativePathMustResolve.ts	run		E
relativePathToDeclarationFile.ts	skipped	unsupported module resolution kind 1	
renamed.ts	run		E
renamingDestructuredPropertyInFunctionType.ts	run		E
renamingDestructuredPropertyInFunctionType2.ts	run		C
renamingDestructuredPropertyInFunctionType3.ts	run		E
reorderProperties.ts	run		E
requireAsFunctionInExternalModule.ts	run		C
requireAssertsFromTypescript.ts	run		C
requireEmitSemicolon.ts	skipped	unsupported module kind AMD	
requireOfAnEmptyFile1.ts	run		E
requireOfESWithPropertyAccess.ts	run		E
requireOfJsonFile.ts	run		C
requireOfJsonFileInJsFile.ts	run		E
requireOfJsonFileNonRelative.ts	run		C
requireOfJsonFileNonRelativeWithoutExtension.ts	run		E
requireOfJsonFileNonRelativeWithoutExtensionResolvesToTs.ts	run		C
requireOfJsonFileTypes.ts	run		C
requireOfJsonFileWithAlwaysStrictWithoutErrors.ts	run		C
requireOfJsonFileWithAmd.ts	skipped	unsupported module kind AMD	
requireOfJsonFileWithComputedPropertyName.ts	run		E
requireOfJsonFileWithDeclaration.ts	run		C
requireOfJsonFileWithEmptyObject.ts	run		C
requireOfJsonFileWithEmptyObjectWithErrors.ts	run		E
requireOfJsonFileWithErrors.ts	run		E
requireOfJsonFileWithModuleEmitUndefined.ts	run		C
requireOfJsonFileWithModuleNodeResolutionEmitAmd.ts	skipped	unsupported module kind AMD	
requireOfJsonFileWithModuleNodeResolutionEmitAmdOutFile.ts	skipped	unsupported module kind AMD	
requireOfJsonFileWithModuleNodeResolutionEmitEs2015.ts	run		C
requireOfJsonFileWithModuleNodeResolutionEmitEsNext.ts	run		C
requireOfJsonFileWithModuleNodeResolutionEmitSystem.ts	skipped	unsupported module kind System	
requireOfJsonFileWithModuleNodeResolutionEmitUmd.ts	skipped	unsupported module kind UMD	
requireOfJsonFileWithModuleNodeResolutionEmitUndefined.ts	run		C
requireOfJsonFileWithNoContent.ts	run		E
requireOfJsonFileWithSourceMap.ts	run		C
requireOfJsonFileWithTraillingComma.ts	run		C
requireOfJsonFileWithoutAllowJs.ts	run		C
requireOfJsonFileWithoutEsModuleInterop.ts	run		C
requireOfJsonFileWithoutExtension.ts	run		E
requireOfJsonFileWithoutExtensionResolvesToTs.ts	run		C
requireOfJsonFileWithoutOutDir.ts	run		C
requireOfJsonFileWithoutResolveJsonModule.ts	run		E
requireOfJsonFileWithoutResolveJsonModuleAndPathMapping.ts	skipped	unsupported baseUrl /	
requireOfJsonFile_PathMapping.ts	skipped	unsupported baseUrl /	
requireTwoPropertyAccesses.ts	run		C
requiredInitializedParameter1.ts	run		E
requiredInitializedParameter2.ts	run		E
requiredInitializedParameter3.ts	run		C
requiredInitializedParameter4.ts	run		C
requiredMappedTypeModifierTrumpsVariance.ts	run		E
reservedNameOnInterfaceImport.ts	run		E
reservedNameOnModuleImport.ts	run		C
reservedNameOnModuleImportWithInterface.ts	run		E
reservedNamesInAliases.ts	run		E
reservedWords.ts	run		C
reservedWords2.ts	run		E
reservedWords3.ts	run		E
resizableArrayBuffer.ts	run		C
resolutionCandidateFromPackageJsonField1.ts	run		C
resolutionCandidateFromPackageJsonField2.ts	run		E
resolutionModeCache.ts	run		E
resolutionModeImportType1(moduleresolution=bundler).ts	run		C
resolutionModeImportType1(moduleresolution=classic).ts	skipped	unsupported module resolution kind 1	
resolutionModeTripleSlash1.ts	run		E
resolutionModeTripleSlash2.ts	run		E
resolutionModeTripleSlash3.ts	run		E
resolutionModeTripleSlash4.ts	skipped	unsupported module resolution kind 2	
resolutionModeTripleSlash5.ts	skipped	unsupported module resolution kind 2	
resolutionModeTypeOnlyImport1(moduleresolution=bundler).ts	run		C
resolutionModeTypeOnlyImport1(moduleresolution=classic).ts	skipped	unsupported module resolution kind 1	
resolveInterfaceNameWithSameLetDeclarationName1.ts	run		C
resolveInterfaceNameWithSameLetDeclarationName2.ts	run		C
resolveModuleNameWithSameLetDeclarationName1.ts	run		C
resolveModuleNameWithSameLetDeclarationName2.ts	run		C
resolveNameWithNamspace.ts	run		C
resolveTypeAliasWithSameLetDeclarationName1.ts	run		C
resolvesWithoutExportsDiagnostic1(moduleresolution=bundler).ts	run		E
resolvesWithoutExportsDiagnostic1(moduleresolution=node16).ts	run		E
resolvingClassDeclarationWhenInBaseTypeResolution.ts	run		E
restArgAssignmentCompat.ts	run		E
restArgMissingName.ts	run		E
restElementAssignable.ts	run		C
restElementMustBeLast.ts	run		E
restElementWithAssignmentPattern1.ts	run		C
restElementWithAssignmentPattern2.ts	run		E
restElementWithAssignmentPattern3.ts	run		C
restElementWithAssignmentPattern4.ts	run		E
restElementWithAssignmentPattern5.ts	run		C
restElementWithBindingPattern.ts	run		C
restElementWithBindingPattern2.ts	run		E
restElementWithInitializer1.ts	run		E
restElementWithInitializer2.ts	run		E
restElementWithNullInitializer(target=es2015).ts	run		E
restElementWithNullInitializer(target=es5).ts	skipped	unsupported target ES5	
restElementWithNumberPropertyName(target=es2015).ts	run		C
restElementWithNumberPropertyName(target=es5).ts	skipped	unsupported target ES5	
restIntersection.ts	run		E
restInvalidArgumentType.ts	run		E
restParamAsOptional.ts	run		E
restParamModifier.ts	run		E
restParamModifier2.ts	run		E
restParamUsingMappedTypeOverUnionConstraint.ts	run		C
restParameterAssignmentCompatibility.ts	run		C
restParameterInDownlevelGenerator(target=es2015).ts	run		E
restParameterInDownlevelGenerator(target=es5).ts	skipped	unsupported target ES5	
restParameterNoTypeAnnotation.ts	run		C
restParameterNotLast.ts	run		E
restParameterTypeInstantiation.ts	run		C
restParameterWithBindingPattern1.ts	run		C
restParameterWithBindingPattern2.ts	run		C
restParameterWithBindingPattern3.ts	run		E
restParameterWithoutAnnotationIsAnyArray.ts	run		E
restParameters.ts	run		C
restParametersOfNonArrayTypes.ts	run		E
restParametersOfNonArrayTypes2.ts	run		E
restParametersWithArrayTypeAnnotations.ts	run		E
restParamsWithNonRestParams.ts	run		E
restPropertyWithBindingPattern(target=es2015).ts	run		E
restPropertyWithBindingPattern(target=es5).ts	skipped	unsupported target ES5	
restTupleElements1.ts	run		E
restTuplesFromContextualTypes.ts	run		E
restTypeRetainsMappyness.ts	run		C
restUnion.ts	run		E
restUnion2.ts	run		C
restUnion3.ts	run		E
returnConditionalExpressionJSDocCast.ts	run		C
returnInConstructor1.ts	run		E
returnInfiniteIntersection.ts	run		C
returnStatement1.ts	run		C
returnStatementNoAsiAfterTransform(target=es5).ts	skipped	unsupported target ES5	
returnStatementNoAsiAfterTransform(target=esnext).ts	run		C
returnStatements.ts	run		E
returnTagTypeGuard.ts	run		C
returnTypeInferenceContextualParameterTypesInGenerator1.ts	run		C
returnTypeInferenceContextualTypeIgnoreAnyUnknown1.ts	run		C
returnTypeInferenceNotTooBroad.ts	run		C
returnTypeParameter.ts	run		E
returnTypeParameterWithModules.ts	run		C
returnTypePredicateIsInstantiateInContextOfTarget.tsx	run		C
returnTypeTypeArguments.ts	run		E
returnValueInSetter.ts	run		E
reuseInnerModuleMember.ts	run		C
reuseTypeAnnotationImportTypeInGlobalThisTypeArgument.ts	run		E
reverseInferenceInContextualInstantiation.ts	run		E
reverseMappedContravariantInference.ts	run		C
reverseMappedIntersectionInference1.ts	run		C
reverseMappedIntersectionInference2.ts	run		C
reverseMappedPartiallyInferableTypes.ts	run		E
reverseMappedTupleContext.ts	run		C
reverseMappedTypeAssignableToIndex.ts	run		C
reverseMappedTypeContextualTypeNotCircular.ts	run		E
reverseMappedTypeContextualTypesPerElementOfTupleConstraint.ts	run		C
reverseMappedTypeDeepDeclarationEmit.ts	run		C
reverseMappedTypeInferenceSameSource1.ts	run		C
reverseMappedTypeInferenceWidening1.ts	run		C
reverseMappedTypeInferenceWidening2.ts	run		C
reverseMappedTypeIntersectionConstraint.ts	run		E
reverseMappedTypeLimitedConstraint.ts	run		E
reverseMappedTypePrimitiveConstraintProperty.ts	run		C
reverseMappedTypeRecursiveInference.ts	run		C
reverseMappedUnionInference.ts	run		C
reversedRecusiveTypeInstantiation.ts	run		E
satisfiesEmit.ts	run		E
scanner10.1.1-8gs.ts	run		E
scannerAdditiveExpression1.ts	run		E
scannerClass2.ts	run		E
scannerES3NumericLiteral1.ts	run		C
scannerES3NumericLiteral2.ts	run		E
scannerES3NumericLiteral3.ts	run		E
scannerES3NumericLiteral4.ts	run		E
scannerES3NumericLiteral5.ts	run		C
scannerES3NumericLiteral6.ts	run		E
scannerES3NumericLiteral7.ts	run		C
scannerEnum1.ts	run		C
scannerImportDeclaration1.ts	run		E
scannerNonAsciiHorizontalWhitespace.ts	run		C
scannerNumericLiteral1(target=es2015).ts	run		C
scannerNumericLiteral1(target=es5).ts	skipped	unsupported target ES5	
scannerNumericLiteral2(target=es2015).ts	run		E
scannerNumericLiteral2(target=es5).ts	skipped	unsupported target ES5	
scannerNumericLiteral3(target=es2015).ts	run		E
scannerNumericLiteral3(target=es5).ts	skipped	unsupported target ES5	
scannerNumericLiteral4(target=es2015).ts	run		E
scannerNumericLiteral4(target=es5).ts	skipped	unsupported target ES5	
scannerNumericLiteral5(target=es2015).ts	run		C
scannerNumericLiteral5(target=es5).ts	skipped	unsupported target ES5	
scannerNumericLiteral6(target=es2015).ts	run		E
scannerNumericLiteral6(target=es5).ts	skipped	unsupported target ES5	
scannerNumericLiteral7(target=es2015).ts	run		C
scannerNumericLiteral7(target=es5).ts	skipped	unsupported target ES5	
scannerNumericLiteral8(target=es2015).ts	run		E
scannerNumericLiteral8(target=es5).ts	skipped	unsupported target ES5	
scannerNumericLiteral9(target=es2015).ts	run		E
scannerNumericLiteral9(target=es5).ts	skipped	unsupported target ES5	
scannerS7.2_A1.5_T2.ts	run		E
scannerS7.3_A1.1_T2.ts	run		E
scannerS7.4_A2_T2.ts	run		E
scannerS7.6_A4.2_T1.ts	run		E
scannerS7.8.3_A6.1_T1.ts	run		E
scannerS7.8.4_A7.1_T4.ts	run		E
scannerStringLiteralWithContainingNullCharacter1.ts	run		C
scannerStringLiterals.ts	run		E
scannerUnexpectedNullCharacter1.ts	run		E
scannerUnicodeEscapeInKeyword1.ts	run		E
scannerUnicodeEscapeInKeyword2.ts	run		E
scannertest1.ts	run		E
scopeCheckClassProperty.ts	run		C
scopeCheckExtendedClassInsidePublicMethod2.ts	run		E
scopeCheckExtendedClassInsideStaticMethod1.ts	run		E
scopeCheckInsidePublicMethod1.ts	run		E
scopeCheckInsideStaticMethod1.ts	run		E
scopeCheckStaticInitializer.ts	run		E
scopeResolutionIdentifiers.ts	run		C
scopeTests.ts	run		E
scopedPackages.ts	run		C
scopedPackagesClassic.ts	skipped	unsupported module resolution kind 1	
scopingInCatchBlocks.ts	run		E
seeTag1.ts	run		C
seeTag2.ts	run		C
seeTag3.ts	run		C
seeTag4.ts	run		C
selfInCallback.ts	run		C
selfInLambdas.ts	run		C
selfNameAndImportsEmitInclusion.ts	run		C
selfNameModuleAugmentation.ts	run		C
selfRef.ts	run		E
selfReference.ts	run		C
selfReferencesInFunctionParameters.ts	run		E
selfReferencingFile.ts	run		E
selfReferencingFile2.ts	run		E
selfReferencingFile3.ts	run		E
selfReferencingSpreadInLoop.ts	run		E
selfReferencingTypeReferenceInference.ts	run		C
selfReferentialDefaultNoStackOverflow.ts	run		E
selfReferentialFunctionType.ts	run		C
semicolonsInModuleDeclarations.ts	run		E
separate1-1.ts	run		E
separate1-2.ts	run		C
setMethods.ts	run		E
setterBeforeGetter.ts	run		E
setterWithReturn.ts	run		E
shadowPrivateMembers.ts	run		E
shadowedFunctionScopedVariablesByBlockScopedOnes.ts	run		E
shadowedInternalModule.ts	run		E
shadowedReservedCompilerDeclarationsWithNoEmit(target=es2015).ts	run		E
shadowedReservedCompilerDeclarationsWithNoEmit(target=es5).ts	skipped	unsupported target ES5	
shadowingViaLocalValue.ts	run		E
shadowingViaLocalValueOrBindingElement.ts	run		E
sharedMemory.ts	run		C
shebang.ts	run		C
shebangBeforeReferences.ts	run		C
shebangError.ts	run		E
shorthand-property-es5-es6(target=es2015).ts	run		E
shorthand-property-es5-es6(target=es5).ts	skipped	unsupported target ES5	
shorthand-property-es6-amd.ts	skipped	unsupported module kind AMD	
shorthand-property-es6-es6.ts	run		E
shorthandOfExportedEntity01_targetES2015_CommonJS.ts	run		C
shorthandOfExportedEntity02_targetES5_CommonJS(target=es2015).ts	run		C
shorthandOfExportedEntity02_targetES5_CommonJS(target=es5).ts	skipped	unsupported target ES5	
shorthandPropertyAssignmentInES6Module.ts	run		E
shorthandPropertyAssignmentsInDestructuring(target=es2015).ts	run		E
shorthandPropertyAssignmentsInDestructuring(target=es5).ts	skipped	unsupported target ES5	
shorthandPropertyAssignmentsInDestructuring_ES6.ts	run		E
shorthandPropertyUndefined.ts	run		E
shouldNotPrintNullEscapesIntoOctalLiterals.ts	run		C
sideEffectImports1(module=commonjs,nouncheckedsideeffectimports=false).ts	run		C
sideEffectImports1(module=commonjs,nouncheckedsideeffectimports=true).ts	run		E
sideEffectImports1(module=nodenext,nouncheckedsideeffectimports=false).ts	run		C
sideEffectImports1(module=nodenext,nouncheckedsideeffectimports=true).ts	run		E
sideEffectImports1(module=preserve,nouncheckedsideeffectimports=false).ts	run		C
sideEffectImports1(module=preserve,nouncheckedsideeffectimports=true).ts	run		E
sideEffectImports2(noimplicitany=false,nouncheckedsideeffectimports=false).ts	run		C
sideEffectImports2(noimplicitany=false,nouncheckedsideeffectimports=true).ts	run		C
sideEffectImports2(noimplicitany=true,nouncheckedsideeffectimports=false).ts	run		C
sideEffectImports2(noimplicitany=true,nouncheckedsideeffectimports=true).ts	run		C
sideEffectImports3(moduledetection=auto,nouncheckedsideeffectimports=false).ts	run		C
sideEffectImports3(moduledetection=auto,nouncheckedsideeffectimports=true).ts	run		C
sideEffectImports3(moduledetection=force,nouncheckedsideeffectimports=false).ts	run		C
sideEffectImports3(moduledetection=force,nouncheckedsideeffectimports=true).ts	run		C
sideEffectImports3(moduledetection=legacy,nouncheckedsideeffectimports=false).ts	run		C
sideEffectImports3(moduledetection=legacy,nouncheckedsideeffectimports=true).ts	run		C
sideEffectImports4(nouncheckedsideeffectimports=false).ts	run		C
sideEffectImports4(nouncheckedsideeffectimports=true).ts	run		C
sigantureIsSubTypeIfTheyAreIdentical.ts	run		E
signatureCombiningRestParameters1.ts	run		E
signatureCombiningRestParameters2.ts	run		C
signatureCombiningRestParameters3.ts	run		E
signatureCombiningRestParameters4.ts	run		E
signatureCombiningRestParameters5.ts	run		E
signatureInstantiationWithRecursiveConstraints.ts	run		C
signatureLengthMismatchCall.ts	run		E
signatureLengthMismatchInOverload.ts	run		E
signatureLengthMismatchWithOptionalParameters.ts	run		E
signatureOverloadsWithComments.ts	run		C
signaturesUseJSDocForOptionalParameters.ts	skipped	unsupported outFile /.src/out_1.js	
silentNeverPropagation.ts	run		C
simpleArrowFunctionParameterReferencedInObjectLiteral1.ts	run		C
simpleRecursionWithBaseCase1.ts	run		E
simpleRecursionWithBaseCase2.ts	run		C
simpleRecursionWithBaseCase3.ts	run		C
simpleRecursionWithBaseCase4.ts	run		C
simplifyingConditionalWithInteriorConditionalIsRelated.ts	run		C
singletonLabeledTuple.ts	run		C
slashBeforeVariableDeclaration1.ts	run		E
sliceResultCast.ts	run		C
slightlyIndirectedDeepObjectLiteralElaborations.ts	run		E
sourceFileMergeWithFunction.ts	run		C
sourceMap-Comment1(target=es2015).ts	run		C
sourceMap-Comment1(target=es5).ts	skipped	unsupported target ES5	
sourceMap-Comments(target=es2015).ts	run		C
sourceMap-Comments(target=es5).ts	skipped	unsupported target ES5	
sourceMap-Comments2(target=es2015).ts	run		C
sourceMap-Comments2(target=es5).ts	skipped	unsupported target ES5	
sourceMap-EmptyFile1(target=es2015).ts	run		C
sourceMap-EmptyFile1(target=es5).ts	skipped	unsupported target ES5	
sourceMap-FileWithComments.ts	run		C
sourceMap-InterfacePrecedingVariableDeclaration1(target=es2015).ts	run		C
sourceMap-InterfacePrecedingVariableDeclaration1(target=es5).ts	skipped	unsupported target ES5	
sourceMap-LineBreaks(target=es2015).ts	run		C
sourceMap-LineBreaks(target=es5).ts	skipped	unsupported target ES5	
sourceMap-NewLine1(target=es2015).ts	run		C
sourceMap-NewLine1(target=es5).ts	skipped	unsupported target ES5	
sourceMap-SemiColon1(target=es2015).ts	run		C
sourceMap-SemiColon1(target=es5).ts	skipped	unsupported target ES5	
sourceMap-SingleSpace1(target=es2015).ts	run		C
sourceMap-SingleSpace1(target=es5).ts	skipped	unsupported target ES5	
sourceMap-SkippedNode.ts	run		C
sourceMap-StringLiteralWithNewLine(target=es2015).ts	run		C
sourceMap-StringLiteralWithNewLine(target=es5).ts	skipped	unsupported target ES5	
sourceMapForFunctionInInternalModuleWithCommentPrecedingStatement01.ts	run		C
sourceMapForFunctionWithCommentPrecedingStatement01.ts	run		C
sourceMapPercentEncoded.ts	run		C
sourceMapSample.ts	run		E
sourceMapValidationClass(target=es2015).ts	run		E
sourceMapValidationClass(target=es5).ts	skipped	unsupported target ES5	
sourceMapValidationClassWithDefaultConstructor.ts	run		C
sourceMapValidationClassWithDefaultConstructorAndCapturedThisStatement.ts	run		C
sourceMapValidationClassWithDefaultConstructorAndExtendsClause.ts	run		C
sourceMapValidationClasses.ts	run		C
sourceMapValidationDebugger.ts	run		C
sourceMapValidationDecorators(target=es2015).ts	run		E
sourceMapValidationDecorators(target=es5).ts	skipped	unsupported target ES5	
sourceMapValidationDestructuringForArrayBindingPattern(target=es2015).ts	run		E
sourceMapValidationDestructuringForArrayBindingPattern(target=es5).ts	skipped	unsupported target ES5	
sourceMapValidationDestructuringForArrayBindingPattern2(target=es2015).ts	run		C
sourceMapValidationDestructuringForArrayBindingPattern2(target=es5).ts	skipped	unsupported target ES5	
sourceMapValidationDestructuringForArrayBindingPatternDefaultValues(target=es2015).ts	run		C
sourceMapValidationDestructuringForArrayBindingPatternDefaultValues(target=es5).ts	skipped	unsupported target ES5	
sourceMapValidationDestructuringForArrayBindingPatternDefaultValues2(target=es2015).ts	run		C
sourceMapValidationDestructuringForArrayBindingPatternDefaultValues2(target=es5).ts	skipped	unsupported target ES5	
sourceMapValidationDestructuringForObjectBindingPattern.ts	run		C
sourceMapValidationDestructuringForObjectBindingPattern2.ts	run		C
sourceMapValidationDestructuringForObjectBindingPatternDefaultValues.ts	run		C
sourceMapValidationDestructuringForObjectBindingPatternDefaultValues2.ts	run		C
sourceMapValidationDestructuringForOfArrayBindingPattern(target=es2015).ts	run		C
sourceMapValidationDestructuringForOfArrayBindingPattern(target=es5).ts	skipped	unsupported target ES5	
sourceMapValidationDestructuringForOfArrayBindingPattern2(target=es2015).ts	run		C
sourceMapValidationDestructuringForOfArrayBindingPattern2(target=es5).ts	skipped	unsupported target ES5	
sourceMapValidationDestructuringForOfArrayBindingPatternDefaultValues(target=es2015).ts	run		C
sourceMapValidationDestructuringForOfArrayBindingPatternDefaultValues(target=es5).ts	skipped	unsupported target ES5	
sourceMapValidationDestructuringForOfArrayBindingPatternDefaultValues2(target=es2015).ts	run		C
sourceMapValidationDestructuringForOfArrayBindingPatternDefaultValues2(target=es5).ts	skipped	unsupported target ES5	
sourceMapValidationDestructuringForOfObjectBindingPattern(target=es2015).ts	run		C
sourceMapValidationDestructuringForOfObjectBindingPattern(target=es5).ts	skipped	unsupported target ES5	
sourceMapValidationDestructuringForOfObjectBindingPattern2(target=es2015).ts	run		E
sourceMapValidationDestructuringForOfObjectBindingPattern2(target=es5).ts	skipped	unsupported target ES5	
sourceMapValidationDestructuringForOfObjectBindingPatternDefaultValues(target=es2015).ts	run		C
sourceMapValidationDestructuringForOfObjectBindingPatternDefaultValues(target=es5).ts	skipped	unsupported target ES5	
sourceMapValidationDestructuringForOfObjectBindingPatternDefaultValues2(target=es2015).ts	run		E
sourceMapValidationDestructuringForOfObjectBindingPatternDefaultValues2(target=es5).ts	skipped	unsupported target ES5	
sourceMapValidationDestructuringParameterNestedObjectBindingPattern.ts	run		C
sourceMapValidationDestructuringParameterNestedObjectBindingPatternDefaultValues.ts	run		E
sourceMapValidationDestructuringParameterObjectBindingPattern.ts	run		C
sourceMapValidationDestructuringParameterObjectBindingPatternDefaultValues.ts	run		C
sourceMapValidationDestructuringParametertArrayBindingPattern(target=es2015).ts	run		C
sourceMapValidationDestructuringParametertArrayBindingPattern(target=es5).ts	skipped	unsupported target ES5	
sourceMapValidationDestructuringParametertArrayBindingPattern2(target=es2015).ts	run		C
sourceMapValidationDestructuringParametertArrayBindingPattern2(target=es5).ts	skipped	unsupported target ES5	
sourceMapValidationDestructuringParametertArrayBindingPatternDefaultValues(target=es2015).ts	run		C
sourceMapValidationDestructuringParametertArrayBindingPatternDefaultValues(target=es5).ts	skipped	unsupported target ES5	
sourceMapValidationDestructuringParametertArrayBindingPatternDefaultValues2(target=es2015).ts	run		C
sourceMapValidationDestructuringParametertArrayBindingPatternDefaultValues2(target=es5).ts	skipped	unsupported target ES5	
sourceMapValidationDestructuringVariableStatement.ts	run		C
sourceMapValidationDestructuringVariableStatement1.ts	run		C
sourceMapValidationDestructuringVariableStatementArrayBindingPattern(target=es2015).ts	run		C
sourceMapValidationDestructuringVariableStatementArrayBindingPattern(target=es5).ts	skipped	unsupported target ES5	
sourceMapValidationDestructuringVariableStatementArrayBindingPattern2(target=es2015).ts	run		C
sourceMapValidationDestructuringVariableStatementArrayBindingPattern2(target=es5).ts	skipped	unsupported target ES5	
sourceMapValidationDestructuringVariableStatementArrayBindingPattern3(target=es2015).ts	run		C
sourceMapValidationDestructuringVariableStatementArrayBindingPattern3(target=es5).ts	skipped	unsupported target ES5	
sourceMapValidationDestructuringVariableStatementArrayBindingPattern4.ts	run		C
sourceMapValidationDestructuringVariableStatementArrayBindingPattern5.ts	run		C
sourceMapValidationDestructuringVariableStatementArrayBindingPattern6.ts	run		C
sourceMapValidationDestructuringVariableStatementArrayBindingPattern7.ts	run		C
sourceMapValidationDestructuringVariableStatementArrayBindingPatternDefaultValues(target=es2015).ts	run		C
sourceMapValidationDestructuringVariableStatementArrayBindingPatternDefaultValues(target=es5).ts	skipped	unsupported target ES5	
sourceMapValidationDestructuringVariableStatementArrayBindingPatternDefaultValues2(target=es2015).ts	run		C
sourceMapValidationDestructuringVariableStatementArrayBindingPatternDefaultValues2(target=es5).ts	skipped	unsupported target ES5	
sourceMapValidationDestructuringVariableStatementArrayBindingPatternDefaultValues3(target=es2015).ts	run		C
sourceMapValidationDestructuringVariableStatementArrayBindingPatternDefaultValues3(target=es5).ts	skipped	unsupported target ES5	
sourceMapValidationDestructuringVariableStatementDefaultValues.ts	run		C
sourceMapValidationDestructuringVariableStatementNestedObjectBindingPattern.ts	run		C
sourceMapValidationDestructuringVariableStatementNestedObjectBindingPatternWithDefaultValues.ts	run		C
sourceMapValidationDestructuringVariableStatementObjectBindingPattern1.ts	run		C
sourceMapValidationDestructuringVariableStatementObjectBindingPattern2.ts	run		C
sourceMapValidationDestructuringVariableStatementObjectBindingPattern3.ts	run		C
sourceMapValidationDestructuringVariableStatementObjectBindingPattern4.ts	run		C
sourceMapValidationDo.ts	run		C
sourceMapValidationEnums.ts	run		E
sourceMapValidationExportAssignment.ts	skipped	unsupported module kind AMD	
sourceMapValidationExportAssignmentCommonjs.ts	run		C
sourceMapValidationFor.ts	run		E
sourceMapValidationForIn.ts	run		C
sourceMapValidationFunctionExpressions.ts	run		C
sourceMapValidationFunctionPropertyAssignment.ts	run		C
sourceMapValidationFunctions.ts	run		C
sourceMapValidationIfElse.ts	run		C
sourceMapValidationImport.ts	run		C
sourceMapValidationLabeled.ts	run		E
sourceMapValidationLambdaSpanningMultipleLines.ts	run		C
sourceMapValidationModule.ts	run		C
sourceMapValidationStatements.ts	run		E
sourceMapValidationSwitch.ts	run		C
sourceMapValidationTryCatchFinally.ts	run		C
sourceMapValidationVarInDownLevelGenerator(target=es2015).ts	run		E
sourceMapValidationVarInDownLevelGenerator(target=es5).ts	skipped	unsupported target ES5	
sourceMapValidationVariables.ts	run		C
sourceMapValidationWhile.ts	run		C
sourceMapValidationWithComments.ts	run		C
sourceMapWithCaseSensitiveFileNames.ts	skipped	unsupported outFile /.src/testfiles/fooResult.js	
sourceMapWithCaseSensitiveFileNamesAndOutDir.ts	run		C
sourceMapWithMultipleFilesWithCopyright.ts	skipped	unsupported outFile /.src/a.js	
sourceMapWithMultipleFilesWithFileEndingWithInterface.ts	skipped	unsupported outFile /.src/fooResult.js	
sourceMapWithNonCaseSensitiveFileNames.ts	skipped	unsupported outFile /.src/testfiles/fooResult.js	
sourceMapWithNonCaseSensitiveFileNamesAndOutDir.ts	run		C
sourcemapValidationDuplicateNames.ts	run		C
spaceBeforeQuestionMarkInPropertyAssignment.ts	run		E
specedNoStackBlown.ts	run		C
specialIntersectionsInMappedTypes.ts	run		E
specializationError.ts	run		C
specializationOfExportedClass.ts	run		C
specializationsShouldNotAffectEachOther.ts	run		C
specializeVarArgs1.ts	run		C
specializedInheritedConstructors1.ts	run		E
specializedLambdaTypeArguments.ts	run		E
specializedOverloadWithRestParameters.ts	run		C
specializedSignatureAsCallbackParameter1.ts	run		E
specializedSignatureInInterface.ts	run		C
specializedSignatureIsNotSubtypeOfNonSpecializedSignature.ts	run		E
specializedSignatureIsSubtypeOfNonSpecializedSignature.ts	run		C
specializedSignatureOverloadReturnTypeWithIndexers.ts	run		C
specializedSignatureWithOptional.ts	run		C
spellingSuggestionGlobal1.ts	run		E
spellingSuggestionGlobal2.ts	run		E
spellingSuggestionGlobal3.ts	run		E
spellingSuggestionGlobal4.ts	run		E
spellingSuggestionJSXAttribute.tsx	run		E
spellingSuggestionLeadingUnderscores01.ts	run		E
spellingSuggestionModule.ts	run		E
spellingUncheckedJS.ts	run		C
spliceTuples.ts	run		E
spreadBooleanRespectsFreshness.ts	run		C
spreadContextualTypedBindingPattern.ts	run		C
spreadDuplicate.ts	run		E
spreadDuplicateExact.ts	run		E
spreadExcessProperty.ts	run		C
spreadExpressionContainingObjectExpressionContextualType.ts	run		C
spreadExpressionContextualType.ts	run		C
spreadExpressionContextualTypeWithNamespace.ts	run		C
spreadIdenticalTypesRemoved.ts	run		C
spreadIntersection.ts	run		E
spreadIntersectionJsx.tsx	run		E
spreadInvalidArgumentType.ts	run		E
spreadMethods.ts	run		E
spreadNonObject1.ts	run		E
spreadNonPrimitive.ts	run		C
spreadObjectNoCircular1.ts	run		C
spreadObjectOrFalsy.ts	run		E
spreadObjectPermutations(exactoptionalpropertytypes=false).ts	run		C
spreadObjectPermutations(exactoptionalpropertytypes=true).ts	run		C
spreadObjectWithIndexDoesNotAddUndefinedToLocalIndex.ts	run		C
spreadOfObjectLiteralAssignableToIndexSignature.ts	run		C
spreadOfParamsFromGeneratorMakesRequiredParams.ts	run		E
spreadOverwritesProperty.ts	run		E
spreadOverwritesPropertyStrict.ts	run		E
spreadParameterTupleType.ts	run		C
spreadTupleAccessedByTypeParameter.ts	run		C
spreadTypeRemovesReadonly.ts	run		C
spreadTypeVariable.ts	run		E
spreadUnion.ts	run		E
spreadUnion2.ts	run		E
spreadUnion3.ts	run		E
spreadUnion4.ts	run		C
spreadUnionPropOverride.ts	run		E
spreadsAndContextualTupleTypes.ts	run		C
spuriousCircularityOnTypeImport.ts	run		C
spyComparisonChecking.ts	run		E
stableTypeOrdering(stabletypeordering=false).ts	run		C
stableTypeOrdering(stabletypeordering=true).ts	run		C
stackDepthLimitCastingType.ts	run		C
standaloneBreak.ts	run		E
staticAndMemberFunctions.ts	run		C
staticAndNonStaticPropertiesSameName.ts	run		E
staticAnonymousTypeNotReferencingTypeParameter.ts	run		E
staticAsIdentifier.ts	run		E
staticAutoAccessors(target=es2017).ts	run		C
staticAutoAccessors(target=es2022).ts	run		C
staticAutoAccessorsWithDecorators(target=es2017).ts	run		C
staticAutoAccessorsWithDecorators(target=es2022).ts	run		C
staticClassMemberError.ts	run		E
staticClassProps.ts	run		E
staticFactory1.ts	run		C
staticFieldWithInterfaceContext.ts	run		C
staticGetter1.ts	run		C
staticGetter2.ts	run		C
staticGetterAndSetter.ts	run		C
staticIndexSignature1.ts	run		E
staticIndexSignature2.ts	run		E
staticIndexSignature3.ts	run		E
staticIndexSignature4.ts	run		E
staticIndexSignature5.ts	run		E
staticIndexSignature6.ts	run		C
staticIndexSignature7.ts	run		E
staticIndexSignatureAndNormalIndexSignature.ts	run		C
staticIndexers.ts	run		E
staticInheritance.ts	run		C
staticInitializersAndLegacyClassDecorators.ts	run		C
staticInstanceResolution.ts	run		E
staticInstanceResolution2.ts	run		C
staticInstanceResolution3.ts	run		E
staticInstanceResolution4.ts	run		E
staticInstanceResolution5.ts	run		E
staticInterfaceAssignmentCompat.ts	run		C
staticMemberAccessOffDerivedType1.ts	run		C
staticMemberAssignsToConstructorFunctionMembers.ts	run		E
staticMemberExportAccess.ts	run		E
staticMemberInitialization.ts	run		C
staticMemberOfClassAndPublicMemberOfAnotherClassAssignment.ts	run		E
staticMemberWithStringAndNumberNames.ts	run		C
staticMembersUsingClassTypeParameter.ts	run		E
staticMethodReferencingTypeArgument1.ts	run		E
staticMethodWithTypeParameterExtendsClauseDeclFile.ts	run		C
staticMethodsReferencingClassTypeParameters.ts	run		E
staticMismatchBecauseOfPrototype.ts	run		E
staticModifierAlreadySeen.ts	run		E
staticMustPrecedePublic.ts	run		E
staticOffOfInstance1.ts	run		E
staticOffOfInstance2.ts	run		E
staticPropSuper.ts	run		E
staticPropertyAndFunctionWithSameName.ts	run		E
staticPropertyNameConflicts(target=es2015,usedefineforclassfields=false).ts	run		E
staticPropertyNameConflicts(target=es2015,usedefineforclassfields=true).ts	run		E
staticPropertyNameConflicts(target=es5,usedefineforclassfields=false).ts	skipped	unsupported target ES5	
staticPropertyNameConflicts(target=es5,usedefineforclassfields=true).ts	skipped	unsupported target ES5	
staticPropertyNameConflictsInAmbientContext.ts	run		C
staticPropertyNotInClassType.ts	run		E
staticPrototypeProperty.ts	run		E
staticPrototypePropertyOnClass.ts	run		C
staticVisibility.ts	run		E
staticVisibility2.ts	run		E
statics.ts	run		E
staticsInAFunction.ts	run		E
staticsInConstructorBodies.ts	run		E
staticsNotInScopeInClodule.ts	run		E
stradac.ts	run		C
strictBindCallApply1.ts	run		E
strictBindCallApply2.ts	run		C
strictBooleanMemberAssignability.ts	run		C
strictFunctionTypes1.ts	run		C
strictFunctionTypesErrors.ts	run		E
strictModeEnumMemberNameReserved.ts	run		C
strictModeInConstructor.ts	run		E
strictModeOctalLiterals.ts	run		E
strictModeReservedWord.ts	run		E
strictModeReservedWord2.ts	run		E
strictModeReservedWordInClassDeclaration.ts	run		E
strictModeReservedWordInDestructuring.ts	run		E
strictModeReservedWordInImportEqualDeclaration.ts	run		E
strictModeReservedWordInModuleDeclaration.ts	run		E
strictModeUseContextualKeyword.ts	run		C
strictModeWordInExportDeclaration.ts	run		C
strictModeWordInImportDeclaration.ts	run		E
strictNullChecksNoWidening.ts	run		C
strictNullEmptyDestructuring(target=es2015).ts	run		E
strictNullEmptyDestructuring(target=es5).ts	skipped	unsupported target ES5	
strictNullLogicalAndOr.ts	run		C
strictNullNotNullIndexTypeNoLib.ts	run		E
strictNullNotNullIndexTypeShouldWork.ts	run		C
strictOptionalProperties1.ts	run		E
strictOptionalProperties2.ts	run		C
strictOptionalProperties3.ts	run		E
strictOptionalProperties4.ts	run		C
strictPropertyInitialization.ts	run		E
strictSubtypeAndNarrowing.ts	run		E
strictTupleLength.ts	run		E
strictTypeofUnionNarrowing.ts	run		C
stringEnumInElementAccess01.ts	run		C
stringEnumLiteralTypes1.ts	run		C
stringEnumLiteralTypes2.ts	run		C
stringEnumLiteralTypes3.ts	run		E
stringHasStringValuedNumericIndexer.ts	run		C
stringIncludes.ts	run		C
stringIndexerAndConstructor.ts	run		E
stringIndexerAndConstructor1.ts	run		E
stringIndexerAssignments1.ts	run		E
stringIndexerAssignments2.ts	run		E
stringIndexerConstrainsPropertyDeclarations.ts	run		E
stringIndexerConstrainsPropertyDeclarations2.ts	run		E
stringIndexingResults.ts	run		E
stringLiteralCheckedInIf01.ts	run		C
stringLiteralCheckedInIf02.ts	run		C
stringLiteralMatchedInSwitch01.ts	run		E
stringLiteralObjectLiteralDeclaration1.ts	run		C
stringLiteralPropertyNameWithLineContinuation1.ts	run		C
stringLiteralType.ts	run		C
stringLiteralTypeAssertion01.ts	run		E
stringLiteralTypeIsSubtypeOfString.ts	run		E
stringLiteralTypesAndLogicalOrExpressions01.ts	run		C
stringLiteralTypesAndParenthesizedExpressions01.ts	run		E
stringLiteralTypesAndTuples01.ts	run		C
stringLiteralTypesAsTags01.ts	run		C
stringLiteralTypesAsTags02.ts	run		C
stringLiteralTypesAsTags03.ts	run		C
stringLiteralTypesAsTypeParameterConstraint01.ts	run		C
stringLiteralTypesAsTypeParameterConstraint02.ts	run		C
stringLiteralTypesInImplementationSignatures.ts	run		C
stringLiteralTypesInImplementationSignatures2.ts	run		E
stringLiteralTypesInUnionTypes01.ts	run		C
stringLiteralTypesInUnionTypes02.ts	run		C
stringLiteralTypesInUnionTypes03.ts	run		C
stringLiteralTypesInUnionTypes04.ts	run		C
stringLiteralTypesInVariableDeclarations01.ts	run		E
stringLiteralTypesOverloadAssignability01.ts	run		E
stringLiteralTypesOverloadAssignability02.ts	run		E
stringLiteralTypesOverloadAssignability03.ts	run		C
stringLiteralTypesOverloadAssignability04.ts	run		C
stringLiteralTypesOverloadAssignability05.ts	run		E
stringLiteralTypesOverloads01.ts	run		C
stringLiteralTypesOverloads02.ts	run		C
stringLiteralTypesOverloads03.ts	run		E
stringLiteralTypesOverloads04.ts	run		C
stringLiteralTypesOverloads05.ts	run		E
stringLiteralTypesTypePredicates01.ts	run		C
stringLiteralTypesWithTemplateStrings01.ts	run		C
stringLiteralTypesWithTemplateStrings02.ts	run		E
stringLiteralTypesWithVariousOperators01.ts	run		C
stringLiteralTypesWithVariousOperators02.ts	run		E
stringLiteralsAssertionsInEqualityComparisons01.ts	run		C
stringLiteralsAssertionsInEqualityComparisons02.ts	run		E
stringLiteralsAssignedToStringMappings.ts	run		E
stringLiteralsErrors.ts	run		E
stringLiteralsWithEqualityChecks01.ts	run		E
stringLiteralsWithEqualityChecks02.ts	run		E
stringLiteralsWithEqualityChecks03.ts	run		E
stringLiteralsWithEqualityChecks04.ts	run		E
stringLiteralsWithSwitchStatements01.ts	run		E
stringLiteralsWithSwitchStatements02.ts	run		E
stringLiteralsWithSwitchStatements03.ts	run		E
stringLiteralsWithSwitchStatements04.ts	run		E
stringLiteralsWithTypeAssertions01.ts	run		E
stringMappingAssignability.ts	run		E
stringMappingDeferralInConditionalTypes.ts	run		C
stringMappingOverPatternLiterals.ts	run		E
stringMappingReduction.ts	run		C
stringMatchAll.ts	run		C
stringNamedPropertyAccess.ts	run		E
stringNamedPropertyDuplicates.ts	run		E
stringPropCodeGen.ts	run		C
stringPropertyAccess.ts	run		C
stringPropertyAccessWithError.ts	run		E
stringRawType.ts	run		C
stringTrim.ts	run		C
stripInternal1.ts	run		C
stripMembersOptionality(exactoptionalpropertytypes=false).ts	run		C
stripMembersOptionality(exactoptionalpropertytypes=true).ts	run		C
structural1.ts	run		C
structuralTypeInDeclareFileForModule.ts	run		C
styleOptions.ts	run		C
styledComponentsInstantiaionLimitNotReached.ts	run		E
subSubClassCanAccessProtectedConstructor.ts	run		C
subclassThisTypeAssignable01.ts	run		E
subclassThisTypeAssignable02.ts	run		C
subclassUint8Array.ts	run		C
subclassWithPolymorphicThisIsAssignable.ts	run		C
substituteReturnTypeSatisfiesConstraint.ts	run		C
substitutionTypeForIndexedAccessType1.ts	run		C
substitutionTypeForIndexedAccessType2.ts	run		C
substitutionTypeForNonGenericIndexedAccessType.ts	run		C
substitutionTypeNoMergeOfAssignableType.ts	run		C
substitutionTypePassedToExtends.ts	run		C
substitutionTypesCompareCorrectlyInRestrictiveInstances.ts	run		C
substitutionTypesInIndexedAccessTypes.ts	run		C
subtypeReductionUnionConstraints.ts	run		C
subtypeReductionWithAnyFunctionType.ts	run		E
subtypeRelationForNever.ts	run		C
subtypesOfAny.ts	run		C
subtypesOfTypeParameter.ts	run		E
subtypesOfTypeParameterWithConstraints.ts	run		E
subtypesOfTypeParameterWithConstraints2.ts	run		E
subtypesOfTypeParameterWithConstraints3.ts	run		C
subtypesOfTypeParameterWithConstraints4.ts	run		E
subtypesOfTypeParameterWithRecursiveConstraints.ts	run		E
subtypesOfUnion.ts	run		E
subtypingTransitivity.ts	run		E
subtypingWithCallSignatures.ts	run		C
subtypingWithCallSignatures2.ts	run		E
subtypingWithCallSignatures3.ts	run		E
subtypingWithCallSignatures4.ts	run		C
subtypingWithCallSignaturesA.ts	run		E
subtypingWithCallSignaturesWithOptionalParameters.ts	run		E
subtypingWithCallSignaturesWithRestParameters.ts	run		E
subtypingWithCallSignaturesWithSpecializedSignatures.ts	run		E
subtypingWithConstructSignatures.ts	run		E
subtypingWithConstructSignatures2.ts	run		E
subtypingWithConstructSignatures3.ts	run		E
subtypingWithConstructSignatures4.ts	run		C
subtypingWithConstructSignatures5.ts	run		E
subtypingWithConstructSignatures6.ts	run		E
subtypingWithConstructSignaturesWithOptionalParameters.ts	run		E
subtypingWithConstructSignaturesWithSpecializedSignatures.ts	run		E
subtypingWithGenericCallSignaturesWithOptionalParameters.ts	run		E
subtypingWithGenericConstructSignaturesWithOptionalParameters.ts	run		E
subtypingWithNumericIndexer.ts	run		E
subtypingWithNumericIndexer2.ts	run		E
subtypingWithNumericIndexer3.ts	run		E
subtypingWithNumericIndexer4.ts	run		E
subtypingWithNumericIndexer5.ts	run		E
subtypingWithObjectMembers.ts	run		E
subtypingWithObjectMembers2.ts	run		E
subtypingWithObjectMembers3.ts	run		E
subtypingWithObjectMembers4.ts	run		E
subtypingWithObjectMembers5.ts	run		E
subtypingWithObjectMembersAccessibility.ts	run		E
subtypingWithObjectMembersAccessibility2.ts	run		E
subtypingWithObjectMembersOptionality.ts	run		E
subtypingWithObjectMembersOptionality2.ts	run		E
subtypingWithObjectMembersOptionality3.ts	run		E
subtypingWithObjectMembersOptionality4.ts	run		E
subtypingWithOptionalProperties.ts	run		E
subtypingWithStringIndexer.ts	run		E
subtypingWithStringIndexer2.ts	run		E
subtypingWithStringIndexer3.ts	run		E
subtypingWithStringIndexer4.ts	run		E
super.ts	run		E
super1.ts	run		E
super2.ts	run		C
superAccess(target=es2015).ts	run		E
superAccess(target=es5).ts	skipped	unsupported target ES5	
superAccess2.ts	run		E
superAccessCastedCall.ts	run		C
superAccessInFatArrow1.ts	run		C
superCallArgsMustMatch.ts	run		E
superCallAssignResult.ts	run		E
superCallBeforeThisAccessing1.ts	run		C
superCallBeforeThisAccessing2.ts	run		C
superCallBeforeThisAccessing3.ts	run		E
superCallBeforeThisAccessing4.ts	run		E
superCallBeforeThisAccessing5.ts	run		C
superCallBeforeThisAccessing6.ts	run		E
superCallBeforeThisAccessing7.ts	run		E
superCallBeforeThisAccessing8.ts	run		C
superCallFromClassThatDerivesFromGenericType1.ts	run		C
superCallFromClassThatDerivesFromGenericType2.ts	run		C
superCallFromClassThatDerivesFromGenericTypeButWithIncorrectNumberOfTypeArguments1.ts	run		E
superCallFromClassThatDerivesFromGenericTypeButWithNoTypeArguments1.ts	run		E
superCallFromClassThatDerivesNonGenericTypeButWithTypeArguments1.ts	run		E
superCallFromClassThatHasNoBaseType1.ts	run		E
superCallFromClassThatHasNoBaseTypeButWithSameSymbolInterface.ts	run		E
superCallFromFunction1.ts	run		E
superCallInConstructorWithNoBaseType.ts	run		E
superCallInNonStaticMethod.ts	run		C
superCallInStaticMethod.ts	run		C
superCallInsideClassDeclaration.ts	run		E
superCallInsideClassExpression.ts	run		E
superCallInsideObjectLiteralExpression.ts	run		C
superCallOutsideConstructor.ts	run		E
superCallParameterContextualTyping1.ts	run		C
superCallParameterContextualTyping2.ts	run		E
superCallParameterContextualTyping3.ts	run		C
superCallWithCommentEmit01.ts	run		C
superCallWithMissingBaseClass.ts	run		E
superCalls.ts	run		C
superCallsInConstructor.ts	run		E
superElementAccess.ts	run		C
superErrors.ts	run		E
superHasMethodsFromMergedInterface.ts	run		C
superInCatchBlock1.ts	run		C
superInConstructorParam1.ts	run		E
superInLambdas(target=es2015).ts	run		E
superInLambdas(target=es5).ts	skipped	unsupported target ES5	
superInObjectLiterals_ES5(target=es2015).ts	run		E
superInObjectLiterals_ES5(target=es5).ts	skipped	unsupported target ES5	
superInObjectLiterals_ES6.ts	run		E
superInStaticMembers1(target=es2015).ts	run		E
superInStaticMembers1(target=es2021).ts	run		E
superInStaticMembers1(target=es2022).ts	run		C
superInStaticMembers1(target=es5).ts	skipped	unsupported target ES5	
superInStaticMembers1(target=esnext).ts	run		C
superMethodCall.ts	run		C
superNewCall1.ts	run		E
superNoModifiersCrash.ts	run		C
superPropertyAccess(target=es2015).ts	run		E
superPropertyAccess(target=es5).ts	skipped	unsupported target ES5	
superPropertyAccess1(target=es2015).ts	run		C
superPropertyAccess1(target=es5).ts	skipped	unsupported target ES5	
superPropertyAccess2(target=es2015).ts	run		E
superPropertyAccess2(target=es5).ts	skipped	unsupported target ES5	
superPropertyAccessInComputedPropertiesOfNestedType_ES5(target=es2015).ts	run		C
superPropertyAccessInComputedPropertiesOfNestedType_ES5(target=es5).ts	skipped	unsupported target ES5	
superPropertyAccessInComputedPropertiesOfNestedType_ES6.ts	run		C
superPropertyAccessInSuperCall01.ts	run		E
superPropertyAccessNoError(target=es2015).ts	run		C
superPropertyAccessNoError(target=es5).ts	skipped	unsupported target ES5	
superPropertyAccess_ES5(target=es2015).ts	run		E
superPropertyAccess_ES5(target=es5).ts	skipped	unsupported target ES5	
superPropertyAccess_ES6.ts	run		E
superPropertyElementNoUnusedLexicalThisCapture.ts	run		C
superPropertyInConstructorBeforeSuperCall.ts	run		E
superSymbolIndexedAccess1.ts	run		C
superSymbolIndexedAccess2.ts	run		C
superSymbolIndexedAccess3.ts	run		E
superSymbolIndexedAccess4.ts	run		E
superSymbolIndexedAccess5(target=es2015).ts	run		C
superSymbolIndexedAccess5(target=es5).ts	skipped	unsupported target ES5	
superSymbolIndexedAccess6(target=es2015).ts	run		C
superSymbolIndexedAccess6(target=es5).ts	skipped	unsupported target ES5	
superWithGenericSpecialization.ts	run		E
superWithGenerics.ts	run		C
superWithTypeArgument.ts	run		E
superWithTypeArgument2.ts	run		E
superWithTypeArgument3.ts	run		E
super_inside-object-literal-getters-and-setters(target=es2015).ts	run		E
super_inside-object-literal-getters-and-setters(target=es5).ts	skipped	unsupported target ES5	
switchAssignmentCompat.ts	run		E
switchBreakStatements.ts	run		E
switchCaseCircularRefeference.ts	run		E
switchCaseInternalComments.ts	run		C
switchCaseNarrowsMatchingClausesEvenWhenNonMatchingClausesExist.ts	run		C
switchCaseWithIntersectionTypes01.ts	run		E
switchCaseWithUnionTypes01.ts	run		E
switchCases.ts	run		E
switchCasesExpressionTypeMismatch.ts	run		E
switchComparableCompatForBrands.ts	run		E
switchFallThroughs.ts	run		C
switchStatements.ts	run		E
switchStatementsWithMultipleDefaults.ts	run		E
switchStatementsWithMultipleDefaults1.ts	run		E
switchWithConstrainedTypeVariable.ts	run		C
symbolDeclarationEmit1.ts	run		E
symbolDeclarationEmit10.ts	run		C
symbolDeclarationEmit11.ts	run		C
symbolDeclarationEmit12.ts	run		E
symbolDeclarationEmit13.ts	run		C
symbolDeclarationEmit14.ts	run		C
symbolDeclarationEmit2.ts	run		C
symbolDeclarationEmit3.ts	run		C
symbolDeclarationEmit4.ts	run		C
symbolDeclarationEmit5.ts	run		C
symbolDeclarationEmit6.ts	run		C
symbolDeclarationEmit7.ts	run		C
symbolDeclarationEmit8.ts	run		C
symbolDeclarationEmit9.ts	run		C
symbolLinkDeclarationEmitModuleNames.ts	run		E
symbolLinkDeclarationEmitModuleNamesImportRef.ts	run		C
symbolLinkDeclarationEmitModuleNamesRootDir.ts	run		C
symbolMergeValueAndImportedType.ts	run		C
symbolObserverMismatchingPolyfillsWorkTogether.ts	run		C
symbolProperty1.ts	run		E
symbolProperty10.ts	run		E
symbolProperty11.ts	run		C
symbolProperty12.ts	run		E
symbolProperty13.ts	run		C
symbolProperty14.ts	run		C
symbolProperty15.ts	run		C
symbolProperty16.ts	run		C
symbolProperty17.ts	run		E
symbolProperty18.ts	run		C
symbolProperty19.ts	run		C
symbolProperty2.ts	run		C
symbolProperty20.ts	run		C
symbolProperty21.ts	run		E
symbolProperty22.ts	run		C
symbolProperty23.ts	run		C
symbolProperty24.ts	run		E
symbolProperty25.ts	run		E
symbolProperty26.ts	run		C
symbolProperty27.ts	run		C
symbolProperty28.ts	run		E
symbolProperty29.ts	run		C
symbolProperty3.ts	run		E
symbolProperty30.ts	run		E
symbolProperty31.ts	run		C
symbolProperty32.ts	run		E
symbolProperty33.ts	run		E
symbolProperty34.ts	run		E
symbolProperty35.ts	run		E
symbolProperty36.ts	run		E
symbolProperty37.ts	run		E
symbolProperty38.ts	run		C
symbolProperty39.ts	run		E
symbolProperty4.ts	run		C
symbolProperty40.ts	run		C
symbolProperty41.ts	run		C
symbolProperty42.ts	run		E
symbolProperty43.ts	run		E
symbolProperty44.ts	run		E
symbolProperty45.ts	run		C
symbolProperty46.ts	run		E
symbolProperty47.ts	run		E
symbolProperty48.ts	run		C
symbolProperty49.ts	run		C
symbolProperty5.ts	run		C
symbolProperty50.ts	run		C
symbolProperty51.ts	run		C
symbolProperty52.ts	run		E
symbolProperty53.ts	run		E
symbolProperty54.ts	run		E
symbolProperty55.ts	run		E
symbolProperty56.ts	run		C
symbolProperty57.ts	run		C
symbolProperty58.ts	run		C
symbolProperty59.ts	run		E
symbolProperty6.ts	run		E
symbolProperty60.ts	run		C
symbolProperty61.ts	run		C
symbolProperty7.ts	run		E
symbolProperty8.ts	run		C
symbolProperty9.ts	run		E
symbolType1.ts	run		E
symbolType10.ts	run		E
symbolType11.ts	run		E
symbolType12.ts	run		E
symbolType13.ts	run		E
symbolType14.ts	run		E
symbolType15.ts	run		E
symbolType16.ts	run		E
symbolType17.ts	run		C
symbolType18.ts	run		C
symbolType19.ts	run		E
symbolType2.ts	run		E
symbolType20.ts	run		E
symbolType3.ts	run		E
symbolType4.ts	run		E
symbolType5.ts	run		E
symbolType6.ts	run		E
symbolType7.ts	run		E
symbolType8.ts	run		E
symbolType9.ts	run		E
symlinkedWorkspaceDependenciesNoDirectLinkGeneratesDeepNonrelativeName.ts	run		C
symlinkedWorkspaceDependenciesNoDirectLinkGeneratesNonrelativeName.ts	run		C
symlinkedWorkspaceDependenciesNoDirectLinkOptionalGeneratesNonrelativeName.ts	run		C
symlinkedWorkspaceDependenciesNoDirectLinkPeerGeneratesNonrelativeName.ts	run		C
syncIteratorHelpers.ts	run		C
syntaxErrors.ts	run		C
syntheticDefaultExportsWithDynamicImports.ts	skipped	unsupported module kind System	
systemDefaultExportCommentValidity.ts	skipped	unsupported module kind System	
systemDefaultImportCallable.ts	skipped	unsupported module kind System	
systemExportAssignment(target=es2015).ts	skipped	unsupported module kind System	
systemExportAssignment(target=es5).ts	skipped	unsupported module kind System	
systemExportAssignment2(target=es2015).ts	skipped	unsupported module kind System	
systemExportAssignment2(target=es5).ts	skipped	unsupported module kind System	
systemExportAssignment3(target=es2015).ts	skipped	unsupported module kind System	
systemExportAssignment3(target=es5).ts	skipped	unsupported module kind System	
systemJsForInNoException.ts	skipped	unsupported module kind System	
systemModule1.ts	skipped	unsupported module kind System	
systemModule10.ts	skipped	unsupported module kind System	
systemModule10_ES5(target=es2015).ts	skipped	unsupported module kind System	
systemModule10_ES5(target=es5).ts	skipped	unsupported module kind System	
systemModule11.ts	skipped	unsupported module kind System	
systemModule12.ts	skipped	unsupported module kind System	
systemModule13.ts	skipped	unsupported module kind System	
systemModule14.ts	skipped	unsupported module kind System	
systemModule15.ts	skipped	unsupported module kind System	
systemModule16.ts	skipped	unsupported module kind System	
systemModule17.ts	skipped	unsupported module kind System	
systemModule18.ts	skipped	unsupported module kind System	
systemModule2.ts	skipped	unsupported module kind System	
systemModule3.ts	skipped	unsupported module kind System	
systemModule4.ts	skipped	unsupported module kind System	
systemModule5.ts	skipped	unsupported module kind System	
systemModule6.ts	skipped	unsupported module kind System	
systemModule7.ts	skipped	unsupported module kind System	
systemModule8.ts	skipped	unsupported module kind System	
systemModule9.ts	skipped	unsupported module kind System	
systemModuleAmbientDeclarations.ts	skipped	unsupported module kind System	
systemModuleConstEnums.ts	skipped	unsupported module kind System	
systemModuleConstEnumsSeparateCompilation.ts	skipped	unsupported module kind System	
systemModuleDeclarationMerging.ts	skipped	unsupported module kind System	
systemModuleExportDefault.ts	skipped	unsupported module kind System	
systemModuleNonTopLevelModuleMembers.ts	skipped	unsupported module kind System	
systemModuleTargetES6.ts	skipped	unsupported module kind System	
systemModuleTrailingComments.ts	skipped	unsupported module kind System	
systemModuleWithSuperClass.ts	skipped	unsupported module kind System	
systemNamespaceAliasEmit.ts	skipped	unsupported module kind System	
systemObjectShorthandRename.ts	skipped	unsupported module kind System	
taggedPrimitiveNarrowing.ts	run		C
taggedTemplateChain.ts	run		E
taggedTemplateContextualTyping1.ts	run		E
taggedTemplateContextualTyping2.ts	run		E
taggedTemplateStringWithSymbolExpression01.ts	run		C
taggedTemplateStringsHexadecimalEscapes.ts	run		C
taggedTemplateStringsHexadecimalEscapesES6.ts	run		C
taggedTemplateStringsPlainCharactersThatArePartsOfEscapes01.ts	run		C
taggedTemplateStringsPlainCharactersThatArePartsOfEscapes01_ES6.ts	run		C
taggedTemplateStringsPlainCharactersThatArePartsOfEscapes02.ts	run		C
taggedTemplateStringsPlainCharactersThatArePartsOfEscapes02_ES6.ts	run		C
taggedTemplateStringsTypeArgumentInference.ts	run		E
taggedTemplateStringsTypeArgumentInferenceES6.ts	run		E
taggedTemplateStringsWithCurriedFunction(target=es2015).ts	run		C
taggedTemplateStringsWithCurriedFunction(target=es5).ts	skipped	unsupported target ES5	
taggedTemplateStringsWithIncompatibleTypedTags.ts	run		E
taggedTemplateStringsWithIncompatibleTypedTagsES6.ts	run		E
taggedTemplateStringsWithManyCallAndMemberExpressions.ts	run		E
taggedTemplateStringsWithManyCallAndMemberExpressionsES6.ts	run		E
taggedTemplateStringsWithMultilineTemplate.ts	run		C
taggedTemplateStringsWithMultilineTemplateES6.ts	run		C
taggedTemplateStringsWithOverloadResolution1.ts	run		E
taggedTemplateStringsWithOverloadResolution1_ES6.ts	run		E
taggedTemplateStringsWithOverloadResolution2.ts	run		C
taggedTemplateStringsWithOverloadResolution2_ES6.ts	run		C
taggedTemplateStringsWithOverloadResolution3.ts	run		E
taggedTemplateStringsWithOverloadResolution3_ES6.ts	run		E
taggedTemplateStringsWithTagNamedDeclare.ts	run		C
taggedTemplateStringsWithTagNamedDeclareES6.ts	run		C
taggedTemplateStringsWithTagsTypedAsAny.ts	run		C
taggedTemplateStringsWithTagsTypedAsAnyES6.ts	run		C
taggedTemplateStringsWithTypeErrorInFunctionExpressionsInSubstitutionExpression.ts	run		E
taggedTemplateStringsWithTypeErrorInFunctionExpressionsInSubstitutionExpressionES6.ts	run		E
taggedTemplateStringsWithTypedTags.ts	run		E
taggedTemplateStringsWithTypedTagsES6.ts	run		E
taggedTemplateStringsWithUnicodeEscapes.ts	run		C
taggedTemplateStringsWithUnicodeEscapesES6.ts	run		C
taggedTemplateStringsWithWhitespaceEscapes.ts	run		C
taggedTemplateStringsWithWhitespaceEscapesES6.ts	run		C
taggedTemplateUntypedTagCall01.ts	run		E
taggedTemplateWithConstructableTag01.ts	run		E
taggedTemplateWithConstructableTag02.ts	run		E
taggedTemplateWithoutDeclaredHelper(target=es2015).ts	run		C
taggedTemplateWithoutDeclaredHelper(target=es5).ts	skipped	unsupported target ES5	
taggedTemplatesInDifferentScopes.ts	run		C
taggedTemplatesInModuleAndGlobal(target=es2015).ts	run		C
taggedTemplatesInModuleAndGlobal(target=es5).ts	skipped	unsupported target ES5	
taggedTemplatesWithIncompleteNoSubstitutionTemplate1.ts	run		E
taggedTemplatesWithIncompleteNoSubstitutionTemplate2.ts	run		E
taggedTemplatesWithIncompleteTemplateExpressions1.ts	run		E
taggedTemplatesWithIncompleteTemplateExpressions2.ts	run		E
taggedTemplatesWithIncompleteTemplateExpressions3.ts	run		E
taggedTemplatesWithIncompleteTemplateExpressions4.ts	run		E
taggedTemplatesWithIncompleteTemplateExpressions5.ts	run		E
taggedTemplatesWithIncompleteTemplateExpressions6.ts	run		E
taggedTemplatesWithTypeArguments1.ts	run		C
taggedTemplatesWithTypeArguments2.ts	run		E
tailRecursiveConditionalTypes.ts	run		C
targetEs6DecoratorMetadataImportNotElided(target=es2015).ts	run		E
targetEs6DecoratorMetadataImportNotElided(target=es5).ts	skipped	unsupported target ES5	
targetTypeArgs.ts	run		C
targetTypeBaseCalls.ts	run		E
targetTypeCalls.ts	run		C
targetTypeCastTest.ts	run		E
targetTypeObjectLiteral.ts	run		C
targetTypeObjectLiteralToAny.ts	run		E
targetTypeTest1.ts	run		E
targetTypeTest2.ts	run		C
targetTypeTest3.ts	run		E
targetTypeVoidFunc.ts	run		E
targetTypingOnFunctions.ts	run		C
templateExpressionAsPossiblyDiscriminantValue.ts	run		C
templateExpressionNoInlininingOfConstantBindingWithInitializer.ts	run		C
templateInsideCallback.ts	run		E
templateLiteralConstantEvaluation.ts	run		C
templateLiteralEscapeSequence.ts	run		E
templateLiteralIntersection.ts	run		C
templateLiteralIntersection2.ts	run		E
templateLiteralIntersection3.ts	run		C
templateLiteralIntersection4.ts	run		C
templateLiteralTypes1.ts	run		E
templateLiteralTypes2.ts	run		E
templateLiteralTypes3.ts	run		E
templateLiteralTypes4.ts	run		E
templateLiteralTypes5.ts	run		E
templateLiteralTypes6.ts	run		C
templateLiteralTypes7.ts	run		E
templateLiteralTypes8.ts	run		C
templateLiteralTypesPatterns.ts	run		E
templateLiteralTypesPatternsPrefixSuffixAssignability.ts	run		E
templateLiteralsAndDecoratorMetadata.ts	run		C
templateLiteralsInTypes.ts	run		E
templateLiteralsSourceMap.ts	run		C
templateStringBinaryOperations.ts	run		C
templateStringBinaryOperationsES6.ts	run		C
templateStringBinaryOperationsES6Invalid.ts	run		E
templateStringBinaryOperationsInvalid.ts	run		E
templateStringControlCharacterEscapes01.ts	run		C
templateStringControlCharacterEscapes01_ES6.ts	run		C
templateStringControlCharacterEscapes02.ts	run		C
templateStringControlCharacterEscapes02_ES6.ts	run		C
templateStringControlCharacterEscapes03.ts	run		C
templateStringControlCharacterEscapes03_ES6.ts	run		C
templateStringControlCharacterEscapes04.ts	run		C
templateStringControlCharacterEscapes04_ES6.ts	run		C
templateStringInArray.ts	run		C
templateStringInArrowFunction.ts	run		E
templateStringInArrowFunctionES6.ts	run		C
templateStringInCallExpression.ts	run		E
templateStringInCallExpressionES6.ts	run		E
templateStringInConditional.ts	run		C
templateStringInConditionalES6.ts	run		C
templateStringInDeleteExpression.ts	run		E
templateStringInDeleteExpressionES6.ts	run		E
templateStringInDivision.ts	run		E
templateStringInEqualityChecks.ts	run		E
templateStringInEqualityChecksES6.ts	run		E
templateStringInFunctionExpression.ts	run		C
templateStringInFunctionExpressionES6.ts	run		C
templateStringInFunctionParameterType.ts	run		E
templateStringInFunctionParameterTypeES6.ts	run		E
templateStringInInOperator.ts	run		C
templateStringInInOperatorES6.ts	run		C
templateStringInIndexExpression.ts	run		C
templateStringInIndexExpressionES6.ts	run		C
templateStringInInstanceOf.ts	run		E
templateStringInInstanceOfES6.ts	run		E
templateStringInModuleName.ts	run		E
templateStringInModuleNameES6.ts	run		E
templateStringInModulo.ts	run		E
templateStringInModuloES6.ts	run		E
templateStringInMultiplication.ts	run		E
templateStringInMultiplicationES6.ts	run		E
templateStringInNewExpression.ts	run		E
templateStringInNewExpressionES6.ts	run		E
templateStringInNewOperator.ts	run		E
templateStringInNewOperatorES6.ts	run		E
templateStringInObjectLiteral.ts	run		E
templateStringInObjectLiteralES6.ts	run		E
templateStringInParentheses.ts	run		C
templateStringInParenthesesES6.ts	run		C
templateStringInPropertyAssignment.ts	run		C
templateStringInPropertyAssignmentES6.ts	run		C
templateStringInPropertyName1.ts	run		E
templateStringInPropertyName2.ts	run		E
templateStringInPropertyNameES6_1.ts	run		E
templateStringInPropertyNameES6_2.ts	run		E
templateStringInSwitchAndCase.ts	run		E
templateStringInSwitchAndCaseES6.ts	run		E
templateStringInTaggedTemplate.ts	run		E
templateStringInTaggedTemplateES6.ts	run		E
templateStringInTypeAssertion.ts	run		C
templateStringInTypeAssertionES6.ts	run		C
templateStringInTypeOf.ts	run		C
templateStringInTypeOfES6.ts	run		C
templateStringInUnaryPlus.ts	run		C
templateStringInUnaryPlusES6.ts	run		C
templateStringInWhile.ts	run		C
templateStringInWhileES6.ts	run		C
templateStringInYieldKeyword.ts	run		C
templateStringMultiline1.ts	run		C
templateStringMultiline1_ES6.ts	run		C
templateStringMultiline2.ts	run		C
templateStringMultiline2_ES6.ts	run		C
templateStringMultiline3.ts	run		C
templateStringMultiline3_ES6.ts	run		C
templateStringPlainCharactersThatArePartsOfEscapes01.ts	run		C
templateStringPlainCharactersThatArePartsOfEscapes01_ES6.ts	run		C
templateStringPlainCharactersThatArePartsOfEscapes02.ts	run		C
templateStringPlainCharactersThatArePartsOfEscapes02_ES6.ts	run		C
templateStringTermination1.ts	run		C
templateStringTermination1_ES6.ts	run		C
templateStringTermination2.ts	run		C
templateStringTermination2_ES6.ts	run		C
templateStringTermination3.ts	run		C
templateStringTermination3_ES6.ts	run		C
templateStringTermination4.ts	run		C
templateStringTermination4_ES6.ts	run		C
templateStringTermination5.ts	run		C
templateStringTermination5_ES6.ts	run		C
templateStringUnterminated1.ts	run		E
templateStringUnterminated1_ES6.ts	run		E
templateStringUnterminated2.ts	run		E
templateStringUnterminated2_ES6.ts	run		E
templateStringUnterminated3.ts	run		E
templateStringUnterminated3_ES6.ts	run		E
templateStringUnterminated4.ts	run		E
templateStringUnterminated4_ES6.ts	run		E
templateStringUnterminated5.ts	run		E
templateStringUnterminated5_ES6.ts	run		E
templateStringWhitespaceEscapes1.ts	run		C
templateStringWhitespaceEscapes1_ES6.ts	run		C
templateStringWhitespaceEscapes2.ts	run		C
templateStringWhitespaceEscapes2_ES6.ts	run		C
templateStringWithBackslashEscapes01.ts	run		C
templateStringWithBackslashEscapes01_ES6.ts	run		C
templateStringWithCommentsInArrowFunction.ts	run		C
templateStringWithEmbeddedAddition.ts	run		C
templateStringWithEmbeddedAdditionES6.ts	run		C
templateStringWithEmbeddedArray.ts	run		C
templateStringWithEmbeddedArrayES6.ts	run		C
templateStringWithEmbeddedArrowFunction.ts	run		E
templateStringWithEmbeddedArrowFunctionES6.ts	run		C
templateStringWithEmbeddedComments.ts	run		C
templateStringWithEmbeddedCommentsES6.ts	run		C
templateStringWithEmbeddedConditional.ts	run		C
templateStringWithEmbeddedConditionalES6.ts	run		C
templateStringWithEmbeddedDivision.ts	run		C
templateStringWithEmbeddedDivisionES6.ts	run		C
templateStringWithEmbeddedFunctionExpression.ts	run		C
templateStringWithEmbeddedFunctionExpressionES6.ts	run		C
templateStringWithEmbeddedInOperator.ts	run		C
templateStringWithEmbeddedInOperatorES6.ts	run		C
templateStringWithEmbeddedInstanceOf.ts	run		E
templateStringWithEmbeddedInstanceOfES6.ts	run		E
templateStringWithEmbeddedModulo.ts	run		C
templateStringWithEmbeddedModuloES6.ts	run		C
templateStringWithEmbeddedMultiplication.ts	run		C
templateStringWithEmbeddedMultiplicationES6.ts	run		C
templateStringWithEmbeddedNewOperator.ts	run		C
templateStringWithEmbeddedNewOperatorES6.ts	run		C
templateStringWithEmbeddedObjectLiteral.ts	run		C
templateStringWithEmbeddedObjectLiteralES6.ts	run		C
templateStringWithEmbeddedTemplateString.ts	run		C
templateStringWithEmbeddedTemplateStringES6.ts	run		C
templateStringWithEmbeddedTypeAssertionOnAddition.ts	run		C
templateStringWithEmbeddedTypeAssertionOnAdditionES6.ts	run		C
templateStringWithEmbeddedTypeOfOperator.ts	run		C
templateStringWithEmbeddedTypeOfOperatorES6.ts	run		C
templateStringWithEmbeddedUnaryPlus.ts	run		C
templateStringWithEmbeddedUnaryPlusES6.ts	run		C
templateStringWithEmbeddedYieldKeyword.ts	run		E
templateStringWithEmbeddedYieldKeywordES6.ts	run		C
templateStringWithEmptyLiteralPortions.ts	run		C
templateStringWithEmptyLiteralPortionsES6.ts	run		C
templateStringWithOpenCommentInStringPortion.ts	run		C
templateStringWithOpenCommentInStringPortionES6.ts	run		C
templateStringWithPropertyAccess.ts	run		C
templateStringWithPropertyAccessES6.ts	run		C
templateStringsArrayTypeDefinedInES5Mode(target=es2015).ts	run		E
templateStringsArrayTypeDefinedInES5Mode(target=es5).ts	skipped	unsupported target ES5	
templateStringsArrayTypeNotDefinedES5Mode(target=es2015).ts	run		E
templateStringsArrayTypeNotDefinedES5Mode(target=es5).ts	skipped	unsupported target ES5	
templateStringsArrayTypeRedefinedInES6Mode.ts	run		E
templateStringsWithTypeErrorInFunctionExpressionsInSubstitutionExpression.ts	run		E
templateStringsWithTypeErrorInFunctionExpressionsInSubstitutionExpressionES6.ts	run		E
temporal.ts	run		E
ternaryExpressionSourceMap.ts	run		C
testContainerList.ts	run		C
testTypings.ts	run		C
thisAndSuperInStaticMembers1(target=es2015).ts	run		C
thisAndSuperInStaticMembers1(target=es2022).ts	run		C
thisAndSuperInStaticMembers1(target=esnext).ts	run		C
thisAndSuperInStaticMembers2(target=es2015).ts	run		C
thisAndSuperInStaticMembers2(target=es2022).ts	run		C
thisAndSuperInStaticMembers2(target=esnext).ts	run		C
thisAndSuperInStaticMembers3(target=es2015).ts	run		C
thisAndSuperInStaticMembers3(target=es5).ts	skipped	unsupported target ES5	
thisAndSuperInStaticMembers4(target=es2015).ts	run		C
thisAndSuperInStaticMembers4(target=es5).ts	skipped	unsupported target ES5	
thisAssignmentInNamespaceDeclaration1.ts	run		E
thisBinding.ts	run		E
thisBinding2.ts	run		E
thisCapture1.ts	run		C
thisConditionalOnMethodReturnOfGenericInstance.ts	run		C
thisExpressionInCallExpressionWithTypeArguments.ts	run		E
thisExpressionInIndexExpression.ts	run		C
thisExpressionOfGenericObject.ts	run		E
thisInAccessors.ts	run		C
thisInArrowFunctionInStaticInitializer1.ts	run		C
thisInClassBodyStaticESNext.ts	run		E
thisInConstructorParameter1.ts	run		C
thisInConstructorParameter2.ts	run		C
thisInFunctionCall.ts	run		E
thisInFunctionCallJs.ts	run		E
thisInGenericStaticMembers.ts	run		C
thisInInnerFunctions.ts	run		E
thisInInstanceMemberInitializer.ts	run		E
thisInInvalidContexts.ts	run		E
thisInInvalidContextsExternalModule(target=es2015).ts	run		E
thisInInvalidContextsExternalModule(target=es5).ts	skipped	unsupported target ES5	
thisInLambda.ts	run		C
thisInModule.ts	run		E
thisInModuleFunction1.ts	run		E
thisInObjectJs.ts	run		C
thisInObjectLiterals.ts	run		E
thisInOuterClassBody.ts	run		E
thisInPropertyBoundDeclarations.ts	run		E
thisInStaticMethod1.ts	run		C
thisInStatics.ts	run		C
thisInSuperCall.ts	run		E
thisInSuperCall1.ts	run		E
thisInSuperCall2.ts	run		E
thisInSuperCall3.ts	run		E
thisInTupleTypeParameterConstraints.ts	run		E
thisInTypeQuery.ts	run		C
thisIndexOnExistingReadonlyFieldIsNotNever.ts	run		C
thisKeyword.ts	run		E
thisMethodCall.ts	run		C
thisPredicateInObjectLiteral.ts	run		E
thisPropertyAssignment.ts	run		E
thisPropertyAssignmentCircular.ts	run		E
thisPropertyAssignmentComputed.ts	run		E
thisPropertyAssignmentInherited.ts	run		C
thisPropertyOverridesAccessors.ts	run		C
thisPrototypeMethodCompoundAssignment.ts	run		C
thisPrototypeMethodCompoundAssignmentJs.ts	run		C
thisReferencedInFunctionInsideArrowFunction1.ts	run		C
thisShadowingErrorSpans.ts	run		E
thisTag1.ts	run		C
thisTag2.ts	run		C
thisTag3.ts	run		E
thisTypeAccessibility.ts	run		E
thisTypeAndConstraints.ts	run		C
thisTypeAsConstraint.ts	run		C
thisTypeErrors.ts	run		E
thisTypeErrors2.ts	run		E
thisTypeInAccessors(target=es2015).ts	run		E
thisTypeInAccessors(target=es5).ts	skipped	unsupported target ES5	
thisTypeInAccessorsNegative(target=es2015).ts	run		E
thisTypeInAccessorsNegative(target=es5).ts	skipped	unsupported target ES5	
thisTypeInBasePropertyAndDerivedContainerOfBase01.ts	run		C
thisTypeInClasses.ts	run		E
thisTypeInFunctions.ts	run		E
thisTypeInFunctions2.ts	run		E
thisTypeInFunctions3.ts	run		C
thisTypeInFunctions4.ts	run		C
thisTypeInFunctionsNegative.ts	run		E
thisTypeInInterfaces.ts	run		C
thisTypeInObjectLiterals.ts	run		C
thisTypeInObjectLiterals2(target=es2015).ts	run		C
thisTypeInObjectLiterals2(target=es5).ts	skipped	unsupported target ES5	
thisTypeInTaggedTemplateCall.ts	run		C
thisTypeInTuples.ts	run		C
thisTypeInTypePredicate.ts	run		C
thisTypeOfConstructorFunctions.ts	run		E
thisTypeOptionalCall.ts	run		C
thisTypeSyntacticContext.ts	run		C
thisWhenTypeCheckFails.ts	run		E
this_inside-enum-should-not-be-allowed.ts	run		E
this_inside-object-literal-getters-and-setters.ts	run		C
thislessFunctionsNotContextSensitive1.ts	run		E
thislessFunctionsNotContextSensitive2.ts	run		E
thislessFunctionsNotContextSensitive3.ts	run		E
throwInEnclosingStatements.ts	run		C
throwStatements.ts	run		C
throwWithoutNewLine1.ts	run		E
throwWithoutNewLine2.ts	run		E
toStringOnPrimitives.ts	run		C
tooFewArgumentsInGenericFunctionTypedArgument.ts	run		E
tooManyTypeParameters1.ts	run		E
topFunctionTypeNotCallable.ts	run		E
topLevel.ts	run		C
topLevelAmbientModule.ts	run		C
topLevelAwait.1(module=es2022,target=es2015).ts	run		E
topLevelAwait.1(module=es2022,target=es2017).ts	run		C
topLevelAwait.1(module=esnext,target=es2015).ts	run		E
topLevelAwait.1(module=esnext,target=es2017).ts	run		C
topLevelAwait.1(module=system,target=es2015).ts	skipped	unsupported module kind System	
topLevelAwait.1(module=system,target=es2017).ts	skipped	unsupported module kind System	
topLevelAwait.2(module=es2022).ts	run		C
topLevelAwait.2(module=esnext).ts	run		C
topLevelAwait.3(module=es2022).ts	run		C
topLevelAwait.3(module=esnext).ts	run		C
topLevelAwaitErrors.1(module=es2022).ts	run		E
topLevelAwaitErrors.1(module=esnext).ts	run		E
topLevelAwaitErrors.10(module=es2022).ts	run		E
topLevelAwaitErrors.10(module=esnext).ts	run		E
topLevelAwaitErrors.11.ts	run		E
topLevelAwaitErrors.12(module=es2022).ts	run		E
topLevelAwaitErrors.12(module=esnext).ts	run		E
topLevelAwaitErrors.2(module=es2022).ts	run		E
topLevelAwaitErrors.2(module=esnext).ts	run		E
topLevelAwaitErrors.3(module=es2022).ts	run		E
topLevelAwaitErrors.3(module=esnext).ts	run		E
topLevelAwaitErrors.4(module=es2022).ts	run		E
topLevelAwaitErrors.4(module=esnext).ts	run		E
topLevelAwaitErrors.5(module=es2022).ts	run		E
topLevelAwaitErrors.5(module=esnext).ts	run		E
topLevelAwaitErrors.6(module=es2022).ts	run		E
topLevelAwaitErrors.6(module=esnext).ts	run		E
topLevelAwaitErrors.7(module=es2022).ts	run		E
topLevelAwaitErrors.7(module=esnext).ts	run		E
topLevelAwaitErrors.8(module=es2022).ts	run		E
topLevelAwaitErrors.8(module=esnext).ts	run		E
topLevelAwaitErrors.9(module=es2022).ts	run		E
topLevelAwaitErrors.9(module=esnext).ts	run		E
topLevelAwaitNonModule(module=es2022).ts	run		E
topLevelAwaitNonModule(module=esnext).ts	run		E
topLevelBlockExpando.ts	run		C
topLevelExports.ts	skipped	unsupported module kind AMD	
topLevelFileModule.ts	run		C
topLevelFileModuleMissing.ts	run		E
topLevelLambda.ts	run		E
topLevelLambda2.ts	run		C
topLevelLambda3.ts	run		E
topLevelLambda4.ts	run		E
topLevelModuleDeclarationAndFile.ts	run		E
topLevelThisAssignment.ts	skipped	unsupported outFile /.src/output.js	
topLevelVarHoistingCommonJS.ts	run		C
topLevelVarHoistingSystem.ts	skipped	unsupported module kind System	
trackedSymbolsNoCrash.ts	run		C
trailingCommaInHeterogenousArrayLiteral1.ts	run		E
trailingCommasES5(target=es2015).ts	run		C
trailingCommasES5(target=es5).ts	skipped	unsupported target ES5	
trailingCommasInBindingPatterns.ts	run		E
trailingCommasInFunctionParametersAndArguments(target=es2015).ts	run		E
trailingCommasInFunctionParametersAndArguments(target=es5).ts	skipped	unsupported target ES5	
trailingCommasInGetter.ts	run		E
transferableArrayBuffer.ts	run		C
transformArrowInBlockScopedLoopVarInitializer(target=es2015).ts	run		C
transformArrowInBlockScopedLoopVarInitializer(target=es5).ts	skipped	unsupported target ES5	
transformNestedGeneratorsWithTry(target=es2015).ts	run		C
transformNestedGeneratorsWithTry(target=es5).ts	skipped	unsupported target ES5	
transformParenthesizesConditionalSubexpression(target=es2015).ts	run		C
transformParenthesizesConditionalSubexpression(target=es5).ts	skipped	unsupported target ES5	
transformsElideNullUndefinedType.ts	run		C
transitiveTypeArgumentInference1.ts	run		E
tripleSlashInCommentNotParsed.ts	run		C
tripleSlashReferenceAbsoluteWindowsPath.ts	run		C
tripleSlashTypesReferenceWithMissingExports(module=commonjs).ts	run		E
tripleSlashTypesReferenceWithMissingExports(module=node16).ts	run		E
tripleSlashTypesReferenceWithMissingExports(module=node18).ts	run		E
tripleSlashTypesReferenceWithMissingExports(module=node20).ts	run		E
tripleSlashTypesReferenceWithMissingExports(module=nodenext).ts	run		E
trivialSubtypeReductionNoStructuralCheck(target=es2015).ts	run		E
trivialSubtypeReductionNoStructuralCheck(target=es5).ts	skipped	unsupported target ES5	
trivialSubtypeReductionNoStructuralCheck2(target=es2015).ts	run		C
trivialSubtypeReductionNoStructuralCheck2(target=es5).ts	skipped	unsupported target ES5	
truthinessCallExpressionCoercion.ts	run		E
truthinessCallExpressionCoercion1.ts	run		E
truthinessCallExpressionCoercion2.ts	run		E
truthinessCallExpressionCoercion3.ts	run		C
truthinessCallExpressionCoercion4.ts	run		C
truthinessPromiseCoercion.ts	run		E
tryCatchFinally.ts	run		C
tryCatchFinallyControlFlow.ts	run		E
tryStatementInternalComments.ts	run		C
tryStatements.ts	run		C
ts-expect-error-js.ts	run		E
ts-expect-error-nocheck-js.ts	run		C
ts-expect-error-nocheck.ts	run		C
ts-expect-error.ts	run		E
ts-ignore.ts	run		E
tsNoCheckForTypescript.ts	run		C
tsNoCheckForTypescriptComments1.ts	run		C
tsNoCheckForTypescriptComments2.ts	run		C
tsconfigExtendsPackageJsonExportsWildcard.ts	run		E
tsconfigMapOptionsAreCaseInsensitive.ts	skipped	unsupported module kind AMD	
tslibInJs.ts	run		E
tslibMissingHelper.ts	run		E
tslibMultipleMissingHelper.ts	run		E
tslibNotFoundDifferentModules.ts	run		E
tslibReExportHelpers.ts	run		C
tslibReExportHelpers2.ts	run		C
tsxAttributeErrors.tsx	run		E
tsxAttributeInvalidNames.tsx	run		E
tsxAttributeQuickinfoTypesSameAsObjectLiteral.tsx	run		C
tsxAttributeResolution.tsx	run		C
tsxAttributeResolution1.tsx	run		E
tsxAttributeResolution10.tsx	run		E
tsxAttributeResolution11.tsx	run		E
tsxAttributeResolution12.tsx	run		E
tsxAttributeResolution13.tsx	run		C
tsxAttributeResolution14.tsx	run		E
tsxAttributeResolution15.tsx	run		E
tsxAttributeResolution16.tsx	run		C
tsxAttributeResolution2.tsx	run		E
tsxAttributeResolution3.tsx	run		E
tsxAttributeResolution4.tsx	run		E
tsxAttributeResolution5.tsx	run		E
tsxAttributeResolution6.tsx	run		E
tsxAttributeResolution7.tsx	run		E
tsxAttributeResolution8.tsx	run		C
tsxAttributeResolution9.tsx	run		E
tsxAttributesHasInferrableIndex.tsx	run		C
tsxCorrectlyParseLessThanComparison1.tsx	run		E
tsxDeepAttributeAssignabilityError.tsx	run		E
tsxDefaultAttributesResolution1.tsx	run		C
tsxDefaultAttributesResolution2.tsx	run		C
tsxDefaultAttributesResolution3.tsx	run		E
tsxDefaultImports.ts	run		C
tsxDiscriminantPropertyInference.tsx	run		C
tsxDynamicTagName1.tsx	run		C
tsxDynamicTagName2.tsx	run		E
tsxDynamicTagName3.tsx	run		E
tsxDynamicTagName4.tsx	run		C
tsxDynamicTagName5.tsx	run		C
tsxDynamicTagName6.tsx	run		C
tsxDynamicTagName7.tsx	run		E
tsxDynamicTagName8.tsx	run		C
tsxDynamicTagName9.tsx	run		C
tsxElementResolution.tsx	run		E
tsxElementResolution1.tsx	run		E
tsxElementResolution10.tsx	run		E
tsxElementResolution11.tsx	run		E
tsxElementResolution12.tsx	run		E
tsxElementResolution13.tsx	run		E
tsxElementResolution14.tsx	run		E
tsxElementResolution15.tsx	run		E
tsxElementResolution16.tsx	run		E
tsxElementResolution17.tsx	skipped	unsupported module kind AMD	
tsxElementResolution18.tsx	run		E
tsxElementResolution19.tsx	run		C
tsxElementResolution2.tsx	run		C
tsxElementResolution3.tsx	run		E
tsxElementResolution4.tsx	run		E
tsxElementResolution5.tsx	run		E
tsxElementResolution6.tsx	run		E
tsxElementResolution7.tsx	run		E
tsxElementResolution8.tsx	run		E
tsxElementResolution9.tsx	run		E
tsxEmit1.tsx	run		E
tsxEmit2.tsx	run		C
tsxEmit3.tsx	run		E
tsxEmitSpreadAttribute(target=es2015).ts	run		C
tsxEmitSpreadAttribute(target=es2018).ts	run		C
tsxEmitSpreadAttribute(target=esnext).ts	run		C
tsxErrorRecovery1.tsx	run		E
tsxErrorRecovery2.tsx	run		E
tsxErrorRecovery3.tsx	run		E
tsxExternalModuleEmit1.tsx	run		E
tsxExternalModuleEmit2.tsx	run		E
tsxFragmentChildrenCheck.ts	run		C
tsxFragmentErrors.tsx	run		E
tsxFragmentPreserveEmit.tsx	run		C
tsxFragmentReactEmit.tsx	run		C
tsxGenericArrowFunctionParsing.tsx	run		E
tsxGenericAttributesType1.tsx	run		E
tsxGenericAttributesType2.tsx	run		C
tsxGenericAttributesType3.tsx	run		C
tsxGenericAttributesType4.tsx	run		C
tsxGenericAttributesType5.tsx	run		E
tsxGenericAttributesType6.tsx	run		E
tsxGenericAttributesType7.tsx	run		E
tsxGenericAttributesType8.tsx	run		E
tsxGenericAttributesType9.tsx	run		C
tsxInArrowFunction.tsx	run		E
tsxInferenceShouldNotYieldAnyOnUnions.tsx	run		E
tsxIntrinsicAttributeErrors.tsx	run		E
tsxInvokeComponentType.tsx	run		E
tsxLibraryManagedAttributes.tsx	run		E
tsxNamespacedAttributeName1.tsx	run		E
tsxNamespacedAttributeName2.tsx	run		E
tsxNamespacedTagName1.tsx	run		E
tsxNamespacedTagName2.tsx	run		E
tsxNoJsx.tsx	run		E
tsxNoTypeAnnotatedSFC.tsx	run		E
tsxNotUsingApparentTypeOfSFC.tsx	run		E
tsxOpeningClosingNames.tsx	run		C
tsxParseTests1.tsx	run		E
tsxParseTests2.tsx	run		E
tsxPreserveEmit1(target=es2015).tsx	skipped	unsupported module kind AMD	
tsxPreserveEmit1(target=es5).tsx	skipped	unsupported module kind AMD	
tsxPreserveEmit2(target=es2015).tsx	skipped	unsupported module kind AMD	
tsxPreserveEmit2(target=es5).tsx	skipped	unsupported module kind AMD	
tsxPreserveEmit3.tsx	skipped	unsupported module kind AMD	
tsxReactComponentWithDefaultTypeParameter1.tsx	run		C
tsxReactComponentWithDefaultTypeParameter2.tsx	run		C
tsxReactComponentWithDefaultTypeParameter3.tsx	run		E
tsxReactEmit1.tsx	run		E
tsxReactEmit2.tsx	run		C
tsxReactEmit3.tsx	run		E
tsxReactEmit4.tsx	run		E
tsxReactEmit5.tsx	run		E
tsxReactEmit6.tsx	run		C
tsxReactEmit7.tsx	run		E
tsxReactEmit8(jsx=react-jsx).tsx	run		C
tsxReactEmit8(jsx=react-jsxdev).tsx	run		C
tsxReactEmitEntities.tsx	run		C
tsxReactEmitNesting.tsx	run		E
tsxReactEmitSpreadAttribute(target=es2015).ts	run		C
tsxReactEmitSpreadAttribute(target=es2018).ts	run		C
tsxReactEmitSpreadAttribute(target=esnext).ts	run		C
tsxReactEmitWhitespace.tsx	run		C
tsxReactEmitWhitespace2.tsx	run		C
tsxReactPropsInferenceSucceedsOnIntersections.tsx	run		C
tsxResolveExternalModuleExportsTypes.ts	run		E
tsxSfcReturnNull.tsx	skipped	unsupported module kind AMD	
tsxSfcReturnNullStrictNullChecks.tsx	skipped	unsupported module kind AMD	
tsxSfcReturnUndefinedStrictNullChecks.tsx	run		E
tsxSpreadAttributesResolution1.tsx	run		C
tsxSpreadAttributesResolution10.tsx	run		E
tsxSpreadAttributesResolution11.tsx	run		E
tsxSpreadAttributesResolution12.tsx	run		E
tsxSpreadAttributesResolution13.tsx	run		E
tsxSpreadAttributesResolution14.tsx	run		E
tsxSpreadAttributesResolution15.tsx	run		C
tsxSpreadAttributesResolution16.tsx	run		E
tsxSpreadAttributesResolution17.tsx	run		E
tsxSpreadAttributesResolution2.tsx	run		E
tsxSpreadAttributesResolution3.tsx	run		C
tsxSpreadAttributesResolution4.tsx	run		E
tsxSpreadAttributesResolution5.tsx	run		E
tsxSpreadAttributesResolution6.tsx	run		E
tsxSpreadAttributesResolution7.tsx	run		C
tsxSpreadAttributesResolution8.tsx	run		C
tsxSpreadAttributesResolution9.tsx	run		C
tsxSpreadChildren.tsx	run		E
tsxSpreadChildrenInvalidType(jsx=react,target=es2015).tsx	run		E
tsxSpreadChildrenInvalidType(jsx=react,target=es5).tsx	skipped	unsupported target ES5	
tsxSpreadChildrenInvalidType(jsx=react-jsx,target=es2015).tsx	run		E
tsxSpreadChildrenInvalidType(jsx=react-jsx,target=es5).tsx	skipped	unsupported target ES5	
tsxSpreadDoesNotReportExcessProps.tsx	run		C
tsxSpreadInvalidType.tsx	run		E
tsxStatelessComponentDefaultProps.tsx	run		C
tsxStatelessFunctionComponentOverload1.tsx	skipped	unsupported module kind AMD	
tsxStatelessFunctionComponentOverload2.tsx	skipped	unsupported module kind AMD	
tsxStatelessFunctionComponentOverload3.tsx	skipped	unsupported module kind AMD	
tsxStatelessFunctionComponentOverload4.tsx	run		E
tsxStatelessFunctionComponentOverload5.tsx	run		E
tsxStatelessFunctionComponentOverload6.tsx	run		E
tsxStatelessFunctionComponentWithDefaultTypeParameter1.tsx	skipped	unsupported module kind AMD	
tsxStatelessFunctionComponentWithDefaultTypeParameter2.tsx	skipped	unsupported module kind AMD	
tsxStatelessFunctionComponents1.tsx	run		E
tsxStatelessFunctionComponents2.tsx	run		E
tsxStatelessFunctionComponents3.tsx	skipped	unsupported module kind AMD	
tsxStatelessFunctionComponentsWithTypeArguments1.tsx	skipped	unsupported module kind AMD	
tsxStatelessFunctionComponentsWithTypeArguments2.tsx	skipped	unsupported module kind AMD	
tsxStatelessFunctionComponentsWithTypeArguments3.tsx	skipped	unsupported module kind AMD	
tsxStatelessFunctionComponentsWithTypeArguments4.tsx	run		E
tsxStatelessFunctionComponentsWithTypeArguments5.tsx	skipped	unsupported module kind AMD	
tsxTypeArgumentPartialDefinitionStillErrors.ts	run		E
tsxTypeArgumentResolution.tsx	run		E
tsxTypeArgumentsJsxPreserveOutput.tsx	run		C
tsxTypeErrors.tsx	run		E
tsxUnionElementType1.tsx	run		E
tsxUnionElementType2.tsx	run		E
tsxUnionElementType3.tsx	run		E
tsxUnionElementType4.tsx	run		E
tsxUnionElementType5.tsx	run		C
tsxUnionElementType6.tsx	run		E
tsxUnionMemberChecksFilterDataProps.tsx	run		C
tsxUnionSpread.tsx	run		C
tsxUnionTypeComponent1.tsx	run		C
tsxUnionTypeComponent2.tsx	run		E
tupleElementTypes1.ts	run		E
tupleElementTypes2.ts	run		C
tupleElementTypes3.ts	run		C
tupleElementTypes4.ts	run		C
tupleLengthCheck.ts	run		E
tupleTypeInference.ts	run		C
tupleTypeInference2.ts	run		C
tupleTypes.ts	run		E
twiceNestedKeyofIndexInference.ts	run		C
twoAccessorsWithSameName(target=es2015).ts	run		E
twoAccessorsWithSameName(target=es5).ts	skipped	unsupported target ES5	
twoAccessorsWithSameName2.ts	run		E
twoGenericInterfacesDifferingByTypeParameterName.ts	run		E
twoGenericInterfacesDifferingByTypeParameterName2.ts	run		E
twoGenericInterfacesWithDifferentConstraints.ts	run		E
twoGenericInterfacesWithTheSameNameButDifferentArity.ts	run		E
twoInterfacesDifferentRootModule.ts	run		E
twoInterfacesDifferentRootModule2.ts	run		E
twoMergedInterfacesWithDifferingOverloads.ts	run		E
twoMergedInterfacesWithDifferingOverloads2.ts	run		E
typeAliasDeclarationEmit(target=es2015).ts	run		E
typeAliasDeclarationEmit(target=es5).ts	skipped	unsupported target ES5	
typeAliasDeclarationEmit2(target=es2015).ts	skipped	unsupported module kind AMD	
typeAliasDeclarationEmit2(target=es5).ts	skipped	unsupported module kind AMD	
typeAliasDeclarationEmit3.ts	run		E
typeAliasDeclareKeyword01.d.ts	run		C
typeAliasDeclareKeywordNewlines.ts	run		E
typeAliasDoesntMakeModuleInstantiated.ts	run		C
typeAliasExport.ts	run		C
typeAliasFunctionTypeSharedSymbol.ts	run		C
typeAliasInstantiationNoLeak1.ts	run		C
typeAliases.ts	run		E
typeAliasesDoNotMerge.ts	run		E
typeAliasesForObjectTypes.ts	run		E
typeAndNamespaceExportMerge.ts	run		C
typeAnnotationBestCommonTypeInArrayLiteral.ts	run		C
typeArgInference.ts	run		E
typeArgInference2.ts	run		E
typeArgInference2WithError.ts	run		E
typeArgInferenceWithNull.ts	run		E
typeArgumentConstraintResolution1.ts	run		E
typeArgumentDefaultUsesConstraintOnCircularDefault.ts	run		E
typeArgumentInference.ts	run		E
typeArgumentInferenceApparentType1.ts	run		E
typeArgumentInferenceApparentType2.ts	run		E
typeArgumentInferenceConstructSignatures.ts	run		E
typeArgumentInferenceErrors.ts	run		E
typeArgumentInferenceOrdering.ts	run		E
typeArgumentInferenceTransitiveConstraints.ts	run		C
typeArgumentInferenceWithClassExpression1.ts	run		E
typeArgumentInferenceWithClassExpression2.ts	run		E
typeArgumentInferenceWithClassExpression3.ts	run		E
typeArgumentInferenceWithConstraintAsCommonRoot.ts	run		E
typeArgumentInferenceWithConstraints.ts	run		E
typeArgumentInferenceWithObjectLiteral.ts	run		E
typeArgumentInferenceWithRecursivelyReferencedTypeAliasToTypeLiteral01.ts	run		E
typeArgumentInferenceWithRecursivelyReferencedTypeAliasToTypeLiteral02.ts	run		E
typeArgumentsInFunctionExpressions.ts	run		C
typeArgumentsOnFunctionsWithNoTypeParameters.ts	run		E
typeArgumentsShouldDisallowNonGenericOverloads.ts	run		E
typeArgumentsWithStringLiteralTypes01.ts	run		E
typeAssertionToGenericFunctionType.ts	run		E
typeAssertions.ts	run		E
typeAssertionsWithIntersectionTypes01.ts	run		E
typeAssertionsWithUnionTypes01.ts	run		E
typeAssignabilityErrorMessage.ts	run		E
typeCheckExportsVariable.ts	run		E
typeCheckObjectCreationExpressionWithUndefinedCallResolutionData.ts	run		C
typeCheckObjectLiteralMethodBody.ts	run		C
typeCheckReturnExpression.ts	run		C
typeCheckTypeArgument.ts	run		E
typeCheckingInsideFunctionExpressionInArray.ts	run		E
typeComparisonCaching.ts	run		E
typeConstraintsWithConstructSignatures.ts	run		C
typeFromContextualThisType.ts	run		E
typeFromJSConstructor.ts	run		E
typeFromJSInitializer.ts	run		E
typeFromJSInitializer2.ts	run		C
typeFromJSInitializer3.ts	run		C
typeFromJSInitializer4.ts	run		E
typeFromParamTagForFunction.ts	run		E
typeFromPrivatePropertyAssignment.ts	run		C
typeFromPrivatePropertyAssignmentJs.ts	run		C
typeFromPropertyAssignment.ts	run		E
typeFromPropertyAssignment10.ts	run		E
typeFromPropertyAssignment10_1.ts	run		E
typeFromPropertyAssignment11.ts	run		C
typeFromPropertyAssignment12.ts	run		E
typeFromPropertyAssignment13.ts	run		C
typeFromPropertyAssignment14.ts	run		E
typeFromPropertyAssignment15.ts	run		E
typeFromPropertyAssignment16.ts	run		E
typeFromPropertyAssignment17.ts	run		C
typeFromPropertyAssignment18.ts	run		C
typeFromPropertyAssignment19.ts	run		C
typeFromPropertyAssignment2.ts	run		E
typeFromPropertyAssignment20.ts	run		C
typeFromPropertyAssignment21.ts	run		E
typeFromPropertyAssignment22.ts	run		E
typeFromPropertyAssignment23.ts	run		E
typeFromPropertyAssignment24.ts	run		E
typeFromPropertyAssignment25.ts	run		C
typeFromPropertyAssignment26.ts	run		E
typeFromPropertyAssignment27.ts	run		C
typeFromPropertyAssignment28.ts	run		E
typeFromPropertyAssignment29.ts	run		E
typeFromPropertyAssignment3.ts	run		E
typeFromPropertyAssignment30.ts	run		C
typeFromPropertyAssignment31.ts	run		E
typeFromPropertyAssignment32.ts	run		E
typeFromPropertyAssignment33.ts	run		E
typeFromPropertyAssignment34.ts	run		C
typeFromPropertyAssignment35.ts	run		E
typeFromPropertyAssignment36.ts	run		E
typeFromPropertyAssignment37.ts	run		C
typeFromPropertyAssignment38.ts	run		C
typeFromPropertyAssignment39.ts	run		C
typeFromPropertyAssignment4.ts	run		E
typeFromPropertyAssignment40.ts	run		E
typeFromPropertyAssignment5.ts	run		E
typeFromPropertyAssignment6.ts	run		E
typeFromPropertyAssignment7.ts	run		C
typeFromPropertyAssignment8.ts	run		C
typeFromPropertyAssignment8_1.ts	run		C
typeFromPropertyAssignment9.ts	run		E
typeFromPropertyAssignment9_1.ts	run		E
typeFromPropertyAssignmentOutOfOrder(target=es2015).ts	run		E
typeFromPropertyAssignmentOutOfOrder(target=es5).ts	skipped	unsupported target ES5	
typeFromPropertyAssignmentWithExport.ts	run		C
typeFromPrototypeAssignment.ts	run		E
typeFromPrototypeAssignment2.ts	run		E
typeFromPrototypeAssignment3.ts	run		E
typeFromPrototypeAssignment4.ts	run		C
typeGuardConstructorClassAndNumber.ts	run		E
typeGuardConstructorDerivedClass.ts	run		E
typeGuardConstructorNarrowAny.ts	run		C
typeGuardConstructorNarrowPrimitivesInUnion.ts	run		E
typeGuardConstructorPrimitiveTypes.ts	run		E
typeGuardEnums.ts	run		E
typeGuardFunction.ts	run		C
typeGuardFunctionErrors.ts	run		E
typeGuardFunctionGenerics.ts	run		C
typeGuardFunctionOfFormThis.ts	run		C
typeGuardFunctionOfFormThisErrors.ts	run		E
typeGuardInClass.ts	run		E
typeGuardIntersectionTypes.ts	run		C
typeGuardNarrowByMutableUntypedField.ts	run		C
typeGuardNarrowByUntypedField.ts	run		C
typeGuardNarrowsIndexedAccessOfKnownProperty1.ts	run		C
typeGuardNarrowsIndexedAccessOfKnownProperty10.ts	run		E
typeGuardNarrowsIndexedAccessOfKnownProperty11.ts	run		C
typeGuardNarrowsIndexedAccessOfKnownProperty12.ts	run		C
typeGuardNarrowsIndexedAccessOfKnownProperty2.ts	run		C
typeGuardNarrowsIndexedAccessOfKnownProperty3.ts	run		C
typeGuardNarrowsIndexedAccessOfKnownProperty4.ts	run		C
typeGuardNarrowsIndexedAccessOfKnownProperty5.ts	run		C
typeGuardNarrowsIndexedAccessOfKnownProperty6.ts	run		C
typeGuardNarrowsIndexedAccessOfKnownProperty7.ts	run		C
typeGuardNarrowsIndexedAccessOfKnownProperty8.ts	run		C
typeGuardNarrowsIndexedAccessOfKnownProperty9.ts	run		E
typeGuardNarrowsPrimitiveIntersection.ts	run		E
typeGuardNarrowsToLiteralType.ts	run		E
typeGuardNarrowsToLiteralTypeUnion.ts	run		E
typeGuardNesting.ts	run		E
typeGuardOfFormExpr1AndExpr2.ts	run		C
typeGuardOfFormExpr1OrExpr2.ts	run		C
typeGuardOfFormFunctionEquality.ts	run		C
typeGuardOfFormInstanceOf.ts	run		E
typeGuardOfFormInstanceOfOnInterface.ts	run		E
typeGuardOfFormIsType.ts	run		E
typeGuardOfFormIsTypeOnInterfaces.ts	run		E
typeGuardOfFormNotExpr.ts	run		E
typeGuardOfFormThisMember(target=es2015).ts	run		E
typeGuardOfFormThisMember(target=es5).ts	skipped	unsupported target ES5	
typeGuardOfFormThisMemberErrors(target=es2015).ts	run		E
typeGuardOfFormThisMemberErrors(target=es5).ts	skipped	unsupported target ES5	
typeGuardOfFormTypeOfBoolean.ts	run		E
typeGuardOfFormTypeOfEqualEqualHasNoEffect.ts	run		E
typeGuardOfFormTypeOfFunction.ts	run		C
typeGuardOfFormTypeOfIsOrderIndependent.ts	run		E
typeGuardOfFormTypeOfNotEqualHasNoEffect.ts	run		E
typeGuardOfFormTypeOfNumber.ts	run		E
typeGuardOfFormTypeOfOther.ts	run		E
typeGuardOfFormTypeOfPrimitiveSubtype.ts	run		E
typeGuardOfFormTypeOfString.ts	run		E
typeGuardOfFromPropNameInUnionType.ts	run		E
typeGuardOnContainerTypeNoHang.ts	run		C
typeGuardRedundancy.ts	run		E
typeGuardTautologicalConsistiency.ts	run		E
typeGuardTypeOfUndefined.ts	run		C
typeGuardsAsAssertions.ts	run		E
typeGuardsDefeat.ts	run		E
typeGuardsInClassAccessors(target=es2015).ts	run		E
typeGuardsInClassAccessors(target=es5).ts	skipped	unsupported target ES5	
typeGuardsInClassMethods.ts	run		E
typeGuardsInConditionalExpression.ts	run		C
typeGuardsInDoStatement.ts	run		E
typeGuardsInExternalModule.ts	run		E
typeGuardsInForStatement.ts	run		E
typeGuardsInFunction.ts	run		E
typeGuardsInFunctionAndModuleBlock.ts	run		C
typeGuardsInGlobal.ts	run		E
typeGuardsInIfStatement.ts	run		E
typeGuardsInModule.ts	run		E
typeGuardsInProperties(target=es2015).ts	run		E
typeGuardsInProperties(target=es5).ts	skipped	unsupported target ES5	
typeGuardsInRightOperandOfAndAndOperator.ts	run		C
typeGuardsInRightOperandOfOrOrOperator.ts	run		E
typeGuardsInWhileStatement.ts	run		E
typeGuardsNestedAssignments.ts	run		C
typeGuardsObjectMethods(target=es2015).ts	run		E
typeGuardsObjectMethods(target=es5).ts	skipped	unsupported target ES5	
typeGuardsOnClassProperty.ts	run		E
typeGuardsTypeParameters.ts	run		C
typeGuardsWithAny.ts	run		E
typeGuardsWithInstanceOf.ts	run		E
typeGuardsWithInstanceOfByConstructorSignature.ts	run		E
typeGuardsWithInstanceOfBySymbolHasInstance.ts	run		E
typeIdentityConsidersBrands.ts	run		E
typeInfer1.ts	run		E
typeInferenceCacheInvalidation.ts	run		C
typeInferenceConflictingCandidates.ts	run		E
typeInferenceFBoundedTypeParams.ts	run		C
typeInferenceFixEarly.ts	run		C
typeInferenceLiteralUnion.ts	run		C
typeInferenceReturnTypeCallback.ts	run		E
typeInferenceTypePredicate.ts	run		E
typeInferenceTypePredicate2.ts	run		C
typeInferenceWithExcessProperties.ts	run		C
typeInferenceWithExcessPropertiesJsx.tsx	run		C
typeInferenceWithTupleType.ts	run		E
typeInferenceWithTypeAnnotation.ts	run		C
typeInterfaceDeclarationsInBlockStatements1.ts	run		E
typeLiteralCallback.ts	run		E
typeLookupInIIFE.ts	run		E
typeMatch1.ts	run		E
typeMatch2.ts	run		E
typeName1.ts	run		E
typeNamedUndefined1.ts	run		E
typeNamedUndefined2.ts	run		E
typeOfEnumAndVarRedeclarations.ts	run		E
typeOfOnTypeArg.ts	run		E
typeOfOperator1.ts	run		E
typeOfPrototype.ts	run		E
typeOfSuperCall.ts	run		C
typeOfThisGeneral.ts	run		E
typeOfThisInAccessor.ts	run		E
typeOfThisInConstructorParamList.ts	run		C
typeOfThisInFunctionExpression.ts	run		E
typeOfThisInInstanceMember.ts	run		E
typeOfThisInInstanceMember2.ts	run		E
typeOfThisInMemberFunctions.ts	run		E
typeOfThisInStaticMembers.ts	run		C
typeOfThisInStaticMembers10(target=es2022).ts	run		E
typeOfThisInStaticMembers10(target=es5).ts	skipped	unsupported target ES5	
typeOfThisInStaticMembers10(target=es6).ts	run		E
typeOfThisInStaticMembers10(target=esnext).ts	run		E
typeOfThisInStaticMembers11(target=es2022).ts	run		E
typeOfThisInStaticMembers11(target=es5).ts	skipped	unsupported target ES5	
typeOfThisInStaticMembers11(target=es6).ts	run		E
typeOfThisInStaticMembers11(target=esnext).ts	run		E
typeOfThisInStaticMembers12(target=es2022).ts	run		E
typeOfThisInStaticMembers12(target=es5).ts	skipped	unsupported target ES5	
typeOfThisInStaticMembers12(target=es6).ts	run		E
typeOfThisInStaticMembers12(target=esnext).ts	run		E
typeOfThisInStaticMembers13(target=es2022).ts	run		E
typeOfThisInStaticMembers13(target=es5).ts	skipped	unsupported target ES5	
typeOfThisInStaticMembers13(target=es6).ts	run		E
typeOfThisInStaticMembers13(target=esnext).ts	run		E
typeOfThisInStaticMembers2.ts	run		C
typeOfThisInStaticMembers3(target=es2022).ts	run		C
typeOfThisInStaticMembers3(target=es5).ts	skipped	unsupported target ES5	
typeOfThisInStaticMembers3(target=es6).ts	run		C
typeOfThisInStaticMembers3(target=esnext).ts	run		C
typeOfThisInStaticMembers4(target=es2022).ts	run		C
typeOfThisInStaticMembers4(target=es5).ts	skipped	unsupported target ES5	
typeOfThisInStaticMembers4(target=es6).ts	run		C
typeOfThisInStaticMembers4(target=esnext).ts	run		C
typeOfThisInStaticMembers5(target=es2022).ts	run		C
typeOfThisInStaticMembers5(target=es5).ts	skipped	unsupported target ES5	
typeOfThisInStaticMembers5(target=es6).ts	run		C
typeOfThisInStaticMembers5(target=esnext).ts	run		C
typeOfThisInStaticMembers6.ts	run		E
typeOfThisInStaticMembers7(target=es2022).ts	run		C
typeOfThisInStaticMembers7(target=es5).ts	skipped	unsupported target ES5	
typeOfThisInStaticMembers7(target=es6).ts	run		C
typeOfThisInStaticMembers7(target=esnext).ts	run		C
typeOfThisInStaticMembers8(target=es2022).ts	run		E
typeOfThisInStaticMembers8(target=es5).ts	skipped	unsupported target ES5	
typeOfThisInStaticMembers8(target=es6).ts	run		E
typeOfThisInStaticMembers8(target=esnext).ts	run		E
typeOfThisInStaticMembers9(target=es2022).ts	run		E
typeOfThisInStaticMembers9(target=es5).ts	skipped	unsupported target ES5	
typeOfThisInStaticMembers9(target=es6).ts	run		E
typeOfThisInStaticMembers9(target=esnext).ts	run		E
typeOfThisInStatics.ts	run		C
typeOfThisInstanceMemberNarrowedWithLoopAntecedent.ts	run		E
typeOfYieldWithUnionInContextualReturnType.ts	run		C
typeOnlyESMImportFromCJS(module=node18).ts	run		E
typeOnlyESMImportFromCJS(module=node20).ts	run		C
typeOnlyESMImportFromCJS(module=nodenext).ts	run		C
typeOnlyMerge1.ts	run		C
typeOnlyMerge2.ts	run		E
typeOnlyMerge3.ts	run		E
typeParamExtendsOtherTypeParam.ts	run		E
typeParameterAndArgumentOfSameName1.ts	run		E
typeParameterArgumentEquivalence.ts	run		E
typeParameterArgumentEquivalence2.ts	run		E
typeParameterArgumentEquivalence3.ts	run		E
typeParameterArgumentEquivalence4.ts	run		E
typeParameterArgumentEquivalence5.ts	run		E
typeParameterAsBaseClass.ts	run		E
typeParameterAsBaseType.ts	run		E
typeParameterAsElementType.ts	run		E
typeParameterAsTypeArgument.ts	run		E
typeParameterAsTypeParameterConstraint.ts	run		E
typeParameterAsTypeParameterConstraint2.ts	run		E
typeParameterAsTypeParameterConstraintTransitively.ts	run		C
typeParameterAsTypeParameterConstraintTransitively2.ts	run		C
typeParameterAssignability.ts	run		E
typeParameterAssignability2.ts	run		E
typeParameterAssignability3.ts	run		E
typeParameterAssignmentCompat1.ts	run		E
typeParameterAssignmentWithConstraints.ts	run		E
typeParameterCompatibilityAccrossDeclarations.ts	skipped	unsupported module kind AMD	
typeParameterConstModifiers.ts	run		E
typeParameterConstModifiersReturnsAndYields.ts	run		C
typeParameterConstModifiersReverseMappedTypes.ts	run		C
typeParameterConstModifiersWithIntersection.ts	run		C
typeParameterConstrainedToOuterTypeParameter.ts	run		E
typeParameterConstrainedToOuterTypeParameter2.ts	run		C
typeParameterConstraintInstantiation.ts	run		E
typeParameterConstraints1.ts	run		E
typeParameterDiamond1.ts	run		E
typeParameterDiamond2.ts	run		E
typeParameterDiamond3.ts	run		E
typeParameterDiamond4.ts	run		E
typeParameterDirectlyConstrainedToItself.ts	run		E
typeParameterDoesntBlockParameterLookup.ts	run		C
typeParameterEquality.ts	run		E
typeParameterExplicitlyExtendsAny.ts	run		E
typeParameterExtendingUnion1.ts	run		C
typeParameterExtendingUnion2.ts	run		C
typeParameterExtendsPrimitive.ts	run		E
typeParameterExtendsUnionConstraintDistributed.ts	run		C
typeParameterFixingWithConstraints.ts	run		C
typeParameterFixingWithContextSensitiveArguments.ts	run		C
typeParameterFixingWithContextSensitiveArguments2.ts	run		E
typeParameterFixingWithContextSensitiveArguments3.ts	run		E
typeParameterFixingWithContextSensitiveArguments4.ts	run		C
typeParameterFixingWithContextSensitiveArguments5.ts	run		C
typeParameterHasSelfAsConstraint.ts	run		E
typeParameterInConstraint1.ts	run		C
typeParameterIndirectlyConstrainedToItself.ts	run		E
typeParameterLeak.ts	run		C
typeParameterListWithTrailingComma1.ts	run		C
typeParameterOrderReversal.ts	run		E
typeParameterUsedAsConstraint.ts	run		C
typeParameterUsedAsTypeParameterConstraint.ts	run		C
typeParameterUsedAsTypeParameterConstraint2.ts	run		C
typeParameterUsedAsTypeParameterConstraint3.ts	run		C
typeParameterUsedAsTypeParameterConstraint4.ts	run		E
typeParameterWithInvalidConstraintType.ts	run		E
typeParametersAndParametersInComputedNames.ts	run		E
typeParametersAreIdenticalToThemselves.ts	run		C
typeParametersAvailableInNestedScope.ts	run		E
typeParametersAvailableInNestedScope2.ts	run		C
typeParametersAvailableInNestedScope3.ts	run		C
typeParametersInStaticAccessors.ts	run		E
typeParametersInStaticMethods.ts	run		E
typeParametersInStaticProperties.ts	run		E
typeParametersShouldNotBeEqual.ts	run		E
typeParametersShouldNotBeEqual2.ts	run		E
typeParametersShouldNotBeEqual3.ts	run		E
typePartameterConstraintInstantiatedWithDefaultWhenCheckingDefault.ts	run		C
typePredicateASI.ts	run		C
typePredicateAcceptingPartialOfRefinedType.ts	run		C
typePredicateFreshLiteralWidening.ts	run		C
typePredicateInLoop.ts	run		E
typePredicateInherit.ts	run		E
typePredicateOnVariableDeclaration01.ts	run		E
typePredicateOnVariableDeclaration02.ts	run		E
typePredicateStructuralMatch.ts	run		E
typePredicateTopLevelTypeParameter.ts	run		C
typePredicateWithThisParameter.ts	run		C
typePredicatesCanNarrowByDiscriminant.ts	run		C
typePredicatesInUnion.ts	run		C
typePredicatesInUnion2.ts	run		C
typePredicatesInUnion3.ts	run		E
typePredicatesInUnion_noMatch.ts	run		C
typePredicatesOptionalChaining1.ts	run		C
typePredicatesOptionalChaining2.ts	run		C
typePredicatesOptionalChaining3.ts	run		C
typeQuery.ts	run		C
typeQueryOnClass.ts	run		C
typeQueryWithReservedWords.ts	run		C
typeReferenceDirectiveScopedPackageCustomTypeRoot.ts	run		E
typeReferenceDirectiveWithFailedFromTypeRoot.ts	run		E
typeReferenceDirectiveWithTypeAsFile.ts	run		C
typeReferenceDirectives1.ts	run		C
typeReferenceDirectives10.ts	run		C
typeReferenceDirectives11.ts	skipped	unsupported outFile /output.js	
typeReferenceDirectives12.ts	skipped	unsupported outFile /output.js	
typeReferenceDirectives13.ts	run		C
typeReferenceDirectives2.ts	run		C
typeReferenceDirectives3.ts	run		C
typeReferenceDirectives4.ts	run		C
typeReferenceDirectives5.ts	run		C
typeReferenceDirectives6.ts	run		C
typeReferenceDirectives7.ts	run		C
typeReferenceDirectives8.ts	run		C
typeReferenceDirectives9.ts	run		C
typeReferenceRelatedFiles.ts	run		C
typeRelationships.ts	run		E
typeResolution.ts	skipped	unsupported module kind AMD	
typeRootsFromMultipleNodeModulesDirectories.ts	run		C
typeRootsFromNodeModulesInParentDirectory.ts	run		C
typeSatisfaction.ts	run		E
typeSatisfactionWithDefaultExport.ts	run		E
typeSatisfaction_asConstArrays.ts	run		C
typeSatisfaction_contextualTyping1.ts	run		C
typeSatisfaction_contextualTyping2.ts	run		E
typeSatisfaction_contextualTyping3.ts	run		C
typeSatisfaction_ensureInterfaceImpl.ts	run		C
typeSatisfaction_errorLocations1.ts	run		E
typeSatisfaction_js.ts	skipped	unsupported outFile /lib/a.js	
typeSatisfaction_optionalMemberConformance.ts	run		E
typeSatisfaction_propNameConstraining.ts	run		E
typeSatisfaction_propertyNameFulfillment.ts	run		E
typeSatisfaction_propertyValueConformance1(nopropertyaccessfromindexsignature=false).ts	run		E
typeSatisfaction_propertyValueConformance1(nopropertyaccessfromindexsignature=true).ts	run		E
typeSatisfaction_propertyValueConformance2(nouncheckedindexedaccess=false).ts	run		E
typeSatisfaction_propertyValueConformance2(nouncheckedindexedaccess=true).ts	run		E
typeSatisfaction_propertyValueConformance3.ts	run		E
typeSatisfaction_vacuousIntersectionOfContextualTypes.ts	run		E
typeTagCircularReferenceOnConstructorFunction.ts	run		E
typeTagModuleExports.ts	run		E
typeTagNoErasure.ts	run		E
typeTagOnFunctionReferencesGeneric.ts	run		C
typeTagOnPropertyAssignment.ts	run		C
typeTagPrototypeAssignment.ts	run		E
typeTagWithGenericSignature.ts	run		C
typeUsedAsTypeLiteralIndex.ts	run		E
typeUsedAsValueError.ts	run		E
typeUsedAsValueError2.ts	run		E
typeVal.ts	run		C
typeValueConflict1.ts	run		E
typeValueConflict2.ts	run		E
typeValueMerge1.ts	run		C
typeVariableConstraintIntersections.ts	run		C
typeVariableConstraintedToAliasNotAssignableToUnion.ts	run		E
typeVariableTypeGuards.ts	run		C
typecheckCommaExpression.ts	run		E
typecheckIfCondition.ts	run		E
typedArrayConstructorOverloads.ts	run		C
typedArrays-es5(target=es2015).ts	run		C
typedArrays-es5(target=es5).ts	skipped	unsupported target ES5	
typedArrays-es6.ts	run		C
typedArrays.ts	run		C
typedArraysCrossAssignability01.ts	run		E
typedArraysSubarray.ts	run		C
typedGenericPrototypeMember.ts	run		C
typedefCrossModule.ts	run		E
typedefCrossModule2.ts	run		E
typedefCrossModule3.ts	run		C
typedefCrossModule4.ts	run		C
typedefCrossModule5.ts	run		E
typedefDuplicateTypeDeclaration.ts	run		E
typedefInnerNamepaths.ts	run		E
typedefMultipleTypeParameters.ts	run		E
typedefOnSemicolonClassElement.ts	run		C
typedefOnStatements.ts	run		E
typedefScope1.ts	run		E
typedefTagExtraneousProperty.ts	run		C
typedefTagNested.ts	run		C
typedefTagTypeResolution.ts	run		E
typedefTagWrapping.ts	run		E
typeofANonExportedType.ts	run		E
typeofAmbientExternalModules.ts	run		E
typeofAnExportedType.ts	run		E
typeofClass.ts	run		E
typeofClass2.ts	run		C
typeofClassWithPrivates.ts	run		E
typeofEnum.ts	run		E
typeofExternalModules.ts	run		E
typeofImportDefer.ts	run		E
typeofImportInstantiationExpression.ts	run		C
typeofImportTypeOnlyExport.ts	run		C
typeofInObjectLiteralType.ts	run		E
typeofInterface.ts	run		C
typeofInternalModules.ts	run		E
typeofModuleWithoutExports.ts	run		E
typeofObjectInference.ts	run		C
typeofOperatorInvalidOperations.ts	run		E
typeofOperatorWithAnyOtherType.ts	run		E
typeofOperatorWithBooleanType.ts	run		E
typeofOperatorWithEnumType.ts	run		E
typeofOperatorWithNumberType.ts	run		E
typeofOperatorWithStringType.ts	run		E
typeofProperty.ts	run		E
typeofSimple.ts	run		E
typeofStrictNull.ts	run		C
typeofStripsFreshness.ts	run		C
typeofThis.ts	run		E
typeofThisInMethodSignature.ts	run		C
typeofThisWithImplicitThis.ts	run		C
typeofTypeParameter.ts	run		E
typeofUndefined.ts	run		E
typeofUnknownSymbol.ts	run		E
typeofUsedBeforeBlockScoped.ts	run		C
types.asyncGenerators.es2018.1.ts	run		C
types.asyncGenerators.es2018.2.ts	run		E
types.forAwait.es2018.1.ts	run		C
types.forAwait.es2018.2.ts	run		E
types.forAwait.es2018.3.ts	run		E
typesOnlyExternalModuleStillHasInstance.ts	run		E
typesVersions.ambientModules.ts	run		C
typesVersions.emptyTypes.ts	skipped	unsupported baseUrl /	
typesVersions.justIndex.ts	skipped	unsupported baseUrl /	
typesVersions.multiFile.ts	run		C
typesVersionsDeclarationEmit.ambient.ts	run		C
typesVersionsDeclarationEmit.multiFile.ts	run		C
typesVersionsDeclarationEmit.multiFileBackReferenceToSelf.ts	run		E
typesVersionsDeclarationEmit.multiFileBackReferenceToUnmapped.ts	run		C
typesWithDuplicateTypeParameters.ts	run		E
typesWithOptionalProperty.ts	run		C
typesWithPrivateConstructor.ts	run		E
typesWithProtectedConstructor.ts	run		E
typesWithPublicConstructor.ts	run		E
typesWithSpecializedCallSignatures.ts	run		C
typesWithSpecializedConstructSignatures.ts	run		C
typingsLookup1.ts	run		E
typingsLookup2.ts	run		C
typingsLookup3.ts	run		E
typingsLookup4.ts	run		C
typingsLookupAmd.ts	skipped	unsupported module kind AMD	
typingsSuggestion1.ts	run		E
typingsSuggestion2.ts	run		E
typingsSuggestionBun1.ts	run		E
typingsSuggestionBun2.ts	run		E
umd-augmentation-1.ts	run		C
umd-augmentation-2.ts	run		C
umd-augmentation-3.ts	run		C
umd-augmentation-4.ts	run		C
umd-errors.ts	run		E
umd1.ts	run		E
umd2.ts	run		E
umd3.ts	run		E
umd4.ts	run		E
umd5.ts	run		E
umd6.ts	run		C
umd7.ts	run		C
umd8.ts	run		E
umd9.ts	run		C
umdDependencyComment2.ts	skipped	unsupported module kind UMD	
umdDependencyCommentName1.ts	skipped	unsupported module kind UMD	
umdDependencyCommentName2.ts	skipped	unsupported module kind UMD	
umdGlobalAugmentationNoCrash.ts	run		E
umdGlobalConflict.ts	run		C
umdNamedAmdMode.ts	skipped	unsupported module kind UMD	
umdNamespaceMergedWithGlobalAugmentationIsNotCircular.ts	run		E
unannotatedParametersAreOptional.ts	run		C
unaryOperators1.ts	run		E
unaryOperatorsInStrictMode.ts	run		E
unaryPlus.ts	run		C
uncalledFunctionChecksInConditional.ts	run		E
uncalledFunctionChecksInConditional2.ts	run		E
uncalledFunctionChecksInConditionalPerf.ts	run		C
uncaughtCompilerError1.ts	run		C
uncaughtCompilerError2.ts	run		E
unclosedExportClause01.ts	run		E
unclosedExportClause02.ts	run		E
undeclaredBase.ts	run		E
undeclaredMethod.ts	run		E
undeclaredModuleError.ts	run		E
undeclaredVarEmit.ts	run		E
undefinedArgumentInference.ts	run		E
undefinedAsDiscriminantWithUnknown(strictnullchecks=false).ts	run		C
undefinedAsDiscriminantWithUnknown(strictnullchecks=true).ts	run		C
undefinedAssignableToEveryType.ts	run		E
undefinedAssignableToGenericMappedIntersection.ts	run		E
undefinedInferentialTyping.ts	run		E
undefinedIsSubtypeOfEverything.ts	run		E
undefinedSymbolReferencedInArrayLiteral1.ts	run		E
undefinedTypeArgument1.ts	run		E
undefinedTypeArgument2.ts	run		E
undefinedTypeAssignment1.ts	run		E
undefinedTypeAssignment2.ts	run		E
undefinedTypeAssignment3.ts	run		E
undefinedTypeAssignment4.ts	run		E
underscoreEscapedNameInEnum.ts	run		C
underscoreMapFirst.ts	run		C
underscoreTest1.ts	run		E
underscoreThisInDerivedClass01.ts	run		C
underscoreThisInDerivedClass02.ts	run		C
unexpectedStatementBlockTerminator.ts	run		E
unexportedInstanceClassVariables.ts	run		C
unicodeEscapesInJSDoc.ts	run		C
unicodeEscapesInJsxtags.tsx	run		E
unicodeEscapesInNames01(target=es2015).ts	run		C
unicodeEscapesInNames01(target=es5).ts	skipped	unsupported target ES5	
unicodeEscapesInNames01(target=esnext).ts	run		C
unicodeEscapesInNames02(target=es2015).ts	run		E
unicodeEscapesInNames02(target=es5).ts	skipped	unsupported target ES5	
unicodeExtendedEscapesInRegularExpressions01(target=es5).ts	skipped	unsupported target ES5	
unicodeExtendedEscapesInRegularExpressions01(target=es6).ts	run		C
unicodeExtendedEscapesInRegularExpressions02(target=es5).ts	skipped	unsupported target ES5	
unicodeExtendedEscapesInRegularExpressions02(target=es6).ts	run		C
unicodeExtendedEscapesInRegularExpressions03(target=es5).ts	skipped	unsupported target ES5	
unicodeExtendedEscapesInRegularExpressions03(target=es6).ts	run		C
unicodeExtendedEscapesInRegularExpressions04(target=es5).ts	skipped	unsupported target ES5	
unicodeExtendedEscapesInRegularExpressions04(target=es6).ts	run		C
unicodeExtendedEscapesInRegularExpressions05(target=es5).ts	skipped	unsupported target ES5	
unicodeExtendedEscapesInRegularExpressions05(target=es6).ts	run		C
unicodeExtendedEscapesInRegularExpressions06(target=es5).ts	skipped	unsupported target ES5	
unicodeExtendedEscapesInRegularExpressions06(target=es6).ts	run		C
unicodeExtendedEscapesInRegularExpressions07(target=es5).ts	skipped	unsupported target ES5	
unicodeExtendedEscapesInRegularExpressions07(target=es6).ts	run		E
unicodeExtendedEscapesInRegularExpressions08(target=es5).ts	skipped	unsupported target ES5	
unicodeExtendedEscapesInRegularExpressions08(target=es6).ts	run		C
unicodeExtendedEscapesInRegularExpressions09(target=es5).ts	skipped	unsupported target ES5	
unicodeExtendedEscapesInRegularExpressions09(target=es6).ts	run		C
unicodeExtendedEscapesInRegularExpressions10(target=es5).ts	skipped	unsupported target ES5	
unicodeExtendedEscapesInRegularExpressions10(target=es6).ts	run		C
unicodeExtendedEscapesInRegularExpressions11(target=es5).ts	skipped	unsupported target ES5	
unicodeExtendedEscapesInRegularExpressions11(target=es6).ts	run		C
unicodeExtendedEscapesInRegularExpressions12(target=es5).ts	skipped	unsupported target ES5	
unicodeExtendedEscapesInRegularExpressions12(target=es6).ts	run		E
unicodeExtendedEscapesInRegularExpressions13(target=es5).ts	skipped	unsupported target ES5	
unicodeExtendedEscapesInRegularExpressions13(target=es6).ts	run		C
unicodeExtendedEscapesInRegularExpressions14(target=es5).ts	skipped	unsupported target ES5	
unicodeExtendedEscapesInRegularExpressions14(target=es6).ts	run		E
unicodeExtendedEscapesInRegularExpressions15(target=es5).ts	skipped	unsupported target ES5	
unicodeExtendedEscapesInRegularExpressions15(target=es6).ts	run		C
unicodeExtendedEscapesInRegularExpressions16(target=es5).ts	skipped	unsupported target ES5	
unicodeExtendedEscapesInRegularExpressions16(target=es6).ts	run		C
unicodeExtendedEscapesInRegularExpressions17(target=es5).ts	skipped	unsupported target ES5	
unicodeExtendedEscapesInRegularExpressions17(target=es6).ts	run		E
unicodeExtendedEscapesInRegularExpressions18(target=es5).ts	skipped	unsupported target ES5	
unicodeExtendedEscapesInRegularExpressions18(target=es6).ts	run		C
unicodeExtendedEscapesInRegularExpressions19(target=es5).ts	skipped	unsupported target ES5	
unicodeExtendedEscapesInRegularExpressions19(target=es6).ts	run		E
unicodeExtendedEscapesInStrings01(target=es5).ts	skipped	unsupported target ES5	
unicodeExtendedEscapesInStrings01(target=es6).ts	run		C
unicodeExtendedEscapesInStrings02(target=es5).ts	skipped	unsupported target ES5	
unicodeExtendedEscapesInStrings02(target=es6).ts	run		C
unicodeExtendedEscapesInStrings03(target=es5).ts	skipped	unsupported target ES5	
unicodeExtendedEscapesInStrings03(target=es6).ts	run		C
unicodeExtendedEscapesInStrings04(target=es5).ts	skipped	unsupported target ES5	
unicodeExtendedEscapesInStrings04(target=es6).ts	run		C
unicodeExtendedEscapesInStrings05(target=es5).ts	skipped	unsupported target ES5	
unicodeExtendedEscapesInStrings05(target=es6).ts	run		C
unicodeExtendedEscapesInStrings06(target=es5).ts	skipped	unsupported target ES5	
unicodeExtendedEscapesInStrings06(target=es6).ts	run		C
unicodeExtendedEscapesInStrings07(target=es5).ts	skipped	unsupported target ES5	
unicodeExtendedEscapesInStrings07(target=es6).ts	run		E
unicodeExtendedEscapesInStrings08(target=es5).ts	skipped	unsupported target ES5	
unicodeExtendedEscapesInStrings08(target=es6).ts	run		C
unicodeExtendedEscapesInStrings09(target=es5).ts	skipped	unsupported target ES5	
unicodeExtendedEscapesInStrings09(target=es6).ts	run		C
unicodeExtendedEscapesInStrings10(target=es5).ts	skipped	unsupported target ES5	
unicodeExtendedEscapesInStrings10(target=es6).ts	run		C
unicodeExtendedEscapesInStrings11(target=es5).ts	skipped	unsupported target ES5	
unicodeExtendedEscapesInStrings11(target=es6).ts	run		C
unicodeExtendedEscapesInStrings12(target=es5).ts	skipped	unsupported target ES5	
unicodeExtendedEscapesInStrings12(target=es6).ts	run		E
unicodeExtendedEscapesInStrings13(target=es5).ts	skipped	unsupported target ES5	
unicodeExtendedEscapesInStrings13(target=es6).ts	run		C
unicodeExtendedEscapesInStrings14(target=es5).ts	skipped	unsupported target ES5	
unicodeExtendedEscapesInStrings14(target=es6).ts	run		E
unicodeExtendedEscapesInStrings15(target=es5).ts	skipped	unsupported target ES5	
unicodeExtendedEscapesInStrings15(target=es6).ts	run		C
unicodeExtendedEscapesInStrings16(target=es5).ts	skipped	unsupported target ES5	
unicodeExtendedEscapesInStrings16(target=es6).ts	run		C
unicodeExtendedEscapesInStrings17(target=es5).ts	skipped	unsupported target ES5	
unicodeExtendedEscapesInStrings17(target=es6).ts	run		E
unicodeExtendedEscapesInStrings18(target=es5).ts	skipped	unsupported target ES5	
unicodeExtendedEscapesInStrings18(target=es6).ts	run		C
unicodeExtendedEscapesInStrings19(target=es5).ts	skipped	unsupported target ES5	
unicodeExtendedEscapesInStrings19(target=es6).ts	run		E
unicodeExtendedEscapesInStrings20(target=es5).ts	skipped	unsupported target ES5	
unicodeExtendedEscapesInStrings20(target=es6).ts	run		E
unicodeExtendedEscapesInStrings21(target=es5).ts	skipped	unsupported target ES5	
unicodeExtendedEscapesInStrings21(target=es6).ts	run		E
unicodeExtendedEscapesInStrings22(target=es5).ts	skipped	unsupported target ES5	
unicodeExtendedEscapesInStrings22(target=es6).ts	run		E
unicodeExtendedEscapesInStrings23(target=es5).ts	skipped	unsupported target ES5	
unicodeExtendedEscapesInStrings23(target=es6).ts	run		C
unicodeExtendedEscapesInStrings24(target=es5).ts	skipped	unsupported target ES5	
unicodeExtendedEscapesInStrings24(target=es6).ts	run		E
unicodeExtendedEscapesInStrings25(target=es5).ts	skipped	unsupported target ES5	
unicodeExtendedEscapesInStrings25(target=es6).ts	run		E
unicodeExtendedEscapesInTemplates01(target=es5).ts	skipped	unsupported target ES5	
unicodeExtendedEscapesInTemplates01(target=es6).ts	run		C
unicodeExtendedEscapesInTemplates02(target=es5).ts	skipped	unsupported target ES5	
unicodeExtendedEscapesInTemplates02(target=es6).ts	run		C
unicodeExtendedEscapesInTemplates03(target=es5).ts	skipped	unsupported target ES5	
unicodeExtendedEscapesInTemplates03(target=es6).ts	run		C
unicodeExtendedEscapesInTemplates04(target=es5).ts	skipped	unsupported target ES5	
unicodeExtendedEscapesInTemplates04(target=es6).ts	run		C
unicodeExtendedEscapesInTemplates05(target=es5).ts	skipped	unsupported target ES5	
unicodeExtendedEscapesInTemplates05(target=es6).ts	run		C
unicodeExtendedEscapesInTemplates06(target=es5).ts	skipped	unsupported target ES5	
unicodeExtendedEscapesInTemplates06(target=es6).ts	run		C
unicodeExtendedEscapesInTemplates07(target=es5).ts	skipped	unsupported target ES5	
unicodeExtendedEscapesInTemplates07(target=es6).ts	run		E
unicodeExtendedEscapesInTemplates08(target=es5).ts	skipped	unsupported target ES5	
unicodeExtendedEscapesInTemplates08(target=es6).ts	run		C
unicodeExtendedEscapesInTemplates09(target=es5).ts	skipped	unsupported target ES5	
unicodeExtendedEscapesInTemplates09(target=es6).ts	run		C
unicodeExtendedEscapesInTemplates10(target=es5).ts	skipped	unsupported target ES5	
unicodeExtendedEscapesInTemplates10(target=es6).ts	run		C
unicodeExtendedEscapesInTemplates11(target=es5).ts	skipped	unsupported target ES5	
unicodeExtendedEscapesInTemplates11(target=es6).ts	run		C
unicodeExtendedEscapesInTemplates12(target=es5).ts	skipped	unsupported target ES5	
unicodeExtendedEscapesInTemplates12(target=es6).ts	run		E
unicodeExtendedEscapesInTemplates13(target=es5).ts	skipped	unsupported target ES5	
unicodeExtendedEscapesInTemplates13(target=es6).ts	run		C
unicodeExtendedEscapesInTemplates14(target=es5).ts	skipped	unsupported target ES5	
unicodeExtendedEscapesInTemplates14(target=es6).ts	run		E
unicodeExtendedEscapesInTemplates15(target=es5).ts	skipped	unsupported target ES5	
unicodeExtendedEscapesInTemplates15(target=es6).ts	run		C
unicodeExtendedEscapesInTemplates16(target=es5).ts	skipped	unsupported target ES5	
unicodeExtendedEscapesInTemplates16(target=es6).ts	run		C
unicodeExtendedEscapesInTemplates17(target=es5).ts	skipped	unsupported target ES5	
unicodeExtendedEscapesInTemplates17(target=es6).ts	run		E
unicodeExtendedEscapesInTemplates18(target=es5).ts	skipped	unsupported target ES5	
unicodeExtendedEscapesInTemplates18(target=es6).ts	run		C
unicodeExtendedEscapesInTemplates19(target=es5).ts	skipped	unsupported target ES5	
unicodeExtendedEscapesInTemplates19(target=es6).ts	run		E
unicodeExtendedEscapesInTemplates20(target=es5).ts	skipped	unsupported target ES5	
unicodeExtendedEscapesInTemplates20(target=es6).ts	run		C
unicodeIdentifierName2.ts	run		E
unicodeIdentifierNames.ts	run		C
unicodeStringLiteral.ts	run		C
unionAndIntersectionInference1.ts	run		E
unionAndIntersectionInference2.ts	run		E
unionAndIntersectionInference3.ts	run		C
unionCallMixedTypeParameterPresence.ts	run		C
unionErrorMessageOnMatchingDiscriminant.ts	run		E
unionExcessPropertyCheckNoApparentPropTypeMismatchErrors.ts	run		C
unionExcessPropsWithPartialMember.ts	run		C
unionOfArraysFilterCall.ts	run		E
unionOfClassCalls.ts	run		C
unionOfEnumInference.ts	run		C
unionOfFunctionAndSignatureIsCallable.ts	run		C
unionPropertyExistence.ts	run		E
unionPropertyOfProtectedAndIntersectionProperty.ts	run		E
unionReductionMutualSubtypes.ts	run		C
unionReductionWithStringMappingAndIdenticalBaseTypeExistsNoCrash.tsx	run		C
unionRelationshipCheckPasses.ts	run		C
unionSignaturesWithThisParameter.ts	run		C
unionSubtypeIfEveryConstituentTypeIsSubtype.ts	run		E
unionSubtypeReductionErrors.ts	run		E
unionThisTypeInFunctions.ts	run		E
unionTypeCallSignatures.ts	run		E
unionTypeCallSignatures2.ts	run		E
unionTypeCallSignatures3.ts	run		E
unionTypeCallSignatures4.ts	run		E
unionTypeCallSignatures5.ts	run		E
unionTypeCallSignatures6.ts	run		E
unionTypeCallSignatures7.ts	run		C
unionTypeConstructSignatures.ts	run		E
unionTypeEquivalence.ts	run		E
unionTypeErrorMessageTypeRefs01.ts	run		E
unionTypeFromArrayLiteral.ts	run		E
unionTypeIdentity.ts	run		E
unionTypeIndexSignature.ts	run		C
unionTypeInference.ts	run		E
unionTypeLiterals.ts	run		E
unionTypeMembers.ts	run		E
unionTypeParameterInference.ts	run		C
unionTypePropertyAccessibility.ts	run		E
unionTypeReadonly.ts	run		E
unionTypeReduction.ts	run		C
unionTypeReduction2.ts	run		E
unionTypeWithIndexAndMethodSignature.ts	run		C
unionTypeWithIndexAndTuple.ts	run		C
unionTypeWithIndexSignature.ts	run		E
unionTypeWithIndexedLiteralType.ts	run		C
unionTypeWithLeadingOperator.ts	run		C
unionTypeWithRecursiveSubtypeReduction1.ts	run		E
unionTypeWithRecursiveSubtypeReduction2.ts	run		E
unionTypeWithRecursiveSubtypeReduction3.ts	run		E
unionTypesAssignability.ts	run		E
unionWithIndexSignature.ts	run		C
unionsOfTupleTypes1.ts	run		E
uniqueSymbolAllowsIndexInObjectWithIndexSignature.ts	run		E
uniqueSymbolAssignmentOnGlobalAugmentationSuceeds.ts	run		C
uniqueSymbolJs.ts	run		E
uniqueSymbolJs2.ts	run		E
uniqueSymbolPropertyDeclarationEmit.ts	run		C
uniqueSymbols.ts	run		E
uniqueSymbolsDeclarations.ts	run		E
uniqueSymbolsDeclarationsErrors.ts	run		C
uniqueSymbolsDeclarationsInJs.ts	skipped	unsupported outFile /.src/uniqueSymbolsDeclarationsInJs-out.js	
uniqueSymbolsDeclarationsInJsErrors.ts	skipped	unsupported outFile /.src/uniqueSymbolsDeclarationsInJsErrors-out.js	
uniqueSymbolsErrors.ts	run		E
uniqueSymbolsPropertyNames.ts	run		E
unknownControlFlow.ts	run		E
unknownLikeUnionObjectFlagsNotPropagated.ts	run		C
unknownPropertiesAreAssignableToObjectUnion.ts	run		C
unknownSymbolInGenericReturnType.ts	run		E
unknownSymbolOffContextualType1.ts	run		E
unknownSymbols1.ts	run		E
unknownSymbols2.ts	run		E
unknownType1.ts	run		E
unknownType2.ts	run		E
unknownTypeArgOnCall.ts	run		E
unknownTypeErrors.ts	run		E
unmatchedParameterPositions.ts	run		C
unmetTypeConstraintInImportCall.ts	run		E
unmetTypeConstraintInJSDocImportCall.ts	run		E
unparenthesizedConstructorTypeInUnionOrIntersection.ts	run		E
unparenthesizedFunctionTypeInUnionOrIntersection.ts	run		E
unqualifiedCallToClassStatic1.ts	run		E
unreachableDeclarations(preserveconstenums=false).ts	run		E
unreachableDeclarations(preserveconstenums=true).ts	run		E
unreachableFlowAfterFinally.ts	run		C
unreachableJavascriptChecked.ts	run		E
unreachableJavascriptUnchecked.ts	run		C
unreachableSwitchTypeofAny.ts	run		E
unreachableSwitchTypeofUnknown.ts	run		E
unresolvableSelfReferencingAwaitedUnion.ts	run		E
unresolvedTypeAssertionSymbol.ts	run		E
unspecializedConstraints.ts	run		E
unterminatedRegexAtEndOfSource1.ts	run		E
unterminatedStringLiteralWithBackslash1.ts	run		E
untypedArgumentInLambdaExpression.ts	run		C
untypedFunctionCallsWithTypeParameters1.ts	run		E
untypedModuleImport.ts	run		C
untypedModuleImport_allowJs.ts	run		E
untypedModuleImport_noImplicitAny.ts	run		E
untypedModuleImport_noImplicitAny_relativePath.ts	run		E
untypedModuleImport_noImplicitAny_scoped.ts	run		E
untypedModuleImport_noImplicitAny_typesForPackageExist.ts	run		E
untypedModuleImport_vsAmbient.ts	run		C
untypedModuleImport_withAugmentation.ts	run		E
untypedModuleImport_withAugmentation2.ts	run		E
unusedClassesinModule1.ts	run		E
unusedClassesinNamespace1.ts	run		E
unusedClassesinNamespace2.ts	run		E
unusedClassesinNamespace3.ts	run		C
unusedClassesinNamespace4.ts	run		E
unusedClassesinNamespace5.ts	run		E
unusedDestructuring.ts	run		E
unusedDestructuringParameters.ts	run		E
unusedFunctionsinNamespaces1.ts	run		E
unusedFunctionsinNamespaces2.ts	run		E
unusedFunctionsinNamespaces3.ts	run		E
unusedFunctionsinNamespaces4.ts	run		E
unusedFunctionsinNamespaces5.ts	run		E
unusedFunctionsinNamespaces6.ts	run		E
unusedGetterInClass(target=es2015).ts	run		E
unusedGetterInClass(target=es5).ts	skipped	unsupported target ES5	
unusedIdentifiersConsolidated1.ts	run		E
unusedImportDeclaration.ts	run		E
unusedImportWithSpread.ts	run		C
unusedImports1.ts	run		E
unusedImports10.ts	run		E
unusedImports11.ts	run		C
unusedImports12.ts	run		E
unusedImports13.ts	run		C
unusedImports14.ts	run		C
unusedImports15.ts	run		C
unusedImports16.ts	run		C
unusedImports2.ts	run		E
unusedImports3.ts	run		E
unusedImports4.ts	run		E
unusedImports5.ts	run		E
unusedImports6.ts	run		E
unusedImports7.ts	run		E
unusedImports8.ts	run		E
unusedImports9.ts	run		E
unusedImports_entireImportDeclaration.ts	run		E
unusedInterfaceinNamespace1.ts	run		E
unusedInterfaceinNamespace2.ts	run		E
unusedInterfaceinNamespace3.ts	run		E
unusedInterfaceinNamespace4.ts	run		C
unusedInterfaceinNamespace5.ts	run		C
unusedInvalidTypeArguments.ts	run		E
unusedLocalProperty.ts	run		C
unusedLocalsAndObjectSpread.ts	run		E
unusedLocalsAndObjectSpread2.ts	run		E
unusedLocalsAndParameters.ts	run		E
unusedLocalsAndParametersDeferred.ts	run		C
unusedLocalsAndParametersOverloadSignatures.ts	run		C
unusedLocalsAndParametersTypeAliases.ts	run		C
unusedLocalsAndParametersTypeAliases2.ts	run		E
unusedLocalsInForInOrOf1.ts	run		E
unusedLocalsInMethod1.ts	run		E
unusedLocalsInMethod2.ts	run		E
unusedLocalsInMethod3.ts	run		E
unusedLocalsInMethod4.ts	run		E
unusedLocalsInRecursiveReturn.ts	run		C
unusedLocalsOnFunctionDeclarationWithinFunctionDeclaration1.ts	run		E
unusedLocalsOnFunctionDeclarationWithinFunctionDeclaration2.ts	run		E
unusedLocalsOnFunctionDeclarationWithinFunctionExpression1.ts	run		E
unusedLocalsOnFunctionDeclarationWithinFunctionExpression2.ts	run		E
unusedLocalsOnFunctionExpressionWithinFunctionDeclaration1.ts	run		E
unusedLocalsOnFunctionExpressionWithinFunctionDeclaration2.ts	run		E
unusedLocalsOnFunctionExpressionWithinFunctionExpression1.ts	run		E
unusedLocalsOnFunctionExpressionWithinFunctionExpression2.ts	run		E
unusedLocalsStartingWithUnderscore.ts	run		E
unusedLocalsinConstructor1.ts	run		E
unusedLocalsinConstructor2.ts	run		E
unusedMethodsInInterface.ts	run		C
unusedModuleInModule.ts	run		E
unusedMultipleParameter1InContructor.ts	run		E
unusedMultipleParameter1InFunctionExpression.ts	run		E
unusedMultipleParameter2InContructor.ts	run		E
unusedMultipleParameter2InFunctionExpression.ts	run		E
unusedMultipleParameters1InFunctionDeclaration.ts	run		E
unusedMultipleParameters1InMethodDeclaration.ts	run		E
unusedMultipleParameters2InFunctionDeclaration.ts	run		E
unusedMultipleParameters2InMethodDeclaration.ts	run		E
unusedNamespaceInModule.ts	run		E
unusedNamespaceInNamespace.ts	run		E
unusedParameterInCatchClause.ts	run		C
unusedParameterProperty1.ts	run		E
unusedParameterProperty2.ts	run		E
unusedParameterUsedInTypeOf(target=es2015).ts	run		C
unusedParameterUsedInTypeOf(target=es5).ts	skipped	unsupported target ES5	
unusedParametersInLambda1.ts	run		E
unusedParametersInLambda2.ts	run		E
unusedParametersThis.ts	run		E
unusedParametersWithUnderscore.ts	run		E
unusedParametersinConstructor1.ts	run		E
unusedParametersinConstructor2.ts	run		E
unusedParametersinConstructor3.ts	run		E
unusedPrivateMembers(target=es2015).ts	run		E
unusedPrivateMembers(target=es5).ts	skipped	unsupported target ES5	
unusedPrivateMethodInClass1.ts	run		E
unusedPrivateMethodInClass2.ts	run		E
unusedPrivateMethodInClass3.ts	run		E
unusedPrivateMethodInClass4.ts	run		E
unusedPrivateStaticMembers.ts	run		E
unusedPrivateVariableInClass1.ts	run		E
unusedPrivateVariableInClass2.ts	run		E
unusedPrivateVariableInClass3.ts	run		E
unusedPrivateVariableInClass4.ts	run		E
unusedPrivateVariableInClass5.ts	run		E
unusedSemicolonInClass.ts	run		C
unusedSetterInClass(target=es2015).ts	run		E
unusedSetterInClass(target=es5).ts	skipped	unsupported target ES5	
unusedSetterInClass2.ts	run		C
unusedSingleParameterInContructor.ts	run		E
unusedSingleParameterInFunctionDeclaration.ts	run		E
unusedSingleParameterInFunctionExpression.ts	run		E
unusedSingleParameterInMethodDeclaration.ts	run		E
unusedSwitchStatement.ts	run		E
unusedTypeParameterInFunction1.ts	run		E
unusedTypeParameterInFunction2.ts	run		E
unusedTypeParameterInFunction3.ts	run		E
unusedTypeParameterInFunction4.ts	run		E
unusedTypeParameterInInterface1.ts	run		E
unusedTypeParameterInInterface2.ts	run		E
unusedTypeParameterInLambda1.ts	run		E
unusedTypeParameterInLambda2.ts	run		E
unusedTypeParameterInLambda3.ts	run		E
unusedTypeParameterInMethod1.ts	run		E
unusedTypeParameterInMethod2.ts	run		E
unusedTypeParameterInMethod3.ts	run		E
unusedTypeParameterInMethod4.ts	run		E
unusedTypeParameterInMethod5.ts	run		E
unusedTypeParameters1.ts	run		E
unusedTypeParameters10.ts	run		E
unusedTypeParameters2.ts	run		E
unusedTypeParameters3.ts	run		E
unusedTypeParameters4.ts	run		E
unusedTypeParameters5.ts	run		E
unusedTypeParameters6.ts	run		C
unusedTypeParameters7.ts	run		E
unusedTypeParameters8.ts	run		C
unusedTypeParameters9.ts	run		E
unusedTypeParametersCheckedByNoUnusedParameters.ts	run		E
unusedTypeParametersNotCheckedByNoUnusedLocals.ts	run		C
unusedTypeParametersWithUnderscore.ts	run		E
unusedTypeParameters_infer.ts	run		E
unusedTypeParameters_templateTag.ts	run		E
unusedTypeParameters_templateTag2.ts	run		E
unusedVariablesWithUnderscoreInBindingElement.ts	run		E
unusedVariablesWithUnderscoreInForOfLoop.ts	run		E
unusedVariablesinBlocks1.ts	run		E
unusedVariablesinBlocks2.ts	run		E
unusedVariablesinForLoop.ts	run		E
unusedVariablesinForLoop2.ts	run		E
unusedVariablesinForLoop3.ts	run		E
unusedVariablesinForLoop4.ts	run		E
unusedVariablesinModules1.ts	run		E
unusedVariablesinNamespaces1.ts	run		E
unusedVariablesinNamespaces2.ts	run		E
unusedVariablesinNamespaces3.ts	run		E
unwitnessedTypeParameterVariance.ts	run		C
useBeforeDeclaration.ts	skipped	unsupported outFile /.src/test.js	
useBeforeDeclaration_classDecorators.1.ts	run		E
useBeforeDeclaration_classDecorators.2(experimentaldecorators=false).ts	run		E
useBeforeDeclaration_classDecorators.2(experimentaldecorators=true).ts	run		C
useBeforeDeclaration_destructuring.ts	run		E
useBeforeDeclaration_jsx.tsx	run		E
useBeforeDeclaration_propertyAssignment.ts	run		E
useBeforeDeclaration_superClass.ts	run		E
useBeforeDefinitionInDeclarationFiles.ts	run		C
useDefineForClassFieldsFlagDefault(target=es2020).ts	run		C
useDefineForClassFieldsFlagDefault(target=esnext).ts	run		C
useObjectValuesAndEntries1(target=es2015).ts	run		C
useObjectValuesAndEntries1(target=es5).ts	skipped	unsupported target ES5	
useObjectValuesAndEntries2(target=es2015).ts	run		E
useObjectValuesAndEntries2(target=es5).ts	skipped	unsupported target ES5	
useObjectValuesAndEntries3.ts	run		E
useObjectValuesAndEntries4.ts	run		C
usePromiseFinally(target=es2015).ts	run		C
usePromiseFinally(target=es5).ts	skipped	unsupported target ES5	
useRegexpGroups.ts	run		E
useSharedArrayBuffer1(target=es2015).ts	run		C
useSharedArrayBuffer1(target=es5).ts	skipped	unsupported target ES5	
useSharedArrayBuffer2(target=es2015).ts	run		E
useSharedArrayBuffer2(target=es5).ts	skipped	unsupported target ES5	
useSharedArrayBuffer3.ts	run		E
useSharedArrayBuffer4.ts	run		C
useSharedArrayBuffer5(target=es2015).ts	run		C
useSharedArrayBuffer5(target=es5).ts	skipped	unsupported target ES5	
useSharedArrayBuffer6(target=es2015).ts	run		E
useSharedArrayBuffer6(target=es5).ts	skipped	unsupported target ES5	
useStrictLikePrologueString01(target=es2015).ts	run		C
useStrictLikePrologueString01(target=es5).ts	skipped	unsupported target ES5	
useUnknownInCatchVariables01.ts	run		E
usedImportNotElidedInJs.ts	run		C
usingDeclarations.1(target=es2015).ts	run		C
usingDeclarations.1(target=es2017).ts	run		C
usingDeclarations.1(target=es2022).ts	run		C
usingDeclarations.1(target=es5).ts	skipped	unsupported target ES5	
usingDeclarations.1(target=esnext).ts	run		C
usingDeclarations.10.ts	run		E
usingDeclarations.11(target=es2015).ts	run		C
usingDeclarations.11(target=es5).ts	skipped	unsupported target ES5	
usingDeclarations.12(usedefineforclassfields=false).ts	run		C
usingDeclarations.12(usedefineforclassfields=true).ts	run		C
usingDeclarations.13.ts	run		E
usingDeclarations.14.ts	run		E
usingDeclarations.15.ts	run		C
usingDeclarations.16.ts	run		E
usingDeclarations.17.ts	run		E
usingDeclarations.2(target=es2015).ts	run		C
usingDeclarations.2(target=es2017).ts	run		C
usingDeclarations.2(target=es2022).ts	run		C
usingDeclarations.2(target=es5).ts	skipped	unsupported target ES5	
usingDeclarations.2(target=esnext).ts	run		C
usingDeclarations.3(target=es2015).ts	run		C
usingDeclarations.3(target=es2017).ts	run		C
usingDeclarations.3(target=es2022).ts	run		C
usingDeclarations.3(target=es5).ts	skipped	unsupported target ES5	
usingDeclarations.3(target=esnext).ts	run		C
usingDeclarations.4.ts	run		E
usingDeclarations.5.ts	run		E
usingDeclarations.6.ts	run		E
usingDeclarations.7.ts	run		E
usingDeclarations.8.ts	run		E
usingDeclarations.9.ts	run		E
usingDeclarationsDeclarationEmit.1.ts	run		C
usingDeclarationsDeclarationEmit.2.ts	run		C
usingDeclarationsInFor(target=es2015).ts	run		C
usingDeclarationsInFor(target=es2017).ts	run		C
usingDeclarationsInFor(target=es2022).ts	run		C
usingDeclarationsInFor(target=es5).ts	skipped	unsupported target ES5	
usingDeclarationsInFor(target=esnext).ts	run		C
usingDeclarationsInForAwaitOf(target=es2015).ts	run		C
usingDeclarationsInForAwaitOf(target=es2017).ts	run		C
usingDeclarationsInForAwaitOf(target=es2022).ts	run		C
usingDeclarationsInForAwaitOf(target=es5).ts	skipped	unsupported target ES5	
usingDeclarationsInForAwaitOf(target=esnext).ts	run		C
usingDeclarationsInForIn.ts	run		E
usingDeclarationsInForOf.1(target=es2015).ts	run		C
usingDeclarationsInForOf.1(target=es2017).ts	run		C
usingDeclarationsInForOf.1(target=es2022).ts	run		C
usingDeclarationsInForOf.1(target=es5).ts	skipped	unsupported target ES5	
usingDeclarationsInForOf.1(target=esnext).ts	run		C
usingDeclarationsInForOf.2.ts	run		E
usingDeclarationsInForOf.3.ts	run		E
usingDeclarationsInForOf.4.ts	run		E
usingDeclarationsNamedEvaluationDecoratorsAndClassFields.ts	run		C
usingDeclarationsTopLevelOfModule.1(module=amd).ts	skipped	unsupported module kind AMD	
usingDeclarationsTopLevelOfModule.1(module=commonjs).ts	run		C
usingDeclarationsTopLevelOfModule.1(module=esnext).ts	run		C
usingDeclarationsTopLevelOfModule.1(module=system).ts	skipped	unsupported module kind System	
usingDeclarationsTopLevelOfModule.2(module=amd).ts	skipped	unsupported module kind AMD	
usingDeclarationsTopLevelOfModule.2(module=commonjs).ts	run		C
usingDeclarationsTopLevelOfModule.3(module=amd).ts	skipped	unsupported module kind AMD	
usingDeclarationsTopLevelOfModule.3(module=commonjs).ts	run		C
usingDeclarationsTopLevelOfModule.3(module=esnext).ts	run		C
usingDeclarationsTopLevelOfModule.3(module=system).ts	skipped	unsupported module kind System	
usingDeclarationsWithESClassDecorators.1(module=commonjs,target=es2015).ts	run		C
usingDeclarationsWithESClassDecorators.1(module=commonjs,target=es5).ts	skipped	unsupported target ES5	
usingDeclarationsWithESClassDecorators.1(module=commonjs,target=esnext).ts	run		C
usingDeclarationsWithESClassDecorators.1(module=esnext,target=es2015).ts	run		C
usingDeclarationsWithESClassDecorators.1(module=esnext,target=es5).ts	skipped	unsupported target ES5	
usingDeclarationsWithESClassDecorators.1(module=esnext,target=esnext).ts	run		C
usingDeclarationsWithESClassDecorators.1(module=system,target=es2015).ts	skipped	unsupported module kind System	
usingDeclarationsWithESClassDecorators.1(module=system,target=es5).ts	skipped	unsupported module kind System	
usingDeclarationsWithESClassDecorators.1(module=system,target=esnext).ts	skipped	unsupported module kind System	
usingDeclarationsWithESClassDecorators.10(module=commonjs,target=es2015).ts	run		C
usingDeclarationsWithESClassDecorators.10(module=commonjs,target=es5).ts	skipped	unsupported target ES5	
usingDeclarationsWithESClassDecorators.10(module=commonjs,target=esnext).ts	run		C
usingDeclarationsWithESClassDecorators.10(module=esnext,target=es2015).ts	run		C
usingDeclarationsWithESClassDecorators.10(module=esnext,target=es5).ts	skipped	unsupported target ES5	
usingDeclarationsWithESClassDecorators.10(module=esnext,target=esnext).ts	run		C
usingDeclarationsWithESClassDecorators.10(module=system,target=es2015).ts	skipped	unsupported module kind System	
usingDeclarationsWithESClassDecorators.10(module=system,target=es5).ts	skipped	unsupported module kind System	
usingDeclarationsWithESClassDecorators.10(module=system,target=esnext).ts	skipped	unsupported module kind System	
usingDeclarationsWithESClassDecorators.11(module=commonjs,target=es2015).ts	run		C
usingDeclarationsWithESClassDecorators.11(module=commonjs,target=es5).ts	skipped	unsupported target ES5	
usingDeclarationsWithESClassDecorators.11(module=commonjs,target=esnext).ts	run		C
usingDeclarationsWithESClassDecorators.11(module=esnext,target=es2015).ts	run		C
usingDeclarationsWithESClassDecorators.11(module=esnext,target=es5).ts	skipped	unsupported target ES5	
usingDeclarationsWithESClassDecorators.11(module=esnext,target=esnext).ts	run		C
usingDeclarationsWithESClassDecorators.11(module=system,target=es2015).ts	skipped	unsupported module kind System	
usingDeclarationsWithESClassDecorators.11(module=system,target=es5).ts	skipped	unsupported module kind System	
usingDeclarationsWithESClassDecorators.11(module=system,target=esnext).ts	skipped	unsupported module kind System	
usingDeclarationsWithESClassDecorators.12(module=commonjs,target=es2015).ts	run		C
usingDeclarationsWithESClassDecorators.12(module=commonjs,target=es5).ts	skipped	unsupported target ES5	
usingDeclarationsWithESClassDecorators.12(module=commonjs,target=esnext).ts	run		C
usingDeclarationsWithESClassDecorators.12(module=esnext,target=es2015).ts	run		C
usingDeclarationsWithESClassDecorators.12(module=esnext,target=es5).ts	skipped	unsupported target ES5	
usingDeclarationsWithESClassDecorators.12(module=esnext,target=esnext).ts	run		C
usingDeclarationsWithESClassDecorators.12(module=system,target=es2015).ts	skipped	unsupported module kind System	
usingDeclarationsWithESClassDecorators.12(module=system,target=es5).ts	skipped	unsupported module kind System	
usingDeclarationsWithESClassDecorators.12(module=system,target=esnext).ts	skipped	unsupported module kind System	
usingDeclarationsWithESClassDecorators.2(module=commonjs,target=es2015).ts	run		C
usingDeclarationsWithESClassDecorators.2(module=commonjs,target=es5).ts	skipped	unsupported target ES5	
usingDeclarationsWithESClassDecorators.2(module=commonjs,target=esnext).ts	run		C
usingDeclarationsWithESClassDecorators.2(module=esnext,target=es2015).ts	run		C
usingDeclarationsWithESClassDecorators.2(module=esnext,target=es5).ts	skipped	unsupported target ES5	
usingDeclarationsWithESClassDecorators.2(module=esnext,target=esnext).ts	run		C
usingDeclarationsWithESClassDecorators.2(module=system,target=es2015).ts	skipped	unsupported module kind System	
usingDeclarationsWithESClassDecorators.2(module=system,target=es5).ts	skipped	unsupported module kind System	
usingDeclarationsWithESClassDecorators.2(module=system,target=esnext).ts	skipped	unsupported module kind System	
usingDeclarationsWithESClassDecorators.3(module=commonjs,target=es2015).ts	run		C
usingDeclarationsWithESClassDecorators.3(module=commonjs,target=es5).ts	skipped	unsupported target ES5	
usingDeclarationsWithESClassDecorators.3(module=commonjs,target=esnext).ts	run		C
usingDeclarationsWithESClassDecorators.3(module=esnext,target=es2015).ts	run		C
usingDeclarationsWithESClassDecorators.3(module=esnext,target=es5).ts	skipped	unsupported target ES5	
usingDeclarationsWithESClassDecorators.3(module=esnext,target=esnext).ts	run		C
usingDeclarationsWithESClassDecorators.3(module=system,target=es2015).ts	skipped	unsupported module kind System	
usingDeclarationsWithESClassDecorators.3(module=system,target=es5).ts	skipped	unsupported module kind System	
usingDeclarationsWithESClassDecorators.3(module=system,target=esnext).ts	skipped	unsupported module kind System	
usingDeclarationsWithESClassDecorators.4(module=commonjs,target=es2015).ts	run		C
usingDeclarationsWithESClassDecorators.4(module=commonjs,target=es5).ts	skipped	unsupported target ES5	
usingDeclarationsWithESClassDecorators.4(module=commonjs,target=esnext).ts	run		C
usingDeclarationsWithESClassDecorators.4(module=esnext,target=es2015).ts	run		C
usingDeclarationsWithESClassDecorators.4(module=esnext,target=es5).ts	skipped	unsupported target ES5	
usingDeclarationsWithESClassDecorators.4(module=esnext,target=esnext).ts	run		C
usingDeclarationsWithESClassDecorators.4(module=system,target=es2015).ts	skipped	unsupported module kind System	
usingDeclarationsWithESClassDecorators.4(module=system,target=es5).ts	skipped	unsupported module kind System	
usingDeclarationsWithESClassDecorators.4(module=system,target=esnext).ts	skipped	unsupported module kind System	
usingDeclarationsWithESClassDecorators.5(module=commonjs,target=es2015).ts	run		C
usingDeclarationsWithESClassDecorators.5(module=commonjs,target=es5).ts	skipped	unsupported target ES5	
usingDeclarationsWithESClassDecorators.5(module=commonjs,target=esnext).ts	run		C
usingDeclarationsWithESClassDecorators.5(module=esnext,target=es2015).ts	run		C
usingDeclarationsWithESClassDecorators.5(module=esnext,target=es5).ts	skipped	unsupported target ES5	
usingDeclarationsWithESClassDecorators.5(module=esnext,target=esnext).ts	run		C
usingDeclarationsWithESClassDecorators.5(module=system,target=es2015).ts	skipped	unsupported module kind System	
usingDeclarationsWithESClassDecorators.5(module=system,target=es5).ts	skipped	unsupported module kind System	
usingDeclarationsWithESClassDecorators.5(module=system,target=esnext).ts	skipped	unsupported module kind System	
usingDeclarationsWithESClassDecorators.6(module=commonjs,target=es2015).ts	run		C
usingDeclarationsWithESClassDecorators.6(module=commonjs,target=es5).ts	skipped	unsupported target ES5	
usingDeclarationsWithESClassDecorators.6(module=commonjs,target=esnext).ts	run		C
usingDeclarationsWithESClassDecorators.6(module=esnext,target=es2015).ts	run		C
usingDeclarationsWithESClassDecorators.6(module=esnext,target=es5).ts	skipped	unsupported target ES5	
usingDeclarationsWithESClassDecorators.6(module=esnext,target=esnext).ts	run		C
usingDeclarationsWithESClassDecorators.6(module=system,target=es2015).ts	skipped	unsupported module kind System	
usingDeclarationsWithESClassDecorators.6(module=system,target=es5).ts	skipped	unsupported module kind System	
usingDeclarationsWithESClassDecorators.6(module=system,target=esnext).ts	skipped	unsupported module kind System	
usingDeclarationsWithESClassDecorators.7(module=commonjs,target=es2015).ts	run		C
usingDeclarationsWithESClassDecorators.7(module=commonjs,target=es5).ts	skipped	unsupported target ES5	
usingDeclarationsWithESClassDecorators.7(module=commonjs,target=esnext).ts	run		C
usingDeclarationsWithESClassDecorators.7(module=esnext,target=es2015).ts	run		C
usingDeclarationsWithESClassDecorators.7(module=esnext,target=es5).ts	skipped	unsupported target ES5	
usingDeclarationsWithESClassDecorators.7(module=esnext,target=esnext).ts	run		C
usingDeclarationsWithESClassDecorators.7(module=system,target=es2015).ts	skipped	unsupported module kind System	
usingDeclarationsWithESClassDecorators.7(module=system,target=es5).ts	skipped	unsupported module kind System	
usingDeclarationsWithESClassDecorators.7(module=system,target=esnext).ts	skipped	unsupported module kind System	
usingDeclarationsWithESClassDecorators.8(module=commonjs,target=es2015).ts	run		C
usingDeclarationsWithESClassDecorators.8(module=commonjs,target=es5).ts	skipped	unsupported target ES5	
usingDeclarationsWithESClassDecorators.8(module=commonjs,target=esnext).ts	run		C
usingDeclarationsWithESClassDecorators.8(module=esnext,target=es2015).ts	run		C
usingDeclarationsWithESClassDecorators.8(module=esnext,target=es5).ts	skipped	unsupported target ES5	
usingDeclarationsWithESClassDecorators.8(module=esnext,target=esnext).ts	run		C
usingDeclarationsWithESClassDecorators.8(module=system,target=es2015).ts	skipped	unsupported module kind System	
usingDeclarationsWithESClassDecorators.8(module=system,target=es5).ts	skipped	unsupported module kind System	
usingDeclarationsWithESClassDecorators.8(module=system,target=esnext).ts	skipped	unsupported module kind System	
usingDeclarationsWithESClassDecorators.9(module=commonjs,target=es2015).ts	run		C
usingDeclarationsWithESClassDecorators.9(module=commonjs,target=es5).ts	skipped	unsupported target ES5	
usingDeclarationsWithESClassDecorators.9(module=commonjs,target=esnext).ts	run		C
usingDeclarationsWithESClassDecorators.9(module=esnext,target=es2015).ts	run		C
usingDeclarationsWithESClassDecorators.9(module=esnext,target=es5).ts	skipped	unsupported target ES5	
usingDeclarationsWithESClassDecorators.9(module=esnext,target=esnext).ts	run		C
usingDeclarationsWithESClassDecorators.9(module=system,target=es2015).ts	skipped	unsupported module kind System	
usingDeclarationsWithESClassDecorators.9(module=system,target=es5).ts	skipped	unsupported module kind System	
usingDeclarationsWithESClassDecorators.9(module=system,target=esnext).ts	skipped	unsupported module kind System	
usingDeclarationsWithImportHelpers.ts	run		E
usingDeclarationsWithIteratorObject.ts	run		E
usingDeclarationsWithLegacyClassDecorators.1(module=commonjs,target=es2015).ts	run		C
usingDeclarationsWithLegacyClassDecorators.1(module=commonjs,target=es5).ts	skipped	unsupported target ES5	
usingDeclarationsWithLegacyClassDecorators.1(module=commonjs,target=esnext).ts	run		C
usingDeclarationsWithLegacyClassDecorators.1(module=esnext,target=es2015).ts	run		C
usingDeclarationsWithLegacyClassDecorators.1(module=esnext,target=es5).ts	skipped	unsupported target ES5	
usingDeclarationsWithLegacyClassDecorators.1(module=esnext,target=esnext).ts	run		C
usingDeclarationsWithLegacyClassDecorators.1(module=system,target=es2015).ts	skipped	unsupported module kind System	
usingDeclarationsWithLegacyClassDecorators.1(module=system,target=es5).ts	skipped	unsupported module kind System	
usingDeclarationsWithLegacyClassDecorators.1(module=system,target=esnext).ts	skipped	unsupported module kind System	
usingDeclarationsWithLegacyClassDecorators.10(module=commonjs,target=es2015).ts	run		C
usingDeclarationsWithLegacyClassDecorators.10(module=commonjs,target=es5).ts	skipped	unsupported target ES5	
usingDeclarationsWithLegacyClassDecorators.10(module=commonjs,target=esnext).ts	run		C
usingDeclarationsWithLegacyClassDecorators.10(module=esnext,target=es2015).ts	run		C
usingDeclarationsWithLegacyClassDecorators.10(module=esnext,target=es5).ts	skipped	unsupported target ES5	
usingDeclarationsWithLegacyClassDecorators.10(module=esnext,target=esnext).ts	run		C
usingDeclarationsWithLegacyClassDecorators.10(module=system,target=es2015).ts	skipped	unsupported module kind System	
usingDeclarationsWithLegacyClassDecorators.10(module=system,target=es5).ts	skipped	unsupported module kind System	
usingDeclarationsWithLegacyClassDecorators.10(module=system,target=esnext).ts	skipped	unsupported module kind System	
usingDeclarationsWithLegacyClassDecorators.11(module=commonjs,target=es2015).ts	run		C
usingDeclarationsWithLegacyClassDecorators.11(module=commonjs,target=es5).ts	skipped	unsupported target ES5	
usingDeclarationsWithLegacyClassDecorators.11(module=commonjs,target=esnext).ts	run		C
usingDeclarationsWithLegacyClassDecorators.11(module=esnext,target=es2015).ts	run		C
usingDeclarationsWithLegacyClassDecorators.11(module=esnext,target=es5).ts	skipped	unsupported target ES5	
usingDeclarationsWithLegacyClassDecorators.11(module=esnext,target=esnext).ts	run		C
usingDeclarationsWithLegacyClassDecorators.11(module=system,target=es2015).ts	skipped	unsupported module kind System	
usingDeclarationsWithLegacyClassDecorators.11(module=system,target=es5).ts	skipped	unsupported module kind System	
usingDeclarationsWithLegacyClassDecorators.11(module=system,target=esnext).ts	skipped	unsupported module kind System	
usingDeclarationsWithLegacyClassDecorators.12(module=commonjs,target=es2015).ts	run		C
usingDeclarationsWithLegacyClassDecorators.12(module=commonjs,target=es5).ts	skipped	unsupported target ES5	
usingDeclarationsWithLegacyClassDecorators.12(module=commonjs,target=esnext).ts	run		C
usingDeclarationsWithLegacyClassDecorators.12(module=esnext,target=es2015).ts	run		C
usingDeclarationsWithLegacyClassDecorators.12(module=esnext,target=es5).ts	skipped	unsupported target ES5	
usingDeclarationsWithLegacyClassDecorators.12(module=esnext,target=esnext).ts	run		C
usingDeclarationsWithLegacyClassDecorators.12(module=system,target=es2015).ts	skipped	unsupported module kind System	
usingDeclarationsWithLegacyClassDecorators.12(module=system,target=es5).ts	skipped	unsupported module kind System	
usingDeclarationsWithLegacyClassDecorators.12(module=system,target=esnext).ts	skipped	unsupported module kind System	
usingDeclarationsWithLegacyClassDecorators.2(module=commonjs,target=es2015).ts	run		C
usingDeclarationsWithLegacyClassDecorators.2(module=commonjs,target=es5).ts	skipped	unsupported target ES5	
usingDeclarationsWithLegacyClassDecorators.2(module=commonjs,target=esnext).ts	run		C
usingDeclarationsWithLegacyClassDecorators.2(module=esnext,target=es2015).ts	run		C
usingDeclarationsWithLegacyClassDecorators.2(module=esnext,target=es5).ts	skipped	unsupported target ES5	
usingDeclarationsWithLegacyClassDecorators.2(module=esnext,target=esnext).ts	run		C
usingDeclarationsWithLegacyClassDecorators.2(module=system,target=es2015).ts	skipped	unsupported module kind System	
usingDeclarationsWithLegacyClassDecorators.2(module=system,target=es5).ts	skipped	unsupported module kind System	
usingDeclarationsWithLegacyClassDecorators.2(module=system,target=esnext).ts	skipped	unsupported module kind System	
usingDeclarationsWithLegacyClassDecorators.3(module=commonjs,target=es2015).ts	run		C
usingDeclarationsWithLegacyClassDecorators.3(module=commonjs,target=es5).ts	skipped	unsupported target ES5	
usingDeclarationsWithLegacyClassDecorators.3(module=commonjs,target=esnext).ts	run		C
usingDeclarationsWithLegacyClassDecorators.3(module=esnext,target=es2015).ts	run		C
usingDeclarationsWithLegacyClassDecorators.3(module=esnext,target=es5).ts	skipped	unsupported target ES5	
usingDeclarationsWithLegacyClassDecorators.3(module=esnext,target=esnext).ts	run		C
usingDeclarationsWithLegacyClassDecorators.3(module=system,target=es2015).ts	skipped	unsupported module kind System	
usingDeclarationsWithLegacyClassDecorators.3(module=system,target=es5).ts	skipped	unsupported module kind System	
usingDeclarationsWithLegacyClassDecorators.3(module=system,target=esnext).ts	skipped	unsupported module kind System	
usingDeclarationsWithLegacyClassDecorators.4(module=commonjs,target=es2015).ts	run		C
usingDeclarationsWithLegacyClassDecorators.4(module=commonjs,target=es5).ts	skipped	unsupported target ES5	
usingDeclarationsWithLegacyClassDecorators.4(module=commonjs,target=esnext).ts	run		C
usingDeclarationsWithLegacyClassDecorators.4(module=esnext,target=es2015).ts	run		C
usingDeclarationsWithLegacyClassDecorators.4(module=esnext,target=es5).ts	skipped	unsupported target ES5	
usingDeclarationsWithLegacyClassDecorators.4(module=esnext,target=esnext).ts	run		C
usingDeclarationsWithLegacyClassDecorators.4(module=system,target=es2015).ts	skipped	unsupported module kind System	
usingDeclarationsWithLegacyClassDecorators.4(module=system,target=es5).ts	skipped	unsupported module kind System	
usingDeclarationsWithLegacyClassDecorators.4(module=system,target=esnext).ts	skipped	unsupported module kind System	
usingDeclarationsWithLegacyClassDecorators.5(module=commonjs,target=es2015).ts	run		C
usingDeclarationsWithLegacyClassDecorators.5(module=commonjs,target=es5).ts	skipped	unsupported target ES5	
usingDeclarationsWithLegacyClassDecorators.5(module=commonjs,target=esnext).ts	run		C
usingDeclarationsWithLegacyClassDecorators.5(module=esnext,target=es2015).ts	run		C
usingDeclarationsWithLegacyClassDecorators.5(module=esnext,target=es5).ts	skipped	unsupported target ES5	
usingDeclarationsWithLegacyClassDecorators.5(module=esnext,target=esnext).ts	run		C
usingDeclarationsWithLegacyClassDecorators.5(module=system,target=es2015).ts	skipped	unsupported module kind System	
usingDeclarationsWithLegacyClassDecorators.5(module=system,target=es5).ts	skipped	unsupported module kind System	
usingDeclarationsWithLegacyClassDecorators.5(module=system,target=esnext).ts	skipped	unsupported module kind System	
usingDeclarationsWithLegacyClassDecorators.6(module=commonjs,target=es2015).ts	run		C
usingDeclarationsWithLegacyClassDecorators.6(module=commonjs,target=es5).ts	skipped	unsupported target ES5	
usingDeclarationsWithLegacyClassDecorators.6(module=commonjs,target=esnext).ts	run		C
usingDeclarationsWithLegacyClassDecorators.6(module=esnext,target=es2015).ts	run		C
usingDeclarationsWithLegacyClassDecorators.6(module=esnext,target=es5).ts	skipped	unsupported target ES5	
usingDeclarationsWithLegacyClassDecorators.6(module=esnext,target=esnext).ts	run		C
usingDeclarationsWithLegacyClassDecorators.6(module=system,target=es2015).ts	skipped	unsupported module kind System	
usingDeclarationsWithLegacyClassDecorators.6(module=system,target=es5).ts	skipped	unsupported module kind System	
usingDeclarationsWithLegacyClassDecorators.6(module=system,target=esnext).ts	skipped	unsupported module kind System	
usingDeclarationsWithLegacyClassDecorators.7(module=commonjs,target=es2015).ts	run		C
usingDeclarationsWithLegacyClassDecorators.7(module=commonjs,target=es5).ts	skipped	unsupported target ES5	
usingDeclarationsWithLegacyClassDecorators.7(module=commonjs,target=esnext).ts	run		C
usingDeclarationsWithLegacyClassDecorators.7(module=esnext,target=es2015).ts	run		C
usingDeclarationsWithLegacyClassDecorators.7(module=esnext,target=es5).ts	skipped	unsupported target ES5	
usingDeclarationsWithLegacyClassDecorators.7(module=esnext,target=esnext).ts	run		C
usingDeclarationsWithLegacyClassDecorators.7(module=system,target=es2015).ts	skipped	unsupported module kind System	
usingDeclarationsWithLegacyClassDecorators.7(module=system,target=es5).ts	skipped	unsupported module kind System	
usingDeclarationsWithLegacyClassDecorators.7(module=system,target=esnext).ts	skipped	unsupported module kind System	
usingDeclarationsWithLegacyClassDecorators.8(module=commonjs,target=es2015).ts	run		C
usingDeclarationsWithLegacyClassDecorators.8(module=commonjs,target=es5).ts	skipped	unsupported target ES5	
usingDeclarationsWithLegacyClassDecorators.8(module=commonjs,target=esnext).ts	run		C
usingDeclarationsWithLegacyClassDecorators.8(module=esnext,target=es2015).ts	run		C
usingDeclarationsWithLegacyClassDecorators.8(module=esnext,target=es5).ts	skipped	unsupported target ES5	
usingDeclarationsWithLegacyClassDecorators.8(module=esnext,target=esnext).ts	run		C
usingDeclarationsWithLegacyClassDecorators.8(module=system,target=es2015).ts	skipped	unsupported module kind System	
usingDeclarationsWithLegacyClassDecorators.8(module=system,target=es5).ts	skipped	unsupported module kind System	
usingDeclarationsWithLegacyClassDecorators.8(module=system,target=esnext).ts	skipped	unsupported module kind System	
usingDeclarationsWithLegacyClassDecorators.9(module=commonjs,target=es2015).ts	run		C
usingDeclarationsWithLegacyClassDecorators.9(module=commonjs,target=es5).ts	skipped	unsupported target ES5	
usingDeclarationsWithLegacyClassDecorators.9(module=commonjs,target=esnext).ts	run		C
usingDeclarationsWithLegacyClassDecorators.9(module=esnext,target=es2015).ts	run		C
usingDeclarationsWithLegacyClassDecorators.9(module=esnext,target=es5).ts	skipped	unsupported target ES5	
usingDeclarationsWithLegacyClassDecorators.9(module=esnext,target=esnext).ts	run		C
usingDeclarationsWithLegacyClassDecorators.9(module=system,target=es2015).ts	skipped	unsupported module kind System	
usingDeclarationsWithLegacyClassDecorators.9(module=system,target=es5).ts	skipped	unsupported module kind System	
usingDeclarationsWithLegacyClassDecorators.9(module=system,target=esnext).ts	skipped	unsupported module kind System	
usingDeclarationsWithObjectLiterals1.ts	run		E
usingDeclarationsWithObjectLiterals2(noimplicitany=false).ts	run		C
usingDeclarationsWithObjectLiterals2(noimplicitany=true).ts	run		E
usingModuleWithExportImportInValuePosition.ts	run		C
validBooleanAssignments.ts	run		C
validEnumAssignments.ts	run		E
validMultipleVariableDeclarations.ts	run		E
validNullAssignments.ts	run		E
validNumberAssignments.ts	run		C
validRegexp.ts	run		E
validStringAssignments.ts	run		C
validUndefinedAssignments.ts	run		E
validUndefinedValues.ts	run		C
validUseOfThisInSuper.ts	run		C
validVoidAssignments.ts	run		C
validVoidValues.ts	run		E
valueOfTypedArray.ts	run		C
valuesMergingAcrossModules.ts	run		E
varAndFunctionShareName.ts	run		E
varArgConstructorMemberParameter.ts	run		E
varArgParamTypeCheck.ts	run		E
varArgWithNoParamName.ts	run		E
varArgsOnConstructorTypes.ts	skipped	unsupported module kind AMD	
varAsID.ts	run		C
varBlock.ts	run		E
varInFunctionInVarInitializer.ts	run		C
varNameConflictsWithImportInDifferentPartOfModule.ts	run		E
varRequireFromJavascript.ts	run		C
varRequireFromTypescript.ts	run		C
vararg.ts	run		E
vardecl.ts	run		C
variableDeclarationDeclarationEmitUniqueSymbolPartialStatement.ts	run		C
variableDeclarationInStrictMode1.ts	run		E
variableDeclarationInnerCommentEmit.ts	run		C
variableDeclarator1.ts	run		C
variableDeclaratorResolvedDuringContextualTyping.ts	run		E
variadicTuples1.ts	run		E
variadicTuples2.ts	run		E
variadicTuples3.ts	run		E
variance.ts	run		C
varianceAnnotationValidation.ts	run		E
varianceAnnotations.ts	run		E
varianceAnnotationsWithCircularlyReferencesError.ts	run		E
varianceCallbacksAndIndexedAccesses.ts	run		C
varianceCantBeStrictWhileStructureIsnt.ts	run		C
varianceMeasurement.ts	run		E
varianceProblingAndZeroOrderIndexSignatureRelationsAlign.ts	run		C
varianceProblingAndZeroOrderIndexSignatureRelationsAlign2.ts	run		C
variancePropagation.ts	run		C
varianceReferences.ts	run		E
varianceRepeatedlyPropegatesWithUnreliableFlag.ts	run		C
verbatim-declarations-parameters.ts	run		C
verbatimModuleSyntaxAmbientConstEnum.ts	run		E
verbatimModuleSyntaxConstEnum.ts	run		C
verbatimModuleSyntaxConstEnumUsage.ts	run		C
verbatimModuleSyntaxDeclarationFile.ts	run		C
verbatimModuleSyntaxDefaultValue.ts	run		C
verbatimModuleSyntaxInternalImportEquals.ts	run		E
verbatimModuleSyntaxNoElisionCJS.ts	run		E
verbatimModuleSyntaxNoElisionESM.ts	run		E
verbatimModuleSyntaxReactReference.ts	run		C
verbatimModuleSyntaxRestrictionsCJS.ts	run		E
verbatimModuleSyntaxRestrictionsESM(esmoduleinterop=false).ts	skipped	esModuleInterop=false is unsupported	
verbatimModuleSyntaxRestrictionsESM(esmoduleinterop=true).ts	run		E
verifyDefaultLib_dom.ts	run		C
verifyDefaultLib_webworker.ts	run		C
visSyntax.ts	run		C
visibilityOfCrossModuleTypeUsage.ts	run		E
visibilityOfTypeParameters.ts	run		C
voidArrayLit.ts	run		E
voidAsNonAmbiguousReturnType.ts	run		E
voidAsOperator.ts	run		E
voidConstructor.ts	run		C
voidFunctionAssignmentCompat.ts	run		C
voidIsInitialized.ts	run		C
voidOperator1.ts	run		C
voidOperatorInvalidOperations.ts	run		E
voidOperatorWithAnyOtherType.ts	run		E
voidOperatorWithBooleanType.ts	run		C
voidOperatorWithEnumType.ts	run		C
voidOperatorWithNumberType.ts	run		C
voidOperatorWithStringType.ts	run		C
voidParamAssignmentCompatibility.ts	run		C
voidReturnIndexUnionInference.ts	run		C
voidReturnLambdaValue.ts	run		C
voidUndefinedReduction.ts	run		C
vueLikeDataAndPropsInference.ts	run		C
vueLikeDataAndPropsInference2.ts	run		C
weakType.ts	run		E
weakTypeAndPrimitiveNarrowing.ts	run		C
weakTypesAndLiterals01.ts	run		C
webworkerIterable.ts	run		C
wellKnownSymbolExpando.ts	run		C
whileBreakStatements.ts	run		C
whileContinueStatements.ts	run		C
whileStatementInnerComments.ts	run		C
widenToAny1.ts	run		E
widenToAny2.ts	run		E
widenedTypes.ts	run		E
widenedTypes1.ts	run		C
wideningTuples1.ts	run		C
wideningTuples2.ts	run		C
wideningTuples3.ts	run		E
wideningTuples4.ts	run		E
wideningTuples5.ts	run		E
wideningTuples6.ts	run		C
wideningTuples7.ts	run		E
wideningWithTopLevelTypeParameter.ts	run		C
withExportDecl.ts	skipped	unsupported module kind AMD	
withImportDecl.ts	skipped	unsupported module kind AMD	
withStatement.ts	run		E
withStatementErrors.ts	run		E
withStatementInternalComments.ts	run		C
withStatementNestedScope.ts	run		E
withStatements.ts	run		E
witness.ts	run		E
wrappedAndRecursiveConstraints.ts	run		C
wrappedAndRecursiveConstraints2.ts	run		C
wrappedAndRecursiveConstraints3.ts	run		C
wrappedAndRecursiveConstraints4.ts	run		E
wrappedIncovations1.ts	run		C
wrappedIncovations2.ts	run		C
wrappedRecursiveGenericType.ts	run		E
yieldExpression1.ts	run		E
yieldExpressionInControlFlow.ts	run		E
yieldExpressionInFlowLoop.ts	run		E
yieldExpressionInnerCommentEmit.ts	run		C
yieldInForInInDownlevelGenerator(target=es2015).ts	run		C
yieldInForInInDownlevelGenerator(target=es5).ts	skipped	unsupported target ES5	
yieldStarContextualType.ts	run		C
yieldStatementNoAsiAfterTransform(target=es5).ts	skipped	unsupported target ES5	
yieldStatementNoAsiAfterTransform(target=esnext).ts	run		C
yieldStringLiteral.ts	run		E
