caller_layer	caller	callee_layer	callee	line
T-SYMTYPE	(*Checker).getTypeOfSymbolWithDeferredType	?	(*symbolArenaLinkStore[ValueSymbolLinks]).Get	checker/checker.go:16496
T-SYMTYPE	(*Checker).getTypeOfSymbolWithDeferredType	K-UNION	(*Checker).getUnionType	checker/checker.go:16500
T-SYMTYPE	(*Checker).getTypeOfSymbolWithDeferredType	K-INTERSECT	(*Checker).getIntersectionType	checker/checker.go:16502
T-SYMTYPE	(*Checker).getWriteTypeOfSymbolWithDeferredType	?	(*symbolArenaLinkStore[ValueSymbolLinks]).Get	checker/checker.go:16509
T-SYMTYPE	(*Checker).getWriteTypeOfSymbolWithDeferredType	K-UNION	(*Checker).getUnionType	checker/checker.go:16514
T-SYMTYPE	(*Checker).getWriteTypeOfSymbolWithDeferredType	K-INTERSECT	(*Checker).getIntersectionType	checker/checker.go:16516
T-SYMTYPE	(*Checker).getWriteTypeOfSymbolWithDeferredType	T-SYMTYPE	(*Checker).getTypeOfSymbolWithDeferredType	checker/checker.go:16519
T-SYMTYPE	(*Checker).getWriteTypeOfSymbol	T-SYMTYPE	(*Checker).getWriteTypeOfSymbolWithDeferredType	checker/checker.go:16531
T-SYMTYPE	(*Checker).getWriteTypeOfSymbol	?	(*symbolArenaLinkStore[ValueSymbolLinks]).Get	checker/checker.go:16533
T-SYMTYPE	(*Checker).getWriteTypeOfSymbol	T-SYMTYPE	(*Checker).removeMissingType	checker/checker.go:16537
T-SYMTYPE	(*Checker).getWriteTypeOfSymbol	T-SYMTYPE	(*Checker).getTypeOfSymbol	checker/checker.go:16537
T-SYMTYPE	(*Checker).getWriteTypeOfSymbol	T-SYMTYPE	(*Checker).getWriteTypeOfInstantiatedSymbol	checker/checker.go:16541
T-SYMTYPE	(*Checker).getWriteTypeOfSymbol	T-SYMTYPE	(*Checker).getWriteTypeOfAccessors	checker/checker.go:16543
T-SYMTYPE	(*Checker).GetTypeOfSymbolAtLocation	PRE:symbols	(*Checker).getExportSymbolOfValueSymbolIfExported	checker/checker.go:16549
T-SYMTYPE	(*Checker).GetTypeOfSymbolAtLocation	MID:expr	(*Checker).checkPropertyAccessExpression	checker/checker.go:16563
T-SYMTYPE	(*Checker).GetTypeOfSymbolAtLocation	MID:expr	(*Checker).getTypeOfExpression	checker/checker.go:16565
T-SYMTYPE	(*Checker).GetTypeOfSymbolAtLocation	?	(*nodeLinkStore[SymbolNodeLinks]).Get	checker/checker.go:16567
T-SYMTYPE	(*Checker).GetTypeOfSymbolAtLocation	T-SYMTYPE	(*Checker).removeOptionalTypeMarker	checker/checker.go:16568
T-SYMTYPE	(*Checker).GetTypeOfSymbolAtLocation	T-SIGSHAPE	(*Checker).getAnnotatedAccessorTypeNode	checker/checker.go:16572
T-SYMTYPE	(*Checker).GetTypeOfSymbolAtLocation	T-SYMTYPE	(*Checker).getWriteTypeOfAccessors	checker/checker.go:16573
T-SYMTYPE	(*Checker).GetTypeOfSymbolAtLocation	PRE:util	isRightSideOfAccessExpression	checker/checker.go:16580
T-SYMTYPE	(*Checker).GetTypeOfSymbolAtLocation	T-SYMTYPE	(*Checker).getWriteTypeOfSymbol	checker/checker.go:16581
T-SYMTYPE	(*Checker).GetTypeOfSymbolAtLocation	T-SYMTYPE	(*Checker).getNonMissingTypeOfSymbol	checker/checker.go:16584
T-SYMTYPE	(*Checker).getTypeOfSymbol	T-SYMTYPE	(*Checker).getTypeOfSymbolWithDeferredType	checker/checker.go:16589
T-SYMTYPE	(*Checker).getTypeOfSymbol	T-SYMTYPE	(*Checker).getTypeOfInstantiatedSymbol	checker/checker.go:16592
T-SYMTYPE	(*Checker).getTypeOfSymbol	T-MAPPED	(*Checker).getTypeOfMappedSymbol	checker/checker.go:16595
T-SYMTYPE	(*Checker).getTypeOfSymbol	MID:inference	(*Checker).getTypeOfReverseMappedSymbol	checker/checker.go:16598
T-SYMTYPE	(*Checker).getTypeOfSymbol	T-SYMTYPE	(*Checker).getTypeOfAccessors	checker/checker.go:16601
T-SYMTYPE	(*Checker).getTypeOfSymbol	T-SYMTYPE	(*Checker).getTypeOfVariableOrParameterOrProperty	checker/checker.go:16604
T-SYMTYPE	(*Checker).getTypeOfSymbol	T-SYMTYPE	(*Checker).getTypeOfFuncClassEnumModule	checker/checker.go:16607
T-SYMTYPE	(*Checker).getTypeOfSymbol	T-SYMTYPE	(*Checker).getTypeOfEnumMember	checker/checker.go:16610
T-SYMTYPE	(*Checker).getTypeOfSymbol	T-SYMTYPE	(*Checker).getTypeOfAlias	checker/checker.go:16613
T-SYMTYPE	(*Checker).getNonMissingTypeOfSymbol	T-SYMTYPE	(*Checker).removeMissingType	checker/checker.go:16619
T-SYMTYPE	(*Checker).getNonMissingTypeOfSymbol	T-SYMTYPE	(*Checker).getTypeOfSymbol	checker/checker.go:16619
T-SYMTYPE	(*Checker).getTypeOfInstantiatedSymbol	?	(*symbolArenaLinkStore[ValueSymbolLinks]).Get	checker/checker.go:16623
T-SYMTYPE	(*Checker).getTypeOfInstantiatedSymbol	T-INSTANTIATE	(*Checker).instantiateType	checker/checker.go:16625
T-SYMTYPE	(*Checker).getTypeOfInstantiatedSymbol	T-SYMTYPE	(*Checker).getTypeOfSymbol	checker/checker.go:16625
T-SYMTYPE	(*Checker).getWriteTypeOfInstantiatedSymbol	?	(*symbolArenaLinkStore[ValueSymbolLinks]).Get	checker/checker.go:16631
T-SYMTYPE	(*Checker).getWriteTypeOfInstantiatedSymbol	T-INSTANTIATE	(*Checker).instantiateType	checker/checker.go:16633
T-SYMTYPE	(*Checker).getWriteTypeOfInstantiatedSymbol	T-SYMTYPE	(*Checker).getWriteTypeOfSymbol	checker/checker.go:16633
T-SYMTYPE	(*Checker).getTypeOfVariableOrParameterOrProperty	?	(*symbolArenaLinkStore[ValueSymbolLinks]).Get	checker/checker.go:16639
T-SYMTYPE	(*Checker).getTypeOfVariableOrParameterOrProperty	T-SYMTYPE	(*Checker).getTypeOfVariableOrParameterOrPropertyWorker	checker/checker.go:16641
T-SYMTYPE	(*Checker).getTypeOfVariableOrParameterOrProperty	T-SYMTYPE	(*Checker).isParameterOfContextSensitiveSignature	checker/checker.go:16650
T-SYMTYPE	(*Checker).isParameterOfContextSensitiveSignature	MID:contextual	(*Checker).isContextSensitiveFunctionOrObjectLiteralMethod	checker/checker.go:16667
T-SYMTYPE	(*Checker).getTypeOfVariableOrParameterOrPropertyWorker	T-SYMTYPE	(*Checker).getTypeOfPrototypeProperty	checker/checker.go:16675
T-SYMTYPE	(*Checker).getTypeOfVariableOrParameterOrPropertyWorker	T-WIDEN	(*Checker).getWidenedType	checker/checker.go:16688
T-SYMTYPE	(*Checker).getTypeOfVariableOrParameterOrPropertyWorker	T-WIDEN	(*Checker).getWidenedLiteralType	checker/checker.go:16688
T-SYMTYPE	(*Checker).getTypeOfVariableOrParameterOrPropertyWorker	MID:expr	(*Checker).checkExpression	checker/checker.go:16688
T-SYMTYPE	(*Checker).getTypeOfVariableOrParameterOrPropertyWorker	PRE:resolution	(*Checker).pushTypeResolution	checker/checker.go:16691
T-SYMTYPE	(*Checker).getTypeOfVariableOrParameterOrPropertyWorker	PRE:resolution	(*Checker).reportCircularityError	checker/checker.go:16692
T-SYMTYPE	(*Checker).getTypeOfVariableOrParameterOrPropertyWorker	T-SYMTYPE	(*Checker).getTypeOfSymbol	checker/checker.go:16696
T-SYMTYPE	(*Checker).getTypeOfVariableOrParameterOrPropertyWorker	PRE:symbols	(*Checker).resolveExternalModuleSymbol	checker/checker.go:16696
T-SYMTYPE	(*Checker).getTypeOfVariableOrParameterOrPropertyWorker	PRE:objects	(*Checker).newAnonymousType	checker/checker.go:16698
T-SYMTYPE	(*Checker).getTypeOfVariableOrParameterOrPropertyWorker	T-SYMTYPE	(*Checker).getWidenedTypeForVariableLikeDeclaration	checker/checker.go:16704
T-SYMTYPE	(*Checker).getTypeOfVariableOrParameterOrPropertyWorker	T-SYMTYPE	(*Checker).isParameterOfContextSensitiveSignature	checker/checker.go:16704
T-SYMTYPE	(*Checker).getTypeOfVariableOrParameterOrPropertyWorker	MID:expr	(*Checker).checkPropertyAssignment	checker/checker.go:16706
T-SYMTYPE	(*Checker).getTypeOfVariableOrParameterOrPropertyWorker	MID:expr	(*Checker).checkShorthandPropertyAssignment	checker/checker.go:16708
T-SYMTYPE	(*Checker).getTypeOfVariableOrParameterOrPropertyWorker	MID:expr	(*Checker).checkObjectLiteralMethod	checker/checker.go:16710
T-SYMTYPE	(*Checker).getTypeOfVariableOrParameterOrPropertyWorker	T-TYPENODE	(*Checker).getTypeFromTypeNode	checker/checker.go:16713
T-SYMTYPE	(*Checker).getTypeOfVariableOrParameterOrPropertyWorker	T-WIDEN	(*Checker).widenTypeForVariableLikeDeclaration	checker/checker.go:16715
T-SYMTYPE	(*Checker).getTypeOfVariableOrParameterOrPropertyWorker	MID:expr	(*Checker).checkExpressionCached	checker/checker.go:16715
T-SYMTYPE	(*Checker).getTypeOfVariableOrParameterOrPropertyWorker	T-SYMTYPE	(*Checker).getWidenedTypeForAssignmentDeclaration	checker/checker.go:16718
T-SYMTYPE	(*Checker).getTypeOfVariableOrParameterOrPropertyWorker	POST:jsx	(*Checker).checkJsxAttribute	checker/checker.go:16720
T-SYMTYPE	(*Checker).getTypeOfVariableOrParameterOrPropertyWorker	T-SYMTYPE	(*Checker).getTypeOfEnumMember	checker/checker.go:16722
T-SYMTYPE	(*Checker).getTypeOfVariableOrParameterOrPropertyWorker	PRE:resolution	(*Checker).popTypeResolution	checker/checker.go:16726
T-SYMTYPE	(*Checker).getWidenedTypeForVariableLikeDeclaration	T-WIDEN	(*Checker).widenTypeForVariableLikeDeclaration	checker/checker.go:16742
T-SYMTYPE	(*Checker).getWidenedTypeForVariableLikeDeclaration	T-SYMTYPE	(*Checker).getTypeForVariableLikeDeclaration	checker/checker.go:16742
T-SYMTYPE	(*Checker).getTypeForVariableLikeDeclaration	K-KEYOF	(*Checker).getIndexType	checker/checker.go:16753
T-SYMTYPE	(*Checker).getTypeForVariableLikeDeclaration	T-SYMTYPE	(*Checker).getNonNullableTypeIfNeeded	checker/checker.go:16753
T-SYMTYPE	(*Checker).getTypeForVariableLikeDeclaration	MID:expr	(*Checker).checkExpressionEx	checker/checker.go:16753
T-SYMTYPE	(*Checker).getTypeForVariableLikeDeclaration	K-KEYOF	(*Checker).getExtractStringType	checker/checker.go:16755
T-SYMTYPE	(*Checker).getTypeForVariableLikeDeclaration	T-SYMTYPE	(*Checker).checkRightHandSideOfForOf	checker/checker.go:16763
T-SYMTYPE	(*Checker).getTypeForVariableLikeDeclaration	T-SYMTYPE	(*Checker).getTypeForBindingElement	checker/checker.go:16766
T-SYMTYPE	(*Checker).getTypeForVariableLikeDeclaration	PRE:util	isOptionalDeclaration	checker/checker.go:16769
T-SYMTYPE	(*Checker).getTypeForVariableLikeDeclaration	T-TYPENODE	(*Checker).tryGetTypeFromTypeNode	checker/checker.go:16771
T-SYMTYPE	(*Checker).getTypeForVariableLikeDeclaration	T-SYMTYPE	(*Checker).addOptionalityEx	checker/checker.go:16789
T-SYMTYPE	(*Checker).getTypeForVariableLikeDeclaration	T-SYMTYPE	(*Checker).getCombinedModifierFlagsCached	checker/checker.go:16792
T-SYMTYPE	(*Checker).getTypeForVariableLikeDeclaration	T-SYMTYPE	(*Checker).getCombinedNodeFlagsCached	checker/checker.go:16797
T-SYMTYPE	(*Checker).getTypeForVariableLikeDeclaration	T-SYMTYPE	(*Checker).isNullOrUndefined	checker/checker.go:16797
T-SYMTYPE	(*Checker).getTypeForVariableLikeDeclaration	PRE:util	isEmptyArrayLiteral	checker/checker.go:16802
T-SYMTYPE	(*Checker).getTypeForVariableLikeDeclaration	T-SIGDECL	(*Checker).hasBindableName	checker/checker.go:16813
T-SYMTYPE	(*Checker).getTypeForVariableLikeDeclaration	PRE:symbols	(*Checker).getSymbolOfDeclaration	checker/checker.go:16814
T-SYMTYPE	(*Checker).getTypeForVariableLikeDeclaration	T-SIGDECL	(*Checker).getSignatureFromDeclaration	checker/checker.go:16816
T-SYMTYPE	(*Checker).getTypeForVariableLikeDeclaration	T-SIGDECL	(*Checker).getAccessorThisParameter	checker/checker.go:16817
T-SYMTYPE	(*Checker).getTypeForVariableLikeDeclaration	T-SYMTYPE	(*Checker).getTypeOfSymbol	checker/checker.go:16821
T-SYMTYPE	(*Checker).getTypeForVariableLikeDeclaration	T-SIGSHAPE	(*Checker).getReturnTypeOfSignature	checker/checker.go:16823
T-SYMTYPE	(*Checker).getTypeForVariableLikeDeclaration	T-SIGSHAPE	(*Checker).getParameterTypeOfFullSignature	checker/checker.go:16826
T-SYMTYPE	(*Checker).getTypeForVariableLikeDeclaration	MID:expr	(*Checker).getContextualThisParameterType	checker/checker.go:16832
T-SYMTYPE	(*Checker).getTypeForVariableLikeDeclaration	MID:contextual	(*Checker).getContextuallyTypedParameterType	checker/checker.go:16834
T-SYMTYPE	(*Checker).getTypeForVariableLikeDeclaration	T-SYMTYPE	(*Checker).widenTypeInferredFromInitializer	checker/checker.go:16843
T-SYMTYPE	(*Checker).getTypeForVariableLikeDeclaration	T-SYMTYPE	(*Checker).checkDeclarationInitializer	checker/checker.go:16843
T-SYMTYPE	(*Checker).getTypeForVariableLikeDeclaration	MID:flow	(*Checker).getFlowTypeInConstructor	checker/checker.go:16854
T-SYMTYPE	(*Checker).getTypeForVariableLikeDeclaration	MID:expr	(*Checker).getTypeOfPropertyInBaseClass	checker/checker.go:16856
T-SYMTYPE	(*Checker).getTypeForVariableLikeDeclaration	MID:flow	(*Checker).getFlowTypeInStaticBlocks	checker/checker.go:16867
T-SYMTYPE	(*Checker).getTypeForVariableLikeDeclaration	T-SYMTYPE	(*Checker).getTypeFromBindingPattern	checker/checker.go:16885
T-SYMTYPE	(*Checker).checkDeclarationInitializer	MID:expr	(*Checker).getQuickTypeOfExpression	checker/checker.go:16893
T-SYMTYPE	(*Checker).checkDeclarationInitializer	MID:expr	(*Checker).checkExpressionWithContextualType	checker/checker.go:16896
T-SYMTYPE	(*Checker).checkDeclarationInitializer	MID:expr	(*Checker).checkExpressionCachedEx	checker/checker.go:16898
T-SYMTYPE	(*Checker).checkDeclarationInitializer	PRE:util	isObjectLiteralType	checker/checker.go:16905
T-SYMTYPE	(*Checker).checkDeclarationInitializer	T-SYMTYPE	(*Checker).padObjectLiteralType	checker/checker.go:16906
T-SYMTYPE	(*Checker).checkDeclarationInitializer	T-TUPLE	isTupleType	checker/checker.go:16909
T-SYMTYPE	(*Checker).checkDeclarationInitializer	T-SYMTYPE	(*Checker).padTupleType	checker/checker.go:16910
T-SYMTYPE	(*Checker).padObjectLiteralType	T-SYMTYPE	(*Checker).getPropertyNameFromBindingElement	checker/checker.go:16921
T-SYMTYPE	(*Checker).padObjectLiteralType	T-LOOKUP	(*Checker).getPropertyOfType	checker/checker.go:16922
T-SYMTYPE	(*Checker).padObjectLiteralType	T-LOOKUP	(*Checker).getPropertiesOfObjectType	checker/checker.go:16931
T-SYMTYPE	(*Checker).padObjectLiteralType	PRE:symbols	(*Checker).newSymbol	checker/checker.go:16935
T-SYMTYPE	(*Checker).padObjectLiteralType	?	(*symbolArenaLinkStore[ValueSymbolLinks]).Get	checker/checker.go:16936
T-SYMTYPE	(*Checker).padObjectLiteralType	T-SYMTYPE	(*Checker).getTypeFromBindingElement	checker/checker.go:16936
T-SYMTYPE	(*Checker).padObjectLiteralType	PRE:objects	(*Checker).newAnonymousType	checker/checker.go:16939
T-SYMTYPE	(*Checker).padObjectLiteralType	T-LOOKUP	(*Checker).getIndexInfosOfType	checker/checker.go:16939
T-SYMTYPE	(*Checker).getPropertyNameFromBindingElement	K-KEYOF	(*Checker).getLiteralTypeFromPropertyName	checker/checker.go:16945
T-SYMTYPE	(*Checker).getPropertyNameFromBindingElement	PRE:util	isTypeUsableAsPropertyName	checker/checker.go:16946
T-SYMTYPE	(*Checker).getPropertyNameFromBindingElement	PRE:util	getPropertyNameFromType	checker/checker.go:16947
T-SYMTYPE	(*Checker).padTupleType	PRE:datamodel	(*Type).TargetTupleType	checker/checker.go:16954
T-SYMTYPE	(*Checker).padTupleType	T-TUPLE	(*Checker).getTypeReferenceArity	checker/checker.go:16954
T-SYMTYPE	(*Checker).padTupleType	T-TUPLE	(*Checker).getElementTypes	checker/checker.go:16957
T-SYMTYPE	(*Checker).padTupleType	PRE:util	hasDotDotDotToken	checker/checker.go:16961
T-SYMTYPE	(*Checker).padTupleType	MID:expr	(*Checker).hasDefaultValue	checker/checker.go:16963
T-SYMTYPE	(*Checker).padTupleType	T-SYMTYPE	(*Checker).getTypeFromBindingElement	checker/checker.go:16964
T-SYMTYPE	(*Checker).padTupleType	T-WIDEN	(*Checker).reportImplicitAny	checker/checker.go:16969
T-SYMTYPE	(*Checker).padTupleType	T-TUPLE	(*Checker).createTupleTypeEx	checker/checker.go:16973
T-SYMTYPE	(*Checker).widenTypeInferredFromInitializer	T-SYMTYPE	(*Checker).getWidenedLiteralTypeForInitializer	checker/checker.go:16977
T-SYMTYPE	(*Checker).widenTypeInferredFromInitializer	T-TUPLE	(*Checker).isEmptyLiteralType	checker/checker.go:16979
T-SYMTYPE	(*Checker).widenTypeInferredFromInitializer	T-WIDEN	(*Checker).reportImplicitAny	checker/checker.go:16980
T-SYMTYPE	(*Checker).widenTypeInferredFromInitializer	T-TUPLE	(*Checker).isEmptyArrayLiteralType	checker/checker.go:16983
T-SYMTYPE	(*Checker).getWidenedLiteralTypeForInitializer	T-SYMTYPE	(*Checker).getCombinedNodeFlagsCached	checker/checker.go:16992
T-SYMTYPE	(*Checker).getWidenedLiteralTypeForInitializer	PRE:util	isDeclarationReadonly	checker/checker.go:16992
T-SYMTYPE	(*Checker).getWidenedLiteralTypeForInitializer	T-WIDEN	(*Checker).getWidenedLiteralType	checker/checker.go:16995
T-SYMTYPE	(*Checker).getTypeOfFuncClassEnumModule	?	(*symbolArenaLinkStore[ValueSymbolLinks]).Get	checker/checker.go:16999
T-SYMTYPE	(*Checker).getTypeOfFuncClassEnumModule	T-SYMTYPE	(*Checker).getTypeOfFuncClassEnumModuleWorker	checker/checker.go:17001
T-SYMTYPE	(*Checker).getTypeOfFuncClassEnumModuleWorker	PRE:util	isShorthandAmbientModuleSymbol	checker/checker.go:17007
T-SYMTYPE	(*Checker).getTypeOfFuncClassEnumModuleWorker	PRE:symbols	(*Checker).resolveExternalModuleSymbol	checker/checker.go:17011
T-SYMTYPE	(*Checker).getTypeOfFuncClassEnumModuleWorker	T-SYMTYPE	(*Checker).getTypeOfSymbol	checker/checker.go:17013
T-SYMTYPE	(*Checker).getTypeOfFuncClassEnumModuleWorker	PRE:objects	(*Checker).newObjectType	checker/checker.go:17016
T-SYMTYPE	(*Checker).getTypeOfFuncClassEnumModuleWorker	T-BASE	(*Checker).getBaseTypeVariableOfClass	checker/checker.go:17018
T-SYMTYPE	(*Checker).getTypeOfFuncClassEnumModuleWorker	K-INTERSECT	(*Checker).getIntersectionType	checker/checker.go:17020
T-SYMTYPE	(*Checker).getTypeOfFuncClassEnumModuleWorker	T-SYMTYPE	(*Checker).getOptionalType	checker/checker.go:17025
T-BASE	(*Checker).getBaseTypeVariableOfClass	T-BASE	(*Checker).getBaseConstructorTypeOfClass	checker/checker.go:17031
T-BASE	(*Checker).getBaseTypeVariableOfClass	T-DECLARED	(*Checker).getDeclaredTypeOfClassOrInterface	checker/checker.go:17031
T-BASE	(*Checker).getBaseTypeVariableOfClass	PRE:datamodel	(*Type).Types	checker/checker.go:17036
T-BASE	(*Checker).getBaseConstructorTypeOfClass	PRE:datamodel	(*Type).AsInterfaceType	checker/checker.go:17052
T-BASE	(*Checker).getBaseConstructorTypeOfClass	T-BASE	getBaseTypeNodeOfClass	checker/checker.go:17056
T-BASE	(*Checker).getBaseConstructorTypeOfClass	PRE:resolution	(*Checker).pushTypeResolution	checker/checker.go:17061
T-BASE	(*Checker).getBaseConstructorTypeOfClass	MID:expr	(*Checker).checkExpression	checker/checker.go:17064
T-BASE	(*Checker).getBaseConstructorTypeOfClass	T-MEMBERS	(*Checker).resolveStructuredTypeMembers	checker/checker.go:17068
T-BASE	(*Checker).getBaseConstructorTypeOfClass	PRE:resolution	(*Checker).popTypeResolution	checker/checker.go:17070
T-BASE	(*Checker).getBaseConstructorTypeOfClass	PRE:symbols	(*Checker).error	checker/checker.go:17071
T-BASE	(*Checker).getBaseConstructorTypeOfClass	MID:printer	(*Checker).symbolToString	checker/checker.go:17071
T-BASE	(*Checker).getBaseConstructorTypeOfClass	T-BASE	(*Checker).isConstructorType	checker/checker.go:17077
T-BASE	(*Checker).getBaseConstructorTypeOfClass	MID:printer	(*Checker).TypeToString	checker/checker.go:17078
T-BASE	(*Checker).getBaseConstructorTypeOfClass	T-CONSTRAINT	(*Checker).getConstraintFromTypeParameter	checker/checker.go:17080
T-BASE	(*Checker).getBaseConstructorTypeOfClass	T-LOOKUP	(*Checker).getSignaturesOfType	checker/checker.go:17083
T-BASE	(*Checker).getBaseConstructorTypeOfClass	T-SIGSHAPE	(*Checker).getReturnTypeOfSignature	checker/checker.go:17085
T-BASE	(*Checker).getBaseConstructorTypeOfClass	PRE:symbols	createDiagnosticForNode	checker/checker.go:17089
T-BASE	(*Checker).isFunctionType	T-LOOKUP	(*Checker).getSignaturesOfType	checker/checker.go:17104
T-BASE	(*Checker).isConstructorType	T-LOOKUP	(*Checker).getSignaturesOfType	checker/checker.go:17108
T-BASE	(*Checker).isConstructorType	T-CONSTRAINT	(*Checker).getBaseConstraintOfType	checker/checker.go:17112
T-BASE	(*Checker).isConstructorType	T-BASE	(*Checker).isMixinConstructorType	checker/checker.go:17113
T-BASE	(*Checker).isMixinConstructorType	T-LOOKUP	(*Checker).getSignaturesOfType	checker/checker.go:17121
T-BASE	(*Checker).isMixinConstructorType	T-SIGSHAPE	signatureHasRestParameter	checker/checker.go:17124
T-BASE	(*Checker).isMixinConstructorType	T-SIGSHAPE	(*Checker).getTypeOfParameter	checker/checker.go:17125
T-BASE	(*Checker).isMixinConstructorType	PRE:util	IsTypeAny	checker/checker.go:17126
T-BASE	(*Checker).isMixinConstructorType	T-TUPLE	(*Checker).getElementTypeOfArrayType	checker/checker.go:17126
T-SIGSHAPE	(*Checker).getTypeOfParameter	T-SYMTYPE	(*Checker).addOptionalityEx	checker/checker.go:17138
T-SIGSHAPE	(*Checker).getTypeOfParameter	T-SYMTYPE	(*Checker).getTypeOfSymbol	checker/checker.go:17138
T-SIGSHAPE	(*Checker).getTypeOfParameter	PRE:util	isOptionalDeclaration	checker/checker.go:17138
T-CONSTRAINT	(*Checker).getConstraintOfType	T-CONSTRAINT	(*Checker).getConstraintOfTypeParameter	checker/checker.go:17144
T-CONSTRAINT	(*Checker).getConstraintOfType	T-CONSTRAINT	(*Checker).getConstraintOfIndexedAccess	checker/checker.go:17146
T-CONSTRAINT	(*Checker).getConstraintOfType	T-CONSTRAINT	(*Checker).getConstraintOfConditionalType	checker/checker.go:17148
T-CONSTRAINT	(*Checker).getConstraintOfType	T-CONSTRAINT	(*Checker).getBaseConstraintOfType	checker/checker.go:17150
T-CONSTRAINT	(*Checker).getConstraintOfTypeParameter	T-CONSTRAINT	(*Checker).hasNonCircularBaseConstraint	checker/checker.go:17154
T-CONSTRAINT	(*Checker).getConstraintOfTypeParameter	T-CONSTRAINT	(*Checker).getConstraintFromTypeParameter	checker/checker.go:17155
T-CONSTRAINT	(*Checker).hasNonCircularBaseConstraint	T-CONSTRAINT	(*Checker).getResolvedBaseConstraint	checker/checker.go:17161
T-CONSTRAINT	(*Checker).getConstraintFromTypeParameter	PRE:datamodel	(*Type).AsTypeParameter	checker/checker.go:17170
T-CONSTRAINT	(*Checker).getConstraintFromTypeParameter	T-INSTANTIATE	(*Checker).instantiateType	checker/checker.go:17174
T-CONSTRAINT	(*Checker).getConstraintFromTypeParameter	T-CONSTRAINT	(*Checker).getConstraintOfTypeParameter	checker/checker.go:17174
T-CONSTRAINT	(*Checker).getConstraintFromTypeParameter	T-CONSTRAINT	(*Checker).getConstraintDeclaration	checker/checker.go:17176
T-CONSTRAINT	(*Checker).getConstraintFromTypeParameter	T-TYPENODE	(*Checker).getTypeFromTypeNode	checker/checker.go:17178
T-CONSTRAINT	(*Checker).getConstraintFromTypeParameter	K-PRED	(*Checker).isErrorType	checker/checker.go:17179
T-CONSTRAINT	(*Checker).getConstraintFromTypeParameter	T-CONSTRAINT	(*Checker).getInferredTypeParameterConstraint	checker/checker.go:17189
T-CONSTRAINT	(*Checker).getConstraintOrUnknownFromTypeParameter	T-CONSTRAINT	(*Checker).getConstraintFromTypeParameter	checker/checker.go:17204
T-CONSTRAINT	(*Checker).getInferredTypeParameterConstraint	T-CONSTRAINT	(*Checker).getTypeParametersForTypeReferenceOrImport	checker/checker.go:17225
T-CONSTRAINT	(*Checker).getInferredTypeParameterConstraint	T-CONSTRAINT	(*Checker).getConstraintOfTypeParameter	checker/checker.go:17229
T-CONSTRAINT	(*Checker).getInferredTypeParameterConstraint	PRE:datamodel	newDeferredTypeMapper	checker/checker.go:17237
T-CONSTRAINT	(*Checker).getInferredTypeParameterConstraint	T-CONSTRAINT	(*Checker).getEffectiveTypeArgumentAtIndex	checker/checker.go:17239
T-CONSTRAINT	(*Checker).getInferredTypeParameterConstraint	T-INSTANTIATE	(*Checker).instantiateType	checker/checker.go:17242
T-CONSTRAINT	(*Checker).getInferredTypeParameterConstraint	T-TUPLE	(*Checker).createArrayType	checker/checker.go:17252
T-CONSTRAINT	(*Checker).getInferredTypeParameterConstraint	T-TYPENODE	(*Checker).getTypeFromTypeNode	checker/checker.go:17264
T-CONSTRAINT	(*Checker).getInferredTypeParameterConstraint	PRE:datamodel	newSimpleTypeMapper	checker/checker.go:17266
T-CONSTRAINT	(*Checker).getInferredTypeParameterConstraint	T-DECLARED	(*Checker).getDeclaredTypeOfTypeParameter	checker/checker.go:17266
T-CONSTRAINT	(*Checker).getInferredTypeParameterConstraint	PRE:symbols	(*Checker).getSymbolOfDeclaration	checker/checker.go:17266
T-CONSTRAINT	(*Checker).getInferredTypeParameterConstraint	K-INTERSECT	(*Checker).getIntersectionType	checker/checker.go:17276
T-CONSTRAINT	(*Checker).getTypeParametersForTypeReferenceOrImport	T-TYPENODE	(*Checker).getTypeFromTypeNode	checker/checker.go:17282
T-CONSTRAINT	(*Checker).getTypeParametersForTypeReferenceOrImport	K-PRED	(*Checker).isErrorType	checker/checker.go:17283
T-CONSTRAINT	(*Checker).getTypeParametersForTypeReferenceOrImport	PRE:symbols	(*Checker).getResolvedSymbolOrNil	checker/checker.go:17284
T-CONSTRAINT	(*Checker).getTypeParametersForTypeReferenceOrImport	T-CONSTRAINT	(*Checker).getTypeParametersForTypeAndSymbol	checker/checker.go:17286
T-CONSTRAINT	(*Checker).getTypeParametersForTypeAndSymbol	K-PRED	(*Checker).isErrorType	checker/checker.go:17293
T-CONSTRAINT	(*Checker).getTypeParametersForTypeAndSymbol	PRE:datamodel	(*Type).Target	checker/checker.go:17300
T-CONSTRAINT	(*Checker).getTypeParametersForTypeAndSymbol	PRE:datamodel	(*Type).AsInterfaceType	checker/checker.go:17300
T-CONSTRAINT	(*Checker).getTypeParametersForTypeAndSymbol	PRE:datamodel	(*InterfaceType).LocalTypeParameters	checker/checker.go:17300
T-CONSTRAINT	(*Checker).getEffectiveTypeArgumentAtIndex	T-TYPENODE	(*Checker).getTypeFromTypeNode	checker/checker.go:17309
T-CONSTRAINT	(*Checker).getEffectiveTypeArgumentAtIndex	T-TYPENODE	(*Checker).getEffectiveTypeArguments	checker/checker.go:17311
T-CONSTRAINT	(*Checker).getConstraintOfIndexedAccess	T-CONSTRAINT	(*Checker).hasNonCircularBaseConstraint	checker/checker.go:17315
T-CONSTRAINT	(*Checker).getConstraintOfIndexedAccess	T-CONSTRAINT	(*Checker).getConstraintFromIndexedAccess	checker/checker.go:17316
T-CONSTRAINT	(*Checker).getConstraintFromIndexedAccess	PRE:datamodel	(*Type).AsIndexedAccessType	checker/checker.go:17322
T-CONSTRAINT	(*Checker).getConstraintFromIndexedAccess	T-APPARENT	(*Checker).isMappedTypeGenericIndexedAccess	checker/checker.go:17323
T-CONSTRAINT	(*Checker).getConstraintFromIndexedAccess	T-MAPPED	(*Checker).substituteIndexedMappedType	checker/checker.go:17326
T-CONSTRAINT	(*Checker).getConstraintFromIndexedAccess	K-INDEXED	(*Checker).getSimplifiedTypeOrConstraint	checker/checker.go:17328
T-CONSTRAINT	(*Checker).getConstraintFromIndexedAccess	K-INDEXED	(*Checker).getIndexedAccessTypeOrUndefined	checker/checker.go:17330
T-CONSTRAINT	(*Checker).getConstraintOfConditionalType	T-CONSTRAINT	(*Checker).hasNonCircularBaseConstraint	checker/checker.go:17343
T-CONSTRAINT	(*Checker).getConstraintOfConditionalType	T-CONSTRAINT	(*Checker).getConstraintFromConditionalType	checker/checker.go:17344
T-CONSTRAINT	(*Checker).getConstraintFromConditionalType	T-CONSTRAINT	(*Checker).getConstraintOfDistributiveConditionalType	checker/checker.go:17350
T-CONSTRAINT	(*Checker).getConstraintFromConditionalType	T-CONSTRAINT	(*Checker).getDefaultConstraintOfConditionalType	checker/checker.go:17354
T-CONSTRAINT	(*Checker).getDefaultConstraintOfConditionalType	PRE:datamodel	(*Type).AsConditionalType	checker/checker.go:17358
T-CONSTRAINT	(*Checker).getDefaultConstraintOfConditionalType	K-COND	(*Checker).getInferredTrueTypeFromConditionalType	checker/checker.go:17364
T-CONSTRAINT	(*Checker).getDefaultConstraintOfConditionalType	K-COND	(*Checker).getFalseTypeFromConditionalType	checker/checker.go:17365
T-CONSTRAINT	(*Checker).getDefaultConstraintOfConditionalType	PRE:util	IsTypeAny	checker/checker.go:17367
T-CONSTRAINT	(*Checker).getDefaultConstraintOfConditionalType	K-UNION	(*Checker).getUnionType	checker/checker.go:17372
T-CONSTRAINT	(*Checker).getConstraintOfDistributiveConditionalType	PRE:datamodel	(*Type).AsConditionalType	checker/checker.go:17379
T-CONSTRAINT	(*Checker).getConstraintOfDistributiveConditionalType	K-INDEXED	(*Checker).getSimplifiedType	checker/checker.go:17393
T-CONSTRAINT	(*Checker).getConstraintOfDistributiveConditionalType	T-CONSTRAINT	(*Checker).getConstraintOfType	checker/checker.go:17395
T-CONSTRAINT	(*Checker).getConstraintOfDistributiveConditionalType	K-COND	(*Checker).getConditionalTypeInstantiation	checker/checker.go:17398
T-CONSTRAINT	(*Checker).getConstraintOfDistributiveConditionalType	PRE:datamodel	prependTypeMapping	checker/checker.go:17398
T-DECLARED	(*Checker).getDeclaredTypeOfClassOrInterface	PRE:objects	(*Checker).newObjectType	checker/checker.go:17417
T-DECLARED	(*Checker).getDeclaredTypeOfClassOrInterface	T-DECLARED	(*Checker).getOuterTypeParametersOfClassOrInterface	checker/checker.go:17419
T-DECLARED	(*Checker).getDeclaredTypeOfClassOrInterface	T-DECLARED	(*Checker).appendLocalTypeParametersOfClassOrInterfaceOrTypeAlias	checker/checker.go:17420
T-DECLARED	(*Checker).getDeclaredTypeOfClassOrInterface	T-DECLARED	(*Checker).isThislessInterface	checker/checker.go:17426
T-DECLARED	(*Checker).getDeclaredTypeOfClassOrInterface	PRE:datamodel	(*Type).AsInterfaceType	checker/checker.go:17428
T-DECLARED	(*Checker).getDeclaredTypeOfClassOrInterface	PRE:objects	(*Checker).newTypeParameter	checker/checker.go:17429
T-DECLARED	(*Checker).getDeclaredTypeOfClassOrInterface	PRE:datamodel	(*Type).AsTypeParameter	checker/checker.go:17430
T-DECLARED	(*Checker).getDeclaredTypeOfClassOrInterface	PRE:datamodel	(*InterfaceType).TypeParameters	checker/checker.go:17434
T-DECLARED	(*Checker).getDeclaredTypeOfClassOrInterface	PRE:keys	getTypeListKey	checker/checker.go:17436
T-DECLARED	(*Checker).isThislessInterface	PRE:symbols	(*Checker).resolveEntityName	checker/checker.go:17460
T-DECLARED	(*Checker).isThislessInterface	T-DECLARED	(*Checker).getDeclaredTypeOfClassOrInterface	checker/checker.go:17461
T-DECLARED	(*Checker).isThislessInterface	PRE:datamodel	(*Type).AsInterfaceType	checker/checker.go:17461
T-SYMTYPE	(*Checker).isNullOrUndefined	PRE:symbols	(*Checker).getResolvedSymbol	checker/checker.go:17783
T-SYMTYPE	(*Checker).checkRightHandSideOfForOf	POST:decls	(*Checker).checkIteratedTypeOrElementType	checker/checker.go:17790
T-SYMTYPE	(*Checker).checkRightHandSideOfForOf	MID:expr	(*Checker).checkNonNullExpression	checker/checker.go:17790
T-SYMTYPE	(*Checker).getTypeForBindingElement	PRE:util	hasDotDotDotToken	checker/checker.go:17795
T-SYMTYPE	(*Checker).getTypeForBindingElement	T-SYMTYPE	(*Checker).getTypeForBindingElementParent	checker/checker.go:17796
T-SYMTYPE	(*Checker).getTypeForBindingElement	T-SYMTYPE	(*Checker).getBindingElementTypeFromParentType	checker/checker.go:17798
T-SYMTYPE	(*Checker).getTypeForBindingElementParent	PRE:symbols	(*Checker).getSymbolOfDeclaration	checker/checker.go:17808
T-SYMTYPE	(*Checker).getTypeForBindingElementParent	?	(*symbolArenaLinkStore[ValueSymbolLinks]).Get	checker/checker.go:17809
T-SYMTYPE	(*Checker).getTypeForBindingElementParent	PRE:util	isOptionalDeclaration	checker/checker.go:17809
T-SYMTYPE	(*Checker).getTypeForBindingElementParent	T-SYMTYPE	(*Checker).getTypeForVariableLikeDeclaration	checker/checker.go:17814
T-SYMTYPE	(*Checker).getBindingElementTypeFromParentType	PRE:util	IsTypeAny	checker/checker.go:17819
T-SYMTYPE	(*Checker).getBindingElementTypeFromParentType	T-SYMTYPE	(*Checker).GetNonNullableType	checker/checker.go:17825
T-SYMTYPE	(*Checker).getBindingElementTypeFromParentType	MID:typefacts	(*Checker).hasTypeFacts	checker/checker.go:17826
T-SYMTYPE	(*Checker).getBindingElementTypeFromParentType	MID:flow	(*Checker).getTypeOfInitializer	checker/checker.go:17826
T-SYMTYPE	(*Checker).getBindingElementTypeFromParentType	MID:typefacts	(*Checker).getTypeWithFacts	checker/checker.go:17827
T-SYMTYPE	(*Checker).getBindingElementTypeFromParentType	MID:expr	(*Checker).hasDefaultValue	checker/checker.go:17829
T-SYMTYPE	(*Checker).getBindingElementTypeFromParentType	PRE:util	hasDotDotDotToken	checker/checker.go:17833
T-SYMTYPE	(*Checker).getBindingElementTypeFromParentType	T-APPARENT	(*Checker).getReducedType	checker/checker.go:17834
T-SYMTYPE	(*Checker).getBindingElementTypeFromParentType	MID:expr	(*Checker).isValidSpreadType	checker/checker.go:17835
T-SYMTYPE	(*Checker).getBindingElementTypeFromParentType	PRE:symbols	(*Checker).error	checker/checker.go:17836
T-SYMTYPE	(*Checker).getBindingElementTypeFromParentType	T-SYMTYPE	(*Checker).getRestType	checker/checker.go:17847
T-SYMTYPE	(*Checker).getBindingElementTypeFromParentType	K-KEYOF	(*Checker).getLiteralTypeFromPropertyName	checker/checker.go:17851
T-SYMTYPE	(*Checker).getBindingElementTypeFromParentType	K-INDEXED	(*Checker).getIndexedAccessTypeEx	checker/checker.go:17852
T-SYMTYPE	(*Checker).getBindingElementTypeFromParentType	T-SYMTYPE	(*Checker).getFlowTypeOfDestructuring	checker/checker.go:17853
T-SYMTYPE	(*Checker).getBindingElementTypeFromParentType	POST:decls	(*Checker).checkIteratedTypeOrElementType	checker/checker.go:17859
T-SYMTYPE	(*Checker).getBindingElementTypeFromParentType	K-UNION	(*Checker).mapType	checker/checker.go:17865
T-SYMTYPE	(*Checker).getBindingElementTypeFromParentType	T-CONSTRAINT	(*Checker).getBaseConstraintOrType	checker/checker.go:17867
T-SYMTYPE	(*Checker).getBindingElementTypeFromParentType	K-PRED	everyType	checker/checker.go:17871
T-SYMTYPE	(*Checker).getBindingElementTypeFromParentType	T-TUPLE	isTupleType	checker/checker.go:17871
T-SYMTYPE	(*Checker).getBindingElementTypeFromParentType	T-TUPLE	(*Checker).sliceTupleType	checker/checker.go:17873
T-SYMTYPE	(*Checker).getBindingElementTypeFromParentType	T-TUPLE	(*Checker).createArrayType	checker/checker.go:17876
T-SYMTYPE	(*Checker).getBindingElementTypeFromParentType	T-TUPLE	(*Checker).isArrayLikeType	checker/checker.go:17878
T-SYMTYPE	(*Checker).getBindingElementTypeFromParentType	K-LIT	(*Checker).getNumberLiteralType	checker/checker.go:17879
T-SYMTYPE	(*Checker).getBindingElementTypeFromParentType	K-INDEXED	(*Checker).getIndexedAccessTypeOrUndefined	checker/checker.go:17880
T-SYMTYPE	(*Checker).getBindingElementTypeFromParentType	T-SYMTYPE	(*Checker).checkDeclarationInitializer	checker/checker.go:17894
T-SYMTYPE	(*Checker).getBindingElementTypeFromParentType	MID:flow	(*Checker).getNonUndefinedType	checker/checker.go:17895
T-SYMTYPE	(*Checker).getBindingElementTypeFromParentType	T-SYMTYPE	(*Checker).widenTypeInferredFromInitializer	checker/checker.go:17899
T-SYMTYPE	(*Checker).getBindingElementTypeFromParentType	K-UNION	(*Checker).getUnionTypeEx	checker/checker.go:17899
T-SYMTYPE	(*Checker).getRestType	K-PRED	(*Checker).filterType	checker/checker.go:17903
T-SYMTYPE	(*Checker).getRestType	K-UNION	(*Checker).mapType	checker/checker.go:17908
T-SYMTYPE	(*Checker).getRestType	T-SYMTYPE	(*Checker).getRestType	checker/checker.go:17909
T-SYMTYPE	(*Checker).getRestType	K-UNION	(*Checker).getUnionType	checker/checker.go:17912
T-SYMTYPE	(*Checker).getRestType	K-KEYOF	(*Checker).getLiteralTypeFromPropertyName	checker/checker.go:17912
T-SYMTYPE	(*Checker).getRestType	T-LOOKUP	(*Checker).getPropertiesOfType	checker/checker.go:17915
T-SYMTYPE	(*Checker).getRestType	K-KEYOF	(*Checker).getLiteralTypeFromProperty	checker/checker.go:17916
T-SYMTYPE	(*Checker).getRestType	MID:relations	(*Checker).isTypeAssignableTo	checker/checker.go:17917
T-SYMTYPE	(*Checker).getRestType	PRE:util	getDeclarationModifierFlagsFromSymbol	checker/checker.go:17917
T-SYMTYPE	(*Checker).getRestType	MID:expr	(*Checker).isSpreadableProperty	checker/checker.go:17917
T-SYMTYPE	(*Checker).getRestType	K-GENERIC	(*Checker).isGenericObjectType	checker/checker.go:17923
T-SYMTYPE	(*Checker).getRestType	K-GENERIC	(*Checker).isGenericIndexType	checker/checker.go:17923
T-SYMTYPE	(*Checker).getRestType	T-TYPENODE	(*Checker).getTypeAliasInstantiation	checker/checker.go:17937
T-SYMTYPE	(*Checker).getRestType	MID:expr	(*Checker).getSpreadSymbol	checker/checker.go:17941
T-SYMTYPE	(*Checker).getRestType	PRE:objects	(*Checker).newAnonymousType	checker/checker.go:17943
T-SYMTYPE	(*Checker).getRestType	T-LOOKUP	(*Checker).getIndexInfosOfType	checker/checker.go:17943
T-SYMTYPE	(*Checker).getFlowTypeOfDestructuring	T-SYMTYPE	(*Checker).getSyntheticElementAccess	checker/checker.go:17960
T-SYMTYPE	(*Checker).getFlowTypeOfDestructuring	MID:flow	(*Checker).getFlowTypeOfReference	checker/checker.go:17962
T-SYMTYPE	(*Checker).getSyntheticElementAccess	T-SYMTYPE	(*Checker).getParentElementAccess	checker/checker.go:17968
T-SYMTYPE	(*Checker).getSyntheticElementAccess	MID:flow	getFlowNodeOfNode	checker/checker.go:17969
T-SYMTYPE	(*Checker).getSyntheticElementAccess	MID:flow	(*Checker).getDestructuringPropertyName	checker/checker.go:17970
T-SYMTYPE	(*Checker).getParentElementAccess	T-SYMTYPE	(*Checker).getSyntheticElementAccess	checker/checker.go:17996
T-SYMTYPE	(*Checker).getTypeFromBindingPattern	T-SYMTYPE	(*Checker).getTypeFromObjectBindingPattern	checker/checker.go:18020
T-SYMTYPE	(*Checker).getTypeFromBindingPattern	T-SYMTYPE	(*Checker).getTypeFromArrayBindingPattern	checker/checker.go:18022
T-SYMTYPE	(*Checker).getTypeFromObjectBindingPattern	PRE:util	hasDotDotDotToken	checker/checker.go:18037
T-SYMTYPE	(*Checker).getTypeFromObjectBindingPattern	PRE:objects	(*Checker).newIndexInfo	checker/checker.go:18038
T-SYMTYPE	(*Checker).getTypeFromObjectBindingPattern	K-KEYOF	(*Checker).getLiteralTypeFromPropertyName	checker/checker.go:18041
T-SYMTYPE	(*Checker).getTypeFromObjectBindingPattern	PRE:util	isTypeUsableAsPropertyName	checker/checker.go:18042
T-SYMTYPE	(*Checker).getTypeFromObjectBindingPattern	PRE:util	getPropertyNameFromType	checker/checker.go:18047
T-SYMTYPE	(*Checker).getTypeFromObjectBindingPattern	PRE:symbols	(*Checker).newSymbol	checker/checker.go:18049
T-SYMTYPE	(*Checker).getTypeFromObjectBindingPattern	?	(*symbolArenaLinkStore[ValueSymbolLinks]).Get	checker/checker.go:18050
T-SYMTYPE	(*Checker).getTypeFromObjectBindingPattern	T-SYMTYPE	(*Checker).getTypeFromBindingElement	checker/checker.go:18050
T-SYMTYPE	(*Checker).getTypeFromObjectBindingPattern	PRE:objects	(*Checker).newAnonymousType	checker/checker.go:18057
T-SYMTYPE	(*Checker).getTypeFromArrayBindingPattern	PRE:util	hasDotDotDotToken	checker/checker.go:18071
T-SYMTYPE	(*Checker).getTypeFromArrayBindingPattern	T-TUPLE	(*Checker).createIterableType	checker/checker.go:18077
T-SYMTYPE	(*Checker).getTypeFromArrayBindingPattern	MID:expr	(*Checker).hasDefaultValue	checker/checker.go:18082
T-SYMTYPE	(*Checker).getTypeFromArrayBindingPattern	T-SYMTYPE	(*Checker).getTypeFromBindingElement	checker/checker.go:18091
T-SYMTYPE	(*Checker).getTypeFromArrayBindingPattern	T-TUPLE	(*Checker).createTupleTypeEx	checker/checker.go:18104
T-SYMTYPE	(*Checker).getTypeFromArrayBindingPattern	PRE:objects	(*Checker).cloneTypeReference	checker/checker.go:18106
T-SYMTYPE	(*Checker).getTypeFromBindingElement	T-SYMTYPE	(*Checker).getTypeFromBindingPattern	checker/checker.go:18123
T-SYMTYPE	(*Checker).getTypeFromBindingElement	T-SYMTYPE	(*Checker).addOptionality	checker/checker.go:18125
T-SYMTYPE	(*Checker).getTypeFromBindingElement	T-SYMTYPE	(*Checker).getWidenedLiteralTypeForInitializer	checker/checker.go:18125
T-SYMTYPE	(*Checker).getTypeFromBindingElement	T-SYMTYPE	(*Checker).checkDeclarationInitializer	checker/checker.go:18125
T-SYMTYPE	(*Checker).getTypeFromBindingElement	T-SYMTYPE	(*Checker).declarationBelongsToPrivateAmbientMember	checker/checker.go:18130
T-SYMTYPE	(*Checker).getTypeFromBindingElement	T-WIDEN	(*Checker).reportImplicitAny	checker/checker.go:18131
T-SYMTYPE	(*Checker).declarationBelongsToPrivateAmbientMember	PRE:util	isPrivateWithinAmbient	checker/checker.go:18148
T-SYMTYPE	(*Checker).getTypeOfPrototypeProperty	T-DECLARED	(*Checker).getDeclaredTypeOfSymbol	checker/checker.go:18156
T-SYMTYPE	(*Checker).getTypeOfPrototypeProperty	PRE:symbols	(*Checker).getParentOfSymbol	checker/checker.go:18156
T-SYMTYPE	(*Checker).getTypeOfPrototypeProperty	PRE:datamodel	(*Type).AsInterfaceType	checker/checker.go:18157
T-SYMTYPE	(*Checker).getTypeOfPrototypeProperty	PRE:datamodel	(*InterfaceType).TypeParameters	checker/checker.go:18157
T-SYMTYPE	(*Checker).getTypeOfPrototypeProperty	PRE:objects	(*Checker).createTypeReference	checker/checker.go:18159
T-SYMTYPE	(*Checker).getWidenedTypeForAssignmentDeclaration	T-SYMTYPE	(*Checker).isConstructorDeclaredThisProperty	checker/checker.go:18175
T-SYMTYPE	(*Checker).getWidenedTypeForAssignmentDeclaration	T-TYPENODE	(*Checker).getTypeFromTypeNode	checker/checker.go:18181
T-SYMTYPE	(*Checker).getWidenedTypeForAssignmentDeclaration	MID:flow	(*Checker).getFlowTypeInConstructor	checker/checker.go:18186
T-SYMTYPE	(*Checker).getWidenedTypeForAssignmentDeclaration	MID:expr	(*Checker).getTypeOfPropertyInBaseClass	checker/checker.go:18188
T-SYMTYPE	(*Checker).getWidenedTypeForAssignmentDeclaration	T-SYMTYPE	(*Checker).getAssignmentDeclarationInitializerType	checker/checker.go:18197
T-SYMTYPE	(*Checker).getWidenedTypeForAssignmentDeclaration	K-UNION	(*Checker).getUnionType	checker/checker.go:18212
T-SYMTYPE	(*Checker).getWidenedTypeForAssignmentDeclaration	T-WIDEN	(*Checker).getWidenedType	checker/checker.go:18216
T-SYMTYPE	(*Checker).getWidenedTypeForAssignmentDeclaration	K-PRED	(*Checker).filterType	checker/checker.go:18219
T-SYMTYPE	(*Checker).getWidenedTypeForAssignmentDeclaration	PRE:datamodel	(*Type).Flags	checker/checker.go:18219
T-SYMTYPE	(*Checker).getWidenedTypeForAssignmentDeclaration	T-WIDEN	(*Checker).reportImplicitAny	checker/checker.go:18220
T-SYMTYPE	(*Checker).getAssignmentDeclarationInitializerType	K-LIT	(*Checker).getRegularTypeOfLiteralType	checker/checker.go:18231
T-SYMTYPE	(*Checker).getAssignmentDeclarationInitializerType	MID:expr	(*Checker).checkExpressionCached	checker/checker.go:18231
T-SYMTYPE	(*Checker).getAssignmentDeclarationInitializerType	T-SYMTYPE	(*Checker).containsSameNamedThisProperty	checker/checker.go:18233
T-SYMTYPE	(*Checker).getAssignmentDeclarationInitializerType	MID:expr	(*Checker).checkExpressionForMutableLocation	checker/checker.go:18238
T-SYMTYPE	(*Checker).getAssignmentDeclarationInitializerType	T-TUPLE	(*Checker).isEmptyArrayLiteralType	checker/checker.go:18240
T-SYMTYPE	(*Checker).getAssignmentDeclarationInitializerType	T-SYMTYPE	(*Checker).hasParentWithTypeAnnotation	checker/checker.go:18240
T-SYMTYPE	(*Checker).getAssignmentDeclarationInitializerType	T-WIDEN	(*Checker).reportImplicitAny	checker/checker.go:18241
T-SYMTYPE	(*Checker).getAssignmentDeclarationInitializerType	T-SYMTYPE	(*Checker).getTypeFromPropertyDescriptor	checker/checker.go:18247
T-SYMTYPE	(*Checker).hasParentWithTypeAnnotation	PRE:symbols	(*Checker).getSymbolOfNode	checker/checker.go:18259
T-SYMTYPE	(*Checker).containsSameNamedThisProperty	MID:flow	(*Checker).isMatchingReference	checker/checker.go:18269
T-SYMTYPE	(*Checker).getTypeFromPropertyDescriptor	MID:expr	(*Checker).checkExpressionCached	checker/checker.go:18281
T-SYMTYPE	(*Checker).getTypeFromPropertyDescriptor	T-LOOKUP	(*Checker).getTypeOfPropertyOfType	checker/checker.go:18282
T-SYMTYPE	(*Checker).getTypeFromPropertyDescriptor	T-SIGINST	(*Checker).getSingleCallSignature	checker/checker.go:18286
T-SYMTYPE	(*Checker).getTypeFromPropertyDescriptor	T-SIGSHAPE	(*Checker).getReturnTypeOfSignature	checker/checker.go:18287
T-SYMTYPE	(*Checker).getTypeFromPropertyDescriptor	POST:async	(*Checker).getTypeOfFirstParameterOfSignature	checker/checker.go:18292
T-SYMTYPE	(*Checker).isConstructorDeclaredThisProperty	K-INDEXED	(*Checker).getDeclaringConstructor	checker/checker.go:18337
T-SYMTYPE	(*Checker).isGlobalSymbolConstructor	PRE:symbols	(*Checker).getSymbolOfNode	checker/checker.go:18347
T-WIDEN	(*Checker).widenTypeForVariableLikeDeclaration	T-SYMTYPE	(*Checker).isGlobalSymbolConstructor	checker/checker.go:18356
T-WIDEN	(*Checker).widenTypeForVariableLikeDeclaration	T-TYPENODE	(*Checker).getESSymbolLikeTypeForNode	checker/checker.go:18357
T-WIDEN	(*Checker).widenTypeForVariableLikeDeclaration	T-WIDEN	(*Checker).reportErrorsFromWidening	checker/checker.go:18361
T-WIDEN	(*Checker).widenTypeForVariableLikeDeclaration	PRE:symbols	(*Checker).getSymbolOfDeclaration	checker/checker.go:18365
T-WIDEN	(*Checker).widenTypeForVariableLikeDeclaration	T-WIDEN	(*Checker).getWidenedType	checker/checker.go:18368
T-WIDEN	(*Checker).widenTypeForVariableLikeDeclaration	PRE:util	declarationBelongsToPrivateAmbientMember	checker/checker.go:18378
T-WIDEN	(*Checker).widenTypeForVariableLikeDeclaration	T-WIDEN	(*Checker).reportImplicitAny	checker/checker.go:18379
T-WIDEN	(*Checker).reportImplicitAny	MID:printer	(*Checker).TypeToString	checker/checker.go:18390
T-WIDEN	(*Checker).reportImplicitAny	T-WIDEN	(*Checker).getWidenedType	checker/checker.go:18390
T-WIDEN	(*Checker).reportImplicitAny	PRE:symbols	(*Checker).errorOrSuggestion	checker/checker.go:18407
T-WIDEN	(*Checker).reportImplicitAny	PRE:symbols	(*Checker).error	checker/checker.go:18433
T-WIDEN	(*Checker).getWidenedType	T-WIDEN	(*Checker).getWidenedTypeWithContext	checker/checker.go:18470
T-WIDEN	(*Checker).getWidenedTypeWithContext	PRE:util	isObjectLiteralType	checker/checker.go:18484
T-WIDEN	(*Checker).getWidenedTypeWithContext	T-WIDEN	(*Checker).getWidenedTypeOfObjectLiteral	checker/checker.go:18485
T-WIDEN	(*Checker).getWidenedTypeWithContext	PRE:datamodel	(*Type).Types	checker/checker.go:18489
T-WIDEN	(*Checker).getWidenedTypeWithContext	T-WIDEN	(*Checker).getWidenedTypeWithContext	checker/checker.go:18495
T-WIDEN	(*Checker).getWidenedTypeWithContext	K-UNION	(*Checker).getUnionTypeEx	checker/checker.go:18500
T-WIDEN	(*Checker).getWidenedTypeWithContext	K-PRED	(*Checker).isEmptyObjectType	checker/checker.go:18500
T-WIDEN	(*Checker).getWidenedTypeWithContext	K-INTERSECT	(*Checker).getIntersectionType	checker/checker.go:18502
T-WIDEN	(*Checker).getWidenedTypeWithContext	T-WIDEN	(*Checker).getWidenedType	checker/checker.go:18502
T-WIDEN	(*Checker).getWidenedTypeWithContext	T-TUPLE	(*Checker).isArrayOrTupleType	checker/checker.go:18503
T-WIDEN	(*Checker).getWidenedTypeWithContext	PRE:objects	(*Checker).createTypeReference	checker/checker.go:18504
T-WIDEN	(*Checker).getWidenedTypeWithContext	PRE:datamodel	(*Type).Target	checker/checker.go:18504
T-WIDEN	(*Checker).getWidenedTypeWithContext	T-TYPENODE	(*Checker).getTypeArguments	checker/checker.go:18504
T-WIDEN	(*Checker).getWidenedTypeOfObjectLiteral	T-LOOKUP	(*Checker).getPropertiesOfObjectType	checker/checker.go:18521
T-WIDEN	(*Checker).getWidenedTypeOfObjectLiteral	T-WIDEN	(*Checker).getWidenedProperty	checker/checker.go:18522
T-WIDEN	(*Checker).getWidenedTypeOfObjectLiteral	T-WIDEN	(*Checker).getPropertiesOfContext	checker/checker.go:18525
T-WIDEN	(*Checker).getWidenedTypeOfObjectLiteral	T-WIDEN	(*Checker).getUndefinedProperty	checker/checker.go:18527
T-WIDEN	(*Checker).getWidenedTypeOfObjectLiteral	PRE:objects	(*Checker).newAnonymousType	checker/checker.go:18531
T-WIDEN	(*Checker).getWidenedTypeOfObjectLiteral	T-LOOKUP	(*Checker).getIndexInfosOfType	checker/checker.go:18531
T-WIDEN	(*Checker).getWidenedTypeOfObjectLiteral	PRE:objects	(*Checker).newIndexInfo	checker/checker.go:18532
T-WIDEN	(*Checker).getWidenedTypeOfObjectLiteral	T-WIDEN	(*Checker).getWidenedType	checker/checker.go:18532
T-WIDEN	(*Checker).getWidenedProperty	T-SYMTYPE	(*Checker).getTypeOfSymbol	checker/checker.go:18552
T-WIDEN	(*Checker).getWidenedProperty	T-WIDEN	(*WideningContext).getChildContext	checker/checker.go:18555
T-WIDEN	(*Checker).getWidenedProperty	T-WIDEN	(*Checker).getWidenedTypeWithContext	checker/checker.go:18557
T-WIDEN	(*Checker).getWidenedProperty	T-LOOKUP	(*Checker).createSymbolWithType	checker/checker.go:18561
T-WIDEN	(*Checker).getPropertiesOfContext	T-WIDEN	(*Checker).getSiblingsOfContext	checker/checker.go:18579
T-WIDEN	(*Checker).getPropertiesOfContext	PRE:util	isObjectLiteralType	checker/checker.go:18580
T-WIDEN	(*Checker).getPropertiesOfContext	T-LOOKUP	(*Checker).getPropertiesOfType	checker/checker.go:18581
T-WIDEN	(*Checker).getSiblingsOfContext	T-WIDEN	(*Checker).getSiblingsOfContext	checker/checker.go:18594
T-WIDEN	(*Checker).getSiblingsOfContext	PRE:util	isObjectLiteralType	checker/checker.go:18595
T-WIDEN	(*Checker).getSiblingsOfContext	T-LOOKUP	(*Checker).getPropertyOfObjectType	checker/checker.go:18596
T-WIDEN	(*Checker).getSiblingsOfContext	T-SYMTYPE	(*Checker).getTypeOfSymbol	checker/checker.go:18598
T-WIDEN	(*Checker).getSiblingsOfContext	PRE:datamodel	(*Type).Distributed	checker/checker.go:18598
T-WIDEN	(*Checker).getUndefinedProperty	T-LOOKUP	(*Checker).createSymbolWithType	checker/checker.go:18611
T-SYMTYPE	(*Checker).getTypeOfEnumMember	?	(*symbolArenaLinkStore[ValueSymbolLinks]).Get	checker/checker.go:18618
T-SYMTYPE	(*Checker).getTypeOfEnumMember	T-DECLARED	(*Checker).getDeclaredTypeOfEnumMember	checker/checker.go:18620
T-SYMTYPE	(*Checker).getTypeOfAccessors	?	(*symbolArenaLinkStore[ValueSymbolLinks]).Get	checker/checker.go:18626
T-SYMTYPE	(*Checker).getTypeOfAccessors	PRE:resolution	(*Checker).pushTypeResolution	checker/checker.go:18628
T-SYMTYPE	(*Checker).getTypeOfAccessors	T-SIGSHAPE	(*Checker).getAnnotatedAccessorType	checker/checker.go:18636
T-SYMTYPE	(*Checker).getTypeOfAccessors	MID:returns	(*Checker).getReturnTypeFromBody	checker/checker.go:18645
T-SYMTYPE	(*Checker).getTypeOfAccessors	T-SYMTYPE	(*Checker).getWidenedTypeForVariableLikeDeclaration	checker/checker.go:18649
T-SYMTYPE	(*Checker).getTypeOfAccessors	PRE:util	isPrivateWithinAmbient	checker/checker.go:18652
T-SYMTYPE	(*Checker).getTypeOfAccessors	PRE:symbols	(*Checker).errorOrSuggestion	checker/checker.go:18653
T-SYMTYPE	(*Checker).getTypeOfAccessors	MID:printer	(*Checker).symbolToString	checker/checker.go:18653
T-SYMTYPE	(*Checker).getTypeOfAccessors	PRE:resolution	(*Checker).popTypeResolution	checker/checker.go:18661
T-SYMTYPE	(*Checker).getTypeOfAccessors	T-SIGSHAPE	(*Checker).getAnnotatedAccessorTypeNode	checker/checker.go:18662
T-SYMTYPE	(*Checker).getTypeOfAccessors	PRE:symbols	(*Checker).error	checker/checker.go:18663
T-SYMTYPE	(*Checker).getWriteTypeOfAccessors	?	(*symbolArenaLinkStore[ValueSymbolLinks]).Get	checker/checker.go:18681
T-SYMTYPE	(*Checker).getWriteTypeOfAccessors	PRE:resolution	(*Checker).pushTypeResolution	checker/checker.go:18683
T-SYMTYPE	(*Checker).getWriteTypeOfAccessors	T-SIGSHAPE	(*Checker).getAnnotatedAccessorType	checker/checker.go:18693
T-SYMTYPE	(*Checker).getWriteTypeOfAccessors	PRE:resolution	(*Checker).popTypeResolution	checker/checker.go:18694
T-SYMTYPE	(*Checker).getWriteTypeOfAccessors	T-SIGSHAPE	(*Checker).getAnnotatedAccessorTypeNode	checker/checker.go:18695
T-SYMTYPE	(*Checker).getWriteTypeOfAccessors	PRE:symbols	(*Checker).error	checker/checker.go:18696
T-SYMTYPE	(*Checker).getWriteTypeOfAccessors	MID:printer	(*Checker).symbolToString	checker/checker.go:18696
T-SYMTYPE	(*Checker).getWriteTypeOfAccessors	T-SYMTYPE	(*Checker).getTypeOfAccessors	checker/checker.go:18705
T-SYMTYPE	(*Checker).getTypeOfAlias	?	(*symbolArenaLinkStore[ValueSymbolLinks]).Get	checker/checker.go:18713
T-SYMTYPE	(*Checker).getTypeOfAlias	PRE:resolution	(*Checker).pushTypeResolution	checker/checker.go:18715
T-SYMTYPE	(*Checker).getTypeOfAlias	PRE:symbols	(*Checker).resolveAlias	checker/checker.go:18718
T-SYMTYPE	(*Checker).getTypeOfAlias	PRE:symbols	(*Checker).getTargetOfAliasDeclaration	checker/checker.go:18719
T-SYMTYPE	(*Checker).getTypeOfAlias	PRE:symbols	(*Checker).getDeclarationOfAliasSymbol	checker/checker.go:18719
T-SYMTYPE	(*Checker).getTypeOfAlias	PRE:symbols	(*Checker).getSymbolFlags	checker/checker.go:18726
T-SYMTYPE	(*Checker).getTypeOfAlias	T-SYMTYPE	(*Checker).getTypeOfSymbol	checker/checker.go:18727
T-SYMTYPE	(*Checker).getTypeOfAlias	PRE:resolution	(*Checker).popTypeResolution	checker/checker.go:18732
T-SYMTYPE	(*Checker).getTypeOfAlias	PRE:resolution	(*Checker).reportCircularityError	checker/checker.go:18733
T-SYMTYPE	(*Checker).addOptionality	T-SYMTYPE	(*Checker).addOptionalityEx	checker/checker.go:18744
T-SYMTYPE	(*Checker).addOptionalityEx	T-SYMTYPE	(*Checker).getOptionalType	checker/checker.go:18749
T-SYMTYPE	(*Checker).getOptionalType	PRE:datamodel	(*Type).Types	checker/checker.go:18757
T-SYMTYPE	(*Checker).getOptionalType	K-UNION	(*Checker).getUnionType	checker/checker.go:18760
T-SYMTYPE	(*Checker).getNullableType	K-UNION	(*Checker).getUnionType	checker/checker.go:18770
T-SYMTYPE	(*Checker).GetNonNullableType	MID:typefacts	(*Checker).getAdjustedTypeWithFacts	checker/checker.go:18779
T-SYMTYPE	(*Checker).IsNullableType	MID:typefacts	(*Checker).hasTypeFacts	checker/checker.go:18785
T-SYMTYPE	(*Checker).getNonNullableTypeIfNeeded	T-SYMTYPE	(*Checker).IsNullableType	checker/checker.go:18789
T-SYMTYPE	(*Checker).getNonNullableTypeIfNeeded	T-SYMTYPE	(*Checker).GetNonNullableType	checker/checker.go:18790
T-SYMTYPE	(*Checker).getDeclarationNodeFlagsFromSymbol	T-SYMTYPE	(*Checker).getCombinedNodeFlagsCached	checker/checker.go:18797
T-SYMTYPE	(*Checker).isVarConstLike	T-SYMTYPE	(*Checker).getCombinedNodeFlagsCached	checker/checker.go:18813
T-SYMTYPE	(*Checker).getEffectivePropertyNameForPropertyNameNode	T-SYMTYPE	(*Checker).tryGetNameFromType	checker/checker.go:18828
T-SYMTYPE	(*Checker).getEffectivePropertyNameForPropertyNameNode	MID:expr	(*Checker).getTypeOfExpression	checker/checker.go:18828
T-SYMTYPE	(*Checker).tryGetNameFromType	PRE:datamodel	(*Type).AsUniqueESSymbolType	checker/checker.go:18839
T-SYMTYPE	(*Checker).tryGetNameFromType	K-LIT	getStringLiteralValue	checker/checker.go:18841
T-SYMTYPE	(*Checker).tryGetNameFromType	K-LIT	getNumberLiteralValue	checker/checker.go:18844
T-LOOKUP	(*Checker).getPropertiesOfType	T-APPARENT	(*Checker).getReducedApparentType	checker/checker.go:18961
T-LOOKUP	(*Checker).getPropertiesOfType	T-LOOKUP	(*Checker).getPropertiesOfUnionOrIntersectionType	checker/checker.go:18963
T-LOOKUP	(*Checker).getPropertiesOfType	T-LOOKUP	(*Checker).getPropertiesOfObjectType	checker/checker.go:18965
T-LOOKUP	(*Checker).getPropertiesOfObjectType	T-MEMBERS	(*Checker).resolveStructuredTypeMembers	checker/checker.go:18970
T-LOOKUP	(*Checker).getPropertiesOfUnionOrIntersectionType	PRE:datamodel	(*Type).AsUnionOrIntersectionType	checker/checker.go:18976
T-LOOKUP	(*Checker).getPropertiesOfUnionOrIntersectionType	T-LOOKUP	(*Checker).getPropertiesOfType	checker/checker.go:18981
T-LOOKUP	(*Checker).getPropertiesOfUnionOrIntersectionType	T-LOOKUP	(*Checker).getPropertyOfUnionOrIntersectionType	checker/checker.go:18984
T-LOOKUP	(*Checker).getPropertiesOfUnionOrIntersectionType	T-LOOKUP	(*Checker).getIndexInfosOfType	checker/checker.go:18992
T-LOOKUP	(*Checker).getPropertyOfType	T-LOOKUP	(*Checker).getPropertyOfTypeEx	checker/checker.go:19002
T-LOOKUP	(*Checker).getPropertyOfTypeEx	T-APPARENT	(*Checker).getReducedApparentType	checker/checker.go:19014
T-LOOKUP	(*Checker).getPropertyOfTypeEx	T-MEMBERS	(*Checker).resolveStructuredTypeMembers	checker/checker.go:19017
T-LOOKUP	(*Checker).getPropertyOfTypeEx	T-LOOKUP	(*Checker).symbolIsValueEx	checker/checker.go:19026
T-LOOKUP	(*Checker).getPropertyOfTypeEx	PRE:datamodel	(*StructuredType).CallSignatures	checker/checker.go:19037
T-LOOKUP	(*Checker).getPropertyOfTypeEx	PRE:datamodel	(*StructuredType).ConstructSignatures	checker/checker.go:19039
T-LOOKUP	(*Checker).getPropertyOfTypeEx	T-LOOKUP	(*Checker).getPropertyOfObjectType	checker/checker.go:19043
T-LOOKUP	(*Checker).getPropertyOfTypeEx	T-LOOKUP	(*Checker).getPropertyOfUnionOrIntersectionType	checker/checker.go:19050
T-LOOKUP	(*Checker).getTypeOfPropertyOfType	T-LOOKUP	(*Checker).getPropertyOfType	checker/checker.go:19066
T-LOOKUP	(*Checker).getTypeOfPropertyOfType	T-SYMTYPE	(*Checker).getTypeOfSymbol	checker/checker.go:19068
T-LOOKUP	(*Checker).getSignaturesOfType	T-LOOKUP	(*Checker).getSignaturesOfStructuredType	checker/checker.go:19074
T-LOOKUP	(*Checker).getSignaturesOfType	T-APPARENT	(*Checker).getReducedApparentType	checker/checker.go:19074
T-LOOKUP	(*Checker).getSignaturesOfStructuredType	T-MEMBERS	(*Checker).resolveStructuredTypeMembers	checker/checker.go:19081
T-LOOKUP	(*Checker).getIndexInfosOfType	T-LOOKUP	(*Checker).getIndexInfosOfStructuredType	checker/checker.go:19089
T-LOOKUP	(*Checker).getIndexInfosOfType	T-APPARENT	(*Checker).getReducedApparentType	checker/checker.go:19089
T-LOOKUP	(*Checker).getIndexInfosOfStructuredType	T-MEMBERS	(*Checker).resolveStructuredTypeMembers	checker/checker.go:19094
T-LOOKUP	(*Checker).getIndexInfoOfType	T-MEMBERS	findIndexInfo	checker/checker.go:19102
T-LOOKUP	(*Checker).getIndexInfoOfType	T-LOOKUP	(*Checker).getIndexInfosOfType	checker/checker.go:19102
T-LOOKUP	(*Checker).getIndexTypeOfType	T-LOOKUP	(*Checker).getIndexInfoOfType	checker/checker.go:19108
T-LOOKUP	(*Checker).getIndexTypeOfTypeEx	T-LOOKUP	(*Checker).getIndexTypeOfType	checker/checker.go:19116
T-LOOKUP	(*Checker).getApplicableIndexInfo	T-LOOKUP	(*Checker).findApplicableIndexInfo	checker/checker.go:19123
T-LOOKUP	(*Checker).getApplicableIndexInfo	T-LOOKUP	(*Checker).getIndexInfosOfType	checker/checker.go:19123
T-LOOKUP	(*Checker).getApplicableIndexInfoForName	PRE:util	isLateBoundName	checker/checker.go:19127
T-LOOKUP	(*Checker).getApplicableIndexInfoForName	T-LOOKUP	(*Checker).getApplicableIndexInfo	checker/checker.go:19128
T-LOOKUP	(*Checker).getApplicableIndexInfoForName	K-LIT	(*Checker).getStringLiteralType	checker/checker.go:19130
T-LOOKUP	(*Checker).findApplicableIndexInfo	T-LOOKUP	(*Checker).isApplicableIndexType	checker/checker.go:19140
T-LOOKUP	(*Checker).findApplicableIndexInfo	PRE:objects	(*Checker).newIndexInfo	checker/checker.go:19164
T-LOOKUP	(*Checker).findApplicableIndexInfo	K-INTERSECT	(*Checker).getIntersectionType	checker/checker.go:19164
T-LOOKUP	(*Checker).isApplicableIndexType	MID:relations	(*Checker).isTypeAssignableTo	checker/checker.go:19171
T-LOOKUP	(*Checker).isApplicableIndexType	PRE:util	isNumericLiteralName	checker/checker.go:19173
T-LOOKUP	(*Checker).isApplicableIndexType	K-LIT	getStringLiteralValue	checker/checker.go:19173
T-MEMBERS	(*Checker).resolveStructuredTypeMembers	T-MEMBERS	(*Checker).resolveTypeReferenceMembers	checker/checker.go:19182
T-MEMBERS	(*Checker).resolveStructuredTypeMembers	T-MEMBERS	(*Checker).resolveClassOrInterfaceMembers	checker/checker.go:19184
T-MEMBERS	(*Checker).resolveStructuredTypeMembers	MID:inference	(*Checker).resolveReverseMappedTypeMembers	checker/checker.go:19186
T-MEMBERS	(*Checker).resolveStructuredTypeMembers	T-MEMBERS	(*Checker).resolveAnonymousTypeMembers	checker/checker.go:19188
T-MEMBERS	(*Checker).resolveStructuredTypeMembers	T-MAPPED	(*Checker).resolveMappedTypeMembers	checker/checker.go:19190
T-MEMBERS	(*Checker).resolveStructuredTypeMembers	T-UIMEMBERS	(*Checker).resolveUnionTypeMembers	checker/checker.go:19195
T-MEMBERS	(*Checker).resolveStructuredTypeMembers	T-UIMEMBERS	(*Checker).resolveIntersectionTypeMembers	checker/checker.go:19197
T-MEMBERS	(*Checker).resolveStructuredTypeMembers	PRE:datamodel	(*Type).AsStructuredType	checker/checker.go:19202
T-MEMBERS	(*Checker).resolveClassOrInterfaceMembers	T-MEMBERS	(*Checker).resolveObjectTypeMembers	checker/checker.go:19206
T-MEMBERS	(*Checker).resolveTypeReferenceMembers	PRE:datamodel	(*Type).Target	checker/checker.go:19210
T-MEMBERS	(*Checker).resolveTypeReferenceMembers	PRE:datamodel	(*Type).AsInterfaceType	checker/checker.go:19211
T-MEMBERS	(*Checker).resolveTypeReferenceMembers	T-TYPENODE	(*Checker).getTypeArguments	checker/checker.go:19212
T-MEMBERS	(*Checker).resolveTypeReferenceMembers	T-MEMBERS	(*Checker).resolveObjectTypeMembers	checker/checker.go:19217
T-MEMBERS	(*Checker).resolveObjectTypeMembers	T-MEMBERS	(*Checker).resolveDeclaredMembers	checker/checker.go:19227
T-MEMBERS	(*Checker).resolveObjectTypeMembers	PRE:datamodel	newTypeMapper	checker/checker.go:19235
T-MEMBERS	(*Checker).resolveObjectTypeMembers	T-INSTANTIATE	(*Checker).instantiateSymbolTable	checker/checker.go:19236
T-MEMBERS	(*Checker).resolveObjectTypeMembers	T-INSTANTIATE	(*Checker).instantiateSignatures	checker/checker.go:19237
T-MEMBERS	(*Checker).resolveObjectTypeMembers	T-INSTANTIATE	(*Checker).instantiateIndexInfos	checker/checker.go:19239
T-MEMBERS	(*Checker).resolveObjectTypeMembers	T-BASE	(*Checker).getBaseTypes	checker/checker.go:19241
T-MEMBERS	(*Checker).resolveObjectTypeMembers	PRE:objects	(*Checker).setStructuredTypeMembers	checker/checker.go:19246
T-MEMBERS	(*Checker).resolveObjectTypeMembers	T-MEMBERS	(*Checker).getTypeWithThisArgument	checker/checker.go:19252
T-MEMBERS	(*Checker).resolveObjectTypeMembers	T-INSTANTIATE	(*Checker).instantiateType	checker/checker.go:19252
T-MEMBERS	(*Checker).resolveObjectTypeMembers	T-MEMBERS	(*Checker).addInheritedMembers	checker/checker.go:19254
T-MEMBERS	(*Checker).resolveObjectTypeMembers	T-LOOKUP	(*Checker).getPropertiesOfType	checker/checker.go:19254
T-MEMBERS	(*Checker).resolveObjectTypeMembers	T-LOOKUP	(*Checker).getSignaturesOfType	checker/checker.go:19255
T-MEMBERS	(*Checker).resolveObjectTypeMembers	T-LOOKUP	(*Checker).getIndexInfosOfType	checker/checker.go:19259
T-MEMBERS	(*Checker).resolveObjectTypeMembers	T-MEMBERS	findIndexInfo	checker/checker.go:19264
T-BASE	(*Checker).getBaseTypes	PRE:datamodel	(*Type).AsInterfaceType	checker/checker.go:19285
T-BASE	(*Checker).getBaseTypes	PRE:resolution	(*Checker).pushTypeResolution	checker/checker.go:19287
T-BASE	(*Checker).getBaseTypes	T-BASE	(*Checker).getTupleBaseType	checker/checker.go:19292
T-BASE	(*Checker).getBaseTypes	T-BASE	(*Checker).resolveBaseTypesOfClass	checker/checker.go:19295
T-BASE	(*Checker).getBaseTypes	T-BASE	(*Checker).resolveBaseTypesOfInterface	checker/checker.go:19298
T-BASE	(*Checker).getBaseTypes	PRE:resolution	(*Checker).popTypeResolution	checker/checker.go:19303
T-BASE	(*Checker).getBaseTypes	T-BASE	(*Checker).reportCircularBaseType	checker/checker.go:19306
T-BASE	(*Checker).getTupleBaseType	PRE:datamodel	(*Type).AsTupleType	checker/checker.go:19321
T-BASE	(*Checker).getTupleBaseType	PRE:datamodel	(*InterfaceType).TypeParameters	checker/checker.go:19321
T-BASE	(*Checker).getTupleBaseType	K-INDEXED	(*Checker).getIndexedAccessType	checker/checker.go:19326
T-BASE	(*Checker).getTupleBaseType	T-TUPLE	(*Checker).createArrayTypeEx	checker/checker.go:19331
T-BASE	(*Checker).getTupleBaseType	K-UNION	(*Checker).getUnionType	checker/checker.go:19331
T-BASE	(*Checker).resolveBaseTypesOfClass	T-APPARENT	(*Checker).getApparentType	checker/checker.go:19335
T-BASE	(*Checker).resolveBaseTypesOfClass	T-BASE	(*Checker).getBaseConstructorTypeOfClass	checker/checker.go:19335
T-BASE	(*Checker).resolveBaseTypesOfClass	T-BASE	getBaseTypeNodeOfClass	checker/checker.go:19339
T-BASE	(*Checker).resolveBaseTypesOfClass	T-DECLARED	(*Checker).getDeclaredTypeOfSymbol	checker/checker.go:19343
T-BASE	(*Checker).resolveBaseTypesOfClass	T-BASE	(*Checker).areAllOuterTypeParametersApplied	checker/checker.go:19345
T-BASE	(*Checker).resolveBaseTypesOfClass	T-TYPENODE	(*Checker).getTypeFromClassOrInterfaceReference	checker/checker.go:19349
T-BASE	(*Checker).resolveBaseTypesOfClass	T-BASE	(*Checker).getInstantiatedConstructorsForTypeArguments	checker/checker.go:19356
T-BASE	(*Checker).resolveBaseTypesOfClass	PRE:symbols	(*Checker).error	checker/checker.go:19358
T-BASE	(*Checker).resolveBaseTypesOfClass	T-SIGSHAPE	(*Checker).getReturnTypeOfSignature	checker/checker.go:19361
T-BASE	(*Checker).resolveBaseTypesOfClass	K-PRED	(*Checker).isErrorType	checker/checker.go:19363
T-BASE	(*Checker).resolveBaseTypesOfClass	T-APPARENT	(*Checker).getReducedType	checker/checker.go:19366
T-BASE	(*Checker).resolveBaseTypesOfClass	T-BASE	(*Checker).isValidBaseType	checker/checker.go:19367
T-BASE	(*Checker).resolveBaseTypesOfClass	T-APPARENT	(*Checker).elaborateNeverIntersection	checker/checker.go:19369
T-BASE	(*Checker).resolveBaseTypesOfClass	PRE:util	NewDiagnosticChainForNode	checker/checker.go:19370
T-BASE	(*Checker).resolveBaseTypesOfClass	MID:printer	(*Checker).TypeToString	checker/checker.go:19370
T-BASE	(*Checker).resolveBaseTypesOfClass	PRE:symbols	(*Checker).addDiagnostic	checker/checker.go:19371
T-BASE	(*Checker).resolveBaseTypesOfClass	T-BASE	(*Checker).hasBaseType	checker/checker.go:19374
T-BASE	(*Checker).resolveBaseTypesOfClass	PRE:datamodel	(*Type).AsInterfaceType	checker/checker.go:19378
T-BASE	(*Checker).getInstantiatedConstructorsForTypeArguments	T-BASE	(*Checker).getConstructorsForTypeArguments	checker/checker.go:19390
T-BASE	(*Checker).getInstantiatedConstructorsForTypeArguments	T-TYPENODE	(*Checker).getTypeFromTypeNode	checker/checker.go:19391
T-BASE	(*Checker).getInstantiatedConstructorsForTypeArguments	T-SIGINST	(*Checker).getSignatureInstantiation	checker/checker.go:19394
T-BASE	(*Checker).getConstructorsForTypeArguments	T-LOOKUP	(*Checker).getSignaturesOfType	checker/checker.go:19402
T-BASE	(*Checker).getConstructorsForTypeArguments	T-CONSTRAINT	(*Checker).getMinTypeArgumentCount	checker/checker.go:19403
T-SIGINST	(*Checker).getSignatureInstantiation	T-SIGINST	(*Checker).getSignatureInstantiationWithoutFillingInTypeArguments	checker/checker.go:19408
T-SIGINST	(*Checker).getSignatureInstantiation	T-CONSTRAINT	(*Checker).fillMissingTypeArguments	checker/checker.go:19408
T-SIGINST	(*Checker).getSignatureInstantiation	T-CONSTRAINT	(*Checker).getMinTypeArgumentCount	checker/checker.go:19408
T-SIGINST	(*Checker).getSignatureInstantiation	T-SIGINST	(*Checker).getSingleCallOrConstructSignature	checker/checker.go:19410
T-SIGINST	(*Checker).getSignatureInstantiation	T-SIGSHAPE	(*Checker).getReturnTypeOfSignature	checker/checker.go:19410
T-SIGINST	(*Checker).getSignatureInstantiation	T-SIGINST	(*Checker).cloneSignature	checker/checker.go:19412
T-SIGINST	(*Checker).getSignatureInstantiation	T-SIGINST	(*Checker).getOrCreateTypeFromSignature	checker/checker.go:19414
T-SIGINST	(*Checker).getSignatureInstantiation	PRE:datamodel	(*Type).AsObjectType	checker/checker.go:19415
T-SIGINST	(*Checker).cloneSignature	PRE:objects	(*Checker).newSignature	checker/checker.go:19425
T-SIGINST	(*Checker).getSignatureInstantiationWithoutFillingInTypeArguments	PRE:keys	getTypeListKey	checker/checker.go:19433
T-SIGINST	(*Checker).getSignatureInstantiationWithoutFillingInTypeArguments	T-SIGINST	(*Checker).createSignatureInstantiation	checker/checker.go:19436
T-SIGINST	(*Checker).createSignatureInstantiation	T-SIGINST	(*Checker).instantiateSignatureEx	checker/checker.go:19443
T-SIGINST	(*Checker).createSignatureInstantiation	T-SIGINST	(*Checker).createSignatureTypeMapper	checker/checker.go:19443
T-SIGINST	(*Checker).createSignatureTypeMapper	PRE:datamodel	newTypeMapper	checker/checker.go:19447
T-SIGINST	(*Checker).createSignatureTypeMapper	T-SIGINST	(*Checker).getTypeParametersForMapper	checker/checker.go:19447
T-SIGINST	(*Checker).getTypeParametersForMapper	T-INSTANTIATE	(*Checker).instantiateType	checker/checker.go:19451
T-SIGINST	(*Checker).getTypeParametersForMapper	PRE:datamodel	(*Type).Mapper	checker/checker.go:19451
T-SIGINST	(*Checker).getSingleCallSignature	T-SIGINST	(*Checker).getSingleSignature	checker/checker.go:19456
T-SIGINST	(*Checker).getSingleCallOrConstructSignature	T-SIGINST	(*Checker).getSingleSignature	checker/checker.go:19460
T-SIGINST	(*Checker).getSingleSignature	T-MEMBERS	(*Checker).resolveStructuredTypeMembers	checker/checker.go:19469
T-SIGINST	(*Checker).getSingleSignature	PRE:datamodel	(*StructuredType).CallSignatures	checker/checker.go:19471
T-SIGINST	(*Checker).getSingleSignature	PRE:datamodel	(*StructuredType).ConstructSignatures	checker/checker.go:19471
T-SIGINST	(*Checker).getOrCreateTypeFromSignature	PRE:objects	(*Checker).newObjectType	checker/checker.go:19499
T-SIGINST	(*Checker).getOrCreateTypeFromSignature	PRE:objects	(*Checker).setStructuredTypeMembers	checker/checker.go:19501
T-SIGINST	(*Checker).getErasedSignature	T-SIGINST	(*Checker).instantiateSignatureEx	checker/checker.go:19517
T-SIGINST	(*Checker).getErasedSignature	PRE:datamodel	newArrayToSingleTypeMapper	checker/checker.go:19517
T-SIGINST	(*Checker).getCanonicalSignature	T-SIGINST	(*Checker).createCanonicalSignature	checker/checker.go:19530
T-SIGINST	(*Checker).createCanonicalSignature	PRE:datamodel	(*Type).Target	checker/checker.go:19544
T-SIGINST	(*Checker).createCanonicalSignature	T-CONSTRAINT	(*Checker).getConstraintOfTypeParameter	checker/checker.go:19544
T-SIGINST	(*Checker).createCanonicalSignature	T-SIGINST	(*Checker).getSignatureInstantiation	checker/checker.go:19549
T-SIGINST	(*Checker).getBaseSignature	PRE:datamodel	newTypeMapper	checker/checker.go:19561
T-SIGINST	(*Checker).getBaseSignature	T-CONSTRAINT	(*Checker).getConstraintOfTypeParameter	checker/checker.go:19562
T-SIGINST	(*Checker).getBaseSignature	T-INSTANTIATE	(*Checker).instantiateType	checker/checker.go:19565
T-SIGINST	(*Checker).getBaseSignature	T-INSTANTIATE	(*Checker).instantiateTypes	checker/checker.go:19570
T-SIGINST	(*Checker).getBaseSignature	PRE:datamodel	newArrayToSingleTypeMapper	checker/checker.go:19573
T-SIGINST	(*Checker).getBaseSignature	T-SIGINST	(*Checker).instantiateSignatureEx	checker/checker.go:19574
T-SIGINST	(*Checker).instantiateSignatureInContextOf	MID:inference	(*Checker).newInferenceContext	checker/checker.go:19581
T-SIGINST	(*Checker).instantiateSignatureInContextOf	T-SIGINST	(*Checker).getTypeParametersForMapper	checker/checker.go:19581
T-SIGINST	(*Checker).instantiateSignatureInContextOf	T-SIGSHAPE	(*Checker).getEffectiveRestType	checker/checker.go:19585
T-SIGINST	(*Checker).instantiateSignatureInContextOf	T-SIGINST	(*Checker).instantiateSignature	checker/checker.go:19596
T-SIGINST	(*Checker).instantiateSignatureInContextOf	MID:inference	(*Checker).applyToParameterTypes	checker/checker.go:19600
T-SIGINST	(*Checker).instantiateSignatureInContextOf	MID:inference	(*Checker).inferTypes	checker/checker.go:19602
T-SIGINST	(*Checker).instantiateSignatureInContextOf	MID:inference	(*Checker).applyToReturnTypes	checker/checker.go:19605
T-SIGINST	(*Checker).instantiateSignatureInContextOf	T-SIGINST	(*Checker).getSignatureInstantiation	checker/checker.go:19609
T-SIGINST	(*Checker).instantiateSignatureInContextOf	MID:inference	(*Checker).getInferredTypes	checker/checker.go:19609
T-BASE	(*Checker).resolveBaseTypesOfInterface	PRE:datamodel	(*Type).AsInterfaceType	checker/checker.go:19613
T-BASE	(*Checker).resolveBaseTypesOfInterface	T-APPARENT	(*Checker).getReducedType	checker/checker.go:19617
T-BASE	(*Checker).resolveBaseTypesOfInterface	T-TYPENODE	(*Checker).getTypeFromTypeNode	checker/checker.go:19617
T-BASE	(*Checker).resolveBaseTypesOfInterface	K-PRED	(*Checker).isErrorType	checker/checker.go:19618
T-BASE	(*Checker).resolveBaseTypesOfInterface	T-BASE	(*Checker).isValidBaseType	checker/checker.go:19619
T-BASE	(*Checker).resolveBaseTypesOfInterface	T-BASE	(*Checker).hasBaseType	checker/checker.go:19620
T-BASE	(*Checker).resolveBaseTypesOfInterface	T-BASE	(*Checker).reportCircularBaseType	checker/checker.go:19623
T-BASE	(*Checker).resolveBaseTypesOfInterface	PRE:symbols	(*Checker).error	checker/checker.go:19626
T-BASE	(*Checker).areAllOuterTypeParametersApplied	PRE:datamodel	(*Type).AsInterfaceType	checker/checker.go:19637
T-BASE	(*Checker).areAllOuterTypeParametersApplied	PRE:datamodel	(*InterfaceType).OuterTypeParameters	checker/checker.go:19637
T-BASE	(*Checker).areAllOuterTypeParametersApplied	T-TYPENODE	(*Checker).getTypeArguments	checker/checker.go:19640
T-BASE	(*Checker).reportCircularBaseType	PRE:symbols	(*Checker).error	checker/checker.go:19647
T-BASE	(*Checker).reportCircularBaseType	MID:printer	(*Checker).typeToStringEx	checker/checker.go:19647
T-BASE	(*Checker).isValidBaseType	T-CONSTRAINT	(*Checker).getBaseConstraintOfType	checker/checker.go:19653
T-BASE	(*Checker).isValidBaseType	T-BASE	(*Checker).isValidBaseType	checker/checker.go:19655
T-BASE	(*Checker).isValidBaseType	K-GENERIC	(*Checker).isGenericMappedType	checker/checker.go:19660
T-BASE	(*Checker).isValidBaseType	PRE:datamodel	(*Type).Types	checker/checker.go:19661
T-BASE	(*Checker).hasBaseType	T-MEMBERS	getTargetType	checker/checker.go:19669
T-BASE	(*Checker).hasBaseType	T-BASE	(*Checker).getBaseTypes	checker/checker.go:19670
T-BASE	(*Checker).hasBaseType	PRE:datamodel	(*Type).Types	checker/checker.go:19673
T-MEMBERS	getTargetType	PRE:datamodel	(*Type).Target	checker/checker.go:19682
T-MEMBERS	(*Checker).getTypeWithThisArgument	PRE:datamodel	(*Type).Target	checker/checker.go:19689
T-MEMBERS	(*Checker).getTypeWithThisArgument	T-TYPENODE	(*Checker).getTypeArguments	checker/checker.go:19690
T-MEMBERS	(*Checker).getTypeWithThisArgument	PRE:datamodel	(*Type).AsInterfaceType	checker/checker.go:19691
T-MEMBERS	(*Checker).getTypeWithThisArgument	PRE:datamodel	(*InterfaceType).TypeParameters	checker/checker.go:19691
T-MEMBERS	(*Checker).getTypeWithThisArgument	PRE:objects	(*Checker).createTypeReference	checker/checker.go:19695
T-MEMBERS	(*Checker).getTypeWithThisArgument	PRE:datamodel	(*Type).Types	checker/checker.go:19699
T-MEMBERS	(*Checker).getTypeWithThisArgument	T-MEMBERS	(*Checker).getTypeWithThisArgument	checker/checker.go:19700
T-MEMBERS	(*Checker).getTypeWithThisArgument	K-INTERSECT	(*Checker).getIntersectionType	checker/checker.go:19704
T-MEMBERS	(*Checker).getTypeWithThisArgument	T-APPARENT	(*Checker).getApparentType	checker/checker.go:19707
T-MEMBERS	(*Checker).addInheritedMembers	PRE:util	isStaticPrivateIdentifierProperty	checker/checker.go:19714
T-MEMBERS	(*Checker).resolveDeclaredMembers	PRE:datamodel	(*Type).AsInterfaceType	checker/checker.go:19727
T-MEMBERS	(*Checker).resolveDeclaredMembers	PRE:symbols	(*Checker).getMembersOfSymbol	checker/checker.go:19729
T-MEMBERS	(*Checker).resolveDeclaredMembers	T-SIGDECL	(*Checker).getSignaturesOfSymbol	checker/checker.go:19732
T-MEMBERS	(*Checker).resolveDeclaredMembers	T-MEMBERS	(*Checker).getIndexInfosOfSymbol	checker/checker.go:19734
T-MEMBERS	(*Checker).getIndexInfosOfSymbol	T-MEMBERS	(*Checker).getIndexSymbol	checker/checker.go:19740
T-MEMBERS	(*Checker).getIndexInfosOfSymbol	T-MEMBERS	(*Checker).getIndexInfosOfIndexSymbol	checker/checker.go:19742
T-MEMBERS	(*Checker).getIndexInfosOfSymbol	PRE:symbols	(*Checker).getMembersOfSymbol	checker/checker.go:19742
T-MEMBERS	(*Checker).getIndexInfosOfIndexSymbol	T-TYPENODE	(*Checker).getTypeFromTypeNode	checker/checker.go:19766
T-MEMBERS	(*Checker).getIndexInfosOfIndexSymbol	K-PRED	forEachType	checker/checker.go:19768
T-MEMBERS	(*Checker).getIndexInfosOfIndexSymbol	T-MEMBERS	(*Checker).isValidIndexKeyType	checker/checker.go:19769
T-MEMBERS	(*Checker).getIndexInfosOfIndexSymbol	T-MEMBERS	findIndexInfo	checker/checker.go:19769
T-MEMBERS	(*Checker).getIndexInfosOfIndexSymbol	PRE:objects	(*Checker).newIndexInfo	checker/checker.go:19770
T-MEMBERS	(*Checker).getIndexInfosOfIndexSymbol	T-SIGDECL	(*Checker).hasLateBindableIndexSignature	checker/checker.go:19776
T-MEMBERS	(*Checker).getIndexInfosOfIndexSymbol	MID:expr	(*Checker).checkExpressionCached	checker/checker.go:19785
T-MEMBERS	(*Checker).getIndexInfosOfIndexSymbol	K-KEYOF	(*Checker).checkComputedPropertyName	checker/checker.go:19787
T-MEMBERS	(*Checker).getIndexInfosOfIndexSymbol	MID:relations	(*Checker).isTypeAssignableTo	checker/checker.go:19793
T-MEMBERS	(*Checker).getIndexInfosOfIndexSymbol	PRE:util	hasReadonlyModifier	checker/checker.go:19796
T-MEMBERS	(*Checker).getIndexInfosOfIndexSymbol	T-MEMBERS	(*Checker).getObjectLiteralIndexInfo	checker/checker.go:19822
T-MEMBERS	(*Checker).getObjectLiteralIndexInfo	T-MEMBERS	(*Checker).isSymbolWithSymbolName	checker/checker.go:19839
T-MEMBERS	(*Checker).getObjectLiteralIndexInfo	T-MEMBERS	(*Checker).isSymbolWithNumericName	checker/checker.go:19840
T-MEMBERS	(*Checker).getObjectLiteralIndexInfo	T-SYMTYPE	(*Checker).getTypeOfSymbol	checker/checker.go:19842
T-MEMBERS	(*Checker).getObjectLiteralIndexInfo	T-MEMBERS	(*Checker).isSymbolWithComputedName	checker/checker.go:19843
T-MEMBERS	(*Checker).getObjectLiteralIndexInfo	K-UNION	(*Checker).getUnionTypeEx	checker/checker.go:19850
T-MEMBERS	(*Checker).getObjectLiteralIndexInfo	PRE:objects	(*Checker).newIndexInfo	checker/checker.go:19852
T-MEMBERS	(*Checker).isSymbolWithSymbolName	PRE:util	IsKnownSymbol	checker/checker.go:19856
T-MEMBERS	(*Checker).isSymbolWithSymbolName	K-PRED	(*Checker).isTypeAssignableToKind	checker/checker.go:19861
T-MEMBERS	(*Checker).isSymbolWithSymbolName	K-KEYOF	(*Checker).checkComputedPropertyName	checker/checker.go:19861
T-MEMBERS	(*Checker).isSymbolWithNumericName	PRE:util	isNumericLiteralName	checker/checker.go:19867
T-MEMBERS	(*Checker).isSymbolWithNumericName	T-MEMBERS	(*Checker).isNumericName	checker/checker.go:19872
T-MEMBERS	(*Checker).isNumericName	T-MEMBERS	(*Checker).isNumericComputedName	checker/checker.go:19888
T-MEMBERS	(*Checker).isNumericName	PRE:util	isNumericLiteralName	checker/checker.go:19890
T-MEMBERS	(*Checker).isNumericComputedName	K-PRED	(*Checker).isTypeAssignableToKind	checker/checker.go:19898
T-MEMBERS	(*Checker).isNumericComputedName	K-KEYOF	(*Checker).checkComputedPropertyName	checker/checker.go:19898
T-MEMBERS	(*Checker).isValidIndexKeyType	K-PRED	(*Checker).isPatternLiteralType	checker/checker.go:19903
T-MEMBERS	(*Checker).isValidIndexKeyType	K-GENERIC	(*Checker).isGenericType	checker/checker.go:19904
T-MEMBERS	(*Checker).isValidIndexKeyType	PRE:datamodel	(*Type).Types	checker/checker.go:19904
T-MEMBERS	(*Checker).isValidIndexKeyType	T-MEMBERS	(*Checker).isValidIndexKeyType	checker/checker.go:19904
T-MEMBERS	(*Checker).getIndexSymbol	PRE:symbols	(*Checker).getMembersOfSymbol	checker/checker.go:19917
T-SIGDECL	(*Checker).getSignaturesOfSymbol	T-SIGSHAPE	(*Checker).getSignatureOfFullSignatureType	checker/checker.go:19941
T-SIGDECL	(*Checker).getSignaturesOfSymbol	T-SIGDECL	(*Checker).getSignatureFromDeclaration	checker/checker.go:19943
T-SIGDECL	(*Checker).getSignatureFromDeclaration	MID:contextual	(*Checker).getContextualType	checker/checker.go:19965
T-SIGDECL	(*Checker).getSignatureFromDeclaration	PRE:util	isOptionalDeclaration	checker/checker.go:19987
T-SIGDECL	(*Checker).getSignatureFromDeclaration	T-SIGSHAPE	isRestParameter	checker/checker.go:19989
T-SIGDECL	(*Checker).getSignatureFromDeclaration	T-SIGDECL	(*Checker).hasBindableName	checker/checker.go:19996
T-SIGDECL	(*Checker).getSignatureFromDeclaration	PRE:symbols	(*Checker).getSymbolOfDeclaration	checker/checker.go:19998
T-SIGDECL	(*Checker).getSignatureFromDeclaration	T-SIGDECL	(*Checker).getAnnotatedAccessorThisParameter	checker/checker.go:20000
T-SIGDECL	(*Checker).getSignatureFromDeclaration	T-DECLARED	(*Checker).getDeclaredTypeOfClassOrInterface	checker/checker.go:20005
T-SIGDECL	(*Checker).getSignatureFromDeclaration	PRE:symbols	(*Checker).getMergedSymbol	checker/checker.go:20005
T-SIGDECL	(*Checker).getSignatureFromDeclaration	PRE:datamodel	(*Type).AsInterfaceType	checker/checker.go:20009
T-SIGDECL	(*Checker).getSignatureFromDeclaration	PRE:datamodel	(*InterfaceType).LocalTypeParameters	checker/checker.go:20009
T-SIGDECL	(*Checker).getSignatureFromDeclaration	T-SIGDECL	(*Checker).getTypeParametersFromDeclaration	checker/checker.go:20011
T-SIGDECL	(*Checker).getSignatureFromDeclaration	T-SIGSHAPE	hasRestParameter	checker/checker.go:20013
T-SIGDECL	(*Checker).getSignatureFromDeclaration	PRE:objects	(*Checker).newSignature	checker/checker.go:20022
T-SIGDECL	(*Checker).getTypeParametersFromDeclaration	T-SIGSHAPE	(*Checker).getSignatureOfFullSignatureType	checker/checker.go:20027
T-SIGDECL	(*Checker).getTypeParametersFromDeclaration	PRE:datamodel	(*Signature).TypeParameters	checker/checker.go:20028
T-SIGDECL	(*Checker).getTypeParametersFromDeclaration	T-DECLARED	(*Checker).getDeclaredTypeOfTypeParameter	checker/checker.go:20032
T-SIGDECL	(*Checker).getAnnotatedAccessorThisParameter	T-SIGDECL	(*Checker).getAccessorThisParameter	checker/checker.go:20038
T-SIGDECL	(*Checker).hasBindableName	T-SIGDECL	(*Checker).hasLateBindableName	checker/checker.go:20056
T-SIGDECL	(*Checker).hasLateBindableName	T-SIGDECL	(*Checker).isLateBindableName	checker/checker.go:20064
T-SIGDECL	(*Checker).isLateBindableName	T-SIGDECL	isLateBindableAST	checker/checker.go:20076
T-SIGDECL	(*Checker).isLateBindableName	PRE:util	isTypeUsableAsPropertyName	checker/checker.go:20080
T-SIGDECL	(*Checker).isLateBindableName	K-KEYOF	(*Checker).checkComputedPropertyName	checker/checker.go:20080
T-SIGDECL	(*Checker).isLateBindableName	MID:expr	(*Checker).checkExpressionCached	checker/checker.go:20082
T-SIGDECL	(*Checker).hasLateBindableIndexSignature	T-SIGDECL	(*Checker).isLateBindableIndexSignature	checker/checker.go:20087
T-SIGDECL	(*Checker).isLateBindableIndexSignature	T-SIGDECL	isLateBindableAST	checker/checker.go:20091
T-SIGDECL	(*Checker).isLateBindableIndexSignature	T-SIGDECL	(*Checker).isTypeUsableAsIndexSignatureDeclaration	checker/checker.go:20095
T-SIGDECL	(*Checker).isLateBindableIndexSignature	K-KEYOF	(*Checker).checkComputedPropertyName	checker/checker.go:20095
T-SIGDECL	(*Checker).isLateBindableIndexSignature	MID:expr	(*Checker).checkExpressionCached	checker/checker.go:20097
T-SIGDECL	(*Checker).isTypeUsableAsIndexSignatureDeclaration	MID:relations	(*Checker).isTypeAssignableTo	checker/checker.go:20101
T-SIGSHAPE	(*Checker).getReturnTypeOfSignature	PRE:resolution	(*Checker).pushTypeResolution	checker/checker.go:20119
T-SIGSHAPE	(*Checker).getReturnTypeOfSignature	T-INSTANTIATE	(*Checker).instantiateType	checker/checker.go:20125
T-SIGSHAPE	(*Checker).getReturnTypeOfSignature	T-SIGSHAPE	(*Checker).getReturnTypeOfSignature	checker/checker.go:20125
T-SIGSHAPE	(*Checker).getReturnTypeOfSignature	K-UNION	(*Checker).getUnionOrIntersectionType	checker/checker.go:20127
T-SIGSHAPE	(*Checker).getReturnTypeOfSignature	T-SIGSHAPE	(*Checker).getReturnTypeFromAnnotation	checker/checker.go:20129
T-SIGSHAPE	(*Checker).getReturnTypeOfSignature	MID:returns	(*Checker).getReturnTypeFromBody	checker/checker.go:20132
T-SIGSHAPE	(*Checker).getReturnTypeOfSignature	T-SYMTYPE	(*Checker).addOptionalTypeMarker	checker/checker.go:20139
T-SIGSHAPE	(*Checker).getReturnTypeOfSignature	T-SYMTYPE	(*Checker).getOptionalType	checker/checker.go:20141
T-SIGSHAPE	(*Checker).getReturnTypeOfSignature	PRE:resolution	(*Checker).popTypeResolution	checker/checker.go:20143
T-SIGSHAPE	(*Checker).getReturnTypeOfSignature	PRE:symbols	(*Checker).error	checker/checker.go:20147
T-SIGSHAPE	(*Checker).getNonCircularReturnTypeOfSignature	T-SIGSHAPE	(*Checker).isResolvingReturnTypeOfSignature	checker/checker.go:20166
T-SIGSHAPE	(*Checker).getNonCircularReturnTypeOfSignature	T-SIGSHAPE	(*Checker).getReturnTypeOfSignature	checker/checker.go:20169
T-SIGSHAPE	(*Checker).getReturnTypeFromAnnotation	T-DECLARED	(*Checker).getDeclaredTypeOfClassOrInterface	checker/checker.go:20174
T-SIGSHAPE	(*Checker).getReturnTypeFromAnnotation	PRE:symbols	(*Checker).getMergedSymbol	checker/checker.go:20174
T-SIGSHAPE	(*Checker).getReturnTypeFromAnnotation	T-TYPENODE	(*Checker).getTypeFromTypeNode	checker/checker.go:20178
T-SIGSHAPE	(*Checker).getReturnTypeFromAnnotation	T-SIGDECL	(*Checker).hasBindableName	checker/checker.go:20180
T-SIGSHAPE	(*Checker).getReturnTypeFromAnnotation	T-SIGSHAPE	(*Checker).getAnnotatedAccessorType	checker/checker.go:20181
T-SIGSHAPE	(*Checker).getReturnTypeFromAnnotation	PRE:symbols	(*Checker).getSymbolOfDeclaration	checker/checker.go:20181
T-SIGSHAPE	(*Checker).getReturnTypeFromAnnotation	T-SIGSHAPE	(*Checker).getReturnTypeOfFullSignature	checker/checker.go:20183
T-SIGSHAPE	(*Checker).getSignatureOfFullSignatureType	T-SIGINST	(*Checker).getSingleCallSignature	checker/checker.go:20188
T-SIGSHAPE	(*Checker).getSignatureOfFullSignatureType	T-TYPENODE	(*Checker).getTypeFromTypeNode	checker/checker.go:20188
T-SIGSHAPE	(*Checker).getParameterTypeOfFullSignature	T-SIGSHAPE	(*Checker).getSignatureOfFullSignatureType	checker/checker.go:20194
T-SIGSHAPE	(*Checker).getParameterTypeOfFullSignature	T-SIGSHAPE	(*Checker).getRestTypeAtPosition	checker/checker.go:20197
T-SIGSHAPE	(*Checker).getParameterTypeOfFullSignature	T-SIGSHAPE	(*Checker).getTypeAtPosition	checker/checker.go:20199
T-SIGSHAPE	(*Checker).getReturnTypeOfFullSignature	T-SIGSHAPE	(*Checker).getSignatureOfFullSignatureType	checker/checker.go:20206
T-SIGSHAPE	(*Checker).getReturnTypeOfFullSignature	T-SIGSHAPE	(*Checker).getReturnTypeOfSignature	checker/checker.go:20207
T-SIGSHAPE	(*Checker).getAnnotatedAccessorType	T-SIGSHAPE	(*Checker).getAnnotatedAccessorTypeNode	checker/checker.go:20213
T-SIGSHAPE	(*Checker).getAnnotatedAccessorType	T-TYPENODE	(*Checker).getTypeFromTypeNode	checker/checker.go:20215
T-SIGSHAPE	(*Checker).getAnnotatedAccessorTypeNode	T-SIGSHAPE	getEffectiveSetAccessorTypeAnnotationNode	checker/checker.go:20226
T-SIGSHAPE	getEffectiveSetAccessorTypeAnnotationNode	PRE:util	GetSetAccessorValueParameter	checker/checker.go:20233
T-WIDEN	(*Checker).reportErrorsFromWidening	T-WIDEN	(*Checker).shouldReportErrorsFromWideningWithContextualSignature	checker/checker.go:20568
T-WIDEN	(*Checker).reportErrorsFromWidening	T-WIDEN	(*Checker).reportWideningErrorsInType	checker/checker.go:20570
T-WIDEN	(*Checker).reportErrorsFromWidening	T-WIDEN	(*Checker).reportImplicitAny	checker/checker.go:20571
T-WIDEN	(*Checker).shouldReportErrorsFromWideningWithContextualSignature	MID:contextual	(*Checker).getContextualSignatureForFunctionLikeDeclaration	checker/checker.go:20578
T-WIDEN	(*Checker).shouldReportErrorsFromWideningWithContextualSignature	T-SIGSHAPE	(*Checker).getReturnTypeOfSignature	checker/checker.go:20582
T-WIDEN	(*Checker).shouldReportErrorsFromWideningWithContextualSignature	POST:decls	(*Checker).getIterationTypeOfGeneratorFunctionReturnType	checker/checker.go:20587
T-WIDEN	(*Checker).shouldReportErrorsFromWideningWithContextualSignature	POST:async	(*Checker).getAwaitedTypeNoAlias	checker/checker.go:20589
T-WIDEN	(*Checker).shouldReportErrorsFromWideningWithContextualSignature	K-GENERIC	(*Checker).isGenericType	checker/checker.go:20591
T-WIDEN	(*Checker).reportWideningErrorsInType	PRE:datamodel	(*Type).Types	checker/checker.go:20615
T-WIDEN	(*Checker).reportWideningErrorsInType	K-PRED	(*Checker).isEmptyObjectType	checker/checker.go:20615
T-WIDEN	(*Checker).reportWideningErrorsInType	T-WIDEN	(*Checker).reportWideningErrorsInType	checker/checker.go:20619
T-WIDEN	(*Checker).reportWideningErrorsInType	T-TUPLE	(*Checker).isArrayOrTupleType	checker/checker.go:20622
T-WIDEN	(*Checker).reportWideningErrorsInType	T-TYPENODE	(*Checker).getTypeArguments	checker/checker.go:20623
T-WIDEN	(*Checker).reportWideningErrorsInType	PRE:util	isObjectLiteralType	checker/checker.go:20626
T-WIDEN	(*Checker).reportWideningErrorsInType	T-LOOKUP	(*Checker).getPropertiesOfObjectType	checker/checker.go:20627
T-WIDEN	(*Checker).reportWideningErrorsInType	T-SYMTYPE	(*Checker).getTypeOfSymbol	checker/checker.go:20628
T-WIDEN	(*Checker).reportWideningErrorsInType	PRE:symbols	(*Checker).error	checker/checker.go:20638
T-WIDEN	(*Checker).reportWideningErrorsInType	MID:printer	(*Checker).symbolToString	checker/checker.go:20638
T-WIDEN	(*Checker).reportWideningErrorsInType	MID:printer	(*Checker).TypeToString	checker/checker.go:20638
T-WIDEN	(*Checker).reportWideningErrorsInType	T-WIDEN	(*Checker).getWidenedType	checker/checker.go:20638
T-SYMTYPE	(*Checker).addOptionalTypeMarker	K-UNION	(*Checker).getUnionType	checker/checker.go:20724
T-SIGINST	(*Checker).instantiateSignature	T-SIGINST	(*Checker).instantiateSignatureEx	checker/checker.go:20730
T-SIGINST	(*Checker).instantiateSignatureEx	T-INSTANTIATE	(*Checker).cloneTypeParameter	checker/checker.go:20739
T-SIGINST	(*Checker).instantiateSignatureEx	PRE:datamodel	(*Checker).combineTypeMappers	checker/checker.go:20740
T-SIGINST	(*Checker).instantiateSignatureEx	PRE:datamodel	newTypeMapper	checker/checker.go:20740
T-SIGINST	(*Checker).instantiateSignatureEx	PRE:datamodel	(*Type).AsTypeParameter	checker/checker.go:20742
T-SIGINST	(*Checker).instantiateSignatureEx	PRE:objects	(*Checker).newSignature	checker/checker.go:20748
T-SIGINST	(*Checker).instantiateSignatureEx	T-INSTANTIATE	(*Checker).instantiateSymbol	checker/checker.go:20749
T-SIGINST	(*Checker).instantiateSignatureEx	T-INSTANTIATE	(*Checker).instantiateSymbols	checker/checker.go:20749
T-SIGINST	(*Checker).instantiateIndexInfo	T-INSTANTIATE	(*Checker).instantiateType	checker/checker.go:20757
T-SIGINST	(*Checker).instantiateIndexInfo	PRE:objects	(*Checker).newIndexInfo	checker/checker.go:20761
T-MEMBERS	(*Checker).resolveAnonymousTypeMembers	PRE:datamodel	(*Type).AsObjectType	checker/checker.go:20765
T-MEMBERS	(*Checker).resolveAnonymousTypeMembers	PRE:objects	(*Checker).setStructuredTypeMembers	checker/checker.go:20767
T-MEMBERS	(*Checker).resolveAnonymousTypeMembers	T-INSTANTIATE	(*Checker).createInstantiatedSymbolTable	checker/checker.go:20768
T-MEMBERS	(*Checker).resolveAnonymousTypeMembers	T-LOOKUP	(*Checker).getPropertiesOfObjectType	checker/checker.go:20768
T-MEMBERS	(*Checker).resolveAnonymousTypeMembers	T-INSTANTIATE	(*Checker).instantiateSignatures	checker/checker.go:20769
T-MEMBERS	(*Checker).resolveAnonymousTypeMembers	T-LOOKUP	(*Checker).getSignaturesOfType	checker/checker.go:20769
T-MEMBERS	(*Checker).resolveAnonymousTypeMembers	T-INSTANTIATE	(*Checker).instantiateIndexInfos	checker/checker.go:20771
T-MEMBERS	(*Checker).resolveAnonymousTypeMembers	T-LOOKUP	(*Checker).getIndexInfosOfType	checker/checker.go:20771
T-MEMBERS	(*Checker).resolveAnonymousTypeMembers	PRE:symbols	(*Checker).getMergedSymbol	checker/checker.go:20775
T-MEMBERS	(*Checker).resolveAnonymousTypeMembers	PRE:symbols	(*Checker).getMembersOfSymbol	checker/checker.go:20778
T-MEMBERS	(*Checker).resolveAnonymousTypeMembers	T-SIGDECL	(*Checker).getSignaturesOfSymbol	checker/checker.go:20779
T-MEMBERS	(*Checker).resolveAnonymousTypeMembers	T-MEMBERS	(*Checker).getIndexInfosOfSymbol	checker/checker.go:20781
T-MEMBERS	(*Checker).resolveAnonymousTypeMembers	PRE:symbols	(*Checker).getExportsOfSymbol	checker/checker.go:20786
T-MEMBERS	(*Checker).resolveAnonymousTypeMembers	T-DECLARED	(*Checker).getDeclaredTypeOfClassOrInterface	checker/checker.go:20800
T-MEMBERS	(*Checker).resolveAnonymousTypeMembers	T-BASE	(*Checker).getBaseConstructorTypeOfClass	checker/checker.go:20801
T-MEMBERS	(*Checker).resolveAnonymousTypeMembers	T-MEMBERS	(*Checker).addInheritedMembers	checker/checker.go:20804
T-MEMBERS	(*Checker).resolveAnonymousTypeMembers	T-LOOKUP	(*Checker).getPropertiesOfType	checker/checker.go:20804
T-MEMBERS	(*Checker).resolveAnonymousTypeMembers	T-MEMBERS	(*Checker).getIndexInfosOfIndexSymbol	checker/checker.go:20812
T-MEMBERS	(*Checker).resolveAnonymousTypeMembers	T-DECLARED	(*Checker).getDeclaredTypeOfSymbol	checker/checker.go:20817
T-MEMBERS	(*Checker).resolveAnonymousTypeMembers	T-SYMTYPE	(*Checker).getTypeOfSymbol	checker/checker.go:20818
T-MEMBERS	(*Checker).resolveAnonymousTypeMembers	T-MEMBERS	(*Checker).getDefaultConstructSignatures	checker/checker.go:20837
T-INSTANTIATE	(*Checker).createInstantiatedSymbolTable	T-INSTANTIATE	(*Checker).instantiateSymbol	checker/checker.go:20849
T-INSTANTIATE	(*Checker).instantiateSymbolTable	T-LOOKUP	(*Checker).isNamedMember	checker/checker.go:20860
T-INSTANTIATE	(*Checker).instantiateSymbolTable	T-INSTANTIATE	(*Checker).instantiateSymbol	checker/checker.go:20861
T-INSTANTIATE	(*Checker).instantiateSymbol	?	(*symbolArenaLinkStore[ValueSymbolLinks]).Get	checker/checker.go:20871
T-INSTANTIATE	(*Checker).instantiateSymbol	PRE:datamodel	(*TypeMapper).MapsThisOnly	checker/checker.go:20872
T-INSTANTIATE	(*Checker).instantiateSymbol	T-DECLARED	isThisless	checker/checker.go:20872
T-INSTANTIATE	(*Checker).instantiateSymbol	PRE:datamodel	(*Checker).combineTypeMappers	checker/checker.go:20891
T-INSTANTIATE	(*Checker).instantiateSymbol	PRE:symbols	(*Checker).newSymbol	checker/checker.go:20895
T-DECLARED	isThisless	T-DECLARED	isThislessVariableLikeDeclaration	checker/checker.go:20918
T-DECLARED	isThisless	T-DECLARED	isThislessFunctionLikeDeclaration	checker/checker.go:20922
T-DECLARED	isThislessVariableLikeDeclaration	T-DECLARED	isThislessType	checker/checker.go:20934
T-DECLARED	isThislessType	T-DECLARED	isThislessType	checker/checker.go:20948
T-DECLARED	isThislessFunctionLikeDeclaration	T-DECLARED	isThislessType	checker/checker.go:20960
T-DECLARED	isThislessFunctionLikeDeclaration	T-DECLARED	isThislessVariableLikeDeclaration	checker/checker.go:20961
T-DECLARED	isThislessFunctionLikeDeclaration	T-DECLARED	isThislessTypeParameter	checker/checker.go:20962
T-DECLARED	isThislessTypeParameter	T-DECLARED	isThislessType	checker/checker.go:20968
T-MEMBERS	(*Checker).getDefaultConstructSignatures	T-BASE	(*Checker).getBaseConstructorTypeOfClass	checker/checker.go:20972
T-MEMBERS	(*Checker).getDefaultConstructSignatures	T-LOOKUP	(*Checker).getSignaturesOfType	checker/checker.go:20973
T-MEMBERS	(*Checker).getDefaultConstructSignatures	PRE:objects	(*Checker).newSignature	checker/checker.go:20978
T-MEMBERS	(*Checker).getDefaultConstructSignatures	PRE:datamodel	(*Type).AsInterfaceType	checker/checker.go:20978
T-MEMBERS	(*Checker).getDefaultConstructSignatures	PRE:datamodel	(*InterfaceType).LocalTypeParameters	checker/checker.go:20978
T-MEMBERS	(*Checker).getDefaultConstructSignatures	T-BASE	getBaseTypeNodeOfClass	checker/checker.go:20980
T-MEMBERS	(*Checker).getDefaultConstructSignatures	T-TYPENODE	(*Checker).getTypeArgumentsFromNode	checker/checker.go:20982
T-MEMBERS	(*Checker).getDefaultConstructSignatures	T-CONSTRAINT	(*Checker).getMinTypeArgumentCount	checker/checker.go:20986
T-MEMBERS	(*Checker).getDefaultConstructSignatures	T-SIGINST	(*Checker).createSignatureInstantiation	checker/checker.go:20991
T-MEMBERS	(*Checker).getDefaultConstructSignatures	T-CONSTRAINT	(*Checker).fillMissingTypeArguments	checker/checker.go:20991
T-MEMBERS	(*Checker).getDefaultConstructSignatures	T-SIGINST	(*Checker).cloneSignature	checker/checker.go:20993
T-MAPPED	(*Checker).resolveMappedTypeMembers	PRE:objects	(*Checker).setStructuredTypeMembers	checker/checker.go:21012
T-MAPPED	(*Checker).resolveMappedTypeMembers	T-MAPPED	(*Checker).getTypeParameterFromMappedType	checker/checker.go:21015
T-MAPPED	(*Checker).resolveMappedTypeMembers	T-MAPPED	(*Checker).getConstraintTypeFromMappedType	checker/checker.go:21016
T-MAPPED	(*Checker).resolveMappedTypeMembers	PRE:datamodel	(*Type).AsMappedType	checker/checker.go:21017
T-MAPPED	(*Checker).resolveMappedTypeMembers	T-MAPPED	(*Checker).getNameTypeFromMappedType	checker/checker.go:21018
T-MAPPED	(*Checker).resolveMappedTypeMembers	K-KEYOF	(*Checker).getMappedTypeNameTypeKind	checker/checker.go:21019
T-MAPPED	(*Checker).resolveMappedTypeMembers	T-MAPPED	(*Checker).getTemplateTypeFromMappedType	checker/checker.go:21020
T-MAPPED	(*Checker).resolveMappedTypeMembers	T-APPARENT	(*Checker).getApparentType	checker/checker.go:21021
T-MAPPED	(*Checker).resolveMappedTypeMembers	T-MAPPED	(*Checker).getModifiersTypeFromMappedType	checker/checker.go:21021
T-MAPPED	(*Checker).resolveMappedTypeMembers	T-MAPPED	getMappedTypeModifiers	checker/checker.go:21023
T-MAPPED	(*Checker).resolveMappedTypeMembers	PRE:util	isTypeUsableAsPropertyName	checker/checker.go:21028
T-MAPPED	(*Checker).resolveMappedTypeMembers	PRE:util	getPropertyNameFromType	checker/checker.go:21029
T-MAPPED	(*Checker).resolveMappedTypeMembers	?	(*symbolArenaLinkStore[ValueSymbolLinks]).Get	checker/checker.go:21034
T-MAPPED	(*Checker).resolveMappedTypeMembers	K-UNION	(*Checker).getUnionType	checker/checker.go:21035
T-MAPPED	(*Checker).resolveMappedTypeMembers	T-LOOKUP	(*Checker).getPropertyOfType	checker/checker.go:21041
T-MAPPED	(*Checker).resolveMappedTypeMembers	MID:expr	(*Checker).isReadonlySymbol	checker/checker.go:21044
T-MAPPED	(*Checker).resolveMappedTypeMembers	PRE:symbols	(*Checker).newSymbol	checker/checker.go:21050
T-MAPPED	(*Checker).resolveMappedTypeMembers	T-MEMBERS	(*Checker).isValidIndexKeyType	checker/checker.go:21065
T-MAPPED	(*Checker).resolveMappedTypeMembers	T-INSTANTIATE	(*Checker).instantiateType	checker/checker.go:21073
T-MAPPED	(*Checker).resolveMappedTypeMembers	PRE:datamodel	appendTypeMapping	checker/checker.go:21073
T-MAPPED	(*Checker).resolveMappedTypeMembers	T-LOOKUP	(*Checker).getApplicableIndexInfo	checker/checker.go:21074
T-MAPPED	(*Checker).resolveMappedTypeMembers	PRE:objects	(*Checker).newIndexInfo	checker/checker.go:21076
T-MAPPED	(*Checker).resolveMappedTypeMembers	T-UIMEMBERS	(*Checker).appendIndexInfo	checker/checker.go:21077
T-MAPPED	(*Checker).resolveMappedTypeMembers	K-PRED	forEachType	checker/checker.go:21085
T-MAPPED	(*Checker).resolveMappedTypeMembers	T-MAPPED	(*Checker).isMappedTypeWithKeyofConstraintDeclaration	checker/checker.go:21089
T-MAPPED	(*Checker).resolveMappedTypeMembers	T-MAPPED	(*Checker).forEachMappedTypePropertyKeyTypeAndIndexSignatureKeyType	checker/checker.go:21091
T-MAPPED	(*Checker).resolveMappedTypeMembers	T-MAPPED	(*Checker).getLowerBoundOfKeyType	checker/checker.go:21093
T-MAPPED	(*Checker).getTypeOfMappedSymbol	?	(*symbolArenaLinkStore[ValueSymbolLinks]).Get	checker/checker.go:21099
T-MAPPED	(*Checker).getTypeOfMappedSymbol	PRE:resolution	(*Checker).pushTypeResolution	checker/checker.go:21102
T-MAPPED	(*Checker).getTypeOfMappedSymbol	PRE:datamodel	(*Type).AsMappedType	checker/checker.go:21103
T-MAPPED	(*Checker).getTypeOfMappedSymbol	T-MAPPED	(*Checker).getTemplateTypeFromMappedType	checker/checker.go:21106
T-MAPPED	(*Checker).getTypeOfMappedSymbol	PRE:datamodel	appendTypeMapping	checker/checker.go:21107
T-MAPPED	(*Checker).getTypeOfMappedSymbol	T-MAPPED	(*Checker).getTypeParameterFromMappedType	checker/checker.go:21107
T-MAPPED	(*Checker).getTypeOfMappedSymbol	T-INSTANTIATE	(*Checker).instantiateType	checker/checker.go:21108
T-MAPPED	(*Checker).getTypeOfMappedSymbol	K-PRED	(*Checker).maybeTypeOfKind	checker/checker.go:21113
T-MAPPED	(*Checker).getTypeOfMappedSymbol	T-SYMTYPE	(*Checker).getOptionalType	checker/checker.go:21114
T-MAPPED	(*Checker).getTypeOfMappedSymbol	T-SYMTYPE	(*Checker).removeMissingOrUndefinedType	checker/checker.go:21116
T-MAPPED	(*Checker).getTypeOfMappedSymbol	PRE:resolution	(*Checker).popTypeResolution	checker/checker.go:21118
T-MAPPED	(*Checker).getTypeOfMappedSymbol	PRE:symbols	(*Checker).error	checker/checker.go:21126
T-MAPPED	(*Checker).getTypeOfMappedSymbol	MID:printer	(*Checker).symbolToString	checker/checker.go:21126
T-MAPPED	(*Checker).getTypeOfMappedSymbol	MID:printer	(*Checker).TypeToString	checker/checker.go:21126
T-MAPPED	(*Checker).getLowerBoundOfKeyType	T-APPARENT	(*Checker).getApparentType	checker/checker.go:21138
T-MAPPED	(*Checker).getLowerBoundOfKeyType	PRE:datamodel	(*Type).AsIndexType	checker/checker.go:21138
T-MAPPED	(*Checker).getLowerBoundOfKeyType	K-GENERIC	(*Checker).isGenericTupleType	checker/checker.go:21139
T-MAPPED	(*Checker).getLowerBoundOfKeyType	T-TUPLE	(*Checker).getKnownKeysOfTupleType	checker/checker.go:21140
T-MAPPED	(*Checker).getLowerBoundOfKeyType	K-KEYOF	(*Checker).getIndexType	checker/checker.go:21142
T-MAPPED	(*Checker).getLowerBoundOfKeyType	PRE:datamodel	(*Type).AsConditionalType	checker/checker.go:21144
T-MAPPED	(*Checker).getLowerBoundOfKeyType	T-MAPPED	(*Checker).getLowerBoundOfKeyType	checker/checker.go:21146
T-MAPPED	(*Checker).getLowerBoundOfKeyType	K-COND	(*Checker).getConditionalTypeInstantiation	checker/checker.go:21148
T-MAPPED	(*Checker).getLowerBoundOfKeyType	PRE:datamodel	prependTypeMapping	checker/checker.go:21148
T-MAPPED	(*Checker).getLowerBoundOfKeyType	K-UNION	(*Checker).mapTypeEx	checker/checker.go:21153
T-MAPPED	(*Checker).getLowerBoundOfKeyType	PRE:datamodel	(*Type).Types	checker/checker.go:21157
T-MAPPED	(*Checker).getLowerBoundOfKeyType	K-INTERSECT	(*Checker).getIntersectionType	checker/checker.go:21161
T-UIMEMBERS	(*Checker).resolveUnionTypeMembers	T-UIMEMBERS	(*Checker).getUnionSignatures	checker/checker.go:21169
T-UIMEMBERS	(*Checker).resolveUnionTypeMembers	PRE:datamodel	(*Type).Types	checker/checker.go:21169
T-UIMEMBERS	(*Checker).resolveUnionTypeMembers	T-LOOKUP	(*Checker).getSignaturesOfType	checker/checker.go:21173
T-UIMEMBERS	(*Checker).resolveUnionTypeMembers	T-UIMEMBERS	(*Checker).getArrayMemberCallSignatures	checker/checker.go:21176
T-UIMEMBERS	(*Checker).resolveUnionTypeMembers	MID:expr	(*Checker).getUnionIndexInfos	checker/checker.go:21181
T-UIMEMBERS	(*Checker).resolveUnionTypeMembers	PRE:objects	(*Checker).setStructuredTypeMembers	checker/checker.go:21182
T-UIMEMBERS	(*Checker).getArrayMemberCallSignatures	PRE:datamodel	(*Type).Types	checker/checker.go:21188
T-UIMEMBERS	(*Checker).getArrayMemberCallSignatures	T-UIMEMBERS	(*Checker).isArrayOrTupleSymbol	checker/checker.go:21189
T-UIMEMBERS	(*Checker).getArrayMemberCallSignatures	K-UNION	(*Checker).mapType	checker/checker.go:21199
T-UIMEMBERS	(*Checker).getArrayMemberCallSignatures	PRE:datamodel	(*Type).Mapper	checker/checker.go:21200
T-UIMEMBERS	(*Checker).getArrayMemberCallSignatures	PRE:datamodel	(*TypeMapper).Map	checker/checker.go:21200
T-UIMEMBERS	(*Checker).getArrayMemberCallSignatures	T-UIMEMBERS	(*Checker).isReadonlyArraySymbol	checker/checker.go:21200
T-UIMEMBERS	(*Checker).getArrayMemberCallSignatures	PRE:datamodel	(*Type).AsInterfaceType	checker/checker.go:21200
T-UIMEMBERS	(*Checker).getArrayMemberCallSignatures	PRE:datamodel	(*InterfaceType).TypeParameters	checker/checker.go:21200
T-UIMEMBERS	(*Checker).getArrayMemberCallSignatures	T-TUPLE	(*Checker).createArrayTypeEx	checker/checker.go:21202
T-UIMEMBERS	(*Checker).getArrayMemberCallSignatures	K-PRED	someType	checker/checker.go:21202
T-UIMEMBERS	(*Checker).getArrayMemberCallSignatures	T-LOOKUP	(*Checker).getSignaturesOfType	checker/checker.go:21205
T-UIMEMBERS	(*Checker).getArrayMemberCallSignatures	T-LOOKUP	(*Checker).getTypeOfPropertyOfType	checker/checker.go:21205
T-UIMEMBERS	(*Checker).isArrayOrTupleSymbol	PRE:symbols	(*Checker).getSymbolIfSameReference	checker/checker.go:21212
T-UIMEMBERS	(*Checker).isReadonlyArraySymbol	PRE:symbols	(*Checker).getSymbolIfSameReference	checker/checker.go:21219
T-UIMEMBERS	(*Checker).getUnionSignatures	MID:relations	(*Checker).findMatchingSignature	checker/checker.go:21240
T-UIMEMBERS	(*Checker).getUnionSignatures	MID:relations	(*Checker).findMatchingSignatures	checker/checker.go:21241
T-UIMEMBERS	(*Checker).getUnionSignatures	K-INTERSECT	(*Checker).getIntersectionType	checker/checker.go:21251
T-UIMEMBERS	(*Checker).getUnionSignatures	T-SYMTYPE	(*Checker).getTypeOfSymbol	checker/checker.go:21253
T-UIMEMBERS	(*Checker).getUnionSignatures	T-LOOKUP	(*Checker).createSymbolWithType	checker/checker.go:21257
T-UIMEMBERS	(*Checker).getUnionSignatures	MID:expr	(*Checker).createUnionSignature	checker/checker.go:21259
T-UIMEMBERS	(*Checker).getUnionSignatures	MID:relations	(*Checker).compareTypeParametersIdentical	checker/checker.go:21279
T-UIMEMBERS	(*Checker).getUnionSignatures	T-UIMEMBERS	(*Checker).combineUnionOrIntersectionMemberSignatures	checker/checker.go:21284
T-UIMEMBERS	(*Checker).combineUnionOrIntersectionMemberSignatures	PRE:datamodel	newTypeMapper	checker/checker.go:21305
T-UIMEMBERS	(*Checker).combineUnionOrIntersectionMemberSignatures	T-UIMEMBERS	(*Checker).combineUnionOrIntersectionParameters	checker/checker.go:21309
T-UIMEMBERS	(*Checker).combineUnionOrIntersectionMemberSignatures	T-UIMEMBERS	(*Checker).combineUnionOrIntersectionThisParam	checker/checker.go:21314
T-UIMEMBERS	(*Checker).combineUnionOrIntersectionMemberSignatures	PRE:objects	(*Checker).newSignature	checker/checker.go:21316
T-UIMEMBERS	(*Checker).combineUnionOrIntersectionMemberSignatures	PRE:datamodel	(*Checker).combineTypeMappers	checker/checker.go:21326
T-UIMEMBERS	(*Checker).combineUnionOrIntersectionParameters	T-SIGSHAPE	(*Checker).getParameterCount	checker/checker.go:21337
T-UIMEMBERS	(*Checker).combineUnionOrIntersectionParameters	T-SIGSHAPE	(*Checker).hasEffectiveRestParameter	checker/checker.go:21346
T-UIMEMBERS	(*Checker).combineUnionOrIntersectionParameters	T-SIGSHAPE	(*Checker).tryGetTypeAtPosition	checker/checker.go:21350
T-UIMEMBERS	(*Checker).combineUnionOrIntersectionParameters	T-INSTANTIATE	(*Checker).instantiateType	checker/checker.go:21352
T-UIMEMBERS	(*Checker).combineUnionOrIntersectionParameters	K-UNION	(*Checker).getUnionOrIntersectionType	checker/checker.go:21358
T-UIMEMBERS	(*Checker).combineUnionOrIntersectionParameters	T-SIGSHAPE	(*Checker).getMinArgumentCount	checker/checker.go:21360
T-UIMEMBERS	(*Checker).combineUnionOrIntersectionParameters	T-SIGSHAPE	(*Checker).getParameterNameAtPosition	checker/checker.go:21363
T-UIMEMBERS	(*Checker).combineUnionOrIntersectionParameters	PRE:symbols	(*Checker).newSymbolEx	checker/checker.go:21380
T-UIMEMBERS	(*Checker).combineUnionOrIntersectionParameters	?	(*symbolArenaLinkStore[ValueSymbolLinks]).Get	checker/checker.go:21382
T-UIMEMBERS	(*Checker).combineUnionOrIntersectionParameters	T-TUPLE	(*Checker).createArrayType	checker/checker.go:21384
T-UIMEMBERS	(*Checker).combineUnionOrIntersectionParameters	T-SIGSHAPE	(*Checker).getTypeAtPosition	checker/checker.go:21393
T-UIMEMBERS	(*Checker).combineUnionOrIntersectionThisParam	K-UNION	(*Checker).getUnionOrIntersectionType	checker/checker.go:21412
T-UIMEMBERS	(*Checker).combineUnionOrIntersectionThisParam	T-SYMTYPE	(*Checker).getTypeOfSymbol	checker/checker.go:21412
T-UIMEMBERS	(*Checker).combineUnionOrIntersectionThisParam	T-INSTANTIATE	(*Checker).instantiateType	checker/checker.go:21412
T-UIMEMBERS	(*Checker).combineUnionOrIntersectionThisParam	T-LOOKUP	(*Checker).createSymbolWithType	checker/checker.go:21413
T-UIMEMBERS	(*Checker).resolveIntersectionTypeMembers	PRE:datamodel	(*Type).Types	checker/checker.go:21422
T-UIMEMBERS	(*Checker).resolveIntersectionTypeMembers	T-UIMEMBERS	(*Checker).findMixins	checker/checker.go:21423
T-UIMEMBERS	(*Checker).resolveIntersectionTypeMembers	T-LOOKUP	(*Checker).getSignaturesOfType	checker/checker.go:21431
T-UIMEMBERS	(*Checker).resolveIntersectionTypeMembers	T-SIGINST	(*Checker).cloneSignature	checker/checker.go:21434
T-UIMEMBERS	(*Checker).resolveIntersectionTypeMembers	T-UIMEMBERS	(*Checker).includeMixinType	checker/checker.go:21435
T-UIMEMBERS	(*Checker).resolveIntersectionTypeMembers	T-SIGSHAPE	(*Checker).getReturnTypeOfSignature	checker/checker.go:21435
T-UIMEMBERS	(*Checker).resolveIntersectionTypeMembers	T-UIMEMBERS	(*Checker).appendSignatures	checker/checker.go:21439
T-UIMEMBERS	(*Checker).resolveIntersectionTypeMembers	T-LOOKUP	(*Checker).getIndexInfosOfType	checker/checker.go:21442
T-UIMEMBERS	(*Checker).resolveIntersectionTypeMembers	T-UIMEMBERS	(*Checker).appendIndexInfo	checker/checker.go:21443
T-UIMEMBERS	(*Checker).resolveIntersectionTypeMembers	PRE:objects	(*Checker).setStructuredTypeMembers	checker/checker.go:21446
T-UIMEMBERS	(*Checker).appendSignatures	MID:relations	(*Checker).compareSignaturesIdentical	checker/checker.go:21452
T-UIMEMBERS	(*Checker).appendSignatures	MID:relations	(*Checker).compareTypesIdentical	checker/checker.go:21452
T-UIMEMBERS	(*Checker).appendIndexInfo	K-UNION	(*Checker).getUnionType	checker/checker.go:21466
T-UIMEMBERS	(*Checker).appendIndexInfo	K-INTERSECT	(*Checker).getIntersectionType	checker/checker.go:21469
T-UIMEMBERS	(*Checker).appendIndexInfo	PRE:objects	(*Checker).newIndexInfo	checker/checker.go:21472
T-UIMEMBERS	(*Checker).findMixins	T-BASE	(*Checker).isMixinConstructorType	checker/checker.go:21480
T-UIMEMBERS	(*Checker).findMixins	T-LOOKUP	(*Checker).getSignaturesOfType	checker/checker.go:21484
T-UIMEMBERS	(*Checker).includeMixinType	T-SIGSHAPE	(*Checker).getReturnTypeOfSignature	checker/checker.go:21507
T-UIMEMBERS	(*Checker).includeMixinType	T-LOOKUP	(*Checker).getSignaturesOfType	checker/checker.go:21507
T-UIMEMBERS	(*Checker).includeMixinType	K-INTERSECT	(*Checker).getIntersectionType	checker/checker.go:21510
T-LOOKUP	(*Checker).getPropertyOfObjectType	T-MEMBERS	(*Checker).resolveStructuredTypeMembers	checker/checker.go:21519
T-LOOKUP	(*Checker).getPropertyOfObjectType	T-LOOKUP	(*Checker).symbolIsValue	checker/checker.go:21521
T-LOOKUP	(*Checker).getPropertyOfUnionOrIntersectionType	T-LOOKUP	(*Checker).getUnionOrIntersectionProperty	checker/checker.go:21529
T-LOOKUP	(*Checker).getUnionOrIntersectionProperty	PRE:datamodel	(*Type).AsUnionOrIntersectionType	checker/checker.go:21545
T-LOOKUP	(*Checker).getUnionOrIntersectionProperty	T-LOOKUP	(*Checker).createUnionOrIntersectionProperty	checker/checker.go:21552
T-LOOKUP	(*Checker).createUnionOrIntersectionProperty	PRE:datamodel	(*Type).Types	checker/checker.go:21581
T-LOOKUP	(*Checker).createUnionOrIntersectionProperty	T-APPARENT	(*Checker).getApparentType	checker/checker.go:21582
T-LOOKUP	(*Checker).createUnionOrIntersectionProperty	K-PRED	(*Checker).isErrorType	checker/checker.go:21583
T-LOOKUP	(*Checker).createUnionOrIntersectionProperty	T-LOOKUP	(*Checker).getPropertyOfTypeEx	checker/checker.go:21584
T-LOOKUP	(*Checker).createUnionOrIntersectionProperty	PRE:util	getDeclarationModifierFlagsFromSymbol	checker/checker.go:21587
T-LOOKUP	(*Checker).createUnionOrIntersectionProperty	T-LOOKUP	(*Checker).getTargetSymbol	checker/checker.go:21599
T-LOOKUP	(*Checker).createUnionOrIntersectionProperty	T-LOOKUP	(*Checker).compareProperties	checker/checker.go:21603
T-LOOKUP	(*Checker).createUnionOrIntersectionProperty	T-LOOKUP	compareTypesEqual	checker/checker.go:21603
T-LOOKUP	(*Checker).createUnionOrIntersectionProperty	T-DECLARED	(*Checker).getLocalTypeParametersOfClassOrInterfaceOrTypeAlias	checker/checker.go:21607
T-LOOKUP	(*Checker).createUnionOrIntersectionProperty	MID:expr	(*Checker).isReadonlySymbol	checker/checker.go:21622
T-LOOKUP	(*Checker).createUnionOrIntersectionProperty	T-LOOKUP	isPrototypeProperty	checker/checker.go:21639
T-LOOKUP	(*Checker).createUnionOrIntersectionProperty	PRE:util	isLateBoundName	checker/checker.go:21644
T-LOOKUP	(*Checker).createUnionOrIntersectionProperty	T-LOOKUP	(*Checker).getApplicableIndexInfoForName	checker/checker.go:21645
T-LOOKUP	(*Checker).createUnionOrIntersectionProperty	T-TUPLE	isTupleType	checker/checker.go:21650
T-LOOKUP	(*Checker).createUnionOrIntersectionProperty	T-TUPLE	(*Checker).getRestTypeOfTupleType	checker/checker.go:21651
T-LOOKUP	(*Checker).createUnionOrIntersectionProperty	PRE:util	isObjectLiteralType	checker/checker.go:21659
T-LOOKUP	(*Checker).createUnionOrIntersectionProperty	T-LOOKUP	(*Checker).hasCommonDeclaration	checker/checker.go:21671
T-LOOKUP	(*Checker).createUnionOrIntersectionProperty	?	(*symbolArenaLinkStore[ValueSymbolLinks]).Get	checker/checker.go:21686
T-LOOKUP	(*Checker).createUnionOrIntersectionProperty	T-LOOKUP	(*Checker).createSymbolWithType	checker/checker.go:21690
T-LOOKUP	(*Checker).createUnionOrIntersectionProperty	T-SYMTYPE	(*Checker).getWriteTypeOfSymbol	checker/checker.go:21697
T-LOOKUP	(*Checker).createUnionOrIntersectionProperty	T-SYMTYPE	(*Checker).getTypeOfSymbol	checker/checker.go:21717
T-LOOKUP	(*Checker).createUnionOrIntersectionProperty	K-LIT	isLiteralType	checker/checker.go:21732
T-LOOKUP	(*Checker).createUnionOrIntersectionProperty	K-PRED	(*Checker).isPatternLiteralType	checker/checker.go:21732
T-LOOKUP	(*Checker).createUnionOrIntersectionProperty	PRE:symbols	(*Checker).newSymbolEx	checker/checker.go:21741
T-LOOKUP	(*Checker).createUnionOrIntersectionProperty	K-UNION	(*Checker).getUnionType	checker/checker.go:21761
T-LOOKUP	(*Checker).createUnionOrIntersectionProperty	K-INTERSECT	(*Checker).getIntersectionType	checker/checker.go:21763
T-LOOKUP	(*Checker).getTargetSymbol	?	(*symbolArenaLinkStore[ValueSymbolLinks]).Get	checker/checker.go:21780
T-LOOKUP	(*Checker).createSymbolWithType	PRE:symbols	(*Checker).newSymbolEx	checker/checker.go:21818
T-LOOKUP	(*Checker).createSymbolWithType	?	(*symbolArenaLinkStore[ValueSymbolLinks]).Get	checker/checker.go:21822
T-APPARENT	(*Checker).isMappedTypeGenericIndexedAccess	PRE:datamodel	(*Type).AsIndexedAccessType	checker/checker.go:21831
T-APPARENT	(*Checker).isMappedTypeGenericIndexedAccess	K-GENERIC	(*Checker).isGenericMappedType	checker/checker.go:21832
T-APPARENT	(*Checker).isMappedTypeGenericIndexedAccess	K-GENERIC	(*Checker).isGenericIndexType	checker/checker.go:21832
T-APPARENT	(*Checker).isMappedTypeGenericIndexedAccess	T-MAPPED	getMappedTypeModifiers	checker/checker.go:21833
T-APPARENT	(*Checker).isMappedTypeGenericIndexedAccess	PRE:datamodel	(*Type).AsMappedType	checker/checker.go:21833
T-APPARENT	(*Checker).getApparentType	T-CONSTRAINT	(*Checker).getBaseConstraintOfType	checker/checker.go:21846
T-APPARENT	(*Checker).getApparentType	T-APPARENT	(*Checker).getApparentTypeOfMappedType	checker/checker.go:21853
T-APPARENT	(*Checker).getApparentType	T-MEMBERS	(*Checker).getTypeWithThisArgument	checker/checker.go:21855
T-APPARENT	(*Checker).getApparentType	T-APPARENT	(*Checker).getApparentTypeOfIntersectionType	checker/checker.go:21857
T-APPARENT	(*Checker).getApparentTypeOfMappedType	PRE:datamodel	(*Type).AsMappedType	checker/checker.go:21879
T-APPARENT	(*Checker).getApparentTypeOfMappedType	T-APPARENT	(*Checker).getResolvedApparentTypeOfMappedType	checker/checker.go:21881
T-APPARENT	(*Checker).getResolvedApparentTypeOfMappedType	PRE:datamodel	(*Type).AsMappedType	checker/checker.go:21887
T-APPARENT	(*Checker).getResolvedApparentTypeOfMappedType	T-INSTANTIATE	(*Checker).getHomomorphicTypeVariable	checker/checker.go:21888
T-APPARENT	(*Checker).getResolvedApparentTypeOfMappedType	T-MAPPED	(*Checker).getModifiersTypeFromMappedType	checker/checker.go:21896
T-APPARENT	(*Checker).getResolvedApparentTypeOfMappedType	K-GENERIC	(*Checker).isGenericMappedType	checker/checker.go:21898
T-APPARENT	(*Checker).getResolvedApparentTypeOfMappedType	T-APPARENT	(*Checker).getApparentTypeOfMappedType	checker/checker.go:21899
T-APPARENT	(*Checker).getResolvedApparentTypeOfMappedType	T-CONSTRAINT	(*Checker).getBaseConstraintOfType	checker/checker.go:21901
T-APPARENT	(*Checker).getResolvedApparentTypeOfMappedType	K-PRED	everyType	checker/checker.go:21903
T-APPARENT	(*Checker).getResolvedApparentTypeOfMappedType	T-TUPLE	(*Checker).isArrayOrTupleType	checker/checker.go:21903
T-APPARENT	(*Checker).getResolvedApparentTypeOfMappedType	T-TUPLE	(*Checker).isArrayOrTupleOrIntersection	checker/checker.go:21903
T-APPARENT	(*Checker).getResolvedApparentTypeOfMappedType	T-INSTANTIATE	(*Checker).instantiateType	checker/checker.go:21904
T-APPARENT	(*Checker).getResolvedApparentTypeOfMappedType	PRE:datamodel	prependTypeMapping	checker/checker.go:21904
T-APPARENT	(*Checker).getApparentTypeOfIntersectionType	PRE:datamodel	(*Type).AsIntersectionType	checker/checker.go:21912
T-APPARENT	(*Checker).getApparentTypeOfIntersectionType	T-MEMBERS	(*Checker).getTypeWithThisArgument	checker/checker.go:21914
T-APPARENT	(*Checker).getReducedType	PRE:datamodel	(*Type).AsUnionType	checker/checker.go:21937
T-APPARENT	(*Checker).getReducedType	T-APPARENT	(*Checker).getReducedUnionType	checker/checker.go:21940
T-APPARENT	(*Checker).getReducedType	T-LOOKUP	(*Checker).getPropertiesOfUnionOrIntersectionType	checker/checker.go:21947
T-APPARENT	(*Checker).getReducedType	T-APPARENT	(*Checker).isNeverReducedProperty	checker/checker.go:21947
T-APPARENT	(*Checker).getReducedUnionType	PRE:datamodel	(*Type).Types	checker/checker.go:21959
T-APPARENT	(*Checker).getReducedUnionType	T-APPARENT	(*Checker).getReducedType	checker/checker.go:21959
T-APPARENT	(*Checker).getReducedUnionType	K-UNION	(*Checker).getUnionType	checker/checker.go:21963
T-APPARENT	(*Checker).getReducedUnionType	PRE:datamodel	(*Type).AsUnionType	checker/checker.go:21965
T-APPARENT	(*Checker).isNeverReducedProperty	T-APPARENT	(*Checker).isDiscriminantWithNeverType	checker/checker.go:21971
T-APPARENT	(*Checker).isNeverReducedProperty	T-APPARENT	isConflictingPrivateProperty	checker/checker.go:21971
T-APPARENT	(*Checker).getReducedApparentType	T-APPARENT	(*Checker).getReducedType	checker/checker.go:21979
T-APPARENT	(*Checker).getReducedApparentType	T-APPARENT	(*Checker).getApparentType	checker/checker.go:21979
T-APPARENT	(*Checker).elaborateNeverIntersection	T-LOOKUP	(*Checker).getPropertiesOfUnionOrIntersectionType	checker/checker.go:21984
T-APPARENT	(*Checker).elaborateNeverIntersection	T-APPARENT	(*Checker).isDiscriminantWithNeverType	checker/checker.go:21984
T-APPARENT	(*Checker).elaborateNeverIntersection	PRE:util	NewDiagnosticChainForNode	checker/checker.go:21986
T-APPARENT	(*Checker).elaborateNeverIntersection	MID:printer	(*Checker).typeToStringEx	checker/checker.go:21986
T-APPARENT	(*Checker).elaborateNeverIntersection	MID:printer	(*Checker).symbolToString	checker/checker.go:21986
T-APPARENT	(*Checker).elaborateNeverIntersection	T-APPARENT	isConflictingPrivateProperty	checker/checker.go:21988
T-APPARENT	(*Checker).isDiscriminantWithNeverType	T-SYMTYPE	(*Checker).getTypeOfSymbol	checker/checker.go:21999
T-TYPENODE	(*Checker).getTypeArguments	PRE:datamodel	(*Type).AsTypeReference	checker/checker.go:22008
T-TYPENODE	(*Checker).getTypeArguments	PRE:datamodel	(*Type).AsInterfaceType	checker/checker.go:22010
T-TYPENODE	(*Checker).getTypeArguments	PRE:resolution	(*Checker).pushTypeResolution	checker/checker.go:22011
T-TYPENODE	(*Checker).getTypeArguments	PRE:datamodel	(*InterfaceType).TypeParameters	checker/checker.go:22012
T-TYPENODE	(*Checker).getTypeArguments	PRE:datamodel	(*InterfaceType).OuterTypeParameters	checker/checker.go:22019
T-TYPENODE	(*Checker).getTypeArguments	T-TYPENODE	(*Checker).getEffectiveTypeArguments	checker/checker.go:22019
T-TYPENODE	(*Checker).getTypeArguments	PRE:datamodel	(*InterfaceType).LocalTypeParameters	checker/checker.go:22019
T-TYPENODE	(*Checker).getTypeArguments	T-TYPENODE	(*Checker).getTypeFromTypeNode	checker/checker.go:22021
T-TYPENODE	(*Checker).getTypeArguments	PRE:resolution	(*Checker).popTypeResolution	checker/checker.go:22028
T-TYPENODE	(*Checker).getTypeArguments	T-INSTANTIATE	(*Checker).instantiateTypes	checker/checker.go:22030
T-TYPENODE	(*Checker).getTypeArguments	PRE:symbols	(*Checker).error	checker/checker.go:22038
T-TYPENODE	(*Checker).getTypeArguments	MID:printer	(*Checker).symbolToString	checker/checker.go:22038
T-TYPENODE	(*Checker).getEffectiveTypeArguments	T-CONSTRAINT	(*Checker).fillMissingTypeArguments	checker/checker.go:22048
T-TYPENODE	(*Checker).getEffectiveTypeArguments	T-TYPENODE	(*Checker).getTypeFromTypeNode	checker/checker.go:22048
T-TYPENODE	(*Checker).getEffectiveTypeArguments	T-CONSTRAINT	(*Checker).getMinTypeArgumentCount	checker/checker.go:22048
T-CONSTRAINT	(*Checker).getMinTypeArgumentCount	T-CONSTRAINT	(*Checker).hasTypeParameterDefault	checker/checker.go:22055
T-CONSTRAINT	(*Checker).fillMissingTypeArguments	T-CONSTRAINT	(*Checker).getDefaultTypeArgumentType	checker/checker.go:22081
T-CONSTRAINT	(*Checker).fillMissingTypeArguments	T-CONSTRAINT	(*Checker).getDefaultFromTypeParameter	checker/checker.go:22083
T-CONSTRAINT	(*Checker).fillMissingTypeArguments	MID:relations	(*Checker).isTypeIdenticalTo	checker/checker.go:22085
T-CONSTRAINT	(*Checker).fillMissingTypeArguments	T-INSTANTIATE	(*Checker).instantiateType	checker/checker.go:22090
T-CONSTRAINT	(*Checker).fillMissingTypeArguments	PRE:datamodel	newTypeMapper	checker/checker.go:22090
T-CONSTRAINT	(*Checker).getDefaultFromTypeParameter	T-CONSTRAINT	(*Checker).getResolvedTypeParameterDefault	checker/checker.go:22114
T-CONSTRAINT	(*Checker).getResolvedTypeParameterDefault	PRE:datamodel	(*Type).AsTypeParameter	checker/checker.go:22122
T-CONSTRAINT	(*Checker).getResolvedTypeParameterDefault	T-CONSTRAINT	(*Checker).getResolvedTypeParameterDefault	checker/checker.go:22125
T-CONSTRAINT	(*Checker).getResolvedTypeParameterDefault	T-INSTANTIATE	(*Checker).instantiateType	checker/checker.go:22127
T-CONSTRAINT	(*Checker).getResolvedTypeParameterDefault	T-TYPENODE	(*Checker).getTypeFromTypeNode	checker/checker.go:22143
T-CONSTRAINT	(*Checker).getDefaultOrUnknownFromTypeParameter	T-CONSTRAINT	(*Checker).getDefaultFromTypeParameter	checker/checker.go:22159
T-LOOKUP	(*Checker).getNamedMembers	T-LOOKUP	(*Checker).isNamedMember	checker/checker.go:22174
T-LOOKUP	(*Checker).getNamedMembers	T-LOOKUP	(*Checker).isDeclarationContainedBy	checker/checker.go:22174
T-LOOKUP	(*Checker).getNamedMembers	PRE:util	(*Checker).sortSymbols	checker/checker.go:22185
T-LOOKUP	(*Checker).isNamedMember	PRE:util	isReservedMemberName	checker/checker.go:22202
T-LOOKUP	(*Checker).isNamedMember	T-LOOKUP	(*Checker).symbolIsValue	checker/checker.go:22202
T-LOOKUP	(*Checker).symbolIsValue	T-LOOKUP	(*Checker).symbolIsValueEx	checker/checker.go:22206
T-LOOKUP	(*Checker).symbolIsValueEx	PRE:symbols	(*Checker).getSymbolFlagsEx	checker/checker.go:22211
T-INSTANTIATE	(*Checker).instantiateType	T-INSTANTIATE	(*Checker).instantiateTypeWithAlias	checker/checker.go:22215
T-INSTANTIATE	(*Checker).instantiateTypeWithAlias	PRE:tracer	(*Tracer).Instant	checker/checker.go:22230
T-INSTANTIATE	(*Checker).instantiateTypeWithAlias	PRE:symbols	(*Checker).error	checker/checker.go:22232
T-INSTANTIATE	(*Checker).instantiateTypeWithAlias	T-INSTANTIATE	(*Checker).findActiveMapper	checker/checker.go:22235
T-INSTANTIATE	(*Checker).instantiateTypeWithAlias	T-INSTANTIATE	(*Checker).pushActiveMapper	checker/checker.go:22237
T-INSTANTIATE	(*Checker).instantiateTypeWithAlias	PRE:keys	(*keyBuilder).writeType	checker/checker.go:22240
T-INSTANTIATE	(*Checker).instantiateTypeWithAlias	PRE:keys	(*keyBuilder).writeAlias	checker/checker.go:22241
T-INSTANTIATE	(*Checker).instantiateTypeWithAlias	PRE:keys	(*keyBuilder).hash	checker/checker.go:22242
T-INSTANTIATE	(*Checker).instantiateTypeWithAlias	T-INSTANTIATE	(*Checker).instantiateTypeWorker	checker/checker.go:22250
T-INSTANTIATE	(*Checker).instantiateTypeWithAlias	T-INSTANTIATE	(*Checker).popActiveMapper	checker/checker.go:22252
T-INSTANTIATE	(*Checker).couldContainTypeVariablesWorker	T-INSTANTIATE	(*Checker).isNonGenericTopLevelType	checker/checker.go:22307
T-INSTANTIATE	(*Checker).couldContainTypeVariablesWorker	PRE:datamodel	(*Type).AsTypeReference	checker/checker.go:22307
T-INSTANTIATE	(*Checker).couldContainTypeVariablesWorker	T-TYPENODE	(*Checker).getTypeArguments	checker/checker.go:22307
T-INSTANTIATE	(*Checker).couldContainTypeVariablesWorker	PRE:datamodel	(*Type).Types	checker/checker.go:22310
T-INSTANTIATE	(*Checker).instantiateTypeWorker	PRE:datamodel	(*TypeMapper).Map	checker/checker.go:22338
T-INSTANTIATE	(*Checker).instantiateTypeWorker	PRE:datamodel	(*Type).AsTypeReference	checker/checker.go:22342
T-INSTANTIATE	(*Checker).instantiateTypeWorker	T-INSTANTIATE	(*Checker).instantiateTypes	checker/checker.go:22344
T-INSTANTIATE	(*Checker).instantiateTypeWorker	T-TUPLE	(*Checker).createNormalizedTypeReference	checker/checker.go:22348
T-INSTANTIATE	(*Checker).instantiateTypeWorker	PRE:datamodel	(*Type).Target	checker/checker.go:22348
T-INSTANTIATE	(*Checker).instantiateTypeWorker	T-INSTANTIATE	(*Checker).instantiateReverseMappedType	checker/checker.go:22351
T-INSTANTIATE	(*Checker).instantiateTypeWorker	T-INSTANTIATE	(*Checker).getObjectTypeInstantiation	checker/checker.go:22353
T-INSTANTIATE	(*Checker).instantiateTypeWorker	PRE:datamodel	(*Type).AsUnionType	checker/checker.go:22359
T-INSTANTIATE	(*Checker).instantiateTypeWorker	PRE:datamodel	(*Type).Types	checker/checker.go:22364
T-INSTANTIATE	(*Checker).instantiateTypeWorker	PRE:datamodel	(*TypeAlias).Symbol	checker/checker.go:22366
T-INSTANTIATE	(*Checker).instantiateTypeWorker	T-INSTANTIATE	(*Checker).instantiateTypeAlias	checker/checker.go:22370
T-INSTANTIATE	(*Checker).instantiateTypeWorker	K-INTERSECT	(*Checker).getIntersectionTypeEx	checker/checker.go:22373
T-INSTANTIATE	(*Checker).instantiateTypeWorker	K-UNION	(*Checker).getUnionTypeEx	checker/checker.go:22375
T-INSTANTIATE	(*Checker).instantiateTypeWorker	K-KEYOF	(*Checker).getIndexType	checker/checker.go:22377
T-INSTANTIATE	(*Checker).instantiateTypeWorker	T-INSTANTIATE	(*Checker).instantiateType	checker/checker.go:22377
T-INSTANTIATE	(*Checker).instantiateTypeWorker	PRE:datamodel	(*Type).AsIndexedAccessType	checker/checker.go:22382
T-INSTANTIATE	(*Checker).instantiateTypeWorker	K-INDEXED	(*Checker).getIndexedAccessTypeEx	checker/checker.go:22383
T-INSTANTIATE	(*Checker).instantiateTypeWorker	K-TEMPLATE	(*Checker).getTemplateLiteralType	checker/checker.go:22385
T-INSTANTIATE	(*Checker).instantiateTypeWorker	PRE:datamodel	(*Type).AsTemplateLiteralType	checker/checker.go:22385
T-INSTANTIATE	(*Checker).instantiateTypeWorker	K-TEMPLATE	(*Checker).getStringMappingType	checker/checker.go:22387
T-INSTANTIATE	(*Checker).instantiateTypeWorker	PRE:datamodel	(*Type).AsStringMappingType	checker/checker.go:22387
T-INSTANTIATE	(*Checker).instantiateTypeWorker	K-COND	(*Checker).getConditionalTypeInstantiation	checker/checker.go:22389
T-INSTANTIATE	(*Checker).instantiateTypeWorker	PRE:datamodel	(*Checker).combineTypeMappers	checker/checker.go:22389
T-INSTANTIATE	(*Checker).instantiateTypeWorker	PRE:datamodel	(*Type).AsConditionalType	checker/checker.go:22389
T-INSTANTIATE	(*Checker).instantiateTypeWorker	PRE:datamodel	(*Type).AsSubstitutionType	checker/checker.go:22391
T-INSTANTIATE	(*Checker).instantiateTypeWorker	K-KEYOF	(*Checker).isNoInferType	checker/checker.go:22392
T-INSTANTIATE	(*Checker).instantiateTypeWorker	K-SUBST	(*Checker).getNoInferType	checker/checker.go:22393
T-INSTANTIATE	(*Checker).instantiateTypeWorker	K-GENERIC	(*Checker).isGenericType	checker/checker.go:22399
T-INSTANTIATE	(*Checker).instantiateTypeWorker	K-SUBST	(*Checker).getSubstitutionType	checker/checker.go:22400
T-INSTANTIATE	(*Checker).instantiateTypeWorker	MID:relations	(*Checker).isTypeAssignableTo	checker/checker.go:22402
T-INSTANTIATE	(*Checker).instantiateTypeWorker	K-COND	(*Checker).getRestrictiveInstantiation	checker/checker.go:22402
T-INSTANTIATE	(*Checker).instantiateTypeWorker	K-INTERSECT	(*Checker).getIntersectionType	checker/checker.go:22408
T-INSTANTIATE	(*Checker).getObjectTypeInstantiation	PRE:datamodel	(*Type).AsTypeReference	checker/checker.go:22424
T-INSTANTIATE	(*Checker).getObjectTypeInstantiation	PRE:datamodel	(*Type).AsInstantiationExpressionType	checker/checker.go:22426
T-INSTANTIATE	(*Checker).getObjectTypeInstantiation	PRE:datamodel	(*Type).Target	checker/checker.go:22435
T-INSTANTIATE	(*Checker).getObjectTypeInstantiation	T-DECLARED	(*Checker).getOuterTypeParameters	checker/checker.go:22445
T-INSTANTIATE	(*Checker).getObjectTypeInstantiation	PRE:datamodel	(*TypeAlias).TypeArguments	checker/checker.go:22446
T-INSTANTIATE	(*Checker).getObjectTypeInstantiation	T-INSTANTIATE	(*Checker).isTypeParameterPossiblyReferenced	checker/checker.go:22449
T-INSTANTIATE	(*Checker).getObjectTypeInstantiation	PRE:datamodel	(*Checker).mapTypeWithCompositeMapper	checker/checker.go:22472
T-INSTANTIATE	(*Checker).getObjectTypeInstantiation	PRE:datamodel	(*Type).Mapper	checker/checker.go:22472
T-INSTANTIATE	(*Checker).getObjectTypeInstantiation	T-INSTANTIATE	(*Checker).instantiateTypeAlias	checker/checker.go:22476
T-INSTANTIATE	(*Checker).getObjectTypeInstantiation	PRE:datamodel	(*Type).AsObjectType	checker/checker.go:22478
T-INSTANTIATE	(*Checker).getObjectTypeInstantiation	PRE:keys	getTypeInstantiationKey	checker/checker.go:22479
T-INSTANTIATE	(*Checker).getObjectTypeInstantiation	PRE:datamodel	newTypeMapper	checker/checker.go:22486
T-INSTANTIATE	(*Checker).getObjectTypeInstantiation	PRE:datamodel	(*Checker).combineTypeMappers	checker/checker.go:22488
T-INSTANTIATE	(*Checker).getObjectTypeInstantiation	PRE:objects	(*Checker).createDeferredTypeReference	checker/checker.go:22492
T-INSTANTIATE	(*Checker).getObjectTypeInstantiation	T-INSTANTIATE	(*Checker).instantiateMappedType	checker/checker.go:22494
T-INSTANTIATE	(*Checker).getObjectTypeInstantiation	T-INSTANTIATE	(*Checker).instantiateAnonymousType	checker/checker.go:22496
T-INSTANTIATE	(*Checker).isTypeParameterPossiblyReferenced	PRE:datamodel	(*Type).AsTypeParameter	checker/checker.go:22522
T-INSTANTIATE	(*Checker).isTypeParameterPossiblyReferenced	T-TYPENODE	(*Checker).getSymbolFromTypeReference	checker/checker.go:22525
T-INSTANTIATE	(*Checker).isTypeParameterPossiblyReferenced	PRE:symbols	(*Checker).getResolvedSymbol	checker/checker.go:22532
T-INSTANTIATE	(*Checker).isTypeParameterPossiblyReferenced	PRE:util	isNodeDescendantOf	checker/checker.go:22542
T-INSTANTIATE	(*Checker).instantiateAnonymousType	PRE:objects	(*Checker).newObjectType	checker/checker.go:22573
T-INSTANTIATE	(*Checker).instantiateAnonymousType	PRE:datamodel	(*Type).AsMappedType	checker/checker.go:22576
T-INSTANTIATE	(*Checker).instantiateAnonymousType	T-MAPPED	(*Checker).getTypeParameterFromMappedType	checker/checker.go:22578
T-INSTANTIATE	(*Checker).instantiateAnonymousType	T-INSTANTIATE	(*Checker).cloneTypeParameter	checker/checker.go:22579
T-INSTANTIATE	(*Checker).instantiateAnonymousType	PRE:datamodel	(*Checker).combineTypeMappers	checker/checker.go:22581
T-INSTANTIATE	(*Checker).instantiateAnonymousType	PRE:datamodel	newSimpleTypeMapper	checker/checker.go:22581
T-INSTANTIATE	(*Checker).instantiateAnonymousType	PRE:datamodel	(*Type).AsTypeParameter	checker/checker.go:22582
T-INSTANTIATE	(*Checker).instantiateAnonymousType	PRE:datamodel	(*Type).AsInstantiationExpressionType	checker/checker.go:22584
T-INSTANTIATE	(*Checker).instantiateAnonymousType	T-INSTANTIATE	(*Checker).instantiateTypeAlias	checker/checker.go:22587
T-INSTANTIATE	(*Checker).instantiateAnonymousType	PRE:objects	(*Checker).getPropagatingFlagsOfTypes	checker/checker.go:22591
T-INSTANTIATE	(*Checker).instantiateAnonymousType	PRE:datamodel	(*Type).AsObjectType	checker/checker.go:22593
K-COND	(*Checker).getConditionalTypeInstantiation	PRE:datamodel	(*Type).AsConditionalType	checker/checker.go:22600
K-COND	(*Checker).getConditionalTypeInstantiation	PRE:datamodel	(*TypeMapper).Map	checker/checker.go:22605
K-COND	(*Checker).getConditionalTypeInstantiation	PRE:keys	getConditionalTypeKey	checker/checker.go:22606
K-COND	(*Checker).getConditionalTypeInstantiation	PRE:datamodel	newTypeMapper	checker/checker.go:22609
K-COND	(*Checker).getConditionalTypeInstantiation	T-APPARENT	(*Checker).getReducedType	checker/checker.go:22613
K-COND	(*Checker).getConditionalTypeInstantiation	K-UNION	(*Checker).mapTypeWithAlias	checker/checker.go:22619
K-COND	(*Checker).getConditionalTypeInstantiation	K-COND	(*Checker).getConditionalType	checker/checker.go:22620
K-COND	(*Checker).getConditionalTypeInstantiation	PRE:datamodel	prependTypeMapping	checker/checker.go:22620
T-INSTANTIATE	(*Checker).cloneTypeParameter	PRE:objects	(*Checker).newTypeParameter	checker/checker.go:22633
T-INSTANTIATE	(*Checker).cloneTypeParameter	PRE:datamodel	(*Type).AsTypeParameter	checker/checker.go:22634
T-INSTANTIATE	(*Checker).getHomomorphicTypeVariable	T-MAPPED	(*Checker).getConstraintTypeFromMappedType	checker/checker.go:22639
T-INSTANTIATE	(*Checker).getHomomorphicTypeVariable	MID:flow	(*Checker).getActualTypeVariable	checker/checker.go:22641
T-INSTANTIATE	(*Checker).getHomomorphicTypeVariable	PRE:datamodel	(*Type).AsIndexType	checker/checker.go:22641
T-INSTANTIATE	(*Checker).instantiateMappedType	PRE:datamodel	(*Type).AsMappedType	checker/checker.go:22661
T-INSTANTIATE	(*Checker).instantiateMappedType	T-INSTANTIATE	(*Checker).getHomomorphicTypeVariable	checker/checker.go:22662
T-INSTANTIATE	(*Checker).instantiateMappedType	K-PRED	(*Checker).isErrorType	checker/checker.go:22665
T-INSTANTIATE	(*Checker).instantiateMappedType	T-TUPLE	(*Checker).isArrayType	checker/checker.go:22669
T-INSTANTIATE	(*Checker).instantiateMappedType	PRE:resolution	(*Checker).findResolutionCycleStartIndex	checker/checker.go:22669
T-INSTANTIATE	(*Checker).instantiateMappedType	T-INSTANTIATE	(*Checker).hasArrayOrTypeTypeConstraint	checker/checker.go:22669
T-INSTANTIATE	(*Checker).instantiateMappedType	T-INSTANTIATE	(*Checker).instantiateMappedArrayType	checker/checker.go:22670
T-INSTANTIATE	(*Checker).instantiateMappedType	PRE:datamodel	prependTypeMapping	checker/checker.go:22670
T-INSTANTIATE	(*Checker).instantiateMappedType	T-TUPLE	isTupleType	checker/checker.go:22672
T-INSTANTIATE	(*Checker).instantiateMappedType	T-INSTANTIATE	(*Checker).instantiateMappedTupleType	checker/checker.go:22673
T-INSTANTIATE	(*Checker).instantiateMappedType	T-TUPLE	(*Checker).isArrayOrTupleOrIntersection	checker/checker.go:22675
T-INSTANTIATE	(*Checker).instantiateMappedType	K-INTERSECT	(*Checker).getIntersectionType	checker/checker.go:22676
T-INSTANTIATE	(*Checker).instantiateMappedType	PRE:datamodel	(*Type).Types	checker/checker.go:22676
T-INSTANTIATE	(*Checker).instantiateMappedType	T-INSTANTIATE	(*Checker).instantiateAnonymousType	checker/checker.go:22679
T-INSTANTIATE	(*Checker).instantiateMappedType	T-INSTANTIATE	(*Checker).instantiateType	checker/checker.go:22682
T-INSTANTIATE	(*Checker).instantiateMappedType	K-UNION	(*Checker).mapTypeWithAlias	checker/checker.go:22684
T-INSTANTIATE	(*Checker).instantiateMappedType	T-APPARENT	(*Checker).getReducedType	checker/checker.go:22684
T-INSTANTIATE	(*Checker).instantiateMappedType	T-MAPPED	(*Checker).getConstraintTypeFromMappedType	checker/checker.go:22688
T-INSTANTIATE	(*Checker).hasArrayOrTypeTypeConstraint	T-CONSTRAINT	(*Checker).getConstraintOfTypeParameter	checker/checker.go:22695
T-INSTANTIATE	(*Checker).hasArrayOrTypeTypeConstraint	K-PRED	everyType	checker/checker.go:22696
T-INSTANTIATE	(*Checker).hasArrayOrTypeTypeConstraint	T-TUPLE	(*Checker).isArrayOrTupleType	checker/checker.go:22696
T-INSTANTIATE	(*Checker).instantiateMappedArrayType	T-INSTANTIATE	(*Checker).instantiateMappedTypeTemplate	checker/checker.go:22700
T-INSTANTIATE	(*Checker).instantiateMappedArrayType	K-PRED	(*Checker).isErrorType	checker/checker.go:22701
T-INSTANTIATE	(*Checker).instantiateMappedArrayType	T-TUPLE	(*Checker).createArrayTypeEx	checker/checker.go:22704
T-INSTANTIATE	(*Checker).instantiateMappedArrayType	T-MAPPED	getModifiedReadonlyState	checker/checker.go:22704
T-INSTANTIATE	(*Checker).instantiateMappedArrayType	T-TUPLE	(*Checker).isReadonlyArrayType	checker/checker.go:22704
T-INSTANTIATE	(*Checker).instantiateMappedArrayType	T-MAPPED	getMappedTypeModifiers	checker/checker.go:22704
T-INSTANTIATE	(*Checker).instantiateMappedTupleType	PRE:datamodel	(*Type).TargetTupleType	checker/checker.go:22717
T-INSTANTIATE	(*Checker).instantiateMappedTupleType	PRE:datamodel	prependTypeMapping	checker/checker.go:22721
T-INSTANTIATE	(*Checker).instantiateMappedTupleType	T-MAPPED	getMappedTypeModifiers	checker/checker.go:22723
T-INSTANTIATE	(*Checker).instantiateMappedTupleType	T-TUPLE	(*Checker).getElementTypes	checker/checker.go:22724
T-INSTANTIATE	(*Checker).instantiateMappedTupleType	T-INSTANTIATE	(*Checker).instantiateMappedTypeTemplate	checker/checker.go:22732
T-INSTANTIATE	(*Checker).instantiateMappedTupleType	K-LIT	(*Checker).getStringLiteralType	checker/checker.go:22732
T-INSTANTIATE	(*Checker).instantiateMappedTupleType	T-INSTANTIATE	(*Checker).instantiateType	checker/checker.go:22734
T-INSTANTIATE	(*Checker).instantiateMappedTupleType	T-TUPLE	(*Checker).getElementTypeOfArrayType	checker/checker.go:22736
T-INSTANTIATE	(*Checker).instantiateMappedTupleType	T-TUPLE	(*Checker).createArrayType	checker/checker.go:22736
T-INSTANTIATE	(*Checker).instantiateMappedTupleType	T-MAPPED	getModifiedReadonlyState	checker/checker.go:22753
T-INSTANTIATE	(*Checker).instantiateMappedTupleType	T-TUPLE	(*Checker).createTupleTypeEx	checker/checker.go:22757
T-INSTANTIATE	(*Checker).instantiateMappedTypeTemplate	PRE:datamodel	appendTypeMapping	checker/checker.go:22761
T-INSTANTIATE	(*Checker).instantiateMappedTypeTemplate	T-MAPPED	(*Checker).getTypeParameterFromMappedType	checker/checker.go:22761
T-INSTANTIATE	(*Checker).instantiateMappedTypeTemplate	T-INSTANTIATE	(*Checker).instantiateType	checker/checker.go:22762
T-INSTANTIATE	(*Checker).instantiateMappedTypeTemplate	T-MAPPED	(*Checker).getTemplateTypeFromMappedType	checker/checker.go:22762
T-INSTANTIATE	(*Checker).instantiateMappedTypeTemplate	PRE:datamodel	(*Type).AsMappedType	checker/checker.go:22762
T-INSTANTIATE	(*Checker).instantiateMappedTypeTemplate	T-MAPPED	getMappedTypeModifiers	checker/checker.go:22763
T-INSTANTIATE	(*Checker).instantiateMappedTypeTemplate	K-PRED	(*Checker).maybeTypeOfKind	checker/checker.go:22765
T-INSTANTIATE	(*Checker).instantiateMappedTypeTemplate	T-SYMTYPE	(*Checker).getOptionalType	checker/checker.go:22766
T-INSTANTIATE	(*Checker).instantiateMappedTypeTemplate	T-SYMTYPE	(*Checker).removeMissingOrUndefinedType	checker/checker.go:22768
T-MAPPED	(*Checker).getTypeParameterFromMappedType	PRE:datamodel	(*Type).AsMappedType	checker/checker.go:22785
T-MAPPED	(*Checker).getTypeParameterFromMappedType	T-DECLARED	(*Checker).getDeclaredTypeOfTypeParameter	checker/checker.go:22787
T-MAPPED	(*Checker).getTypeParameterFromMappedType	PRE:symbols	(*Checker).getSymbolOfDeclaration	checker/checker.go:22787
T-MAPPED	(*Checker).getConstraintTypeFromMappedType	PRE:datamodel	(*Type).AsMappedType	checker/checker.go:22793
T-MAPPED	(*Checker).getConstraintTypeFromMappedType	T-CONSTRAINT	(*Checker).getConstraintOfTypeParameter	checker/checker.go:22795
T-MAPPED	(*Checker).getConstraintTypeFromMappedType	T-MAPPED	(*Checker).getTypeParameterFromMappedType	checker/checker.go:22795
T-MAPPED	(*Checker).getNameTypeFromMappedType	PRE:datamodel	(*Type).AsMappedType	checker/checker.go:22801
T-MAPPED	(*Checker).getNameTypeFromMappedType	T-INSTANTIATE	(*Checker).instantiateType	checker/checker.go:22806
T-MAPPED	(*Checker).getNameTypeFromMappedType	T-TYPENODE	(*Checker).getTypeFromTypeNode	checker/checker.go:22806
T-MAPPED	(*Checker).getTemplateTypeFromMappedType	PRE:datamodel	(*Type).AsMappedType	checker/checker.go:22812
T-MAPPED	(*Checker).getTemplateTypeFromMappedType	T-INSTANTIATE	(*Checker).instantiateType	checker/checker.go:22815
T-MAPPED	(*Checker).getTemplateTypeFromMappedType	T-SYMTYPE	(*Checker).addOptionalityEx	checker/checker.go:22815
T-MAPPED	(*Checker).getTemplateTypeFromMappedType	T-TYPENODE	(*Checker).getTypeFromTypeNode	checker/checker.go:22815
T-MAPPED	(*Checker).getTemplateTypeFromMappedType	T-MAPPED	getMappedTypeModifiers	checker/checker.go:22815
T-MAPPED	(*Checker).isMappedTypeWithKeyofConstraintDeclaration	T-MAPPED	(*Checker).getConstraintDeclarationForMappedType	checker/checker.go:22824
T-MAPPED	(*Checker).getConstraintDeclarationForMappedType	PRE:datamodel	(*Type).AsMappedType	checker/checker.go:22829
T-MAPPED	(*Checker).getApparentMappedTypeKeys	T-APPARENT	(*Checker).getApparentType	checker/checker.go:22833
T-MAPPED	(*Checker).getApparentMappedTypeKeys	T-MAPPED	(*Checker).getModifiersTypeFromMappedType	checker/checker.go:22833
T-MAPPED	(*Checker).getApparentMappedTypeKeys	T-MAPPED	(*Checker).forEachMappedTypePropertyKeyTypeAndIndexSignatureKeyType	checker/checker.go:22835
T-MAPPED	(*Checker).getApparentMappedTypeKeys	T-INSTANTIATE	(*Checker).instantiateType	checker/checker.go:22836
T-MAPPED	(*Checker).getApparentMappedTypeKeys	PRE:datamodel	appendTypeMapping	checker/checker.go:22836
T-MAPPED	(*Checker).getApparentMappedTypeKeys	PRE:datamodel	(*Type).Mapper	checker/checker.go:22836
T-MAPPED	(*Checker).getApparentMappedTypeKeys	T-MAPPED	(*Checker).getTypeParameterFromMappedType	checker/checker.go:22836
T-MAPPED	(*Checker).getApparentMappedTypeKeys	K-UNION	(*Checker).getUnionType	checker/checker.go:22838
T-MAPPED	(*Checker).forEachMappedTypePropertyKeyTypeAndIndexSignatureKeyType	T-LOOKUP	(*Checker).getPropertiesOfType	checker/checker.go:22842
T-MAPPED	(*Checker).forEachMappedTypePropertyKeyTypeAndIndexSignatureKeyType	K-KEYOF	(*Checker).getLiteralTypeFromProperty	checker/checker.go:22843
T-MAPPED	(*Checker).forEachMappedTypePropertyKeyTypeAndIndexSignatureKeyType	T-LOOKUP	(*Checker).getIndexInfosOfType	checker/checker.go:22848
T-INSTANTIATE	(*Checker).instantiateReverseMappedType	PRE:datamodel	(*Type).AsReverseMappedType	checker/checker.go:22857
T-INSTANTIATE	(*Checker).instantiateReverseMappedType	T-INSTANTIATE	(*Checker).instantiateType	checker/checker.go:22858
T-INSTANTIATE	(*Checker).instantiateReverseMappedType	MID:inference	(*Checker).inferTypeForHomomorphicMappedType	checker/checker.go:22866
T-INSTANTIATE	(*Checker).instantiateTypeAlias	T-INSTANTIATE	(*Checker).instantiateTypes	checker/checker.go:22878
T-INSTANTIATE	(*Checker).instantiateTypes	T-INSTANTIATE	instantiateList	checker/checker.go:22882
T-INSTANTIATE	(*Checker).instantiateTypes	T-INSTANTIATE	(*Checker).instantiateType	checker/checker.go:22882
T-INSTANTIATE	(*Checker).instantiateSymbols	T-INSTANTIATE	instantiateList	checker/checker.go:22886
T-INSTANTIATE	(*Checker).instantiateSymbols	T-INSTANTIATE	(*Checker).instantiateSymbol	checker/checker.go:22886
T-INSTANTIATE	(*Checker).instantiateSignatures	T-INSTANTIATE	instantiateList	checker/checker.go:22890
T-INSTANTIATE	(*Checker).instantiateSignatures	T-SIGINST	(*Checker).instantiateSignature	checker/checker.go:22890
T-INSTANTIATE	(*Checker).instantiateIndexInfos	T-INSTANTIATE	instantiateList	checker/checker.go:22894
T-INSTANTIATE	(*Checker).instantiateIndexInfos	T-SIGINST	(*Checker).instantiateIndexInfo	checker/checker.go:22894
T-TYPENODE	(*Checker).tryGetTypeFromTypeNode	T-TYPENODE	(*Checker).getTypeFromTypeNode	checker/checker.go:22916
T-TYPENODE	(*Checker).getTypeFromTypeNode	T-TYPENODE	(*Checker).getConditionalFlowTypeOfType	checker/checker.go:22922
T-TYPENODE	(*Checker).getTypeFromTypeNode	T-TYPENODE	(*Checker).getTypeFromTypeNodeWorker	checker/checker.go:22922
T-TYPENODE	(*Checker).getTypeFromTypeNodeWorker	T-TYPENODE	(*Checker).getTypeFromTypeNode	checker/checker.go:22930
T-TYPENODE	(*Checker).getTypeFromTypeNodeWorker	T-SYMTYPE	(*Checker).getNullableType	checker/checker.go:22934
T-TYPENODE	(*Checker).getTypeFromTypeNodeWorker	T-TUPLE	(*Checker).createArrayType	checker/checker.go:22939
T-TYPENODE	(*Checker).getTypeFromTypeNodeWorker	T-SYMTYPE	(*Checker).addOptionality	checker/checker.go:22941
T-TYPENODE	(*Checker).getTypeFromTypeNodeWorker	T-TYPENODE	(*Checker).getTypeFromThisTypeNode	checker/checker.go:22967
T-TYPENODE	(*Checker).getTypeFromTypeNodeWorker	T-TYPENODE	(*Checker).getTypeFromLiteralTypeNode	checker/checker.go:22969
T-TYPENODE	(*Checker).getTypeFromTypeNodeWorker	T-TYPENODE	(*Checker).getTypeFromTypeReference	checker/checker.go:22971
T-TYPENODE	(*Checker).getTypeFromTypeNodeWorker	T-TYPENODE	(*Checker).getTypeFromTypeQueryNode	checker/checker.go:22978
T-TYPENODE	(*Checker).getTypeFromTypeNodeWorker	T-TYPENODE	(*Checker).getTypeFromArrayOrTupleTypeNode	checker/checker.go:22980
T-TYPENODE	(*Checker).getTypeFromTypeNodeWorker	T-TYPENODE	(*Checker).getTypeFromOptionalTypeNode	checker/checker.go:22982
T-TYPENODE	(*Checker).getTypeFromTypeNodeWorker	T-TYPENODE	(*Checker).getTypeFromUnionTypeNode	checker/checker.go:22984
T-TYPENODE	(*Checker).getTypeFromTypeNodeWorker	T-TYPENODE	(*Checker).getTypeFromIntersectionTypeNode	checker/checker.go:22986
T-TYPENODE	(*Checker).getTypeFromTypeNodeWorker	T-TYPENODE	(*Checker).getTypeFromNamedTupleTypeNode	checker/checker.go:22988
T-TYPENODE	(*Checker).getTypeFromTypeNodeWorker	T-TYPENODE	(*Checker).getTypeFromRestTypeNode	checker/checker.go:22992
T-TYPENODE	(*Checker).getTypeFromTypeNodeWorker	T-TYPENODE	(*Checker).getTypeFromTypeLiteralOrFunctionOrConstructorTypeNode	checker/checker.go:22994
T-TYPENODE	(*Checker).getTypeFromTypeNodeWorker	T-TYPENODE	(*Checker).getTypeFromTypeOperatorNode	checker/checker.go:22996
T-TYPENODE	(*Checker).getTypeFromTypeNodeWorker	T-TYPENODE	(*Checker).getTypeFromIndexedAccessTypeNode	checker/checker.go:22998
T-TYPENODE	(*Checker).getTypeFromTypeNodeWorker	T-TYPENODE	(*Checker).getTypeFromTemplateTypeNode	checker/checker.go:23000
T-TYPENODE	(*Checker).getTypeFromTypeNodeWorker	T-TYPENODE	(*Checker).getTypeFromMappedTypeNode	checker/checker.go:23002
T-TYPENODE	(*Checker).getTypeFromTypeNodeWorker	K-COND	(*Checker).getTypeFromConditionalTypeNode	checker/checker.go:23004
T-TYPENODE	(*Checker).getTypeFromTypeNodeWorker	K-COND	(*Checker).getTypeFromInferTypeNode	checker/checker.go:23006
T-TYPENODE	(*Checker).getTypeFromTypeNodeWorker	K-IMPORTTYPE	(*Checker).getTypeFromImportTypeNode	checker/checker.go:23008
T-TYPENODE	(*Checker).getTypeFromThisTypeNode	T-TYPENODE	(*Checker).getThisType	checker/checker.go:23017
T-TYPENODE	(*Checker).getThisType	PRE:util	isNodeDescendantOf	checker/checker.go:23027
T-TYPENODE	(*Checker).getThisType	T-DECLARED	(*Checker).getDeclaredTypeOfClassOrInterface	checker/checker.go:23028
T-TYPENODE	(*Checker).getThisType	PRE:symbols	(*Checker).getSymbolOfDeclaration	checker/checker.go:23028
T-TYPENODE	(*Checker).getThisType	PRE:datamodel	(*Type).AsInterfaceType	checker/checker.go:23028
T-TYPENODE	(*Checker).getThisType	PRE:symbols	(*Checker).error	checker/checker.go:23032
T-TYPENODE	(*Checker).getTypeFromLiteralTypeNode	K-LIT	(*Checker).getRegularTypeOfLiteralType	checker/checker.go:23042
T-TYPENODE	(*Checker).getTypeFromLiteralTypeNode	MID:expr	(*Checker).checkExpression	checker/checker.go:23042
T-TYPENODE	(*Checker).getTypeFromTypeLiteralOrFunctionOrConstructorTypeNode	T-DECLARED	(*Checker).getAliasForTypeNode	checker/checker.go:23051
T-TYPENODE	(*Checker).getTypeFromTypeLiteralOrFunctionOrConstructorTypeNode	PRE:symbols	(*Checker).getMembersOfSymbol	checker/checker.go:23052
T-TYPENODE	(*Checker).getTypeFromTypeLiteralOrFunctionOrConstructorTypeNode	PRE:objects	(*Checker).newObjectType	checker/checker.go:23055
T-TYPENODE	(*Checker).getTypeFromIndexedAccessTypeNode	T-TYPENODE	(*Checker).getTypeFromTypeNode	checker/checker.go:23066
T-TYPENODE	(*Checker).getTypeFromIndexedAccessTypeNode	T-DECLARED	(*Checker).getAliasForTypeNode	checker/checker.go:23068
T-TYPENODE	(*Checker).getTypeFromIndexedAccessTypeNode	K-INDEXED	(*Checker).getIndexedAccessTypeEx	checker/checker.go:23069
T-TYPENODE	(*Checker).getTypeFromTypeOperatorNode	K-KEYOF	(*Checker).getIndexType	checker/checker.go:23080
T-TYPENODE	(*Checker).getTypeFromTypeOperatorNode	T-TYPENODE	(*Checker).getTypeFromTypeNode	checker/checker.go:23080
T-TYPENODE	(*Checker).getTypeFromTypeOperatorNode	T-TYPENODE	(*Checker).getESSymbolLikeTypeForNode	checker/checker.go:23083
T-TYPENODE	(*Checker).getESSymbolLikeTypeForNode	PRE:util	isValidESSymbolDeclaration	checker/checker.go:23097
T-TYPENODE	(*Checker).getESSymbolLikeTypeForNode	PRE:symbols	(*Checker).getSymbolOfNode	checker/checker.go:23098
T-TYPENODE	(*Checker).getESSymbolLikeTypeForNode	PRE:objects	(*Checker).newUniqueESSymbolType	checker/checker.go:23108
T-TYPENODE	(*Checker).getTypeFromTypeReference	PRE:util	isConstTypeReference	checker/checker.go:23123
T-TYPENODE	(*Checker).getTypeFromTypeReference	MID:expr	(*Checker).checkExpressionCached	checker/checker.go:23124
T-TYPENODE	(*Checker).getTypeFromTypeReference	T-TYPENODE	(*Checker).getIntendedTypeFromJSDocTypeReference	checker/checker.go:23125
T-TYPENODE	(*Checker).getTypeFromTypeReference	T-TYPENODE	(*Checker).getTypeReferenceType	checker/checker.go:23128
T-TYPENODE	(*Checker).getTypeFromTypeReference	T-TYPENODE	(*Checker).getSymbolFromTypeReference	checker/checker.go:23128
T-TYPENODE	(*Checker).getIntendedTypeFromJSDocTypeReference	T-TYPENODE	(*Checker).checkNoTypeArguments	checker/checker.go:23141
T-TYPENODE	(*Checker).getIntendedTypeFromJSDocTypeReference	MID:returns	(*Checker).createPromiseType	checker/checker.go:23170
T-TYPENODE	(*Checker).getIntendedTypeFromJSDocTypeReference	T-TYPENODE	(*Checker).getTypeFromTypeNode	checker/checker.go:23175
T-TYPENODE	(*Checker).getIntendedTypeFromJSDocTypeReference	T-MEMBERS	(*Checker).isValidIndexKeyType	checker/checker.go:23175
T-TYPENODE	(*Checker).getIntendedTypeFromJSDocTypeReference	T-TYPENODE	(*Checker).getTypeAliasInstantiation	checker/checker.go:23176
T-TYPENODE	(*Checker).getSymbolFromTypeReference	?	(*nodeLinkStore[SymbolNodeLinks]).Get	checker/checker.go:23192
T-TYPENODE	(*Checker).getSymbolFromTypeReference	T-TYPENODE	(*Checker).resolveTypeReferenceName	checker/checker.go:23196
T-TYPENODE	(*Checker).resolveTypeReferenceName	T-DECLARED	getTypeReferenceName	checker/checker.go:23202
T-TYPENODE	(*Checker).resolveTypeReferenceName	PRE:symbols	(*Checker).resolveEntityName	checker/checker.go:23206
T-TYPENODE	(*Checker).resolveTypeReferenceName	T-TYPENODE	(*Checker).getUnresolvedSymbolForEntityName	checker/checker.go:23213
T-TYPENODE	(*Checker).getUnresolvedSymbolForEntityName	T-TYPENODE	(*Checker).getUnresolvedSymbolForEntityName	checker/checker.go:23231
T-TYPENODE	(*Checker).getUnresolvedSymbolForEntityName	T-TYPENODE	getSymbolPath	checker/checker.go:23237
T-TYPENODE	(*Checker).getUnresolvedSymbolForEntityName	PRE:symbols	(*Checker).newSymbolEx	checker/checker.go:23243
T-TYPENODE	getSymbolPath	T-TYPENODE	getSymbolPath	checker/checker.go:23255
T-TYPENODE	(*Checker).getTypeReferenceType	T-TYPENODE	(*Checker).getTypeFromClassOrInterfaceReference	checker/checker.go:23265
T-TYPENODE	(*Checker).getTypeReferenceType	T-TYPENODE	(*Checker).getTypeFromTypeAliasReference	checker/checker.go:23268
T-TYPENODE	(*Checker).getTypeReferenceType	T-DECLARED	(*Checker).tryGetDeclaredTypeOfSymbol	checker/checker.go:23271
T-TYPENODE	(*Checker).getTypeReferenceType	T-TYPENODE	(*Checker).checkNoTypeArguments	checker/checker.go:23272
T-TYPENODE	(*Checker).getTypeReferenceType	K-LIT	(*Checker).getRegularTypeOfLiteralType	checker/checker.go:23273
T-TYPENODE	(*Checker).getTypeFromClassOrInterfaceReference	T-DECLARED	(*Checker).getDeclaredTypeOfClassOrInterface	checker/checker.go:23284
T-TYPENODE	(*Checker).getTypeFromClassOrInterfaceReference	PRE:symbols	(*Checker).getMergedSymbol	checker/checker.go:23284
T-TYPENODE	(*Checker).getTypeFromClassOrInterfaceReference	PRE:datamodel	(*Type).AsInterfaceType	checker/checker.go:23285
T-TYPENODE	(*Checker).getTypeFromClassOrInterfaceReference	PRE:datamodel	(*InterfaceType).LocalTypeParameters	checker/checker.go:23286
T-TYPENODE	(*Checker).getTypeFromClassOrInterfaceReference	T-CONSTRAINT	(*Checker).getMinTypeArgumentCount	checker/checker.go:23289
T-TYPENODE	(*Checker).getTypeFromClassOrInterfaceReference	MID:printer	(*Checker).TypeToStringEx	checker/checker.go:23307
T-TYPENODE	(*Checker).getTypeFromClassOrInterfaceReference	PRE:symbols	(*Checker).error	checker/checker.go:23308
T-TYPENODE	(*Checker).getTypeFromClassOrInterfaceReference	T-TYPENODE	(*Checker).isDeferredTypeReferenceNode	checker/checker.go:23314
T-TYPENODE	(*Checker).getTypeFromClassOrInterfaceReference	PRE:objects	(*Checker).createDeferredTypeReference	checker/checker.go:23315
T-TYPENODE	(*Checker).getTypeFromClassOrInterfaceReference	T-CONSTRAINT	(*Checker).fillMissingTypeArguments	checker/checker.go:23320
T-TYPENODE	(*Checker).getTypeFromClassOrInterfaceReference	T-TYPENODE	(*Checker).getTypeArgumentsFromNode	checker/checker.go:23320
T-TYPENODE	(*Checker).getTypeFromClassOrInterfaceReference	PRE:datamodel	(*InterfaceType).OuterTypeParameters	checker/checker.go:23321
T-TYPENODE	(*Checker).getTypeFromClassOrInterfaceReference	PRE:objects	(*Checker).createTypeReferenceEx	checker/checker.go:23322
T-TYPENODE	(*Checker).getTypeFromClassOrInterfaceReference	T-TYPENODE	(*Checker).checkNoTypeArguments	checker/checker.go:23324
T-TYPENODE	(*Checker).getTypeArgumentsFromNode	T-TYPENODE	(*Checker).getTypeFromTypeNode	checker/checker.go:23331
T-TYPENODE	(*Checker).checkNoTypeArguments	MID:printer	(*Checker).symbolToString	checker/checker.go:23338
T-TYPENODE	(*Checker).checkNoTypeArguments	PRE:symbols	(*Checker).error	checker/checker.go:23342
T-TYPENODE	(*Checker).isDeferredTypeReferenceNode	T-DECLARED	(*Checker).getAliasSymbolForTypeNode	checker/checker.go:23351
T-TYPENODE	(*Checker).isDeferredTypeReferenceNode	T-TYPENODE	(*Checker).isResolvedByTypeAlias	checker/checker.go:23354
T-TYPENODE	(*Checker).isDeferredTypeReferenceNode	T-TYPENODE	(*Checker).mayResolveTypeAlias	checker/checker.go:23357
T-TYPENODE	(*Checker).isResolvedByTypeAlias	T-TYPENODE	(*Checker).isResolvedByTypeAlias	checker/checker.go:23376
T-TYPENODE	(*Checker).mayResolveTypeAlias	T-TYPENODE	(*Checker).resolveTypeReferenceName	checker/checker.go:23388
T-TYPENODE	(*Checker).mayResolveTypeAlias	T-TYPENODE	(*Checker).mayResolveTypeAlias	checker/checker.go:23392
T-TUPLE	(*Checker).createNormalizedTypeReference	T-TUPLE	(*Checker).createNormalizedTupleType	checker/checker.go:23412
T-TUPLE	(*Checker).createNormalizedTypeReference	PRE:objects	(*Checker).createTypeReference	checker/checker.go:23414
T-TUPLE	(*Checker).createNormalizedTupleTypeEx	PRE:datamodel	(*Type).AsTupleType	checker/checker.go:23418
T-TUPLE	(*Checker).createNormalizedTupleTypeEx	PRE:objects	(*Checker).createTypeReferenceEx	checker/checker.go:23421
T-TUPLE	(*Checker).createNormalizedTupleTypeEx	K-INTERSECT	(*Checker).checkCrossProductUnion	checker/checker.go:23433
T-TUPLE	(*Checker).createNormalizedTupleTypeEx	K-UNION	(*Checker).mapType	checker/checker.go:23434
T-TUPLE	(*Checker).createNormalizedTupleTypeEx	T-TUPLE	(*Checker).createNormalizedTupleTypeEx	checker/checker.go:23435
T-TUPLE	(*Checker).createNormalizedTupleTypeEx	T-TUPLE	(*TupleNormalizer).normalize	checker/checker.go:23449
T-TUPLE	(*Checker).createNormalizedTupleTypeEx	T-TUPLE	(*Checker).getTupleTargetType	checker/checker.go:23455
T-TUPLE	(*Checker).createNormalizedTupleType	T-TUPLE	(*Checker).createNormalizedTupleTypeEx	checker/checker.go:23466
T-TUPLE	(*TupleNormalizer).normalize	T-TUPLE	(*TupleNormalizer).add	checker/checker.go:23487
T-TUPLE	(*TupleNormalizer).normalize	K-GENERIC	(*Checker).isGenericMappedType	checker/checker.go:23488
T-TUPLE	(*TupleNormalizer).normalize	T-TUPLE	isTupleType	checker/checker.go:23491
T-TUPLE	(*TupleNormalizer).normalize	T-TUPLE	(*Checker).getElementTypes	checker/checker.go:23492
T-TUPLE	(*TupleNormalizer).normalize	PRE:symbols	(*Checker).error	checker/checker.go:23497
T-TUPLE	(*TupleNormalizer).normalize	PRE:datamodel	(*Type).TargetTupleType	checker/checker.go:23501
T-TUPLE	(*TupleNormalizer).normalize	T-TUPLE	(*Checker).isArrayLikeType	checker/checker.go:23508
T-TUPLE	(*TupleNormalizer).normalize	T-LOOKUP	(*Checker).getIndexTypeOfType	checker/checker.go:23509
T-TUPLE	(*TupleNormalizer).normalize	K-INDEXED	(*Checker).getIndexedAccessType	checker/checker.go:23533
T-TUPLE	(*TupleNormalizer).normalize	K-UNION	(*Checker).getUnionType	checker/checker.go:23537
T-TUPLE	(*TupleNormalizer).add	T-SYMTYPE	(*Checker).addOptionalityEx	checker/checker.go:23554
T-TUPLE	getTotalFixedElementCount	T-TUPLE	getEndElementCount	checker/checker.go:23579
T-TUPLE	(*Checker).getElementTypes	T-TYPENODE	(*Checker).getTypeArguments	checker/checker.go:23583
T-TUPLE	(*Checker).getElementTypes	T-TUPLE	(*Checker).getTypeReferenceArity	checker/checker.go:23584
T-TUPLE	(*Checker).getTypeReferenceArity	PRE:datamodel	(*Type).TargetInterfaceType	checker/checker.go:23592
T-TUPLE	(*Checker).getTypeReferenceArity	PRE:datamodel	(*InterfaceType).TypeParameters	checker/checker.go:23592
T-TUPLE	(*Checker).isArrayType	PRE:datamodel	(*Type).Target	checker/checker.go:23596
T-TUPLE	(*Checker).isReadonlyArrayType	PRE:datamodel	(*Type).Target	checker/checker.go:23600
T-TUPLE	isTupleType	PRE:datamodel	(*Type).Target	checker/checker.go:23604
T-TUPLE	isMutableTupleType	T-TUPLE	isTupleType	checker/checker.go:23608
T-TUPLE	isMutableTupleType	PRE:datamodel	(*Type).TargetTupleType	checker/checker.go:23608
T-TUPLE	isGenericTupleType	T-TUPLE	isTupleType	checker/checker.go:23612
T-TUPLE	isGenericTupleType	PRE:datamodel	(*Type).TargetTupleType	checker/checker.go:23612
T-TUPLE	isSingleElementGenericTupleType	T-TUPLE	isGenericTupleType	checker/checker.go:23616
T-TUPLE	isSingleElementGenericTupleType	PRE:datamodel	(*Type).TargetTupleType	checker/checker.go:23616
T-TUPLE	(*Checker).isArrayOrTupleType	T-TUPLE	(*Checker).isArrayType	checker/checker.go:23620
T-TUPLE	(*Checker).isArrayOrTupleType	T-TUPLE	isTupleType	checker/checker.go:23620
T-TUPLE	(*Checker).isMutableArrayOrTuple	T-TUPLE	(*Checker).isArrayType	checker/checker.go:23624
T-TUPLE	(*Checker).isMutableArrayOrTuple	T-TUPLE	(*Checker).isReadonlyArrayType	checker/checker.go:23624
T-TUPLE	(*Checker).isMutableArrayOrTuple	T-TUPLE	isTupleType	checker/checker.go:23624
T-TUPLE	(*Checker).isMutableArrayOrTuple	PRE:datamodel	(*Type).TargetTupleType	checker/checker.go:23624
T-TUPLE	(*Checker).getElementTypeOfArrayType	T-TUPLE	(*Checker).isArrayType	checker/checker.go:23628
T-TUPLE	(*Checker).getElementTypeOfArrayType	T-TYPENODE	(*Checker).getTypeArguments	checker/checker.go:23629
T-TUPLE	(*Checker).isArrayLikeType	T-TUPLE	(*Checker).isArrayType	checker/checker.go:23637
T-TUPLE	(*Checker).isArrayLikeType	MID:relations	(*Checker).isTypeAssignableTo	checker/checker.go:23637
T-TUPLE	(*Checker).isMutableArrayLikeType	T-TUPLE	(*Checker).isMutableArrayOrTuple	checker/checker.go:23643
T-TUPLE	(*Checker).isMutableArrayLikeType	MID:relations	(*Checker).isTypeAssignableTo	checker/checker.go:23643
T-TUPLE	(*Checker).isEmptyArrayLiteralType	T-TUPLE	(*Checker).getElementTypeOfArrayType	checker/checker.go:23647
T-TUPLE	(*Checker).isEmptyArrayLiteralType	T-TUPLE	(*Checker).isEmptyLiteralType	checker/checker.go:23648
T-TUPLE	(*Checker).isTupleLikeType	T-TUPLE	isTupleType	checker/checker.go:23659
T-TUPLE	(*Checker).isTupleLikeType	T-LOOKUP	(*Checker).getPropertyOfType	checker/checker.go:23659
T-TUPLE	(*Checker).isTupleLikeType	T-TUPLE	(*Checker).isArrayLikeType	checker/checker.go:23662
T-TUPLE	(*Checker).isTupleLikeType	T-LOOKUP	(*Checker).getTypeOfPropertyOfType	checker/checker.go:23663
T-TUPLE	(*Checker).isTupleLikeType	K-PRED	everyType	checker/checker.go:23664
T-TUPLE	(*Checker).isArrayOrTupleLikeType	T-TUPLE	(*Checker).isArrayLikeType	checker/checker.go:23671
T-TUPLE	(*Checker).isArrayOrTupleLikeType	T-TUPLE	(*Checker).isTupleLikeType	checker/checker.go:23671
T-TUPLE	(*Checker).isArrayOrTupleOrIntersection	PRE:datamodel	(*Type).Types	checker/checker.go:23675
T-TUPLE	(*Checker).isArrayOrTupleOrIntersection	T-TUPLE	(*Checker).isArrayOrTupleType	checker/checker.go:23675
T-TUPLE	(*Checker).getTupleElementType	T-LOOKUP	(*Checker).getTypeOfPropertyOfType	checker/checker.go:23679
T-TUPLE	(*Checker).getTupleElementType	K-PRED	everyType	checker/checker.go:23683
T-TUPLE	(*Checker).getTupleElementType	T-TUPLE	isTupleType	checker/checker.go:23683
T-TUPLE	(*Checker).getTupleElementType	T-TUPLE	(*Checker).getTupleElementTypeOutOfStartCount	checker/checker.go:23684
T-TYPENODE	(*Checker).getTypeFromTypeAliasReference	T-TYPENODE	(*Checker).getTypeFromTypeNode	checker/checker.go:23697
T-TYPENODE	(*Checker).getTypeFromTypeAliasReference	PRE:keys	getAliasKey	checker/checker.go:23698
T-TYPENODE	(*Checker).getTypeFromTypeAliasReference	PRE:objects	(*Checker).newIntrinsicType	checker/checker.go:23701
T-TYPENODE	(*Checker).getTypeFromTypeAliasReference	T-DECLARED	(*Checker).getDeclaredTypeOfSymbol	checker/checker.go:23707
T-TYPENODE	(*Checker).getTypeFromTypeAliasReference	T-CONSTRAINT	(*Checker).getMinTypeArgumentCount	checker/checker.go:23711
T-TYPENODE	(*Checker).getTypeFromTypeAliasReference	PRE:symbols	(*Checker).error	checker/checker.go:23716
T-TYPENODE	(*Checker).getTypeFromTypeAliasReference	MID:printer	(*Checker).symbolToString	checker/checker.go:23716
T-TYPENODE	(*Checker).getTypeFromTypeAliasReference	T-DECLARED	(*Checker).getAliasSymbolForTypeNode	checker/checker.go:23723
T-TYPENODE	(*Checker).getTypeFromTypeAliasReference	T-TYPENODE	isLocalTypeAlias	checker/checker.go:23725
T-TYPENODE	(*Checker).getTypeFromTypeAliasReference	T-DECLARED	(*Checker).getTypeArgumentsForAliasSymbol	checker/checker.go:23730
T-TYPENODE	(*Checker).getTypeFromTypeAliasReference	T-TYPENODE	(*Checker).resolveTypeReferenceName	checker/checker.go:23732
T-TYPENODE	(*Checker).getTypeFromTypeAliasReference	PRE:symbols	(*Checker).resolveAlias	checker/checker.go:23736
T-TYPENODE	(*Checker).getTypeFromTypeAliasReference	T-TYPENODE	(*Checker).getTypeArgumentsFromNode	checker/checker.go:23739
T-TYPENODE	(*Checker).getTypeFromTypeAliasReference	T-TYPENODE	(*Checker).getTypeAliasInstantiation	checker/checker.go:23747
T-TYPENODE	(*Checker).getTypeFromTypeAliasReference	T-TYPENODE	(*Checker).checkNoTypeArguments	checker/checker.go:23749
T-TYPENODE	(*Checker).getTypeAliasInstantiation	T-DECLARED	(*Checker).getDeclaredTypeOfSymbol	checker/checker.go:23756
T-TYPENODE	(*Checker).getTypeAliasInstantiation	K-SUBST	(*Checker).getNoInferType	checker/checker.go:23761
T-TYPENODE	(*Checker).getTypeAliasInstantiation	K-TEMPLATE	(*Checker).getStringMappingType	checker/checker.go:23763
T-TYPENODE	(*Checker).getTypeAliasInstantiation	PRE:keys	getTypeAliasInstantiationKey	checker/checker.go:23769
T-TYPENODE	(*Checker).getTypeAliasInstantiation	PRE:datamodel	newTypeMapper	checker/checker.go:23772
T-TYPENODE	(*Checker).getTypeAliasInstantiation	T-CONSTRAINT	(*Checker).fillMissingTypeArguments	checker/checker.go:23772
T-TYPENODE	(*Checker).getTypeAliasInstantiation	T-CONSTRAINT	(*Checker).getMinTypeArgumentCount	checker/checker.go:23772
T-TYPENODE	(*Checker).getTypeAliasInstantiation	T-INSTANTIATE	(*Checker).instantiateTypeWithAlias	checker/checker.go:23773
T-TYPENODE	isLocalTypeAlias	PRE:util	isTypeAlias	checker/checker.go:23780
T-DECLARED	(*Checker).getDeclaredTypeOfSymbol	T-DECLARED	(*Checker).tryGetDeclaredTypeOfSymbol	checker/checker.go:23785
T-DECLARED	(*Checker).tryGetDeclaredTypeOfSymbol	T-DECLARED	(*Checker).getDeclaredTypeOfClassOrInterface	checker/checker.go:23795
T-DECLARED	(*Checker).tryGetDeclaredTypeOfSymbol	T-DECLARED	(*Checker).getDeclaredTypeOfTypeParameter	checker/checker.go:23797
T-DECLARED	(*Checker).tryGetDeclaredTypeOfSymbol	T-DECLARED	(*Checker).getDeclaredTypeOfTypeAlias	checker/checker.go:23799
T-DECLARED	(*Checker).tryGetDeclaredTypeOfSymbol	T-DECLARED	(*Checker).getDeclaredTypeOfEnum	checker/checker.go:23801
T-DECLARED	(*Checker).tryGetDeclaredTypeOfSymbol	T-DECLARED	(*Checker).getDeclaredTypeOfEnumMember	checker/checker.go:23803
T-DECLARED	(*Checker).tryGetDeclaredTypeOfSymbol	T-DECLARED	(*Checker).getDeclaredTypeOfAlias	checker/checker.go:23805
T-DECLARED	(*Checker).getAliasForTypeNode	T-DECLARED	(*Checker).getAliasSymbolForTypeNode	checker/checker.go:23826
T-DECLARED	(*Checker).getAliasForTypeNode	T-DECLARED	(*Checker).getTypeArgumentsForAliasSymbol	checker/checker.go:23828
T-DECLARED	(*Checker).getAliasSymbolForTypeNode	PRE:util	isTypeAlias	checker/checker.go:23838
T-DECLARED	(*Checker).getAliasSymbolForTypeNode	PRE:symbols	(*Checker).getSymbolOfDeclaration	checker/checker.go:23839
T-DECLARED	(*Checker).getTypeArgumentsForAliasSymbol	T-DECLARED	(*Checker).getLocalTypeParametersOfClassOrInterfaceOrTypeAlias	checker/checker.go:23846
T-DECLARED	(*Checker).getOuterTypeParametersOfClassOrInterface	T-DECLARED	(*Checker).getClassOrInterfaceLikeDeclaration	checker/checker.go:23852
T-DECLARED	(*Checker).getOuterTypeParametersOfClassOrInterface	T-DECLARED	(*Checker).getOuterTypeParameters	checker/checker.go:23854
T-DECLARED	(*Checker).canGetTypeParametersOfClassOrInterface	T-DECLARED	(*Checker).getClassOrInterfaceLikeDeclaration	checker/checker.go:23875
T-DECLARED	(*Checker).getOuterTypeParameters	T-DECLARED	(*Checker).getOuterTypeParameters	checker/checker.go:23891
T-DECLARED	(*Checker).getOuterTypeParameters	MID:contextual	(*Checker).isContextSensitive	checker/checker.go:23892
T-DECLARED	(*Checker).getOuterTypeParameters	T-LOOKUP	(*Checker).getSignaturesOfType	checker/checker.go:23893
T-DECLARED	(*Checker).getOuterTypeParameters	T-SYMTYPE	(*Checker).getTypeOfSymbol	checker/checker.go:23893
T-DECLARED	(*Checker).getOuterTypeParameters	PRE:symbols	(*Checker).getSymbolOfDeclaration	checker/checker.go:23893
T-DECLARED	(*Checker).getOuterTypeParameters	T-DECLARED	(*Checker).getDeclaredTypeOfTypeParameter	checker/checker.go:23899
T-DECLARED	(*Checker).getOuterTypeParameters	T-DECLARED	(*Checker).getInferTypeParameters	checker/checker.go:23902
T-DECLARED	(*Checker).getOuterTypeParameters	T-DECLARED	(*Checker).appendTypeParameters	checker/checker.go:23904
T-DECLARED	(*Checker).getOuterTypeParameters	T-DECLARED	(*Checker).getDeclaredTypeOfClassOrInterface	checker/checker.go:23907
T-DECLARED	(*Checker).getOuterTypeParameters	PRE:datamodel	(*Type).AsInterfaceType	checker/checker.go:23907
T-DECLARED	(*Checker).getInferTypeParameters	T-DECLARED	(*Checker).getDeclaredTypeOfSymbol	checker/checker.go:23921
T-DECLARED	(*Checker).getLocalTypeParametersOfClassOrInterfaceOrTypeAlias	T-DECLARED	(*Checker).appendLocalTypeParametersOfClassOrInterfaceOrTypeAlias	checker/checker.go:23930
T-DECLARED	(*Checker).appendLocalTypeParametersOfClassOrInterfaceOrTypeAlias	PRE:util	isTypeAlias	checker/checker.go:23935
T-DECLARED	(*Checker).appendLocalTypeParametersOfClassOrInterfaceOrTypeAlias	T-DECLARED	(*Checker).appendTypeParameters	checker/checker.go:23936
T-DECLARED	(*Checker).appendTypeParameters	T-DECLARED	(*Checker).getDeclaredTypeOfTypeParameter	checker/checker.go:23947
T-DECLARED	(*Checker).appendTypeParameters	PRE:symbols	(*Checker).getSymbolOfDeclaration	checker/checker.go:23947
T-DECLARED	(*Checker).getDeclaredTypeOfTypeParameter	PRE:objects	(*Checker).newTypeParameter	checker/checker.go:23955
T-DECLARED	(*Checker).getDeclaredTypeOfTypeAlias	PRE:resolution	(*Checker).pushTypeResolution	checker/checker.go:23965
T-DECLARED	(*Checker).getDeclaredTypeOfTypeAlias	T-TYPENODE	(*Checker).getTypeFromTypeNode	checker/checker.go:23970
T-DECLARED	(*Checker).getDeclaredTypeOfTypeAlias	PRE:resolution	(*Checker).popTypeResolution	checker/checker.go:23971
T-DECLARED	(*Checker).getDeclaredTypeOfTypeAlias	T-DECLARED	(*Checker).getLocalTypeParametersOfClassOrInterfaceOrTypeAlias	checker/checker.go:23972
T-DECLARED	(*Checker).getDeclaredTypeOfTypeAlias	PRE:keys	getTypeListKey	checker/checker.go:23978
T-DECLARED	(*Checker).getDeclaredTypeOfTypeAlias	POST:decls	(*Checker).getBuiltinIteratorReturnType	checker/checker.go:23981
T-DECLARED	(*Checker).getDeclaredTypeOfTypeAlias	PRE:symbols	(*Checker).error	checker/checker.go:23988
T-DECLARED	(*Checker).getDeclaredTypeOfTypeAlias	MID:printer	(*Checker).symbolToString	checker/checker.go:23988
T-DECLARED	(*Checker).getDeclaredTypeOfEnum	PRE:symbols	(*Checker).getSymbolOfDeclaration	checker/checker.go:24006
T-DECLARED	(*Checker).getDeclaredTypeOfEnum	T-DECLARED	(*Checker).getEnumMemberValue	checker/checker.go:24007
T-DECLARED	(*Checker).getDeclaredTypeOfEnum	K-LIT	(*Checker).getEnumLiteralType	checker/checker.go:24010
T-DECLARED	(*Checker).getDeclaredTypeOfEnum	T-DECLARED	(*Checker).createComputedEnumType	checker/checker.go:24012
T-DECLARED	(*Checker).getDeclaredTypeOfEnum	K-LIT	(*Checker).getFreshTypeOfLiteralType	checker/checker.go:24014
T-DECLARED	(*Checker).getDeclaredTypeOfEnum	K-UNION	(*Checker).getUnionTypeEx	checker/checker.go:24022
T-DECLARED	(*Checker).getEnumMemberValue	T-ENUMVAL	(*Checker).computeEnumMemberValues	checker/checker.go:24036
T-DECLARED	(*Checker).createComputedEnumType	PRE:objects	(*Checker).newLiteralType	checker/checker.go:24041
T-DECLARED	(*Checker).createComputedEnumType	PRE:datamodel	(*Type).AsLiteralType	checker/checker.go:24045
T-DECLARED	(*Checker).getDeclaredTypeOfEnumMember	T-DECLARED	(*Checker).getDeclaredTypeOfEnum	checker/checker.go:24053
T-DECLARED	(*Checker).getDeclaredTypeOfEnumMember	PRE:symbols	(*Checker).getParentOfSymbol	checker/checker.go:24053
T-ENUMVAL	(*Checker).computeEnumMemberValues	T-ENUMVAL	(*Checker).computeEnumMemberValue	checker/checker.go:24068
T-ENUMVAL	(*Checker).computeEnumMemberValue	PRE:symbols	(*Checker).error	checker/checker.go:24083
T-ENUMVAL	(*Checker).computeEnumMemberValue	PRE:util	isNumericLiteralName	checker/checker.go:24088
T-ENUMVAL	(*Checker).computeEnumMemberValue	T-ENUMVAL	(*Checker).computeConstantEnumMemberValue	checker/checker.go:24093
T-ENUMVAL	(*Checker).computeEnumMemberValue	T-DECLARED	(*Checker).getEnumMemberValue	checker/checker.go:24109
T-ENUMVAL	(*Checker).computeConstantEnumMemberValue	PRE:symbols	(*Checker).error	checker/checker.go:24126
T-ENUMVAL	(*Checker).computeConstantEnumMemberValue	MID:relations	(*Checker).checkTypeAssignableTo	checker/checker.go:24142
T-ENUMVAL	(*Checker).computeConstantEnumMemberValue	MID:expr	(*Checker).checkExpression	checker/checker.go:24142
T-ENUMVAL	(*Checker).evaluateEntity	PRE:symbols	(*Checker).resolveEntityName	checker/checker.go:24150
T-ENUMVAL	(*Checker).evaluateEntity	PRE:init	(*Checker).getGlobalSymbol	checker/checker.go:24155
T-ENUMVAL	(*Checker).evaluateEntity	T-ENUMVAL	(*Checker).evaluateEnumMember	checker/checker.go:24164
T-ENUMVAL	(*Checker).evaluateEntity	T-DECLARED	(*Checker).getEnumMemberValue	checker/checker.go:24166
T-ENUMVAL	(*Checker).evaluateEntity	PRE:util	(*Checker).isConstantVariable	checker/checker.go:24168
T-ENUMVAL	(*Checker).evaluateEntity	PRE:init	(*Checker).isBlockScopedNameDeclaredBeforeUse	checker/checker.go:24171
T-ENUMVAL	(*Checker).evaluateEnumMember	PRE:symbols	(*Checker).error	checker/checker.go:24203
T-ENUMVAL	(*Checker).evaluateEnumMember	MID:printer	(*Checker).symbolToString	checker/checker.go:24203
T-ENUMVAL	(*Checker).evaluateEnumMember	PRE:init	(*Checker).isBlockScopedNameDeclaredBeforeUse	checker/checker.go:24206
T-ENUMVAL	(*Checker).evaluateEnumMember	T-DECLARED	(*Checker).getEnumMemberValue	checker/checker.go:24210
T-DECLARED	(*Checker).getDeclaredTypeOfAlias	T-DECLARED	(*Checker).getDeclaredTypeOfSymbol	checker/checker.go:24220
T-DECLARED	(*Checker).getDeclaredTypeOfAlias	PRE:symbols	(*Checker).resolveAlias	checker/checker.go:24220
T-TYPENODE	(*Checker).getTypeFromTypeQueryNode	MID:expr	(*Checker).checkExpressionWithTypeArguments	checker/checker.go:24232
T-TYPENODE	(*Checker).getTypeFromTypeQueryNode	K-LIT	(*Checker).getRegularTypeOfLiteralType	checker/checker.go:24233
T-TYPENODE	(*Checker).getTypeFromTypeQueryNode	T-WIDEN	(*Checker).getWidenedType	checker/checker.go:24233
T-TYPENODE	(*Checker).getTypeFromArrayOrTupleTypeNode	T-TYPENODE	(*Checker).getArrayOrTupleTargetType	checker/checker.go:24241
T-TYPENODE	(*Checker).getTypeFromArrayOrTupleTypeNode	T-TYPENODE	(*Checker).isVariadicTupleElement	checker/checker.go:24244
T-TYPENODE	(*Checker).getTypeFromArrayOrTupleTypeNode	T-TYPENODE	(*Checker).isDeferredTypeReferenceNode	checker/checker.go:24244
T-TYPENODE	(*Checker).getTypeFromArrayOrTupleTypeNode	PRE:objects	(*Checker).createDeferredTypeReference	checker/checker.go:24248
T-TYPENODE	(*Checker).getTypeFromArrayOrTupleTypeNode	T-TYPENODE	(*Checker).getTypeFromTypeNode	checker/checker.go:24253
T-TYPENODE	(*Checker).getTypeFromArrayOrTupleTypeNode	T-TUPLE	(*Checker).createNormalizedTupleTypeEx	checker/checker.go:24258
T-TYPENODE	(*Checker).getTypeFromArrayOrTupleTypeNode	PRE:objects	(*Checker).createTypeReferenceEx	checker/checker.go:24260
T-TYPENODE	(*Checker).isVariadicTupleElement	T-TUPLE	(*Checker).getTupleElementFlags	checker/checker.go:24268
T-TYPENODE	(*Checker).getArrayOrTupleTargetType	T-TYPENODE	(*Checker).isReadonlyTypeOperator	checker/checker.go:24272
T-TYPENODE	(*Checker).getArrayOrTupleTargetType	T-TYPENODE	(*Checker).getArrayElementTypeNode	checker/checker.go:24273
T-TYPENODE	(*Checker).getArrayOrTupleTargetType	T-TUPLE	(*Checker).getTupleTargetType	checker/checker.go:24280
T-TYPENODE	(*Checker).getArrayOrTupleTargetType	T-TUPLE	(*Checker).getTupleElementInfo	checker/checker.go:24280
T-TYPENODE	(*Checker).getTypeFromNamedTupleTypeNode	T-TYPENODE	(*Checker).getTypeFromRestTypeNode	checker/checker.go:24291
T-TYPENODE	(*Checker).getTypeFromNamedTupleTypeNode	T-SYMTYPE	(*Checker).addOptionalityEx	checker/checker.go:24293
T-TYPENODE	(*Checker).getTypeFromNamedTupleTypeNode	T-TYPENODE	(*Checker).getTypeFromTypeNode	checker/checker.go:24293
T-TYPENODE	(*Checker).getTypeFromRestTypeNode	T-TYPENODE	(*Checker).getArrayElementTypeNode	checker/checker.go:24301
T-TYPENODE	(*Checker).getTypeFromRestTypeNode	T-TYPENODE	(*Checker).getTypeFromTypeNode	checker/checker.go:24305
T-TYPENODE	(*Checker).getArrayElementTypeNode	T-TYPENODE	(*Checker).getArrayElementTypeNode	checker/checker.go:24311
T-TYPENODE	(*Checker).getTypeFromOptionalTypeNode	T-SYMTYPE	(*Checker).addOptionalityEx	checker/checker.go:24329
T-TYPENODE	(*Checker).getTypeFromOptionalTypeNode	T-TYPENODE	(*Checker).getTypeFromTypeNode	checker/checker.go:24329
T-TYPENODE	(*Checker).getTypeFromUnionTypeNode	T-DECLARED	(*Checker).getAliasForTypeNode	checker/checker.go:24335
T-TYPENODE	(*Checker).getTypeFromUnionTypeNode	K-UNION	(*Checker).getUnionTypeEx	checker/checker.go:24336
T-TYPENODE	(*Checker).getTypeFromUnionTypeNode	T-TYPENODE	(*Checker).getTypeFromTypeNode	checker/checker.go:24336
T-TYPENODE	(*Checker).getTypeFromIntersectionTypeNode	T-DECLARED	(*Checker).getAliasForTypeNode	checker/checker.go:24344
T-TYPENODE	(*Checker).getTypeFromIntersectionTypeNode	T-TYPENODE	(*Checker).getTypeFromTypeNode	checker/checker.go:24345
T-TYPENODE	(*Checker).getTypeFromIntersectionTypeNode	K-PRED	(*Checker).isPatternLiteralType	checker/checker.go:24354
T-TYPENODE	(*Checker).getTypeFromIntersectionTypeNode	K-INTERSECT	(*Checker).getIntersectionTypeEx	checker/checker.go:24357
T-TYPENODE	(*Checker).getTypeFromTemplateTypeNode	T-TYPENODE	(*Checker).getTypeFromTypeNode	checker/checker.go:24371
T-TYPENODE	(*Checker).getTypeFromTemplateTypeNode	K-TEMPLATE	(*Checker).getTemplateLiteralType	checker/checker.go:24373
T-TYPENODE	(*Checker).getTypeFromMappedTypeNode	PRE:objects	(*Checker).newObjectType	checker/checker.go:24381
T-TYPENODE	(*Checker).getTypeFromMappedTypeNode	PRE:datamodel	(*Type).AsMappedType	checker/checker.go:24382
T-TYPENODE	(*Checker).getTypeFromMappedTypeNode	T-DECLARED	(*Checker).getAliasForTypeNode	checker/checker.go:24383
T-TYPENODE	(*Checker).getTypeFromMappedTypeNode	T-MAPPED	(*Checker).getConstraintTypeFromMappedType	checker/checker.go:24387
K-COND	(*Checker).getTypeFromConditionalTypeNode	T-TYPENODE	(*Checker).getTypeFromTypeNode	checker/checker.go:24395
K-COND	(*Checker).getTypeFromConditionalTypeNode	T-DECLARED	(*Checker).getAliasForTypeNode	checker/checker.go:24396
K-COND	(*Checker).getTypeFromConditionalTypeNode	T-DECLARED	(*Checker).getOuterTypeParameters	checker/checker.go:24397
K-COND	(*Checker).getTypeFromConditionalTypeNode	T-INSTANTIATE	(*Checker).isTypeParameterPossiblyReferenced	checker/checker.go:24402
K-COND	(*Checker).getTypeFromConditionalTypeNode	T-DECLARED	(*Checker).getInferTypeParameters	checker/checker.go:24409
K-COND	(*Checker).getTypeFromConditionalTypeNode	K-COND	(*Checker).getConditionalType	checker/checker.go:24414
K-COND	(*Checker).getTypeFromConditionalTypeNode	PRE:keys	getConditionalTypeKey	checker/checker.go:24417
K-COND	(*Checker).getConditionalType	PRE:symbols	(*Checker).error	checker/checker.go:24434
K-COND	(*Checker).getConditionalType	T-INSTANTIATE	(*Checker).instantiateType	checker/checker.go:24437
K-COND	(*Checker).getConditionalType	MID:flow	(*Checker).getActualTypeVariable	checker/checker.go:24437
K-COND	(*Checker).getConditionalType	K-COND	(*Checker).isSimpleTupleType	checker/checker.go:24450
K-COND	(*Checker).getConditionalType	K-COND	(*Checker).isDeferredType	checker/checker.go:24451
K-COND	(*Checker).getConditionalType	MID:inference	(*Checker).newInferenceContext	checker/checker.go:24468
K-COND	(*Checker).getConditionalType	PRE:datamodel	(*Checker).combineTypeMappers	checker/checker.go:24470
K-COND	(*Checker).getConditionalType	MID:inference	(*Checker).inferTypes	checker/checker.go:24476
K-COND	(*Checker).getConditionalType	MID:relations	(*Checker).isTypeAssignableTo	checker/checker.go:24500
K-COND	(*Checker).getConditionalType	K-COND	(*Checker).getPermissiveInstantiation	checker/checker.go:24500
K-COND	(*Checker).getConditionalType	K-PRED	someType	checker/checker.go:24506
K-COND	(*Checker).getConditionalType	T-TYPENODE	(*Checker).getTypeFromTypeNode	checker/checker.go:24509
K-COND	(*Checker).getConditionalType	PRE:datamodel	(*Type).AsConditionalType	checker/checker.go:24515
K-COND	(*Checker).getConditionalType	K-COND	(*Checker).getTailRecursionRoot	checker/checker.go:24520
K-COND	(*Checker).getConditionalType	K-COND	(*Checker).getRestrictiveInstantiation	checker/checker.go:24538
K-COND	(*Checker).getConditionalType	PRE:objects	(*Checker).newConditionalType	checker/checker.go:24555
K-COND	(*Checker).getConditionalType	T-INSTANTIATE	(*Checker).instantiateTypeAlias	checker/checker.go:24559
K-COND	(*Checker).getConditionalType	K-UNION	(*Checker).getUnionType	checker/checker.go:24564
K-COND	(*Checker).getTailRecursionRoot	PRE:datamodel	(*Type).AsConditionalType	checker/checker.go:24575
K-COND	(*Checker).getTailRecursionRoot	PRE:datamodel	(*Checker).combineTypeMappers	checker/checker.go:24577
K-COND	(*Checker).getTailRecursionRoot	PRE:datamodel	(*TypeMapper).Map	checker/checker.go:24578
K-COND	(*Checker).getTailRecursionRoot	PRE:datamodel	newTypeMapper	checker/checker.go:24579
K-COND	(*Checker).isDeferredType	K-GENERIC	(*Checker).isGenericType	checker/checker.go:24599
K-COND	(*Checker).isDeferredType	T-TUPLE	isTupleType	checker/checker.go:24599
K-COND	(*Checker).isDeferredType	T-TUPLE	(*Checker).getElementTypes	checker/checker.go:24599
K-COND	(*Checker).getPermissiveInstantiation	T-INSTANTIATE	(*Checker).instantiateType	checker/checker.go:24610
K-COND	(*Checker).getRestrictiveInstantiation	T-INSTANTIATE	(*Checker).instantiateType	checker/checker.go:24623
K-COND	(*Checker).getRestrictiveTypeParameter	PRE:datamodel	(*Type).AsTypeParameter	checker/checker.go:24635
K-COND	(*Checker).getRestrictiveTypeParameter	T-CONSTRAINT	(*Checker).getConstraintDeclaration	checker/checker.go:24635
K-COND	(*Checker).getRestrictiveTypeParameter	PRE:objects	(*Checker).newTypeParameter	checker/checker.go:24642
K-COND	(*Checker).restrictiveMapperWorker	K-COND	(*Checker).getRestrictiveTypeParameter	checker/checker.go:24650
K-COND	(*Checker).getTrueTypeFromConditionalType	PRE:datamodel	(*Type).AsConditionalType	checker/checker.go:24663
K-COND	(*Checker).getTrueTypeFromConditionalType	T-INSTANTIATE	(*Checker).instantiateType	checker/checker.go:24665
K-COND	(*Checker).getTrueTypeFromConditionalType	T-TYPENODE	(*Checker).getTypeFromTypeNode	checker/checker.go:24665
K-COND	(*Checker).getFalseTypeFromConditionalType	PRE:datamodel	(*Type).AsConditionalType	checker/checker.go:24671
K-COND	(*Checker).getFalseTypeFromConditionalType	T-INSTANTIATE	(*Checker).instantiateType	checker/checker.go:24673
K-COND	(*Checker).getFalseTypeFromConditionalType	T-TYPENODE	(*Checker).getTypeFromTypeNode	checker/checker.go:24673
K-COND	(*Checker).getInferredTrueTypeFromConditionalType	PRE:datamodel	(*Type).AsConditionalType	checker/checker.go:24679
K-COND	(*Checker).getInferredTrueTypeFromConditionalType	T-INSTANTIATE	(*Checker).instantiateType	checker/checker.go:24682
K-COND	(*Checker).getInferredTrueTypeFromConditionalType	T-TYPENODE	(*Checker).getTypeFromTypeNode	checker/checker.go:24682
K-COND	(*Checker).getInferredTrueTypeFromConditionalType	K-COND	(*Checker).getTrueTypeFromConditionalType	checker/checker.go:24684
K-COND	(*Checker).getTypeFromInferTypeNode	T-DECLARED	(*Checker).getDeclaredTypeOfTypeParameter	checker/checker.go:24693
K-COND	(*Checker).getTypeFromInferTypeNode	PRE:symbols	(*Checker).getSymbolOfDeclaration	checker/checker.go:24693
K-IMPORTTYPE	(*Checker).getTypeFromImportTypeNode	PRE:symbols	(*Checker).error	checker/checker.go:24703
K-IMPORTTYPE	(*Checker).getTypeFromImportTypeNode	?	(*nodeLinkStore[SymbolNodeLinks]).Get	checker/checker.go:24704
K-IMPORTTYPE	(*Checker).getTypeFromImportTypeNode	PRE:symbols	(*Checker).resolveExternalModuleName	checker/checker.go:24710
K-IMPORTTYPE	(*Checker).getTypeFromImportTypeNode	PRE:symbols	(*Checker).resolveExternalModuleSymbol	checker/checker.go:24716
K-IMPORTTYPE	(*Checker).getTypeFromImportTypeNode	K-IMPORTTYPE	(*Checker).getIdentifierChain	checker/checker.go:24718
K-IMPORTTYPE	(*Checker).getTypeFromImportTypeNode	PRE:symbols	(*Checker).getMergedSymbol	checker/checker.go:24728
K-IMPORTTYPE	(*Checker).getTypeFromImportTypeNode	PRE:symbols	(*Checker).resolveSymbol	checker/checker.go:24728
K-IMPORTTYPE	(*Checker).getTypeFromImportTypeNode	T-LOOKUP	(*Checker).getPropertyOfTypeEx	checker/checker.go:24732
K-IMPORTTYPE	(*Checker).getTypeFromImportTypeNode	T-SYMTYPE	(*Checker).getTypeOfSymbol	checker/checker.go:24732
K-IMPORTTYPE	(*Checker).getTypeFromImportTypeNode	PRE:init	(*Checker).getSymbol	checker/checker.go:24734
K-IMPORTTYPE	(*Checker).getTypeFromImportTypeNode	PRE:symbols	(*Checker).getExportsOfSymbol	checker/checker.go:24734
K-IMPORTTYPE	(*Checker).getTypeFromImportTypeNode	PRE:symbols	(*Checker).getFullyQualifiedName	checker/checker.go:24748
K-IMPORTTYPE	(*Checker).getTypeFromImportTypeNode	K-IMPORTTYPE	(*Checker).resolveImportSymbolType	checker/checker.go:24756
K-IMPORTTYPE	(*Checker).getTypeFromImportTypeNode	PRE:symbols	(*Checker).getSymbolFlags	checker/checker.go:24758
K-IMPORTTYPE	(*Checker).getIdentifierChain	K-IMPORTTYPE	(*Checker).getIdentifierChain	checker/checker.go:24777
K-IMPORTTYPE	(*Checker).resolveImportSymbolType	PRE:symbols	(*Checker).resolveSymbol	checker/checker.go:24781
K-IMPORTTYPE	(*Checker).resolveImportSymbolType	?	(*nodeLinkStore[SymbolNodeLinks]).Get	checker/checker.go:24782
K-IMPORTTYPE	(*Checker).resolveImportSymbolType	MID:expr	(*Checker).getInstantiationExpressionType	checker/checker.go:24785
K-IMPORTTYPE	(*Checker).resolveImportSymbolType	T-SYMTYPE	(*Checker).getTypeOfSymbol	checker/checker.go:24785
K-IMPORTTYPE	(*Checker).resolveImportSymbolType	T-TYPENODE	(*Checker).getTypeReferenceType	checker/checker.go:24788
T-TUPLE	(*Checker).createTypeFromGenericGlobalType	PRE:objects	(*Checker).createTypeReference	checker/checker.go:24793
T-TUPLE	(*Checker).getGlobalStrictFunctionType	PRE:init	(*Checker).getGlobalType	checker/checker.go:24800
T-TUPLE	(*Checker).getGlobalImportMetaExpressionType	PRE:symbols	(*Checker).newSymbol	checker/checker.go:24808
T-TUPLE	(*Checker).getGlobalImportMetaExpressionType	PRE:symbols	(*Checker).newSymbolEx	checker/checker.go:24810
T-TUPLE	(*Checker).getGlobalImportMetaExpressionType	?	(*symbolArenaLinkStore[ValueSymbolLinks]).Get	checker/checker.go:24812
T-TUPLE	(*Checker).getGlobalImportMetaExpressionType	PRE:util	createSymbolTable	checker/checker.go:24813
T-TUPLE	(*Checker).getGlobalImportMetaExpressionType	PRE:objects	(*Checker).newAnonymousType	checker/checker.go:24815
T-TUPLE	(*Checker).createIterableType	T-TUPLE	(*Checker).createTypeFromGenericGlobalType	checker/checker.go:24821
T-TUPLE	(*Checker).createArrayType	T-TUPLE	(*Checker).createArrayTypeEx	checker/checker.go:24825
T-TUPLE	(*Checker).createArrayTypeEx	T-TUPLE	(*Checker).createTypeFromGenericGlobalType	checker/checker.go:24829
T-TUPLE	(*Checker).getTupleElementFlags	T-TYPENODE	(*Checker).getArrayElementTypeNode	checker/checker.go:24837
T-TUPLE	(*Checker).getTupleElementInfo	T-TUPLE	(*Checker).getTupleElementFlags	checker/checker.go:24853
T-TUPLE	(*Checker).createTupleType	T-TUPLE	(*Checker).createTupleTypeEx	checker/checker.go:24860
T-TUPLE	(*Checker).createTupleTypeEx	T-TUPLE	(*Checker).getTupleTargetType	checker/checker.go:24864
T-TUPLE	(*Checker).createTupleTypeEx	T-TUPLE	(*Checker).createNormalizedTypeReference	checker/checker.go:24869
T-TUPLE	(*Checker).getTupleTargetType	PRE:keys	getTupleKey	checker/checker.go:24882
T-TUPLE	(*Checker).getTupleTargetType	T-TUPLE	(*Checker).createTupleTargetType	checker/checker.go:24885
T-TUPLE	(*Checker).createTupleTargetType	PRE:objects	(*Checker).newTypeParameter	checker/checker.go:24909
T-TUPLE	(*Checker).createTupleTargetType	PRE:symbols	(*Checker).newSymbolEx	checker/checker.go:24914
T-TUPLE	(*Checker).createTupleTargetType	?	(*symbolArenaLinkStore[ValueSymbolLinks]).Get	checker/checker.go:24915
T-TUPLE	(*Checker).createTupleTargetType	K-LIT	(*Checker).getNumberLiteralType	checker/checker.go:24928
T-TUPLE	(*Checker).createTupleTargetType	K-UNION	(*Checker).getUnionType	checker/checker.go:24930
T-TUPLE	(*Checker).createTupleTargetType	PRE:objects	(*Checker).newObjectType	checker/checker.go:24933
T-TUPLE	(*Checker).createTupleTargetType	PRE:datamodel	(*Type).AsTupleType	checker/checker.go:24934
T-TUPLE	(*Checker).createTupleTargetType	PRE:datamodel	(*Type).AsTypeParameter	checker/checker.go:24936
T-TUPLE	(*Checker).createTupleTargetType	PRE:keys	getTypeListKey	checker/checker.go:24940
T-TUPLE	(*Checker).createTupleTargetType	PRE:datamodel	(*InterfaceType).TypeParameters	checker/checker.go:24940
T-TUPLE	(*Checker).getElementTypeOfSliceOfTupleType	T-TUPLE	(*Checker).getTypeReferenceArity	checker/checker.go:24954
T-TUPLE	(*Checker).getElementTypeOfSliceOfTupleType	PRE:datamodel	(*Type).TargetTupleType	checker/checker.go:24955
T-TUPLE	(*Checker).getElementTypeOfSliceOfTupleType	T-TYPENODE	(*Checker).getTypeArguments	checker/checker.go:24957
T-TUPLE	(*Checker).getElementTypeOfSliceOfTupleType	K-INDEXED	(*Checker).getIndexedAccessType	checker/checker.go:24962
T-TUPLE	(*Checker).getElementTypeOfSliceOfTupleType	K-INTERSECT	(*Checker).getIntersectionType	checker/checker.go:24967
T-TUPLE	(*Checker).getElementTypeOfSliceOfTupleType	K-UNION	(*Checker).getUnionTypeEx	checker/checker.go:24969
T-TUPLE	(*Checker).getRestTypeOfTupleType	T-TUPLE	(*Checker).getElementTypeOfSliceOfTupleType	checker/checker.go:24975
T-TUPLE	(*Checker).getRestTypeOfTupleType	PRE:datamodel	(*Type).TargetTupleType	checker/checker.go:24975
T-TUPLE	(*Checker).getTupleElementTypeOutOfStartCount	K-UNION	(*Checker).mapType	checker/checker.go:24979
T-TUPLE	(*Checker).getTupleElementTypeOutOfStartCount	T-TUPLE	(*Checker).getRestTypeOfTupleType	checker/checker.go:24980
T-TUPLE	(*Checker).getTupleElementTypeOutOfStartCount	T-TUPLE	getTotalFixedElementCount	checker/checker.go:24984
T-TUPLE	(*Checker).getTupleElementTypeOutOfStartCount	PRE:datamodel	(*Type).TargetTupleType	checker/checker.go:24984
T-TUPLE	(*Checker).getTupleElementTypeOutOfStartCount	K-UNION	(*Checker).getUnionType	checker/checker.go:24985
K-GENERIC	(*Checker).isGenericType	K-GENERIC	(*Checker).getGenericObjectFlags	checker/checker.go:24992
K-GENERIC	(*Checker).isGenericObjectType	K-GENERIC	(*Checker).getGenericObjectFlags	checker/checker.go:24996
K-GENERIC	(*Checker).isGenericIndexType	K-GENERIC	(*Checker).getGenericObjectFlags	checker/checker.go:25000
K-GENERIC	(*Checker).getGenericObjectFlags	PRE:datamodel	(*Type).Types	checker/checker.go:25008
K-GENERIC	(*Checker).getGenericObjectFlags	K-GENERIC	(*Checker).getGenericObjectFlags	checker/checker.go:25009
K-GENERIC	(*Checker).getGenericObjectFlags	PRE:datamodel	(*Type).AsSubstitutionType	checker/checker.go:25012
K-GENERIC	(*Checker).getGenericObjectFlags	K-GENERIC	(*Checker).isGenericMappedType	checker/checker.go:25018
K-GENERIC	(*Checker).getGenericObjectFlags	K-GENERIC	(*Checker).isGenericTupleType	checker/checker.go:25018
K-GENERIC	(*Checker).getGenericObjectFlags	K-PRED	(*Checker).isGenericStringLikeType	checker/checker.go:25021
K-GENERIC	(*Checker).isGenericTupleType	T-TUPLE	isTupleType	checker/checker.go:25028
K-GENERIC	(*Checker).isGenericTupleType	PRE:datamodel	(*Type).TargetTupleType	checker/checker.go:25028
K-GENERIC	(*Checker).isGenericMappedType	T-MAPPED	(*Checker).getConstraintTypeFromMappedType	checker/checker.go:25033
K-GENERIC	(*Checker).isGenericMappedType	K-GENERIC	(*Checker).isGenericIndexType	checker/checker.go:25034
K-GENERIC	(*Checker).isGenericMappedType	T-MAPPED	(*Checker).getNameTypeFromMappedType	checker/checker.go:25040
K-GENERIC	(*Checker).isGenericMappedType	T-INSTANTIATE	(*Checker).instantiateType	checker/checker.go:25041
K-GENERIC	(*Checker).isGenericMappedType	PRE:datamodel	newSimpleTypeMapper	checker/checker.go:25041
K-GENERIC	(*Checker).isGenericMappedType	T-MAPPED	(*Checker).getTypeParameterFromMappedType	checker/checker.go:25041
K-GENERIC	(*Checker).isGenericReducibleType	PRE:datamodel	(*Type).Types	checker/checker.go:25056
K-GENERIC	(*Checker).isGenericReducibleType	K-GENERIC	(*Checker).isGenericReducibleType	checker/checker.go:25056
K-GENERIC	(*Checker).isGenericReducibleType	K-GENERIC	(*Checker).isReducibleIntersection	checker/checker.go:25057
K-GENERIC	(*Checker).isReducibleIntersection	PRE:datamodel	(*Type).AsIntersectionType	checker/checker.go:25061
K-GENERIC	(*Checker).isReducibleIntersection	T-INSTANTIATE	(*Checker).instantiateType	checker/checker.go:25063
K-GENERIC	(*Checker).isReducibleIntersection	T-APPARENT	(*Checker).getReducedType	checker/checker.go:25065
T-TYPENODE	(*Checker).getConditionalFlowTypeOfType	T-TYPENODE	(*Checker).getImpliedConstraint	checker/checker.go:25088
T-TYPENODE	(*Checker).getConditionalFlowTypeOfType	T-TYPENODE	(*Checker).getTypeFromTypeNode	checker/checker.go:25093
T-TYPENODE	(*Checker).getConditionalFlowTypeOfType	T-MAPPED	(*Checker).getTypeParameterFromMappedType	checker/checker.go:25094
T-TYPENODE	(*Checker).getConditionalFlowTypeOfType	MID:flow	(*Checker).getActualTypeVariable	checker/checker.go:25094
T-TYPENODE	(*Checker).getConditionalFlowTypeOfType	T-INSTANTIATE	(*Checker).getHomomorphicTypeVariable	checker/checker.go:25095
T-TYPENODE	(*Checker).getConditionalFlowTypeOfType	T-CONSTRAINT	(*Checker).getConstraintOfTypeParameter	checker/checker.go:25097
T-TYPENODE	(*Checker).getConditionalFlowTypeOfType	K-PRED	everyType	checker/checker.go:25098
T-TYPENODE	(*Checker).getConditionalFlowTypeOfType	T-TUPLE	(*Checker).isArrayOrTupleType	checker/checker.go:25098
T-TYPENODE	(*Checker).getConditionalFlowTypeOfType	K-UNION	(*Checker).getUnionType	checker/checker.go:25099
T-TYPENODE	(*Checker).getConditionalFlowTypeOfType	K-SUBST	(*Checker).getSubstitutionType	checker/checker.go:25107
T-TYPENODE	(*Checker).getConditionalFlowTypeOfType	K-INTERSECT	(*Checker).getIntersectionType	checker/checker.go:25107
T-TYPENODE	(*Checker).getImpliedConstraint	T-TYPENODE	isUnaryTupleTypeNode	checker/checker.go:25114
T-TYPENODE	(*Checker).getImpliedConstraint	T-TYPENODE	(*Checker).getImpliedConstraint	checker/checker.go:25115
T-TYPENODE	(*Checker).getImpliedConstraint	MID:flow	(*Checker).getActualTypeVariable	checker/checker.go:25116
T-TYPENODE	(*Checker).getImpliedConstraint	T-TYPENODE	(*Checker).getTypeFromTypeNode	checker/checker.go:25116
K-LIT	(*Checker).getRegularTypeOfLiteralType	PRE:datamodel	(*Type).AsLiteralType	checker/checker.go:25398
K-LIT	(*Checker).getRegularTypeOfLiteralType	PRE:datamodel	(*Type).AsUnionType	checker/checker.go:25401
K-LIT	(*Checker).getRegularTypeOfLiteralType	K-UNION	(*Checker).mapType	checker/checker.go:25403
K-LIT	(*Checker).getRegularTypeOfLiteralType	K-LIT	(*Checker).getRegularTypeOfLiteralType	checker/checker.go:25403
K-LIT	(*Checker).getFreshTypeOfLiteralType	PRE:datamodel	(*Type).AsLiteralType	checker/checker.go:25412
K-LIT	(*Checker).getFreshTypeOfLiteralType	PRE:objects	(*Checker).newLiteralType	checker/checker.go:25414
K-LIT	isFreshLiteralType	PRE:datamodel	(*Type).AsLiteralType	checker/checker.go:25425
K-LIT	(*Checker).getStringLiteralType	PRE:objects	(*Checker).newLiteralType	checker/checker.go:25431
K-LIT	(*Checker).getNumberLiteralType	PRE:objects	(*Checker).newLiteralType	checker/checker.go:25442
K-LIT	(*Checker).getBigIntLiteralType	PRE:objects	(*Checker).newLiteralType	checker/checker.go:25457
K-LIT	(*Checker).parseBigIntLiteralType	K-LIT	(*Checker).getBigIntLiteralType	checker/checker.go:25466
K-LIT	getStringLiteralValue	PRE:datamodel	(*Type).AsLiteralType	checker/checker.go:25470
K-LIT	getNumberLiteralValue	PRE:datamodel	(*Type).AsLiteralType	checker/checker.go:25474
K-LIT	getBigIntLiteralValue	PRE:datamodel	(*Type).AsLiteralType	checker/checker.go:25478
K-LIT	getBooleanLiteralValue	PRE:datamodel	(*Type).AsLiteralType	checker/checker.go:25482
K-LIT	(*Checker).getEnumLiteralType	PRE:objects	(*Checker).newLiteralType	checker/checker.go:25497
K-LIT	isLiteralType	PRE:datamodel	(*Type).Types	checker/checker.go:25524
K-LIT	isLiteralType	K-LIT	isUnitType	checker/checker.go:25524
K-LIT	(*Checker).isUnitLikeType	T-CONSTRAINT	(*Checker).getBaseConstraintOrType	checker/checker.go:25539
K-LIT	(*Checker).isUnitLikeType	PRE:datamodel	(*Type).AsIntersectionType	checker/checker.go:25542
K-LIT	(*Checker).isUnitLikeType	K-LIT	isUnitType	checker/checker.go:25542
K-LIT	(*Checker).extractUnitType	PRE:datamodel	(*Type).AsIntersectionType	checker/checker.go:25549
K-LIT	(*Checker).extractUnitType	K-LIT	isUnitType	checker/checker.go:25549
K-LIT	(*Checker).getBaseTypeOfLiteralType	K-LIT	(*Checker).getBaseTypeOfEnumLikeType	checker/checker.go:25560
K-LIT	(*Checker).getBaseTypeOfLiteralType	K-LIT	(*Checker).getBaseTypeOfLiteralTypeUnion	checker/checker.go:25570
K-LIT	(*Checker).getBaseTypeOfLiteralTypeForComparison	K-UNION	(*Checker).mapType	checker/checker.go:25588
K-LIT	(*Checker).getBaseTypeOfLiteralTypeForComparison	K-LIT	(*Checker).getBaseTypeOfLiteralTypeForComparison	checker/checker.go:25588
K-LIT	(*Checker).getBaseTypeOfEnumLikeType	T-DECLARED	(*Checker).getDeclaredTypeOfSymbol	checker/checker.go:25595
K-LIT	(*Checker).getBaseTypeOfEnumLikeType	PRE:symbols	(*Checker).getParentOfSymbol	checker/checker.go:25595
K-LIT	(*Checker).getBaseTypeOfLiteralTypeUnion	K-UNION	(*Checker).mapType	checker/checker.go:25605
K-LIT	(*Checker).getBaseTypeOfLiteralTypeUnion	K-LIT	(*Checker).getBaseTypeOfLiteralType	checker/checker.go:25605
T-WIDEN	(*Checker).getWidenedLiteralType	K-LIT	isFreshLiteralType	checker/checker.go:25612
T-WIDEN	(*Checker).getWidenedLiteralType	K-LIT	(*Checker).getBaseTypeOfEnumLikeType	checker/checker.go:25613
T-WIDEN	(*Checker).getWidenedLiteralType	K-UNION	(*Checker).mapType	checker/checker.go:25623
T-WIDEN	(*Checker).getWidenedLiteralType	T-WIDEN	(*Checker).getWidenedLiteralType	checker/checker.go:25623
T-WIDEN	(*Checker).getWidenedUniqueESSymbolType	K-UNION	(*Checker).mapType	checker/checker.go:25633
T-WIDEN	(*Checker).getWidenedUniqueESSymbolType	T-WIDEN	(*Checker).getWidenedUniqueESSymbolType	checker/checker.go:25633
T-WIDEN	(*Checker).getWidenedLiteralLikeTypeForContextualType	T-WIDEN	(*Checker).isLiteralOfContextualType	checker/checker.go:25639
T-WIDEN	(*Checker).getWidenedLiteralLikeTypeForContextualType	T-WIDEN	(*Checker).getWidenedUniqueESSymbolType	checker/checker.go:25640
T-WIDEN	(*Checker).getWidenedLiteralLikeTypeForContextualType	T-WIDEN	(*Checker).getWidenedLiteralType	checker/checker.go:25640
T-WIDEN	(*Checker).getWidenedLiteralLikeTypeForContextualType	K-LIT	(*Checker).getRegularTypeOfLiteralType	checker/checker.go:25642
T-WIDEN	(*Checker).isLiteralOfContextualType	PRE:datamodel	(*Type).Types	checker/checker.go:25648
T-WIDEN	(*Checker).isLiteralOfContextualType	T-WIDEN	(*Checker).isLiteralOfContextualType	checker/checker.go:25649
T-WIDEN	(*Checker).isLiteralOfContextualType	T-CONSTRAINT	(*Checker).getBaseConstraintOfType	checker/checker.go:25656
T-WIDEN	(*Checker).isLiteralOfContextualType	K-PRED	(*Checker).maybeTypeOfKind	checker/checker.go:25660
K-UNION	(*Checker).mapTypeWithAlias	K-UNION	(*Checker).getUnionTypeEx	checker/checker.go:25679
K-UNION	(*Checker).mapTypeWithAlias	PRE:datamodel	(*Type).Types	checker/checker.go:25679
K-UNION	(*Checker).mapTypeWithAlias	K-UNION	(*Checker).mapType	checker/checker.go:25681
K-UNION	(*Checker).mapType	K-UNION	(*Checker).mapTypeEx	checker/checker.go:25685
K-UNION	(*Checker).mapTypeEx	PRE:datamodel	(*Type).AsUnionType	checker/checker.go:25695
K-UNION	(*Checker).mapTypeEx	PRE:datamodel	(*Type).Types	checker/checker.go:25698
K-UNION	(*Checker).mapTypeEx	K-UNION	(*Checker).mapTypeEx	checker/checker.go:25705
K-UNION	(*Checker).mapTypeEx	K-UNION	(*Checker).getUnionTypeEx	checker/checker.go:25720
K-UNION	(*Checker).getUnionOrIntersectionType	K-UNION	(*Checker).getUnionTypeEx	checker/checker.go:25735
K-UNION	(*Checker).getUnionOrIntersectionType	K-INTERSECT	(*Checker).getIntersectionType	checker/checker.go:25737
K-UNION	(*Checker).getUnionType	K-UNION	(*Checker).getUnionTypeEx	checker/checker.go:25741
K-UNION	(*Checker).getUnionTypeEx	PRE:keys	getAliasKey	checker/checker.go:25765
K-UNION	(*Checker).getUnionTypeEx	K-UNION	(*Checker).getUnionTypeWorker	checker/checker.go:25768
K-UNION	(*Checker).getUnionTypeWorker	K-UNION	(*Checker).addTypesToUnion	checker/checker.go:25777
K-UNION	(*Checker).getUnionTypeWorker	K-UNION	(*Checker).removeRedundantLiteralTypes	checker/checker.go:25799
K-UNION	(*Checker).getUnionTypeWorker	K-UNION	(*Checker).removeStringLiteralsMatchedByTemplateLiterals	checker/checker.go:25802
K-UNION	(*Checker).getUnionTypeWorker	K-UNION	(*Checker).removeConstrainedTypeVariables	checker/checker.go:25805
K-UNION	(*Checker).getUnionTypeWorker	K-UNION	(*Checker).removeSubtypes	checker/checker.go:25808
K-UNION	(*Checker).getUnionTypeWorker	K-UNION	(*Checker).addNamedUnions	checker/checker.go:25830
K-UNION	(*Checker).getUnionTypeWorker	K-PRED	containsType	checker/checker.go:25833
K-UNION	(*Checker).getUnionTypeWorker	PRE:datamodel	(*Type).Types	checker/checker.go:25833
K-UNION	(*Checker).getUnionTypeWorker	K-PRED	insertType	checker/checker.go:25848
K-UNION	(*Checker).getUnionTypeWorker	PRE:objects	(*Checker).newUnionType	checker/checker.go:25850
K-UNION	(*Checker).getUnionTypeWorker	K-UNION	(*Checker).getUnionTypeFromSortedList	checker/checker.go:25855
K-UNION	(*Checker).getUnionTypeFromSortedList	PRE:keys	getUnionKey	checker/checker.go:25866
K-UNION	(*Checker).getUnionTypeFromSortedList	PRE:objects	(*Checker).newUnionType	checker/checker.go:25869
K-UNION	(*Checker).getUnionTypeFromSortedList	PRE:objects	(*Checker).getPropagatingFlagsOfTypes	checker/checker.go:25869
K-UNION	(*Checker).getUnionTypeFromSortedList	PRE:datamodel	(*Type).AsUnionType	checker/checker.go:25870
K-UNION	(*Checker).addTypesToUnion	K-PRED	(*Checker).isErrorType	checker/checker.go:25903
K-UNION	(*Checker).addTypesToUnion	PRE:datamodel	(*Type).AsUnionType	checker/checker.go:25918
K-UNION	(*Checker).addTypesToUnion	PRE:util	CompareTypes	checker/checker.go:25933
K-UNION	(*Checker).addNamedUnions	PRE:datamodel	(*Type).AsUnionType	checker/checker.go:25950
K-UNION	(*Checker).addNamedUnions	K-UNION	(*Checker).addNamedUnions	checker/checker.go:25954
K-UNION	(*Checker).addNamedUnions	PRE:datamodel	(*Type).Types	checker/checker.go:25954
K-UNION	(*Checker).removeRedundantLiteralTypes	K-LIT	isFreshLiteralType	checker/checker.go:25972
K-UNION	(*Checker).removeRedundantLiteralTypes	K-PRED	containsType	checker/checker.go:25972
K-UNION	(*Checker).removeRedundantLiteralTypes	PRE:datamodel	(*Type).AsLiteralType	checker/checker.go:25972
K-UNION	(*Checker).removeStringLiteralsMatchedByTemplateLiterals	K-PRED	(*Checker).isPatternLiteralType	checker/checker.go:25981
K-UNION	(*Checker).removeStringLiteralsMatchedByTemplateLiterals	K-UNION	(*Checker).isTypeMatchedByTemplateLiteralOrStringMapping	checker/checker.go:25988
K-UNION	(*Checker).isTypeMatchedByTemplateLiteralOrStringMapping	MID:relations	(*Checker).isTypeMatchedByTemplateLiteralType	checker/checker.go:25999
K-UNION	(*Checker).isTypeMatchedByTemplateLiteralOrStringMapping	PRE:datamodel	(*Type).AsTemplateLiteralType	checker/checker.go:25999
K-UNION	(*Checker).isTypeMatchedByTemplateLiteralOrStringMapping	MID:relations	(*Checker).isMemberOfStringMapping	checker/checker.go:26001
K-UNION	(*Checker).removeConstrainedTypeVariables	PRE:datamodel	(*Type).AsIntersectionType	checker/checker.go:26010
K-UNION	(*Checker).removeConstrainedTypeVariables	K-PRED	insertType	checker/checker.go:26029
K-UNION	(*Checker).removeConstrainedTypeVariables	T-CONSTRAINT	(*Checker).getBaseConstraintOfType	checker/checker.go:26035
K-UNION	(*Checker).removeConstrainedTypeVariables	K-PRED	everyType	checker/checker.go:26036
K-UNION	(*Checker).removeConstrainedTypeVariables	K-PRED	containsType	checker/checker.go:26036
K-UNION	(*Checker).removeSubtypes	PRE:keys	getTypeListKey	checker/checker.go:26062
K-UNION	(*Checker).removeSubtypes	K-GENERIC	(*Checker).isGenericMappedType	checker/checker.go:26070
K-UNION	(*Checker).removeSubtypes	K-PRED	(*Checker).isEmptyResolvedType	checker/checker.go:26070
K-UNION	(*Checker).removeSubtypes	T-MEMBERS	(*Checker).resolveStructuredTypeMembers	checker/checker.go:26070
K-UNION	(*Checker).removeSubtypes	T-CONSTRAINT	(*Checker).getBaseConstraintOrType	checker/checker.go:26083
K-UNION	(*Checker).removeSubtypes	MID:relations	(*Checker).isTypeRelatedTo	checker/checker.go:26084
K-UNION	(*Checker).removeSubtypes	K-UNION	(*Checker).getUnionType	checker/checker.go:26084
K-UNION	(*Checker).removeSubtypes	T-LOOKUP	(*Checker).getPropertiesOfType	checker/checker.go:26100
K-UNION	(*Checker).removeSubtypes	K-LIT	isUnitType	checker/checker.go:26101
K-UNION	(*Checker).removeSubtypes	T-SYMTYPE	(*Checker).getTypeOfSymbol	checker/checker.go:26101
K-UNION	(*Checker).removeSubtypes	K-LIT	(*Checker).getRegularTypeOfLiteralType	checker/checker.go:26105
K-UNION	(*Checker).removeSubtypes	PRE:tracer	(*Tracer).Instant	checker/checker.go:26117
K-UNION	(*Checker).removeSubtypes	PRE:symbols	(*Checker).error	checker/checker.go:26119
K-UNION	(*Checker).removeSubtypes	T-LOOKUP	(*Checker).getTypeOfPropertyOfType	checker/checker.go:26125
K-UNION	(*Checker).removeSubtypes	K-PRED	(*Checker).IsEmptyAnonymousObjectType	checker/checker.go:26130
K-UNION	(*Checker).removeSubtypes	MID:flow	(*Checker).getTargetType	checker/checker.go:26133
K-UNION	(*Checker).removeSubtypes	MID:relations	(*Checker).isTypeDerivedFrom	checker/checker.go:26135
K-UNION	(*Checker).intersectTypes	K-INTERSECT	(*Checker).getIntersectionType	checker/checker.go:26154
K-INTERSECT	(*Checker).getIntersectionType	K-INTERSECT	(*Checker).getIntersectionTypeEx	checker/checker.go:26176
K-INTERSECT	(*Checker).getIntersectionTypeEx	K-INTERSECT	(*Checker).addTypesToIntersection	checker/checker.go:26182
K-INTERSECT	(*Checker).getIntersectionTypeEx	K-INTERSECT	(*Checker).extractRedundantTemplateLiterals	checker/checker.go:26211
K-INTERSECT	(*Checker).getIntersectionTypeEx	K-INTERSECT	(*Checker).removeRedundantSupertypes	checker/checker.go:26241
K-INTERSECT	(*Checker).getIntersectionTypeEx	K-PRED	(*Checker).isGenericStringLikeType	checker/checker.go:26260
K-INTERSECT	(*Checker).getIntersectionTypeEx	T-CONSTRAINT	(*Checker).getBaseConstraintOfType	checker/checker.go:26263
K-INTERSECT	(*Checker).getIntersectionTypeEx	K-PRED	everyType	checker/checker.go:26265
K-INTERSECT	(*Checker).getIntersectionTypeEx	MID:relations	(*Checker).isTypeStrictSubtypeOf	checker/checker.go:26268
K-INTERSECT	(*Checker).getIntersectionTypeEx	K-PRED	someType	checker/checker.go:26271
K-INTERSECT	(*Checker).getIntersectionTypeEx	PRE:keys	getIntersectionKey	checker/checker.go:26289
K-INTERSECT	(*Checker).getIntersectionTypeEx	K-INTERSECT	(*Checker).intersectUnionsOfPrimitiveTypes	checker/checker.go:26294
K-INTERSECT	(*Checker).getIntersectionTypeEx	K-INTERSECT	(*Checker).getIntersectionTypeEx	checker/checker.go:26300
K-INTERSECT	(*Checker).getIntersectionTypeEx	K-INTERSECT	isUnionWithUndefined	checker/checker.go:26301
K-INTERSECT	(*Checker).getIntersectionTypeEx	K-PRED	(*Checker).filterTypes	checker/checker.go:26306
K-INTERSECT	(*Checker).getIntersectionTypeEx	K-INTERSECT	isNotUndefinedType	checker/checker.go:26306
K-INTERSECT	(*Checker).getIntersectionTypeEx	K-UNION	(*Checker).getUnionTypeEx	checker/checker.go:26307
K-INTERSECT	(*Checker).getIntersectionTypeEx	K-INTERSECT	isUnionWithNull	checker/checker.go:26308
K-INTERSECT	(*Checker).getIntersectionTypeEx	K-INTERSECT	isNotNullType	checker/checker.go:26309
K-INTERSECT	(*Checker).getIntersectionTypeEx	K-INTERSECT	(*Checker).checkCrossProductUnion	checker/checker.go:26326
K-INTERSECT	(*Checker).getIntersectionTypeEx	K-INTERSECT	(*Checker).getCrossProductIntersections	checker/checker.go:26329
K-INTERSECT	(*Checker).getIntersectionTypeEx	K-INTERSECT	isIntersectionType	checker/checker.go:26334
K-INTERSECT	(*Checker).getIntersectionTypeEx	K-PRED	getConstituentCountOfTypes	checker/checker.go:26334
K-INTERSECT	(*Checker).getIntersectionTypeEx	PRE:objects	(*Checker).newIntersectionType	checker/checker.go:26335
K-INTERSECT	(*Checker).getIntersectionTypeEx	PRE:objects	(*Checker).getPropagatingFlagsOfTypes	checker/checker.go:26340
K-INTERSECT	isUnionWithUndefined	PRE:datamodel	(*Type).Types	checker/checker.go:26349
K-INTERSECT	isUnionWithNull	PRE:datamodel	(*Type).Types	checker/checker.go:26353
K-INTERSECT	(*Checker).addTypesToIntersection	K-INTERSECT	(*Checker).addTypeToIntersection	checker/checker.go:26376
K-INTERSECT	(*Checker).addTypesToIntersection	K-LIT	(*Checker).getRegularTypeOfLiteralType	checker/checker.go:26376
K-INTERSECT	(*Checker).addTypeToIntersection	K-INTERSECT	(*Checker).addTypesToIntersection	checker/checker.go:26384
K-INTERSECT	(*Checker).addTypeToIntersection	PRE:datamodel	(*Type).Types	checker/checker.go:26384
K-INTERSECT	(*Checker).addTypeToIntersection	K-PRED	(*Checker).IsEmptyAnonymousObjectType	checker/checker.go:26386
K-INTERSECT	(*Checker).addTypeToIntersection	?	(*orderedSet[*Type]).add	checker/checker.go:26389
K-INTERSECT	(*Checker).addTypeToIntersection	K-PRED	(*Checker).isErrorType	checker/checker.go:26396
K-INTERSECT	(*Checker).addTypeToIntersection	?	(*orderedSet[*Type]).contains	checker/checker.go:26404
K-INTERSECT	(*Checker).removeRedundantSupertypes	K-PRED	(*Checker).IsEmptyAnonymousObjectType	checker/checker.go:26428
K-INTERSECT	(*Checker).extractRedundantTemplateLiterals	MID:relations	(*Checker).isTypeSubtypeOf	checker/checker.go:26450
K-INTERSECT	(*Checker).extractRedundantTemplateLiterals	K-PRED	(*Checker).isPatternLiteralType	checker/checker.go:26455
K-INTERSECT	(*Checker).intersectUnionsOfPrimitiveTypes	K-INTERSECT	isPrimitiveUnion	checker/checker.go:26467
K-INTERSECT	(*Checker).intersectUnionsOfPrimitiveTypes	PRE:datamodel	(*Type).Types	checker/checker.go:26494
K-INTERSECT	(*Checker).intersectUnionsOfPrimitiveTypes	K-PRED	insertType	checker/checker.go:26496
K-INTERSECT	(*Checker).intersectUnionsOfPrimitiveTypes	K-INTERSECT	(*Checker).eachUnionContains	checker/checker.go:26497
K-INTERSECT	(*Checker).intersectUnionsOfPrimitiveTypes	K-UNION	(*Checker).getUnionTypeFromSortedList	checker/checker.go:26512
K-INTERSECT	(*Checker).eachUnionContains	K-INTERSECT	(*Checker).unionContainsType	checker/checker.go:26521
K-INTERSECT	(*Checker).unionContainsType	PRE:datamodel	(*Type).Types	checker/checker.go:26529
K-INTERSECT	(*Checker).unionContainsType	K-PRED	containsType	checker/checker.go:26530
K-INTERSECT	(*Checker).getCrossProductIntersections	K-INTERSECT	(*Checker).getCrossProductUnionSize	checker/checker.go:26554
K-INTERSECT	(*Checker).getCrossProductIntersections	PRE:datamodel	(*Type).Types	checker/checker.go:26561
K-INTERSECT	(*Checker).getCrossProductIntersections	K-INTERSECT	(*Checker).getIntersectionTypeEx	checker/checker.go:26567
K-PRED	getConstituentCount	PRE:datamodel	(*Type).AsUnionType	checker/checker.go:26579
K-PRED	getConstituentCount	K-PRED	getConstituentCount	checker/checker.go:26580
K-PRED	getConstituentCount	K-PRED	getConstituentCountOfTypes	checker/checker.go:26582
K-PRED	getConstituentCount	PRE:datamodel	(*Type).Types	checker/checker.go:26582
K-PRED	getConstituentCountOfTypes	K-PRED	getConstituentCount	checker/checker.go:26588
K-PRED	(*Checker).filterTypes	K-PRED	(*Checker).filterType	checker/checker.go:26595
K-PRED	(*Checker).IsEmptyAnonymousObjectType	K-PRED	(*Checker).isEmptyResolvedType	checker/checker.go:26600
K-PRED	(*Checker).IsEmptyAnonymousObjectType	PRE:datamodel	(*Type).AsStructuredType	checker/checker.go:26600
K-PRED	(*Checker).IsEmptyAnonymousObjectType	PRE:symbols	(*Checker).getMembersOfSymbol	checker/checker.go:26601
K-PRED	(*Checker).isEmptyResolvedType	PRE:datamodel	(*TypeBase).AsType	checker/checker.go:26605
K-PRED	(*Checker).isEmptyObjectType	K-GENERIC	(*Checker).isGenericMappedType	checker/checker.go:26611
K-PRED	(*Checker).isEmptyObjectType	K-PRED	(*Checker).isEmptyResolvedType	checker/checker.go:26611
K-PRED	(*Checker).isEmptyObjectType	T-MEMBERS	(*Checker).resolveStructuredTypeMembers	checker/checker.go:26611
K-PRED	(*Checker).isEmptyObjectType	PRE:datamodel	(*Type).Types	checker/checker.go:26615
K-PRED	(*Checker).isEmptyObjectType	K-PRED	(*Checker).isEmptyObjectType	checker/checker.go:26615
K-PRED	(*Checker).isPatternLiteralPlaceholderType	PRE:datamodel	(*Type).Types	checker/checker.go:26627
K-PRED	(*Checker).isPatternLiteralPlaceholderType	K-PRED	(*Checker).isPatternLiteralPlaceholderType	checker/checker.go:26628
K-PRED	(*Checker).isPatternLiteralPlaceholderType	K-PRED	(*Checker).isPatternLiteralType	checker/checker.go:26636
K-PRED	(*Checker).isPatternLiteralType	PRE:datamodel	(*Type).AsTemplateLiteralType	checker/checker.go:26642
K-PRED	(*Checker).isPatternLiteralType	K-PRED	(*Checker).isPatternLiteralPlaceholderType	checker/checker.go:26642
K-PRED	(*Checker).isPatternLiteralType	PRE:datamodel	(*Type).Target	checker/checker.go:26643
K-PRED	(*Checker).isGenericStringLikeType	K-PRED	(*Checker).isPatternLiteralType	checker/checker.go:26647
K-PRED	forEachType	PRE:datamodel	(*Type).Types	checker/checker.go:26652
K-PRED	someType	PRE:datamodel	(*Type).Types	checker/checker.go:26662
K-PRED	everyType	PRE:datamodel	(*Type).Types	checker/checker.go:26669
K-PRED	everyContainedType	PRE:datamodel	(*Type).Types	checker/checker.go:26676
K-PRED	(*Checker).filterType	PRE:datamodel	(*Type).Types	checker/checker.go:26683
K-PRED	(*Checker).filterType	PRE:datamodel	(*Type).AsUnionType	checker/checker.go:26688
K-PRED	(*Checker).filterType	PRE:objects	(*Checker).newUnionType	checker/checker.go:26704
K-PRED	(*Checker).filterType	K-UNION	(*Checker).getUnionTypeFromSortedList	checker/checker.go:26709
K-PRED	(*Checker).removeType	PRE:datamodel	(*Type).AsUnionType	checker/checker.go:26724
K-PRED	(*Checker).removeType	K-PRED	containsType	checker/checker.go:26724
K-PRED	(*Checker).removeType	PRE:datamodel	(*Type).Types	checker/checker.go:26724
K-PRED	(*Checker).removeType	K-PRED	(*Checker).filterType	checker/checker.go:26725
K-PRED	(*Checker).removeType	PRE:util	CompareTypes	checker/checker.go:26728
K-PRED	(*Checker).removeType	K-UNION	(*Checker).getUnionTypeFromSortedList	checker/checker.go:26734
K-PRED	containsType	PRE:util	CompareTypes	checker/checker.go:26740
K-PRED	insertType	PRE:util	CompareTypes	checker/checker.go:26745
K-PRED	countTypes	PRE:datamodel	(*Type).Types	checker/checker.go:26754
K-INTERSECT	(*Checker).checkCrossProductUnion	K-INTERSECT	(*Checker).getCrossProductUnionSize	checker/checker.go:26772
K-INTERSECT	(*Checker).checkCrossProductUnion	PRE:tracer	(*Tracer).Instant	checker/checker.go:26775
K-INTERSECT	(*Checker).checkCrossProductUnion	PRE:symbols	(*Checker).error	checker/checker.go:26777
K-INTERSECT	(*Checker).getCrossProductUnionSize	PRE:datamodel	(*Type).Types	checker/checker.go:26788
K-KEYOF	(*Checker).getIndexType	K-KEYOF	(*Checker).getIndexTypeEx	checker/checker.go:26804
K-KEYOF	(*Checker).getIndexTypeEx	T-APPARENT	(*Checker).getReducedType	checker/checker.go:26808
K-KEYOF	(*Checker).getIndexTypeEx	K-KEYOF	(*Checker).isNoInferType	checker/checker.go:26810
K-KEYOF	(*Checker).getIndexTypeEx	K-SUBST	(*Checker).getNoInferType	checker/checker.go:26811
K-KEYOF	(*Checker).getIndexTypeEx	K-KEYOF	(*Checker).getIndexTypeEx	checker/checker.go:26811
K-KEYOF	(*Checker).getIndexTypeEx	PRE:datamodel	(*Type).AsSubstitutionType	checker/checker.go:26811
K-KEYOF	(*Checker).getIndexTypeEx	K-KEYOF	(*Checker).shouldDeferIndexType	checker/checker.go:26812
K-KEYOF	(*Checker).getIndexTypeEx	K-KEYOF	(*Checker).getIndexTypeForGenericType	checker/checker.go:26813
K-KEYOF	(*Checker).getIndexTypeEx	K-INTERSECT	(*Checker).getIntersectionType	checker/checker.go:26815
K-KEYOF	(*Checker).getIndexTypeEx	PRE:datamodel	(*Type).Types	checker/checker.go:26815
K-KEYOF	(*Checker).getIndexTypeEx	K-UNION	(*Checker).getUnionType	checker/checker.go:26817
K-KEYOF	(*Checker).getIndexTypeEx	K-KEYOF	(*Checker).getIndexTypeForMappedType	checker/checker.go:26819
K-KEYOF	(*Checker).getIndexTypeEx	K-KEYOF	(*Checker).getLiteralTypeFromProperties	checker/checker.go:26829
K-KEYOF	(*Checker).getExtractStringType	T-TYPENODE	(*Checker).getTypeAliasInstantiation	checker/checker.go:26835
K-KEYOF	(*Checker).getLiteralTypeFromProperties	PRE:objects	(*Checker).newIndexType	checker/checker.go:26847
K-KEYOF	(*Checker).getLiteralTypeFromProperties	T-LOOKUP	(*Checker).getPropertiesOfType	checker/checker.go:26849
K-KEYOF	(*Checker).getLiteralTypeFromProperties	T-LOOKUP	(*Checker).getIndexInfosOfType	checker/checker.go:26850
K-KEYOF	(*Checker).getLiteralTypeFromProperties	K-KEYOF	(*Checker).getLiteralTypeFromProperty	checker/checker.go:26853
K-KEYOF	(*Checker).getLiteralTypeFromProperties	K-KEYOF	(*Checker).isKeyTypeIncluded	checker/checker.go:26856
K-KEYOF	(*Checker).getLiteralTypeFromProperties	K-UNION	(*Checker).getUnionTypeEx	checker/checker.go:26864
K-KEYOF	(*Checker).getLiteralTypeFromProperty	PRE:util	getDeclarationModifierFlagsFromSymbol	checker/checker.go:26870
K-KEYOF	(*Checker).getLiteralTypeFromProperty	?	(*symbolArenaLinkStore[ValueSymbolLinks]).Get	checker/checker.go:26871
K-KEYOF	(*Checker).getLiteralTypeFromProperty	PRE:symbols	(*Checker).getLateBoundSymbol	checker/checker.go:26871
K-KEYOF	(*Checker).getLiteralTypeFromProperty	K-LIT	(*Checker).getStringLiteralType	checker/checker.go:26874
K-KEYOF	(*Checker).getLiteralTypeFromProperty	K-KEYOF	(*Checker).getLiteralTypeFromPropertyName	checker/checker.go:26878
K-KEYOF	(*Checker).getLiteralTypeFromProperty	PRE:util	IsKnownSymbol	checker/checker.go:26880
K-KEYOF	(*Checker).getLiteralTypeFromPropertyName	K-LIT	(*Checker).getRegularTypeOfLiteralType	checker/checker.go:26897
K-KEYOF	(*Checker).getLiteralTypeFromPropertyName	MID:expr	(*Checker).checkExpression	checker/checker.go:26897
K-KEYOF	(*Checker).getLiteralTypeFromPropertyName	K-KEYOF	(*Checker).checkComputedPropertyName	checker/checker.go:26900
K-KEYOF	(*Checker).getLiteralTypeFromPropertyName	K-LIT	(*Checker).getStringLiteralType	checker/checker.go:26904
K-KEYOF	(*Checker).isKeyTypeIncluded	PRE:datamodel	(*Type).Types	checker/checker.go:26914
K-KEYOF	(*Checker).isKeyTypeIncluded	K-KEYOF	(*Checker).isKeyTypeIncluded	checker/checker.go:26915
K-KEYOF	(*Checker).checkComputedPropertyName	K-KEYOF	isInvalidComputedPropertyName	checker/checker.go:26929
K-KEYOF	(*Checker).checkComputedPropertyName	MID:expr	(*Checker).checkExpression	checker/checker.go:26933
K-KEYOF	(*Checker).checkComputedPropertyName	K-PRED	(*Checker).isTypeAssignableToKind	checker/checker.go:26937
K-KEYOF	(*Checker).checkComputedPropertyName	MID:relations	(*Checker).isTypeAssignableTo	checker/checker.go:26938
K-KEYOF	(*Checker).checkComputedPropertyName	PRE:symbols	(*Checker).error	checker/checker.go:26939
K-KEYOF	(*Checker).isNoInferType	PRE:datamodel	(*Type).AsSubstitutionType	checker/checker.go:26947
K-KEYOF	(*Checker).getSubstitutionIntersection	K-KEYOF	(*Checker).isNoInferType	checker/checker.go:26951
K-KEYOF	(*Checker).getSubstitutionIntersection	PRE:datamodel	(*Type).AsSubstitutionType	checker/checker.go:26952
K-KEYOF	(*Checker).getSubstitutionIntersection	K-INTERSECT	(*Checker).getIntersectionType	checker/checker.go:26954
K-KEYOF	(*Checker).shouldDeferIndexType	K-GENERIC	(*Checker).isGenericTupleType	checker/checker.go:26959
K-KEYOF	(*Checker).shouldDeferIndexType	K-GENERIC	(*Checker).isGenericMappedType	checker/checker.go:26960
K-KEYOF	(*Checker).shouldDeferIndexType	T-MAPPED	(*Checker).getNameTypeFromMappedType	checker/checker.go:26960
K-KEYOF	(*Checker).shouldDeferIndexType	K-GENERIC	(*Checker).isGenericReducibleType	checker/checker.go:26961
K-KEYOF	(*Checker).shouldDeferIndexType	K-PRED	(*Checker).maybeTypeOfKind	checker/checker.go:26962
K-KEYOF	(*Checker).shouldDeferIndexType	PRE:datamodel	(*Type).Types	checker/checker.go:26962
K-KEYOF	(*Checker).shouldDeferIndexType	K-PRED	(*Checker).IsEmptyAnonymousObjectType	checker/checker.go:26962
K-KEYOF	(*Checker).getMappedTypeNameTypeKind	T-MAPPED	(*Checker).getNameTypeFromMappedType	checker/checker.go:26966
K-KEYOF	(*Checker).getMappedTypeNameTypeKind	MID:relations	(*Checker).isTypeAssignableTo	checker/checker.go:26970
K-KEYOF	(*Checker).getMappedTypeNameTypeKind	T-MAPPED	(*Checker).getTypeParameterFromMappedType	checker/checker.go:26970
K-KEYOF	(*Checker).getIndexTypeForGenericType	PRE:objects	(*Checker).newIndexType	checker/checker.go:26984
K-KEYOF	(*Checker).getIndexTypeForMappedType	T-MAPPED	(*Checker).getTypeParameterFromMappedType	checker/checker.go:26995
K-KEYOF	(*Checker).getIndexTypeForMappedType	T-MAPPED	(*Checker).getConstraintTypeFromMappedType	checker/checker.go:26996
K-KEYOF	(*Checker).getIndexTypeForMappedType	T-MAPPED	(*Checker).getNameTypeFromMappedType	checker/checker.go:26997
K-KEYOF	(*Checker).getIndexTypeForMappedType	PRE:datamodel	(*Type).AsMappedType	checker/checker.go:26997
K-KEYOF	(*Checker).getIndexTypeForMappedType	T-INSTANTIATE	(*Checker).instantiateType	checker/checker.go:27006
K-KEYOF	(*Checker).getIndexTypeForMappedType	PRE:datamodel	appendTypeMapping	checker/checker.go:27006
K-KEYOF	(*Checker).getIndexTypeForMappedType	K-GENERIC	(*Checker).isGenericIndexType	checker/checker.go:27015
K-KEYOF	(*Checker).getIndexTypeForMappedType	T-MAPPED	(*Checker).isMappedTypeWithKeyofConstraintDeclaration	checker/checker.go:27016
K-KEYOF	(*Checker).getIndexTypeForMappedType	K-KEYOF	(*Checker).getIndexTypeForGenericType	checker/checker.go:27019
K-KEYOF	(*Checker).getIndexTypeForMappedType	K-PRED	forEachType	checker/checker.go:27022
K-KEYOF	(*Checker).getIndexTypeForMappedType	T-APPARENT	(*Checker).getApparentType	checker/checker.go:27024
K-KEYOF	(*Checker).getIndexTypeForMappedType	T-MAPPED	(*Checker).getModifiersTypeFromMappedType	checker/checker.go:27024
K-KEYOF	(*Checker).getIndexTypeForMappedType	T-MAPPED	(*Checker).forEachMappedTypePropertyKeyTypeAndIndexSignatureKeyType	checker/checker.go:27026
K-KEYOF	(*Checker).getIndexTypeForMappedType	T-MAPPED	(*Checker).getLowerBoundOfKeyType	checker/checker.go:27028
K-KEYOF	(*Checker).getIndexTypeForMappedType	K-PRED	(*Checker).filterType	checker/checker.go:27034
K-KEYOF	(*Checker).getIndexTypeForMappedType	K-UNION	(*Checker).getUnionType	checker/checker.go:27034
K-KEYOF	(*Checker).getIndexTypeForMappedType	PRE:keys	getTypeListKey	checker/checker.go:27040
K-KEYOF	(*Checker).getIndexTypeForMappedType	PRE:datamodel	(*Type).Types	checker/checker.go:27040
K-INDEXED	(*Checker).getIndexedAccessType	K-INDEXED	(*Checker).getIndexedAccessTypeEx	checker/checker.go:27047
K-INDEXED	(*Checker).getIndexedAccessTypeEx	K-INDEXED	(*Checker).getIndexedAccessTypeOrUndefined	checker/checker.go:27051
K-INDEXED	(*Checker).getIndexedAccessTypeOrUndefined	T-APPARENT	(*Checker).getReducedType	checker/checker.go:27062
K-INDEXED	(*Checker).getIndexedAccessTypeOrUndefined	K-PRED	(*Checker).isTypeAssignableToKind	checker/checker.go:27065
K-INDEXED	(*Checker).getIndexedAccessTypeOrUndefined	K-INDEXED	(*Checker).shouldDeferIndexedAccessType	checker/checker.go:27079
K-INDEXED	(*Checker).getIndexedAccessTypeOrUndefined	PRE:keys	getIndexedAccessKey	checker/checker.go:27085
K-INDEXED	(*Checker).getIndexedAccessTypeOrUndefined	PRE:objects	(*Checker).newIndexedAccessType	checker/checker.go:27088
K-INDEXED	(*Checker).getIndexedAccessTypeOrUndefined	T-APPARENT	(*Checker).getReducedApparentType	checker/checker.go:27097
K-INDEXED	(*Checker).getIndexedAccessTypeOrUndefined	PRE:datamodel	(*Type).Types	checker/checker.go:27101
K-INDEXED	(*Checker).getIndexedAccessTypeOrUndefined	K-INDEXED	(*Checker).getPropertyTypeForIndexType	checker/checker.go:27102
K-INDEXED	(*Checker).getIndexedAccessTypeOrUndefined	K-INTERSECT	(*Checker).getIntersectionTypeEx	checker/checker.go:27117
K-INDEXED	(*Checker).getIndexedAccessTypeOrUndefined	K-UNION	(*Checker).getUnionTypeEx	checker/checker.go:27119
K-INDEXED	(*Checker).getPropertyTypeForIndexType	K-INDEXED	(*Checker).getPropertyNameFromIndex	checker/checker.go:27132
K-INDEXED	(*Checker).getPropertyTypeForIndexType	MID:contextual	(*Checker).getTypeOfPropertyOfContextualType	checker/checker.go:27137
K-INDEXED	(*Checker).getPropertyTypeForIndexType	T-LOOKUP	(*Checker).getPropertyOfType	checker/checker.go:27143
K-INDEXED	(*Checker).getPropertyTypeForIndexType	PRE:symbols	(*Checker).isDeprecatedSymbol	checker/checker.go:27145
K-INDEXED	(*Checker).getPropertyTypeForIndexType	MID:expr	(*Checker).isUncalledFunctionReference	checker/checker.go:27145
K-INDEXED	(*Checker).getPropertyTypeForIndexType	PRE:symbols	(*Checker).addDeprecatedSuggestion	checker/checker.go:27154
K-INDEXED	(*Checker).getPropertyTypeForIndexType	K-INDEXED	(*Checker).markPropertyAsReferenced	checker/checker.go:27157
K-INDEXED	(*Checker).getPropertyTypeForIndexType	K-INDEXED	(*Checker).isSelfTypeAccess	checker/checker.go:27157
K-INDEXED	(*Checker).getPropertyTypeForIndexType	K-INDEXED	(*Checker).isAssignmentToReadonlyEntity	checker/checker.go:27158
K-INDEXED	(*Checker).getPropertyTypeForIndexType	PRE:util	getAssignmentTargetKind	checker/checker.go:27158
K-INDEXED	(*Checker).getPropertyTypeForIndexType	PRE:symbols	(*Checker).error	checker/checker.go:27159
K-INDEXED	(*Checker).getPropertyTypeForIndexType	MID:printer	(*Checker).symbolToString	checker/checker.go:27159
K-INDEXED	(*Checker).getPropertyTypeForIndexType	?	(*nodeLinkStore[SymbolNodeLinks]).Get	checker/checker.go:27163
K-INDEXED	(*Checker).getPropertyTypeForIndexType	K-INDEXED	(*Checker).isThisPropertyAccessInConstructor	checker/checker.go:27165
K-INDEXED	(*Checker).getPropertyTypeForIndexType	T-SYMTYPE	(*Checker).getWriteTypeOfSymbol	checker/checker.go:27171
K-INDEXED	(*Checker).getPropertyTypeForIndexType	T-SYMTYPE	(*Checker).getTypeOfSymbol	checker/checker.go:27173
K-INDEXED	(*Checker).getPropertyTypeForIndexType	MID:flow	(*Checker).getFlowTypeOfReference	checker/checker.go:27177
K-INDEXED	(*Checker).getPropertyTypeForIndexType	K-UNION	(*Checker).getUnionType	checker/checker.go:27179
K-INDEXED	(*Checker).getPropertyTypeForIndexType	K-PRED	everyType	checker/checker.go:27184
K-INDEXED	(*Checker).getPropertyTypeForIndexType	T-TUPLE	isTupleType	checker/checker.go:27184
K-INDEXED	(*Checker).getPropertyTypeForIndexType	PRE:util	isNumericLiteralName	checker/checker.go:27184
K-INDEXED	(*Checker).getPropertyTypeForIndexType	PRE:datamodel	(*Type).TargetTupleType	checker/checker.go:27187
K-INDEXED	(*Checker).getPropertyTypeForIndexType	K-INDEXED	getIndexNodeForAccessExpression	checker/checker.go:27189
K-INDEXED	(*Checker).getPropertyTypeForIndexType	MID:printer	(*Checker).TypeToString	checker/checker.go:27195
K-INDEXED	(*Checker).getPropertyTypeForIndexType	T-TUPLE	(*Checker).getTypeReferenceArity	checker/checker.go:27195
K-INDEXED	(*Checker).getPropertyTypeForIndexType	K-INDEXED	(*Checker).errorIfWritingToReadonlyIndex	checker/checker.go:27201
K-INDEXED	(*Checker).getPropertyTypeForIndexType	T-LOOKUP	(*Checker).getIndexInfoOfType	checker/checker.go:27201
K-INDEXED	(*Checker).getPropertyTypeForIndexType	T-TUPLE	(*Checker).getTupleElementTypeOutOfStartCount	checker/checker.go:27202
K-INDEXED	(*Checker).getPropertyTypeForIndexType	K-PRED	(*Checker).isTypeAssignableToKind	checker/checker.go:27206
K-INDEXED	(*Checker).getPropertyTypeForIndexType	T-LOOKUP	(*Checker).getApplicableIndexInfo	checker/checker.go:27212
K-INDEXED	(*Checker).getPropertyTypeForIndexType	PRE:symbols	(*Checker).getParentOfSymbol	checker/checker.go:27245
K-INDEXED	(*Checker).getPropertyTypeForIndexType	PRE:util	(*Checker).isJSLiteralType	checker/checker.go:27253
K-INDEXED	(*Checker).getPropertyTypeForIndexType	K-PRED	isConstEnumObjectType	checker/checker.go:27256
K-INDEXED	(*Checker).getPropertyTypeForIndexType	PRE:util	isObjectLiteralType	checker/checker.go:27257
K-INDEXED	(*Checker).getPropertyTypeForIndexType	PRE:symbols	(*Checker).addDiagnostic	checker/checker.go:27259
K-INDEXED	(*Checker).getPropertyTypeForIndexType	PRE:symbols	createDiagnosticForNode	checker/checker.go:27259
K-INDEXED	(*Checker).getPropertyTypeForIndexType	PRE:datamodel	(*Type).AsLiteralType	checker/checker.go:27259
K-INDEXED	(*Checker).getPropertyTypeForIndexType	PRE:datamodel	(*Type).AsStructuredType	checker/checker.go:27262
K-INDEXED	(*Checker).getPropertyTypeForIndexType	K-INDEXED	(*Checker).typeHasStaticProperty	checker/checker.go:27271
K-INDEXED	(*Checker).getPropertyTypeForIndexType	T-LOOKUP	(*Checker).getIndexTypeOfType	checker/checker.go:27274
K-INDEXED	(*Checker).getPropertyTypeForIndexType	K-INDEXED	(*Checker).getSuggestionForNonexistentProperty	checker/checker.go:27279
K-INDEXED	(*Checker).getPropertyTypeForIndexType	K-INDEXED	(*Checker).getSuggestionForNonexistentIndexSignature	checker/checker.go:27284
K-INDEXED	(*Checker).getPropertyTypeForIndexType	PRE:util	NewDiagnosticForNode	checker/checker.go:27291
K-INDEXED	(*Checker).getPropertyTypeForIndexType	PRE:symbols	(*Checker).getFullyQualifiedName	checker/checker.go:27293
K-INDEXED	(*Checker).getPropertyTypeForIndexType	PRE:util	NewDiagnosticChainForNode	checker/checker.go:27302
K-INDEXED	(*Checker).getPropertyTypeForIndexType	PRE:util	IsTypeAny	checker/checker.go:27332
K-INDEXED	(*Checker).typeHasStaticProperty	T-LOOKUP	(*Checker).getPropertyOfType	checker/checker.go:27340
K-INDEXED	(*Checker).typeHasStaticProperty	T-SYMTYPE	(*Checker).getTypeOfSymbol	checker/checker.go:27340
K-INDEXED	(*Checker).getSuggestionForNonexistentProperty	PRE:init	(*Checker).getSpellingSuggestionForName	checker/checker.go:27347
K-INDEXED	(*Checker).getSuggestionForNonexistentProperty	T-LOOKUP	(*Checker).getPropertiesOfType	checker/checker.go:27347
K-INDEXED	(*Checker).getSuggestionForNonexistentIndexSignature	T-LOOKUP	(*Checker).getPropertyOfObjectType	checker/checker.go:27357
K-INDEXED	(*Checker).getSuggestionForNonexistentIndexSignature	T-SIGINST	(*Checker).getSingleCallSignature	checker/checker.go:27359
K-INDEXED	(*Checker).getSuggestionForNonexistentIndexSignature	T-SYMTYPE	(*Checker).getTypeOfSymbol	checker/checker.go:27359
K-INDEXED	(*Checker).getSuggestionForNonexistentIndexSignature	T-SIGSHAPE	(*Checker).getMinArgumentCount	checker/checker.go:27360
K-INDEXED	(*Checker).getSuggestionForNonexistentIndexSignature	MID:relations	(*Checker).isTypeAssignableTo	checker/checker.go:27360
K-INDEXED	(*Checker).getSuggestionForNonexistentIndexSignature	T-SIGSHAPE	(*Checker).getTypeAtPosition	checker/checker.go:27360
K-INDEXED	(*Checker).getSuggestionForNonexistentIndexSignature	PRE:util	tryGetPropertyAccessOrIdentifierToString	checker/checker.go:27368
K-INDEXED	(*Checker).getSuggestedTypeForNonexistentStringLiteralType	PRE:datamodel	(*Type).Types	checker/checker.go:27376
K-INDEXED	(*Checker).getSuggestedTypeForNonexistentStringLiteralType	K-LIT	getStringLiteralValue	checker/checker.go:27377
K-INDEXED	(*Checker).getSuggestedTypeForNonexistentStringLiteralType	PRE:util	CompareTypes	checker/checker.go:27377
K-INDEXED	(*Checker).errorIfWritingToReadonlyIndex	PRE:util	isDeleteTarget	checker/checker.go:27393
K-INDEXED	(*Checker).errorIfWritingToReadonlyIndex	PRE:symbols	(*Checker).error	checker/checker.go:27394
K-INDEXED	(*Checker).errorIfWritingToReadonlyIndex	MID:printer	(*Checker).TypeToString	checker/checker.go:27394
K-INDEXED	(*Checker).isSelfTypeAccess	PRE:symbols	(*Checker).getResolvedSymbol	checker/checker.go:27399
K-INDEXED	(*Checker).isAssignmentToReadonlyEntity	PRE:symbols	(*Checker).getResolvedSymbol	checker/checker.go:27410
K-INDEXED	(*Checker).isAssignmentToReadonlyEntity	MID:expr	(*Checker).isReadonlySymbol	checker/checker.go:27417
K-INDEXED	(*Checker).isAssignmentToReadonlyEntity	MID:expr	(*Checker).getControlFlowContainer	checker/checker.go:27421
K-INDEXED	(*Checker).isAssignmentToReadonlyEntity	PRE:symbols	(*Checker).getDeclarationOfAliasSymbol	checker/checker.go:27443
K-INDEXED	(*Checker).isThisPropertyAccessInConstructor	T-SYMTYPE	(*Checker).isConstructorDeclaredThisProperty	checker/checker.go:27453
K-INDEXED	(*Checker).isThisPropertyAccessInConstructor	PRE:util	isThisProperty	checker/checker.go:27455
K-INDEXED	(*Checker).isThisPropertyAccessInConstructor	K-INDEXED	(*Checker).isAutoTypedProperty	checker/checker.go:27455
K-INDEXED	(*Checker).isThisPropertyAccessInConstructor	K-INDEXED	(*Checker).getDeclaringConstructor	checker/checker.go:27456
K-INDEXED	(*Checker).getPropertyNameFromIndex	PRE:util	isTypeUsableAsPropertyName	checker/checker.go:27479
K-INDEXED	(*Checker).getPropertyNameFromIndex	PRE:util	getPropertyNameFromType	checker/checker.go:27480
K-INDEXED	(*Checker).isStringIndexSignatureOnlyTypeWorker	K-GENERIC	(*Checker).isGenericMappedType	checker/checker.go:27489
K-INDEXED	(*Checker).isStringIndexSignatureOnlyTypeWorker	T-LOOKUP	(*Checker).getPropertiesOfType	checker/checker.go:27489
K-INDEXED	(*Checker).isStringIndexSignatureOnlyTypeWorker	T-LOOKUP	(*Checker).getIndexInfosOfType	checker/checker.go:27489
K-INDEXED	(*Checker).isStringIndexSignatureOnlyTypeWorker	T-LOOKUP	(*Checker).getIndexInfoOfType	checker/checker.go:27489
K-INDEXED	(*Checker).isStringIndexSignatureOnlyTypeWorker	PRE:datamodel	(*Type).Types	checker/checker.go:27490
K-INDEXED	(*Checker).shouldDeferIndexedAccessType	K-GENERIC	(*Checker).isGenericIndexType	checker/checker.go:27494
K-INDEXED	(*Checker).shouldDeferIndexedAccessType	K-GENERIC	(*Checker).isGenericTupleType	checker/checker.go:27498
K-INDEXED	(*Checker).shouldDeferIndexedAccessType	K-INDEXED	indexTypeLessThan	checker/checker.go:27498
K-INDEXED	(*Checker).shouldDeferIndexedAccessType	T-TUPLE	getTotalFixedElementCount	checker/checker.go:27498
K-INDEXED	(*Checker).shouldDeferIndexedAccessType	PRE:datamodel	(*Type).TargetTupleType	checker/checker.go:27498
K-INDEXED	(*Checker).shouldDeferIndexedAccessType	K-GENERIC	(*Checker).isGenericObjectType	checker/checker.go:27500
K-INDEXED	(*Checker).shouldDeferIndexedAccessType	T-TUPLE	isTupleType	checker/checker.go:27500
K-INDEXED	(*Checker).shouldDeferIndexedAccessType	K-GENERIC	(*Checker).isGenericReducibleType	checker/checker.go:27501
K-INDEXED	indexTypeLessThan	K-PRED	everyType	checker/checker.go:27505
K-INDEXED	indexTypeLessThan	PRE:util	getPropertyNameFromType	checker/checker.go:27507
K-INDEXED	indexTypeLessThan	PRE:util	isNumericLiteralName	checker/checker.go:27508
K-SUBST	(*Checker).getNoInferType	K-SUBST	(*Checker).isNoInferTargetType	checker/checker.go:27518
K-SUBST	(*Checker).getNoInferType	K-SUBST	(*Checker).getOrCreateSubstitutionType	checker/checker.go:27519
K-SUBST	(*Checker).isNoInferTargetType	PRE:datamodel	(*Type).AsUnionOrIntersectionType	checker/checker.go:27528
K-SUBST	(*Checker).isNoInferTargetType	K-SUBST	(*Checker).isNoInferTargetType	checker/checker.go:27528
K-SUBST	(*Checker).isNoInferTargetType	K-KEYOF	(*Checker).isNoInferType	checker/checker.go:27529
K-SUBST	(*Checker).isNoInferTargetType	PRE:datamodel	(*Type).AsSubstitutionType	checker/checker.go:27529
K-SUBST	(*Checker).isNoInferTargetType	K-PRED	(*Checker).IsEmptyAnonymousObjectType	checker/checker.go:27530
K-SUBST	(*Checker).isNoInferTargetType	K-PRED	(*Checker).isPatternLiteralType	checker/checker.go:27531
K-SUBST	(*Checker).getSubstitutionType	K-SUBST	(*Checker).getOrCreateSubstitutionType	checker/checker.go:27538
K-SUBST	(*Checker).getOrCreateSubstitutionType	PRE:objects	(*Checker).newSubstitutionType	checker/checker.go:27546
T-CONSTRAINT	(*Checker).getBaseConstraintOrType	T-CONSTRAINT	(*Checker).getBaseConstraintOfType	checker/checker.go:27552
T-CONSTRAINT	(*Checker).getBaseConstraintOfType	K-GENERIC	(*Checker).isGenericTupleType	checker/checker.go:27560
T-CONSTRAINT	(*Checker).getBaseConstraintOfType	T-CONSTRAINT	(*Checker).getResolvedBaseConstraint	checker/checker.go:27561
T-CONSTRAINT	(*Checker).getResolvedBaseConstraint	PRE:datamodel	(*Type).AsConstrainedType	checker/checker.go:27571
T-CONSTRAINT	(*Checker).getResolvedBaseConstraint	PRE:resolution	(*Checker).pushTypeResolution	checker/checker.go:27578
T-CONSTRAINT	(*Checker).getResolvedBaseConstraint	MID:relations	getRecursionIdentity	checker/checker.go:27588
T-CONSTRAINT	(*Checker).getResolvedBaseConstraint	T-CONSTRAINT	(*Checker).computeBaseConstraint	checker/checker.go:27590
T-CONSTRAINT	(*Checker).getResolvedBaseConstraint	K-INDEXED	(*Checker).getSimplifiedType	checker/checker.go:27590
T-CONSTRAINT	(*Checker).getResolvedBaseConstraint	PRE:resolution	(*Checker).popTypeResolution	checker/checker.go:27592
T-CONSTRAINT	(*Checker).getResolvedBaseConstraint	T-CONSTRAINT	(*Checker).getConstraintDeclaration	checker/checker.go:27594
T-CONSTRAINT	(*Checker).getResolvedBaseConstraint	PRE:symbols	(*Checker).error	checker/checker.go:27596
T-CONSTRAINT	(*Checker).getResolvedBaseConstraint	MID:printer	(*Checker).TypeToString	checker/checker.go:27596
T-CONSTRAINT	(*Checker).getResolvedBaseConstraint	PRE:util	isNodeDescendantOf	checker/checker.go:27597
T-CONSTRAINT	(*Checker).getResolvedBaseConstraint	PRE:util	NewDiagnosticForNode	checker/checker.go:27598
T-CONSTRAINT	(*Checker).computeBaseConstraint	T-CONSTRAINT	(*Checker).getConstraintFromTypeParameter	checker/checker.go:27616
T-CONSTRAINT	(*Checker).computeBaseConstraint	PRE:datamodel	(*Type).AsTypeParameter	checker/checker.go:27617
T-CONSTRAINT	(*Checker).computeBaseConstraint	T-CONSTRAINT	(*Checker).getNextBaseConstraint	checker/checker.go:27620
T-CONSTRAINT	(*Checker).computeBaseConstraint	PRE:datamodel	(*Type).Types	checker/checker.go:27622
T-CONSTRAINT	(*Checker).computeBaseConstraint	K-UNION	(*Checker).getUnionType	checker/checker.go:27641
T-CONSTRAINT	(*Checker).computeBaseConstraint	K-INTERSECT	(*Checker).getIntersectionType	checker/checker.go:27643
T-CONSTRAINT	(*Checker).computeBaseConstraint	K-GENERIC	(*Checker).isGenericMappedType	checker/checker.go:27647
T-CONSTRAINT	(*Checker).computeBaseConstraint	PRE:datamodel	(*Type).AsIndexType	checker/checker.go:27647
T-CONSTRAINT	(*Checker).computeBaseConstraint	T-MAPPED	(*Checker).getNameTypeFromMappedType	checker/checker.go:27649
T-CONSTRAINT	(*Checker).computeBaseConstraint	T-MAPPED	(*Checker).isMappedTypeWithKeyofConstraintDeclaration	checker/checker.go:27649
T-CONSTRAINT	(*Checker).computeBaseConstraint	K-KEYOF	(*Checker).getIndexTypeForMappedType	checker/checker.go:27650
T-CONSTRAINT	(*Checker).computeBaseConstraint	K-TEMPLATE	(*Checker).getTemplateLiteralType	checker/checker.go:27664
T-CONSTRAINT	(*Checker).computeBaseConstraint	PRE:datamodel	(*Type).AsTemplateLiteralType	checker/checker.go:27664
T-CONSTRAINT	(*Checker).computeBaseConstraint	PRE:datamodel	(*Type).Target	checker/checker.go:27668
T-CONSTRAINT	(*Checker).computeBaseConstraint	K-TEMPLATE	(*Checker).getStringMappingType	checker/checker.go:27670
T-CONSTRAINT	(*Checker).computeBaseConstraint	T-APPARENT	(*Checker).isMappedTypeGenericIndexedAccess	checker/checker.go:27674
T-CONSTRAINT	(*Checker).computeBaseConstraint	T-MAPPED	(*Checker).substituteIndexedMappedType	checker/checker.go:27677
T-CONSTRAINT	(*Checker).computeBaseConstraint	PRE:datamodel	(*Type).AsIndexedAccessType	checker/checker.go:27677
T-CONSTRAINT	(*Checker).computeBaseConstraint	K-INDEXED	(*Checker).getIndexedAccessTypeOrUndefined	checker/checker.go:27684
T-CONSTRAINT	(*Checker).computeBaseConstraint	T-CONSTRAINT	(*Checker).getConstraintFromConditionalType	checker/checker.go:27690
T-CONSTRAINT	(*Checker).computeBaseConstraint	K-KEYOF	(*Checker).getSubstitutionIntersection	checker/checker.go:27694
T-CONSTRAINT	(*Checker).computeBaseConstraint	K-GENERIC	(*Checker).isGenericTupleType	checker/checker.go:27695
T-CONSTRAINT	(*Checker).computeBaseConstraint	T-TUPLE	(*Checker).getElementTypes	checker/checker.go:27698
T-CONSTRAINT	(*Checker).computeBaseConstraint	PRE:datamodel	(*Type).TargetTupleType	checker/checker.go:27699
T-CONSTRAINT	(*Checker).computeBaseConstraint	K-PRED	everyType	checker/checker.go:27705
T-CONSTRAINT	(*Checker).computeBaseConstraint	T-TUPLE	(*Checker).isArrayOrTupleType	checker/checker.go:27705
T-CONSTRAINT	(*Checker).computeBaseConstraint	T-TUPLE	(*Checker).createTupleTypeEx	checker/checker.go:27711
T-CONSTRAINT	(*Checker).getNextBaseConstraint	T-CONSTRAINT	(*Checker).getResolvedBaseConstraint	checker/checker.go:27720
K-PRED	(*Checker).maybeTypeOfKind	PRE:datamodel	(*Type).Types	checker/checker.go:27734
K-PRED	(*Checker).maybeTypeOfKind	K-PRED	(*Checker).maybeTypeOfKind	checker/checker.go:27735
K-PRED	(*Checker).maybeTypeOfKindConsideringBaseConstraint	K-PRED	(*Checker).maybeTypeOfKind	checker/checker.go:27744
K-PRED	(*Checker).maybeTypeOfKindConsideringBaseConstraint	T-CONSTRAINT	(*Checker).getBaseConstraintOrType	checker/checker.go:27747
K-PRED	(*Checker).allTypesAssignableToKind	K-PRED	(*Checker).allTypesAssignableToKindEx	checker/checker.go:27752
K-PRED	(*Checker).allTypesAssignableToKindEx	PRE:datamodel	(*Type).Types	checker/checker.go:27757
K-PRED	(*Checker).allTypesAssignableToKindEx	K-PRED	(*Checker).allTypesAssignableToKindEx	checker/checker.go:27758
K-PRED	(*Checker).allTypesAssignableToKindEx	K-PRED	(*Checker).isTypeAssignableToKindEx	checker/checker.go:27761
K-PRED	(*Checker).isTypeAssignableToKind	K-PRED	(*Checker).isTypeAssignableToKindEx	checker/checker.go:27765
K-PRED	(*Checker).isTypeAssignableToKindEx	MID:relations	(*Checker).isTypeAssignableTo	checker/checker.go:27775
K-PRED	isConstEnumObjectType	K-PRED	isConstEnumSymbol	checker/checker.go:27788
T-LOOKUP	(*Checker).compareProperties	PRE:util	getDeclarationModifierFlagsFromSymbol	checker/checker.go:27802
T-LOOKUP	(*Checker).compareProperties	T-LOOKUP	(*Checker).getTargetSymbol	checker/checker.go:27808
T-LOOKUP	(*Checker).compareProperties	MID:expr	(*Checker).isReadonlySymbol	checker/checker.go:27816
T-LOOKUP	(*Checker).compareProperties	T-SYMTYPE	(*Checker).getNonMissingTypeOfSymbol	checker/checker.go:27819
K-INDEXED	(*Checker).markPropertyAsReferenced	?	(*symbolArenaLinkStore[ValueSymbolLinks]).Get	checker/checker.go:27850
T-SIGSHAPE	(*Checker).expandSignatureParametersWithTupleMembers	T-TYPENODE	(*Checker).getTypeArguments	checker/checker.go:27856
T-SIGSHAPE	(*Checker).expandSignatureParametersWithTupleMembers	PRE:datamodel	(*TypeBase).AsType	checker/checker.go:27856
T-SIGSHAPE	(*Checker).expandSignatureParametersWithTupleMembers	PRE:datamodel	(*Type).TargetTupleType	checker/checker.go:27857
T-SIGSHAPE	(*Checker).expandSignatureParametersWithTupleMembers	T-SIGSHAPE	(*Checker).getUniqAssociatedNamesFromTupleType	checker/checker.go:27858
T-SIGSHAPE	(*Checker).expandSignatureParametersWithTupleMembers	PRE:symbols	(*Checker).newSymbolEx	checker/checker.go:27869
T-SIGSHAPE	(*Checker).expandSignatureParametersWithTupleMembers	?	(*symbolArenaLinkStore[ValueSymbolLinks]).Get	checker/checker.go:27870
T-SIGSHAPE	(*Checker).expandSignatureParametersWithTupleMembers	T-TUPLE	(*Checker).createArrayType	checker/checker.go:27872
T-SIGSHAPE	(*Checker).getUniqAssociatedNamesFromTupleType	PRE:datamodel	(*Type).TargetTupleType	checker/checker.go:27882
T-SIGSHAPE	(*Checker).getUniqAssociatedNamesFromTupleType	T-SIGSHAPE	(*Checker).getTupleElementLabel	checker/checker.go:27886
T-SIGSHAPE	hasRestParameter	T-SIGSHAPE	isRestParameter	checker/checker.go:27912
K-PRED	(*Checker).isUnknownLikeUnionType	PRE:datamodel	(*Type).Types	checker/checker.go:27930
K-PRED	(*Checker).isUnknownLikeUnionType	K-PRED	(*Checker).IsEmptyAnonymousObjectType	checker/checker.go:27931
K-PRED	(*Checker).isUniformUnionType	K-PRED	(*Checker).computeIsUniformUnionType	checker/checker.go:27946
K-PRED	(*Checker).isUniformUnionType	PRE:datamodel	(*Type).Types	checker/checker.go:27946
K-PRED	(*Checker).computeIsUniformUnionType	PRE:symbols	(*Checker).getParentOfSymbol	checker/checker.go:27961
K-PRED	(*Checker).containsUndefinedType	PRE:datamodel	(*Type).Types	checker/checker.go:27979
K-PRED	(*Checker).typeHasCallOrConstructSignatures	T-MEMBERS	(*Checker).resolveStructuredTypeMembers	checker/checker.go:27985
K-INDEXED	(*Checker).getNormalizedType	K-LIT	isFreshLiteralType	checker/checker.go:27992
K-INDEXED	(*Checker).getNormalizedType	PRE:datamodel	(*Type).AsLiteralType	checker/checker.go:27993
K-INDEXED	(*Checker).getNormalizedType	K-GENERIC	(*Checker).isGenericTupleType	checker/checker.go:27994
K-INDEXED	(*Checker).getNormalizedType	K-INDEXED	(*Checker).getNormalizedTupleType	checker/checker.go:27995
K-INDEXED	(*Checker).getNormalizedType	PRE:datamodel	(*Type).AsTypeReference	checker/checker.go:27997
K-INDEXED	(*Checker).getNormalizedType	PRE:objects	(*Checker).createTypeReference	checker/checker.go:27998
K-INDEXED	(*Checker).getNormalizedType	PRE:datamodel	(*Type).Target	checker/checker.go:27998
K-INDEXED	(*Checker).getNormalizedType	T-TYPENODE	(*Checker).getTypeArguments	checker/checker.go:27998
K-INDEXED	(*Checker).getNormalizedType	K-INDEXED	(*Checker).getSingleBaseForNonAugmentingSubtype	checker/checker.go:28000
K-INDEXED	(*Checker).getNormalizedType	K-INDEXED	(*Checker).getNormalizedUnionOrIntersectionType	checker/checker.go:28006
K-INDEXED	(*Checker).getNormalizedType	PRE:datamodel	(*Type).AsSubstitutionType	checker/checker.go:28009
K-INDEXED	(*Checker).getNormalizedType	K-KEYOF	(*Checker).getSubstitutionIntersection	checker/checker.go:28011
K-INDEXED	(*Checker).getNormalizedType	K-INDEXED	(*Checker).getSimplifiedType	checker/checker.go:28014
K-INDEXED	(*Checker).getSimplifiedType	K-INDEXED	(*Checker).getSimplifiedIndexedAccessType	checker/checker.go:28028
K-INDEXED	(*Checker).getSimplifiedType	K-INDEXED	(*Checker).getSimplifiedConditionalType	checker/checker.go:28030
K-INDEXED	(*Checker).getSimplifiedIndexedAccessType	K-INDEXED	(*Checker).getSimplifiedIndexedAccessTypeWorker	checker/checker.go:28044
K-INDEXED	(*Checker).getSimplifiedIndexedAccessType	K-PRED	(*Checker).removeType	checker/checker.go:28047
K-INDEXED	(*Checker).getSimplifiedIndexedAccessTypeWorker	K-INDEXED	(*Checker).getSimplifiedType	checker/checker.go:28056
K-INDEXED	(*Checker).getSimplifiedIndexedAccessTypeWorker	PRE:datamodel	(*Type).AsIndexedAccessType	checker/checker.go:28056
K-INDEXED	(*Checker).getSimplifiedIndexedAccessTypeWorker	K-INDEXED	(*Checker).distributeObjectOverIndexType	checker/checker.go:28060
K-INDEXED	(*Checker).getSimplifiedIndexedAccessTypeWorker	K-INDEXED	(*Checker).distributeIndexOverObjectType	checker/checker.go:28069
K-INDEXED	(*Checker).getSimplifiedIndexedAccessTypeWorker	K-GENERIC	(*Checker).isGenericTupleType	checker/checker.go:28079
K-INDEXED	(*Checker).getSimplifiedIndexedAccessTypeWorker	T-TUPLE	(*Checker).getElementTypeOfSliceOfTupleType	checker/checker.go:28080
K-INDEXED	(*Checker).getSimplifiedIndexedAccessTypeWorker	PRE:datamodel	(*Type).TargetTupleType	checker/checker.go:28080
K-INDEXED	(*Checker).getSimplifiedIndexedAccessTypeWorker	K-GENERIC	(*Checker).isGenericMappedType	checker/checker.go:28088
K-INDEXED	(*Checker).getSimplifiedIndexedAccessTypeWorker	K-KEYOF	(*Checker).getMappedTypeNameTypeKind	checker/checker.go:28089
K-INDEXED	(*Checker).getSimplifiedIndexedAccessTypeWorker	K-UNION	(*Checker).mapType	checker/checker.go:28090
K-INDEXED	(*Checker).getSimplifiedIndexedAccessTypeWorker	T-MAPPED	(*Checker).substituteIndexedMappedType	checker/checker.go:28090
K-INDEXED	(*Checker).distributeObjectOverIndexType	PRE:datamodel	(*Type).Types	checker/checker.go:28102
K-INDEXED	(*Checker).distributeObjectOverIndexType	K-INDEXED	(*Checker).getSimplifiedType	checker/checker.go:28103
K-INDEXED	(*Checker).distributeObjectOverIndexType	K-INDEXED	(*Checker).getIndexedAccessType	checker/checker.go:28103
K-INDEXED	(*Checker).distributeObjectOverIndexType	K-INTERSECT	(*Checker).getIntersectionType	checker/checker.go:28106
K-INDEXED	(*Checker).distributeObjectOverIndexType	K-UNION	(*Checker).getUnionType	checker/checker.go:28108
K-INDEXED	(*Checker).distributeIndexOverObjectType	K-KEYOF	(*Checker).shouldDeferIndexType	checker/checker.go:28117
K-INDEXED	(*Checker).distributeIndexOverObjectType	PRE:datamodel	(*Type).Types	checker/checker.go:28118
K-INDEXED	(*Checker).distributeIndexOverObjectType	K-INDEXED	(*Checker).getSimplifiedType	checker/checker.go:28119
K-INDEXED	(*Checker).distributeIndexOverObjectType	K-INDEXED	(*Checker).getIndexedAccessType	checker/checker.go:28119
K-INDEXED	(*Checker).distributeIndexOverObjectType	K-INTERSECT	(*Checker).getIntersectionType	checker/checker.go:28122
K-INDEXED	(*Checker).distributeIndexOverObjectType	K-UNION	(*Checker).getUnionType	checker/checker.go:28124
K-INDEXED	(*Checker).getSimplifiedConditionalType	PRE:datamodel	(*Type).AsConditionalType	checker/checker.go:28130
K-INDEXED	(*Checker).getSimplifiedConditionalType	K-COND	(*Checker).getTrueTypeFromConditionalType	checker/checker.go:28132
K-INDEXED	(*Checker).getSimplifiedConditionalType	K-COND	(*Checker).getFalseTypeFromConditionalType	checker/checker.go:28133
K-INDEXED	(*Checker).getSimplifiedConditionalType	MID:flow	(*Checker).getActualTypeVariable	checker/checker.go:28135
K-INDEXED	(*Checker).getSimplifiedConditionalType	MID:relations	(*Checker).isTypeAssignableTo	checker/checker.go:28136
K-INDEXED	(*Checker).getSimplifiedConditionalType	K-COND	(*Checker).getRestrictiveInstantiation	checker/checker.go:28136
K-INDEXED	(*Checker).getSimplifiedConditionalType	K-INDEXED	(*Checker).getSimplifiedType	checker/checker.go:28137
K-INDEXED	(*Checker).getSimplifiedConditionalType	K-INDEXED	(*Checker).isIntersectionEmpty	checker/checker.go:28138
K-INDEXED	(*Checker).isIntersectionEmpty	K-UNION	(*Checker).getUnionType	checker/checker.go:28153
K-INDEXED	(*Checker).isIntersectionEmpty	K-UNION	(*Checker).intersectTypes	checker/checker.go:28153
K-INDEXED	(*Checker).getSimplifiedTypeOrConstraint	K-INDEXED	(*Checker).getSimplifiedType	checker/checker.go:28157
K-INDEXED	(*Checker).getSimplifiedTypeOrConstraint	T-CONSTRAINT	(*Checker).getConstraintOfType	checker/checker.go:28160
K-INDEXED	(*Checker).getNormalizedUnionOrIntersectionType	T-APPARENT	(*Checker).getReducedType	checker/checker.go:28164
K-INDEXED	(*Checker).getNormalizedUnionOrIntersectionType	K-INDEXED	(*Checker).shouldNormalizeIntersection	checker/checker.go:28167
K-INDEXED	(*Checker).getNormalizedUnionOrIntersectionType	PRE:datamodel	(*Type).Types	checker/checker.go:28174
K-INDEXED	(*Checker).getNormalizedUnionOrIntersectionType	K-INDEXED	(*Checker).getNormalizedType	checker/checker.go:28175
K-INDEXED	(*Checker).getNormalizedUnionOrIntersectionType	K-INTERSECT	(*Checker).getIntersectionType	checker/checker.go:28177
K-INDEXED	(*Checker).shouldNormalizeIntersection	PRE:datamodel	(*Type).Types	checker/checker.go:28186
K-INDEXED	(*Checker).shouldNormalizeIntersection	K-PRED	(*Checker).IsEmptyAnonymousObjectType	checker/checker.go:28188
K-INDEXED	(*Checker).getNormalizedTupleType	T-TUPLE	(*Checker).getElementTypes	checker/checker.go:28197
K-INDEXED	(*Checker).getNormalizedTupleType	K-INDEXED	(*Checker).getSimplifiedType	checker/checker.go:28200
K-INDEXED	(*Checker).getNormalizedTupleType	T-TUPLE	(*Checker).createNormalizedTupleType	checker/checker.go:28205
K-INDEXED	(*Checker).getNormalizedTupleType	PRE:datamodel	(*Type).Target	checker/checker.go:28205
K-INDEXED	(*Checker).getSingleBaseForNonAugmentingSubtype	PRE:datamodel	(*Type).Target	checker/checker.go:28211
K-INDEXED	(*Checker).getSingleBaseForNonAugmentingSubtype	T-BASE	getBaseTypeNodeOfClass	checker/checker.go:28221
K-INDEXED	(*Checker).getSingleBaseForNonAugmentingSubtype	T-BASE	(*Checker).getBaseTypes	checker/checker.go:28228
K-INDEXED	(*Checker).getSingleBaseForNonAugmentingSubtype	PRE:symbols	(*Checker).getMembersOfSymbol	checker/checker.go:28232
K-INDEXED	(*Checker).getSingleBaseForNonAugmentingSubtype	PRE:datamodel	(*Type).AsInterfaceType	checker/checker.go:28237
K-INDEXED	(*Checker).getSingleBaseForNonAugmentingSubtype	PRE:datamodel	(*InterfaceType).TypeParameters	checker/checker.go:28237
K-INDEXED	(*Checker).getSingleBaseForNonAugmentingSubtype	T-INSTANTIATE	(*Checker).instantiateType	checker/checker.go:28241
K-INDEXED	(*Checker).getSingleBaseForNonAugmentingSubtype	PRE:datamodel	newTypeMapper	checker/checker.go:28241
K-INDEXED	(*Checker).getSingleBaseForNonAugmentingSubtype	T-TYPENODE	(*Checker).getTypeArguments	checker/checker.go:28241
K-INDEXED	(*Checker).getSingleBaseForNonAugmentingSubtype	T-MEMBERS	(*Checker).getTypeWithThisArgument	checker/checker.go:28244
T-MAPPED	(*Checker).getModifiersTypeFromMappedType	PRE:datamodel	(*Type).AsMappedType	checker/checker.go:28251
T-MAPPED	(*Checker).getModifiersTypeFromMappedType	T-MAPPED	(*Checker).isMappedTypeWithKeyofConstraintDeclaration	checker/checker.go:28253
T-MAPPED	(*Checker).getModifiersTypeFromMappedType	T-INSTANTIATE	(*Checker).instantiateType	checker/checker.go:28257
T-MAPPED	(*Checker).getModifiersTypeFromMappedType	T-TYPENODE	(*Checker).getTypeFromTypeNode	checker/checker.go:28257
T-MAPPED	(*Checker).getModifiersTypeFromMappedType	T-MAPPED	(*Checker).getConstraintDeclarationForMappedType	checker/checker.go:28257
T-MAPPED	(*Checker).getModifiersTypeFromMappedType	T-TYPENODE	(*Checker).getTypeFromMappedTypeNode	checker/checker.go:28262
T-MAPPED	(*Checker).getModifiersTypeFromMappedType	T-MAPPED	(*Checker).getConstraintTypeFromMappedType	checker/checker.go:28263
T-MAPPED	(*Checker).getModifiersTypeFromMappedType	T-CONSTRAINT	(*Checker).getConstraintOfTypeParameter	checker/checker.go:28266
T-MAPPED	(*Checker).getModifiersTypeFromMappedType	PRE:datamodel	(*Type).AsIndexType	checker/checker.go:28269
T-WIDEN	(*Checker).extractTypesOfKind	K-PRED	(*Checker).filterType	checker/checker.go:28279
T-WIDEN	(*Checker).getRegularTypeOfObjectLiteral	PRE:util	isObjectLiteralType	checker/checker.go:28283
T-WIDEN	(*Checker).getRegularTypeOfObjectLiteral	T-MEMBERS	(*Checker).resolveStructuredTypeMembers	checker/checker.go:28290
T-WIDEN	(*Checker).getRegularTypeOfObjectLiteral	T-WIDEN	(*Checker).transformTypeOfMembers	checker/checker.go:28291
T-WIDEN	(*Checker).getRegularTypeOfObjectLiteral	T-WIDEN	(*Checker).getRegularTypeOfObjectLiteral	checker/checker.go:28291
T-WIDEN	(*Checker).getRegularTypeOfObjectLiteral	PRE:objects	(*Checker).newAnonymousType	checker/checker.go:28292
T-WIDEN	(*Checker).getRegularTypeOfObjectLiteral	PRE:datamodel	(*StructuredType).CallSignatures	checker/checker.go:28292
T-WIDEN	(*Checker).getRegularTypeOfObjectLiteral	PRE:datamodel	(*StructuredType).ConstructSignatures	checker/checker.go:28292
T-WIDEN	(*Checker).transformTypeOfMembers	T-LOOKUP	(*Checker).getPropertiesOfObjectType	checker/checker.go:28301
T-WIDEN	(*Checker).transformTypeOfMembers	T-SYMTYPE	(*Checker).getTypeOfSymbol	checker/checker.go:28302
T-WIDEN	(*Checker).transformTypeOfMembers	T-LOOKUP	(*Checker).createSymbolWithType	checker/checker.go:28305
T-MAPPED	getMappedTypeModifiers	PRE:datamodel	(*Type).AsMappedType	checker/checker.go:29136
T-MAPPED	getMappedTypeOptionality	T-MAPPED	getMappedTypeModifiers	checker/checker.go:29150
T-MAPPED	(*Checker).getCombinedMappedTypeOptionality	T-MAPPED	getMappedTypeOptionality	checker/checker.go:29165
T-MAPPED	(*Checker).getCombinedMappedTypeOptionality	T-MAPPED	(*Checker).getCombinedMappedTypeOptionality	checker/checker.go:29169
T-MAPPED	(*Checker).getCombinedMappedTypeOptionality	T-MAPPED	(*Checker).getModifiersTypeFromMappedType	checker/checker.go:29169
T-MAPPED	(*Checker).getCombinedMappedTypeOptionality	PRE:datamodel	(*Type).Types	checker/checker.go:29172
T-MAPPED	isPartialMappedType	T-MAPPED	getMappedTypeModifiers	checker/checker.go:29184
T-SYMTYPE	(*Checker).getOptionalExpressionType	T-SYMTYPE	(*Checker).GetNonNullableType	checker/checker.go:29190
T-SYMTYPE	(*Checker).getOptionalExpressionType	T-SYMTYPE	(*Checker).removeOptionalTypeMarker	checker/checker.go:29192
T-SYMTYPE	(*Checker).removeOptionalTypeMarker	K-PRED	(*Checker).removeType	checker/checker.go:29200
T-SYMTYPE	(*Checker).propagateOptionalTypeMarker	T-SYMTYPE	(*Checker).getOptionalType	checker/checker.go:29208
T-SYMTYPE	(*Checker).propagateOptionalTypeMarker	T-SYMTYPE	(*Checker).addOptionalTypeMarker	checker/checker.go:29210
T-SYMTYPE	(*Checker).removeMissingType	K-PRED	(*Checker).removeType	checker/checker.go:29217
T-SYMTYPE	(*Checker).removeMissingOrUndefinedType	K-PRED	(*Checker).removeType	checker/checker.go:29224
T-SYMTYPE	(*Checker).removeMissingOrUndefinedType	MID:typefacts	(*Checker).getTypeWithFacts	checker/checker.go:29226
T-SYMTYPE	(*Checker).removeDefinitelyFalsyTypes	K-PRED	(*Checker).filterType	checker/checker.go:29230
T-SYMTYPE	(*Checker).removeDefinitelyFalsyTypes	MID:typefacts	(*Checker).hasTypeFacts	checker/checker.go:29230
T-SYMTYPE	(*Checker).extractDefinitelyFalsyTypes	K-UNION	(*Checker).mapType	checker/checker.go:29234
T-SYMTYPE	(*Checker).extractDefinitelyFalsyTypes	T-SYMTYPE	(*Checker).getDefinitelyFalsyPartOfType	checker/checker.go:29234
T-SYMTYPE	(*Checker).getDefinitelyFalsyPartOfType	K-LIT	getStringLiteralValue	checker/checker.go:29247
T-SYMTYPE	(*Checker).getDefinitelyFalsyPartOfType	K-LIT	getNumberLiteralValue	checker/checker.go:29248
T-SYMTYPE	(*Checker).getDefinitelyFalsyPartOfType	MID:typefacts	isZeroBigInt	checker/checker.go:29249
K-TEMPLATE	(*Checker).getTemplateLiteralType	K-INTERSECT	(*Checker).checkCrossProductUnion	checker/checker.go:29273
K-TEMPLATE	(*Checker).getTemplateLiteralType	K-UNION	(*Checker).mapType	checker/checker.go:29276
K-TEMPLATE	(*Checker).getTemplateLiteralType	K-TEMPLATE	(*Checker).getTemplateLiteralType	checker/checker.go:29277
K-TEMPLATE	(*Checker).getTemplateLiteralType	K-TEMPLATE	(*Checker).getTemplateStringForType	checker/checker.go:29292
K-TEMPLATE	(*Checker).getTemplateLiteralType	PRE:datamodel	(*Type).AsTemplateLiteralType	checker/checker.go:29295
K-TEMPLATE	(*Checker).getTemplateLiteralType	K-GENERIC	(*Checker).isGenericIndexType	checker/checker.go:29300
K-TEMPLATE	(*Checker).getTemplateLiteralType	K-PRED	(*Checker).isPatternLiteralPlaceholderType	checker/checker.go:29300
K-TEMPLATE	(*Checker).getTemplateLiteralType	K-LIT	(*Checker).getStringLiteralType	checker/checker.go:29315
K-TEMPLATE	(*Checker).getTemplateLiteralType	K-PRED	(*Checker).isPatternLiteralType	checker/checker.go:29323
K-TEMPLATE	(*Checker).getTemplateLiteralType	PRE:keys	getTemplateTypeKey	checker/checker.go:29327
K-TEMPLATE	(*Checker).getTemplateLiteralType	PRE:objects	(*Checker).newTemplateLiteralType	checker/checker.go:29330
K-TEMPLATE	(*Checker).getTemplateStringForType	PRE:datamodel	(*Type).AsLiteralType	checker/checker.go:29339
K-TEMPLATE	(*Checker).getTemplateStringForType	PRE:datamodel	(*Type).AsIntrinsicType	checker/checker.go:29341
K-TEMPLATE	(*Checker).getStringMappingType	K-UNION	(*Checker).mapType	checker/checker.go:29349
K-TEMPLATE	(*Checker).getStringMappingType	K-TEMPLATE	(*Checker).getStringMappingType	checker/checker.go:29349
K-TEMPLATE	(*Checker).getStringMappingType	K-LIT	(*Checker).getStringLiteralType	checker/checker.go:29351
K-TEMPLATE	(*Checker).getStringMappingType	K-TEMPLATE	applyStringMapping	checker/checker.go:29351
K-TEMPLATE	(*Checker).getStringMappingType	K-LIT	getStringLiteralValue	checker/checker.go:29351
K-TEMPLATE	(*Checker).getStringMappingType	K-TEMPLATE	(*Checker).getTemplateLiteralType	checker/checker.go:29353
K-TEMPLATE	(*Checker).getStringMappingType	K-TEMPLATE	(*Checker).applyTemplateStringMapping	checker/checker.go:29353
K-TEMPLATE	(*Checker).getStringMappingType	PRE:datamodel	(*Type).AsTemplateLiteralType	checker/checker.go:29353
K-TEMPLATE	(*Checker).getStringMappingType	K-GENERIC	(*Checker).isGenericIndexType	checker/checker.go:29356
K-TEMPLATE	(*Checker).getStringMappingType	K-TEMPLATE	(*Checker).getStringMappingTypeForGenericType	checker/checker.go:29357
K-TEMPLATE	(*Checker).getStringMappingType	K-PRED	(*Checker).isPatternLiteralPlaceholderType	checker/checker.go:29358
K-TEMPLATE	(*Checker).applyTemplateStringMapping	K-TEMPLATE	applyStringMapping	checker/checker.go:29384
K-TEMPLATE	(*Checker).applyTemplateStringMapping	K-TEMPLATE	(*Checker).getStringMappingType	checker/checker.go:29385
K-TEMPLATE	(*Checker).getStringMappingTypeForGenericType	PRE:objects	(*Checker).newStringMappingType	checker/checker.go:29403
T-MAPPED	(*Checker).substituteIndexedMappedType	PRE:datamodel	newSimpleTypeMapper	checker/checker.go:29415
T-MAPPED	(*Checker).substituteIndexedMappedType	T-MAPPED	(*Checker).getTypeParameterFromMappedType	checker/checker.go:29415
T-MAPPED	(*Checker).substituteIndexedMappedType	PRE:datamodel	(*Checker).combineTypeMappers	checker/checker.go:29416
T-MAPPED	(*Checker).substituteIndexedMappedType	PRE:datamodel	(*Type).AsMappedType	checker/checker.go:29416
T-MAPPED	(*Checker).substituteIndexedMappedType	T-INSTANTIATE	(*Checker).instantiateType	checker/checker.go:29417
T-MAPPED	(*Checker).substituteIndexedMappedType	T-MAPPED	(*Checker).getTemplateTypeFromMappedType	checker/checker.go:29417
T-MAPPED	(*Checker).substituteIndexedMappedType	T-MAPPED	getMappedTypeOptionality	checker/checker.go:29418
T-MAPPED	(*Checker).substituteIndexedMappedType	K-GENERIC	(*Checker).isGenericType	checker/checker.go:29420
T-MAPPED	(*Checker).substituteIndexedMappedType	T-MAPPED	(*Checker).getCombinedMappedTypeOptionality	checker/checker.go:29421
T-MAPPED	(*Checker).substituteIndexedMappedType	T-MAPPED	(*Checker).getModifiersTypeFromMappedType	checker/checker.go:29421
T-MAPPED	(*Checker).substituteIndexedMappedType	T-MAPPED	(*Checker).couldAccessOptionalProperty	checker/checker.go:29423
T-MAPPED	(*Checker).substituteIndexedMappedType	T-SYMTYPE	(*Checker).addOptionalityEx	checker/checker.go:29426
T-MAPPED	(*Checker).couldAccessOptionalProperty	T-CONSTRAINT	(*Checker).getBaseConstraintOfType	checker/checker.go:29431
T-MAPPED	(*Checker).couldAccessOptionalProperty	T-LOOKUP	(*Checker).getPropertiesOfType	checker/checker.go:29432
T-MAPPED	(*Checker).couldAccessOptionalProperty	MID:relations	(*Checker).isTypeAssignableTo	checker/checker.go:29433
T-MAPPED	(*Checker).couldAccessOptionalProperty	K-KEYOF	(*Checker).getLiteralTypeFromProperty	checker/checker.go:29433
T-MAPPED	(*Checker).getTypeOfPropertyOrIndexSignatureOfType	T-LOOKUP	(*Checker).getTypeOfPropertyOfType	checker/checker.go:29438
T-MAPPED	(*Checker).getTypeOfPropertyOrIndexSignatureOfType	T-LOOKUP	(*Checker).getApplicableIndexInfoForName	checker/checker.go:29442
T-MAPPED	(*Checker).getTypeOfPropertyOrIndexSignatureOfType	T-SYMTYPE	(*Checker).addOptionalityEx	checker/checker.go:29444
T-SIGSHAPE	(*Checker).getParameterCount	T-SIGSHAPE	signatureHasRestParameter	checker/relater.go:1728
T-SIGSHAPE	(*Checker).getParameterCount	T-SYMTYPE	(*Checker).getTypeOfSymbol	checker/relater.go:1729
T-SIGSHAPE	(*Checker).getParameterCount	T-TUPLE	isTupleType	checker/relater.go:1730
T-SIGSHAPE	(*Checker).getParameterCount	PRE:datamodel	(*Type).TargetTupleType	checker/relater.go:1731
T-SIGSHAPE	(*Checker).getMinArgumentCount	T-SIGSHAPE	(*Checker).getMinArgumentCountEx	checker/relater.go:1738
T-SIGSHAPE	(*Checker).getMinArgumentCountEx	T-SIGSHAPE	signatureHasRestParameter	checker/relater.go:1746
T-SIGSHAPE	(*Checker).getMinArgumentCountEx	T-SYMTYPE	(*Checker).getTypeOfSymbol	checker/relater.go:1747
T-SIGSHAPE	(*Checker).getMinArgumentCountEx	T-TUPLE	isTupleType	checker/relater.go:1748
T-SIGSHAPE	(*Checker).getMinArgumentCountEx	PRE:datamodel	(*Type).TargetTupleType	checker/relater.go:1749
T-SIGSHAPE	(*Checker).getMinArgumentCountEx	T-SIGSHAPE	(*Checker).getTypeAtPosition	checker/relater.go:1771
T-SIGSHAPE	(*Checker).getMinArgumentCountEx	K-PRED	someType	checker/relater.go:1772
T-SIGSHAPE	(*Checker).hasEffectiveRestParameter	T-SIGSHAPE	signatureHasRestParameter	checker/relater.go:1783
T-SIGSHAPE	(*Checker).hasEffectiveRestParameter	T-SYMTYPE	(*Checker).getTypeOfSymbol	checker/relater.go:1784
T-SIGSHAPE	(*Checker).hasEffectiveRestParameter	T-TUPLE	isTupleType	checker/relater.go:1785
T-SIGSHAPE	(*Checker).hasEffectiveRestParameter	PRE:datamodel	(*Type).TargetTupleType	checker/relater.go:1785
T-SIGSHAPE	(*Checker).getTypeAtPosition	T-SIGSHAPE	(*Checker).tryGetTypeAtPosition	checker/relater.go:1791
T-SIGSHAPE	(*Checker).tryGetTypeAtPosition	T-SIGSHAPE	signatureHasRestParameter	checker/relater.go:1799
T-SIGSHAPE	(*Checker).tryGetTypeAtPosition	T-SIGSHAPE	(*Checker).getTypeOfParameter	checker/relater.go:1801
T-SIGSHAPE	(*Checker).tryGetTypeAtPosition	T-SYMTYPE	(*Checker).getTypeOfSymbol	checker/relater.go:1807
T-SIGSHAPE	(*Checker).tryGetTypeAtPosition	T-TUPLE	isTupleType	checker/relater.go:1809
T-SIGSHAPE	(*Checker).tryGetTypeAtPosition	PRE:datamodel	(*Type).TargetTupleType	checker/relater.go:1809
T-SIGSHAPE	(*Checker).tryGetTypeAtPosition	K-INDEXED	(*Checker).getIndexedAccessType	checker/relater.go:1810
T-SIGSHAPE	(*Checker).tryGetTypeAtPosition	K-LIT	(*Checker).getNumberLiteralType	checker/relater.go:1810
T-SIGSHAPE	(*Checker).getRestOrAnyTypeAtPosition	T-SIGSHAPE	(*Checker).getRestTypeAtPosition	checker/relater.go:1820
T-SIGSHAPE	(*Checker).getRestOrAnyTypeAtPosition	T-TUPLE	(*Checker).getElementTypeOfArrayType	checker/relater.go:1822
T-SIGSHAPE	(*Checker).getRestOrAnyTypeAtPosition	PRE:util	IsTypeAny	checker/relater.go:1822
T-SIGSHAPE	(*Checker).getRestTypeAtPosition	T-SIGSHAPE	(*Checker).getParameterCount	checker/relater.go:1830
T-SIGSHAPE	(*Checker).getRestTypeAtPosition	T-SIGSHAPE	(*Checker).getMinArgumentCount	checker/relater.go:1831
T-SIGSHAPE	(*Checker).getRestTypeAtPosition	T-SIGSHAPE	(*Checker).getEffectiveRestType	checker/relater.go:1832
T-SIGSHAPE	(*Checker).getRestTypeAtPosition	T-TUPLE	(*Checker).createArrayType	checker/relater.go:1837
T-SIGSHAPE	(*Checker).getRestTypeAtPosition	K-INDEXED	(*Checker).getIndexedAccessType	checker/relater.go:1837
T-SIGSHAPE	(*Checker).getRestTypeAtPosition	T-TUPLE	(*Checker).createTupleTypeEx	checker/relater.go:1842
T-SIGSHAPE	(*Checker).getRestTypeAtPosition	T-SIGSHAPE	(*Checker).getTypeAtPosition	checker/relater.go:1849
T-SIGSHAPE	(*Checker).getRestTypeAtPosition	T-SIGSHAPE	(*Checker).getNameableDeclarationAtPosition	checker/relater.go:1855
T-SIGSHAPE	(*Checker).getNameableDeclarationAtPosition	T-SIGSHAPE	signatureHasRestParameter	checker/relater.go:1861
T-SIGSHAPE	(*Checker).getNameableDeclarationAtPosition	T-SIGSHAPE	(*Checker).isValidDeclarationForTupleLabel	checker/relater.go:1864
T-SIGSHAPE	(*Checker).getNameableDeclarationAtPosition	T-SYMTYPE	(*Checker).getTypeOfSymbol	checker/relater.go:1871
T-SIGSHAPE	(*Checker).getNameableDeclarationAtPosition	T-TUPLE	isTupleType	checker/relater.go:1872
T-SIGSHAPE	(*Checker).getNameableDeclarationAtPosition	PRE:datamodel	(*Type).TargetTupleType	checker/relater.go:1873
T-SIGSHAPE	(*Checker).getNonArrayRestType	T-SIGSHAPE	(*Checker).getEffectiveRestType	checker/relater.go:1892
T-SIGSHAPE	(*Checker).getNonArrayRestType	T-TUPLE	(*Checker).isArrayType	checker/relater.go:1893
T-SIGSHAPE	(*Checker).getNonArrayRestType	PRE:util	IsTypeAny	checker/relater.go:1893
T-SIGSHAPE	(*Checker).getEffectiveRestType	T-SIGSHAPE	signatureHasRestParameter	checker/relater.go:1900
T-SIGSHAPE	(*Checker).getEffectiveRestType	T-SYMTYPE	(*Checker).getTypeOfSymbol	checker/relater.go:1901
T-SIGSHAPE	(*Checker).getEffectiveRestType	T-TUPLE	isTupleType	checker/relater.go:1902
T-SIGSHAPE	(*Checker).getEffectiveRestType	PRE:util	IsTypeAny	checker/relater.go:1903
T-SIGSHAPE	(*Checker).getEffectiveRestType	PRE:datamodel	(*Type).TargetTupleType	checker/relater.go:1908
T-SIGSHAPE	(*Checker).getEffectiveRestType	T-TUPLE	(*Checker).sliceTupleType	checker/relater.go:1909
T-TUPLE	(*Checker).sliceTupleType	PRE:datamodel	(*Type).TargetTupleType	checker/relater.go:1916
T-TUPLE	(*Checker).sliceTupleType	T-TUPLE	(*Checker).getTypeReferenceArity	checker/relater.go:1917
T-TUPLE	(*Checker).sliceTupleType	T-TUPLE	(*Checker).getRestArrayTypeOfTupleType	checker/relater.go:1919
T-TUPLE	(*Checker).sliceTupleType	T-TUPLE	(*Checker).createTupleType	checker/relater.go:1922
T-TUPLE	(*Checker).sliceTupleType	T-TUPLE	(*Checker).createTupleTypeEx	checker/relater.go:1927
T-TUPLE	(*Checker).sliceTupleType	T-TYPENODE	(*Checker).getTypeArguments	checker/relater.go:1927
T-TUPLE	(*Checker).getKnownKeysOfTupleType	PRE:datamodel	(*Type).TargetTupleType	checker/relater.go:1931
T-TUPLE	(*Checker).getKnownKeysOfTupleType	K-LIT	(*Checker).getStringLiteralType	checker/relater.go:1934
T-TUPLE	(*Checker).getKnownKeysOfTupleType	K-KEYOF	(*Checker).getIndexType	checker/relater.go:1936
T-TUPLE	(*Checker).getKnownKeysOfTupleType	K-UNION	(*Checker).getUnionType	checker/relater.go:1937
T-TUPLE	(*Checker).getRestArrayTypeOfTupleType	T-TUPLE	(*Checker).getRestTypeOfTupleType	checker/relater.go:1941
T-TUPLE	(*Checker).getRestArrayTypeOfTupleType	T-TUPLE	(*Checker).createArrayType	checker/relater.go:1942
T-SIGSHAPE	(*Checker).getThisTypeOfSignature	T-SYMTYPE	(*Checker).getTypeOfSymbol	checker/relater.go:1949
T-SIGSHAPE	(*Checker).isInstantiatedGenericParameter	T-SIGSHAPE	(*Checker).tryGetTypeAtPosition	checker/relater.go:1958
T-SIGSHAPE	(*Checker).isInstantiatedGenericParameter	K-GENERIC	(*Checker).isGenericType	checker/relater.go:1959
T-SIGSHAPE	(*Checker).getParameterNameAtPosition	T-SIGSHAPE	signatureHasRestParameter	checker/relater.go:1963
T-SIGSHAPE	(*Checker).getParameterNameAtPosition	T-SYMTYPE	(*Checker).getTypeOfSymbol	checker/relater.go:1968
T-SIGSHAPE	(*Checker).getParameterNameAtPosition	T-TUPLE	isTupleType	checker/relater.go:1969
T-SIGSHAPE	(*Checker).getParameterNameAtPosition	T-SIGSHAPE	(*Checker).getTupleElementLabel	checker/relater.go:1971
T-SIGSHAPE	(*Checker).getParameterNameAtPosition	PRE:datamodel	(*Type).TargetTupleType	checker/relater.go:1971
T-SIGSHAPE	(*Checker).getTupleElementLabel	T-SIGSHAPE	(*Checker).getTupleElementLabelFromBindingElement	checker/relater.go:1981
T-SIGSHAPE	(*Checker).getTupleElementLabelFromBindingElement	PRE:util	hasDotDotDotToken	checker/relater.go:1997
T-SIGSHAPE	(*Checker).getTupleElementLabelFromBindingElement	T-SIGSHAPE	(*Checker).getTupleElementLabelFromBindingElement	checker/relater.go:2038
K-PRED	(*Checker).getTypePredicateOfSignature	K-PRED	(*Checker).getTypePredicateOfSignature	checker/relater.go:2053
K-PRED	(*Checker).getTypePredicateOfSignature	K-PRED	(*Checker).instantiateTypePredicate	checker/relater.go:2055
K-PRED	(*Checker).getTypePredicateOfSignature	K-PRED	(*Checker).getUnionOrIntersectionTypePredicate	checker/relater.go:2058
K-PRED	(*Checker).getTypePredicateOfSignature	K-PRED	(*Checker).createTypePredicateFromTypePredicateNode	checker/relater.go:2065
K-PRED	(*Checker).getTypePredicateOfSignature	T-SIGSHAPE	(*Checker).getParameterCount	checker/relater.go:2067
K-PRED	(*Checker).getTypePredicateOfSignature	MID:returns	(*Checker).getTypePredicateFromBody	checker/relater.go:2069
K-PRED	(*Checker).getUnionOrIntersectionTypePredicate	K-PRED	(*Checker).getTypePredicateOfSignature	checker/relater.go:2087
K-PRED	(*Checker).getUnionOrIntersectionTypePredicate	K-PRED	(*Checker).typePredicateKindsMatch	checker/relater.go:2090
K-PRED	(*Checker).getUnionOrIntersectionTypePredicate	T-SIGSHAPE	(*Checker).getReturnTypeOfSignature	checker/relater.go:2099
K-PRED	(*Checker).getUnionOrIntersectionTypePredicate	K-UNION	(*Checker).getUnionOrIntersectionType	checker/relater.go:2109
K-PRED	(*Checker).getUnionOrIntersectionTypePredicate	K-PRED	(*Checker).newTypePredicate	checker/relater.go:2110
K-PRED	(*Checker).createTypePredicateFromTypePredicateNode	T-TYPENODE	(*Checker).getTypeFromTypeNode	checker/relater.go:2121
K-PRED	(*Checker).createTypePredicateFromTypePredicateNode	K-PRED	(*Checker).newTypePredicate	checker/relater.go:2125
K-PRED	(*Checker).instantiateTypePredicate	T-INSTANTIATE	(*Checker).instantiateType	checker/relater.go:2134
K-PRED	(*Checker).instantiateTypePredicate	K-PRED	(*Checker).newTypePredicate	checker/relater.go:2138
T-SIGSHAPE	(*Checker).isResolvingReturnTypeOfSignature	T-SIGSHAPE	(*Checker).isResolvingReturnTypeOfSignature	checker/relater.go:2146
T-SIGSHAPE	(*Checker).isResolvingReturnTypeOfSignature	PRE:resolution	(*Checker).findResolutionCycleStartIndex	checker/relater.go:2149
