cause	input	old (rev 8965734d56)	new (model of the sink and the grammar, not the build)	tsc 6.0.2	verdict
tree shape: keyword followed by '.' is a type reference (parser.go:2804-2811)	"class C { @d p: any.b; }"	type=Object	type=Ref(any.b)	type=Ref(any.b)	changed, equal to tsc
tree shape: keyword followed by '.' is a type reference (parser.go:2804-2811)	"class C { @d m(a: any.b) {} }"	type=Function  paramtypes=[Object]  returntype=undefined	type=Function  paramtypes=[Ref(any.b)]  returntype=undefined	type=Function  paramtypes=[Ref(any.b)]  returntype=undefined	changed, equal to tsc
tree shape: keyword followed by '.' is a type reference (parser.go:2804-2811)	"class C { @d m(): any.b { throw 0 } }"	type=Function  paramtypes=[]  returntype=Object	type=Function  paramtypes=[]  returntype=Ref(any.b)	type=Function  paramtypes=[]  returntype=Ref(any.b)	changed, equal to tsc
tree shape: keyword followed by '.' is a type reference (parser.go:2804-2811)	"class C { @d p: string.b; }"	type=String	type=Ref(string.b)	type=Ref(string.b)	changed, equal to tsc
tree shape: keyword followed by '.' is a type reference (parser.go:2804-2811)	"class C { @d m(a: string.b) {} }"	type=Function  paramtypes=[String]  returntype=undefined	type=Function  paramtypes=[Ref(string.b)]  returntype=undefined	type=Function  paramtypes=[Ref(string.b)]  returntype=undefined	changed, equal to tsc
tree shape: keyword followed by '.' is a type reference (parser.go:2804-2811)	"class C { @d m(): string.b { throw 0 } }"	type=Function  paramtypes=[]  returntype=String	type=Function  paramtypes=[]  returntype=Ref(string.b)	type=Function  paramtypes=[]  returntype=Ref(string.b)	changed, equal to tsc
tree shape: keyword followed by '.' is a type reference (parser.go:2804-2811)	"class C { @d p: number.b.c; }"	type=Number	type=Ref(number.b.c)	type=Ref(number.b.c)	changed, equal to tsc
tree shape: keyword followed by '.' is a type reference (parser.go:2804-2811)	"class C { @d m(a: number.b.c) {} }"	type=Function  paramtypes=[Number]  returntype=undefined	type=Function  paramtypes=[Ref(number.b.c)]  returntype=undefined	type=Function  paramtypes=[Ref(number.b.c)]  returntype=undefined	changed, equal to tsc
tree shape: keyword followed by '.' is a type reference (parser.go:2804-2811)	"class C { @d m(): number.b.c { throw 0 } }"	type=Function  paramtypes=[]  returntype=Number	type=Function  paramtypes=[]  returntype=Ref(number.b.c)	type=Function  paramtypes=[]  returntype=Ref(number.b.c)	changed, equal to tsc
tree shape: keyword followed by '.' is a type reference (parser.go:2804-2811)	"class C { @d p: undefined.b; }"	type=undefined	type=Object	type=Object	changed, equal to tsc
tree shape: keyword followed by '.' is a type reference (parser.go:2804-2811)	"class C { @d m(a: undefined.b) {} }"	type=Function  paramtypes=[undefined]  returntype=undefined	type=Function  paramtypes=[Object]  returntype=undefined	type=Function  paramtypes=[Object]  returntype=undefined	changed, equal to tsc
tree shape: keyword followed by '.' is a type reference (parser.go:2804-2811)	"class C { @d m(): undefined.b { throw 0 } }"	type=Function  paramtypes=[]  returntype=undefined	type=Function  paramtypes=[]  returntype=Object	type=Function  paramtypes=[]  returntype=Object	changed, equal to tsc
tree shape: keyword followed by '.' is a type reference (parser.go:2804-2811)	"class C { @d p: object.b; }"	type=Object	type=Ref(object.b)	type=Ref(object.b)	changed, equal to tsc
tree shape: keyword followed by '.' is a type reference (parser.go:2804-2811)	"class C { @d m(a: object.b) {} }"	type=Function  paramtypes=[Object]  returntype=undefined	type=Function  paramtypes=[Ref(object.b)]  returntype=undefined	type=Function  paramtypes=[Ref(object.b)]  returntype=undefined	changed, equal to tsc
tree shape: keyword followed by '.' is a type reference (parser.go:2804-2811)	"class C { @d m(): object.b { throw 0 } }"	type=Function  paramtypes=[]  returntype=Object	type=Function  paramtypes=[]  returntype=Ref(object.b)	type=Function  paramtypes=[]  returntype=Ref(object.b)	changed, equal to tsc
tree shape: keyword followed by '.' is a type reference (parser.go:2804-2811)	"class C { @d p: never.b; }"	type=undefined	type=Ref(never.b)	type=Ref(never.b)	changed, equal to tsc
tree shape: keyword followed by '.' is a type reference (parser.go:2804-2811)	"class C { @d m(a: never.b) {} }"	type=Function  paramtypes=[undefined]  returntype=undefined	type=Function  paramtypes=[Ref(never.b)]  returntype=undefined	type=Function  paramtypes=[Ref(never.b)]  returntype=undefined	changed, equal to tsc
tree shape: keyword followed by '.' is a type reference (parser.go:2804-2811)	"class C { @d m(): never.b { throw 0 } }"	type=Function  paramtypes=[]  returntype=undefined	type=Function  paramtypes=[]  returntype=Ref(never.b)	type=Function  paramtypes=[]  returntype=Ref(never.b)	changed, equal to tsc
tree shape: keyword followed by '.' is a type reference (parser.go:2804-2811)	"class C { @d p: unknown.b; }"	type=Object	type=Ref(unknown.b)	type=Ref(unknown.b)	changed, equal to tsc
tree shape: keyword followed by '.' is a type reference (parser.go:2804-2811)	"class C { @d m(a: unknown.b) {} }"	type=Function  paramtypes=[Object]  returntype=undefined	type=Function  paramtypes=[Ref(unknown.b)]  returntype=undefined	type=Function  paramtypes=[Ref(unknown.b)]  returntype=undefined	changed, equal to tsc
tree shape: keyword followed by '.' is a type reference (parser.go:2804-2811)	"class C { @d m(): unknown.b { throw 0 } }"	type=Function  paramtypes=[]  returntype=Object	type=Function  paramtypes=[]  returntype=Ref(unknown.b)	type=Function  paramtypes=[]  returntype=Ref(unknown.b)	changed, equal to tsc
tree shape: keyword followed by '.' is a type reference (parser.go:2804-2811)	"class C { @d p: symbol.b; }"	type=Symbol	type=Ref(symbol.b)	type=Ref(symbol.b)	changed, equal to tsc
tree shape: keyword followed by '.' is a type reference (parser.go:2804-2811)	"class C { @d m(a: symbol.b) {} }"	type=Function  paramtypes=[Symbol]  returntype=undefined	type=Function  paramtypes=[Ref(symbol.b)]  returntype=undefined	type=Function  paramtypes=[Ref(symbol.b)]  returntype=undefined	changed, equal to tsc
tree shape: keyword followed by '.' is a type reference (parser.go:2804-2811)	"class C { @d m(): symbol.b { throw 0 } }"	type=Function  paramtypes=[]  returntype=Symbol	type=Function  paramtypes=[]  returntype=Ref(symbol.b)	type=Function  paramtypes=[]  returntype=Ref(symbol.b)	changed, equal to tsc
tree shape: keyword followed by '.' is a type reference (parser.go:2804-2811)	"class C { @d p: bigint.b<T>; }"	type=BigInt	type=Ref(bigint.b)	type=Ref(bigint.b)	changed, equal to tsc
tree shape: keyword followed by '.' is a type reference (parser.go:2804-2811)	"class C { @d m(a: bigint.b<T>) {} }"	type=Function  paramtypes=[BigInt]  returntype=undefined	type=Function  paramtypes=[Ref(bigint.b)]  returntype=undefined	type=Function  paramtypes=[Ref(bigint.b)]  returntype=undefined	changed, equal to tsc
tree shape: keyword followed by '.' is a type reference (parser.go:2804-2811)	"class C { @d m(): bigint.b<T> { throw 0 } }"	type=Function  paramtypes=[]  returntype=BigInt	type=Function  paramtypes=[]  returntype=Ref(bigint.b)	type=Function  paramtypes=[]  returntype=Ref(bigint.b)	changed, equal to tsc
tree shape: keyword followed by '.' is a type reference (parser.go:2804-2811)	"class C { @d p: boolean.b; }"	type=Boolean	type=Ref(boolean.b)	type=Ref(boolean.b)	changed, equal to tsc
tree shape: keyword followed by '.' is a type reference (parser.go:2804-2811)	"class C { @d m(a: boolean.b) {} }"	type=Function  paramtypes=[Boolean]  returntype=undefined	type=Function  paramtypes=[Ref(boolean.b)]  returntype=undefined	type=Function  paramtypes=[Ref(boolean.b)]  returntype=undefined	changed, equal to tsc
tree shape: keyword followed by '.' is a type reference (parser.go:2804-2811)	"class C { @d m(): boolean.b { throw 0 } }"	type=Function  paramtypes=[]  returntype=Boolean	type=Function  paramtypes=[]  returntype=Ref(boolean.b)	type=Function  paramtypes=[]  returntype=Ref(boolean.b)	changed, equal to tsc
name read as a modifier: const / abstract / asserts as a type name leave no tag (Bun: Object, tsc: reference)	"class C { @d p: const; }"	type=Object	type=Object	type=Ref(const)	same, differs from tsc
name read as a modifier: const / abstract / asserts as a type name leave no tag (Bun: Object, tsc: reference)	"class C { @d m(a: const) {} }"	type=Function  paramtypes=[Object]  returntype=undefined	type=Function  paramtypes=[Object]  returntype=undefined	type=Function  paramtypes=[Ref(const)]  returntype=undefined	same, differs from tsc
name read as a modifier: const / abstract / asserts as a type name leave no tag (Bun: Object, tsc: reference)	"class C { @d m(): const { throw 0 } }"	type=Function  paramtypes=[]  returntype=Object	type=Function  paramtypes=[]  returntype=Object	type=Function  paramtypes=[]  returntype=Ref(const)	same, differs from tsc
name read as a modifier: const / abstract / asserts as a type name leave no tag (Bun: Object, tsc: reference)	"class C { @d p: asserts; }"	type=Object	type=Object	type=Ref(asserts)	same, differs from tsc
name read as a modifier: const / abstract / asserts as a type name leave no tag (Bun: Object, tsc: reference)	"class C { @d m(a: asserts) {} }"	type=Function  paramtypes=[Object]  returntype=undefined	type=Function  paramtypes=[Object]  returntype=undefined	type=Function  paramtypes=[Ref(asserts)]  returntype=undefined	same, differs from tsc
name read as a modifier: const / abstract / asserts as a type name leave no tag (Bun: Object, tsc: reference)	"class C { @d m(): asserts { throw 0 } }"	type=Function  paramtypes=[]  returntype=Object	type=Function  paramtypes=[]  returntype=Object	type=Function  paramtypes=[]  returntype=Ref(asserts)	same, differs from tsc
name read as a modifier: const / abstract / asserts as a type name leave no tag (Bun: Object, tsc: reference)	"class C { @d p: abstract; }"	type=Object	type=Object	type=Ref(abstract)	same, differs from tsc
name read as a modifier: const / abstract / asserts as a type name leave no tag (Bun: Object, tsc: reference)	"class C { @d m(a: abstract) {} }"	type=Function  paramtypes=[Object]  returntype=undefined	type=Function  paramtypes=[Object]  returntype=undefined	type=Function  paramtypes=[Ref(abstract)]  returntype=undefined	same, differs from tsc
name read as a modifier: const / abstract / asserts as a type name leave no tag (Bun: Object, tsc: reference)	"class C { @d m(): abstract { throw 0 } }"	type=Function  paramtypes=[]  returntype=Object	type=Function  paramtypes=[]  returntype=Object	type=Function  paramtypes=[]  returntype=Ref(abstract)	same, differs from tsc
name read as a modifier: const / abstract / asserts as a type name leave no tag (Bun: Object, tsc: reference)	"class C { @d p: asserts<T>; }"	type=Object	type=Object	type=Ref(asserts)	same, differs from tsc
name read as a modifier: const / abstract / asserts as a type name leave no tag (Bun: Object, tsc: reference)	"class C { @d m(a: asserts<T>) {} }"	type=Function  paramtypes=[Object]  returntype=undefined	type=Function  paramtypes=[Object]  returntype=undefined	type=Function  paramtypes=[Ref(asserts)]  returntype=undefined	same, differs from tsc
name read as a modifier: const / abstract / asserts as a type name leave no tag (Bun: Object, tsc: reference)	"class C { @d m(): asserts<T> { throw 0 } }"	type=Function  paramtypes=[]  returntype=Object	type=Function  paramtypes=[]  returntype=Object	type=Function  paramtypes=[]  returntype=Ref(asserts)	same, differs from tsc
name read as a modifier: const / abstract / asserts as a type name leave no tag (Bun: Object, tsc: reference)	"class C { @d p: asserts.x; }"	type=Object	type=Object	type=Ref(asserts.x)	same, differs from tsc
name read as a modifier: const / abstract / asserts as a type name leave no tag (Bun: Object, tsc: reference)	"class C { @d m(a: asserts.x) {} }"	type=Function  paramtypes=[Object]  returntype=undefined	type=Function  paramtypes=[Object]  returntype=undefined	type=Function  paramtypes=[Ref(asserts.x)]  returntype=undefined	same, differs from tsc
name read as a modifier: const / abstract / asserts as a type name leave no tag (Bun: Object, tsc: reference)	"class C { @d m(): asserts.x { throw 0 } }"	type=Function  paramtypes=[]  returntype=Object	type=Function  paramtypes=[]  returntype=Object	type=Function  paramtypes=[]  returntype=Ref(asserts.x)	same, differs from tsc
name read as a modifier: const / abstract / asserts as a type name leave no tag (Bun: Object, tsc: reference)	"class C { @d p: abstract.x; }"	type=Object	type=Object	type=Ref(abstract.x)	same, differs from tsc
name read as a modifier: const / abstract / asserts as a type name leave no tag (Bun: Object, tsc: reference)	"class C { @d m(a: abstract.x) {} }"	type=Function  paramtypes=[Object]  returntype=undefined	type=Function  paramtypes=[Object]  returntype=undefined	type=Function  paramtypes=[Ref(abstract.x)]  returntype=undefined	same, differs from tsc
name read as a modifier: const / abstract / asserts as a type name leave no tag (Bun: Object, tsc: reference)	"class C { @d m(): abstract.x { throw 0 } }"	type=Function  paramtypes=[]  returntype=Object	type=Function  paramtypes=[]  returntype=Object	type=Function  paramtypes=[]  returntype=Ref(abstract.x)	same, differs from tsc
name read as a modifier: const / abstract / asserts as a type name leave no tag (Bun: Object, tsc: reference)	"class C { @d p: abstract<T>; }"	type=Object	type=Object	type=Ref(abstract)	same, differs from tsc
name read as a modifier: const / abstract / asserts as a type name leave no tag (Bun: Object, tsc: reference)	"class C { @d m(a: abstract<T>) {} }"	type=Function  paramtypes=[Object]  returntype=undefined	type=Function  paramtypes=[Object]  returntype=undefined	type=Function  paramtypes=[Ref(abstract)]  returntype=undefined	same, differs from tsc
name read as a modifier: const / abstract / asserts as a type name leave no tag (Bun: Object, tsc: reference)	"class C { @d m(): abstract<T> { throw 0 } }"	type=Function  paramtypes=[]  returntype=Object	type=Function  paramtypes=[]  returntype=Object	type=Function  paramtypes=[]  returntype=Ref(abstract)	same, differs from tsc
form without a tag: import type, unique symbol and infer leave MNone, which | and & treat as absent and [] as an array	"class C { @d p: A | infer B; }"	type=Ref(A)	type=Ref(A)	(none)	same, differs from tsc
form without a tag: import type, unique symbol and infer leave MNone, which | and & treat as absent and [] as an array	"class C { @d m(a: A | infer B) {} }"	type=Function  paramtypes=[Ref(A)]  returntype=undefined	type=Function  paramtypes=[Ref(A)]  returntype=undefined	(none)	same, differs from tsc
form without a tag: import type, unique symbol and infer leave MNone, which | and & treat as absent and [] as an array	"class C { @d m(): A | infer B { throw 0 } }"	type=Function  paramtypes=[]  returntype=Ref(A)	type=Function  paramtypes=[]  returntype=Ref(A)	(none)	same, differs from tsc
form without a tag: import type, unique symbol and infer leave MNone, which | and & treat as absent and [] as an array	"class C { @d p: A | unique symbol; }"	type=Ref(A)	type=Object	type=Object	changed, equal to tsc
form without a tag: import type, unique symbol and infer leave MNone, which | and & treat as absent and [] as an array	"class C { @d m(a: A | unique symbol) {} }"	type=Function  paramtypes=[Ref(A)]  returntype=undefined	type=Function  paramtypes=[Object]  returntype=undefined	type=Function  paramtypes=[Object]  returntype=undefined	changed, equal to tsc
form without a tag: import type, unique symbol and infer leave MNone, which | and & treat as absent and [] as an array	"class C { @d m(): A | unique symbol { throw 0 } }"	type=Function  paramtypes=[]  returntype=Ref(A)	type=Function  paramtypes=[]  returntype=Object	type=Function  paramtypes=[]  returntype=Object	changed, equal to tsc
form without a tag: import type, unique symbol and infer leave MNone, which | and & treat as absent and [] as an array	"class C { @d p: A | import(\"x\"); }"	type=Ref(A)	type=Object	type=Object	changed, equal to tsc
form without a tag: import type, unique symbol and infer leave MNone, which | and & treat as absent and [] as an array	"class C { @d m(a: A | import(\"x\")) {} }"	type=Function  paramtypes=[Ref(A)]  returntype=undefined	type=Function  paramtypes=[Object]  returntype=undefined	type=Function  paramtypes=[Object]  returntype=undefined	changed, equal to tsc
form without a tag: import type, unique symbol and infer leave MNone, which | and & treat as absent and [] as an array	"class C { @d m(): A | import(\"x\") { throw 0 } }"	type=Function  paramtypes=[]  returntype=Ref(A)	type=Function  paramtypes=[]  returntype=Object	type=Function  paramtypes=[]  returntype=Object	changed, equal to tsc
type predicate inside another type (tsc parses it only at the top of a return type)	"class C { @d m(): A | asserts a { throw 0 } }"	type=Function  paramtypes=[]  returntype=Ref(A)	type=Function  paramtypes=[]  returntype=Object	type=Function  paramtypes=[]  returntype=Object	changed, equal to tsc
readonly operand: the sink answers Array for every operand (tsc serializes the operand; differs only where tsc reports TS1354)	"class C { @d p: readonly A; }"	type=Array	type=Array	type=Ref(A)	same, differs from tsc
readonly operand: the sink answers Array for every operand (tsc serializes the operand; differs only where tsc reports TS1354)	"class C { @d m(a: readonly A) {} }"	type=Function  paramtypes=[Array]  returntype=undefined	type=Function  paramtypes=[Array]  returntype=undefined	type=Function  paramtypes=[Ref(A)]  returntype=undefined	same, differs from tsc
readonly operand: the sink answers Array for every operand (tsc serializes the operand; differs only where tsc reports TS1354)	"class C { @d m(): readonly A { throw 0 } }"	type=Function  paramtypes=[]  returntype=Array	type=Function  paramtypes=[]  returntype=Array	type=Function  paramtypes=[]  returntype=Ref(A)	same, differs from tsc
readonly operand: the sink answers Array for every operand (tsc serializes the operand; differs only where tsc reports TS1354)	"class C { @d p: readonly keyof A; }"	type=Array	type=Array	type=Object	same, differs from tsc
readonly operand: the sink answers Array for every operand (tsc serializes the operand; differs only where tsc reports TS1354)	"class C { @d m(a: readonly keyof A) {} }"	type=Function  paramtypes=[Array]  returntype=undefined	type=Function  paramtypes=[Array]  returntype=undefined	type=Function  paramtypes=[Object]  returntype=undefined	same, differs from tsc
readonly operand: the sink answers Array for every operand (tsc serializes the operand; differs only where tsc reports TS1354)	"class C { @d m(): readonly keyof A { throw 0 } }"	type=Function  paramtypes=[]  returntype=Array	type=Function  paramtypes=[]  returntype=Array	type=Function  paramtypes=[]  returntype=Object	same, differs from tsc
tree shape: operand of keyof / readonly / unique swallows extends ? :	"class C { @d p: readonly A[] extends B ? C : D; }"	type=Array	type=Object	type=Object	changed, equal to tsc
tree shape: operand of keyof / readonly / unique swallows extends ? :	"class C { @d m(a: readonly A[] extends B ? C : D) {} }"	type=Function  paramtypes=[Array]  returntype=undefined	type=Function  paramtypes=[Object]  returntype=undefined	type=Function  paramtypes=[Object]  returntype=undefined	changed, equal to tsc
tree shape: operand of keyof / readonly / unique swallows extends ? :	"class C { @d m(): readonly A[] extends B ? C : D { throw 0 } }"	type=Function  paramtypes=[]  returntype=Array	type=Function  paramtypes=[]  returntype=Object	type=Function  paramtypes=[]  returntype=Object	changed, equal to tsc
readonly operand: the sink answers Array for every operand (tsc serializes the operand; differs only where tsc reports TS1354)	"class C { @d p: readonly Array<A>; }"	type=Array	type=Array	type=Ref(Array)	same, differs from tsc
readonly operand: the sink answers Array for every operand (tsc serializes the operand; differs only where tsc reports TS1354)	"class C { @d m(a: readonly Array<A>) {} }"	type=Function  paramtypes=[Array]  returntype=undefined	type=Function  paramtypes=[Array]  returntype=undefined	type=Function  paramtypes=[Ref(Array)]  returntype=undefined	same, differs from tsc
readonly operand: the sink answers Array for every operand (tsc serializes the operand; differs only where tsc reports TS1354)	"class C { @d m(): readonly Array<A> { throw 0 } }"	type=Function  paramtypes=[]  returntype=Array	type=Function  paramtypes=[]  returntype=Array	type=Function  paramtypes=[]  returntype=Ref(Array)	same, differs from tsc
readonly operand: the sink answers Array for every operand (tsc serializes the operand; differs only where tsc reports TS1354)	"class C { @d p: readonly typeof a; }"	type=Array	type=Array	type=Object	same, differs from tsc
readonly operand: the sink answers Array for every operand (tsc serializes the operand; differs only where tsc reports TS1354)	"class C { @d m(a: readonly typeof a) {} }"	type=Function  paramtypes=[Array]  returntype=undefined	type=Function  paramtypes=[Array]  returntype=undefined	type=Function  paramtypes=[Object]  returntype=undefined	same, differs from tsc
readonly operand: the sink answers Array for every operand (tsc serializes the operand; differs only where tsc reports TS1354)	"class C { @d m(): readonly typeof a { throw 0 } }"	type=Function  paramtypes=[]  returntype=Array	type=Function  paramtypes=[]  returntype=Array	type=Function  paramtypes=[]  returntype=Object	same, differs from tsc
readonly operand: the sink answers Array for every operand (tsc serializes the operand; differs only where tsc reports TS1354)	"class C { @d p: readonly unique symbol; }"	type=Array	type=Array	type=Object	same, differs from tsc
readonly operand: the sink answers Array for every operand (tsc serializes the operand; differs only where tsc reports TS1354)	"class C { @d m(a: readonly unique symbol) {} }"	type=Function  paramtypes=[Array]  returntype=undefined	type=Function  paramtypes=[Array]  returntype=undefined	type=Function  paramtypes=[Object]  returntype=undefined	same, differs from tsc
readonly operand: the sink answers Array for every operand (tsc serializes the operand; differs only where tsc reports TS1354)	"class C { @d m(): readonly unique symbol { throw 0 } }"	type=Function  paramtypes=[]  returntype=Array	type=Function  paramtypes=[]  returntype=Array	type=Function  paramtypes=[]  returntype=Object	same, differs from tsc
readonly operand: the sink answers Array for every operand (tsc serializes the operand; differs only where tsc reports TS1354)	"class C { @d p: readonly { a: A }; }"	type=Array	type=Array	type=Object	same, differs from tsc
readonly operand: the sink answers Array for every operand (tsc serializes the operand; differs only where tsc reports TS1354)	"class C { @d m(a: readonly { a: A }) {} }"	type=Function  paramtypes=[Array]  returntype=undefined	type=Function  paramtypes=[Array]  returntype=undefined	type=Function  paramtypes=[Object]  returntype=undefined	same, differs from tsc
readonly operand: the sink answers Array for every operand (tsc serializes the operand; differs only where tsc reports TS1354)	"class C { @d m(): readonly { a: A } { throw 0 } }"	type=Function  paramtypes=[]  returntype=Array	type=Function  paramtypes=[]  returntype=Array	type=Function  paramtypes=[]  returntype=Object	same, differs from tsc
readonly operand: the sink answers Array for every operand (tsc serializes the operand; differs only where tsc reports TS1354)	"class C { @d p: readonly A[B]; }"	type=Array	type=Array	type=Object	same, differs from tsc
readonly operand: the sink answers Array for every operand (tsc serializes the operand; differs only where tsc reports TS1354)	"class C { @d m(a: readonly A[B]) {} }"	type=Function  paramtypes=[Array]  returntype=undefined	type=Function  paramtypes=[Array]  returntype=undefined	type=Function  paramtypes=[Object]  returntype=undefined	same, differs from tsc
readonly operand: the sink answers Array for every operand (tsc serializes the operand; differs only where tsc reports TS1354)	"class C { @d m(): readonly A[B] { throw 0 } }"	type=Function  paramtypes=[]  returntype=Array	type=Function  paramtypes=[]  returntype=Array	type=Function  paramtypes=[]  returntype=Object	same, differs from tsc
tree shape: operand of unique (tsc: TypeOperator over the whole postfix type)	"class C { @d p: unique symbol[]; }"	type=Array	type=Object	type=Object	changed, equal to tsc
tree shape: operand of unique (tsc: TypeOperator over the whole postfix type)	"class C { @d m(a: unique symbol[]) {} }"	type=Function  paramtypes=[Array]  returntype=undefined	type=Function  paramtypes=[Object]  returntype=undefined	type=Function  paramtypes=[Object]  returntype=undefined	changed, equal to tsc
tree shape: operand of unique (tsc: TypeOperator over the whole postfix type)	"class C { @d m(): unique symbol[] { throw 0 } }"	type=Function  paramtypes=[]  returntype=Array	type=Function  paramtypes=[]  returntype=Object	type=Function  paramtypes=[]  returntype=Object	changed, equal to tsc
form without a tag: import type, unique symbol and infer leave MNone, which | and & treat as absent and [] as an array	"class C { @d p: unique symbol | A; }"	type=Ref(A)	type=Object	type=Object	changed, equal to tsc
form without a tag: import type, unique symbol and infer leave MNone, which | and & treat as absent and [] as an array	"class C { @d m(a: unique symbol | A) {} }"	type=Function  paramtypes=[Ref(A)]  returntype=undefined	type=Function  paramtypes=[Object]  returntype=undefined	type=Function  paramtypes=[Object]  returntype=undefined	changed, equal to tsc
form without a tag: import type, unique symbol and infer leave MNone, which | and & treat as absent and [] as an array	"class C { @d m(): unique symbol | A { throw 0 } }"	type=Function  paramtypes=[]  returntype=Ref(A)	type=Function  paramtypes=[]  returntype=Object	type=Function  paramtypes=[]  returntype=Object	changed, equal to tsc
form without a tag: import type, unique symbol and infer leave MNone, which | and & treat as absent and [] as an array	"class C { @d p: unique symbol & A; }"	type=Ref(A)	type=Object	type=Object	changed, equal to tsc
form without a tag: import type, unique symbol and infer leave MNone, which | and & treat as absent and [] as an array	"class C { @d m(a: unique symbol & A) {} }"	type=Function  paramtypes=[Ref(A)]  returntype=undefined	type=Function  paramtypes=[Object]  returntype=undefined	type=Function  paramtypes=[Object]  returntype=undefined	changed, equal to tsc
form without a tag: import type, unique symbol and infer leave MNone, which | and & treat as absent and [] as an array	"class C { @d m(): unique symbol & A { throw 0 } }"	type=Function  paramtypes=[]  returntype=Ref(A)	type=Function  paramtypes=[]  returntype=Object	type=Function  paramtypes=[]  returntype=Object	changed, equal to tsc
tree shape: operand of unique (tsc: TypeOperator over the whole postfix type)	"class C { @d p: unique [A]; }"	type=Array	type=Object	type=Object	changed, equal to tsc
tree shape: operand of unique (tsc: TypeOperator over the whole postfix type)	"class C { @d m(a: unique [A]) {} }"	type=Function  paramtypes=[Array]  returntype=undefined	type=Function  paramtypes=[Object]  returntype=undefined	type=Function  paramtypes=[Object]  returntype=undefined	changed, equal to tsc
tree shape: operand of unique (tsc: TypeOperator over the whole postfix type)	"class C { @d m(): unique [A] { throw 0 } }"	type=Function  paramtypes=[]  returntype=Array	type=Function  paramtypes=[]  returntype=Object	type=Function  paramtypes=[]  returntype=Object	changed, equal to tsc
merge rule: a conditional type merges its branches as an intersection (tsc: as a union of the two branches)	"class C { @d p: A extends infer U ? U : never; }"	type=undefined	type=Object	type=Object	changed, equal to tsc
merge rule: a conditional type merges its branches as an intersection (tsc: as a union of the two branches)	"class C { @d m(a: A extends infer U ? U : never) {} }"	type=Function  paramtypes=[undefined]  returntype=undefined	type=Function  paramtypes=[Object]  returntype=undefined	type=Function  paramtypes=[Object]  returntype=undefined	changed, equal to tsc
merge rule: a conditional type merges its branches as an intersection (tsc: as a union of the two branches)	"class C { @d m(): A extends infer U ? U : never { throw 0 } }"	type=Function  paramtypes=[]  returntype=undefined	type=Function  paramtypes=[]  returntype=Object	type=Function  paramtypes=[]  returntype=Object	changed, equal to tsc
merge rule: a conditional type merges its branches as an intersection (tsc: as a union of the two branches)	"class C { @d p: A extends (infer U)[] ? U : never; }"	type=undefined	type=Object	type=Object	changed, equal to tsc
merge rule: a conditional type merges its branches as an intersection (tsc: as a union of the two branches)	"class C { @d m(a: A extends (infer U)[] ? U : never) {} }"	type=Function  paramtypes=[undefined]  returntype=undefined	type=Function  paramtypes=[Object]  returntype=undefined	type=Function  paramtypes=[Object]  returntype=undefined	changed, equal to tsc
merge rule: a conditional type merges its branches as an intersection (tsc: as a union of the two branches)	"class C { @d m(): A extends (infer U)[] ? U : never { throw 0 } }"	type=Function  paramtypes=[]  returntype=undefined	type=Function  paramtypes=[]  returntype=Object	type=Function  paramtypes=[]  returntype=Object	changed, equal to tsc
merge rule: a conditional type merges its branches as an intersection (tsc: as a union of the two branches)	"class C { @d p: A extends infer U extends B ? U : never; }"	type=undefined	type=Object	type=Object	changed, equal to tsc
merge rule: a conditional type merges its branches as an intersection (tsc: as a union of the two branches)	"class C { @d m(a: A extends infer U extends B ? U : never) {} }"	type=Function  paramtypes=[undefined]  returntype=undefined	type=Function  paramtypes=[Object]  returntype=undefined	type=Function  paramtypes=[Object]  returntype=undefined	changed, equal to tsc
merge rule: a conditional type merges its branches as an intersection (tsc: as a union of the two branches)	"class C { @d m(): A extends infer U extends B ? U : never { throw 0 } }"	type=Function  paramtypes=[]  returntype=undefined	type=Function  paramtypes=[]  returntype=Object	type=Function  paramtypes=[]  returntype=Object	changed, equal to tsc
merge rule: a conditional type merges its branches as an intersection (tsc: as a union of the two branches)	"class C { @d p: A extends [infer U extends B] ? U : never; }"	type=undefined	type=Object	type=Object	changed, equal to tsc
merge rule: a conditional type merges its branches as an intersection (tsc: as a union of the two branches)	"class C { @d m(a: A extends [infer U extends B] ? U : never) {} }"	type=Function  paramtypes=[undefined]  returntype=undefined	type=Function  paramtypes=[Object]  returntype=undefined	type=Function  paramtypes=[Object]  returntype=undefined	changed, equal to tsc
merge rule: a conditional type merges its branches as an intersection (tsc: as a union of the two branches)	"class C { @d m(): A extends [infer U extends B] ? U : never { throw 0 } }"	type=Function  paramtypes=[]  returntype=undefined	type=Function  paramtypes=[]  returntype=Object	type=Function  paramtypes=[]  returntype=Object	changed, equal to tsc
merge rule: a conditional type merges its branches as an intersection (tsc: as a union of the two branches)	"class C { @d p: A extends [infer U extends B ? C : D] ? U : never; }"	type=undefined	type=Object	type=Object	changed, equal to tsc
merge rule: a conditional type merges its branches as an intersection (tsc: as a union of the two branches)	"class C { @d m(a: A extends [infer U extends B ? C : D] ? U : never) {} }"	type=Function  paramtypes=[undefined]  returntype=undefined	type=Function  paramtypes=[Object]  returntype=undefined	type=Function  paramtypes=[Object]  returntype=undefined	changed, equal to tsc
merge rule: a conditional type merges its branches as an intersection (tsc: as a union of the two branches)	"class C { @d m(): A extends [infer U extends B ? C : D] ? U : never { throw 0 } }"	type=Function  paramtypes=[]  returntype=undefined	type=Function  paramtypes=[]  returntype=Object	type=Function  paramtypes=[]  returntype=Object	changed, equal to tsc
merge rule: a conditional type merges its branches as an intersection (tsc: as a union of the two branches)	"class C { @d p: A extends { a: infer U } ? U : never; }"	type=undefined	type=Object	type=Object	changed, equal to tsc
merge rule: a conditional type merges its branches as an intersection (tsc: as a union of the two branches)	"class C { @d m(a: A extends { a: infer U } ? U : never) {} }"	type=Function  paramtypes=[undefined]  returntype=undefined	type=Function  paramtypes=[Object]  returntype=undefined	type=Function  paramtypes=[Object]  returntype=undefined	changed, equal to tsc
merge rule: a conditional type merges its branches as an intersection (tsc: as a union of the two branches)	"class C { @d m(): A extends { a: infer U } ? U : never { throw 0 } }"	type=Function  paramtypes=[]  returntype=undefined	type=Function  paramtypes=[]  returntype=Object	type=Function  paramtypes=[]  returntype=Object	changed, equal to tsc
merge rule: a conditional type merges its branches as an intersection (tsc: as a union of the two branches)	"class C { @d p: A extends (a: infer U) => infer V ? [U, V] : never; }"	type=undefined	type=Array	type=Array	changed, equal to tsc
merge rule: a conditional type merges its branches as an intersection (tsc: as a union of the two branches)	"class C { @d m(a: A extends (a: infer U) => infer V ? [U, V] : never) {} }"	type=Function  paramtypes=[undefined]  returntype=undefined	type=Function  paramtypes=[Array]  returntype=undefined	type=Function  paramtypes=[Array]  returntype=undefined	changed, equal to tsc
merge rule: a conditional type merges its branches as an intersection (tsc: as a union of the two branches)	"class C { @d m(): A extends (a: infer U) => infer V ? [U, V] : never { throw 0 } }"	type=Function  paramtypes=[]  returntype=undefined	type=Function  paramtypes=[]  returntype=Array	type=Function  paramtypes=[]  returntype=Array	changed, equal to tsc
merge rule: a conditional type merges its branches as an intersection (tsc: as a union of the two branches)	"class C { @d p: A extends (infer U extends B) ? U : never; }"	type=undefined	type=Object	type=Object	changed, equal to tsc
merge rule: a conditional type merges its branches as an intersection (tsc: as a union of the two branches)	"class C { @d m(a: A extends (infer U extends B) ? U : never) {} }"	type=Function  paramtypes=[undefined]  returntype=undefined	type=Function  paramtypes=[Object]  returntype=undefined	type=Function  paramtypes=[Object]  returntype=undefined	changed, equal to tsc
merge rule: a conditional type merges its branches as an intersection (tsc: as a union of the two branches)	"class C { @d m(): A extends (infer U extends B) ? U : never { throw 0 } }"	type=Function  paramtypes=[]  returntype=undefined	type=Function  paramtypes=[]  returntype=Object	type=Function  paramtypes=[]  returntype=Object	changed, equal to tsc
merge rule: a conditional type merges its branches as an intersection (tsc: as a union of the two branches)	"class C { @d p: A extends Array<infer U> ? U : never; }"	type=undefined	type=Object	type=Object	changed, equal to tsc
merge rule: a conditional type merges its branches as an intersection (tsc: as a union of the two branches)	"class C { @d m(a: A extends Array<infer U> ? U : never) {} }"	type=Function  paramtypes=[undefined]  returntype=undefined	type=Function  paramtypes=[Object]  returntype=undefined	type=Function  paramtypes=[Object]  returntype=undefined	changed, equal to tsc
merge rule: a conditional type merges its branches as an intersection (tsc: as a union of the two branches)	"class C { @d m(): A extends Array<infer U> ? U : never { throw 0 } }"	type=Function  paramtypes=[]  returntype=undefined	type=Function  paramtypes=[]  returntype=Object	type=Function  paramtypes=[]  returntype=Object	changed, equal to tsc
merge rule: a conditional type merges its branches as an intersection (tsc: as a union of the two branches)	"class C { @d p: A extends Array<infer U extends B> ? U : never; }"	type=undefined	type=Object	type=Object	changed, equal to tsc
merge rule: a conditional type merges its branches as an intersection (tsc: as a union of the two branches)	"class C { @d m(a: A extends Array<infer U extends B> ? U : never) {} }"	type=Function  paramtypes=[undefined]  returntype=undefined	type=Function  paramtypes=[Object]  returntype=undefined	type=Function  paramtypes=[Object]  returntype=undefined	changed, equal to tsc
merge rule: a conditional type merges its branches as an intersection (tsc: as a union of the two branches)	"class C { @d m(): A extends Array<infer U extends B> ? U : never { throw 0 } }"	type=Function  paramtypes=[]  returntype=undefined	type=Function  paramtypes=[]  returntype=Object	type=Function  paramtypes=[]  returntype=Object	changed, equal to tsc
merge rule: a conditional type merges its branches as an intersection (tsc: as a union of the two branches)	"class C { @d p: A extends Array<infer U extends B ? C : D> ? U : never; }"	type=undefined	type=Object	type=Object	changed, equal to tsc
merge rule: a conditional type merges its branches as an intersection (tsc: as a union of the two branches)	"class C { @d m(a: A extends Array<infer U extends B ? C : D> ? U : never) {} }"	type=Function  paramtypes=[undefined]  returntype=undefined	type=Function  paramtypes=[Object]  returntype=undefined	type=Function  paramtypes=[Object]  returntype=undefined	changed, equal to tsc
merge rule: a conditional type merges its branches as an intersection (tsc: as a union of the two branches)	"class C { @d m(): A extends Array<infer U extends B ? C : D> ? U : never { throw 0 } }"	type=Function  paramtypes=[]  returntype=undefined	type=Function  paramtypes=[]  returntype=Object	type=Function  paramtypes=[]  returntype=Object	changed, equal to tsc
merge rule: a conditional type merges its branches as an intersection (tsc: as a union of the two branches)	"class C { @d p: A extends `${infer U}x` ? U : never; }"	type=undefined	type=Object	type=Object	changed, equal to tsc
merge rule: a conditional type merges its branches as an intersection (tsc: as a union of the two branches)	"class C { @d m(a: A extends `${infer U}x` ? U : never) {} }"	type=Function  paramtypes=[undefined]  returntype=undefined	type=Function  paramtypes=[Object]  returntype=undefined	type=Function  paramtypes=[Object]  returntype=undefined	changed, equal to tsc
merge rule: a conditional type merges its branches as an intersection (tsc: as a union of the two branches)	"class C { @d m(): A extends `${infer U}x` ? U : never { throw 0 } }"	type=Function  paramtypes=[]  returntype=undefined	type=Function  paramtypes=[]  returntype=Object	type=Function  paramtypes=[]  returntype=Object	changed, equal to tsc
merge rule: a conditional type merges its branches as an intersection (tsc: as a union of the two branches)	"class C { @d p: A extends `${infer U extends number}` ? U : never; }"	type=undefined	type=Object	type=Object	changed, equal to tsc
merge rule: a conditional type merges its branches as an intersection (tsc: as a union of the two branches)	"class C { @d m(a: A extends `${infer U extends number}` ? U : never) {} }"	type=Function  paramtypes=[undefined]  returntype=undefined	type=Function  paramtypes=[Object]  returntype=undefined	type=Function  paramtypes=[Object]  returntype=undefined	changed, equal to tsc
merge rule: a conditional type merges its branches as an intersection (tsc: as a union of the two branches)	"class C { @d m(): A extends `${infer U extends number}` ? U : never { throw 0 } }"	type=Function  paramtypes=[]  returntype=undefined	type=Function  paramtypes=[]  returntype=Object	type=Function  paramtypes=[]  returntype=Object	changed, equal to tsc
merge rule: a conditional type merges its branches as an intersection (tsc: as a union of the two branches)	"class C { @d p: A extends `${infer U extends number ? 1 : 2}` ? U : never; }"	type=undefined	type=Object	type=Object	changed, equal to tsc
merge rule: a conditional type merges its branches as an intersection (tsc: as a union of the two branches)	"class C { @d m(a: A extends `${infer U extends number ? 1 : 2}` ? U : never) {} }"	type=Function  paramtypes=[undefined]  returntype=undefined	type=Function  paramtypes=[Object]  returntype=undefined	type=Function  paramtypes=[Object]  returntype=undefined	changed, equal to tsc
merge rule: a conditional type merges its branches as an intersection (tsc: as a union of the two branches)	"class C { @d m(): A extends `${infer U extends number ? 1 : 2}` ? U : never { throw 0 } }"	type=Function  paramtypes=[]  returntype=undefined	type=Function  paramtypes=[]  returntype=Object	type=Function  paramtypes=[]  returntype=Object	changed, equal to tsc
merge rule: a conditional type merges its branches as an intersection (tsc: as a union of the two branches)	"class C { @d p: A extends (...a: infer U) => any ? U : never; }"	type=undefined	type=Object	type=Object	changed, equal to tsc
merge rule: a conditional type merges its branches as an intersection (tsc: as a union of the two branches)	"class C { @d m(a: A extends (...a: infer U) => any ? U : never) {} }"	type=Function  paramtypes=[undefined]  returntype=undefined	type=Function  paramtypes=[Object]  returntype=undefined	type=Function  paramtypes=[Object]  returntype=undefined	changed, equal to tsc
merge rule: a conditional type merges its branches as an intersection (tsc: as a union of the two branches)	"class C { @d m(): A extends (...a: infer U) => any ? U : never { throw 0 } }"	type=Function  paramtypes=[]  returntype=undefined	type=Function  paramtypes=[]  returntype=Object	type=Function  paramtypes=[]  returntype=Object	changed, equal to tsc
merge rule: a conditional type merges its branches as an intersection (tsc: as a union of the two branches)	"class C { @d p: A extends new (...a: any) => infer U ? U : never; }"	type=undefined	type=Object	type=Object	changed, equal to tsc
merge rule: a conditional type merges its branches as an intersection (tsc: as a union of the two branches)	"class C { @d m(a: A extends new (...a: any) => infer U ? U : never) {} }"	type=Function  paramtypes=[undefined]  returntype=undefined	type=Function  paramtypes=[Object]  returntype=undefined	type=Function  paramtypes=[Object]  returntype=undefined	changed, equal to tsc
merge rule: a conditional type merges its branches as an intersection (tsc: as a union of the two branches)	"class C { @d m(): A extends new (...a: any) => infer U ? U : never { throw 0 } }"	type=Function  paramtypes=[]  returntype=undefined	type=Function  paramtypes=[]  returntype=Object	type=Function  paramtypes=[]  returntype=Object	changed, equal to tsc
merge rule: a conditional type merges its branches as an intersection (tsc: as a union of the two branches)	"class C { @d p: A extends keyof infer U ? U : never; }"	type=undefined	type=Object	type=Object	changed, equal to tsc
merge rule: a conditional type merges its branches as an intersection (tsc: as a union of the two branches)	"class C { @d m(a: A extends keyof infer U ? U : never) {} }"	type=Function  paramtypes=[undefined]  returntype=undefined	type=Function  paramtypes=[Object]  returntype=undefined	type=Function  paramtypes=[Object]  returntype=undefined	changed, equal to tsc
merge rule: a conditional type merges its branches as an intersection (tsc: as a union of the two branches)	"class C { @d m(): A extends keyof infer U ? U : never { throw 0 } }"	type=Function  paramtypes=[]  returntype=undefined	type=Function  paramtypes=[]  returntype=Object	type=Function  paramtypes=[]  returntype=Object	changed, equal to tsc
merge rule: a conditional type merges its branches as an intersection (tsc: as a union of the two branches)	"class C { @d p: A extends readonly (infer U)[] ? U : never; }"	type=undefined	type=Object	type=Object	changed, equal to tsc
merge rule: a conditional type merges its branches as an intersection (tsc: as a union of the two branches)	"class C { @d m(a: A extends readonly (infer U)[] ? U : never) {} }"	type=Function  paramtypes=[undefined]  returntype=undefined	type=Function  paramtypes=[Object]  returntype=undefined	type=Function  paramtypes=[Object]  returntype=undefined	changed, equal to tsc
merge rule: a conditional type merges its branches as an intersection (tsc: as a union of the two branches)	"class C { @d m(): A extends readonly (infer U)[] ? U : never { throw 0 } }"	type=Function  paramtypes=[]  returntype=undefined	type=Function  paramtypes=[]  returntype=Object	type=Function  paramtypes=[]  returntype=Object	changed, equal to tsc
merge rule: a conditional type merges its branches as an intersection (tsc: as a union of the two branches)	"class C { @d p: A extends [infer U, ...infer V] ? [U, V] : never; }"	type=undefined	type=Array	type=Array	changed, equal to tsc
merge rule: a conditional type merges its branches as an intersection (tsc: as a union of the two branches)	"class C { @d m(a: A extends [infer U, ...infer V] ? [U, V] : never) {} }"	type=Function  paramtypes=[undefined]  returntype=undefined	type=Function  paramtypes=[Array]  returntype=undefined	type=Function  paramtypes=[Array]  returntype=undefined	changed, equal to tsc
merge rule: a conditional type merges its branches as an intersection (tsc: as a union of the two branches)	"class C { @d m(): A extends [infer U, ...infer V] ? [U, V] : never { throw 0 } }"	type=Function  paramtypes=[]  returntype=undefined	type=Function  paramtypes=[]  returntype=Array	type=Function  paramtypes=[]  returntype=Array	changed, equal to tsc
merge rule: a conditional type merges its branches as an intersection (tsc: as a union of the two branches)	"class C { @d p: A extends [a: infer U, b?: infer V] ? [U, V] : never; }"	type=undefined	type=Array	type=Array	changed, equal to tsc
merge rule: a conditional type merges its branches as an intersection (tsc: as a union of the two branches)	"class C { @d m(a: A extends [a: infer U, b?: infer V] ? [U, V] : never) {} }"	type=Function  paramtypes=[undefined]  returntype=undefined	type=Function  paramtypes=[Array]  returntype=undefined	type=Function  paramtypes=[Array]  returntype=undefined	changed, equal to tsc
merge rule: a conditional type merges its branches as an intersection (tsc: as a union of the two branches)	"class C { @d m(): A extends [a: infer U, b?: infer V] ? [U, V] : never { throw 0 } }"	type=Function  paramtypes=[]  returntype=undefined	type=Function  paramtypes=[]  returntype=Array	type=Function  paramtypes=[]  returntype=Array	changed, equal to tsc
merge rule: a conditional type merges its branches as an intersection (tsc: as a union of the two branches)	"class C { @d p: A extends [infer U extends B, ...infer V extends C[]] ? [U, V] : never; }"	type=undefined	type=Array	type=Array	changed, equal to tsc
merge rule: a conditional type merges its branches as an intersection (tsc: as a union of the two branches)	"class C { @d m(a: A extends [infer U extends B, ...infer V extends C[]] ? [U, V] : never) {} }"	type=Function  paramtypes=[undefined]  returntype=undefined	type=Function  paramtypes=[Array]  returntype=undefined	type=Function  paramtypes=[Array]  returntype=undefined	changed, equal to tsc
merge rule: a conditional type merges its branches as an intersection (tsc: as a union of the two branches)	"class C { @d m(): A extends [infer U extends B, ...infer V extends C[]] ? [U, V] : never { throw 0 } }"	type=Function  paramtypes=[]  returntype=undefined	type=Function  paramtypes=[]  returntype=Array	type=Function  paramtypes=[]  returntype=Array	changed, equal to tsc
merge rule: a conditional type merges its branches as an intersection (tsc: as a union of the two branches)	"class C { @d p: A extends { [K in infer U]: any } ? U : never; }"	type=undefined	type=Object	type=Object	changed, equal to tsc
merge rule: a conditional type merges its branches as an intersection (tsc: as a union of the two branches)	"class C { @d m(a: A extends { [K in infer U]: any } ? U : never) {} }"	type=Function  paramtypes=[undefined]  returntype=undefined	type=Function  paramtypes=[Object]  returntype=undefined	type=Function  paramtypes=[Object]  returntype=undefined	changed, equal to tsc
merge rule: a conditional type merges its branches as an intersection (tsc: as a union of the two branches)	"class C { @d m(): A extends { [K in infer U]: any } ? U : never { throw 0 } }"	type=Function  paramtypes=[]  returntype=undefined	type=Function  paramtypes=[]  returntype=Object	type=Function  paramtypes=[]  returntype=Object	changed, equal to tsc
form without a tag: import type, unique symbol and infer leave MNone, which | and & treat as absent and [] as an array	"class C { @d p: infer U; }"	type=Object	type=Object	(none)	same, differs from tsc
form without a tag: import type, unique symbol and infer leave MNone, which | and & treat as absent and [] as an array	"class C { @d m(a: infer U) {} }"	type=Function  paramtypes=[Object]  returntype=undefined	type=Function  paramtypes=[Object]  returntype=undefined	(none)	same, differs from tsc
form without a tag: import type, unique symbol and infer leave MNone, which | and & treat as absent and [] as an array	"class C { @d m(): infer U { throw 0 } }"	type=Function  paramtypes=[]  returntype=Object	type=Function  paramtypes=[]  returntype=Object	(none)	same, differs from tsc
form without a tag: import type, unique symbol and infer leave MNone, which | and & treat as absent and [] as an array	"class C { @d p: infer U extends B; }"	type=Object	type=Object	(none)	same, differs from tsc
form without a tag: import type, unique symbol and infer leave MNone, which | and & treat as absent and [] as an array	"class C { @d m(a: infer U extends B) {} }"	type=Function  paramtypes=[Object]  returntype=undefined	type=Function  paramtypes=[Object]  returntype=undefined	(none)	same, differs from tsc
form without a tag: import type, unique symbol and infer leave MNone, which | and & treat as absent and [] as an array	"class C { @d m(): infer U extends B { throw 0 } }"	type=Function  paramtypes=[]  returntype=Object	type=Function  paramtypes=[]  returntype=Object	(none)	same, differs from tsc
form without a tag: import type, unique symbol and infer leave MNone, which | and & treat as absent and [] as an array	"class C { @d p: infer U | V; }"	type=Ref(V)	type=Ref(V)	(none)	same, differs from tsc
form without a tag: import type, unique symbol and infer leave MNone, which | and & treat as absent and [] as an array	"class C { @d m(a: infer U | V) {} }"	type=Function  paramtypes=[Ref(V)]  returntype=undefined	type=Function  paramtypes=[Ref(V)]  returntype=undefined	(none)	same, differs from tsc
form without a tag: import type, unique symbol and infer leave MNone, which | and & treat as absent and [] as an array	"class C { @d m(): infer U | V { throw 0 } }"	type=Function  paramtypes=[]  returntype=Ref(V)	type=Function  paramtypes=[]  returntype=Ref(V)	(none)	same, differs from tsc
merge rule: a conditional type merges its branches as an intersection (tsc: as a union of the two branches)	"class C { @d p: A extends B ? infer U : never; }"	type=undefined	type=undefined	(none)	same, differs from tsc
merge rule: a conditional type merges its branches as an intersection (tsc: as a union of the two branches)	"class C { @d m(a: A extends B ? infer U : never) {} }"	type=Function  paramtypes=[undefined]  returntype=undefined	type=Function  paramtypes=[undefined]  returntype=undefined	(none)	same, differs from tsc
merge rule: a conditional type merges its branches as an intersection (tsc: as a union of the two branches)	"class C { @d m(): A extends B ? infer U : never { throw 0 } }"	type=Function  paramtypes=[]  returntype=undefined	type=Function  paramtypes=[]  returntype=undefined	(none)	same, differs from tsc
merge rule: a conditional type merges its branches as an intersection (tsc: as a union of the two branches)	"class C { @d p: A extends B ? C : infer U; }"	type=Object	type=Object	(none)	same, differs from tsc
merge rule: a conditional type merges its branches as an intersection (tsc: as a union of the two branches)	"class C { @d m(a: A extends B ? C : infer U) {} }"	type=Function  paramtypes=[Object]  returntype=undefined	type=Function  paramtypes=[Object]  returntype=undefined	(none)	same, differs from tsc
merge rule: a conditional type merges its branches as an intersection (tsc: as a union of the two branches)	"class C { @d m(): A extends B ? C : infer U { throw 0 } }"	type=Function  paramtypes=[]  returntype=Object	type=Function  paramtypes=[]  returntype=Object	(none)	same, differs from tsc
form without a tag: import type, unique symbol and infer leave MNone, which | and & treat as absent and [] as an array	"class C { @d p: import(\"x\")[\"y\"]; }"	type=Array	type=Object	type=Object	changed, equal to tsc
form without a tag: import type, unique symbol and infer leave MNone, which | and & treat as absent and [] as an array	"class C { @d m(a: import(\"x\")[\"y\"]) {} }"	type=Function  paramtypes=[Array]  returntype=undefined	type=Function  paramtypes=[Object]  returntype=undefined	type=Function  paramtypes=[Object]  returntype=undefined	changed, equal to tsc
form without a tag: import type, unique symbol and infer leave MNone, which | and & treat as absent and [] as an array	"class C { @d m(): import(\"x\")[\"y\"] { throw 0 } }"	type=Function  paramtypes=[]  returntype=Array	type=Function  paramtypes=[]  returntype=Object	type=Function  paramtypes=[]  returntype=Object	changed, equal to tsc
form without a tag: import type, unique symbol and infer leave MNone, which | and & treat as absent and [] as an array	"class C { @d p: import(\"x\") | A; }"	type=Ref(A)	type=Object	type=Object	changed, equal to tsc
form without a tag: import type, unique symbol and infer leave MNone, which | and & treat as absent and [] as an array	"class C { @d m(a: import(\"x\") | A) {} }"	type=Function  paramtypes=[Ref(A)]  returntype=undefined	type=Function  paramtypes=[Object]  returntype=undefined	type=Function  paramtypes=[Object]  returntype=undefined	changed, equal to tsc
form without a tag: import type, unique symbol and infer leave MNone, which | and & treat as absent and [] as an array	"class C { @d m(): import(\"x\") | A { throw 0 } }"	type=Function  paramtypes=[]  returntype=Ref(A)	type=Function  paramtypes=[]  returntype=Object	type=Function  paramtypes=[]  returntype=Object	changed, equal to tsc
form without a tag: import type, unique symbol and infer leave MNone, which | and & treat as absent and [] as an array	"class C { @d p: (infer U); }"	type=Object	type=Object	(none)	same, differs from tsc
form without a tag: import type, unique symbol and infer leave MNone, which | and & treat as absent and [] as an array	"class C { @d m(a: (infer U)) {} }"	type=Function  paramtypes=[Object]  returntype=undefined	type=Function  paramtypes=[Object]  returntype=undefined	(none)	same, differs from tsc
form without a tag: import type, unique symbol and infer leave MNone, which | and & treat as absent and [] as an array	"class C { @d m(): (infer U) { throw 0 } }"	type=Function  paramtypes=[]  returntype=Object	type=Function  paramtypes=[]  returntype=Object	(none)	same, differs from tsc
type predicate: x is T / this is T (Bun: reference to x or Object, tsc: Boolean)	"class C { @d m(): a is B { throw 0 } }"	type=Function  paramtypes=[]  returntype=Ref(a)	type=Function  paramtypes=[]  returntype=Boolean	type=Function  paramtypes=[]  returntype=Boolean	changed, equal to tsc
type predicate: x is T / this is T (Bun: reference to x or Object, tsc: Boolean)	"class C { @d p: this is B; }"	type=Object	type=Boolean	type=Boolean	changed, equal to tsc
type predicate: x is T / this is T (Bun: reference to x or Object, tsc: Boolean)	"class C { @d m(a: this is B) {} }"	type=Function  paramtypes=[Object]  returntype=undefined	type=Function  paramtypes=[Boolean]  returntype=undefined	type=Function  paramtypes=[Boolean]  returntype=undefined	changed, equal to tsc
type predicate: x is T / this is T (Bun: reference to x or Object, tsc: Boolean)	"class C { @d m(): this is B { throw 0 } }"	type=Function  paramtypes=[]  returntype=Object	type=Function  paramtypes=[]  returntype=Boolean	type=Function  paramtypes=[]  returntype=Boolean	changed, equal to tsc
type predicate: asserts x / asserts x is T (Bun: Object, tsc: undefined)	"class C { @d m(): asserts a { throw 0 } }"	type=Function  paramtypes=[]  returntype=Object	type=Function  paramtypes=[]  returntype=undefined	type=Function  paramtypes=[]  returntype=undefined	changed, equal to tsc
type predicate: asserts x / asserts x is T (Bun: Object, tsc: undefined)	"class C { @d m(): asserts a is B { throw 0 } }"	type=Function  paramtypes=[]  returntype=Object	type=Function  paramtypes=[]  returntype=undefined	type=Function  paramtypes=[]  returntype=undefined	changed, equal to tsc
type predicate: asserts x / asserts x is T (Bun: Object, tsc: undefined)	"class C { @d m(): asserts this { throw 0 } }"	type=Function  paramtypes=[]  returntype=Object	type=Function  paramtypes=[]  returntype=undefined	type=Function  paramtypes=[]  returntype=undefined	changed, equal to tsc
type predicate: asserts x / asserts x is T (Bun: Object, tsc: undefined)	"class C { @d m(): asserts this is B { throw 0 } }"	type=Function  paramtypes=[]  returntype=Object	type=Function  paramtypes=[]  returntype=undefined	type=Function  paramtypes=[]  returntype=undefined	changed, equal to tsc
type predicate: x is T / this is T (Bun: reference to x or Object, tsc: Boolean)	"class C { @d m(): a is B | C { throw 0 } }"	type=Function  paramtypes=[]  returntype=Ref(a)	type=Function  paramtypes=[]  returntype=Boolean	type=Function  paramtypes=[]  returntype=Boolean	changed, equal to tsc
type predicate: x is T / this is T (Bun: reference to x or Object, tsc: Boolean)	"class C { @d m(): a is B extends C ? D : E { throw 0 } }"	type=Function  paramtypes=[]  returntype=Ref(a)	type=Function  paramtypes=[]  returntype=Boolean	type=Function  paramtypes=[]  returntype=Boolean	changed, equal to tsc
type predicate: asserts x / asserts x is T (Bun: Object, tsc: undefined)	"class C { @d m(): asserts a | B { throw 0 } }"	type=Function  paramtypes=[]  returntype=Ref(B)	type=Function  paramtypes=[]  returntype=Object	type=Function  paramtypes=[]  returntype=Object	changed, equal to tsc
type predicate: x is T / this is T (Bun: reference to x or Object, tsc: Boolean)	"class C { @d m(): a is B[] { throw 0 } }"	type=Function  paramtypes=[]  returntype=Ref(a)	type=Function  paramtypes=[]  returntype=Boolean	type=Function  paramtypes=[]  returntype=Boolean	changed, equal to tsc
type predicate: x is T / this is T (Bun: reference to x or Object, tsc: Boolean)	"class C { @d m(): a is (B) { throw 0 } }"	type=Function  paramtypes=[]  returntype=Ref(a)	type=Function  paramtypes=[]  returntype=Boolean	type=Function  paramtypes=[]  returntype=Boolean	changed, equal to tsc
type predicate: x is T / this is T (Bun: reference to x or Object, tsc: Boolean)	"class C { @d m(): is is B { throw 0 } }"	type=Function  paramtypes=[]  returntype=Ref(is)	type=Function  paramtypes=[]  returntype=Boolean	type=Function  paramtypes=[]  returntype=Boolean	changed, equal to tsc
type predicate: asserts x / asserts x is T (Bun: Object, tsc: undefined)	"class C { @d m(): asserts asserts { throw 0 } }"	type=Function  paramtypes=[]  returntype=Object	type=Function  paramtypes=[]  returntype=undefined	type=Function  paramtypes=[]  returntype=undefined	changed, equal to tsc
type predicate: asserts x / asserts x is T (Bun: Object, tsc: undefined)	"class C { @d m(): asserts asserts is B { throw 0 } }"	type=Function  paramtypes=[]  returntype=Object	type=Function  paramtypes=[]  returntype=undefined	type=Function  paramtypes=[]  returntype=undefined	changed, equal to tsc
type predicate: asserts x / asserts x is T (Bun: Object, tsc: undefined)	"class C { @d m(): asserts a & B { throw 0 } }"	type=Function  paramtypes=[]  returntype=Ref(B)	type=Function  paramtypes=[]  returntype=Object	type=Function  paramtypes=[]  returntype=Object	changed, equal to tsc
type predicate: asserts x / asserts x is T (Bun: Object, tsc: undefined)	"class C { @d m(): asserts this | B { throw 0 } }"	type=Function  paramtypes=[]  returntype=Ref(B)	type=Function  paramtypes=[]  returntype=Object	type=Function  paramtypes=[]  returntype=Object	changed, equal to tsc
type predicate: x is T / this is T (Bun: reference to x or Object, tsc: Boolean)	"class C { @d p: this is this; }"	type=Object	type=Boolean	type=Boolean	changed, equal to tsc
type predicate: x is T / this is T (Bun: reference to x or Object, tsc: Boolean)	"class C { @d m(a: this is this) {} }"	type=Function  paramtypes=[Object]  returntype=undefined	type=Function  paramtypes=[Boolean]  returntype=undefined	type=Function  paramtypes=[Boolean]  returntype=undefined	changed, equal to tsc
type predicate: x is T / this is T (Bun: reference to x or Object, tsc: Boolean)	"class C { @d m(): this is this { throw 0 } }"	type=Function  paramtypes=[]  returntype=Object	type=Function  paramtypes=[]  returntype=Boolean	type=Function  paramtypes=[]  returntype=Boolean	changed, equal to tsc
type predicate: x is T / this is T (Bun: reference to x or Object, tsc: Boolean)	"class C { @d m(): a is this { throw 0 } }"	type=Function  paramtypes=[]  returntype=Ref(a)	type=Function  paramtypes=[]  returntype=Boolean	type=Function  paramtypes=[]  returntype=Boolean	changed, equal to tsc
type predicate: asserts x / asserts x is T (Bun: Object, tsc: undefined)	"class C { @d m(): asserts a is this { throw 0 } }"	type=Function  paramtypes=[]  returntype=Object	type=Function  paramtypes=[]  returntype=undefined	type=Function  paramtypes=[]  returntype=undefined	changed, equal to tsc
type predicate: x is T / this is T (Bun: reference to x or Object, tsc: Boolean)	"class C { @d m(): a is\nB { throw 0 } }"	type=Function  paramtypes=[]  returntype=Ref(a)	type=Function  paramtypes=[]  returntype=Boolean	type=Function  paramtypes=[]  returntype=Boolean	changed, equal to tsc
type predicate: asserts x / asserts x is T (Bun: Object, tsc: undefined)	"class C { @d m(): asserts a is\nB { throw 0 } }"	type=Function  paramtypes=[]  returntype=Object	type=Function  paramtypes=[]  returntype=undefined	type=Function  paramtypes=[]  returntype=undefined	changed, equal to tsc
type predicate: asserts x / asserts x is T (Bun: Object, tsc: undefined)	"class C { @d m(): asserts undefined { throw 0 } }"	type=Function  paramtypes=[]  returntype=Object	type=Function  paramtypes=[]  returntype=undefined	type=Function  paramtypes=[]  returntype=undefined	changed, equal to tsc
type predicate: asserts x / asserts x is T (Bun: Object, tsc: undefined)	"class C { @d m(): asserts any { throw 0 } }"	type=Function  paramtypes=[]  returntype=Object	type=Function  paramtypes=[]  returntype=undefined	type=Function  paramtypes=[]  returntype=undefined	changed, equal to tsc
type predicate: x is T / this is T (Bun: reference to x or Object, tsc: Boolean)	"class C { @d m(): undefined is B { throw 0 } }"	type=Function  paramtypes=[]  returntype=undefined	type=Function  paramtypes=[]  returntype=Boolean	type=Function  paramtypes=[]  returntype=Boolean	changed, equal to tsc
type predicate: x is T / this is T (Bun: reference to x or Object, tsc: Boolean)	"class C { @d m(): any is B { throw 0 } }"	type=Function  paramtypes=[]  returntype=Object	type=Function  paramtypes=[]  returntype=Boolean	type=Function  paramtypes=[]  returntype=Boolean	changed, equal to tsc
type predicate: x is T / this is T (Bun: reference to x or Object, tsc: Boolean)	"class C { @d m(): string is B { throw 0 } }"	type=Function  paramtypes=[]  returntype=String	type=Function  paramtypes=[]  returntype=Boolean	type=Function  paramtypes=[]  returntype=Boolean	changed, equal to tsc
type predicate: asserts x / asserts x is T (Bun: Object, tsc: undefined)	"class C { @d m(): asserts readonly { throw 0 } }"	type=Function  paramtypes=[]  returntype=Object	type=Function  paramtypes=[]  returntype=undefined	type=Function  paramtypes=[]  returntype=undefined	changed, equal to tsc
type predicate: asserts x / asserts x is T (Bun: Object, tsc: undefined)	"class C { @d m(): asserts unique { throw 0 } }"	type=Function  paramtypes=[]  returntype=Object	type=Function  paramtypes=[]  returntype=undefined	type=Function  paramtypes=[]  returntype=undefined	changed, equal to tsc
type predicate: asserts x / asserts x is T (Bun: Object, tsc: undefined)	"class C { @d m(): asserts abstract { throw 0 } }"	type=Function  paramtypes=[]  returntype=Object	type=Function  paramtypes=[]  returntype=undefined	type=Function  paramtypes=[]  returntype=undefined	changed, equal to tsc
type predicate: asserts x / asserts x is T (Bun: Object, tsc: undefined)	"class C { @d m(): asserts type { throw 0 } }"	type=Function  paramtypes=[]  returntype=Object	type=Function  paramtypes=[]  returntype=undefined	type=Function  paramtypes=[]  returntype=undefined	changed, equal to tsc
type predicate: asserts x / asserts x is T (Bun: Object, tsc: undefined)	"class C { @d m(): asserts of { throw 0 } }"	type=Function  paramtypes=[]  returntype=Object	type=Function  paramtypes=[]  returntype=undefined	type=Function  paramtypes=[]  returntype=undefined	changed, equal to tsc
type predicate: asserts x / asserts x is T (Bun: Object, tsc: undefined)	"class C { @d m(): asserts async { throw 0 } }"	type=Function  paramtypes=[]  returntype=Object	type=Function  paramtypes=[]  returntype=undefined	type=Function  paramtypes=[]  returntype=undefined	changed, equal to tsc
type predicate: asserts x / asserts x is T (Bun: Object, tsc: undefined)	"class C { @d m(): asserts await { throw 0 } }"	type=Function  paramtypes=[]  returntype=Object	type=Function  paramtypes=[]  returntype=undefined	type=Function  paramtypes=[]  returntype=undefined	changed, equal to tsc
type predicate: asserts x / asserts x is T (Bun: Object, tsc: undefined)	"class C { @d m(): asserts yield { throw 0 } }"	type=Function  paramtypes=[]  returntype=Object	type=Function  paramtypes=[]  returntype=undefined	type=Function  paramtypes=[]  returntype=undefined	changed, equal to tsc
type predicate: asserts x / asserts x is T (Bun: Object, tsc: undefined)	"class C { @d m(): asserts let { throw 0 } }"	type=Function  paramtypes=[]  returntype=Object	type=Function  paramtypes=[]  returntype=undefined	type=Function  paramtypes=[]  returntype=undefined	changed, equal to tsc
type predicate: asserts x / asserts x is T (Bun: Object, tsc: undefined)	"class C { @d m(): asserts static { throw 0 } }"	type=Function  paramtypes=[]  returntype=Object	type=Function  paramtypes=[]  returntype=undefined	type=Function  paramtypes=[]  returntype=undefined	changed, equal to tsc
type predicate: asserts x / asserts x is T (Bun: Object, tsc: undefined)	"class C { @d m(): asserts out { throw 0 } }"	type=Function  paramtypes=[]  returntype=Object	type=Function  paramtypes=[]  returntype=undefined	type=Function  paramtypes=[]  returntype=undefined	changed, equal to tsc
merge rule: a conditional type merges its branches as an intersection (tsc: as a union of the two branches)	"class C { @d p: X extends Y ? string : unknown; }"	type=String	type=Object	type=Object	changed, equal to tsc
merge rule: a conditional type merges its branches as an intersection (tsc: as a union of the two branches)	"class C { @d m(a: X extends Y ? string : unknown) {} }"	type=Function  paramtypes=[String]  returntype=undefined	type=Function  paramtypes=[Object]  returntype=undefined	type=Function  paramtypes=[Object]  returntype=undefined	changed, equal to tsc
merge rule: a conditional type merges its branches as an intersection (tsc: as a union of the two branches)	"class C { @d m(): X extends Y ? string : unknown { throw 0 } }"	type=Function  paramtypes=[]  returntype=String	type=Function  paramtypes=[]  returntype=Object	type=Function  paramtypes=[]  returntype=Object	changed, equal to tsc
merge rule: a conditional type merges its branches as an intersection (tsc: as a union of the two branches)	"class C { @d p: X extends Y ? string : never; }"	type=undefined	type=String	type=String	changed, equal to tsc
merge rule: a conditional type merges its branches as an intersection (tsc: as a union of the two branches)	"class C { @d m(a: X extends Y ? string : never) {} }"	type=Function  paramtypes=[undefined]  returntype=undefined	type=Function  paramtypes=[String]  returntype=undefined	type=Function  paramtypes=[String]  returntype=undefined	changed, equal to tsc
merge rule: a conditional type merges its branches as an intersection (tsc: as a union of the two branches)	"class C { @d m(): X extends Y ? string : never { throw 0 } }"	type=Function  paramtypes=[]  returntype=undefined	type=Function  paramtypes=[]  returntype=String	type=Function  paramtypes=[]  returntype=String	changed, equal to tsc
merge rule: a conditional type merges its branches as an intersection (tsc: as a union of the two branches)	"class C { @d p: X extends Y ? number : unknown; }"	type=Number	type=Object	type=Object	changed, equal to tsc
merge rule: a conditional type merges its branches as an intersection (tsc: as a union of the two branches)	"class C { @d m(a: X extends Y ? number : unknown) {} }"	type=Function  paramtypes=[Number]  returntype=undefined	type=Function  paramtypes=[Object]  returntype=undefined	type=Function  paramtypes=[Object]  returntype=undefined	changed, equal to tsc
merge rule: a conditional type merges its branches as an intersection (tsc: as a union of the two branches)	"class C { @d m(): X extends Y ? number : unknown { throw 0 } }"	type=Function  paramtypes=[]  returntype=Number	type=Function  paramtypes=[]  returntype=Object	type=Function  paramtypes=[]  returntype=Object	changed, equal to tsc
merge rule: a conditional type merges its branches as an intersection (tsc: as a union of the two branches)	"class C { @d p: X extends Y ? number : never; }"	type=undefined	type=Number	type=Number	changed, equal to tsc
merge rule: a conditional type merges its branches as an intersection (tsc: as a union of the two branches)	"class C { @d m(a: X extends Y ? number : never) {} }"	type=Function  paramtypes=[undefined]  returntype=undefined	type=Function  paramtypes=[Number]  returntype=undefined	type=Function  paramtypes=[Number]  returntype=undefined	changed, equal to tsc
merge rule: a conditional type merges its branches as an intersection (tsc: as a union of the two branches)	"class C { @d m(): X extends Y ? number : never { throw 0 } }"	type=Function  paramtypes=[]  returntype=undefined	type=Function  paramtypes=[]  returntype=Number	type=Function  paramtypes=[]  returntype=Number	changed, equal to tsc
merge rule: a conditional type merges its branches as an intersection (tsc: as a union of the two branches)	"class C { @d p: X extends Y ? boolean : unknown; }"	type=Boolean	type=Object	type=Object	changed, equal to tsc
merge rule: a conditional type merges its branches as an intersection (tsc: as a union of the two branches)	"class C { @d m(a: X extends Y ? boolean : unknown) {} }"	type=Function  paramtypes=[Boolean]  returntype=undefined	type=Function  paramtypes=[Object]  returntype=undefined	type=Function  paramtypes=[Object]  returntype=undefined	changed, equal to tsc
merge rule: a conditional type merges its branches as an intersection (tsc: as a union of the two branches)	"class C { @d m(): X extends Y ? boolean : unknown { throw 0 } }"	type=Function  paramtypes=[]  returntype=Boolean	type=Function  paramtypes=[]  returntype=Object	type=Function  paramtypes=[]  returntype=Object	changed, equal to tsc
merge rule: a conditional type merges its branches as an intersection (tsc: as a union of the two branches)	"class C { @d p: X extends Y ? boolean : never; }"	type=undefined	type=Boolean	type=Boolean	changed, equal to tsc
merge rule: a conditional type merges its branches as an intersection (tsc: as a union of the two branches)	"class C { @d m(a: X extends Y ? boolean : never) {} }"	type=Function  paramtypes=[undefined]  returntype=undefined	type=Function  paramtypes=[Boolean]  returntype=undefined	type=Function  paramtypes=[Boolean]  returntype=undefined	changed, equal to tsc
merge rule: a conditional type merges its branches as an intersection (tsc: as a union of the two branches)	"class C { @d m(): X extends Y ? boolean : never { throw 0 } }"	type=Function  paramtypes=[]  returntype=undefined	type=Function  paramtypes=[]  returntype=Boolean	type=Function  paramtypes=[]  returntype=Boolean	changed, equal to tsc
merge rule: a conditional type merges its branches as an intersection (tsc: as a union of the two branches)	"class C { @d p: X extends Y ? bigint : unknown; }"	type=BigInt	type=Object	type=Object	changed, equal to tsc
merge rule: a conditional type merges its branches as an intersection (tsc: as a union of the two branches)	"class C { @d m(a: X extends Y ? bigint : unknown) {} }"	type=Function  paramtypes=[BigInt]  returntype=undefined	type=Function  paramtypes=[Object]  returntype=undefined	type=Function  paramtypes=[Object]  returntype=undefined	changed, equal to tsc
merge rule: a conditional type merges its branches as an intersection (tsc: as a union of the two branches)	"class C { @d m(): X extends Y ? bigint : unknown { throw 0 } }"	type=Function  paramtypes=[]  returntype=BigInt	type=Function  paramtypes=[]  returntype=Object	type=Function  paramtypes=[]  returntype=Object	changed, equal to tsc
merge rule: a conditional type merges its branches as an intersection (tsc: as a union of the two branches)	"class C { @d p: X extends Y ? bigint : never; }"	type=undefined	type=BigInt	type=BigInt	changed, equal to tsc
merge rule: a conditional type merges its branches as an intersection (tsc: as a union of the two branches)	"class C { @d m(a: X extends Y ? bigint : never) {} }"	type=Function  paramtypes=[undefined]  returntype=undefined	type=Function  paramtypes=[BigInt]  returntype=undefined	type=Function  paramtypes=[BigInt]  returntype=undefined	changed, equal to tsc
merge rule: a conditional type merges its branches as an intersection (tsc: as a union of the two branches)	"class C { @d m(): X extends Y ? bigint : never { throw 0 } }"	type=Function  paramtypes=[]  returntype=undefined	type=Function  paramtypes=[]  returntype=BigInt	type=Function  paramtypes=[]  returntype=BigInt	changed, equal to tsc
merge rule: a conditional type merges its branches as an intersection (tsc: as a union of the two branches)	"class C { @d p: X extends Y ? symbol : unknown; }"	type=Symbol	type=Object	type=Object	changed, equal to tsc
merge rule: a conditional type merges its branches as an intersection (tsc: as a union of the two branches)	"class C { @d m(a: X extends Y ? symbol : unknown) {} }"	type=Function  paramtypes=[Symbol]  returntype=undefined	type=Function  paramtypes=[Object]  returntype=undefined	type=Function  paramtypes=[Object]  returntype=undefined	changed, equal to tsc
merge rule: a conditional type merges its branches as an intersection (tsc: as a union of the two branches)	"class C { @d m(): X extends Y ? symbol : unknown { throw 0 } }"	type=Function  paramtypes=[]  returntype=Symbol	type=Function  paramtypes=[]  returntype=Object	type=Function  paramtypes=[]  returntype=Object	changed, equal to tsc
merge rule: a conditional type merges its branches as an intersection (tsc: as a union of the two branches)	"class C { @d p: X extends Y ? symbol : never; }"	type=undefined	type=Symbol	type=Symbol	changed, equal to tsc
merge rule: a conditional type merges its branches as an intersection (tsc: as a union of the two branches)	"class C { @d m(a: X extends Y ? symbol : never) {} }"	type=Function  paramtypes=[undefined]  returntype=undefined	type=Function  paramtypes=[Symbol]  returntype=undefined	type=Function  paramtypes=[Symbol]  returntype=undefined	changed, equal to tsc
merge rule: a conditional type merges its branches as an intersection (tsc: as a union of the two branches)	"class C { @d m(): X extends Y ? symbol : never { throw 0 } }"	type=Function  paramtypes=[]  returntype=undefined	type=Function  paramtypes=[]  returntype=Symbol	type=Function  paramtypes=[]  returntype=Symbol	changed, equal to tsc
merge rule: a conditional type merges its branches as an intersection (tsc: as a union of the two branches)	"class C { @d p: X extends Y ? unknown : string; }"	type=String	type=Object	type=Object	changed, equal to tsc
merge rule: a conditional type merges its branches as an intersection (tsc: as a union of the two branches)	"class C { @d m(a: X extends Y ? unknown : string) {} }"	type=Function  paramtypes=[String]  returntype=undefined	type=Function  paramtypes=[Object]  returntype=undefined	type=Function  paramtypes=[Object]  returntype=undefined	changed, equal to tsc
merge rule: a conditional type merges its branches as an intersection (tsc: as a union of the two branches)	"class C { @d m(): X extends Y ? unknown : string { throw 0 } }"	type=Function  paramtypes=[]  returntype=String	type=Function  paramtypes=[]  returntype=Object	type=Function  paramtypes=[]  returntype=Object	changed, equal to tsc
merge rule: a conditional type merges its branches as an intersection (tsc: as a union of the two branches)	"class C { @d p: X extends Y ? unknown : number; }"	type=Number	type=Object	type=Object	changed, equal to tsc
merge rule: a conditional type merges its branches as an intersection (tsc: as a union of the two branches)	"class C { @d m(a: X extends Y ? unknown : number) {} }"	type=Function  paramtypes=[Number]  returntype=undefined	type=Function  paramtypes=[Object]  returntype=undefined	type=Function  paramtypes=[Object]  returntype=undefined	changed, equal to tsc
merge rule: a conditional type merges its branches as an intersection (tsc: as a union of the two branches)	"class C { @d m(): X extends Y ? unknown : number { throw 0 } }"	type=Function  paramtypes=[]  returntype=Number	type=Function  paramtypes=[]  returntype=Object	type=Function  paramtypes=[]  returntype=Object	changed, equal to tsc
merge rule: a conditional type merges its branches as an intersection (tsc: as a union of the two branches)	"class C { @d p: X extends Y ? unknown : boolean; }"	type=Boolean	type=Object	type=Object	changed, equal to tsc
merge rule: a conditional type merges its branches as an intersection (tsc: as a union of the two branches)	"class C { @d m(a: X extends Y ? unknown : boolean) {} }"	type=Function  paramtypes=[Boolean]  returntype=undefined	type=Function  paramtypes=[Object]  returntype=undefined	type=Function  paramtypes=[Object]  returntype=undefined	changed, equal to tsc
merge rule: a conditional type merges its branches as an intersection (tsc: as a union of the two branches)	"class C { @d m(): X extends Y ? unknown : boolean { throw 0 } }"	type=Function  paramtypes=[]  returntype=Boolean	type=Function  paramtypes=[]  returntype=Object	type=Function  paramtypes=[]  returntype=Object	changed, equal to tsc
merge rule: a conditional type merges its branches as an intersection (tsc: as a union of the two branches)	"class C { @d p: X extends Y ? unknown : bigint; }"	type=BigInt	type=Object	type=Object	changed, equal to tsc
merge rule: a conditional type merges its branches as an intersection (tsc: as a union of the two branches)	"class C { @d m(a: X extends Y ? unknown : bigint) {} }"	type=Function  paramtypes=[BigInt]  returntype=undefined	type=Function  paramtypes=[Object]  returntype=undefined	type=Function  paramtypes=[Object]  returntype=undefined	changed, equal to tsc
merge rule: a conditional type merges its branches as an intersection (tsc: as a union of the two branches)	"class C { @d m(): X extends Y ? unknown : bigint { throw 0 } }"	type=Function  paramtypes=[]  returntype=BigInt	type=Function  paramtypes=[]  returntype=Object	type=Function  paramtypes=[]  returntype=Object	changed, equal to tsc
merge rule: a conditional type merges its branches as an intersection (tsc: as a union of the two branches)	"class C { @d p: X extends Y ? unknown : symbol; }"	type=Symbol	type=Object	type=Object	changed, equal to tsc
merge rule: a conditional type merges its branches as an intersection (tsc: as a union of the two branches)	"class C { @d m(a: X extends Y ? unknown : symbol) {} }"	type=Function  paramtypes=[Symbol]  returntype=undefined	type=Function  paramtypes=[Object]  returntype=undefined	type=Function  paramtypes=[Object]  returntype=undefined	changed, equal to tsc
merge rule: a conditional type merges its branches as an intersection (tsc: as a union of the two branches)	"class C { @d m(): X extends Y ? unknown : symbol { throw 0 } }"	type=Function  paramtypes=[]  returntype=Symbol	type=Function  paramtypes=[]  returntype=Object	type=Function  paramtypes=[]  returntype=Object	changed, equal to tsc
merge rule: a conditional type merges its branches as an intersection (tsc: as a union of the two branches)	"class C { @d p: X extends Y ? unknown : unknown; }"	type=undefined	type=Object	type=Object	changed, equal to tsc
merge rule: a conditional type merges its branches as an intersection (tsc: as a union of the two branches)	"class C { @d m(a: X extends Y ? unknown : unknown) {} }"	type=Function  paramtypes=[undefined]  returntype=undefined	type=Function  paramtypes=[Object]  returntype=undefined	type=Function  paramtypes=[Object]  returntype=undefined	changed, equal to tsc
merge rule: a conditional type merges its branches as an intersection (tsc: as a union of the two branches)	"class C { @d m(): X extends Y ? unknown : unknown { throw 0 } }"	type=Function  paramtypes=[]  returntype=undefined	type=Function  paramtypes=[]  returntype=Object	type=Function  paramtypes=[]  returntype=Object	changed, equal to tsc
merge rule: a conditional type merges its branches as an intersection (tsc: as a union of the two branches)	"class C { @d p: X extends Y ? unknown : never; }"	type=undefined	type=Object	type=Object	changed, equal to tsc
merge rule: a conditional type merges its branches as an intersection (tsc: as a union of the two branches)	"class C { @d m(a: X extends Y ? unknown : never) {} }"	type=Function  paramtypes=[undefined]  returntype=undefined	type=Function  paramtypes=[Object]  returntype=undefined	type=Function  paramtypes=[Object]  returntype=undefined	changed, equal to tsc
merge rule: a conditional type merges its branches as an intersection (tsc: as a union of the two branches)	"class C { @d m(): X extends Y ? unknown : never { throw 0 } }"	type=Function  paramtypes=[]  returntype=undefined	type=Function  paramtypes=[]  returntype=Object	type=Function  paramtypes=[]  returntype=Object	changed, equal to tsc
merge rule: a conditional type merges its branches as an intersection (tsc: as a union of the two branches)	"class C { @d p: X extends Y ? unknown : void; }"	type=undefined	type=Object	type=Object	changed, equal to tsc
merge rule: a conditional type merges its branches as an intersection (tsc: as a union of the two branches)	"class C { @d m(a: X extends Y ? unknown : void) {} }"	type=Function  paramtypes=[undefined]  returntype=undefined	type=Function  paramtypes=[Object]  returntype=undefined	type=Function  paramtypes=[Object]  returntype=undefined	changed, equal to tsc
merge rule: a conditional type merges its branches as an intersection (tsc: as a union of the two branches)	"class C { @d m(): X extends Y ? unknown : void { throw 0 } }"	type=Function  paramtypes=[]  returntype=undefined	type=Function  paramtypes=[]  returntype=Object	type=Function  paramtypes=[]  returntype=Object	changed, equal to tsc
merge rule: a conditional type merges its branches as an intersection (tsc: as a union of the two branches)	"class C { @d p: X extends Y ? unknown : null; }"	type=undefined	type=Object	type=Object	changed, equal to tsc
merge rule: a conditional type merges its branches as an intersection (tsc: as a union of the two branches)	"class C { @d m(a: X extends Y ? unknown : null) {} }"	type=Function  paramtypes=[undefined]  returntype=undefined	type=Function  paramtypes=[Object]  returntype=undefined	type=Function  paramtypes=[Object]  returntype=undefined	changed, equal to tsc
merge rule: a conditional type merges its branches as an intersection (tsc: as a union of the two branches)	"class C { @d m(): X extends Y ? unknown : null { throw 0 } }"	type=Function  paramtypes=[]  returntype=undefined	type=Function  paramtypes=[]  returntype=Object	type=Function  paramtypes=[]  returntype=Object	changed, equal to tsc
merge rule: a conditional type merges its branches as an intersection (tsc: as a union of the two branches)	"class C { @d p: X extends Y ? unknown : undefined; }"	type=undefined	type=Object	type=Object	changed, equal to tsc
merge rule: a conditional type merges its branches as an intersection (tsc: as a union of the two branches)	"class C { @d m(a: X extends Y ? unknown : undefined) {} }"	type=Function  paramtypes=[undefined]  returntype=undefined	type=Function  paramtypes=[Object]  returntype=undefined	type=Function  paramtypes=[Object]  returntype=undefined	changed, equal to tsc
merge rule: a conditional type merges its branches as an intersection (tsc: as a union of the two branches)	"class C { @d m(): X extends Y ? unknown : undefined { throw 0 } }"	type=Function  paramtypes=[]  returntype=undefined	type=Function  paramtypes=[]  returntype=Object	type=Function  paramtypes=[]  returntype=Object	changed, equal to tsc
merge rule: a conditional type merges its branches as an intersection (tsc: as a union of the two branches)	"class C { @d p: X extends Y ? unknown : A; }"	type=Ref(A)	type=Object	type=Object	changed, equal to tsc
merge rule: a conditional type merges its branches as an intersection (tsc: as a union of the two branches)	"class C { @d m(a: X extends Y ? unknown : A) {} }"	type=Function  paramtypes=[Ref(A)]  returntype=undefined	type=Function  paramtypes=[Object]  returntype=undefined	type=Function  paramtypes=[Object]  returntype=undefined	changed, equal to tsc
merge rule: a conditional type merges its branches as an intersection (tsc: as a union of the two branches)	"class C { @d m(): X extends Y ? unknown : A { throw 0 } }"	type=Function  paramtypes=[]  returntype=Ref(A)	type=Function  paramtypes=[]  returntype=Object	type=Function  paramtypes=[]  returntype=Object	changed, equal to tsc
merge rule: a conditional type merges its branches as an intersection (tsc: as a union of the two branches)	"class C { @d p: X extends Y ? unknown : B; }"	type=Ref(B)	type=Object	type=Object	changed, equal to tsc
merge rule: a conditional type merges its branches as an intersection (tsc: as a union of the two branches)	"class C { @d m(a: X extends Y ? unknown : B) {} }"	type=Function  paramtypes=[Ref(B)]  returntype=undefined	type=Function  paramtypes=[Object]  returntype=undefined	type=Function  paramtypes=[Object]  returntype=undefined	changed, equal to tsc
merge rule: a conditional type merges its branches as an intersection (tsc: as a union of the two branches)	"class C { @d m(): X extends Y ? unknown : B { throw 0 } }"	type=Function  paramtypes=[]  returntype=Ref(B)	type=Function  paramtypes=[]  returntype=Object	type=Function  paramtypes=[]  returntype=Object	changed, equal to tsc
merge rule: a conditional type merges its branches as an intersection (tsc: as a union of the two branches)	"class C { @d p: X extends Y ? unknown : \"s\"; }"	type=String	type=Object	type=Object	changed, equal to tsc
merge rule: a conditional type merges its branches as an intersection (tsc: as a union of the two branches)	"class C { @d m(a: X extends Y ? unknown : \"s\") {} }"	type=Function  paramtypes=[String]  returntype=undefined	type=Function  paramtypes=[Object]  returntype=undefined	type=Function  paramtypes=[Object]  returntype=undefined	changed, equal to tsc
merge rule: a conditional type merges its branches as an intersection (tsc: as a union of the two branches)	"class C { @d m(): X extends Y ? unknown : \"s\" { throw 0 } }"	type=Function  paramtypes=[]  returntype=String	type=Function  paramtypes=[]  returntype=Object	type=Function  paramtypes=[]  returntype=Object	changed, equal to tsc
merge rule: a conditional type merges its branches as an intersection (tsc: as a union of the two branches)	"class C { @d p: X extends Y ? unknown : 1; }"	type=Number	type=Object	type=Object	changed, equal to tsc
merge rule: a conditional type merges its branches as an intersection (tsc: as a union of the two branches)	"class C { @d m(a: X extends Y ? unknown : 1) {} }"	type=Function  paramtypes=[Number]  returntype=undefined	type=Function  paramtypes=[Object]  returntype=undefined	type=Function  paramtypes=[Object]  returntype=undefined	changed, equal to tsc
merge rule: a conditional type merges its branches as an intersection (tsc: as a union of the two branches)	"class C { @d m(): X extends Y ? unknown : 1 { throw 0 } }"	type=Function  paramtypes=[]  returntype=Number	type=Function  paramtypes=[]  returntype=Object	type=Function  paramtypes=[]  returntype=Object	changed, equal to tsc
merge rule: a conditional type merges its branches as an intersection (tsc: as a union of the two branches)	"class C { @d p: X extends Y ? unknown : true; }"	type=Boolean	type=Object	type=Object	changed, equal to tsc
merge rule: a conditional type merges its branches as an intersection (tsc: as a union of the two branches)	"class C { @d m(a: X extends Y ? unknown : true) {} }"	type=Function  paramtypes=[Boolean]  returntype=undefined	type=Function  paramtypes=[Object]  returntype=undefined	type=Function  paramtypes=[Object]  returntype=undefined	changed, equal to tsc
merge rule: a conditional type merges its branches as an intersection (tsc: as a union of the two branches)	"class C { @d m(): X extends Y ? unknown : true { throw 0 } }"	type=Function  paramtypes=[]  returntype=Boolean	type=Function  paramtypes=[]  returntype=Object	type=Function  paramtypes=[]  returntype=Object	changed, equal to tsc
merge rule: a conditional type merges its branches as an intersection (tsc: as a union of the two branches)	"class C { @d p: X extends Y ? unknown : A[]; }"	type=Array	type=Object	type=Object	changed, equal to tsc
merge rule: a conditional type merges its branches as an intersection (tsc: as a union of the two branches)	"class C { @d m(a: X extends Y ? unknown : A[]) {} }"	type=Function  paramtypes=[Array]  returntype=undefined	type=Function  paramtypes=[Object]  returntype=undefined	type=Function  paramtypes=[Object]  returntype=undefined	changed, equal to tsc
merge rule: a conditional type merges its branches as an intersection (tsc: as a union of the two branches)	"class C { @d m(): X extends Y ? unknown : A[] { throw 0 } }"	type=Function  paramtypes=[]  returntype=Array	type=Function  paramtypes=[]  returntype=Object	type=Function  paramtypes=[]  returntype=Object	changed, equal to tsc
merge rule: a conditional type merges its branches as an intersection (tsc: as a union of the two branches)	"class C { @d p: X extends Y ? unknown : [A]; }"	type=Array	type=Object	type=Object	changed, equal to tsc
merge rule: a conditional type merges its branches as an intersection (tsc: as a union of the two branches)	"class C { @d m(a: X extends Y ? unknown : [A]) {} }"	type=Function  paramtypes=[Array]  returntype=undefined	type=Function  paramtypes=[Object]  returntype=undefined	type=Function  paramtypes=[Object]  returntype=undefined	changed, equal to tsc
merge rule: a conditional type merges its branches as an intersection (tsc: as a union of the two branches)	"class C { @d m(): X extends Y ? unknown : [A] { throw 0 } }"	type=Function  paramtypes=[]  returntype=Array	type=Function  paramtypes=[]  returntype=Object	type=Function  paramtypes=[]  returntype=Object	changed, equal to tsc
merge rule: a conditional type merges its branches as an intersection (tsc: as a union of the two branches)	"class C { @d p: X extends Y ? unknown : () => void; }"	type=Function	type=Object	type=Object	changed, equal to tsc
merge rule: a conditional type merges its branches as an intersection (tsc: as a union of the two branches)	"class C { @d m(a: X extends Y ? unknown : () => void) {} }"	type=Function  paramtypes=[Function]  returntype=undefined	type=Function  paramtypes=[Object]  returntype=undefined	type=Function  paramtypes=[Object]  returntype=undefined	changed, equal to tsc
merge rule: a conditional type merges its branches as an intersection (tsc: as a union of the two branches)	"class C { @d m(): X extends Y ? unknown : () => void { throw 0 } }"	type=Function  paramtypes=[]  returntype=Function	type=Function  paramtypes=[]  returntype=Object	type=Function  paramtypes=[]  returntype=Object	changed, equal to tsc
merge rule: a conditional type merges its branches as an intersection (tsc: as a union of the two branches)	"class C { @d p: X extends Y ? unknown : A.B; }"	type=Ref(A.B)	type=Object	type=Object	changed, equal to tsc
merge rule: a conditional type merges its branches as an intersection (tsc: as a union of the two branches)	"class C { @d m(a: X extends Y ? unknown : A.B) {} }"	type=Function  paramtypes=[Ref(A.B)]  returntype=undefined	type=Function  paramtypes=[Object]  returntype=undefined	type=Function  paramtypes=[Object]  returntype=undefined	changed, equal to tsc
merge rule: a conditional type merges its branches as an intersection (tsc: as a union of the two branches)	"class C { @d m(): X extends Y ? unknown : A.B { throw 0 } }"	type=Function  paramtypes=[]  returntype=Ref(A.B)	type=Function  paramtypes=[]  returntype=Object	type=Function  paramtypes=[]  returntype=Object	changed, equal to tsc
merge rule: a conditional type merges its branches as an intersection (tsc: as a union of the two branches)	"class C { @d p: X extends Y ? unknown : A<B>; }"	type=Ref(A)	type=Object	type=Object	changed, equal to tsc
merge rule: a conditional type merges its branches as an intersection (tsc: as a union of the two branches)	"class C { @d m(a: X extends Y ? unknown : A<B>) {} }"	type=Function  paramtypes=[Ref(A)]  returntype=undefined	type=Function  paramtypes=[Object]  returntype=undefined	type=Function  paramtypes=[Object]  returntype=undefined	changed, equal to tsc
merge rule: a conditional type merges its branches as an intersection (tsc: as a union of the two branches)	"class C { @d m(): X extends Y ? unknown : A<B> { throw 0 } }"	type=Function  paramtypes=[]  returntype=Ref(A)	type=Function  paramtypes=[]  returntype=Object	type=Function  paramtypes=[]  returntype=Object	changed, equal to tsc
merge rule: a conditional type merges its branches as an intersection (tsc: as a union of the two branches)	"class C { @d p: X extends Y ? unknown : `a${A}`; }"	type=String	type=Object	type=Object	changed, equal to tsc
merge rule: a conditional type merges its branches as an intersection (tsc: as a union of the two branches)	"class C { @d m(a: X extends Y ? unknown : `a${A}`) {} }"	type=Function  paramtypes=[String]  returntype=undefined	type=Function  paramtypes=[Object]  returntype=undefined	type=Function  paramtypes=[Object]  returntype=undefined	changed, equal to tsc
merge rule: a conditional type merges its branches as an intersection (tsc: as a union of the two branches)	"class C { @d m(): X extends Y ? unknown : `a${A}` { throw 0 } }"	type=Function  paramtypes=[]  returntype=String	type=Function  paramtypes=[]  returntype=Object	type=Function  paramtypes=[]  returntype=Object	changed, equal to tsc
merge rule: a conditional type merges its branches as an intersection (tsc: as a union of the two branches)	"class C { @d p: X extends Y ? unknown : (string); }"	type=String	type=Object	type=Object	changed, equal to tsc
merge rule: a conditional type merges its branches as an intersection (tsc: as a union of the two branches)	"class C { @d m(a: X extends Y ? unknown : (string)) {} }"	type=Function  paramtypes=[String]  returntype=undefined	type=Function  paramtypes=[Object]  returntype=undefined	type=Function  paramtypes=[Object]  returntype=undefined	changed, equal to tsc
merge rule: a conditional type merges its branches as an intersection (tsc: as a union of the two branches)	"class C { @d m(): X extends Y ? unknown : (string) { throw 0 } }"	type=Function  paramtypes=[]  returntype=String	type=Function  paramtypes=[]  returntype=Object	type=Function  paramtypes=[]  returntype=Object	changed, equal to tsc
merge rule: a conditional type merges its branches as an intersection (tsc: as a union of the two branches)	"class C { @d p: X extends Y ? unknown : (A | null); }"	type=Ref(A)	type=Object	type=Object	changed, equal to tsc
merge rule: a conditional type merges its branches as an intersection (tsc: as a union of the two branches)	"class C { @d m(a: X extends Y ? unknown : (A | null)) {} }"	type=Function  paramtypes=[Ref(A)]  returntype=undefined	type=Function  paramtypes=[Object]  returntype=undefined	type=Function  paramtypes=[Object]  returntype=undefined	changed, equal to tsc
merge rule: a conditional type merges its branches as an intersection (tsc: as a union of the two branches)	"class C { @d m(): X extends Y ? unknown : (A | null) { throw 0 } }"	type=Function  paramtypes=[]  returntype=Ref(A)	type=Function  paramtypes=[]  returntype=Object	type=Function  paramtypes=[]  returntype=Object	changed, equal to tsc
merge rule: a conditional type merges its branches as an intersection (tsc: as a union of the two branches)	"class C { @d p: X extends Y ? never : string; }"	type=undefined	type=String	type=String	changed, equal to tsc
merge rule: a conditional type merges its branches as an intersection (tsc: as a union of the two branches)	"class C { @d m(a: X extends Y ? never : string) {} }"	type=Function  paramtypes=[undefined]  returntype=undefined	type=Function  paramtypes=[String]  returntype=undefined	type=Function  paramtypes=[String]  returntype=undefined	changed, equal to tsc
merge rule: a conditional type merges its branches as an intersection (tsc: as a union of the two branches)	"class C { @d m(): X extends Y ? never : string { throw 0 } }"	type=Function  paramtypes=[]  returntype=undefined	type=Function  paramtypes=[]  returntype=String	type=Function  paramtypes=[]  returntype=String	changed, equal to tsc
merge rule: a conditional type merges its branches as an intersection (tsc: as a union of the two branches)	"class C { @d p: X extends Y ? never : number; }"	type=undefined	type=Number	type=Number	changed, equal to tsc
merge rule: a conditional type merges its branches as an intersection (tsc: as a union of the two branches)	"class C { @d m(a: X extends Y ? never : number) {} }"	type=Function  paramtypes=[undefined]  returntype=undefined	type=Function  paramtypes=[Number]  returntype=undefined	type=Function  paramtypes=[Number]  returntype=undefined	changed, equal to tsc
merge rule: a conditional type merges its branches as an intersection (tsc: as a union of the two branches)	"class C { @d m(): X extends Y ? never : number { throw 0 } }"	type=Function  paramtypes=[]  returntype=undefined	type=Function  paramtypes=[]  returntype=Number	type=Function  paramtypes=[]  returntype=Number	changed, equal to tsc
merge rule: a conditional type merges its branches as an intersection (tsc: as a union of the two branches)	"class C { @d p: X extends Y ? never : boolean; }"	type=undefined	type=Boolean	type=Boolean	changed, equal to tsc
merge rule: a conditional type merges its branches as an intersection (tsc: as a union of the two branches)	"class C { @d m(a: X extends Y ? never : boolean) {} }"	type=Function  paramtypes=[undefined]  returntype=undefined	type=Function  paramtypes=[Boolean]  returntype=undefined	type=Function  paramtypes=[Boolean]  returntype=undefined	changed, equal to tsc
merge rule: a conditional type merges its branches as an intersection (tsc: as a union of the two branches)	"class C { @d m(): X extends Y ? never : boolean { throw 0 } }"	type=Function  paramtypes=[]  returntype=undefined	type=Function  paramtypes=[]  returntype=Boolean	type=Function  paramtypes=[]  returntype=Boolean	changed, equal to tsc
merge rule: a conditional type merges its branches as an intersection (tsc: as a union of the two branches)	"class C { @d p: X extends Y ? never : bigint; }"	type=undefined	type=BigInt	type=BigInt	changed, equal to tsc
merge rule: a conditional type merges its branches as an intersection (tsc: as a union of the two branches)	"class C { @d m(a: X extends Y ? never : bigint) {} }"	type=Function  paramtypes=[undefined]  returntype=undefined	type=Function  paramtypes=[BigInt]  returntype=undefined	type=Function  paramtypes=[BigInt]  returntype=undefined	changed, equal to tsc
merge rule: a conditional type merges its branches as an intersection (tsc: as a union of the two branches)	"class C { @d m(): X extends Y ? never : bigint { throw 0 } }"	type=Function  paramtypes=[]  returntype=undefined	type=Function  paramtypes=[]  returntype=BigInt	type=Function  paramtypes=[]  returntype=BigInt	changed, equal to tsc
merge rule: a conditional type merges its branches as an intersection (tsc: as a union of the two branches)	"class C { @d p: X extends Y ? never : symbol; }"	type=undefined	type=Symbol	type=Symbol	changed, equal to tsc
merge rule: a conditional type merges its branches as an intersection (tsc: as a union of the two branches)	"class C { @d m(a: X extends Y ? never : symbol) {} }"	type=Function  paramtypes=[undefined]  returntype=undefined	type=Function  paramtypes=[Symbol]  returntype=undefined	type=Function  paramtypes=[Symbol]  returntype=undefined	changed, equal to tsc
merge rule: a conditional type merges its branches as an intersection (tsc: as a union of the two branches)	"class C { @d m(): X extends Y ? never : symbol { throw 0 } }"	type=Function  paramtypes=[]  returntype=undefined	type=Function  paramtypes=[]  returntype=Symbol	type=Function  paramtypes=[]  returntype=Symbol	changed, equal to tsc
merge rule: a conditional type merges its branches as an intersection (tsc: as a union of the two branches)	"class C { @d p: X extends Y ? never : any; }"	type=undefined	type=Object	type=Object	changed, equal to tsc
merge rule: a conditional type merges its branches as an intersection (tsc: as a union of the two branches)	"class C { @d m(a: X extends Y ? never : any) {} }"	type=Function  paramtypes=[undefined]  returntype=undefined	type=Function  paramtypes=[Object]  returntype=undefined	type=Function  paramtypes=[Object]  returntype=undefined	changed, equal to tsc
merge rule: a conditional type merges its branches as an intersection (tsc: as a union of the two branches)	"class C { @d m(): X extends Y ? never : any { throw 0 } }"	type=Function  paramtypes=[]  returntype=undefined	type=Function  paramtypes=[]  returntype=Object	type=Function  paramtypes=[]  returntype=Object	changed, equal to tsc
merge rule: a conditional type merges its branches as an intersection (tsc: as a union of the two branches)	"class C { @d p: X extends Y ? never : unknown; }"	type=undefined	type=Object	type=Object	changed, equal to tsc
merge rule: a conditional type merges its branches as an intersection (tsc: as a union of the two branches)	"class C { @d m(a: X extends Y ? never : unknown) {} }"	type=Function  paramtypes=[undefined]  returntype=undefined	type=Function  paramtypes=[Object]  returntype=undefined	type=Function  paramtypes=[Object]  returntype=undefined	changed, equal to tsc
merge rule: a conditional type merges its branches as an intersection (tsc: as a union of the two branches)	"class C { @d m(): X extends Y ? never : unknown { throw 0 } }"	type=Function  paramtypes=[]  returntype=undefined	type=Function  paramtypes=[]  returntype=Object	type=Function  paramtypes=[]  returntype=Object	changed, equal to tsc
merge rule: a conditional type merges its branches as an intersection (tsc: as a union of the two branches)	"class C { @d p: X extends Y ? never : object; }"	type=undefined	type=Object	type=Object	changed, equal to tsc
merge rule: a conditional type merges its branches as an intersection (tsc: as a union of the two branches)	"class C { @d m(a: X extends Y ? never : object) {} }"	type=Function  paramtypes=[undefined]  returntype=undefined	type=Function  paramtypes=[Object]  returntype=undefined	type=Function  paramtypes=[Object]  returntype=undefined	changed, equal to tsc
merge rule: a conditional type merges its branches as an intersection (tsc: as a union of the two branches)	"class C { @d m(): X extends Y ? never : object { throw 0 } }"	type=Function  paramtypes=[]  returntype=undefined	type=Function  paramtypes=[]  returntype=Object	type=Function  paramtypes=[]  returntype=Object	changed, equal to tsc
merge rule: a conditional type merges its branches as an intersection (tsc: as a union of the two branches)	"class C { @d p: X extends Y ? never : A; }"	type=undefined	type=Object	type=Object	changed, equal to tsc
merge rule: a conditional type merges its branches as an intersection (tsc: as a union of the two branches)	"class C { @d m(a: X extends Y ? never : A) {} }"	type=Function  paramtypes=[undefined]  returntype=undefined	type=Function  paramtypes=[Object]  returntype=undefined	type=Function  paramtypes=[Object]  returntype=undefined	changed, equal to tsc
merge rule: a conditional type merges its branches as an intersection (tsc: as a union of the two branches)	"class C { @d m(): X extends Y ? never : A { throw 0 } }"	type=Function  paramtypes=[]  returntype=undefined	type=Function  paramtypes=[]  returntype=Object	type=Function  paramtypes=[]  returntype=Object	changed, equal to tsc
merge rule: a conditional type merges its branches as an intersection (tsc: as a union of the two branches)	"class C { @d p: X extends Y ? never : B; }"	type=undefined	type=Object	type=Object	changed, equal to tsc
merge rule: a conditional type merges its branches as an intersection (tsc: as a union of the two branches)	"class C { @d m(a: X extends Y ? never : B) {} }"	type=Function  paramtypes=[undefined]  returntype=undefined	type=Function  paramtypes=[Object]  returntype=undefined	type=Function  paramtypes=[Object]  returntype=undefined	changed, equal to tsc
merge rule: a conditional type merges its branches as an intersection (tsc: as a union of the two branches)	"class C { @d m(): X extends Y ? never : B { throw 0 } }"	type=Function  paramtypes=[]  returntype=undefined	type=Function  paramtypes=[]  returntype=Object	type=Function  paramtypes=[]  returntype=Object	changed, equal to tsc
merge rule: a conditional type merges its branches as an intersection (tsc: as a union of the two branches)	"class C { @d p: X extends Y ? never : Object; }"	type=undefined	type=Object	type=Object	changed, equal to tsc
merge rule: a conditional type merges its branches as an intersection (tsc: as a union of the two branches)	"class C { @d m(a: X extends Y ? never : Object) {} }"	type=Function  paramtypes=[undefined]  returntype=undefined	type=Function  paramtypes=[Object]  returntype=undefined	type=Function  paramtypes=[Object]  returntype=undefined	changed, equal to tsc
merge rule: a conditional type merges its branches as an intersection (tsc: as a union of the two branches)	"class C { @d m(): X extends Y ? never : Object { throw 0 } }"	type=Function  paramtypes=[]  returntype=undefined	type=Function  paramtypes=[]  returntype=Object	type=Function  paramtypes=[]  returntype=Object	changed, equal to tsc
merge rule: a conditional type merges its branches as an intersection (tsc: as a union of the two branches)	"class C { @d p: X extends Y ? never : \"s\"; }"	type=undefined	type=String	type=String	changed, equal to tsc
merge rule: a conditional type merges its branches as an intersection (tsc: as a union of the two branches)	"class C { @d m(a: X extends Y ? never : \"s\") {} }"	type=Function  paramtypes=[undefined]  returntype=undefined	type=Function  paramtypes=[String]  returntype=undefined	type=Function  paramtypes=[String]  returntype=undefined	changed, equal to tsc
merge rule: a conditional type merges its branches as an intersection (tsc: as a union of the two branches)	"class C { @d m(): X extends Y ? never : \"s\" { throw 0 } }"	type=Function  paramtypes=[]  returntype=undefined	type=Function  paramtypes=[]  returntype=String	type=Function  paramtypes=[]  returntype=String	changed, equal to tsc
merge rule: a conditional type merges its branches as an intersection (tsc: as a union of the two branches)	"class C { @d p: X extends Y ? never : 1; }"	type=undefined	type=Number	type=Number	changed, equal to tsc
merge rule: a conditional type merges its branches as an intersection (tsc: as a union of the two branches)	"class C { @d m(a: X extends Y ? never : 1) {} }"	type=Function  paramtypes=[undefined]  returntype=undefined	type=Function  paramtypes=[Number]  returntype=undefined	type=Function  paramtypes=[Number]  returntype=undefined	changed, equal to tsc
merge rule: a conditional type merges its branches as an intersection (tsc: as a union of the two branches)	"class C { @d m(): X extends Y ? never : 1 { throw 0 } }"	type=Function  paramtypes=[]  returntype=undefined	type=Function  paramtypes=[]  returntype=Number	type=Function  paramtypes=[]  returntype=Number	changed, equal to tsc
merge rule: a conditional type merges its branches as an intersection (tsc: as a union of the two branches)	"class C { @d p: X extends Y ? never : true; }"	type=undefined	type=Boolean	type=Boolean	changed, equal to tsc
merge rule: a conditional type merges its branches as an intersection (tsc: as a union of the two branches)	"class C { @d m(a: X extends Y ? never : true) {} }"	type=Function  paramtypes=[undefined]  returntype=undefined	type=Function  paramtypes=[Boolean]  returntype=undefined	type=Function  paramtypes=[Boolean]  returntype=undefined	changed, equal to tsc
merge rule: a conditional type merges its branches as an intersection (tsc: as a union of the two branches)	"class C { @d m(): X extends Y ? never : true { throw 0 } }"	type=Function  paramtypes=[]  returntype=undefined	type=Function  paramtypes=[]  returntype=Boolean	type=Function  paramtypes=[]  returntype=Boolean	changed, equal to tsc
merge rule: a conditional type merges its branches as an intersection (tsc: as a union of the two branches)	"class C { @d p: X extends Y ? never : A[]; }"	type=undefined	type=Array	type=Array	changed, equal to tsc
merge rule: a conditional type merges its branches as an intersection (tsc: as a union of the two branches)	"class C { @d m(a: X extends Y ? never : A[]) {} }"	type=Function  paramtypes=[undefined]  returntype=undefined	type=Function  paramtypes=[Array]  returntype=undefined	type=Function  paramtypes=[Array]  returntype=undefined	changed, equal to tsc
merge rule: a conditional type merges its branches as an intersection (tsc: as a union of the two branches)	"class C { @d m(): X extends Y ? never : A[] { throw 0 } }"	type=Function  paramtypes=[]  returntype=undefined	type=Function  paramtypes=[]  returntype=Array	type=Function  paramtypes=[]  returntype=Array	changed, equal to tsc
merge rule: a conditional type merges its branches as an intersection (tsc: as a union of the two branches)	"class C { @d p: X extends Y ? never : [A]; }"	type=undefined	type=Array	type=Array	changed, equal to tsc
merge rule: a conditional type merges its branches as an intersection (tsc: as a union of the two branches)	"class C { @d m(a: X extends Y ? never : [A]) {} }"	type=Function  paramtypes=[undefined]  returntype=undefined	type=Function  paramtypes=[Array]  returntype=undefined	type=Function  paramtypes=[Array]  returntype=undefined	changed, equal to tsc
merge rule: a conditional type merges its branches as an intersection (tsc: as a union of the two branches)	"class C { @d m(): X extends Y ? never : [A] { throw 0 } }"	type=Function  paramtypes=[]  returntype=undefined	type=Function  paramtypes=[]  returntype=Array	type=Function  paramtypes=[]  returntype=Array	changed, equal to tsc
merge rule: a conditional type merges its branches as an intersection (tsc: as a union of the two branches)	"class C { @d p: X extends Y ? never : () => void; }"	type=undefined	type=Function	type=Function	changed, equal to tsc
merge rule: a conditional type merges its branches as an intersection (tsc: as a union of the two branches)	"class C { @d m(a: X extends Y ? never : () => void) {} }"	type=Function  paramtypes=[undefined]  returntype=undefined	type=Function  paramtypes=[Function]  returntype=undefined	type=Function  paramtypes=[Function]  returntype=undefined	changed, equal to tsc
merge rule: a conditional type merges its branches as an intersection (tsc: as a union of the two branches)	"class C { @d m(): X extends Y ? never : () => void { throw 0 } }"	type=Function  paramtypes=[]  returntype=undefined	type=Function  paramtypes=[]  returntype=Function	type=Function  paramtypes=[]  returntype=Function	changed, equal to tsc
merge rule: a conditional type merges its branches as an intersection (tsc: as a union of the two branches)	"class C { @d p: X extends Y ? never : { a: A }; }"	type=undefined	type=Object	type=Object	changed, equal to tsc
merge rule: a conditional type merges its branches as an intersection (tsc: as a union of the two branches)	"class C { @d m(a: X extends Y ? never : { a: A }) {} }"	type=Function  paramtypes=[undefined]  returntype=undefined	type=Function  paramtypes=[Object]  returntype=undefined	type=Function  paramtypes=[Object]  returntype=undefined	changed, equal to tsc
merge rule: a conditional type merges its branches as an intersection (tsc: as a union of the two branches)	"class C { @d m(): X extends Y ? never : { a: A } { throw 0 } }"	type=Function  paramtypes=[]  returntype=undefined	type=Function  paramtypes=[]  returntype=Object	type=Function  paramtypes=[]  returntype=Object	changed, equal to tsc
merge rule: a conditional type merges its branches as an intersection (tsc: as a union of the two branches)	"class C { @d p: X extends Y ? never : keyof A; }"	type=undefined	type=Object	type=Object	changed, equal to tsc
merge rule: a conditional type merges its branches as an intersection (tsc: as a union of the two branches)	"class C { @d m(a: X extends Y ? never : keyof A) {} }"	type=Function  paramtypes=[undefined]  returntype=undefined	type=Function  paramtypes=[Object]  returntype=undefined	type=Function  paramtypes=[Object]  returntype=undefined	changed, equal to tsc
merge rule: a conditional type merges its branches as an intersection (tsc: as a union of the two branches)	"class C { @d m(): X extends Y ? never : keyof A { throw 0 } }"	type=Function  paramtypes=[]  returntype=undefined	type=Function  paramtypes=[]  returntype=Object	type=Function  paramtypes=[]  returntype=Object	changed, equal to tsc
merge rule: a conditional type merges its branches as an intersection (tsc: as a union of the two branches)	"class C { @d p: X extends Y ? never : typeof a; }"	type=undefined	type=Object	type=Object	changed, equal to tsc
merge rule: a conditional type merges its branches as an intersection (tsc: as a union of the two branches)	"class C { @d m(a: X extends Y ? never : typeof a) {} }"	type=Function  paramtypes=[undefined]  returntype=undefined	type=Function  paramtypes=[Object]  returntype=undefined	type=Function  paramtypes=[Object]  returntype=undefined	changed, equal to tsc
merge rule: a conditional type merges its branches as an intersection (tsc: as a union of the two branches)	"class C { @d m(): X extends Y ? never : typeof a { throw 0 } }"	type=Function  paramtypes=[]  returntype=undefined	type=Function  paramtypes=[]  returntype=Object	type=Function  paramtypes=[]  returntype=Object	changed, equal to tsc
merge rule: a conditional type merges its branches as an intersection (tsc: as a union of the two branches)	"class C { @d p: X extends Y ? never : A.B; }"	type=undefined	type=Object	type=Object	changed, equal to tsc
merge rule: a conditional type merges its branches as an intersection (tsc: as a union of the two branches)	"class C { @d m(a: X extends Y ? never : A.B) {} }"	type=Function  paramtypes=[undefined]  returntype=undefined	type=Function  paramtypes=[Object]  returntype=undefined	type=Function  paramtypes=[Object]  returntype=undefined	changed, equal to tsc
merge rule: a conditional type merges its branches as an intersection (tsc: as a union of the two branches)	"class C { @d m(): X extends Y ? never : A.B { throw 0 } }"	type=Function  paramtypes=[]  returntype=undefined	type=Function  paramtypes=[]  returntype=Object	type=Function  paramtypes=[]  returntype=Object	changed, equal to tsc
merge rule: a conditional type merges its branches as an intersection (tsc: as a union of the two branches)	"class C { @d p: X extends Y ? never : A<B>; }"	type=undefined	type=Object	type=Object	changed, equal to tsc
merge rule: a conditional type merges its branches as an intersection (tsc: as a union of the two branches)	"class C { @d m(a: X extends Y ? never : A<B>) {} }"	type=Function  paramtypes=[undefined]  returntype=undefined	type=Function  paramtypes=[Object]  returntype=undefined	type=Function  paramtypes=[Object]  returntype=undefined	changed, equal to tsc
merge rule: a conditional type merges its branches as an intersection (tsc: as a union of the two branches)	"class C { @d m(): X extends Y ? never : A<B> { throw 0 } }"	type=Function  paramtypes=[]  returntype=undefined	type=Function  paramtypes=[]  returntype=Object	type=Function  paramtypes=[]  returntype=Object	changed, equal to tsc
merge rule: a conditional type merges its branches as an intersection (tsc: as a union of the two branches)	"class C { @d p: X extends Y ? never : `a${A}`; }"	type=undefined	type=String	type=String	changed, equal to tsc
merge rule: a conditional type merges its branches as an intersection (tsc: as a union of the two branches)	"class C { @d m(a: X extends Y ? never : `a${A}`) {} }"	type=Function  paramtypes=[undefined]  returntype=undefined	type=Function  paramtypes=[String]  returntype=undefined	type=Function  paramtypes=[String]  returntype=undefined	changed, equal to tsc
merge rule: a conditional type merges its branches as an intersection (tsc: as a union of the two branches)	"class C { @d m(): X extends Y ? never : `a${A}` { throw 0 } }"	type=Function  paramtypes=[]  returntype=undefined	type=Function  paramtypes=[]  returntype=String	type=Function  paramtypes=[]  returntype=String	changed, equal to tsc
merge rule: a conditional type merges its branches as an intersection (tsc: as a union of the two branches)	"class C { @d p: X extends Y ? never : this; }"	type=undefined	type=Object	type=Object	changed, equal to tsc
merge rule: a conditional type merges its branches as an intersection (tsc: as a union of the two branches)	"class C { @d m(a: X extends Y ? never : this) {} }"	type=Function  paramtypes=[undefined]  returntype=undefined	type=Function  paramtypes=[Object]  returntype=undefined	type=Function  paramtypes=[Object]  returntype=undefined	changed, equal to tsc
merge rule: a conditional type merges its branches as an intersection (tsc: as a union of the two branches)	"class C { @d m(): X extends Y ? never : this { throw 0 } }"	type=Function  paramtypes=[]  returntype=undefined	type=Function  paramtypes=[]  returntype=Object	type=Function  paramtypes=[]  returntype=Object	changed, equal to tsc
merge rule: a conditional type merges its branches as an intersection (tsc: as a union of the two branches)	"class C { @d p: X extends Y ? never : (string); }"	type=undefined	type=String	type=String	changed, equal to tsc
merge rule: a conditional type merges its branches as an intersection (tsc: as a union of the two branches)	"class C { @d m(a: X extends Y ? never : (string)) {} }"	type=Function  paramtypes=[undefined]  returntype=undefined	type=Function  paramtypes=[String]  returntype=undefined	type=Function  paramtypes=[String]  returntype=undefined	changed, equal to tsc
merge rule: a conditional type merges its branches as an intersection (tsc: as a union of the two branches)	"class C { @d m(): X extends Y ? never : (string) { throw 0 } }"	type=Function  paramtypes=[]  returntype=undefined	type=Function  paramtypes=[]  returntype=String	type=Function  paramtypes=[]  returntype=String	changed, equal to tsc
merge rule: a conditional type merges its branches as an intersection (tsc: as a union of the two branches)	"class C { @d p: X extends Y ? never : (A | null); }"	type=undefined	type=Object	type=Object	changed, equal to tsc
merge rule: a conditional type merges its branches as an intersection (tsc: as a union of the two branches)	"class C { @d m(a: X extends Y ? never : (A | null)) {} }"	type=Function  paramtypes=[undefined]  returntype=undefined	type=Function  paramtypes=[Object]  returntype=undefined	type=Function  paramtypes=[Object]  returntype=undefined	changed, equal to tsc
merge rule: a conditional type merges its branches as an intersection (tsc: as a union of the two branches)	"class C { @d m(): X extends Y ? never : (A | null) { throw 0 } }"	type=Function  paramtypes=[]  returntype=undefined	type=Function  paramtypes=[]  returntype=Object	type=Function  paramtypes=[]  returntype=Object	changed, equal to tsc
merge rule: a conditional type merges its branches as an intersection (tsc: as a union of the two branches)	"class C { @d p: X extends Y ? void : unknown; }"	type=undefined	type=Object	type=Object	changed, equal to tsc
merge rule: a conditional type merges its branches as an intersection (tsc: as a union of the two branches)	"class C { @d m(a: X extends Y ? void : unknown) {} }"	type=Function  paramtypes=[undefined]  returntype=undefined	type=Function  paramtypes=[Object]  returntype=undefined	type=Function  paramtypes=[Object]  returntype=undefined	changed, equal to tsc
merge rule: a conditional type merges its branches as an intersection (tsc: as a union of the two branches)	"class C { @d m(): X extends Y ? void : unknown { throw 0 } }"	type=Function  paramtypes=[]  returntype=undefined	type=Function  paramtypes=[]  returntype=Object	type=Function  paramtypes=[]  returntype=Object	changed, equal to tsc
merge rule: a conditional type merges its branches as an intersection (tsc: as a union of the two branches)	"class C { @d p: X extends Y ? null : unknown; }"	type=undefined	type=Object	type=Object	changed, equal to tsc
merge rule: a conditional type merges its branches as an intersection (tsc: as a union of the two branches)	"class C { @d m(a: X extends Y ? null : unknown) {} }"	type=Function  paramtypes=[undefined]  returntype=undefined	type=Function  paramtypes=[Object]  returntype=undefined	type=Function  paramtypes=[Object]  returntype=undefined	changed, equal to tsc
merge rule: a conditional type merges its branches as an intersection (tsc: as a union of the two branches)	"class C { @d m(): X extends Y ? null : unknown { throw 0 } }"	type=Function  paramtypes=[]  returntype=undefined	type=Function  paramtypes=[]  returntype=Object	type=Function  paramtypes=[]  returntype=Object	changed, equal to tsc
merge rule: a conditional type merges its branches as an intersection (tsc: as a union of the two branches)	"class C { @d p: X extends Y ? null : A; }"	type=Ref(A)	type=Object	type=Object	changed, equal to tsc
merge rule: a conditional type merges its branches as an intersection (tsc: as a union of the two branches)	"class C { @d m(a: X extends Y ? null : A) {} }"	type=Function  paramtypes=[Ref(A)]  returntype=undefined	type=Function  paramtypes=[Object]  returntype=undefined	type=Function  paramtypes=[Object]  returntype=undefined	changed, equal to tsc
merge rule: a conditional type merges its branches as an intersection (tsc: as a union of the two branches)	"class C { @d m(): X extends Y ? null : A { throw 0 } }"	type=Function  paramtypes=[]  returntype=Ref(A)	type=Function  paramtypes=[]  returntype=Object	type=Function  paramtypes=[]  returntype=Object	changed, equal to tsc
merge rule: a conditional type merges its branches as an intersection (tsc: as a union of the two branches)	"class C { @d p: X extends Y ? null : B; }"	type=Ref(B)	type=Object	type=Object	changed, equal to tsc
merge rule: a conditional type merges its branches as an intersection (tsc: as a union of the two branches)	"class C { @d m(a: X extends Y ? null : B) {} }"	type=Function  paramtypes=[Ref(B)]  returntype=undefined	type=Function  paramtypes=[Object]  returntype=undefined	type=Function  paramtypes=[Object]  returntype=undefined	changed, equal to tsc
merge rule: a conditional type merges its branches as an intersection (tsc: as a union of the two branches)	"class C { @d m(): X extends Y ? null : B { throw 0 } }"	type=Function  paramtypes=[]  returntype=Ref(B)	type=Function  paramtypes=[]  returntype=Object	type=Function  paramtypes=[]  returntype=Object	changed, equal to tsc
merge rule: a conditional type merges its branches as an intersection (tsc: as a union of the two branches)	"class C { @d p: X extends Y ? null : A.B; }"	type=Ref(A.B)	type=Object	type=Object	changed, equal to tsc
merge rule: a conditional type merges its branches as an intersection (tsc: as a union of the two branches)	"class C { @d m(a: X extends Y ? null : A.B) {} }"	type=Function  paramtypes=[Ref(A.B)]  returntype=undefined	type=Function  paramtypes=[Object]  returntype=undefined	type=Function  paramtypes=[Object]  returntype=undefined	changed, equal to tsc
merge rule: a conditional type merges its branches as an intersection (tsc: as a union of the two branches)	"class C { @d m(): X extends Y ? null : A.B { throw 0 } }"	type=Function  paramtypes=[]  returntype=Ref(A.B)	type=Function  paramtypes=[]  returntype=Object	type=Function  paramtypes=[]  returntype=Object	changed, equal to tsc
merge rule: a conditional type merges its branches as an intersection (tsc: as a union of the two branches)	"class C { @d p: X extends Y ? null : A<B>; }"	type=Ref(A)	type=Object	type=Object	changed, equal to tsc
merge rule: a conditional type merges its branches as an intersection (tsc: as a union of the two branches)	"class C { @d m(a: X extends Y ? null : A<B>) {} }"	type=Function  paramtypes=[Ref(A)]  returntype=undefined	type=Function  paramtypes=[Object]  returntype=undefined	type=Function  paramtypes=[Object]  returntype=undefined	changed, equal to tsc
merge rule: a conditional type merges its branches as an intersection (tsc: as a union of the two branches)	"class C { @d m(): X extends Y ? null : A<B> { throw 0 } }"	type=Function  paramtypes=[]  returntype=Ref(A)	type=Function  paramtypes=[]  returntype=Object	type=Function  paramtypes=[]  returntype=Object	changed, equal to tsc
merge rule: a conditional type merges its branches as an intersection (tsc: as a union of the two branches)	"class C { @d p: X extends Y ? null : (A | null); }"	type=Ref(A)	type=Object	type=Object	changed, equal to tsc
merge rule: a conditional type merges its branches as an intersection (tsc: as a union of the two branches)	"class C { @d m(a: X extends Y ? null : (A | null)) {} }"	type=Function  paramtypes=[Ref(A)]  returntype=undefined	type=Function  paramtypes=[Object]  returntype=undefined	type=Function  paramtypes=[Object]  returntype=undefined	changed, equal to tsc
merge rule: a conditional type merges its branches as an intersection (tsc: as a union of the two branches)	"class C { @d m(): X extends Y ? null : (A | null) { throw 0 } }"	type=Function  paramtypes=[]  returntype=Ref(A)	type=Function  paramtypes=[]  returntype=Object	type=Function  paramtypes=[]  returntype=Object	changed, equal to tsc
merge rule: a conditional type merges its branches as an intersection (tsc: as a union of the two branches)	"class C { @d p: X extends Y ? undefined : unknown; }"	type=undefined	type=Object	type=Object	changed, equal to tsc
merge rule: a conditional type merges its branches as an intersection (tsc: as a union of the two branches)	"class C { @d m(a: X extends Y ? undefined : unknown) {} }"	type=Function  paramtypes=[undefined]  returntype=undefined	type=Function  paramtypes=[Object]  returntype=undefined	type=Function  paramtypes=[Object]  returntype=undefined	changed, equal to tsc
merge rule: a conditional type merges its branches as an intersection (tsc: as a union of the two branches)	"class C { @d m(): X extends Y ? undefined : unknown { throw 0 } }"	type=Function  paramtypes=[]  returntype=undefined	type=Function  paramtypes=[]  returntype=Object	type=Function  paramtypes=[]  returntype=Object	changed, equal to tsc
merge rule: a conditional type merges its branches as an intersection (tsc: as a union of the two branches)	"class C { @d p: X extends Y ? undefined : A; }"	type=Ref(A)	type=Object	type=Object	changed, equal to tsc
merge rule: a conditional type merges its branches as an intersection (tsc: as a union of the two branches)	"class C { @d m(a: X extends Y ? undefined : A) {} }"	type=Function  paramtypes=[Ref(A)]  returntype=undefined	type=Function  paramtypes=[Object]  returntype=undefined	type=Function  paramtypes=[Object]  returntype=undefined	changed, equal to tsc
merge rule: a conditional type merges its branches as an intersection (tsc: as a union of the two branches)	"class C { @d m(): X extends Y ? undefined : A { throw 0 } }"	type=Function  paramtypes=[]  returntype=Ref(A)	type=Function  paramtypes=[]  returntype=Object	type=Function  paramtypes=[]  returntype=Object	changed, equal to tsc
merge rule: a conditional type merges its branches as an intersection (tsc: as a union of the two branches)	"class C { @d p: X extends Y ? undefined : B; }"	type=Ref(B)	type=Object	type=Object	changed, equal to tsc
merge rule: a conditional type merges its branches as an intersection (tsc: as a union of the two branches)	"class C { @d m(a: X extends Y ? undefined : B) {} }"	type=Function  paramtypes=[Ref(B)]  returntype=undefined	type=Function  paramtypes=[Object]  returntype=undefined	type=Function  paramtypes=[Object]  returntype=undefined	changed, equal to tsc
merge rule: a conditional type merges its branches as an intersection (tsc: as a union of the two branches)	"class C { @d m(): X extends Y ? undefined : B { throw 0 } }"	type=Function  paramtypes=[]  returntype=Ref(B)	type=Function  paramtypes=[]  returntype=Object	type=Function  paramtypes=[]  returntype=Object	changed, equal to tsc
merge rule: a conditional type merges its branches as an intersection (tsc: as a union of the two branches)	"class C { @d p: X extends Y ? undefined : A.B; }"	type=Ref(A.B)	type=Object	type=Object	changed, equal to tsc
merge rule: a conditional type merges its branches as an intersection (tsc: as a union of the two branches)	"class C { @d m(a: X extends Y ? undefined : A.B) {} }"	type=Function  paramtypes=[Ref(A.B)]  returntype=undefined	type=Function  paramtypes=[Object]  returntype=undefined	type=Function  paramtypes=[Object]  returntype=undefined	changed, equal to tsc
merge rule: a conditional type merges its branches as an intersection (tsc: as a union of the two branches)	"class C { @d m(): X extends Y ? undefined : A.B { throw 0 } }"	type=Function  paramtypes=[]  returntype=Ref(A.B)	type=Function  paramtypes=[]  returntype=Object	type=Function  paramtypes=[]  returntype=Object	changed, equal to tsc
merge rule: a conditional type merges its branches as an intersection (tsc: as a union of the two branches)	"class C { @d p: X extends Y ? undefined : A<B>; }"	type=Ref(A)	type=Object	type=Object	changed, equal to tsc
merge rule: a conditional type merges its branches as an intersection (tsc: as a union of the two branches)	"class C { @d m(a: X extends Y ? undefined : A<B>) {} }"	type=Function  paramtypes=[Ref(A)]  returntype=undefined	type=Function  paramtypes=[Object]  returntype=undefined	type=Function  paramtypes=[Object]  returntype=undefined	changed, equal to tsc
merge rule: a conditional type merges its branches as an intersection (tsc: as a union of the two branches)	"class C { @d m(): X extends Y ? undefined : A<B> { throw 0 } }"	type=Function  paramtypes=[]  returntype=Ref(A)	type=Function  paramtypes=[]  returntype=Object	type=Function  paramtypes=[]  returntype=Object	changed, equal to tsc
merge rule: a conditional type merges its branches as an intersection (tsc: as a union of the two branches)	"class C { @d p: X extends Y ? undefined : (A | null); }"	type=Ref(A)	type=Object	type=Object	changed, equal to tsc
merge rule: a conditional type merges its branches as an intersection (tsc: as a union of the two branches)	"class C { @d m(a: X extends Y ? undefined : (A | null)) {} }"	type=Function  paramtypes=[Ref(A)]  returntype=undefined	type=Function  paramtypes=[Object]  returntype=undefined	type=Function  paramtypes=[Object]  returntype=undefined	changed, equal to tsc
merge rule: a conditional type merges its branches as an intersection (tsc: as a union of the two branches)	"class C { @d m(): X extends Y ? undefined : (A | null) { throw 0 } }"	type=Function  paramtypes=[]  returntype=Ref(A)	type=Function  paramtypes=[]  returntype=Object	type=Function  paramtypes=[]  returntype=Object	changed, equal to tsc
merge rule: a conditional type merges its branches as an intersection (tsc: as a union of the two branches)	"class C { @d p: X extends Y ? A : unknown; }"	type=Ref(A)	type=Object	type=Object	changed, equal to tsc
merge rule: a conditional type merges its branches as an intersection (tsc: as a union of the two branches)	"class C { @d m(a: X extends Y ? A : unknown) {} }"	type=Function  paramtypes=[Ref(A)]  returntype=undefined	type=Function  paramtypes=[Object]  returntype=undefined	type=Function  paramtypes=[Object]  returntype=undefined	changed, equal to tsc
merge rule: a conditional type merges its branches as an intersection (tsc: as a union of the two branches)	"class C { @d m(): X extends Y ? A : unknown { throw 0 } }"	type=Function  paramtypes=[]  returntype=Ref(A)	type=Function  paramtypes=[]  returntype=Object	type=Function  paramtypes=[]  returntype=Object	changed, equal to tsc
merge rule: a conditional type merges its branches as an intersection (tsc: as a union of the two branches)	"class C { @d p: X extends Y ? A : never; }"	type=undefined	type=Object	type=Object	changed, equal to tsc
merge rule: a conditional type merges its branches as an intersection (tsc: as a union of the two branches)	"class C { @d m(a: X extends Y ? A : never) {} }"	type=Function  paramtypes=[undefined]  returntype=undefined	type=Function  paramtypes=[Object]  returntype=undefined	type=Function  paramtypes=[Object]  returntype=undefined	changed, equal to tsc
merge rule: a conditional type merges its branches as an intersection (tsc: as a union of the two branches)	"class C { @d m(): X extends Y ? A : never { throw 0 } }"	type=Function  paramtypes=[]  returntype=undefined	type=Function  paramtypes=[]  returntype=Object	type=Function  paramtypes=[]  returntype=Object	changed, equal to tsc
merge rule: a conditional type merges its branches as an intersection (tsc: as a union of the two branches)	"class C { @d p: X extends Y ? A : null; }"	type=Ref(A)	type=Object	type=Object	changed, equal to tsc
merge rule: a conditional type merges its branches as an intersection (tsc: as a union of the two branches)	"class C { @d m(a: X extends Y ? A : null) {} }"	type=Function  paramtypes=[Ref(A)]  returntype=undefined	type=Function  paramtypes=[Object]  returntype=undefined	type=Function  paramtypes=[Object]  returntype=undefined	changed, equal to tsc
merge rule: a conditional type merges its branches as an intersection (tsc: as a union of the two branches)	"class C { @d m(): X extends Y ? A : null { throw 0 } }"	type=Function  paramtypes=[]  returntype=Ref(A)	type=Function  paramtypes=[]  returntype=Object	type=Function  paramtypes=[]  returntype=Object	changed, equal to tsc
merge rule: a conditional type merges its branches as an intersection (tsc: as a union of the two branches)	"class C { @d p: X extends Y ? A : undefined; }"	type=Ref(A)	type=Object	type=Object	changed, equal to tsc
merge rule: a conditional type merges its branches as an intersection (tsc: as a union of the two branches)	"class C { @d m(a: X extends Y ? A : undefined) {} }"	type=Function  paramtypes=[Ref(A)]  returntype=undefined	type=Function  paramtypes=[Object]  returntype=undefined	type=Function  paramtypes=[Object]  returntype=undefined	changed, equal to tsc
merge rule: a conditional type merges its branches as an intersection (tsc: as a union of the two branches)	"class C { @d m(): X extends Y ? A : undefined { throw 0 } }"	type=Function  paramtypes=[]  returntype=Ref(A)	type=Function  paramtypes=[]  returntype=Object	type=Function  paramtypes=[]  returntype=Object	changed, equal to tsc
merge rule: a conditional type merges its branches as an intersection (tsc: as a union of the two branches)	"class C { @d p: X extends Y ? A : A; }"	type=Ref(A)	type=Object	type=Object	changed, equal to tsc
merge rule: a conditional type merges its branches as an intersection (tsc: as a union of the two branches)	"class C { @d m(a: X extends Y ? A : A) {} }"	type=Function  paramtypes=[Ref(A)]  returntype=undefined	type=Function  paramtypes=[Object]  returntype=undefined	type=Function  paramtypes=[Object]  returntype=undefined	changed, equal to tsc
merge rule: a conditional type merges its branches as an intersection (tsc: as a union of the two branches)	"class C { @d m(): X extends Y ? A : A { throw 0 } }"	type=Function  paramtypes=[]  returntype=Ref(A)	type=Function  paramtypes=[]  returntype=Object	type=Function  paramtypes=[]  returntype=Object	changed, equal to tsc
merge rule: a conditional type merges its branches as an intersection (tsc: as a union of the two branches)	"class C { @d p: X extends Y ? A : A<B>; }"	type=Ref(A)	type=Object	type=Object	changed, equal to tsc
merge rule: a conditional type merges its branches as an intersection (tsc: as a union of the two branches)	"class C { @d m(a: X extends Y ? A : A<B>) {} }"	type=Function  paramtypes=[Ref(A)]  returntype=undefined	type=Function  paramtypes=[Object]  returntype=undefined	type=Function  paramtypes=[Object]  returntype=undefined	changed, equal to tsc
merge rule: a conditional type merges its branches as an intersection (tsc: as a union of the two branches)	"class C { @d m(): X extends Y ? A : A<B> { throw 0 } }"	type=Function  paramtypes=[]  returntype=Ref(A)	type=Function  paramtypes=[]  returntype=Object	type=Function  paramtypes=[]  returntype=Object	changed, equal to tsc
merge rule: a conditional type merges its branches as an intersection (tsc: as a union of the two branches)	"class C { @d p: X extends Y ? A : (A | null); }"	type=Ref(A)	type=Object	type=Object	changed, equal to tsc
merge rule: a conditional type merges its branches as an intersection (tsc: as a union of the two branches)	"class C { @d m(a: X extends Y ? A : (A | null)) {} }"	type=Function  paramtypes=[Ref(A)]  returntype=undefined	type=Function  paramtypes=[Object]  returntype=undefined	type=Function  paramtypes=[Object]  returntype=undefined	changed, equal to tsc
merge rule: a conditional type merges its branches as an intersection (tsc: as a union of the two branches)	"class C { @d m(): X extends Y ? A : (A | null) { throw 0 } }"	type=Function  paramtypes=[]  returntype=Ref(A)	type=Function  paramtypes=[]  returntype=Object	type=Function  paramtypes=[]  returntype=Object	changed, equal to tsc
merge rule: a conditional type merges its branches as an intersection (tsc: as a union of the two branches)	"class C { @d p: X extends Y ? B : unknown; }"	type=Ref(B)	type=Object	type=Object	changed, equal to tsc
merge rule: a conditional type merges its branches as an intersection (tsc: as a union of the two branches)	"class C { @d m(a: X extends Y ? B : unknown) {} }"	type=Function  paramtypes=[Ref(B)]  returntype=undefined	type=Function  paramtypes=[Object]  returntype=undefined	type=Function  paramtypes=[Object]  returntype=undefined	changed, equal to tsc
merge rule: a conditional type merges its branches as an intersection (tsc: as a union of the two branches)	"class C { @d m(): X extends Y ? B : unknown { throw 0 } }"	type=Function  paramtypes=[]  returntype=Ref(B)	type=Function  paramtypes=[]  returntype=Object	type=Function  paramtypes=[]  returntype=Object	changed, equal to tsc
merge rule: a conditional type merges its branches as an intersection (tsc: as a union of the two branches)	"class C { @d p: X extends Y ? B : never; }"	type=undefined	type=Object	type=Object	changed, equal to tsc
merge rule: a conditional type merges its branches as an intersection (tsc: as a union of the two branches)	"class C { @d m(a: X extends Y ? B : never) {} }"	type=Function  paramtypes=[undefined]  returntype=undefined	type=Function  paramtypes=[Object]  returntype=undefined	type=Function  paramtypes=[Object]  returntype=undefined	changed, equal to tsc
merge rule: a conditional type merges its branches as an intersection (tsc: as a union of the two branches)	"class C { @d m(): X extends Y ? B : never { throw 0 } }"	type=Function  paramtypes=[]  returntype=undefined	type=Function  paramtypes=[]  returntype=Object	type=Function  paramtypes=[]  returntype=Object	changed, equal to tsc
merge rule: a conditional type merges its branches as an intersection (tsc: as a union of the two branches)	"class C { @d p: X extends Y ? B : null; }"	type=Ref(B)	type=Object	type=Object	changed, equal to tsc
merge rule: a conditional type merges its branches as an intersection (tsc: as a union of the two branches)	"class C { @d m(a: X extends Y ? B : null) {} }"	type=Function  paramtypes=[Ref(B)]  returntype=undefined	type=Function  paramtypes=[Object]  returntype=undefined	type=Function  paramtypes=[Object]  returntype=undefined	changed, equal to tsc
merge rule: a conditional type merges its branches as an intersection (tsc: as a union of the two branches)	"class C { @d m(): X extends Y ? B : null { throw 0 } }"	type=Function  paramtypes=[]  returntype=Ref(B)	type=Function  paramtypes=[]  returntype=Object	type=Function  paramtypes=[]  returntype=Object	changed, equal to tsc
merge rule: a conditional type merges its branches as an intersection (tsc: as a union of the two branches)	"class C { @d p: X extends Y ? B : undefined; }"	type=Ref(B)	type=Object	type=Object	changed, equal to tsc
merge rule: a conditional type merges its branches as an intersection (tsc: as a union of the two branches)	"class C { @d m(a: X extends Y ? B : undefined) {} }"	type=Function  paramtypes=[Ref(B)]  returntype=undefined	type=Function  paramtypes=[Object]  returntype=undefined	type=Function  paramtypes=[Object]  returntype=undefined	changed, equal to tsc
merge rule: a conditional type merges its branches as an intersection (tsc: as a union of the two branches)	"class C { @d m(): X extends Y ? B : undefined { throw 0 } }"	type=Function  paramtypes=[]  returntype=Ref(B)	type=Function  paramtypes=[]  returntype=Object	type=Function  paramtypes=[]  returntype=Object	changed, equal to tsc
merge rule: a conditional type merges its branches as an intersection (tsc: as a union of the two branches)	"class C { @d p: X extends Y ? B : B; }"	type=Ref(B)	type=Object	type=Object	changed, equal to tsc
merge rule: a conditional type merges its branches as an intersection (tsc: as a union of the two branches)	"class C { @d m(a: X extends Y ? B : B) {} }"	type=Function  paramtypes=[Ref(B)]  returntype=undefined	type=Function  paramtypes=[Object]  returntype=undefined	type=Function  paramtypes=[Object]  returntype=undefined	changed, equal to tsc
merge rule: a conditional type merges its branches as an intersection (tsc: as a union of the two branches)	"class C { @d m(): X extends Y ? B : B { throw 0 } }"	type=Function  paramtypes=[]  returntype=Ref(B)	type=Function  paramtypes=[]  returntype=Object	type=Function  paramtypes=[]  returntype=Object	changed, equal to tsc
outside the grammar: a reference named Object (Bun decides on the name, tsc on the resolved symbol)	"class C { @d p: Object & never; }"	type=Object	type=Object	type=undefined	same, differs from tsc
outside the grammar: a reference named Object (Bun decides on the name, tsc on the resolved symbol)	"class C { @d m(a: Object & never) {} }"	type=Function  paramtypes=[Object]  returntype=undefined	type=Function  paramtypes=[Object]  returntype=undefined	type=Function  paramtypes=[undefined]  returntype=undefined	same, differs from tsc
outside the grammar: a reference named Object (Bun decides on the name, tsc on the resolved symbol)	"class C { @d m(): Object & never { throw 0 } }"	type=Function  paramtypes=[]  returntype=Object	type=Function  paramtypes=[]  returntype=Object	type=Function  paramtypes=[]  returntype=undefined	same, differs from tsc
merge rule: a conditional type merges its branches as an intersection (tsc: as a union of the two branches)	"class C { @d p: X extends Y ? \"s\" : unknown; }"	type=String	type=Object	type=Object	changed, equal to tsc
merge rule: a conditional type merges its branches as an intersection (tsc: as a union of the two branches)	"class C { @d m(a: X extends Y ? \"s\" : unknown) {} }"	type=Function  paramtypes=[String]  returntype=undefined	type=Function  paramtypes=[Object]  returntype=undefined	type=Function  paramtypes=[Object]  returntype=undefined	changed, equal to tsc
merge rule: a conditional type merges its branches as an intersection (tsc: as a union of the two branches)	"class C { @d m(): X extends Y ? \"s\" : unknown { throw 0 } }"	type=Function  paramtypes=[]  returntype=String	type=Function  paramtypes=[]  returntype=Object	type=Function  paramtypes=[]  returntype=Object	changed, equal to tsc
merge rule: a conditional type merges its branches as an intersection (tsc: as a union of the two branches)	"class C { @d p: X extends Y ? \"s\" : never; }"	type=undefined	type=String	type=String	changed, equal to tsc
merge rule: a conditional type merges its branches as an intersection (tsc: as a union of the two branches)	"class C { @d m(a: X extends Y ? \"s\" : never) {} }"	type=Function  paramtypes=[undefined]  returntype=undefined	type=Function  paramtypes=[String]  returntype=undefined	type=Function  paramtypes=[String]  returntype=undefined	changed, equal to tsc
merge rule: a conditional type merges its branches as an intersection (tsc: as a union of the two branches)	"class C { @d m(): X extends Y ? \"s\" : never { throw 0 } }"	type=Function  paramtypes=[]  returntype=undefined	type=Function  paramtypes=[]  returntype=String	type=Function  paramtypes=[]  returntype=String	changed, equal to tsc
merge rule: a conditional type merges its branches as an intersection (tsc: as a union of the two branches)	"class C { @d p: X extends Y ? 1 : unknown; }"	type=Number	type=Object	type=Object	changed, equal to tsc
merge rule: a conditional type merges its branches as an intersection (tsc: as a union of the two branches)	"class C { @d m(a: X extends Y ? 1 : unknown) {} }"	type=Function  paramtypes=[Number]  returntype=undefined	type=Function  paramtypes=[Object]  returntype=undefined	type=Function  paramtypes=[Object]  returntype=undefined	changed, equal to tsc
merge rule: a conditional type merges its branches as an intersection (tsc: as a union of the two branches)	"class C { @d m(): X extends Y ? 1 : unknown { throw 0 } }"	type=Function  paramtypes=[]  returntype=Number	type=Function  paramtypes=[]  returntype=Object	type=Function  paramtypes=[]  returntype=Object	changed, equal to tsc
merge rule: a conditional type merges its branches as an intersection (tsc: as a union of the two branches)	"class C { @d p: X extends Y ? 1 : never; }"	type=undefined	type=Number	type=Number	changed, equal to tsc
merge rule: a conditional type merges its branches as an intersection (tsc: as a union of the two branches)	"class C { @d m(a: X extends Y ? 1 : never) {} }"	type=Function  paramtypes=[undefined]  returntype=undefined	type=Function  paramtypes=[Number]  returntype=undefined	type=Function  paramtypes=[Number]  returntype=undefined	changed, equal to tsc
merge rule: a conditional type merges its branches as an intersection (tsc: as a union of the two branches)	"class C { @d m(): X extends Y ? 1 : never { throw 0 } }"	type=Function  paramtypes=[]  returntype=undefined	type=Function  paramtypes=[]  returntype=Number	type=Function  paramtypes=[]  returntype=Number	changed, equal to tsc
merge rule: a conditional type merges its branches as an intersection (tsc: as a union of the two branches)	"class C { @d p: X extends Y ? true : unknown; }"	type=Boolean	type=Object	type=Object	changed, equal to tsc
merge rule: a conditional type merges its branches as an intersection (tsc: as a union of the two branches)	"class C { @d m(a: X extends Y ? true : unknown) {} }"	type=Function  paramtypes=[Boolean]  returntype=undefined	type=Function  paramtypes=[Object]  returntype=undefined	type=Function  paramtypes=[Object]  returntype=undefined	changed, equal to tsc
merge rule: a conditional type merges its branches as an intersection (tsc: as a union of the two branches)	"class C { @d m(): X extends Y ? true : unknown { throw 0 } }"	type=Function  paramtypes=[]  returntype=Boolean	type=Function  paramtypes=[]  returntype=Object	type=Function  paramtypes=[]  returntype=Object	changed, equal to tsc
merge rule: a conditional type merges its branches as an intersection (tsc: as a union of the two branches)	"class C { @d p: X extends Y ? true : never; }"	type=undefined	type=Boolean	type=Boolean	changed, equal to tsc
merge rule: a conditional type merges its branches as an intersection (tsc: as a union of the two branches)	"class C { @d m(a: X extends Y ? true : never) {} }"	type=Function  paramtypes=[undefined]  returntype=undefined	type=Function  paramtypes=[Boolean]  returntype=undefined	type=Function  paramtypes=[Boolean]  returntype=undefined	changed, equal to tsc
merge rule: a conditional type merges its branches as an intersection (tsc: as a union of the two branches)	"class C { @d m(): X extends Y ? true : never { throw 0 } }"	type=Function  paramtypes=[]  returntype=undefined	type=Function  paramtypes=[]  returntype=Boolean	type=Function  paramtypes=[]  returntype=Boolean	changed, equal to tsc
merge rule: a conditional type merges its branches as an intersection (tsc: as a union of the two branches)	"class C { @d p: X extends Y ? A[] : unknown; }"	type=Array	type=Object	type=Object	changed, equal to tsc
merge rule: a conditional type merges its branches as an intersection (tsc: as a union of the two branches)	"class C { @d m(a: X extends Y ? A[] : unknown) {} }"	type=Function  paramtypes=[Array]  returntype=undefined	type=Function  paramtypes=[Object]  returntype=undefined	type=Function  paramtypes=[Object]  returntype=undefined	changed, equal to tsc
merge rule: a conditional type merges its branches as an intersection (tsc: as a union of the two branches)	"class C { @d m(): X extends Y ? A[] : unknown { throw 0 } }"	type=Function  paramtypes=[]  returntype=Array	type=Function  paramtypes=[]  returntype=Object	type=Function  paramtypes=[]  returntype=Object	changed, equal to tsc
merge rule: a conditional type merges its branches as an intersection (tsc: as a union of the two branches)	"class C { @d p: X extends Y ? A[] : never; }"	type=undefined	type=Array	type=Array	changed, equal to tsc
merge rule: a conditional type merges its branches as an intersection (tsc: as a union of the two branches)	"class C { @d m(a: X extends Y ? A[] : never) {} }"	type=Function  paramtypes=[undefined]  returntype=undefined	type=Function  paramtypes=[Array]  returntype=undefined	type=Function  paramtypes=[Array]  returntype=undefined	changed, equal to tsc
merge rule: a conditional type merges its branches as an intersection (tsc: as a union of the two branches)	"class C { @d m(): X extends Y ? A[] : never { throw 0 } }"	type=Function  paramtypes=[]  returntype=undefined	type=Function  paramtypes=[]  returntype=Array	type=Function  paramtypes=[]  returntype=Array	changed, equal to tsc
merge rule: a conditional type merges its branches as an intersection (tsc: as a union of the two branches)	"class C { @d p: X extends Y ? [A] : unknown; }"	type=Array	type=Object	type=Object	changed, equal to tsc
merge rule: a conditional type merges its branches as an intersection (tsc: as a union of the two branches)	"class C { @d m(a: X extends Y ? [A] : unknown) {} }"	type=Function  paramtypes=[Array]  returntype=undefined	type=Function  paramtypes=[Object]  returntype=undefined	type=Function  paramtypes=[Object]  returntype=undefined	changed, equal to tsc
merge rule: a conditional type merges its branches as an intersection (tsc: as a union of the two branches)	"class C { @d m(): X extends Y ? [A] : unknown { throw 0 } }"	type=Function  paramtypes=[]  returntype=Array	type=Function  paramtypes=[]  returntype=Object	type=Function  paramtypes=[]  returntype=Object	changed, equal to tsc
merge rule: a conditional type merges its branches as an intersection (tsc: as a union of the two branches)	"class C { @d p: X extends Y ? [A] : never; }"	type=undefined	type=Array	type=Array	changed, equal to tsc
merge rule: a conditional type merges its branches as an intersection (tsc: as a union of the two branches)	"class C { @d m(a: X extends Y ? [A] : never) {} }"	type=Function  paramtypes=[undefined]  returntype=undefined	type=Function  paramtypes=[Array]  returntype=undefined	type=Function  paramtypes=[Array]  returntype=undefined	changed, equal to tsc
merge rule: a conditional type merges its branches as an intersection (tsc: as a union of the two branches)	"class C { @d m(): X extends Y ? [A] : never { throw 0 } }"	type=Function  paramtypes=[]  returntype=undefined	type=Function  paramtypes=[]  returntype=Array	type=Function  paramtypes=[]  returntype=Array	changed, equal to tsc
merge rule: a conditional type merges its branches as an intersection (tsc: as a union of the two branches)	"class C { @d p: X extends Y ? () => void : unknown; }"	type=Function	type=Object	type=Object	changed, equal to tsc
merge rule: a conditional type merges its branches as an intersection (tsc: as a union of the two branches)	"class C { @d m(a: X extends Y ? () => void : unknown) {} }"	type=Function  paramtypes=[Function]  returntype=undefined	type=Function  paramtypes=[Object]  returntype=undefined	type=Function  paramtypes=[Object]  returntype=undefined	changed, equal to tsc
merge rule: a conditional type merges its branches as an intersection (tsc: as a union of the two branches)	"class C { @d m(): X extends Y ? () => void : unknown { throw 0 } }"	type=Function  paramtypes=[]  returntype=Function	type=Function  paramtypes=[]  returntype=Object	type=Function  paramtypes=[]  returntype=Object	changed, equal to tsc
merge rule: a conditional type merges its branches as an intersection (tsc: as a union of the two branches)	"class C { @d p: X extends Y ? () => void : never; }"	type=undefined	type=Function	type=Function	changed, equal to tsc
merge rule: a conditional type merges its branches as an intersection (tsc: as a union of the two branches)	"class C { @d m(a: X extends Y ? () => void : never) {} }"	type=Function  paramtypes=[undefined]  returntype=undefined	type=Function  paramtypes=[Function]  returntype=undefined	type=Function  paramtypes=[Function]  returntype=undefined	changed, equal to tsc
merge rule: a conditional type merges its branches as an intersection (tsc: as a union of the two branches)	"class C { @d m(): X extends Y ? () => void : never { throw 0 } }"	type=Function  paramtypes=[]  returntype=undefined	type=Function  paramtypes=[]  returntype=Function	type=Function  paramtypes=[]  returntype=Function	changed, equal to tsc
merge rule: a conditional type merges its branches as an intersection (tsc: as a union of the two branches)	"class C { @d p: X extends Y ? A.B : unknown; }"	type=Ref(A.B)	type=Object	type=Object	changed, equal to tsc
merge rule: a conditional type merges its branches as an intersection (tsc: as a union of the two branches)	"class C { @d m(a: X extends Y ? A.B : unknown) {} }"	type=Function  paramtypes=[Ref(A.B)]  returntype=undefined	type=Function  paramtypes=[Object]  returntype=undefined	type=Function  paramtypes=[Object]  returntype=undefined	changed, equal to tsc
merge rule: a conditional type merges its branches as an intersection (tsc: as a union of the two branches)	"class C { @d m(): X extends Y ? A.B : unknown { throw 0 } }"	type=Function  paramtypes=[]  returntype=Ref(A.B)	type=Function  paramtypes=[]  returntype=Object	type=Function  paramtypes=[]  returntype=Object	changed, equal to tsc
merge rule: a conditional type merges its branches as an intersection (tsc: as a union of the two branches)	"class C { @d p: X extends Y ? A.B : never; }"	type=undefined	type=Object	type=Object	changed, equal to tsc
merge rule: a conditional type merges its branches as an intersection (tsc: as a union of the two branches)	"class C { @d m(a: X extends Y ? A.B : never) {} }"	type=Function  paramtypes=[undefined]  returntype=undefined	type=Function  paramtypes=[Object]  returntype=undefined	type=Function  paramtypes=[Object]  returntype=undefined	changed, equal to tsc
merge rule: a conditional type merges its branches as an intersection (tsc: as a union of the two branches)	"class C { @d m(): X extends Y ? A.B : never { throw 0 } }"	type=Function  paramtypes=[]  returntype=undefined	type=Function  paramtypes=[]  returntype=Object	type=Function  paramtypes=[]  returntype=Object	changed, equal to tsc
merge rule: a conditional type merges its branches as an intersection (tsc: as a union of the two branches)	"class C { @d p: X extends Y ? A.B : null; }"	type=Ref(A.B)	type=Object	type=Object	changed, equal to tsc
merge rule: a conditional type merges its branches as an intersection (tsc: as a union of the two branches)	"class C { @d m(a: X extends Y ? A.B : null) {} }"	type=Function  paramtypes=[Ref(A.B)]  returntype=undefined	type=Function  paramtypes=[Object]  returntype=undefined	type=Function  paramtypes=[Object]  returntype=undefined	changed, equal to tsc
merge rule: a conditional type merges its branches as an intersection (tsc: as a union of the two branches)	"class C { @d m(): X extends Y ? A.B : null { throw 0 } }"	type=Function  paramtypes=[]  returntype=Ref(A.B)	type=Function  paramtypes=[]  returntype=Object	type=Function  paramtypes=[]  returntype=Object	changed, equal to tsc
merge rule: a conditional type merges its branches as an intersection (tsc: as a union of the two branches)	"class C { @d p: X extends Y ? A.B : undefined; }"	type=Ref(A.B)	type=Object	type=Object	changed, equal to tsc
merge rule: a conditional type merges its branches as an intersection (tsc: as a union of the two branches)	"class C { @d m(a: X extends Y ? A.B : undefined) {} }"	type=Function  paramtypes=[Ref(A.B)]  returntype=undefined	type=Function  paramtypes=[Object]  returntype=undefined	type=Function  paramtypes=[Object]  returntype=undefined	changed, equal to tsc
merge rule: a conditional type merges its branches as an intersection (tsc: as a union of the two branches)	"class C { @d m(): X extends Y ? A.B : undefined { throw 0 } }"	type=Function  paramtypes=[]  returntype=Ref(A.B)	type=Function  paramtypes=[]  returntype=Object	type=Function  paramtypes=[]  returntype=Object	changed, equal to tsc
merge rule: a conditional type merges its branches as an intersection (tsc: as a union of the two branches)	"class C { @d p: X extends Y ? A.B : A.B; }"	type=Ref(A.B)	type=Object	type=Object	changed, equal to tsc
merge rule: a conditional type merges its branches as an intersection (tsc: as a union of the two branches)	"class C { @d m(a: X extends Y ? A.B : A.B) {} }"	type=Function  paramtypes=[Ref(A.B)]  returntype=undefined	type=Function  paramtypes=[Object]  returntype=undefined	type=Function  paramtypes=[Object]  returntype=undefined	changed, equal to tsc
merge rule: a conditional type merges its branches as an intersection (tsc: as a union of the two branches)	"class C { @d m(): X extends Y ? A.B : A.B { throw 0 } }"	type=Function  paramtypes=[]  returntype=Ref(A.B)	type=Function  paramtypes=[]  returntype=Object	type=Function  paramtypes=[]  returntype=Object	changed, equal to tsc
merge rule: a conditional type merges its branches as an intersection (tsc: as a union of the two branches)	"class C { @d p: X extends Y ? A<B> : unknown; }"	type=Ref(A)	type=Object	type=Object	changed, equal to tsc
merge rule: a conditional type merges its branches as an intersection (tsc: as a union of the two branches)	"class C { @d m(a: X extends Y ? A<B> : unknown) {} }"	type=Function  paramtypes=[Ref(A)]  returntype=undefined	type=Function  paramtypes=[Object]  returntype=undefined	type=Function  paramtypes=[Object]  returntype=undefined	changed, equal to tsc
merge rule: a conditional type merges its branches as an intersection (tsc: as a union of the two branches)	"class C { @d m(): X extends Y ? A<B> : unknown { throw 0 } }"	type=Function  paramtypes=[]  returntype=Ref(A)	type=Function  paramtypes=[]  returntype=Object	type=Function  paramtypes=[]  returntype=Object	changed, equal to tsc
merge rule: a conditional type merges its branches as an intersection (tsc: as a union of the two branches)	"class C { @d p: X extends Y ? A<B> : never; }"	type=undefined	type=Object	type=Object	changed, equal to tsc
merge rule: a conditional type merges its branches as an intersection (tsc: as a union of the two branches)	"class C { @d m(a: X extends Y ? A<B> : never) {} }"	type=Function  paramtypes=[undefined]  returntype=undefined	type=Function  paramtypes=[Object]  returntype=undefined	type=Function  paramtypes=[Object]  returntype=undefined	changed, equal to tsc
merge rule: a conditional type merges its branches as an intersection (tsc: as a union of the two branches)	"class C { @d m(): X extends Y ? A<B> : never { throw 0 } }"	type=Function  paramtypes=[]  returntype=undefined	type=Function  paramtypes=[]  returntype=Object	type=Function  paramtypes=[]  returntype=Object	changed, equal to tsc
merge rule: a conditional type merges its branches as an intersection (tsc: as a union of the two branches)	"class C { @d p: X extends Y ? A<B> : null; }"	type=Ref(A)	type=Object	type=Object	changed, equal to tsc
merge rule: a conditional type merges its branches as an intersection (tsc: as a union of the two branches)	"class C { @d m(a: X extends Y ? A<B> : null) {} }"	type=Function  paramtypes=[Ref(A)]  returntype=undefined	type=Function  paramtypes=[Object]  returntype=undefined	type=Function  paramtypes=[Object]  returntype=undefined	changed, equal to tsc
merge rule: a conditional type merges its branches as an intersection (tsc: as a union of the two branches)	"class C { @d m(): X extends Y ? A<B> : null { throw 0 } }"	type=Function  paramtypes=[]  returntype=Ref(A)	type=Function  paramtypes=[]  returntype=Object	type=Function  paramtypes=[]  returntype=Object	changed, equal to tsc
merge rule: a conditional type merges its branches as an intersection (tsc: as a union of the two branches)	"class C { @d p: X extends Y ? A<B> : undefined; }"	type=Ref(A)	type=Object	type=Object	changed, equal to tsc
merge rule: a conditional type merges its branches as an intersection (tsc: as a union of the two branches)	"class C { @d m(a: X extends Y ? A<B> : undefined) {} }"	type=Function  paramtypes=[Ref(A)]  returntype=undefined	type=Function  paramtypes=[Object]  returntype=undefined	type=Function  paramtypes=[Object]  returntype=undefined	changed, equal to tsc
merge rule: a conditional type merges its branches as an intersection (tsc: as a union of the two branches)	"class C { @d m(): X extends Y ? A<B> : undefined { throw 0 } }"	type=Function  paramtypes=[]  returntype=Ref(A)	type=Function  paramtypes=[]  returntype=Object	type=Function  paramtypes=[]  returntype=Object	changed, equal to tsc
merge rule: a conditional type merges its branches as an intersection (tsc: as a union of the two branches)	"class C { @d p: X extends Y ? A<B> : A; }"	type=Ref(A)	type=Object	type=Object	changed, equal to tsc
merge rule: a conditional type merges its branches as an intersection (tsc: as a union of the two branches)	"class C { @d m(a: X extends Y ? A<B> : A) {} }"	type=Function  paramtypes=[Ref(A)]  returntype=undefined	type=Function  paramtypes=[Object]  returntype=undefined	type=Function  paramtypes=[Object]  returntype=undefined	changed, equal to tsc
merge rule: a conditional type merges its branches as an intersection (tsc: as a union of the two branches)	"class C { @d m(): X extends Y ? A<B> : A { throw 0 } }"	type=Function  paramtypes=[]  returntype=Ref(A)	type=Function  paramtypes=[]  returntype=Object	type=Function  paramtypes=[]  returntype=Object	changed, equal to tsc
merge rule: a conditional type merges its branches as an intersection (tsc: as a union of the two branches)	"class C { @d p: X extends Y ? A<B> : A<B>; }"	type=Ref(A)	type=Object	type=Object	changed, equal to tsc
merge rule: a conditional type merges its branches as an intersection (tsc: as a union of the two branches)	"class C { @d m(a: X extends Y ? A<B> : A<B>) {} }"	type=Function  paramtypes=[Ref(A)]  returntype=undefined	type=Function  paramtypes=[Object]  returntype=undefined	type=Function  paramtypes=[Object]  returntype=undefined	changed, equal to tsc
merge rule: a conditional type merges its branches as an intersection (tsc: as a union of the two branches)	"class C { @d m(): X extends Y ? A<B> : A<B> { throw 0 } }"	type=Function  paramtypes=[]  returntype=Ref(A)	type=Function  paramtypes=[]  returntype=Object	type=Function  paramtypes=[]  returntype=Object	changed, equal to tsc
merge rule: a conditional type merges its branches as an intersection (tsc: as a union of the two branches)	"class C { @d p: X extends Y ? A<B> : (A | null); }"	type=Ref(A)	type=Object	type=Object	changed, equal to tsc
merge rule: a conditional type merges its branches as an intersection (tsc: as a union of the two branches)	"class C { @d m(a: X extends Y ? A<B> : (A | null)) {} }"	type=Function  paramtypes=[Ref(A)]  returntype=undefined	type=Function  paramtypes=[Object]  returntype=undefined	type=Function  paramtypes=[Object]  returntype=undefined	changed, equal to tsc
merge rule: a conditional type merges its branches as an intersection (tsc: as a union of the two branches)	"class C { @d m(): X extends Y ? A<B> : (A | null) { throw 0 } }"	type=Function  paramtypes=[]  returntype=Ref(A)	type=Function  paramtypes=[]  returntype=Object	type=Function  paramtypes=[]  returntype=Object	changed, equal to tsc
merge rule: a conditional type merges its branches as an intersection (tsc: as a union of the two branches)	"class C { @d p: X extends Y ? `a${A}` : unknown; }"	type=String	type=Object	type=Object	changed, equal to tsc
merge rule: a conditional type merges its branches as an intersection (tsc: as a union of the two branches)	"class C { @d m(a: X extends Y ? `a${A}` : unknown) {} }"	type=Function  paramtypes=[String]  returntype=undefined	type=Function  paramtypes=[Object]  returntype=undefined	type=Function  paramtypes=[Object]  returntype=undefined	changed, equal to tsc
merge rule: a conditional type merges its branches as an intersection (tsc: as a union of the two branches)	"class C { @d m(): X extends Y ? `a${A}` : unknown { throw 0 } }"	type=Function  paramtypes=[]  returntype=String	type=Function  paramtypes=[]  returntype=Object	type=Function  paramtypes=[]  returntype=Object	changed, equal to tsc
merge rule: a conditional type merges its branches as an intersection (tsc: as a union of the two branches)	"class C { @d p: X extends Y ? `a${A}` : never; }"	type=undefined	type=String	type=String	changed, equal to tsc
merge rule: a conditional type merges its branches as an intersection (tsc: as a union of the two branches)	"class C { @d m(a: X extends Y ? `a${A}` : never) {} }"	type=Function  paramtypes=[undefined]  returntype=undefined	type=Function  paramtypes=[String]  returntype=undefined	type=Function  paramtypes=[String]  returntype=undefined	changed, equal to tsc
merge rule: a conditional type merges its branches as an intersection (tsc: as a union of the two branches)	"class C { @d m(): X extends Y ? `a${A}` : never { throw 0 } }"	type=Function  paramtypes=[]  returntype=undefined	type=Function  paramtypes=[]  returntype=String	type=Function  paramtypes=[]  returntype=String	changed, equal to tsc
merge rule: a conditional type merges its branches as an intersection (tsc: as a union of the two branches)	"class C { @d p: X extends Y ? (string) : unknown; }"	type=String	type=Object	type=Object	changed, equal to tsc
merge rule: a conditional type merges its branches as an intersection (tsc: as a union of the two branches)	"class C { @d m(a: X extends Y ? (string) : unknown) {} }"	type=Function  paramtypes=[String]  returntype=undefined	type=Function  paramtypes=[Object]  returntype=undefined	type=Function  paramtypes=[Object]  returntype=undefined	changed, equal to tsc
merge rule: a conditional type merges its branches as an intersection (tsc: as a union of the two branches)	"class C { @d m(): X extends Y ? (string) : unknown { throw 0 } }"	type=Function  paramtypes=[]  returntype=String	type=Function  paramtypes=[]  returntype=Object	type=Function  paramtypes=[]  returntype=Object	changed, equal to tsc
merge rule: a conditional type merges its branches as an intersection (tsc: as a union of the two branches)	"class C { @d p: X extends Y ? (string) : never; }"	type=undefined	type=String	type=String	changed, equal to tsc
merge rule: a conditional type merges its branches as an intersection (tsc: as a union of the two branches)	"class C { @d m(a: X extends Y ? (string) : never) {} }"	type=Function  paramtypes=[undefined]  returntype=undefined	type=Function  paramtypes=[String]  returntype=undefined	type=Function  paramtypes=[String]  returntype=undefined	changed, equal to tsc
merge rule: a conditional type merges its branches as an intersection (tsc: as a union of the two branches)	"class C { @d m(): X extends Y ? (string) : never { throw 0 } }"	type=Function  paramtypes=[]  returntype=undefined	type=Function  paramtypes=[]  returntype=String	type=Function  paramtypes=[]  returntype=String	changed, equal to tsc
merge rule: a conditional type merges its branches as an intersection (tsc: as a union of the two branches)	"class C { @d p: X extends Y ? (A | null) : unknown; }"	type=Ref(A)	type=Object	type=Object	changed, equal to tsc
merge rule: a conditional type merges its branches as an intersection (tsc: as a union of the two branches)	"class C { @d m(a: X extends Y ? (A | null) : unknown) {} }"	type=Function  paramtypes=[Ref(A)]  returntype=undefined	type=Function  paramtypes=[Object]  returntype=undefined	type=Function  paramtypes=[Object]  returntype=undefined	changed, equal to tsc
merge rule: a conditional type merges its branches as an intersection (tsc: as a union of the two branches)	"class C { @d m(): X extends Y ? (A | null) : unknown { throw 0 } }"	type=Function  paramtypes=[]  returntype=Ref(A)	type=Function  paramtypes=[]  returntype=Object	type=Function  paramtypes=[]  returntype=Object	changed, equal to tsc
merge rule: a conditional type merges its branches as an intersection (tsc: as a union of the two branches)	"class C { @d p: X extends Y ? (A | null) : never; }"	type=undefined	type=Object	type=Object	changed, equal to tsc
merge rule: a conditional type merges its branches as an intersection (tsc: as a union of the two branches)	"class C { @d m(a: X extends Y ? (A | null) : never) {} }"	type=Function  paramtypes=[undefined]  returntype=undefined	type=Function  paramtypes=[Object]  returntype=undefined	type=Function  paramtypes=[Object]  returntype=undefined	changed, equal to tsc
merge rule: a conditional type merges its branches as an intersection (tsc: as a union of the two branches)	"class C { @d m(): X extends Y ? (A | null) : never { throw 0 } }"	type=Function  paramtypes=[]  returntype=undefined	type=Function  paramtypes=[]  returntype=Object	type=Function  paramtypes=[]  returntype=Object	changed, equal to tsc
merge rule: a conditional type merges its branches as an intersection (tsc: as a union of the two branches)	"class C { @d p: X extends Y ? (A | null) : null; }"	type=Ref(A)	type=Object	type=Object	changed, equal to tsc
merge rule: a conditional type merges its branches as an intersection (tsc: as a union of the two branches)	"class C { @d m(a: X extends Y ? (A | null) : null) {} }"	type=Function  paramtypes=[Ref(A)]  returntype=undefined	type=Function  paramtypes=[Object]  returntype=undefined	type=Function  paramtypes=[Object]  returntype=undefined	changed, equal to tsc
merge rule: a conditional type merges its branches as an intersection (tsc: as a union of the two branches)	"class C { @d m(): X extends Y ? (A | null) : null { throw 0 } }"	type=Function  paramtypes=[]  returntype=Ref(A)	type=Function  paramtypes=[]  returntype=Object	type=Function  paramtypes=[]  returntype=Object	changed, equal to tsc
merge rule: a conditional type merges its branches as an intersection (tsc: as a union of the two branches)	"class C { @d p: X extends Y ? (A | null) : undefined; }"	type=Ref(A)	type=Object	type=Object	changed, equal to tsc
merge rule: a conditional type merges its branches as an intersection (tsc: as a union of the two branches)	"class C { @d m(a: X extends Y ? (A | null) : undefined) {} }"	type=Function  paramtypes=[Ref(A)]  returntype=undefined	type=Function  paramtypes=[Object]  returntype=undefined	type=Function  paramtypes=[Object]  returntype=undefined	changed, equal to tsc
merge rule: a conditional type merges its branches as an intersection (tsc: as a union of the two branches)	"class C { @d m(): X extends Y ? (A | null) : undefined { throw 0 } }"	type=Function  paramtypes=[]  returntype=Ref(A)	type=Function  paramtypes=[]  returntype=Object	type=Function  paramtypes=[]  returntype=Object	changed, equal to tsc
merge rule: a conditional type merges its branches as an intersection (tsc: as a union of the two branches)	"class C { @d p: X extends Y ? (A | null) : A; }"	type=Ref(A)	type=Object	type=Object	changed, equal to tsc
merge rule: a conditional type merges its branches as an intersection (tsc: as a union of the two branches)	"class C { @d m(a: X extends Y ? (A | null) : A) {} }"	type=Function  paramtypes=[Ref(A)]  returntype=undefined	type=Function  paramtypes=[Object]  returntype=undefined	type=Function  paramtypes=[Object]  returntype=undefined	changed, equal to tsc
merge rule: a conditional type merges its branches as an intersection (tsc: as a union of the two branches)	"class C { @d m(): X extends Y ? (A | null) : A { throw 0 } }"	type=Function  paramtypes=[]  returntype=Ref(A)	type=Function  paramtypes=[]  returntype=Object	type=Function  paramtypes=[]  returntype=Object	changed, equal to tsc
merge rule: a conditional type merges its branches as an intersection (tsc: as a union of the two branches)	"class C { @d p: X extends Y ? (A | null) : A<B>; }"	type=Ref(A)	type=Object	type=Object	changed, equal to tsc
merge rule: a conditional type merges its branches as an intersection (tsc: as a union of the two branches)	"class C { @d m(a: X extends Y ? (A | null) : A<B>) {} }"	type=Function  paramtypes=[Ref(A)]  returntype=undefined	type=Function  paramtypes=[Object]  returntype=undefined	type=Function  paramtypes=[Object]  returntype=undefined	changed, equal to tsc
merge rule: a conditional type merges its branches as an intersection (tsc: as a union of the two branches)	"class C { @d m(): X extends Y ? (A | null) : A<B> { throw 0 } }"	type=Function  paramtypes=[]  returntype=Ref(A)	type=Function  paramtypes=[]  returntype=Object	type=Function  paramtypes=[]  returntype=Object	changed, equal to tsc
merge rule: a conditional type merges its branches as an intersection (tsc: as a union of the two branches)	"class C { @d p: X extends Y ? (A | null) : (A | null); }"	type=Ref(A)	type=Object	type=Object	changed, equal to tsc
merge rule: a conditional type merges its branches as an intersection (tsc: as a union of the two branches)	"class C { @d m(a: X extends Y ? (A | null) : (A | null)) {} }"	type=Function  paramtypes=[Ref(A)]  returntype=undefined	type=Function  paramtypes=[Object]  returntype=undefined	type=Function  paramtypes=[Object]  returntype=undefined	changed, equal to tsc
merge rule: a conditional type merges its branches as an intersection (tsc: as a union of the two branches)	"class C { @d m(): X extends Y ? (A | null) : (A | null) { throw 0 } }"	type=Function  paramtypes=[]  returntype=Ref(A)	type=Function  paramtypes=[]  returntype=Object	type=Function  paramtypes=[]  returntype=Object	changed, equal to tsc
tree shape: operand of | or & swallows extends ? :	"class C { @d p: number | A extends B ? string : string; }"	type=Object	type=String	type=String	changed, equal to tsc
tree shape: operand of | or & swallows extends ? :	"class C { @d m(a: number | A extends B ? string : string) {} }"	type=Function  paramtypes=[Object]  returntype=undefined	type=Function  paramtypes=[String]  returntype=undefined	type=Function  paramtypes=[String]  returntype=undefined	changed, equal to tsc
tree shape: operand of | or & swallows extends ? :	"class C { @d m(): number | A extends B ? string : string { throw 0 } }"	type=Function  paramtypes=[]  returntype=Object	type=Function  paramtypes=[]  returntype=String	type=Function  paramtypes=[]  returntype=String	changed, equal to tsc
tree shape: operand of | or & swallows extends ? :	"class C { @d p: K | A extends B ? string : string; }"	type=Object	type=String	type=String	changed, equal to tsc
tree shape: operand of | or & swallows extends ? :	"class C { @d m(a: K | A extends B ? string : string) {} }"	type=Function  paramtypes=[Object]  returntype=undefined	type=Function  paramtypes=[String]  returntype=undefined	type=Function  paramtypes=[String]  returntype=undefined	changed, equal to tsc
tree shape: operand of | or & swallows extends ? :	"class C { @d m(): K | A extends B ? string : string { throw 0 } }"	type=Function  paramtypes=[]  returntype=Object	type=Function  paramtypes=[]  returntype=String	type=Function  paramtypes=[]  returntype=String	changed, equal to tsc
tree shape: operand of | or & swallows extends ? :	"class C { @d p: K & A extends B ? string : string; }"	type=Object	type=String	type=String	changed, equal to tsc
tree shape: operand of | or & swallows extends ? :	"class C { @d m(a: K & A extends B ? string : string) {} }"	type=Function  paramtypes=[Object]  returntype=undefined	type=Function  paramtypes=[String]  returntype=undefined	type=Function  paramtypes=[String]  returntype=undefined	changed, equal to tsc
tree shape: operand of | or & swallows extends ? :	"class C { @d m(): K & A extends B ? string : string { throw 0 } }"	type=Function  paramtypes=[]  returntype=Object	type=Function  paramtypes=[]  returntype=String	type=Function  paramtypes=[]  returntype=String	changed, equal to tsc
tree shape: operand of keyof / readonly / unique swallows extends ? :	"class C { @d p: keyof A extends B ? string : string; }"	type=Object	type=String	type=String	changed, equal to tsc
tree shape: operand of keyof / readonly / unique swallows extends ? :	"class C { @d m(a: keyof A extends B ? string : string) {} }"	type=Function  paramtypes=[Object]  returntype=undefined	type=Function  paramtypes=[String]  returntype=undefined	type=Function  paramtypes=[String]  returntype=undefined	changed, equal to tsc
tree shape: operand of keyof / readonly / unique swallows extends ? :	"class C { @d m(): keyof A extends B ? string : string { throw 0 } }"	type=Function  paramtypes=[]  returntype=Object	type=Function  paramtypes=[]  returntype=String	type=Function  paramtypes=[]  returntype=String	changed, equal to tsc
tree shape: operand of keyof / readonly / unique swallows extends ? :	"class C { @d p: readonly A[] extends B ? string : string; }"	type=Array	type=String	type=String	changed, equal to tsc
tree shape: operand of keyof / readonly / unique swallows extends ? :	"class C { @d m(a: readonly A[] extends B ? string : string) {} }"	type=Function  paramtypes=[Array]  returntype=undefined	type=Function  paramtypes=[String]  returntype=undefined	type=Function  paramtypes=[String]  returntype=undefined	changed, equal to tsc
tree shape: operand of keyof / readonly / unique swallows extends ? :	"class C { @d m(): readonly A[] extends B ? string : string { throw 0 } }"	type=Function  paramtypes=[]  returntype=Array	type=Function  paramtypes=[]  returntype=String	type=Function  paramtypes=[]  returntype=String	changed, equal to tsc
tree shape: operand of keyof / readonly / unique swallows extends ? :	"class C { @d p: readonly A[] extends B ? string : number; }"	type=Array	type=Object	type=Object	changed, equal to tsc
tree shape: operand of keyof / readonly / unique swallows extends ? :	"class C { @d m(a: readonly A[] extends B ? string : number) {} }"	type=Function  paramtypes=[Array]  returntype=undefined	type=Function  paramtypes=[Object]  returntype=undefined	type=Function  paramtypes=[Object]  returntype=undefined	changed, equal to tsc
tree shape: operand of keyof / readonly / unique swallows extends ? :	"class C { @d m(): readonly A[] extends B ? string : number { throw 0 } }"	type=Function  paramtypes=[]  returntype=Array	type=Function  paramtypes=[]  returntype=Object	type=Function  paramtypes=[]  returntype=Object	changed, equal to tsc
merge rule: a conditional type merges its branches as an intersection (tsc: as a union of the two branches)	"class C { @d p: A extends B ? string : never; }"	type=undefined	type=String	type=String	changed, equal to tsc
merge rule: a conditional type merges its branches as an intersection (tsc: as a union of the two branches)	"class C { @d m(a: A extends B ? string : never) {} }"	type=Function  paramtypes=[undefined]  returntype=undefined	type=Function  paramtypes=[String]  returntype=undefined	type=Function  paramtypes=[String]  returntype=undefined	changed, equal to tsc
merge rule: a conditional type merges its branches as an intersection (tsc: as a union of the two branches)	"class C { @d m(): A extends B ? string : never { throw 0 } }"	type=Function  paramtypes=[]  returntype=undefined	type=Function  paramtypes=[]  returntype=String	type=Function  paramtypes=[]  returntype=String	changed, equal to tsc
tree shape: operand of | or & swallows extends ? :	"class C { @d p: number | A extends B ? string : never; }"	type=Number	type=String	type=String	changed, equal to tsc
tree shape: operand of | or & swallows extends ? :	"class C { @d m(a: number | A extends B ? string : never) {} }"	type=Function  paramtypes=[Number]  returntype=undefined	type=Function  paramtypes=[String]  returntype=undefined	type=Function  paramtypes=[String]  returntype=undefined	changed, equal to tsc
tree shape: operand of | or & swallows extends ? :	"class C { @d m(): number | A extends B ? string : never { throw 0 } }"	type=Function  paramtypes=[]  returntype=Number	type=Function  paramtypes=[]  returntype=String	type=Function  paramtypes=[]  returntype=String	changed, equal to tsc
tree shape: operand of | or & swallows extends ? :	"class C { @d p: K | A extends B ? string : never; }"	type=Ref(K)	type=String	type=String	changed, equal to tsc
tree shape: operand of | or & swallows extends ? :	"class C { @d m(a: K | A extends B ? string : never) {} }"	type=Function  paramtypes=[Ref(K)]  returntype=undefined	type=Function  paramtypes=[String]  returntype=undefined	type=Function  paramtypes=[String]  returntype=undefined	changed, equal to tsc
tree shape: operand of | or & swallows extends ? :	"class C { @d m(): K | A extends B ? string : never { throw 0 } }"	type=Function  paramtypes=[]  returntype=Ref(K)	type=Function  paramtypes=[]  returntype=String	type=Function  paramtypes=[]  returntype=String	changed, equal to tsc
tree shape: operand of | or & swallows extends ? :	"class C { @d p: string & A extends B ? string : never; }"	type=undefined	type=String	type=String	changed, equal to tsc
tree shape: operand of | or & swallows extends ? :	"class C { @d m(a: string & A extends B ? string : never) {} }"	type=Function  paramtypes=[undefined]  returntype=undefined	type=Function  paramtypes=[String]  returntype=undefined	type=Function  paramtypes=[String]  returntype=undefined	changed, equal to tsc
tree shape: operand of | or & swallows extends ? :	"class C { @d m(): string & A extends B ? string : never { throw 0 } }"	type=Function  paramtypes=[]  returntype=undefined	type=Function  paramtypes=[]  returntype=String	type=Function  paramtypes=[]  returntype=String	changed, equal to tsc
tree shape: operand of | or & swallows extends ? :	"class C { @d p: K & A extends B ? string : never; }"	type=undefined	type=String	type=String	changed, equal to tsc
tree shape: operand of | or & swallows extends ? :	"class C { @d m(a: K & A extends B ? string : never) {} }"	type=Function  paramtypes=[undefined]  returntype=undefined	type=Function  paramtypes=[String]  returntype=undefined	type=Function  paramtypes=[String]  returntype=undefined	changed, equal to tsc
tree shape: operand of | or & swallows extends ? :	"class C { @d m(): K & A extends B ? string : never { throw 0 } }"	type=Function  paramtypes=[]  returntype=undefined	type=Function  paramtypes=[]  returntype=String	type=Function  paramtypes=[]  returntype=String	changed, equal to tsc
tree shape: operand of keyof / readonly / unique swallows extends ? :	"class C { @d p: keyof A extends B ? string : never; }"	type=Object	type=String	type=String	changed, equal to tsc
tree shape: operand of keyof / readonly / unique swallows extends ? :	"class C { @d m(a: keyof A extends B ? string : never) {} }"	type=Function  paramtypes=[Object]  returntype=undefined	type=Function  paramtypes=[String]  returntype=undefined	type=Function  paramtypes=[String]  returntype=undefined	changed, equal to tsc
tree shape: operand of keyof / readonly / unique swallows extends ? :	"class C { @d m(): keyof A extends B ? string : never { throw 0 } }"	type=Function  paramtypes=[]  returntype=Object	type=Function  paramtypes=[]  returntype=String	type=Function  paramtypes=[]  returntype=String	changed, equal to tsc
tree shape: operand of keyof / readonly / unique swallows extends ? :	"class C { @d p: readonly A[] extends B ? string : never; }"	type=Array	type=String	type=String	changed, equal to tsc
tree shape: operand of keyof / readonly / unique swallows extends ? :	"class C { @d m(a: readonly A[] extends B ? string : never) {} }"	type=Function  paramtypes=[Array]  returntype=undefined	type=Function  paramtypes=[String]  returntype=undefined	type=Function  paramtypes=[String]  returntype=undefined	changed, equal to tsc
tree shape: operand of keyof / readonly / unique swallows extends ? :	"class C { @d m(): readonly A[] extends B ? string : never { throw 0 } }"	type=Function  paramtypes=[]  returntype=Array	type=Function  paramtypes=[]  returntype=String	type=Function  paramtypes=[]  returntype=String	changed, equal to tsc
tree shape: operand of keyof / readonly / unique swallows extends ? :	"class C { @d p: unique symbol extends B ? string : never; }"	type=undefined	type=String	type=String	changed, equal to tsc
tree shape: operand of keyof / readonly / unique swallows extends ? :	"class C { @d m(a: unique symbol extends B ? string : never) {} }"	type=Function  paramtypes=[undefined]  returntype=undefined	type=Function  paramtypes=[String]  returntype=undefined	type=Function  paramtypes=[String]  returntype=undefined	changed, equal to tsc
tree shape: operand of keyof / readonly / unique swallows extends ? :	"class C { @d m(): unique symbol extends B ? string : never { throw 0 } }"	type=Function  paramtypes=[]  returntype=undefined	type=Function  paramtypes=[]  returntype=String	type=Function  paramtypes=[]  returntype=String	changed, equal to tsc
merge rule: a conditional type merges its branches as an intersection (tsc: as a union of the two branches)	"class C { @d p: A[] extends B ? string : never; }"	type=undefined	type=String	type=String	changed, equal to tsc
merge rule: a conditional type merges its branches as an intersection (tsc: as a union of the two branches)	"class C { @d m(a: A[] extends B ? string : never) {} }"	type=Function  paramtypes=[undefined]  returntype=undefined	type=Function  paramtypes=[String]  returntype=undefined	type=Function  paramtypes=[String]  returntype=undefined	changed, equal to tsc
merge rule: a conditional type merges its branches as an intersection (tsc: as a union of the two branches)	"class C { @d m(): A[] extends B ? string : never { throw 0 } }"	type=Function  paramtypes=[]  returntype=undefined	type=Function  paramtypes=[]  returntype=String	type=Function  paramtypes=[]  returntype=String	changed, equal to tsc
merge rule: a conditional type merges its branches as an intersection (tsc: as a union of the two branches)	"class C { @d p: typeof a extends B ? string : never; }"	type=undefined	type=String	type=String	changed, equal to tsc
merge rule: a conditional type merges its branches as an intersection (tsc: as a union of the two branches)	"class C { @d m(a: typeof a extends B ? string : never) {} }"	type=Function  paramtypes=[undefined]  returntype=undefined	type=Function  paramtypes=[String]  returntype=undefined	type=Function  paramtypes=[String]  returntype=undefined	changed, equal to tsc
merge rule: a conditional type merges its branches as an intersection (tsc: as a union of the two branches)	"class C { @d m(): typeof a extends B ? string : never { throw 0 } }"	type=Function  paramtypes=[]  returntype=undefined	type=Function  paramtypes=[]  returntype=String	type=Function  paramtypes=[]  returntype=String	changed, equal to tsc
merge rule: a conditional type merges its branches as an intersection (tsc: as a union of the two branches)	"class C { @d p: (A extends B ? string : never); }"	type=undefined	type=String	type=String	changed, equal to tsc
merge rule: a conditional type merges its branches as an intersection (tsc: as a union of the two branches)	"class C { @d m(a: (A extends B ? string : never)) {} }"	type=Function  paramtypes=[undefined]  returntype=undefined	type=Function  paramtypes=[String]  returntype=undefined	type=Function  paramtypes=[String]  returntype=undefined	changed, equal to tsc
merge rule: a conditional type merges its branches as an intersection (tsc: as a union of the two branches)	"class C { @d m(): (A extends B ? string : never) { throw 0 } }"	type=Function  paramtypes=[]  returntype=undefined	type=Function  paramtypes=[]  returntype=String	type=Function  paramtypes=[]  returntype=String	changed, equal to tsc
tree shape: level of the false branch (the metadata sink reads it at Level::BitwiseAnd)	"class C { @d p: A extends B ? string : never | number; }"	type=Number	type=Object	type=Object	changed, equal to tsc
tree shape: level of the false branch (the metadata sink reads it at Level::BitwiseAnd)	"class C { @d m(a: A extends B ? string : never | number) {} }"	type=Function  paramtypes=[Number]  returntype=undefined	type=Function  paramtypes=[Object]  returntype=undefined	type=Function  paramtypes=[Object]  returntype=undefined	changed, equal to tsc
tree shape: level of the false branch (the metadata sink reads it at Level::BitwiseAnd)	"class C { @d m(): A extends B ? string : never | number { throw 0 } }"	type=Function  paramtypes=[]  returntype=Number	type=Function  paramtypes=[]  returntype=Object	type=Function  paramtypes=[]  returntype=Object	changed, equal to tsc
tree shape: level of the false branch (the metadata sink reads it at Level::BitwiseAnd)	"class C { @d p: A extends B ? string : never | K; }"	type=Ref(K)	type=Object	type=Object	changed, equal to tsc
tree shape: level of the false branch (the metadata sink reads it at Level::BitwiseAnd)	"class C { @d m(a: A extends B ? string : never | K) {} }"	type=Function  paramtypes=[Ref(K)]  returntype=undefined	type=Function  paramtypes=[Object]  returntype=undefined	type=Function  paramtypes=[Object]  returntype=undefined	changed, equal to tsc
tree shape: level of the false branch (the metadata sink reads it at Level::BitwiseAnd)	"class C { @d m(): A extends B ? string : never | K { throw 0 } }"	type=Function  paramtypes=[]  returntype=Ref(K)	type=Function  paramtypes=[]  returntype=Object	type=Function  paramtypes=[]  returntype=Object	changed, equal to tsc
tree shape: level of the false branch (the metadata sink reads it at Level::BitwiseAnd)	"class C { @d p: A extends B ? string : never & string; }"	type=undefined	type=Object	type=Object	changed, equal to tsc
tree shape: level of the false branch (the metadata sink reads it at Level::BitwiseAnd)	"class C { @d m(a: A extends B ? string : never & string) {} }"	type=Function  paramtypes=[undefined]  returntype=undefined	type=Function  paramtypes=[Object]  returntype=undefined	type=Function  paramtypes=[Object]  returntype=undefined	changed, equal to tsc
tree shape: level of the false branch (the metadata sink reads it at Level::BitwiseAnd)	"class C { @d m(): A extends B ? string : never & string { throw 0 } }"	type=Function  paramtypes=[]  returntype=undefined	type=Function  paramtypes=[]  returntype=Object	type=Function  paramtypes=[]  returntype=Object	changed, equal to tsc
tree shape: level of the false branch (the metadata sink reads it at Level::BitwiseAnd)	"class C { @d p: A extends B ? string : never & K; }"	type=undefined	type=Object	type=Object	changed, equal to tsc
tree shape: level of the false branch (the metadata sink reads it at Level::BitwiseAnd)	"class C { @d m(a: A extends B ? string : never & K) {} }"	type=Function  paramtypes=[undefined]  returntype=undefined	type=Function  paramtypes=[Object]  returntype=undefined	type=Function  paramtypes=[Object]  returntype=undefined	changed, equal to tsc
tree shape: level of the false branch (the metadata sink reads it at Level::BitwiseAnd)	"class C { @d m(): A extends B ? string : never & K { throw 0 } }"	type=Function  paramtypes=[]  returntype=undefined	type=Function  paramtypes=[]  returntype=Object	type=Function  paramtypes=[]  returntype=Object	changed, equal to tsc
tree shape: level of the false branch (the metadata sink reads it at Level::BitwiseAnd)	"class C { @d p: A extends B ? string : never | null; }"	type=undefined	type=Object	type=Object	changed, equal to tsc
tree shape: level of the false branch (the metadata sink reads it at Level::BitwiseAnd)	"class C { @d m(a: A extends B ? string : never | null) {} }"	type=Function  paramtypes=[undefined]  returntype=undefined	type=Function  paramtypes=[Object]  returntype=undefined	type=Function  paramtypes=[Object]  returntype=undefined	changed, equal to tsc
tree shape: level of the false branch (the metadata sink reads it at Level::BitwiseAnd)	"class C { @d m(): A extends B ? string : never | null { throw 0 } }"	type=Function  paramtypes=[]  returntype=undefined	type=Function  paramtypes=[]  returntype=Object	type=Function  paramtypes=[]  returntype=Object	changed, equal to tsc
merge rule: a conditional type merges its branches as an intersection (tsc: as a union of the two branches)	"class C { @d p: A extends B ? string | string : never; }"	type=undefined	type=String	type=String	changed, equal to tsc
merge rule: a conditional type merges its branches as an intersection (tsc: as a union of the two branches)	"class C { @d m(a: A extends B ? string | string : never) {} }"	type=Function  paramtypes=[undefined]  returntype=undefined	type=Function  paramtypes=[String]  returntype=undefined	type=Function  paramtypes=[String]  returntype=undefined	changed, equal to tsc
merge rule: a conditional type merges its branches as an intersection (tsc: as a union of the two branches)	"class C { @d m(): A extends B ? string | string : never { throw 0 } }"	type=Function  paramtypes=[]  returntype=undefined	type=Function  paramtypes=[]  returntype=String	type=Function  paramtypes=[]  returntype=String	changed, equal to tsc
merge rule: a conditional type merges its branches as an intersection (tsc: as a union of the two branches)	"class C { @d p: A extends B ? string : X extends Y ? string : never; }"	type=undefined	type=String	type=String	changed, equal to tsc
merge rule: a conditional type merges its branches as an intersection (tsc: as a union of the two branches)	"class C { @d m(a: A extends B ? string : X extends Y ? string : never) {} }"	type=Function  paramtypes=[undefined]  returntype=undefined	type=Function  paramtypes=[String]  returntype=undefined	type=Function  paramtypes=[String]  returntype=undefined	changed, equal to tsc
merge rule: a conditional type merges its branches as an intersection (tsc: as a union of the two branches)	"class C { @d m(): A extends B ? string : X extends Y ? string : never { throw 0 } }"	type=Function  paramtypes=[]  returntype=undefined	type=Function  paramtypes=[]  returntype=String	type=Function  paramtypes=[]  returntype=String	changed, equal to tsc
merge rule: a conditional type merges its branches as an intersection (tsc: as a union of the two branches)	"class C { @d p: A extends B ? X extends Y ? string : never : never; }"	type=undefined	type=String	type=String	changed, equal to tsc
merge rule: a conditional type merges its branches as an intersection (tsc: as a union of the two branches)	"class C { @d m(a: A extends B ? X extends Y ? string : never : never) {} }"	type=Function  paramtypes=[undefined]  returntype=undefined	type=Function  paramtypes=[String]  returntype=undefined	type=Function  paramtypes=[String]  returntype=undefined	changed, equal to tsc
merge rule: a conditional type merges its branches as an intersection (tsc: as a union of the two branches)	"class C { @d m(): A extends B ? X extends Y ? string : never : never { throw 0 } }"	type=Function  paramtypes=[]  returntype=undefined	type=Function  paramtypes=[]  returntype=String	type=Function  paramtypes=[]  returntype=String	changed, equal to tsc
merge rule: a conditional type merges its branches as an intersection (tsc: as a union of the two branches)	"class C { @d p: A extends B ? (string) : (never); }"	type=undefined	type=String	type=String	changed, equal to tsc
merge rule: a conditional type merges its branches as an intersection (tsc: as a union of the two branches)	"class C { @d m(a: A extends B ? (string) : (never)) {} }"	type=Function  paramtypes=[undefined]  returntype=undefined	type=Function  paramtypes=[String]  returntype=undefined	type=Function  paramtypes=[String]  returntype=undefined	changed, equal to tsc
merge rule: a conditional type merges its branches as an intersection (tsc: as a union of the two branches)	"class C { @d m(): A extends B ? (string) : (never) { throw 0 } }"	type=Function  paramtypes=[]  returntype=undefined	type=Function  paramtypes=[]  returntype=String	type=Function  paramtypes=[]  returntype=String	changed, equal to tsc
merge rule: a conditional type merges its branches as an intersection (tsc: as a union of the two branches)	"class C { @d p: A extends infer U ? string : never; }"	type=undefined	type=String	type=String	changed, equal to tsc
merge rule: a conditional type merges its branches as an intersection (tsc: as a union of the two branches)	"class C { @d m(a: A extends infer U ? string : never) {} }"	type=Function  paramtypes=[undefined]  returntype=undefined	type=Function  paramtypes=[String]  returntype=undefined	type=Function  paramtypes=[String]  returntype=undefined	changed, equal to tsc
merge rule: a conditional type merges its branches as an intersection (tsc: as a union of the two branches)	"class C { @d m(): A extends infer U ? string : never { throw 0 } }"	type=Function  paramtypes=[]  returntype=undefined	type=Function  paramtypes=[]  returntype=String	type=Function  paramtypes=[]  returntype=String	changed, equal to tsc
merge rule: a conditional type merges its branches as an intersection (tsc: as a union of the two branches)	"class C { @d p: A extends infer U extends V ? string : never; }"	type=undefined	type=String	type=String	changed, equal to tsc
merge rule: a conditional type merges its branches as an intersection (tsc: as a union of the two branches)	"class C { @d m(a: A extends infer U extends V ? string : never) {} }"	type=Function  paramtypes=[undefined]  returntype=undefined	type=Function  paramtypes=[String]  returntype=undefined	type=Function  paramtypes=[String]  returntype=undefined	changed, equal to tsc
merge rule: a conditional type merges its branches as an intersection (tsc: as a union of the two branches)	"class C { @d m(): A extends infer U extends V ? string : never { throw 0 } }"	type=Function  paramtypes=[]  returntype=undefined	type=Function  paramtypes=[]  returntype=String	type=Function  paramtypes=[]  returntype=String	changed, equal to tsc
merge rule: a conditional type merges its branches as an intersection (tsc: as a union of the two branches)	"class C { @d p: (string | A) extends B ? string : never; }"	type=undefined	type=String	type=String	changed, equal to tsc
merge rule: a conditional type merges its branches as an intersection (tsc: as a union of the two branches)	"class C { @d m(a: (string | A) extends B ? string : never) {} }"	type=Function  paramtypes=[undefined]  returntype=undefined	type=Function  paramtypes=[String]  returntype=undefined	type=Function  paramtypes=[String]  returntype=undefined	changed, equal to tsc
merge rule: a conditional type merges its branches as an intersection (tsc: as a union of the two branches)	"class C { @d m(): (string | A) extends B ? string : never { throw 0 } }"	type=Function  paramtypes=[]  returntype=undefined	type=Function  paramtypes=[]  returntype=String	type=Function  paramtypes=[]  returntype=String	changed, equal to tsc
merge rule: a conditional type merges its branches as an intersection (tsc: as a union of the two branches)	"class C { @d p: A extends B ? never : string; }"	type=undefined	type=String	type=String	changed, equal to tsc
merge rule: a conditional type merges its branches as an intersection (tsc: as a union of the two branches)	"class C { @d m(a: A extends B ? never : string) {} }"	type=Function  paramtypes=[undefined]  returntype=undefined	type=Function  paramtypes=[String]  returntype=undefined	type=Function  paramtypes=[String]  returntype=undefined	changed, equal to tsc
merge rule: a conditional type merges its branches as an intersection (tsc: as a union of the two branches)	"class C { @d m(): A extends B ? never : string { throw 0 } }"	type=Function  paramtypes=[]  returntype=undefined	type=Function  paramtypes=[]  returntype=String	type=Function  paramtypes=[]  returntype=String	changed, equal to tsc
tree shape: operand of | or & swallows extends ? :	"class C { @d p: number | A extends B ? never : string; }"	type=Number	type=String	type=String	changed, equal to tsc
tree shape: operand of | or & swallows extends ? :	"class C { @d m(a: number | A extends B ? never : string) {} }"	type=Function  paramtypes=[Number]  returntype=undefined	type=Function  paramtypes=[String]  returntype=undefined	type=Function  paramtypes=[String]  returntype=undefined	changed, equal to tsc
tree shape: operand of | or & swallows extends ? :	"class C { @d m(): number | A extends B ? never : string { throw 0 } }"	type=Function  paramtypes=[]  returntype=Number	type=Function  paramtypes=[]  returntype=String	type=Function  paramtypes=[]  returntype=String	changed, equal to tsc
tree shape: operand of | or & swallows extends ? :	"class C { @d p: K | A extends B ? never : string; }"	type=Ref(K)	type=String	type=String	changed, equal to tsc
tree shape: operand of | or & swallows extends ? :	"class C { @d m(a: K | A extends B ? never : string) {} }"	type=Function  paramtypes=[Ref(K)]  returntype=undefined	type=Function  paramtypes=[String]  returntype=undefined	type=Function  paramtypes=[String]  returntype=undefined	changed, equal to tsc
tree shape: operand of | or & swallows extends ? :	"class C { @d m(): K | A extends B ? never : string { throw 0 } }"	type=Function  paramtypes=[]  returntype=Ref(K)	type=Function  paramtypes=[]  returntype=String	type=Function  paramtypes=[]  returntype=String	changed, equal to tsc
tree shape: operand of | or & swallows extends ? :	"class C { @d p: string & A extends B ? never : string; }"	type=undefined	type=String	type=String	changed, equal to tsc
tree shape: operand of | or & swallows extends ? :	"class C { @d m(a: string & A extends B ? never : string) {} }"	type=Function  paramtypes=[undefined]  returntype=undefined	type=Function  paramtypes=[String]  returntype=undefined	type=Function  paramtypes=[String]  returntype=undefined	changed, equal to tsc
tree shape: operand of | or & swallows extends ? :	"class C { @d m(): string & A extends B ? never : string { throw 0 } }"	type=Function  paramtypes=[]  returntype=undefined	type=Function  paramtypes=[]  returntype=String	type=Function  paramtypes=[]  returntype=String	changed, equal to tsc
tree shape: operand of | or & swallows extends ? :	"class C { @d p: K & A extends B ? never : string; }"	type=undefined	type=String	type=String	changed, equal to tsc
tree shape: operand of | or & swallows extends ? :	"class C { @d m(a: K & A extends B ? never : string) {} }"	type=Function  paramtypes=[undefined]  returntype=undefined	type=Function  paramtypes=[String]  returntype=undefined	type=Function  paramtypes=[String]  returntype=undefined	changed, equal to tsc
tree shape: operand of | or & swallows extends ? :	"class C { @d m(): K & A extends B ? never : string { throw 0 } }"	type=Function  paramtypes=[]  returntype=undefined	type=Function  paramtypes=[]  returntype=String	type=Function  paramtypes=[]  returntype=String	changed, equal to tsc
tree shape: operand of keyof / readonly / unique swallows extends ? :	"class C { @d p: keyof A extends B ? never : string; }"	type=Object	type=String	type=String	changed, equal to tsc
tree shape: operand of keyof / readonly / unique swallows extends ? :	"class C { @d m(a: keyof A extends B ? never : string) {} }"	type=Function  paramtypes=[Object]  returntype=undefined	type=Function  paramtypes=[String]  returntype=undefined	type=Function  paramtypes=[String]  returntype=undefined	changed, equal to tsc
tree shape: operand of keyof / readonly / unique swallows extends ? :	"class C { @d m(): keyof A extends B ? never : string { throw 0 } }"	type=Function  paramtypes=[]  returntype=Object	type=Function  paramtypes=[]  returntype=String	type=Function  paramtypes=[]  returntype=String	changed, equal to tsc
tree shape: operand of keyof / readonly / unique swallows extends ? :	"class C { @d p: readonly A[] extends B ? never : string; }"	type=Array	type=String	type=String	changed, equal to tsc
tree shape: operand of keyof / readonly / unique swallows extends ? :	"class C { @d m(a: readonly A[] extends B ? never : string) {} }"	type=Function  paramtypes=[Array]  returntype=undefined	type=Function  paramtypes=[String]  returntype=undefined	type=Function  paramtypes=[String]  returntype=undefined	changed, equal to tsc
tree shape: operand of keyof / readonly / unique swallows extends ? :	"class C { @d m(): readonly A[] extends B ? never : string { throw 0 } }"	type=Function  paramtypes=[]  returntype=Array	type=Function  paramtypes=[]  returntype=String	type=Function  paramtypes=[]  returntype=String	changed, equal to tsc
tree shape: operand of keyof / readonly / unique swallows extends ? :	"class C { @d p: unique symbol extends B ? never : string; }"	type=undefined	type=String	type=String	changed, equal to tsc
tree shape: operand of keyof / readonly / unique swallows extends ? :	"class C { @d m(a: unique symbol extends B ? never : string) {} }"	type=Function  paramtypes=[undefined]  returntype=undefined	type=Function  paramtypes=[String]  returntype=undefined	type=Function  paramtypes=[String]  returntype=undefined	changed, equal to tsc
tree shape: operand of keyof / readonly / unique swallows extends ? :	"class C { @d m(): unique symbol extends B ? never : string { throw 0 } }"	type=Function  paramtypes=[]  returntype=undefined	type=Function  paramtypes=[]  returntype=String	type=Function  paramtypes=[]  returntype=String	changed, equal to tsc
merge rule: a conditional type merges its branches as an intersection (tsc: as a union of the two branches)	"class C { @d p: A[] extends B ? never : string; }"	type=undefined	type=String	type=String	changed, equal to tsc
merge rule: a conditional type merges its branches as an intersection (tsc: as a union of the two branches)	"class C { @d m(a: A[] extends B ? never : string) {} }"	type=Function  paramtypes=[undefined]  returntype=undefined	type=Function  paramtypes=[String]  returntype=undefined	type=Function  paramtypes=[String]  returntype=undefined	changed, equal to tsc
merge rule: a conditional type merges its branches as an intersection (tsc: as a union of the two branches)	"class C { @d m(): A[] extends B ? never : string { throw 0 } }"	type=Function  paramtypes=[]  returntype=undefined	type=Function  paramtypes=[]  returntype=String	type=Function  paramtypes=[]  returntype=String	changed, equal to tsc
merge rule: a conditional type merges its branches as an intersection (tsc: as a union of the two branches)	"class C { @d p: typeof a extends B ? never : string; }"	type=undefined	type=String	type=String	changed, equal to tsc
merge rule: a conditional type merges its branches as an intersection (tsc: as a union of the two branches)	"class C { @d m(a: typeof a extends B ? never : string) {} }"	type=Function  paramtypes=[undefined]  returntype=undefined	type=Function  paramtypes=[String]  returntype=undefined	type=Function  paramtypes=[String]  returntype=undefined	changed, equal to tsc
merge rule: a conditional type merges its branches as an intersection (tsc: as a union of the two branches)	"class C { @d m(): typeof a extends B ? never : string { throw 0 } }"	type=Function  paramtypes=[]  returntype=undefined	type=Function  paramtypes=[]  returntype=String	type=Function  paramtypes=[]  returntype=String	changed, equal to tsc
merge rule: a conditional type merges its branches as an intersection (tsc: as a union of the two branches)	"class C { @d p: (A extends B ? never : string); }"	type=undefined	type=String	type=String	changed, equal to tsc
merge rule: a conditional type merges its branches as an intersection (tsc: as a union of the two branches)	"class C { @d m(a: (A extends B ? never : string)) {} }"	type=Function  paramtypes=[undefined]  returntype=undefined	type=Function  paramtypes=[String]  returntype=undefined	type=Function  paramtypes=[String]  returntype=undefined	changed, equal to tsc
merge rule: a conditional type merges its branches as an intersection (tsc: as a union of the two branches)	"class C { @d m(): (A extends B ? never : string) { throw 0 } }"	type=Function  paramtypes=[]  returntype=undefined	type=Function  paramtypes=[]  returntype=String	type=Function  paramtypes=[]  returntype=String	changed, equal to tsc
tree shape: level of the false branch (the metadata sink reads it at Level::BitwiseAnd)	"class C { @d p: A extends B ? never : string | string; }"	type=undefined	type=String	type=String	changed, equal to tsc
tree shape: level of the false branch (the metadata sink reads it at Level::BitwiseAnd)	"class C { @d m(a: A extends B ? never : string | string) {} }"	type=Function  paramtypes=[undefined]  returntype=undefined	type=Function  paramtypes=[String]  returntype=undefined	type=Function  paramtypes=[String]  returntype=undefined	changed, equal to tsc
tree shape: level of the false branch (the metadata sink reads it at Level::BitwiseAnd)	"class C { @d m(): A extends B ? never : string | string { throw 0 } }"	type=Function  paramtypes=[]  returntype=undefined	type=Function  paramtypes=[]  returntype=String	type=Function  paramtypes=[]  returntype=String	changed, equal to tsc
tree shape: level of the false branch (the metadata sink reads it at Level::BitwiseAnd)	"class C { @d p: A extends B ? never : string | number; }"	type=undefined	type=Object	type=Object	changed, equal to tsc
tree shape: level of the false branch (the metadata sink reads it at Level::BitwiseAnd)	"class C { @d m(a: A extends B ? never : string | number) {} }"	type=Function  paramtypes=[undefined]  returntype=undefined	type=Function  paramtypes=[Object]  returntype=undefined	type=Function  paramtypes=[Object]  returntype=undefined	changed, equal to tsc
tree shape: level of the false branch (the metadata sink reads it at Level::BitwiseAnd)	"class C { @d m(): A extends B ? never : string | number { throw 0 } }"	type=Function  paramtypes=[]  returntype=undefined	type=Function  paramtypes=[]  returntype=Object	type=Function  paramtypes=[]  returntype=Object	changed, equal to tsc
tree shape: level of the false branch (the metadata sink reads it at Level::BitwiseAnd)	"class C { @d p: A extends B ? never : string | K; }"	type=undefined	type=Object	type=Object	changed, equal to tsc
tree shape: level of the false branch (the metadata sink reads it at Level::BitwiseAnd)	"class C { @d m(a: A extends B ? never : string | K) {} }"	type=Function  paramtypes=[undefined]  returntype=undefined	type=Function  paramtypes=[Object]  returntype=undefined	type=Function  paramtypes=[Object]  returntype=undefined	changed, equal to tsc
tree shape: level of the false branch (the metadata sink reads it at Level::BitwiseAnd)	"class C { @d m(): A extends B ? never : string | K { throw 0 } }"	type=Function  paramtypes=[]  returntype=undefined	type=Function  paramtypes=[]  returntype=Object	type=Function  paramtypes=[]  returntype=Object	changed, equal to tsc
tree shape: level of the false branch (the metadata sink reads it at Level::BitwiseAnd)	"class C { @d p: A extends B ? never : string & string; }"	type=undefined	type=String	type=String	changed, equal to tsc
tree shape: level of the false branch (the metadata sink reads it at Level::BitwiseAnd)	"class C { @d m(a: A extends B ? never : string & string) {} }"	type=Function  paramtypes=[undefined]  returntype=undefined	type=Function  paramtypes=[String]  returntype=undefined	type=Function  paramtypes=[String]  returntype=undefined	changed, equal to tsc
tree shape: level of the false branch (the metadata sink reads it at Level::BitwiseAnd)	"class C { @d m(): A extends B ? never : string & string { throw 0 } }"	type=Function  paramtypes=[]  returntype=undefined	type=Function  paramtypes=[]  returntype=String	type=Function  paramtypes=[]  returntype=String	changed, equal to tsc
tree shape: level of the false branch (the metadata sink reads it at Level::BitwiseAnd)	"class C { @d p: A extends B ? never : string & K; }"	type=undefined	type=Object	type=Object	changed, equal to tsc
tree shape: level of the false branch (the metadata sink reads it at Level::BitwiseAnd)	"class C { @d m(a: A extends B ? never : string & K) {} }"	type=Function  paramtypes=[undefined]  returntype=undefined	type=Function  paramtypes=[Object]  returntype=undefined	type=Function  paramtypes=[Object]  returntype=undefined	changed, equal to tsc
tree shape: level of the false branch (the metadata sink reads it at Level::BitwiseAnd)	"class C { @d m(): A extends B ? never : string & K { throw 0 } }"	type=Function  paramtypes=[]  returntype=undefined	type=Function  paramtypes=[]  returntype=Object	type=Function  paramtypes=[]  returntype=Object	changed, equal to tsc
tree shape: level of the false branch (the metadata sink reads it at Level::BitwiseAnd)	"class C { @d p: A extends B ? never : string | null; }"	type=undefined	type=String	type=String	changed, equal to tsc
tree shape: level of the false branch (the metadata sink reads it at Level::BitwiseAnd)	"class C { @d m(a: A extends B ? never : string | null) {} }"	type=Function  paramtypes=[undefined]  returntype=undefined	type=Function  paramtypes=[String]  returntype=undefined	type=Function  paramtypes=[String]  returntype=undefined	changed, equal to tsc
tree shape: level of the false branch (the metadata sink reads it at Level::BitwiseAnd)	"class C { @d m(): A extends B ? never : string | null { throw 0 } }"	type=Function  paramtypes=[]  returntype=undefined	type=Function  paramtypes=[]  returntype=String	type=Function  paramtypes=[]  returntype=String	changed, equal to tsc
merge rule: a conditional type merges its branches as an intersection (tsc: as a union of the two branches)	"class C { @d p: A extends B ? never & K : string; }"	type=undefined	type=Object	type=Object	changed, equal to tsc
merge rule: a conditional type merges its branches as an intersection (tsc: as a union of the two branches)	"class C { @d m(a: A extends B ? never & K : string) {} }"	type=Function  paramtypes=[undefined]  returntype=undefined	type=Function  paramtypes=[Object]  returntype=undefined	type=Function  paramtypes=[Object]  returntype=undefined	changed, equal to tsc
merge rule: a conditional type merges its branches as an intersection (tsc: as a union of the two branches)	"class C { @d m(): A extends B ? never & K : string { throw 0 } }"	type=Function  paramtypes=[]  returntype=undefined	type=Function  paramtypes=[]  returntype=Object	type=Function  paramtypes=[]  returntype=Object	changed, equal to tsc
merge rule: a conditional type merges its branches as an intersection (tsc: as a union of the two branches)	"class C { @d p: A extends B ? never : X extends Y ? never : string; }"	type=undefined	type=String	type=String	changed, equal to tsc
merge rule: a conditional type merges its branches as an intersection (tsc: as a union of the two branches)	"class C { @d m(a: A extends B ? never : X extends Y ? never : string) {} }"	type=Function  paramtypes=[undefined]  returntype=undefined	type=Function  paramtypes=[String]  returntype=undefined	type=Function  paramtypes=[String]  returntype=undefined	changed, equal to tsc
merge rule: a conditional type merges its branches as an intersection (tsc: as a union of the two branches)	"class C { @d m(): A extends B ? never : X extends Y ? never : string { throw 0 } }"	type=Function  paramtypes=[]  returntype=undefined	type=Function  paramtypes=[]  returntype=String	type=Function  paramtypes=[]  returntype=String	changed, equal to tsc
merge rule: a conditional type merges its branches as an intersection (tsc: as a union of the two branches)	"class C { @d p: A extends B ? X extends Y ? never : string : string; }"	type=undefined	type=String	type=String	changed, equal to tsc
merge rule: a conditional type merges its branches as an intersection (tsc: as a union of the two branches)	"class C { @d m(a: A extends B ? X extends Y ? never : string : string) {} }"	type=Function  paramtypes=[undefined]  returntype=undefined	type=Function  paramtypes=[String]  returntype=undefined	type=Function  paramtypes=[String]  returntype=undefined	changed, equal to tsc
merge rule: a conditional type merges its branches as an intersection (tsc: as a union of the two branches)	"class C { @d m(): A extends B ? X extends Y ? never : string : string { throw 0 } }"	type=Function  paramtypes=[]  returntype=undefined	type=Function  paramtypes=[]  returntype=String	type=Function  paramtypes=[]  returntype=String	changed, equal to tsc
merge rule: a conditional type merges its branches as an intersection (tsc: as a union of the two branches)	"class C { @d p: A extends B ? never : string[]; }"	type=undefined	type=Array	type=Array	changed, equal to tsc
merge rule: a conditional type merges its branches as an intersection (tsc: as a union of the two branches)	"class C { @d m(a: A extends B ? never : string[]) {} }"	type=Function  paramtypes=[undefined]  returntype=undefined	type=Function  paramtypes=[Array]  returntype=undefined	type=Function  paramtypes=[Array]  returntype=undefined	changed, equal to tsc
merge rule: a conditional type merges its branches as an intersection (tsc: as a union of the two branches)	"class C { @d m(): A extends B ? never : string[] { throw 0 } }"	type=Function  paramtypes=[]  returntype=undefined	type=Function  paramtypes=[]  returntype=Array	type=Function  paramtypes=[]  returntype=Array	changed, equal to tsc
merge rule: a conditional type merges its branches as an intersection (tsc: as a union of the two branches)	"class C { @d p: A extends B ? never : keyof string; }"	type=undefined	type=Object	type=Object	changed, equal to tsc
merge rule: a conditional type merges its branches as an intersection (tsc: as a union of the two branches)	"class C { @d m(a: A extends B ? never : keyof string) {} }"	type=Function  paramtypes=[undefined]  returntype=undefined	type=Function  paramtypes=[Object]  returntype=undefined	type=Function  paramtypes=[Object]  returntype=undefined	changed, equal to tsc
merge rule: a conditional type merges its branches as an intersection (tsc: as a union of the two branches)	"class C { @d m(): A extends B ? never : keyof string { throw 0 } }"	type=Function  paramtypes=[]  returntype=undefined	type=Function  paramtypes=[]  returntype=Object	type=Function  paramtypes=[]  returntype=Object	changed, equal to tsc
merge rule: a conditional type merges its branches as an intersection (tsc: as a union of the two branches)	"class C { @d p: A extends B ? never : readonly string[]; }"	type=undefined	type=Array	type=Array	changed, equal to tsc
merge rule: a conditional type merges its branches as an intersection (tsc: as a union of the two branches)	"class C { @d m(a: A extends B ? never : readonly string[]) {} }"	type=Function  paramtypes=[undefined]  returntype=undefined	type=Function  paramtypes=[Array]  returntype=undefined	type=Function  paramtypes=[Array]  returntype=undefined	changed, equal to tsc
merge rule: a conditional type merges its branches as an intersection (tsc: as a union of the two branches)	"class C { @d m(): A extends B ? never : readonly string[] { throw 0 } }"	type=Function  paramtypes=[]  returntype=undefined	type=Function  paramtypes=[]  returntype=Array	type=Function  paramtypes=[]  returntype=Array	changed, equal to tsc
merge rule: a conditional type merges its branches as an intersection (tsc: as a union of the two branches)	"class C { @d p: A extends B ? (never) : (string); }"	type=undefined	type=String	type=String	changed, equal to tsc
merge rule: a conditional type merges its branches as an intersection (tsc: as a union of the two branches)	"class C { @d m(a: A extends B ? (never) : (string)) {} }"	type=Function  paramtypes=[undefined]  returntype=undefined	type=Function  paramtypes=[String]  returntype=undefined	type=Function  paramtypes=[String]  returntype=undefined	changed, equal to tsc
merge rule: a conditional type merges its branches as an intersection (tsc: as a union of the two branches)	"class C { @d m(): A extends B ? (never) : (string) { throw 0 } }"	type=Function  paramtypes=[]  returntype=undefined	type=Function  paramtypes=[]  returntype=String	type=Function  paramtypes=[]  returntype=String	changed, equal to tsc
merge rule: a conditional type merges its branches as an intersection (tsc: as a union of the two branches)	"class C { @d p: A extends infer U ? never : string; }"	type=undefined	type=String	type=String	changed, equal to tsc
merge rule: a conditional type merges its branches as an intersection (tsc: as a union of the two branches)	"class C { @d m(a: A extends infer U ? never : string) {} }"	type=Function  paramtypes=[undefined]  returntype=undefined	type=Function  paramtypes=[String]  returntype=undefined	type=Function  paramtypes=[String]  returntype=undefined	changed, equal to tsc
merge rule: a conditional type merges its branches as an intersection (tsc: as a union of the two branches)	"class C { @d m(): A extends infer U ? never : string { throw 0 } }"	type=Function  paramtypes=[]  returntype=undefined	type=Function  paramtypes=[]  returntype=String	type=Function  paramtypes=[]  returntype=String	changed, equal to tsc
merge rule: a conditional type merges its branches as an intersection (tsc: as a union of the two branches)	"class C { @d p: A extends infer U extends V ? never : string; }"	type=undefined	type=String	type=String	changed, equal to tsc
merge rule: a conditional type merges its branches as an intersection (tsc: as a union of the two branches)	"class C { @d m(a: A extends infer U extends V ? never : string) {} }"	type=Function  paramtypes=[undefined]  returntype=undefined	type=Function  paramtypes=[String]  returntype=undefined	type=Function  paramtypes=[String]  returntype=undefined	changed, equal to tsc
merge rule: a conditional type merges its branches as an intersection (tsc: as a union of the two branches)	"class C { @d m(): A extends infer U extends V ? never : string { throw 0 } }"	type=Function  paramtypes=[]  returntype=undefined	type=Function  paramtypes=[]  returntype=String	type=Function  paramtypes=[]  returntype=String	changed, equal to tsc
merge rule: a conditional type merges its branches as an intersection (tsc: as a union of the two branches)	"class C { @d p: (string | A) extends B ? never : string; }"	type=undefined	type=String	type=String	changed, equal to tsc
merge rule: a conditional type merges its branches as an intersection (tsc: as a union of the two branches)	"class C { @d m(a: (string | A) extends B ? never : string) {} }"	type=Function  paramtypes=[undefined]  returntype=undefined	type=Function  paramtypes=[String]  returntype=undefined	type=Function  paramtypes=[String]  returntype=undefined	changed, equal to tsc
merge rule: a conditional type merges its branches as an intersection (tsc: as a union of the two branches)	"class C { @d m(): (string | A) extends B ? never : string { throw 0 } }"	type=Function  paramtypes=[]  returntype=undefined	type=Function  paramtypes=[]  returntype=String	type=Function  paramtypes=[]  returntype=String	changed, equal to tsc
merge rule: a conditional type merges its branches as an intersection (tsc: as a union of the two branches)	"class C { @d p: A extends B ? K : K; }"	type=Ref(K)	type=Object	type=Object	changed, equal to tsc
merge rule: a conditional type merges its branches as an intersection (tsc: as a union of the two branches)	"class C { @d m(a: A extends B ? K : K) {} }"	type=Function  paramtypes=[Ref(K)]  returntype=undefined	type=Function  paramtypes=[Object]  returntype=undefined	type=Function  paramtypes=[Object]  returntype=undefined	changed, equal to tsc
merge rule: a conditional type merges its branches as an intersection (tsc: as a union of the two branches)	"class C { @d m(): A extends B ? K : K { throw 0 } }"	type=Function  paramtypes=[]  returntype=Ref(K)	type=Function  paramtypes=[]  returntype=Object	type=Function  paramtypes=[]  returntype=Object	changed, equal to tsc
tree shape: operand of | or & swallows extends ? :	"class C { @d p: K | A extends B ? K : K; }"	type=Ref(K)	type=Object	type=Object	changed, equal to tsc
tree shape: operand of | or & swallows extends ? :	"class C { @d m(a: K | A extends B ? K : K) {} }"	type=Function  paramtypes=[Ref(K)]  returntype=undefined	type=Function  paramtypes=[Object]  returntype=undefined	type=Function  paramtypes=[Object]  returntype=undefined	changed, equal to tsc
tree shape: operand of | or & swallows extends ? :	"class C { @d m(): K | A extends B ? K : K { throw 0 } }"	type=Function  paramtypes=[]  returntype=Ref(K)	type=Function  paramtypes=[]  returntype=Object	type=Function  paramtypes=[]  returntype=Object	changed, equal to tsc
tree shape: operand of | or & swallows extends ? :	"class C { @d p: K & A extends B ? K : K; }"	type=Ref(K)	type=Object	type=Object	changed, equal to tsc
tree shape: operand of | or & swallows extends ? :	"class C { @d m(a: K & A extends B ? K : K) {} }"	type=Function  paramtypes=[Ref(K)]  returntype=undefined	type=Function  paramtypes=[Object]  returntype=undefined	type=Function  paramtypes=[Object]  returntype=undefined	changed, equal to tsc
tree shape: operand of | or & swallows extends ? :	"class C { @d m(): K & A extends B ? K : K { throw 0 } }"	type=Function  paramtypes=[]  returntype=Ref(K)	type=Function  paramtypes=[]  returntype=Object	type=Function  paramtypes=[]  returntype=Object	changed, equal to tsc
tree shape: operand of keyof / readonly / unique swallows extends ? :	"class C { @d p: readonly A[] extends B ? K : K; }"	type=Array	type=Object	type=Object	changed, equal to tsc
tree shape: operand of keyof / readonly / unique swallows extends ? :	"class C { @d m(a: readonly A[] extends B ? K : K) {} }"	type=Function  paramtypes=[Array]  returntype=undefined	type=Function  paramtypes=[Object]  returntype=undefined	type=Function  paramtypes=[Object]  returntype=undefined	changed, equal to tsc
tree shape: operand of keyof / readonly / unique swallows extends ? :	"class C { @d m(): readonly A[] extends B ? K : K { throw 0 } }"	type=Function  paramtypes=[]  returntype=Array	type=Function  paramtypes=[]  returntype=Object	type=Function  paramtypes=[]  returntype=Object	changed, equal to tsc
tree shape: operand of keyof / readonly / unique swallows extends ? :	"class C { @d p: unique symbol extends B ? K : K; }"	type=Ref(K)	type=Object	type=Object	changed, equal to tsc
tree shape: operand of keyof / readonly / unique swallows extends ? :	"class C { @d m(a: unique symbol extends B ? K : K) {} }"	type=Function  paramtypes=[Ref(K)]  returntype=undefined	type=Function  paramtypes=[Object]  returntype=undefined	type=Function  paramtypes=[Object]  returntype=undefined	changed, equal to tsc
tree shape: operand of keyof / readonly / unique swallows extends ? :	"class C { @d m(): unique symbol extends B ? K : K { throw 0 } }"	type=Function  paramtypes=[]  returntype=Ref(K)	type=Function  paramtypes=[]  returntype=Object	type=Function  paramtypes=[]  returntype=Object	changed, equal to tsc
merge rule: a conditional type merges its branches as an intersection (tsc: as a union of the two branches)	"class C { @d p: A[] extends B ? K : K; }"	type=Ref(K)	type=Object	type=Object	changed, equal to tsc
merge rule: a conditional type merges its branches as an intersection (tsc: as a union of the two branches)	"class C { @d m(a: A[] extends B ? K : K) {} }"	type=Function  paramtypes=[Ref(K)]  returntype=undefined	type=Function  paramtypes=[Object]  returntype=undefined	type=Function  paramtypes=[Object]  returntype=undefined	changed, equal to tsc
merge rule: a conditional type merges its branches as an intersection (tsc: as a union of the two branches)	"class C { @d m(): A[] extends B ? K : K { throw 0 } }"	type=Function  paramtypes=[]  returntype=Ref(K)	type=Function  paramtypes=[]  returntype=Object	type=Function  paramtypes=[]  returntype=Object	changed, equal to tsc
merge rule: a conditional type merges its branches as an intersection (tsc: as a union of the two branches)	"class C { @d p: typeof a extends B ? K : K; }"	type=Ref(K)	type=Object	type=Object	changed, equal to tsc
merge rule: a conditional type merges its branches as an intersection (tsc: as a union of the two branches)	"class C { @d m(a: typeof a extends B ? K : K) {} }"	type=Function  paramtypes=[Ref(K)]  returntype=undefined	type=Function  paramtypes=[Object]  returntype=undefined	type=Function  paramtypes=[Object]  returntype=undefined	changed, equal to tsc
merge rule: a conditional type merges its branches as an intersection (tsc: as a union of the two branches)	"class C { @d m(): typeof a extends B ? K : K { throw 0 } }"	type=Function  paramtypes=[]  returntype=Ref(K)	type=Function  paramtypes=[]  returntype=Object	type=Function  paramtypes=[]  returntype=Object	changed, equal to tsc
merge rule: a conditional type merges its branches as an intersection (tsc: as a union of the two branches)	"class C { @d p: (A extends B ? K : K); }"	type=Ref(K)	type=Object	type=Object	changed, equal to tsc
merge rule: a conditional type merges its branches as an intersection (tsc: as a union of the two branches)	"class C { @d m(a: (A extends B ? K : K)) {} }"	type=Function  paramtypes=[Ref(K)]  returntype=undefined	type=Function  paramtypes=[Object]  returntype=undefined	type=Function  paramtypes=[Object]  returntype=undefined	changed, equal to tsc
merge rule: a conditional type merges its branches as an intersection (tsc: as a union of the two branches)	"class C { @d m(): (A extends B ? K : K) { throw 0 } }"	type=Function  paramtypes=[]  returntype=Ref(K)	type=Function  paramtypes=[]  returntype=Object	type=Function  paramtypes=[]  returntype=Object	changed, equal to tsc
tree shape: level of the false branch (the metadata sink reads it at Level::BitwiseAnd)	"class C { @d p: A extends B ? K : K | K; }"	type=Ref(K)	type=Object	type=Object	changed, equal to tsc
tree shape: level of the false branch (the metadata sink reads it at Level::BitwiseAnd)	"class C { @d m(a: A extends B ? K : K | K) {} }"	type=Function  paramtypes=[Ref(K)]  returntype=undefined	type=Function  paramtypes=[Object]  returntype=undefined	type=Function  paramtypes=[Object]  returntype=undefined	changed, equal to tsc
tree shape: level of the false branch (the metadata sink reads it at Level::BitwiseAnd)	"class C { @d m(): A extends B ? K : K | K { throw 0 } }"	type=Function  paramtypes=[]  returntype=Ref(K)	type=Function  paramtypes=[]  returntype=Object	type=Function  paramtypes=[]  returntype=Object	changed, equal to tsc
tree shape: level of the false branch (the metadata sink reads it at Level::BitwiseAnd)	"class C { @d p: A extends B ? K : K & K; }"	type=Ref(K)	type=Object	type=Object	changed, equal to tsc
tree shape: level of the false branch (the metadata sink reads it at Level::BitwiseAnd)	"class C { @d m(a: A extends B ? K : K & K) {} }"	type=Function  paramtypes=[Ref(K)]  returntype=undefined	type=Function  paramtypes=[Object]  returntype=undefined	type=Function  paramtypes=[Object]  returntype=undefined	changed, equal to tsc
tree shape: level of the false branch (the metadata sink reads it at Level::BitwiseAnd)	"class C { @d m(): A extends B ? K : K & K { throw 0 } }"	type=Function  paramtypes=[]  returntype=Ref(K)	type=Function  paramtypes=[]  returntype=Object	type=Function  paramtypes=[]  returntype=Object	changed, equal to tsc
tree shape: level of the false branch (the metadata sink reads it at Level::BitwiseAnd)	"class C { @d p: A extends B ? K : K | null; }"	type=Ref(K)	type=Object	type=Object	changed, equal to tsc
tree shape: level of the false branch (the metadata sink reads it at Level::BitwiseAnd)	"class C { @d m(a: A extends B ? K : K | null) {} }"	type=Function  paramtypes=[Ref(K)]  returntype=undefined	type=Function  paramtypes=[Object]  returntype=undefined	type=Function  paramtypes=[Object]  returntype=undefined	changed, equal to tsc
tree shape: level of the false branch (the metadata sink reads it at Level::BitwiseAnd)	"class C { @d m(): A extends B ? K : K | null { throw 0 } }"	type=Function  paramtypes=[]  returntype=Ref(K)	type=Function  paramtypes=[]  returntype=Object	type=Function  paramtypes=[]  returntype=Object	changed, equal to tsc
merge rule: a conditional type merges its branches as an intersection (tsc: as a union of the two branches)	"class C { @d p: A extends B ? K & K : K; }"	type=Ref(K)	type=Object	type=Object	changed, equal to tsc
merge rule: a conditional type merges its branches as an intersection (tsc: as a union of the two branches)	"class C { @d m(a: A extends B ? K & K : K) {} }"	type=Function  paramtypes=[Ref(K)]  returntype=undefined	type=Function  paramtypes=[Object]  returntype=undefined	type=Function  paramtypes=[Object]  returntype=undefined	changed, equal to tsc
merge rule: a conditional type merges its branches as an intersection (tsc: as a union of the two branches)	"class C { @d m(): A extends B ? K & K : K { throw 0 } }"	type=Function  paramtypes=[]  returntype=Ref(K)	type=Function  paramtypes=[]  returntype=Object	type=Function  paramtypes=[]  returntype=Object	changed, equal to tsc
merge rule: a conditional type merges its branches as an intersection (tsc: as a union of the two branches)	"class C { @d p: A extends B ? K : X extends Y ? K : K; }"	type=Ref(K)	type=Object	type=Object	changed, equal to tsc
merge rule: a conditional type merges its branches as an intersection (tsc: as a union of the two branches)	"class C { @d m(a: A extends B ? K : X extends Y ? K : K) {} }"	type=Function  paramtypes=[Ref(K)]  returntype=undefined	type=Function  paramtypes=[Object]  returntype=undefined	type=Function  paramtypes=[Object]  returntype=undefined	changed, equal to tsc
merge rule: a conditional type merges its branches as an intersection (tsc: as a union of the two branches)	"class C { @d m(): A extends B ? K : X extends Y ? K : K { throw 0 } }"	type=Function  paramtypes=[]  returntype=Ref(K)	type=Function  paramtypes=[]  returntype=Object	type=Function  paramtypes=[]  returntype=Object	changed, equal to tsc
merge rule: a conditional type merges its branches as an intersection (tsc: as a union of the two branches)	"class C { @d p: A extends B ? X extends Y ? K : K : K; }"	type=Ref(K)	type=Object	type=Object	changed, equal to tsc
merge rule: a conditional type merges its branches as an intersection (tsc: as a union of the two branches)	"class C { @d m(a: A extends B ? X extends Y ? K : K : K) {} }"	type=Function  paramtypes=[Ref(K)]  returntype=undefined	type=Function  paramtypes=[Object]  returntype=undefined	type=Function  paramtypes=[Object]  returntype=undefined	changed, equal to tsc
merge rule: a conditional type merges its branches as an intersection (tsc: as a union of the two branches)	"class C { @d m(): A extends B ? X extends Y ? K : K : K { throw 0 } }"	type=Function  paramtypes=[]  returntype=Ref(K)	type=Function  paramtypes=[]  returntype=Object	type=Function  paramtypes=[]  returntype=Object	changed, equal to tsc
merge rule: a conditional type merges its branches as an intersection (tsc: as a union of the two branches)	"class C { @d p: A extends B ? (K) : (K); }"	type=Ref(K)	type=Object	type=Object	changed, equal to tsc
merge rule: a conditional type merges its branches as an intersection (tsc: as a union of the two branches)	"class C { @d m(a: A extends B ? (K) : (K)) {} }"	type=Function  paramtypes=[Ref(K)]  returntype=undefined	type=Function  paramtypes=[Object]  returntype=undefined	type=Function  paramtypes=[Object]  returntype=undefined	changed, equal to tsc
merge rule: a conditional type merges its branches as an intersection (tsc: as a union of the two branches)	"class C { @d m(): A extends B ? (K) : (K) { throw 0 } }"	type=Function  paramtypes=[]  returntype=Ref(K)	type=Function  paramtypes=[]  returntype=Object	type=Function  paramtypes=[]  returntype=Object	changed, equal to tsc
merge rule: a conditional type merges its branches as an intersection (tsc: as a union of the two branches)	"class C { @d p: A extends infer U ? K : K; }"	type=Ref(K)	type=Object	type=Object	changed, equal to tsc
merge rule: a conditional type merges its branches as an intersection (tsc: as a union of the two branches)	"class C { @d m(a: A extends infer U ? K : K) {} }"	type=Function  paramtypes=[Ref(K)]  returntype=undefined	type=Function  paramtypes=[Object]  returntype=undefined	type=Function  paramtypes=[Object]  returntype=undefined	changed, equal to tsc
merge rule: a conditional type merges its branches as an intersection (tsc: as a union of the two branches)	"class C { @d m(): A extends infer U ? K : K { throw 0 } }"	type=Function  paramtypes=[]  returntype=Ref(K)	type=Function  paramtypes=[]  returntype=Object	type=Function  paramtypes=[]  returntype=Object	changed, equal to tsc
merge rule: a conditional type merges its branches as an intersection (tsc: as a union of the two branches)	"class C { @d p: A extends infer U extends V ? K : K; }"	type=Ref(K)	type=Object	type=Object	changed, equal to tsc
merge rule: a conditional type merges its branches as an intersection (tsc: as a union of the two branches)	"class C { @d m(a: A extends infer U extends V ? K : K) {} }"	type=Function  paramtypes=[Ref(K)]  returntype=undefined	type=Function  paramtypes=[Object]  returntype=undefined	type=Function  paramtypes=[Object]  returntype=undefined	changed, equal to tsc
merge rule: a conditional type merges its branches as an intersection (tsc: as a union of the two branches)	"class C { @d m(): A extends infer U extends V ? K : K { throw 0 } }"	type=Function  paramtypes=[]  returntype=Ref(K)	type=Function  paramtypes=[]  returntype=Object	type=Function  paramtypes=[]  returntype=Object	changed, equal to tsc
merge rule: a conditional type merges its branches as an intersection (tsc: as a union of the two branches)	"class C { @d p: (string | A) extends B ? K : K; }"	type=Ref(K)	type=Object	type=Object	changed, equal to tsc
merge rule: a conditional type merges its branches as an intersection (tsc: as a union of the two branches)	"class C { @d m(a: (string | A) extends B ? K : K) {} }"	type=Function  paramtypes=[Ref(K)]  returntype=undefined	type=Function  paramtypes=[Object]  returntype=undefined	type=Function  paramtypes=[Object]  returntype=undefined	changed, equal to tsc
merge rule: a conditional type merges its branches as an intersection (tsc: as a union of the two branches)	"class C { @d m(): (string | A) extends B ? K : K { throw 0 } }"	type=Function  paramtypes=[]  returntype=Ref(K)	type=Function  paramtypes=[]  returntype=Object	type=Function  paramtypes=[]  returntype=Object	changed, equal to tsc
tree shape: operand of keyof / readonly / unique swallows extends ? :	"class C { @d p: readonly A[] extends B ? K : L; }"	type=Array	type=Object	type=Object	changed, equal to tsc
tree shape: operand of keyof / readonly / unique swallows extends ? :	"class C { @d m(a: readonly A[] extends B ? K : L) {} }"	type=Function  paramtypes=[Array]  returntype=undefined	type=Function  paramtypes=[Object]  returntype=undefined	type=Function  paramtypes=[Object]  returntype=undefined	changed, equal to tsc
tree shape: operand of keyof / readonly / unique swallows extends ? :	"class C { @d m(): readonly A[] extends B ? K : L { throw 0 } }"	type=Function  paramtypes=[]  returntype=Array	type=Function  paramtypes=[]  returntype=Object	type=Function  paramtypes=[]  returntype=Object	changed, equal to tsc
merge rule: a conditional type merges its branches as an intersection (tsc: as a union of the two branches)	"class C { @d p: A extends B ? K : null; }"	type=Ref(K)	type=Object	type=Object	changed, equal to tsc
merge rule: a conditional type merges its branches as an intersection (tsc: as a union of the two branches)	"class C { @d m(a: A extends B ? K : null) {} }"	type=Function  paramtypes=[Ref(K)]  returntype=undefined	type=Function  paramtypes=[Object]  returntype=undefined	type=Function  paramtypes=[Object]  returntype=undefined	changed, equal to tsc
merge rule: a conditional type merges its branches as an intersection (tsc: as a union of the two branches)	"class C { @d m(): A extends B ? K : null { throw 0 } }"	type=Function  paramtypes=[]  returntype=Ref(K)	type=Function  paramtypes=[]  returntype=Object	type=Function  paramtypes=[]  returntype=Object	changed, equal to tsc
tree shape: operand of | or & swallows extends ? :	"class C { @d p: K | A extends B ? K : null; }"	type=Ref(K)	type=Object	type=Object	changed, equal to tsc
tree shape: operand of | or & swallows extends ? :	"class C { @d m(a: K | A extends B ? K : null) {} }"	type=Function  paramtypes=[Ref(K)]  returntype=undefined	type=Function  paramtypes=[Object]  returntype=undefined	type=Function  paramtypes=[Object]  returntype=undefined	changed, equal to tsc
tree shape: operand of | or & swallows extends ? :	"class C { @d m(): K | A extends B ? K : null { throw 0 } }"	type=Function  paramtypes=[]  returntype=Ref(K)	type=Function  paramtypes=[]  returntype=Object	type=Function  paramtypes=[]  returntype=Object	changed, equal to tsc
tree shape: operand of | or & swallows extends ? :	"class C { @d p: K & A extends B ? K : null; }"	type=Ref(K)	type=Object	type=Object	changed, equal to tsc
tree shape: operand of | or & swallows extends ? :	"class C { @d m(a: K & A extends B ? K : null) {} }"	type=Function  paramtypes=[Ref(K)]  returntype=undefined	type=Function  paramtypes=[Object]  returntype=undefined	type=Function  paramtypes=[Object]  returntype=undefined	changed, equal to tsc
tree shape: operand of | or & swallows extends ? :	"class C { @d m(): K & A extends B ? K : null { throw 0 } }"	type=Function  paramtypes=[]  returntype=Ref(K)	type=Function  paramtypes=[]  returntype=Object	type=Function  paramtypes=[]  returntype=Object	changed, equal to tsc
tree shape: operand of keyof / readonly / unique swallows extends ? :	"class C { @d p: readonly A[] extends B ? K : null; }"	type=Array	type=Object	type=Object	changed, equal to tsc
tree shape: operand of keyof / readonly / unique swallows extends ? :	"class C { @d m(a: readonly A[] extends B ? K : null) {} }"	type=Function  paramtypes=[Array]  returntype=undefined	type=Function  paramtypes=[Object]  returntype=undefined	type=Function  paramtypes=[Object]  returntype=undefined	changed, equal to tsc
tree shape: operand of keyof / readonly / unique swallows extends ? :	"class C { @d m(): readonly A[] extends B ? K : null { throw 0 } }"	type=Function  paramtypes=[]  returntype=Array	type=Function  paramtypes=[]  returntype=Object	type=Function  paramtypes=[]  returntype=Object	changed, equal to tsc
tree shape: operand of keyof / readonly / unique swallows extends ? :	"class C { @d p: unique symbol extends B ? K : null; }"	type=Ref(K)	type=Object	type=Object	changed, equal to tsc
tree shape: operand of keyof / readonly / unique swallows extends ? :	"class C { @d m(a: unique symbol extends B ? K : null) {} }"	type=Function  paramtypes=[Ref(K)]  returntype=undefined	type=Function  paramtypes=[Object]  returntype=undefined	type=Function  paramtypes=[Object]  returntype=undefined	changed, equal to tsc
tree shape: operand of keyof / readonly / unique swallows extends ? :	"class C { @d m(): unique symbol extends B ? K : null { throw 0 } }"	type=Function  paramtypes=[]  returntype=Ref(K)	type=Function  paramtypes=[]  returntype=Object	type=Function  paramtypes=[]  returntype=Object	changed, equal to tsc
merge rule: a conditional type merges its branches as an intersection (tsc: as a union of the two branches)	"class C { @d p: A[] extends B ? K : null; }"	type=Ref(K)	type=Object	type=Object	changed, equal to tsc
merge rule: a conditional type merges its branches as an intersection (tsc: as a union of the two branches)	"class C { @d m(a: A[] extends B ? K : null) {} }"	type=Function  paramtypes=[Ref(K)]  returntype=undefined	type=Function  paramtypes=[Object]  returntype=undefined	type=Function  paramtypes=[Object]  returntype=undefined	changed, equal to tsc
merge rule: a conditional type merges its branches as an intersection (tsc: as a union of the two branches)	"class C { @d m(): A[] extends B ? K : null { throw 0 } }"	type=Function  paramtypes=[]  returntype=Ref(K)	type=Function  paramtypes=[]  returntype=Object	type=Function  paramtypes=[]  returntype=Object	changed, equal to tsc
merge rule: a conditional type merges its branches as an intersection (tsc: as a union of the two branches)	"class C { @d p: typeof a extends B ? K : null; }"	type=Ref(K)	type=Object	type=Object	changed, equal to tsc
merge rule: a conditional type merges its branches as an intersection (tsc: as a union of the two branches)	"class C { @d m(a: typeof a extends B ? K : null) {} }"	type=Function  paramtypes=[Ref(K)]  returntype=undefined	type=Function  paramtypes=[Object]  returntype=undefined	type=Function  paramtypes=[Object]  returntype=undefined	changed, equal to tsc
merge rule: a conditional type merges its branches as an intersection (tsc: as a union of the two branches)	"class C { @d m(): typeof a extends B ? K : null { throw 0 } }"	type=Function  paramtypes=[]  returntype=Ref(K)	type=Function  paramtypes=[]  returntype=Object	type=Function  paramtypes=[]  returntype=Object	changed, equal to tsc
merge rule: a conditional type merges its branches as an intersection (tsc: as a union of the two branches)	"class C { @d p: (A extends B ? K : null); }"	type=Ref(K)	type=Object	type=Object	changed, equal to tsc
merge rule: a conditional type merges its branches as an intersection (tsc: as a union of the two branches)	"class C { @d m(a: (A extends B ? K : null)) {} }"	type=Function  paramtypes=[Ref(K)]  returntype=undefined	type=Function  paramtypes=[Object]  returntype=undefined	type=Function  paramtypes=[Object]  returntype=undefined	changed, equal to tsc
merge rule: a conditional type merges its branches as an intersection (tsc: as a union of the two branches)	"class C { @d m(): (A extends B ? K : null) { throw 0 } }"	type=Function  paramtypes=[]  returntype=Ref(K)	type=Function  paramtypes=[]  returntype=Object	type=Function  paramtypes=[]  returntype=Object	changed, equal to tsc
tree shape: level of the false branch (the metadata sink reads it at Level::BitwiseAnd)	"class C { @d p: A extends B ? K : null | K; }"	type=Ref(K)	type=Object	type=Object	changed, equal to tsc
tree shape: level of the false branch (the metadata sink reads it at Level::BitwiseAnd)	"class C { @d m(a: A extends B ? K : null | K) {} }"	type=Function  paramtypes=[Ref(K)]  returntype=undefined	type=Function  paramtypes=[Object]  returntype=undefined	type=Function  paramtypes=[Object]  returntype=undefined	changed, equal to tsc
tree shape: level of the false branch (the metadata sink reads it at Level::BitwiseAnd)	"class C { @d m(): A extends B ? K : null | K { throw 0 } }"	type=Function  paramtypes=[]  returntype=Ref(K)	type=Function  paramtypes=[]  returntype=Object	type=Function  paramtypes=[]  returntype=Object	changed, equal to tsc
tree shape: level of the false branch (the metadata sink reads it at Level::BitwiseAnd)	"class C { @d p: A extends B ? K : null & K; }"	type=Ref(K)	type=Object	type=Object	changed, equal to tsc
tree shape: level of the false branch (the metadata sink reads it at Level::BitwiseAnd)	"class C { @d m(a: A extends B ? K : null & K) {} }"	type=Function  paramtypes=[Ref(K)]  returntype=undefined	type=Function  paramtypes=[Object]  returntype=undefined	type=Function  paramtypes=[Object]  returntype=undefined	changed, equal to tsc
tree shape: level of the false branch (the metadata sink reads it at Level::BitwiseAnd)	"class C { @d m(): A extends B ? K : null & K { throw 0 } }"	type=Function  paramtypes=[]  returntype=Ref(K)	type=Function  paramtypes=[]  returntype=Object	type=Function  paramtypes=[]  returntype=Object	changed, equal to tsc
tree shape: level of the false branch (the metadata sink reads it at Level::BitwiseAnd)	"class C { @d p: A extends B ? K : null | null; }"	type=Ref(K)	type=Object	type=Object	changed, equal to tsc
tree shape: level of the false branch (the metadata sink reads it at Level::BitwiseAnd)	"class C { @d m(a: A extends B ? K : null | null) {} }"	type=Function  paramtypes=[Ref(K)]  returntype=undefined	type=Function  paramtypes=[Object]  returntype=undefined	type=Function  paramtypes=[Object]  returntype=undefined	changed, equal to tsc
tree shape: level of the false branch (the metadata sink reads it at Level::BitwiseAnd)	"class C { @d m(): A extends B ? K : null | null { throw 0 } }"	type=Function  paramtypes=[]  returntype=Ref(K)	type=Function  paramtypes=[]  returntype=Object	type=Function  paramtypes=[]  returntype=Object	changed, equal to tsc
merge rule: a conditional type merges its branches as an intersection (tsc: as a union of the two branches)	"class C { @d p: A extends B ? K & K : null; }"	type=Ref(K)	type=Object	type=Object	changed, equal to tsc
merge rule: a conditional type merges its branches as an intersection (tsc: as a union of the two branches)	"class C { @d m(a: A extends B ? K & K : null) {} }"	type=Function  paramtypes=[Ref(K)]  returntype=undefined	type=Function  paramtypes=[Object]  returntype=undefined	type=Function  paramtypes=[Object]  returntype=undefined	changed, equal to tsc
merge rule: a conditional type merges its branches as an intersection (tsc: as a union of the two branches)	"class C { @d m(): A extends B ? K & K : null { throw 0 } }"	type=Function  paramtypes=[]  returntype=Ref(K)	type=Function  paramtypes=[]  returntype=Object	type=Function  paramtypes=[]  returntype=Object	changed, equal to tsc
merge rule: a conditional type merges its branches as an intersection (tsc: as a union of the two branches)	"class C { @d p: A extends B ? K : X extends Y ? K : null; }"	type=Ref(K)	type=Object	type=Object	changed, equal to tsc
merge rule: a conditional type merges its branches as an intersection (tsc: as a union of the two branches)	"class C { @d m(a: A extends B ? K : X extends Y ? K : null) {} }"	type=Function  paramtypes=[Ref(K)]  returntype=undefined	type=Function  paramtypes=[Object]  returntype=undefined	type=Function  paramtypes=[Object]  returntype=undefined	changed, equal to tsc
merge rule: a conditional type merges its branches as an intersection (tsc: as a union of the two branches)	"class C { @d m(): A extends B ? K : X extends Y ? K : null { throw 0 } }"	type=Function  paramtypes=[]  returntype=Ref(K)	type=Function  paramtypes=[]  returntype=Object	type=Function  paramtypes=[]  returntype=Object	changed, equal to tsc
merge rule: a conditional type merges its branches as an intersection (tsc: as a union of the two branches)	"class C { @d p: A extends B ? X extends Y ? K : null : null; }"	type=Ref(K)	type=Object	type=Object	changed, equal to tsc
merge rule: a conditional type merges its branches as an intersection (tsc: as a union of the two branches)	"class C { @d m(a: A extends B ? X extends Y ? K : null : null) {} }"	type=Function  paramtypes=[Ref(K)]  returntype=undefined	type=Function  paramtypes=[Object]  returntype=undefined	type=Function  paramtypes=[Object]  returntype=undefined	changed, equal to tsc
merge rule: a conditional type merges its branches as an intersection (tsc: as a union of the two branches)	"class C { @d m(): A extends B ? X extends Y ? K : null : null { throw 0 } }"	type=Function  paramtypes=[]  returntype=Ref(K)	type=Function  paramtypes=[]  returntype=Object	type=Function  paramtypes=[]  returntype=Object	changed, equal to tsc
merge rule: a conditional type merges its branches as an intersection (tsc: as a union of the two branches)	"class C { @d p: A extends B ? (K) : (null); }"	type=Ref(K)	type=Object	type=Object	changed, equal to tsc
merge rule: a conditional type merges its branches as an intersection (tsc: as a union of the two branches)	"class C { @d m(a: A extends B ? (K) : (null)) {} }"	type=Function  paramtypes=[Ref(K)]  returntype=undefined	type=Function  paramtypes=[Object]  returntype=undefined	type=Function  paramtypes=[Object]  returntype=undefined	changed, equal to tsc
merge rule: a conditional type merges its branches as an intersection (tsc: as a union of the two branches)	"class C { @d m(): A extends B ? (K) : (null) { throw 0 } }"	type=Function  paramtypes=[]  returntype=Ref(K)	type=Function  paramtypes=[]  returntype=Object	type=Function  paramtypes=[]  returntype=Object	changed, equal to tsc
merge rule: a conditional type merges its branches as an intersection (tsc: as a union of the two branches)	"class C { @d p: A extends infer U ? K : null; }"	type=Ref(K)	type=Object	type=Object	changed, equal to tsc
merge rule: a conditional type merges its branches as an intersection (tsc: as a union of the two branches)	"class C { @d m(a: A extends infer U ? K : null) {} }"	type=Function  paramtypes=[Ref(K)]  returntype=undefined	type=Function  paramtypes=[Object]  returntype=undefined	type=Function  paramtypes=[Object]  returntype=undefined	changed, equal to tsc
merge rule: a conditional type merges its branches as an intersection (tsc: as a union of the two branches)	"class C { @d m(): A extends infer U ? K : null { throw 0 } }"	type=Function  paramtypes=[]  returntype=Ref(K)	type=Function  paramtypes=[]  returntype=Object	type=Function  paramtypes=[]  returntype=Object	changed, equal to tsc
merge rule: a conditional type merges its branches as an intersection (tsc: as a union of the two branches)	"class C { @d p: A extends infer U extends V ? K : null; }"	type=Ref(K)	type=Object	type=Object	changed, equal to tsc
merge rule: a conditional type merges its branches as an intersection (tsc: as a union of the two branches)	"class C { @d m(a: A extends infer U extends V ? K : null) {} }"	type=Function  paramtypes=[Ref(K)]  returntype=undefined	type=Function  paramtypes=[Object]  returntype=undefined	type=Function  paramtypes=[Object]  returntype=undefined	changed, equal to tsc
merge rule: a conditional type merges its branches as an intersection (tsc: as a union of the two branches)	"class C { @d m(): A extends infer U extends V ? K : null { throw 0 } }"	type=Function  paramtypes=[]  returntype=Ref(K)	type=Function  paramtypes=[]  returntype=Object	type=Function  paramtypes=[]  returntype=Object	changed, equal to tsc
merge rule: a conditional type merges its branches as an intersection (tsc: as a union of the two branches)	"class C { @d p: (string | A) extends B ? K : null; }"	type=Ref(K)	type=Object	type=Object	changed, equal to tsc
merge rule: a conditional type merges its branches as an intersection (tsc: as a union of the two branches)	"class C { @d m(a: (string | A) extends B ? K : null) {} }"	type=Function  paramtypes=[Ref(K)]  returntype=undefined	type=Function  paramtypes=[Object]  returntype=undefined	type=Function  paramtypes=[Object]  returntype=undefined	changed, equal to tsc
merge rule: a conditional type merges its branches as an intersection (tsc: as a union of the two branches)	"class C { @d m(): (string | A) extends B ? K : null { throw 0 } }"	type=Function  paramtypes=[]  returntype=Ref(K)	type=Function  paramtypes=[]  returntype=Object	type=Function  paramtypes=[]  returntype=Object	changed, equal to tsc
merge rule: a conditional type merges its branches as an intersection (tsc: as a union of the two branches)	"class C { @d p: A extends B ? null : K; }"	type=Ref(K)	type=Object	type=Object	changed, equal to tsc
merge rule: a conditional type merges its branches as an intersection (tsc: as a union of the two branches)	"class C { @d m(a: A extends B ? null : K) {} }"	type=Function  paramtypes=[Ref(K)]  returntype=undefined	type=Function  paramtypes=[Object]  returntype=undefined	type=Function  paramtypes=[Object]  returntype=undefined	changed, equal to tsc
merge rule: a conditional type merges its branches as an intersection (tsc: as a union of the two branches)	"class C { @d m(): A extends B ? null : K { throw 0 } }"	type=Function  paramtypes=[]  returntype=Ref(K)	type=Function  paramtypes=[]  returntype=Object	type=Function  paramtypes=[]  returntype=Object	changed, equal to tsc
tree shape: operand of | or & swallows extends ? :	"class C { @d p: K | A extends B ? null : K; }"	type=Ref(K)	type=Object	type=Object	changed, equal to tsc
tree shape: operand of | or & swallows extends ? :	"class C { @d m(a: K | A extends B ? null : K) {} }"	type=Function  paramtypes=[Ref(K)]  returntype=undefined	type=Function  paramtypes=[Object]  returntype=undefined	type=Function  paramtypes=[Object]  returntype=undefined	changed, equal to tsc
tree shape: operand of | or & swallows extends ? :	"class C { @d m(): K | A extends B ? null : K { throw 0 } }"	type=Function  paramtypes=[]  returntype=Ref(K)	type=Function  paramtypes=[]  returntype=Object	type=Function  paramtypes=[]  returntype=Object	changed, equal to tsc
tree shape: operand of | or & swallows extends ? :	"class C { @d p: K & A extends B ? null : K; }"	type=Ref(K)	type=Object	type=Object	changed, equal to tsc
tree shape: operand of | or & swallows extends ? :	"class C { @d m(a: K & A extends B ? null : K) {} }"	type=Function  paramtypes=[Ref(K)]  returntype=undefined	type=Function  paramtypes=[Object]  returntype=undefined	type=Function  paramtypes=[Object]  returntype=undefined	changed, equal to tsc
tree shape: operand of | or & swallows extends ? :	"class C { @d m(): K & A extends B ? null : K { throw 0 } }"	type=Function  paramtypes=[]  returntype=Ref(K)	type=Function  paramtypes=[]  returntype=Object	type=Function  paramtypes=[]  returntype=Object	changed, equal to tsc
tree shape: operand of keyof / readonly / unique swallows extends ? :	"class C { @d p: readonly A[] extends B ? null : K; }"	type=Array	type=Object	type=Object	changed, equal to tsc
tree shape: operand of keyof / readonly / unique swallows extends ? :	"class C { @d m(a: readonly A[] extends B ? null : K) {} }"	type=Function  paramtypes=[Array]  returntype=undefined	type=Function  paramtypes=[Object]  returntype=undefined	type=Function  paramtypes=[Object]  returntype=undefined	changed, equal to tsc
tree shape: operand of keyof / readonly / unique swallows extends ? :	"class C { @d m(): readonly A[] extends B ? null : K { throw 0 } }"	type=Function  paramtypes=[]  returntype=Array	type=Function  paramtypes=[]  returntype=Object	type=Function  paramtypes=[]  returntype=Object	changed, equal to tsc
tree shape: operand of keyof / readonly / unique swallows extends ? :	"class C { @d p: unique symbol extends B ? null : K; }"	type=Ref(K)	type=Object	type=Object	changed, equal to tsc
tree shape: operand of keyof / readonly / unique swallows extends ? :	"class C { @d m(a: unique symbol extends B ? null : K) {} }"	type=Function  paramtypes=[Ref(K)]  returntype=undefined	type=Function  paramtypes=[Object]  returntype=undefined	type=Function  paramtypes=[Object]  returntype=undefined	changed, equal to tsc
tree shape: operand of keyof / readonly / unique swallows extends ? :	"class C { @d m(): unique symbol extends B ? null : K { throw 0 } }"	type=Function  paramtypes=[]  returntype=Ref(K)	type=Function  paramtypes=[]  returntype=Object	type=Function  paramtypes=[]  returntype=Object	changed, equal to tsc
merge rule: a conditional type merges its branches as an intersection (tsc: as a union of the two branches)	"class C { @d p: A[] extends B ? null : K; }"	type=Ref(K)	type=Object	type=Object	changed, equal to tsc
merge rule: a conditional type merges its branches as an intersection (tsc: as a union of the two branches)	"class C { @d m(a: A[] extends B ? null : K) {} }"	type=Function  paramtypes=[Ref(K)]  returntype=undefined	type=Function  paramtypes=[Object]  returntype=undefined	type=Function  paramtypes=[Object]  returntype=undefined	changed, equal to tsc
merge rule: a conditional type merges its branches as an intersection (tsc: as a union of the two branches)	"class C { @d m(): A[] extends B ? null : K { throw 0 } }"	type=Function  paramtypes=[]  returntype=Ref(K)	type=Function  paramtypes=[]  returntype=Object	type=Function  paramtypes=[]  returntype=Object	changed, equal to tsc
merge rule: a conditional type merges its branches as an intersection (tsc: as a union of the two branches)	"class C { @d p: typeof a extends B ? null : K; }"	type=Ref(K)	type=Object	type=Object	changed, equal to tsc
merge rule: a conditional type merges its branches as an intersection (tsc: as a union of the two branches)	"class C { @d m(a: typeof a extends B ? null : K) {} }"	type=Function  paramtypes=[Ref(K)]  returntype=undefined	type=Function  paramtypes=[Object]  returntype=undefined	type=Function  paramtypes=[Object]  returntype=undefined	changed, equal to tsc
merge rule: a conditional type merges its branches as an intersection (tsc: as a union of the two branches)	"class C { @d m(): typeof a extends B ? null : K { throw 0 } }"	type=Function  paramtypes=[]  returntype=Ref(K)	type=Function  paramtypes=[]  returntype=Object	type=Function  paramtypes=[]  returntype=Object	changed, equal to tsc
merge rule: a conditional type merges its branches as an intersection (tsc: as a union of the two branches)	"class C { @d p: (A extends B ? null : K); }"	type=Ref(K)	type=Object	type=Object	changed, equal to tsc
merge rule: a conditional type merges its branches as an intersection (tsc: as a union of the two branches)	"class C { @d m(a: (A extends B ? null : K)) {} }"	type=Function  paramtypes=[Ref(K)]  returntype=undefined	type=Function  paramtypes=[Object]  returntype=undefined	type=Function  paramtypes=[Object]  returntype=undefined	changed, equal to tsc
merge rule: a conditional type merges its branches as an intersection (tsc: as a union of the two branches)	"class C { @d m(): (A extends B ? null : K) { throw 0 } }"	type=Function  paramtypes=[]  returntype=Ref(K)	type=Function  paramtypes=[]  returntype=Object	type=Function  paramtypes=[]  returntype=Object	changed, equal to tsc
tree shape: level of the false branch (the metadata sink reads it at Level::BitwiseAnd)	"class C { @d p: A extends B ? null : K | K; }"	type=Ref(K)	type=Object	type=Object	changed, equal to tsc
tree shape: level of the false branch (the metadata sink reads it at Level::BitwiseAnd)	"class C { @d m(a: A extends B ? null : K | K) {} }"	type=Function  paramtypes=[Ref(K)]  returntype=undefined	type=Function  paramtypes=[Object]  returntype=undefined	type=Function  paramtypes=[Object]  returntype=undefined	changed, equal to tsc
tree shape: level of the false branch (the metadata sink reads it at Level::BitwiseAnd)	"class C { @d m(): A extends B ? null : K | K { throw 0 } }"	type=Function  paramtypes=[]  returntype=Ref(K)	type=Function  paramtypes=[]  returntype=Object	type=Function  paramtypes=[]  returntype=Object	changed, equal to tsc
tree shape: level of the false branch (the metadata sink reads it at Level::BitwiseAnd)	"class C { @d p: A extends B ? null : K & K; }"	type=Ref(K)	type=Object	type=Object	changed, equal to tsc
tree shape: level of the false branch (the metadata sink reads it at Level::BitwiseAnd)	"class C { @d m(a: A extends B ? null : K & K) {} }"	type=Function  paramtypes=[Ref(K)]  returntype=undefined	type=Function  paramtypes=[Object]  returntype=undefined	type=Function  paramtypes=[Object]  returntype=undefined	changed, equal to tsc
tree shape: level of the false branch (the metadata sink reads it at Level::BitwiseAnd)	"class C { @d m(): A extends B ? null : K & K { throw 0 } }"	type=Function  paramtypes=[]  returntype=Ref(K)	type=Function  paramtypes=[]  returntype=Object	type=Function  paramtypes=[]  returntype=Object	changed, equal to tsc
tree shape: level of the false branch (the metadata sink reads it at Level::BitwiseAnd)	"class C { @d p: A extends B ? null : K | null; }"	type=Ref(K)	type=Object	type=Object	changed, equal to tsc
tree shape: level of the false branch (the metadata sink reads it at Level::BitwiseAnd)	"class C { @d m(a: A extends B ? null : K | null) {} }"	type=Function  paramtypes=[Ref(K)]  returntype=undefined	type=Function  paramtypes=[Object]  returntype=undefined	type=Function  paramtypes=[Object]  returntype=undefined	changed, equal to tsc
tree shape: level of the false branch (the metadata sink reads it at Level::BitwiseAnd)	"class C { @d m(): A extends B ? null : K | null { throw 0 } }"	type=Function  paramtypes=[]  returntype=Ref(K)	type=Function  paramtypes=[]  returntype=Object	type=Function  paramtypes=[]  returntype=Object	changed, equal to tsc
merge rule: a conditional type merges its branches as an intersection (tsc: as a union of the two branches)	"class C { @d p: A extends B ? null & K : K; }"	type=Ref(K)	type=Object	type=Object	changed, equal to tsc
merge rule: a conditional type merges its branches as an intersection (tsc: as a union of the two branches)	"class C { @d m(a: A extends B ? null & K : K) {} }"	type=Function  paramtypes=[Ref(K)]  returntype=undefined	type=Function  paramtypes=[Object]  returntype=undefined	type=Function  paramtypes=[Object]  returntype=undefined	changed, equal to tsc
merge rule: a conditional type merges its branches as an intersection (tsc: as a union of the two branches)	"class C { @d m(): A extends B ? null & K : K { throw 0 } }"	type=Function  paramtypes=[]  returntype=Ref(K)	type=Function  paramtypes=[]  returntype=Object	type=Function  paramtypes=[]  returntype=Object	changed, equal to tsc
merge rule: a conditional type merges its branches as an intersection (tsc: as a union of the two branches)	"class C { @d p: A extends B ? null : X extends Y ? null : K; }"	type=Ref(K)	type=Object	type=Object	changed, equal to tsc
merge rule: a conditional type merges its branches as an intersection (tsc: as a union of the two branches)	"class C { @d m(a: A extends B ? null : X extends Y ? null : K) {} }"	type=Function  paramtypes=[Ref(K)]  returntype=undefined	type=Function  paramtypes=[Object]  returntype=undefined	type=Function  paramtypes=[Object]  returntype=undefined	changed, equal to tsc
merge rule: a conditional type merges its branches as an intersection (tsc: as a union of the two branches)	"class C { @d m(): A extends B ? null : X extends Y ? null : K { throw 0 } }"	type=Function  paramtypes=[]  returntype=Ref(K)	type=Function  paramtypes=[]  returntype=Object	type=Function  paramtypes=[]  returntype=Object	changed, equal to tsc
merge rule: a conditional type merges its branches as an intersection (tsc: as a union of the two branches)	"class C { @d p: A extends B ? X extends Y ? null : K : K; }"	type=Ref(K)	type=Object	type=Object	changed, equal to tsc
merge rule: a conditional type merges its branches as an intersection (tsc: as a union of the two branches)	"class C { @d m(a: A extends B ? X extends Y ? null : K : K) {} }"	type=Function  paramtypes=[Ref(K)]  returntype=undefined	type=Function  paramtypes=[Object]  returntype=undefined	type=Function  paramtypes=[Object]  returntype=undefined	changed, equal to tsc
merge rule: a conditional type merges its branches as an intersection (tsc: as a union of the two branches)	"class C { @d m(): A extends B ? X extends Y ? null : K : K { throw 0 } }"	type=Function  paramtypes=[]  returntype=Ref(K)	type=Function  paramtypes=[]  returntype=Object	type=Function  paramtypes=[]  returntype=Object	changed, equal to tsc
merge rule: a conditional type merges its branches as an intersection (tsc: as a union of the two branches)	"class C { @d p: A extends B ? (null) : (K); }"	type=Ref(K)	type=Object	type=Object	changed, equal to tsc
merge rule: a conditional type merges its branches as an intersection (tsc: as a union of the two branches)	"class C { @d m(a: A extends B ? (null) : (K)) {} }"	type=Function  paramtypes=[Ref(K)]  returntype=undefined	type=Function  paramtypes=[Object]  returntype=undefined	type=Function  paramtypes=[Object]  returntype=undefined	changed, equal to tsc
merge rule: a conditional type merges its branches as an intersection (tsc: as a union of the two branches)	"class C { @d m(): A extends B ? (null) : (K) { throw 0 } }"	type=Function  paramtypes=[]  returntype=Ref(K)	type=Function  paramtypes=[]  returntype=Object	type=Function  paramtypes=[]  returntype=Object	changed, equal to tsc
merge rule: a conditional type merges its branches as an intersection (tsc: as a union of the two branches)	"class C { @d p: A extends infer U ? null : K; }"	type=Ref(K)	type=Object	type=Object	changed, equal to tsc
merge rule: a conditional type merges its branches as an intersection (tsc: as a union of the two branches)	"class C { @d m(a: A extends infer U ? null : K) {} }"	type=Function  paramtypes=[Ref(K)]  returntype=undefined	type=Function  paramtypes=[Object]  returntype=undefined	type=Function  paramtypes=[Object]  returntype=undefined	changed, equal to tsc
merge rule: a conditional type merges its branches as an intersection (tsc: as a union of the two branches)	"class C { @d m(): A extends infer U ? null : K { throw 0 } }"	type=Function  paramtypes=[]  returntype=Ref(K)	type=Function  paramtypes=[]  returntype=Object	type=Function  paramtypes=[]  returntype=Object	changed, equal to tsc
merge rule: a conditional type merges its branches as an intersection (tsc: as a union of the two branches)	"class C { @d p: A extends infer U extends V ? null : K; }"	type=Ref(K)	type=Object	type=Object	changed, equal to tsc
merge rule: a conditional type merges its branches as an intersection (tsc: as a union of the two branches)	"class C { @d m(a: A extends infer U extends V ? null : K) {} }"	type=Function  paramtypes=[Ref(K)]  returntype=undefined	type=Function  paramtypes=[Object]  returntype=undefined	type=Function  paramtypes=[Object]  returntype=undefined	changed, equal to tsc
merge rule: a conditional type merges its branches as an intersection (tsc: as a union of the two branches)	"class C { @d m(): A extends infer U extends V ? null : K { throw 0 } }"	type=Function  paramtypes=[]  returntype=Ref(K)	type=Function  paramtypes=[]  returntype=Object	type=Function  paramtypes=[]  returntype=Object	changed, equal to tsc
merge rule: a conditional type merges its branches as an intersection (tsc: as a union of the two branches)	"class C { @d p: (string | A) extends B ? null : K; }"	type=Ref(K)	type=Object	type=Object	changed, equal to tsc
merge rule: a conditional type merges its branches as an intersection (tsc: as a union of the two branches)	"class C { @d m(a: (string | A) extends B ? null : K) {} }"	type=Function  paramtypes=[Ref(K)]  returntype=undefined	type=Function  paramtypes=[Object]  returntype=undefined	type=Function  paramtypes=[Object]  returntype=undefined	changed, equal to tsc
merge rule: a conditional type merges its branches as an intersection (tsc: as a union of the two branches)	"class C { @d m(): (string | A) extends B ? null : K { throw 0 } }"	type=Function  paramtypes=[]  returntype=Ref(K)	type=Function  paramtypes=[]  returntype=Object	type=Function  paramtypes=[]  returntype=Object	changed, equal to tsc
merge rule: a conditional type merges its branches as an intersection (tsc: as a union of the two branches)	"class C { @d p: A extends B ? K : undefined; }"	type=Ref(K)	type=Object	type=Object	changed, equal to tsc
merge rule: a conditional type merges its branches as an intersection (tsc: as a union of the two branches)	"class C { @d m(a: A extends B ? K : undefined) {} }"	type=Function  paramtypes=[Ref(K)]  returntype=undefined	type=Function  paramtypes=[Object]  returntype=undefined	type=Function  paramtypes=[Object]  returntype=undefined	changed, equal to tsc
merge rule: a conditional type merges its branches as an intersection (tsc: as a union of the two branches)	"class C { @d m(): A extends B ? K : undefined { throw 0 } }"	type=Function  paramtypes=[]  returntype=Ref(K)	type=Function  paramtypes=[]  returntype=Object	type=Function  paramtypes=[]  returntype=Object	changed, equal to tsc
tree shape: operand of | or & swallows extends ? :	"class C { @d p: K | A extends B ? K : undefined; }"	type=Ref(K)	type=Object	type=Object	changed, equal to tsc
tree shape: operand of | or & swallows extends ? :	"class C { @d m(a: K | A extends B ? K : undefined) {} }"	type=Function  paramtypes=[Ref(K)]  returntype=undefined	type=Function  paramtypes=[Object]  returntype=undefined	type=Function  paramtypes=[Object]  returntype=undefined	changed, equal to tsc
tree shape: operand of | or & swallows extends ? :	"class C { @d m(): K | A extends B ? K : undefined { throw 0 } }"	type=Function  paramtypes=[]  returntype=Ref(K)	type=Function  paramtypes=[]  returntype=Object	type=Function  paramtypes=[]  returntype=Object	changed, equal to tsc
tree shape: operand of | or & swallows extends ? :	"class C { @d p: K & A extends B ? K : undefined; }"	type=Ref(K)	type=Object	type=Object	changed, equal to tsc
tree shape: operand of | or & swallows extends ? :	"class C { @d m(a: K & A extends B ? K : undefined) {} }"	type=Function  paramtypes=[Ref(K)]  returntype=undefined	type=Function  paramtypes=[Object]  returntype=undefined	type=Function  paramtypes=[Object]  returntype=undefined	changed, equal to tsc
tree shape: operand of | or & swallows extends ? :	"class C { @d m(): K & A extends B ? K : undefined { throw 0 } }"	type=Function  paramtypes=[]  returntype=Ref(K)	type=Function  paramtypes=[]  returntype=Object	type=Function  paramtypes=[]  returntype=Object	changed, equal to tsc
tree shape: operand of keyof / readonly / unique swallows extends ? :	"class C { @d p: readonly A[] extends B ? K : undefined; }"	type=Array	type=Object	type=Object	changed, equal to tsc
tree shape: operand of keyof / readonly / unique swallows extends ? :	"class C { @d m(a: readonly A[] extends B ? K : undefined) {} }"	type=Function  paramtypes=[Array]  returntype=undefined	type=Function  paramtypes=[Object]  returntype=undefined	type=Function  paramtypes=[Object]  returntype=undefined	changed, equal to tsc
tree shape: operand of keyof / readonly / unique swallows extends ? :	"class C { @d m(): readonly A[] extends B ? K : undefined { throw 0 } }"	type=Function  paramtypes=[]  returntype=Array	type=Function  paramtypes=[]  returntype=Object	type=Function  paramtypes=[]  returntype=Object	changed, equal to tsc
tree shape: operand of keyof / readonly / unique swallows extends ? :	"class C { @d p: unique symbol extends B ? K : undefined; }"	type=Ref(K)	type=Object	type=Object	changed, equal to tsc
tree shape: operand of keyof / readonly / unique swallows extends ? :	"class C { @d m(a: unique symbol extends B ? K : undefined) {} }"	type=Function  paramtypes=[Ref(K)]  returntype=undefined	type=Function  paramtypes=[Object]  returntype=undefined	type=Function  paramtypes=[Object]  returntype=undefined	changed, equal to tsc
tree shape: operand of keyof / readonly / unique swallows extends ? :	"class C { @d m(): unique symbol extends B ? K : undefined { throw 0 } }"	type=Function  paramtypes=[]  returntype=Ref(K)	type=Function  paramtypes=[]  returntype=Object	type=Function  paramtypes=[]  returntype=Object	changed, equal to tsc
merge rule: a conditional type merges its branches as an intersection (tsc: as a union of the two branches)	"class C { @d p: A[] extends B ? K : undefined; }"	type=Ref(K)	type=Object	type=Object	changed, equal to tsc
merge rule: a conditional type merges its branches as an intersection (tsc: as a union of the two branches)	"class C { @d m(a: A[] extends B ? K : undefined) {} }"	type=Function  paramtypes=[Ref(K)]  returntype=undefined	type=Function  paramtypes=[Object]  returntype=undefined	type=Function  paramtypes=[Object]  returntype=undefined	changed, equal to tsc
merge rule: a conditional type merges its branches as an intersection (tsc: as a union of the two branches)	"class C { @d m(): A[] extends B ? K : undefined { throw 0 } }"	type=Function  paramtypes=[]  returntype=Ref(K)	type=Function  paramtypes=[]  returntype=Object	type=Function  paramtypes=[]  returntype=Object	changed, equal to tsc
merge rule: a conditional type merges its branches as an intersection (tsc: as a union of the two branches)	"class C { @d p: typeof a extends B ? K : undefined; }"	type=Ref(K)	type=Object	type=Object	changed, equal to tsc
merge rule: a conditional type merges its branches as an intersection (tsc: as a union of the two branches)	"class C { @d m(a: typeof a extends B ? K : undefined) {} }"	type=Function  paramtypes=[Ref(K)]  returntype=undefined	type=Function  paramtypes=[Object]  returntype=undefined	type=Function  paramtypes=[Object]  returntype=undefined	changed, equal to tsc
merge rule: a conditional type merges its branches as an intersection (tsc: as a union of the two branches)	"class C { @d m(): typeof a extends B ? K : undefined { throw 0 } }"	type=Function  paramtypes=[]  returntype=Ref(K)	type=Function  paramtypes=[]  returntype=Object	type=Function  paramtypes=[]  returntype=Object	changed, equal to tsc
merge rule: a conditional type merges its branches as an intersection (tsc: as a union of the two branches)	"class C { @d p: (A extends B ? K : undefined); }"	type=Ref(K)	type=Object	type=Object	changed, equal to tsc
merge rule: a conditional type merges its branches as an intersection (tsc: as a union of the two branches)	"class C { @d m(a: (A extends B ? K : undefined)) {} }"	type=Function  paramtypes=[Ref(K)]  returntype=undefined	type=Function  paramtypes=[Object]  returntype=undefined	type=Function  paramtypes=[Object]  returntype=undefined	changed, equal to tsc
merge rule: a conditional type merges its branches as an intersection (tsc: as a union of the two branches)	"class C { @d m(): (A extends B ? K : undefined) { throw 0 } }"	type=Function  paramtypes=[]  returntype=Ref(K)	type=Function  paramtypes=[]  returntype=Object	type=Function  paramtypes=[]  returntype=Object	changed, equal to tsc
tree shape: level of the false branch (the metadata sink reads it at Level::BitwiseAnd)	"class C { @d p: A extends B ? K : undefined | K; }"	type=Ref(K)	type=Object	type=Object	changed, equal to tsc
tree shape: level of the false branch (the metadata sink reads it at Level::BitwiseAnd)	"class C { @d m(a: A extends B ? K : undefined | K) {} }"	type=Function  paramtypes=[Ref(K)]  returntype=undefined	type=Function  paramtypes=[Object]  returntype=undefined	type=Function  paramtypes=[Object]  returntype=undefined	changed, equal to tsc
tree shape: level of the false branch (the metadata sink reads it at Level::BitwiseAnd)	"class C { @d m(): A extends B ? K : undefined | K { throw 0 } }"	type=Function  paramtypes=[]  returntype=Ref(K)	type=Function  paramtypes=[]  returntype=Object	type=Function  paramtypes=[]  returntype=Object	changed, equal to tsc
tree shape: level of the false branch (the metadata sink reads it at Level::BitwiseAnd)	"class C { @d p: A extends B ? K : undefined & K; }"	type=Ref(K)	type=Object	type=Object	changed, equal to tsc
tree shape: level of the false branch (the metadata sink reads it at Level::BitwiseAnd)	"class C { @d m(a: A extends B ? K : undefined & K) {} }"	type=Function  paramtypes=[Ref(K)]  returntype=undefined	type=Function  paramtypes=[Object]  returntype=undefined	type=Function  paramtypes=[Object]  returntype=undefined	changed, equal to tsc
tree shape: level of the false branch (the metadata sink reads it at Level::BitwiseAnd)	"class C { @d m(): A extends B ? K : undefined & K { throw 0 } }"	type=Function  paramtypes=[]  returntype=Ref(K)	type=Function  paramtypes=[]  returntype=Object	type=Function  paramtypes=[]  returntype=Object	changed, equal to tsc
tree shape: level of the false branch (the metadata sink reads it at Level::BitwiseAnd)	"class C { @d p: A extends B ? K : undefined | null; }"	type=Ref(K)	type=Object	type=Object	changed, equal to tsc
tree shape: level of the false branch (the metadata sink reads it at Level::BitwiseAnd)	"class C { @d m(a: A extends B ? K : undefined | null) {} }"	type=Function  paramtypes=[Ref(K)]  returntype=undefined	type=Function  paramtypes=[Object]  returntype=undefined	type=Function  paramtypes=[Object]  returntype=undefined	changed, equal to tsc
tree shape: level of the false branch (the metadata sink reads it at Level::BitwiseAnd)	"class C { @d m(): A extends B ? K : undefined | null { throw 0 } }"	type=Function  paramtypes=[]  returntype=Ref(K)	type=Function  paramtypes=[]  returntype=Object	type=Function  paramtypes=[]  returntype=Object	changed, equal to tsc
merge rule: a conditional type merges its branches as an intersection (tsc: as a union of the two branches)	"class C { @d p: A extends B ? K & K : undefined; }"	type=Ref(K)	type=Object	type=Object	changed, equal to tsc
merge rule: a conditional type merges its branches as an intersection (tsc: as a union of the two branches)	"class C { @d m(a: A extends B ? K & K : undefined) {} }"	type=Function  paramtypes=[Ref(K)]  returntype=undefined	type=Function  paramtypes=[Object]  returntype=undefined	type=Function  paramtypes=[Object]  returntype=undefined	changed, equal to tsc
merge rule: a conditional type merges its branches as an intersection (tsc: as a union of the two branches)	"class C { @d m(): A extends B ? K & K : undefined { throw 0 } }"	type=Function  paramtypes=[]  returntype=Ref(K)	type=Function  paramtypes=[]  returntype=Object	type=Function  paramtypes=[]  returntype=Object	changed, equal to tsc
merge rule: a conditional type merges its branches as an intersection (tsc: as a union of the two branches)	"class C { @d p: A extends B ? K : X extends Y ? K : undefined; }"	type=Ref(K)	type=Object	type=Object	changed, equal to tsc
merge rule: a conditional type merges its branches as an intersection (tsc: as a union of the two branches)	"class C { @d m(a: A extends B ? K : X extends Y ? K : undefined) {} }"	type=Function  paramtypes=[Ref(K)]  returntype=undefined	type=Function  paramtypes=[Object]  returntype=undefined	type=Function  paramtypes=[Object]  returntype=undefined	changed, equal to tsc
merge rule: a conditional type merges its branches as an intersection (tsc: as a union of the two branches)	"class C { @d m(): A extends B ? K : X extends Y ? K : undefined { throw 0 } }"	type=Function  paramtypes=[]  returntype=Ref(K)	type=Function  paramtypes=[]  returntype=Object	type=Function  paramtypes=[]  returntype=Object	changed, equal to tsc
merge rule: a conditional type merges its branches as an intersection (tsc: as a union of the two branches)	"class C { @d p: A extends B ? X extends Y ? K : undefined : undefined; }"	type=Ref(K)	type=Object	type=Object	changed, equal to tsc
merge rule: a conditional type merges its branches as an intersection (tsc: as a union of the two branches)	"class C { @d m(a: A extends B ? X extends Y ? K : undefined : undefined) {} }"	type=Function  paramtypes=[Ref(K)]  returntype=undefined	type=Function  paramtypes=[Object]  returntype=undefined	type=Function  paramtypes=[Object]  returntype=undefined	changed, equal to tsc
merge rule: a conditional type merges its branches as an intersection (tsc: as a union of the two branches)	"class C { @d m(): A extends B ? X extends Y ? K : undefined : undefined { throw 0 } }"	type=Function  paramtypes=[]  returntype=Ref(K)	type=Function  paramtypes=[]  returntype=Object	type=Function  paramtypes=[]  returntype=Object	changed, equal to tsc
merge rule: a conditional type merges its branches as an intersection (tsc: as a union of the two branches)	"class C { @d p: A extends B ? (K) : (undefined); }"	type=Ref(K)	type=Object	type=Object	changed, equal to tsc
merge rule: a conditional type merges its branches as an intersection (tsc: as a union of the two branches)	"class C { @d m(a: A extends B ? (K) : (undefined)) {} }"	type=Function  paramtypes=[Ref(K)]  returntype=undefined	type=Function  paramtypes=[Object]  returntype=undefined	type=Function  paramtypes=[Object]  returntype=undefined	changed, equal to tsc
merge rule: a conditional type merges its branches as an intersection (tsc: as a union of the two branches)	"class C { @d m(): A extends B ? (K) : (undefined) { throw 0 } }"	type=Function  paramtypes=[]  returntype=Ref(K)	type=Function  paramtypes=[]  returntype=Object	type=Function  paramtypes=[]  returntype=Object	changed, equal to tsc
merge rule: a conditional type merges its branches as an intersection (tsc: as a union of the two branches)	"class C { @d p: A extends infer U ? K : undefined; }"	type=Ref(K)	type=Object	type=Object	changed, equal to tsc
merge rule: a conditional type merges its branches as an intersection (tsc: as a union of the two branches)	"class C { @d m(a: A extends infer U ? K : undefined) {} }"	type=Function  paramtypes=[Ref(K)]  returntype=undefined	type=Function  paramtypes=[Object]  returntype=undefined	type=Function  paramtypes=[Object]  returntype=undefined	changed, equal to tsc
merge rule: a conditional type merges its branches as an intersection (tsc: as a union of the two branches)	"class C { @d m(): A extends infer U ? K : undefined { throw 0 } }"	type=Function  paramtypes=[]  returntype=Ref(K)	type=Function  paramtypes=[]  returntype=Object	type=Function  paramtypes=[]  returntype=Object	changed, equal to tsc
merge rule: a conditional type merges its branches as an intersection (tsc: as a union of the two branches)	"class C { @d p: A extends infer U extends V ? K : undefined; }"	type=Ref(K)	type=Object	type=Object	changed, equal to tsc
merge rule: a conditional type merges its branches as an intersection (tsc: as a union of the two branches)	"class C { @d m(a: A extends infer U extends V ? K : undefined) {} }"	type=Function  paramtypes=[Ref(K)]  returntype=undefined	type=Function  paramtypes=[Object]  returntype=undefined	type=Function  paramtypes=[Object]  returntype=undefined	changed, equal to tsc
merge rule: a conditional type merges its branches as an intersection (tsc: as a union of the two branches)	"class C { @d m(): A extends infer U extends V ? K : undefined { throw 0 } }"	type=Function  paramtypes=[]  returntype=Ref(K)	type=Function  paramtypes=[]  returntype=Object	type=Function  paramtypes=[]  returntype=Object	changed, equal to tsc
merge rule: a conditional type merges its branches as an intersection (tsc: as a union of the two branches)	"class C { @d p: (string | A) extends B ? K : undefined; }"	type=Ref(K)	type=Object	type=Object	changed, equal to tsc
merge rule: a conditional type merges its branches as an intersection (tsc: as a union of the two branches)	"class C { @d m(a: (string | A) extends B ? K : undefined) {} }"	type=Function  paramtypes=[Ref(K)]  returntype=undefined	type=Function  paramtypes=[Object]  returntype=undefined	type=Function  paramtypes=[Object]  returntype=undefined	changed, equal to tsc
merge rule: a conditional type merges its branches as an intersection (tsc: as a union of the two branches)	"class C { @d m(): (string | A) extends B ? K : undefined { throw 0 } }"	type=Function  paramtypes=[]  returntype=Ref(K)	type=Function  paramtypes=[]  returntype=Object	type=Function  paramtypes=[]  returntype=Object	changed, equal to tsc
tree shape: operand of keyof / readonly / unique swallows extends ? :	"class C { @d p: readonly A[] extends B ? any : string; }"	type=Array	type=Object	type=Object	changed, equal to tsc
tree shape: operand of keyof / readonly / unique swallows extends ? :	"class C { @d m(a: readonly A[] extends B ? any : string) {} }"	type=Function  paramtypes=[Array]  returntype=undefined	type=Function  paramtypes=[Object]  returntype=undefined	type=Function  paramtypes=[Object]  returntype=undefined	changed, equal to tsc
tree shape: operand of keyof / readonly / unique swallows extends ? :	"class C { @d m(): readonly A[] extends B ? any : string { throw 0 } }"	type=Function  paramtypes=[]  returntype=Array	type=Function  paramtypes=[]  returntype=Object	type=Function  paramtypes=[]  returntype=Object	changed, equal to tsc
tree shape: operand of keyof / readonly / unique swallows extends ? :	"class C { @d p: readonly A[] extends B ? string : any; }"	type=Array	type=Object	type=Object	changed, equal to tsc
tree shape: operand of keyof / readonly / unique swallows extends ? :	"class C { @d m(a: readonly A[] extends B ? string : any) {} }"	type=Function  paramtypes=[Array]  returntype=undefined	type=Function  paramtypes=[Object]  returntype=undefined	type=Function  paramtypes=[Object]  returntype=undefined	changed, equal to tsc
tree shape: operand of keyof / readonly / unique swallows extends ? :	"class C { @d m(): readonly A[] extends B ? string : any { throw 0 } }"	type=Function  paramtypes=[]  returntype=Array	type=Function  paramtypes=[]  returntype=Object	type=Function  paramtypes=[]  returntype=Object	changed, equal to tsc
merge rule: a conditional type merges its branches as an intersection (tsc: as a union of the two branches)	"class C { @d p: A extends B ? unknown : string; }"	type=String	type=Object	type=Object	changed, equal to tsc
merge rule: a conditional type merges its branches as an intersection (tsc: as a union of the two branches)	"class C { @d m(a: A extends B ? unknown : string) {} }"	type=Function  paramtypes=[String]  returntype=undefined	type=Function  paramtypes=[Object]  returntype=undefined	type=Function  paramtypes=[Object]  returntype=undefined	changed, equal to tsc
merge rule: a conditional type merges its branches as an intersection (tsc: as a union of the two branches)	"class C { @d m(): A extends B ? unknown : string { throw 0 } }"	type=Function  paramtypes=[]  returntype=String	type=Function  paramtypes=[]  returntype=Object	type=Function  paramtypes=[]  returntype=Object	changed, equal to tsc
tree shape: operand of | or & swallows extends ? :	"class C { @d p: string | A extends B ? unknown : string; }"	type=String	type=Object	type=Object	changed, equal to tsc
tree shape: operand of | or & swallows extends ? :	"class C { @d m(a: string | A extends B ? unknown : string) {} }"	type=Function  paramtypes=[String]  returntype=undefined	type=Function  paramtypes=[Object]  returntype=undefined	type=Function  paramtypes=[Object]  returntype=undefined	changed, equal to tsc
tree shape: operand of | or & swallows extends ? :	"class C { @d m(): string | A extends B ? unknown : string { throw 0 } }"	type=Function  paramtypes=[]  returntype=String	type=Function  paramtypes=[]  returntype=Object	type=Function  paramtypes=[]  returntype=Object	changed, equal to tsc
tree shape: operand of | or & swallows extends ? :	"class C { @d p: string & A extends B ? unknown : string; }"	type=String	type=Object	type=Object	changed, equal to tsc
tree shape: operand of | or & swallows extends ? :	"class C { @d m(a: string & A extends B ? unknown : string) {} }"	type=Function  paramtypes=[String]  returntype=undefined	type=Function  paramtypes=[Object]  returntype=undefined	type=Function  paramtypes=[Object]  returntype=undefined	changed, equal to tsc
tree shape: operand of | or & swallows extends ? :	"class C { @d m(): string & A extends B ? unknown : string { throw 0 } }"	type=Function  paramtypes=[]  returntype=String	type=Function  paramtypes=[]  returntype=Object	type=Function  paramtypes=[]  returntype=Object	changed, equal to tsc
tree shape: operand of keyof / readonly / unique swallows extends ? :	"class C { @d p: readonly A[] extends B ? unknown : string; }"	type=Array	type=Object	type=Object	changed, equal to tsc
tree shape: operand of keyof / readonly / unique swallows extends ? :	"class C { @d m(a: readonly A[] extends B ? unknown : string) {} }"	type=Function  paramtypes=[Array]  returntype=undefined	type=Function  paramtypes=[Object]  returntype=undefined	type=Function  paramtypes=[Object]  returntype=undefined	changed, equal to tsc
tree shape: operand of keyof / readonly / unique swallows extends ? :	"class C { @d m(): readonly A[] extends B ? unknown : string { throw 0 } }"	type=Function  paramtypes=[]  returntype=Array	type=Function  paramtypes=[]  returntype=Object	type=Function  paramtypes=[]  returntype=Object	changed, equal to tsc
tree shape: operand of keyof / readonly / unique swallows extends ? :	"class C { @d p: unique symbol extends B ? unknown : string; }"	type=String	type=Object	type=Object	changed, equal to tsc
tree shape: operand of keyof / readonly / unique swallows extends ? :	"class C { @d m(a: unique symbol extends B ? unknown : string) {} }"	type=Function  paramtypes=[String]  returntype=undefined	type=Function  paramtypes=[Object]  returntype=undefined	type=Function  paramtypes=[Object]  returntype=undefined	changed, equal to tsc
tree shape: operand of keyof / readonly / unique swallows extends ? :	"class C { @d m(): unique symbol extends B ? unknown : string { throw 0 } }"	type=Function  paramtypes=[]  returntype=String	type=Function  paramtypes=[]  returntype=Object	type=Function  paramtypes=[]  returntype=Object	changed, equal to tsc
merge rule: a conditional type merges its branches as an intersection (tsc: as a union of the two branches)	"class C { @d p: A[] extends B ? unknown : string; }"	type=String	type=Object	type=Object	changed, equal to tsc
merge rule: a conditional type merges its branches as an intersection (tsc: as a union of the two branches)	"class C { @d m(a: A[] extends B ? unknown : string) {} }"	type=Function  paramtypes=[String]  returntype=undefined	type=Function  paramtypes=[Object]  returntype=undefined	type=Function  paramtypes=[Object]  returntype=undefined	changed, equal to tsc
merge rule: a conditional type merges its branches as an intersection (tsc: as a union of the two branches)	"class C { @d m(): A[] extends B ? unknown : string { throw 0 } }"	type=Function  paramtypes=[]  returntype=String	type=Function  paramtypes=[]  returntype=Object	type=Function  paramtypes=[]  returntype=Object	changed, equal to tsc
merge rule: a conditional type merges its branches as an intersection (tsc: as a union of the two branches)	"class C { @d p: typeof a extends B ? unknown : string; }"	type=String	type=Object	type=Object	changed, equal to tsc
merge rule: a conditional type merges its branches as an intersection (tsc: as a union of the two branches)	"class C { @d m(a: typeof a extends B ? unknown : string) {} }"	type=Function  paramtypes=[String]  returntype=undefined	type=Function  paramtypes=[Object]  returntype=undefined	type=Function  paramtypes=[Object]  returntype=undefined	changed, equal to tsc
merge rule: a conditional type merges its branches as an intersection (tsc: as a union of the two branches)	"class C { @d m(): typeof a extends B ? unknown : string { throw 0 } }"	type=Function  paramtypes=[]  returntype=String	type=Function  paramtypes=[]  returntype=Object	type=Function  paramtypes=[]  returntype=Object	changed, equal to tsc
merge rule: a conditional type merges its branches as an intersection (tsc: as a union of the two branches)	"class C { @d p: (A extends B ? unknown : string); }"	type=String	type=Object	type=Object	changed, equal to tsc
merge rule: a conditional type merges its branches as an intersection (tsc: as a union of the two branches)	"class C { @d m(a: (A extends B ? unknown : string)) {} }"	type=Function  paramtypes=[String]  returntype=undefined	type=Function  paramtypes=[Object]  returntype=undefined	type=Function  paramtypes=[Object]  returntype=undefined	changed, equal to tsc
merge rule: a conditional type merges its branches as an intersection (tsc: as a union of the two branches)	"class C { @d m(): (A extends B ? unknown : string) { throw 0 } }"	type=Function  paramtypes=[]  returntype=String	type=Function  paramtypes=[]  returntype=Object	type=Function  paramtypes=[]  returntype=Object	changed, equal to tsc
tree shape: level of the false branch (the metadata sink reads it at Level::BitwiseAnd)	"class C { @d p: A extends B ? unknown : string | string; }"	type=String	type=Object	type=Object	changed, equal to tsc
tree shape: level of the false branch (the metadata sink reads it at Level::BitwiseAnd)	"class C { @d m(a: A extends B ? unknown : string | string) {} }"	type=Function  paramtypes=[String]  returntype=undefined	type=Function  paramtypes=[Object]  returntype=undefined	type=Function  paramtypes=[Object]  returntype=undefined	changed, equal to tsc
tree shape: level of the false branch (the metadata sink reads it at Level::BitwiseAnd)	"class C { @d m(): A extends B ? unknown : string | string { throw 0 } }"	type=Function  paramtypes=[]  returntype=String	type=Function  paramtypes=[]  returntype=Object	type=Function  paramtypes=[]  returntype=Object	changed, equal to tsc
tree shape: level of the false branch (the metadata sink reads it at Level::BitwiseAnd)	"class C { @d p: A extends B ? unknown : string & string; }"	type=String	type=Object	type=Object	changed, equal to tsc
tree shape: level of the false branch (the metadata sink reads it at Level::BitwiseAnd)	"class C { @d m(a: A extends B ? unknown : string & string) {} }"	type=Function  paramtypes=[String]  returntype=undefined	type=Function  paramtypes=[Object]  returntype=undefined	type=Function  paramtypes=[Object]  returntype=undefined	changed, equal to tsc
tree shape: level of the false branch (the metadata sink reads it at Level::BitwiseAnd)	"class C { @d m(): A extends B ? unknown : string & string { throw 0 } }"	type=Function  paramtypes=[]  returntype=String	type=Function  paramtypes=[]  returntype=Object	type=Function  paramtypes=[]  returntype=Object	changed, equal to tsc
tree shape: level of the false branch (the metadata sink reads it at Level::BitwiseAnd)	"class C { @d p: A extends B ? unknown : string | null; }"	type=String	type=Object	type=Object	changed, equal to tsc
tree shape: level of the false branch (the metadata sink reads it at Level::BitwiseAnd)	"class C { @d m(a: A extends B ? unknown : string | null) {} }"	type=Function  paramtypes=[String]  returntype=undefined	type=Function  paramtypes=[Object]  returntype=undefined	type=Function  paramtypes=[Object]  returntype=undefined	changed, equal to tsc
tree shape: level of the false branch (the metadata sink reads it at Level::BitwiseAnd)	"class C { @d m(): A extends B ? unknown : string | null { throw 0 } }"	type=Function  paramtypes=[]  returntype=String	type=Function  paramtypes=[]  returntype=Object	type=Function  paramtypes=[]  returntype=Object	changed, equal to tsc
merge rule: a conditional type merges its branches as an intersection (tsc: as a union of the two branches)	"class C { @d p: A extends B ? unknown : X extends Y ? unknown : string; }"	type=String	type=Object	type=Object	changed, equal to tsc
merge rule: a conditional type merges its branches as an intersection (tsc: as a union of the two branches)	"class C { @d m(a: A extends B ? unknown : X extends Y ? unknown : string) {} }"	type=Function  paramtypes=[String]  returntype=undefined	type=Function  paramtypes=[Object]  returntype=undefined	type=Function  paramtypes=[Object]  returntype=undefined	changed, equal to tsc
merge rule: a conditional type merges its branches as an intersection (tsc: as a union of the two branches)	"class C { @d m(): A extends B ? unknown : X extends Y ? unknown : string { throw 0 } }"	type=Function  paramtypes=[]  returntype=String	type=Function  paramtypes=[]  returntype=Object	type=Function  paramtypes=[]  returntype=Object	changed, equal to tsc
merge rule: a conditional type merges its branches as an intersection (tsc: as a union of the two branches)	"class C { @d p: A extends B ? X extends Y ? unknown : string : string; }"	type=String	type=Object	type=Object	changed, equal to tsc
merge rule: a conditional type merges its branches as an intersection (tsc: as a union of the two branches)	"class C { @d m(a: A extends B ? X extends Y ? unknown : string : string) {} }"	type=Function  paramtypes=[String]  returntype=undefined	type=Function  paramtypes=[Object]  returntype=undefined	type=Function  paramtypes=[Object]  returntype=undefined	changed, equal to tsc
merge rule: a conditional type merges its branches as an intersection (tsc: as a union of the two branches)	"class C { @d m(): A extends B ? X extends Y ? unknown : string : string { throw 0 } }"	type=Function  paramtypes=[]  returntype=String	type=Function  paramtypes=[]  returntype=Object	type=Function  paramtypes=[]  returntype=Object	changed, equal to tsc
merge rule: a conditional type merges its branches as an intersection (tsc: as a union of the two branches)	"class C { @d p: A extends B ? unknown : string[]; }"	type=Array	type=Object	type=Object	changed, equal to tsc
merge rule: a conditional type merges its branches as an intersection (tsc: as a union of the two branches)	"class C { @d m(a: A extends B ? unknown : string[]) {} }"	type=Function  paramtypes=[Array]  returntype=undefined	type=Function  paramtypes=[Object]  returntype=undefined	type=Function  paramtypes=[Object]  returntype=undefined	changed, equal to tsc
merge rule: a conditional type merges its branches as an intersection (tsc: as a union of the two branches)	"class C { @d m(): A extends B ? unknown : string[] { throw 0 } }"	type=Function  paramtypes=[]  returntype=Array	type=Function  paramtypes=[]  returntype=Object	type=Function  paramtypes=[]  returntype=Object	changed, equal to tsc
merge rule: a conditional type merges its branches as an intersection (tsc: as a union of the two branches)	"class C { @d p: A extends B ? unknown : readonly string[]; }"	type=Array	type=Object	type=Object	changed, equal to tsc
merge rule: a conditional type merges its branches as an intersection (tsc: as a union of the two branches)	"class C { @d m(a: A extends B ? unknown : readonly string[]) {} }"	type=Function  paramtypes=[Array]  returntype=undefined	type=Function  paramtypes=[Object]  returntype=undefined	type=Function  paramtypes=[Object]  returntype=undefined	changed, equal to tsc
merge rule: a conditional type merges its branches as an intersection (tsc: as a union of the two branches)	"class C { @d m(): A extends B ? unknown : readonly string[] { throw 0 } }"	type=Function  paramtypes=[]  returntype=Array	type=Function  paramtypes=[]  returntype=Object	type=Function  paramtypes=[]  returntype=Object	changed, equal to tsc
merge rule: a conditional type merges its branches as an intersection (tsc: as a union of the two branches)	"class C { @d p: A extends B ? (unknown) : (string); }"	type=String	type=Object	type=Object	changed, equal to tsc
merge rule: a conditional type merges its branches as an intersection (tsc: as a union of the two branches)	"class C { @d m(a: A extends B ? (unknown) : (string)) {} }"	type=Function  paramtypes=[String]  returntype=undefined	type=Function  paramtypes=[Object]  returntype=undefined	type=Function  paramtypes=[Object]  returntype=undefined	changed, equal to tsc
merge rule: a conditional type merges its branches as an intersection (tsc: as a union of the two branches)	"class C { @d m(): A extends B ? (unknown) : (string) { throw 0 } }"	type=Function  paramtypes=[]  returntype=String	type=Function  paramtypes=[]  returntype=Object	type=Function  paramtypes=[]  returntype=Object	changed, equal to tsc
merge rule: a conditional type merges its branches as an intersection (tsc: as a union of the two branches)	"class C { @d p: A extends infer U ? unknown : string; }"	type=String	type=Object	type=Object	changed, equal to tsc
merge rule: a conditional type merges its branches as an intersection (tsc: as a union of the two branches)	"class C { @d m(a: A extends infer U ? unknown : string) {} }"	type=Function  paramtypes=[String]  returntype=undefined	type=Function  paramtypes=[Object]  returntype=undefined	type=Function  paramtypes=[Object]  returntype=undefined	changed, equal to tsc
merge rule: a conditional type merges its branches as an intersection (tsc: as a union of the two branches)	"class C { @d m(): A extends infer U ? unknown : string { throw 0 } }"	type=Function  paramtypes=[]  returntype=String	type=Function  paramtypes=[]  returntype=Object	type=Function  paramtypes=[]  returntype=Object	changed, equal to tsc
merge rule: a conditional type merges its branches as an intersection (tsc: as a union of the two branches)	"class C { @d p: A extends infer U extends V ? unknown : string; }"	type=String	type=Object	type=Object	changed, equal to tsc
merge rule: a conditional type merges its branches as an intersection (tsc: as a union of the two branches)	"class C { @d m(a: A extends infer U extends V ? unknown : string) {} }"	type=Function  paramtypes=[String]  returntype=undefined	type=Function  paramtypes=[Object]  returntype=undefined	type=Function  paramtypes=[Object]  returntype=undefined	changed, equal to tsc
merge rule: a conditional type merges its branches as an intersection (tsc: as a union of the two branches)	"class C { @d m(): A extends infer U extends V ? unknown : string { throw 0 } }"	type=Function  paramtypes=[]  returntype=String	type=Function  paramtypes=[]  returntype=Object	type=Function  paramtypes=[]  returntype=Object	changed, equal to tsc
tree shape: operand of | or & swallows extends ? :	"class C { @d p: string | (A extends B ? unknown : string); }"	type=String	type=Object	type=Object	changed, equal to tsc
tree shape: operand of | or & swallows extends ? :	"class C { @d m(a: string | (A extends B ? unknown : string)) {} }"	type=Function  paramtypes=[String]  returntype=undefined	type=Function  paramtypes=[Object]  returntype=undefined	type=Function  paramtypes=[Object]  returntype=undefined	changed, equal to tsc
tree shape: operand of | or & swallows extends ? :	"class C { @d m(): string | (A extends B ? unknown : string) { throw 0 } }"	type=Function  paramtypes=[]  returntype=String	type=Function  paramtypes=[]  returntype=Object	type=Function  paramtypes=[]  returntype=Object	changed, equal to tsc
merge rule: a conditional type merges its branches as an intersection (tsc: as a union of the two branches)	"class C { @d p: (string | A) extends B ? unknown : string; }"	type=String	type=Object	type=Object	changed, equal to tsc
merge rule: a conditional type merges its branches as an intersection (tsc: as a union of the two branches)	"class C { @d m(a: (string | A) extends B ? unknown : string) {} }"	type=Function  paramtypes=[String]  returntype=undefined	type=Function  paramtypes=[Object]  returntype=undefined	type=Function  paramtypes=[Object]  returntype=undefined	changed, equal to tsc
merge rule: a conditional type merges its branches as an intersection (tsc: as a union of the two branches)	"class C { @d m(): (string | A) extends B ? unknown : string { throw 0 } }"	type=Function  paramtypes=[]  returntype=String	type=Function  paramtypes=[]  returntype=Object	type=Function  paramtypes=[]  returntype=Object	changed, equal to tsc
merge rule: a conditional type merges its branches as an intersection (tsc: as a union of the two branches)	"class C { @d p: A extends B ? string : unknown; }"	type=String	type=Object	type=Object	changed, equal to tsc
merge rule: a conditional type merges its branches as an intersection (tsc: as a union of the two branches)	"class C { @d m(a: A extends B ? string : unknown) {} }"	type=Function  paramtypes=[String]  returntype=undefined	type=Function  paramtypes=[Object]  returntype=undefined	type=Function  paramtypes=[Object]  returntype=undefined	changed, equal to tsc
merge rule: a conditional type merges its branches as an intersection (tsc: as a union of the two branches)	"class C { @d m(): A extends B ? string : unknown { throw 0 } }"	type=Function  paramtypes=[]  returntype=String	type=Function  paramtypes=[]  returntype=Object	type=Function  paramtypes=[]  returntype=Object	changed, equal to tsc
tree shape: operand of | or & swallows extends ? :	"class C { @d p: string | A extends B ? string : unknown; }"	type=String	type=Object	type=Object	changed, equal to tsc
tree shape: operand of | or & swallows extends ? :	"class C { @d m(a: string | A extends B ? string : unknown) {} }"	type=Function  paramtypes=[String]  returntype=undefined	type=Function  paramtypes=[Object]  returntype=undefined	type=Function  paramtypes=[Object]  returntype=undefined	changed, equal to tsc
tree shape: operand of | or & swallows extends ? :	"class C { @d m(): string | A extends B ? string : unknown { throw 0 } }"	type=Function  paramtypes=[]  returntype=String	type=Function  paramtypes=[]  returntype=Object	type=Function  paramtypes=[]  returntype=Object	changed, equal to tsc
tree shape: operand of | or & swallows extends ? :	"class C { @d p: string & A extends B ? string : unknown; }"	type=String	type=Object	type=Object	changed, equal to tsc
tree shape: operand of | or & swallows extends ? :	"class C { @d m(a: string & A extends B ? string : unknown) {} }"	type=Function  paramtypes=[String]  returntype=undefined	type=Function  paramtypes=[Object]  returntype=undefined	type=Function  paramtypes=[Object]  returntype=undefined	changed, equal to tsc
tree shape: operand of | or & swallows extends ? :	"class C { @d m(): string & A extends B ? string : unknown { throw 0 } }"	type=Function  paramtypes=[]  returntype=String	type=Function  paramtypes=[]  returntype=Object	type=Function  paramtypes=[]  returntype=Object	changed, equal to tsc
tree shape: operand of keyof / readonly / unique swallows extends ? :	"class C { @d p: readonly A[] extends B ? string : unknown; }"	type=Array	type=Object	type=Object	changed, equal to tsc
tree shape: operand of keyof / readonly / unique swallows extends ? :	"class C { @d m(a: readonly A[] extends B ? string : unknown) {} }"	type=Function  paramtypes=[Array]  returntype=undefined	type=Function  paramtypes=[Object]  returntype=undefined	type=Function  paramtypes=[Object]  returntype=undefined	changed, equal to tsc
tree shape: operand of keyof / readonly / unique swallows extends ? :	"class C { @d m(): readonly A[] extends B ? string : unknown { throw 0 } }"	type=Function  paramtypes=[]  returntype=Array	type=Function  paramtypes=[]  returntype=Object	type=Function  paramtypes=[]  returntype=Object	changed, equal to tsc
tree shape: operand of keyof / readonly / unique swallows extends ? :	"class C { @d p: unique symbol extends B ? string : unknown; }"	type=String	type=Object	type=Object	changed, equal to tsc
tree shape: operand of keyof / readonly / unique swallows extends ? :	"class C { @d m(a: unique symbol extends B ? string : unknown) {} }"	type=Function  paramtypes=[String]  returntype=undefined	type=Function  paramtypes=[Object]  returntype=undefined	type=Function  paramtypes=[Object]  returntype=undefined	changed, equal to tsc
tree shape: operand of keyof / readonly / unique swallows extends ? :	"class C { @d m(): unique symbol extends B ? string : unknown { throw 0 } }"	type=Function  paramtypes=[]  returntype=String	type=Function  paramtypes=[]  returntype=Object	type=Function  paramtypes=[]  returntype=Object	changed, equal to tsc
merge rule: a conditional type merges its branches as an intersection (tsc: as a union of the two branches)	"class C { @d p: A[] extends B ? string : unknown; }"	type=String	type=Object	type=Object	changed, equal to tsc
merge rule: a conditional type merges its branches as an intersection (tsc: as a union of the two branches)	"class C { @d m(a: A[] extends B ? string : unknown) {} }"	type=Function  paramtypes=[String]  returntype=undefined	type=Function  paramtypes=[Object]  returntype=undefined	type=Function  paramtypes=[Object]  returntype=undefined	changed, equal to tsc
merge rule: a conditional type merges its branches as an intersection (tsc: as a union of the two branches)	"class C { @d m(): A[] extends B ? string : unknown { throw 0 } }"	type=Function  paramtypes=[]  returntype=String	type=Function  paramtypes=[]  returntype=Object	type=Function  paramtypes=[]  returntype=Object	changed, equal to tsc
merge rule: a conditional type merges its branches as an intersection (tsc: as a union of the two branches)	"class C { @d p: typeof a extends B ? string : unknown; }"	type=String	type=Object	type=Object	changed, equal to tsc
merge rule: a conditional type merges its branches as an intersection (tsc: as a union of the two branches)	"class C { @d m(a: typeof a extends B ? string : unknown) {} }"	type=Function  paramtypes=[String]  returntype=undefined	type=Function  paramtypes=[Object]  returntype=undefined	type=Function  paramtypes=[Object]  returntype=undefined	changed, equal to tsc
merge rule: a conditional type merges its branches as an intersection (tsc: as a union of the two branches)	"class C { @d m(): typeof a extends B ? string : unknown { throw 0 } }"	type=Function  paramtypes=[]  returntype=String	type=Function  paramtypes=[]  returntype=Object	type=Function  paramtypes=[]  returntype=Object	changed, equal to tsc
merge rule: a conditional type merges its branches as an intersection (tsc: as a union of the two branches)	"class C { @d p: (A extends B ? string : unknown); }"	type=String	type=Object	type=Object	changed, equal to tsc
merge rule: a conditional type merges its branches as an intersection (tsc: as a union of the two branches)	"class C { @d m(a: (A extends B ? string : unknown)) {} }"	type=Function  paramtypes=[String]  returntype=undefined	type=Function  paramtypes=[Object]  returntype=undefined	type=Function  paramtypes=[Object]  returntype=undefined	changed, equal to tsc
merge rule: a conditional type merges its branches as an intersection (tsc: as a union of the two branches)	"class C { @d m(): (A extends B ? string : unknown) { throw 0 } }"	type=Function  paramtypes=[]  returntype=String	type=Function  paramtypes=[]  returntype=Object	type=Function  paramtypes=[]  returntype=Object	changed, equal to tsc
tree shape: level of the false branch (the metadata sink reads it at Level::BitwiseAnd)	"class C { @d p: A extends B ? string : unknown | string; }"	type=String	type=Object	type=Object	changed, equal to tsc
tree shape: level of the false branch (the metadata sink reads it at Level::BitwiseAnd)	"class C { @d m(a: A extends B ? string : unknown | string) {} }"	type=Function  paramtypes=[String]  returntype=undefined	type=Function  paramtypes=[Object]  returntype=undefined	type=Function  paramtypes=[Object]  returntype=undefined	changed, equal to tsc
tree shape: level of the false branch (the metadata sink reads it at Level::BitwiseAnd)	"class C { @d m(): A extends B ? string : unknown | string { throw 0 } }"	type=Function  paramtypes=[]  returntype=String	type=Function  paramtypes=[]  returntype=Object	type=Function  paramtypes=[]  returntype=Object	changed, equal to tsc
tree shape: level of the false branch (the metadata sink reads it at Level::BitwiseAnd)	"class C { @d p: A extends B ? string : unknown | null; }"	type=String	type=Object	type=Object	changed, equal to tsc
tree shape: level of the false branch (the metadata sink reads it at Level::BitwiseAnd)	"class C { @d m(a: A extends B ? string : unknown | null) {} }"	type=Function  paramtypes=[String]  returntype=undefined	type=Function  paramtypes=[Object]  returntype=undefined	type=Function  paramtypes=[Object]  returntype=undefined	changed, equal to tsc
tree shape: level of the false branch (the metadata sink reads it at Level::BitwiseAnd)	"class C { @d m(): A extends B ? string : unknown | null { throw 0 } }"	type=Function  paramtypes=[]  returntype=String	type=Function  paramtypes=[]  returntype=Object	type=Function  paramtypes=[]  returntype=Object	changed, equal to tsc
merge rule: a conditional type merges its branches as an intersection (tsc: as a union of the two branches)	"class C { @d p: A extends B ? string | string : unknown; }"	type=String	type=Object	type=Object	changed, equal to tsc
merge rule: a conditional type merges its branches as an intersection (tsc: as a union of the two branches)	"class C { @d m(a: A extends B ? string | string : unknown) {} }"	type=Function  paramtypes=[String]  returntype=undefined	type=Function  paramtypes=[Object]  returntype=undefined	type=Function  paramtypes=[Object]  returntype=undefined	changed, equal to tsc
merge rule: a conditional type merges its branches as an intersection (tsc: as a union of the two branches)	"class C { @d m(): A extends B ? string | string : unknown { throw 0 } }"	type=Function  paramtypes=[]  returntype=String	type=Function  paramtypes=[]  returntype=Object	type=Function  paramtypes=[]  returntype=Object	changed, equal to tsc
merge rule: a conditional type merges its branches as an intersection (tsc: as a union of the two branches)	"class C { @d p: A extends B ? string : X extends Y ? string : unknown; }"	type=String	type=Object	type=Object	changed, equal to tsc
merge rule: a conditional type merges its branches as an intersection (tsc: as a union of the two branches)	"class C { @d m(a: A extends B ? string : X extends Y ? string : unknown) {} }"	type=Function  paramtypes=[String]  returntype=undefined	type=Function  paramtypes=[Object]  returntype=undefined	type=Function  paramtypes=[Object]  returntype=undefined	changed, equal to tsc
merge rule: a conditional type merges its branches as an intersection (tsc: as a union of the two branches)	"class C { @d m(): A extends B ? string : X extends Y ? string : unknown { throw 0 } }"	type=Function  paramtypes=[]  returntype=String	type=Function  paramtypes=[]  returntype=Object	type=Function  paramtypes=[]  returntype=Object	changed, equal to tsc
merge rule: a conditional type merges its branches as an intersection (tsc: as a union of the two branches)	"class C { @d p: A extends B ? X extends Y ? string : unknown : unknown; }"	type=String	type=Object	type=Object	changed, equal to tsc
merge rule: a conditional type merges its branches as an intersection (tsc: as a union of the two branches)	"class C { @d m(a: A extends B ? X extends Y ? string : unknown : unknown) {} }"	type=Function  paramtypes=[String]  returntype=undefined	type=Function  paramtypes=[Object]  returntype=undefined	type=Function  paramtypes=[Object]  returntype=undefined	changed, equal to tsc
merge rule: a conditional type merges its branches as an intersection (tsc: as a union of the two branches)	"class C { @d m(): A extends B ? X extends Y ? string : unknown : unknown { throw 0 } }"	type=Function  paramtypes=[]  returntype=String	type=Function  paramtypes=[]  returntype=Object	type=Function  paramtypes=[]  returntype=Object	changed, equal to tsc
merge rule: a conditional type merges its branches as an intersection (tsc: as a union of the two branches)	"class C { @d p: A extends B ? (string) : (unknown); }"	type=String	type=Object	type=Object	changed, equal to tsc
merge rule: a conditional type merges its branches as an intersection (tsc: as a union of the two branches)	"class C { @d m(a: A extends B ? (string) : (unknown)) {} }"	type=Function  paramtypes=[String]  returntype=undefined	type=Function  paramtypes=[Object]  returntype=undefined	type=Function  paramtypes=[Object]  returntype=undefined	changed, equal to tsc
merge rule: a conditional type merges its branches as an intersection (tsc: as a union of the two branches)	"class C { @d m(): A extends B ? (string) : (unknown) { throw 0 } }"	type=Function  paramtypes=[]  returntype=String	type=Function  paramtypes=[]  returntype=Object	type=Function  paramtypes=[]  returntype=Object	changed, equal to tsc
merge rule: a conditional type merges its branches as an intersection (tsc: as a union of the two branches)	"class C { @d p: A extends infer U ? string : unknown; }"	type=String	type=Object	type=Object	changed, equal to tsc
merge rule: a conditional type merges its branches as an intersection (tsc: as a union of the two branches)	"class C { @d m(a: A extends infer U ? string : unknown) {} }"	type=Function  paramtypes=[String]  returntype=undefined	type=Function  paramtypes=[Object]  returntype=undefined	type=Function  paramtypes=[Object]  returntype=undefined	changed, equal to tsc
merge rule: a conditional type merges its branches as an intersection (tsc: as a union of the two branches)	"class C { @d m(): A extends infer U ? string : unknown { throw 0 } }"	type=Function  paramtypes=[]  returntype=String	type=Function  paramtypes=[]  returntype=Object	type=Function  paramtypes=[]  returntype=Object	changed, equal to tsc
merge rule: a conditional type merges its branches as an intersection (tsc: as a union of the two branches)	"class C { @d p: A extends infer U extends V ? string : unknown; }"	type=String	type=Object	type=Object	changed, equal to tsc
merge rule: a conditional type merges its branches as an intersection (tsc: as a union of the two branches)	"class C { @d m(a: A extends infer U extends V ? string : unknown) {} }"	type=Function  paramtypes=[String]  returntype=undefined	type=Function  paramtypes=[Object]  returntype=undefined	type=Function  paramtypes=[Object]  returntype=undefined	changed, equal to tsc
merge rule: a conditional type merges its branches as an intersection (tsc: as a union of the two branches)	"class C { @d m(): A extends infer U extends V ? string : unknown { throw 0 } }"	type=Function  paramtypes=[]  returntype=String	type=Function  paramtypes=[]  returntype=Object	type=Function  paramtypes=[]  returntype=Object	changed, equal to tsc
tree shape: operand of | or & swallows extends ? :	"class C { @d p: string | (A extends B ? string : unknown); }"	type=String	type=Object	type=Object	changed, equal to tsc
tree shape: operand of | or & swallows extends ? :	"class C { @d m(a: string | (A extends B ? string : unknown)) {} }"	type=Function  paramtypes=[String]  returntype=undefined	type=Function  paramtypes=[Object]  returntype=undefined	type=Function  paramtypes=[Object]  returntype=undefined	changed, equal to tsc
tree shape: operand of | or & swallows extends ? :	"class C { @d m(): string | (A extends B ? string : unknown) { throw 0 } }"	type=Function  paramtypes=[]  returntype=String	type=Function  paramtypes=[]  returntype=Object	type=Function  paramtypes=[]  returntype=Object	changed, equal to tsc
merge rule: a conditional type merges its branches as an intersection (tsc: as a union of the two branches)	"class C { @d p: (string | A) extends B ? string : unknown; }"	type=String	type=Object	type=Object	changed, equal to tsc
merge rule: a conditional type merges its branches as an intersection (tsc: as a union of the two branches)	"class C { @d m(a: (string | A) extends B ? string : unknown) {} }"	type=Function  paramtypes=[String]  returntype=undefined	type=Function  paramtypes=[Object]  returntype=undefined	type=Function  paramtypes=[Object]  returntype=undefined	changed, equal to tsc
merge rule: a conditional type merges its branches as an intersection (tsc: as a union of the two branches)	"class C { @d m(): (string | A) extends B ? string : unknown { throw 0 } }"	type=Function  paramtypes=[]  returntype=String	type=Function  paramtypes=[]  returntype=Object	type=Function  paramtypes=[]  returntype=Object	changed, equal to tsc
tree shape: operand of keyof / readonly / unique swallows extends ? :	"class C { @d p: readonly A[] extends B ? void : string; }"	type=Array	type=Object	type=Object	changed, equal to tsc
tree shape: operand of keyof / readonly / unique swallows extends ? :	"class C { @d m(a: readonly A[] extends B ? void : string) {} }"	type=Function  paramtypes=[Array]  returntype=undefined	type=Function  paramtypes=[Object]  returntype=undefined	type=Function  paramtypes=[Object]  returntype=undefined	changed, equal to tsc
tree shape: operand of keyof / readonly / unique swallows extends ? :	"class C { @d m(): readonly A[] extends B ? void : string { throw 0 } }"	type=Function  paramtypes=[]  returntype=Array	type=Function  paramtypes=[]  returntype=Object	type=Function  paramtypes=[]  returntype=Object	changed, equal to tsc
tree shape: operand of | or & swallows extends ? :	"class C { @d p: string | A extends B ? string[] : number[]; }"	type=Object	type=Array	type=Array	changed, equal to tsc
tree shape: operand of | or & swallows extends ? :	"class C { @d m(a: string | A extends B ? string[] : number[]) {} }"	type=Function  paramtypes=[Object]  returntype=undefined	type=Function  paramtypes=[Array]  returntype=undefined	type=Function  paramtypes=[Array]  returntype=undefined	changed, equal to tsc
tree shape: operand of | or & swallows extends ? :	"class C { @d m(): string | A extends B ? string[] : number[] { throw 0 } }"	type=Function  paramtypes=[]  returntype=Object	type=Function  paramtypes=[]  returntype=Array	type=Function  paramtypes=[]  returntype=Array	changed, equal to tsc
tree shape: operand of | or & swallows extends ? :	"class C { @d p: number | A extends B ? string[] : number[]; }"	type=Object	type=Array	type=Array	changed, equal to tsc
tree shape: operand of | or & swallows extends ? :	"class C { @d m(a: number | A extends B ? string[] : number[]) {} }"	type=Function  paramtypes=[Object]  returntype=undefined	type=Function  paramtypes=[Array]  returntype=undefined	type=Function  paramtypes=[Array]  returntype=undefined	changed, equal to tsc
tree shape: operand of | or & swallows extends ? :	"class C { @d m(): number | A extends B ? string[] : number[] { throw 0 } }"	type=Function  paramtypes=[]  returntype=Object	type=Function  paramtypes=[]  returntype=Array	type=Function  paramtypes=[]  returntype=Array	changed, equal to tsc
tree shape: operand of | or & swallows extends ? :	"class C { @d p: K | A extends B ? string[] : number[]; }"	type=Object	type=Array	type=Array	changed, equal to tsc
tree shape: operand of | or & swallows extends ? :	"class C { @d m(a: K | A extends B ? string[] : number[]) {} }"	type=Function  paramtypes=[Object]  returntype=undefined	type=Function  paramtypes=[Array]  returntype=undefined	type=Function  paramtypes=[Array]  returntype=undefined	changed, equal to tsc
tree shape: operand of | or & swallows extends ? :	"class C { @d m(): K | A extends B ? string[] : number[] { throw 0 } }"	type=Function  paramtypes=[]  returntype=Object	type=Function  paramtypes=[]  returntype=Array	type=Function  paramtypes=[]  returntype=Array	changed, equal to tsc
tree shape: operand of | or & swallows extends ? :	"class C { @d p: string & A extends B ? string[] : number[]; }"	type=Object	type=Array	type=Array	changed, equal to tsc
tree shape: operand of | or & swallows extends ? :	"class C { @d m(a: string & A extends B ? string[] : number[]) {} }"	type=Function  paramtypes=[Object]  returntype=undefined	type=Function  paramtypes=[Array]  returntype=undefined	type=Function  paramtypes=[Array]  returntype=undefined	changed, equal to tsc
tree shape: operand of | or & swallows extends ? :	"class C { @d m(): string & A extends B ? string[] : number[] { throw 0 } }"	type=Function  paramtypes=[]  returntype=Object	type=Function  paramtypes=[]  returntype=Array	type=Function  paramtypes=[]  returntype=Array	changed, equal to tsc
tree shape: operand of | or & swallows extends ? :	"class C { @d p: K & A extends B ? string[] : number[]; }"	type=Object	type=Array	type=Array	changed, equal to tsc
tree shape: operand of | or & swallows extends ? :	"class C { @d m(a: K & A extends B ? string[] : number[]) {} }"	type=Function  paramtypes=[Object]  returntype=undefined	type=Function  paramtypes=[Array]  returntype=undefined	type=Function  paramtypes=[Array]  returntype=undefined	changed, equal to tsc
tree shape: operand of | or & swallows extends ? :	"class C { @d m(): K & A extends B ? string[] : number[] { throw 0 } }"	type=Function  paramtypes=[]  returntype=Object	type=Function  paramtypes=[]  returntype=Array	type=Function  paramtypes=[]  returntype=Array	changed, equal to tsc
tree shape: operand of keyof / readonly / unique swallows extends ? :	"class C { @d p: keyof A extends B ? string[] : number[]; }"	type=Object	type=Array	type=Array	changed, equal to tsc
tree shape: operand of keyof / readonly / unique swallows extends ? :	"class C { @d m(a: keyof A extends B ? string[] : number[]) {} }"	type=Function  paramtypes=[Object]  returntype=undefined	type=Function  paramtypes=[Array]  returntype=undefined	type=Function  paramtypes=[Array]  returntype=undefined	changed, equal to tsc
tree shape: operand of keyof / readonly / unique swallows extends ? :	"class C { @d m(): keyof A extends B ? string[] : number[] { throw 0 } }"	type=Function  paramtypes=[]  returntype=Object	type=Function  paramtypes=[]  returntype=Array	type=Function  paramtypes=[]  returntype=Array	changed, equal to tsc
tree shape: operand of | or & swallows extends ? :	"class C { @d p: string | A extends B ? () => void : () => void; }"	type=Object	type=Function	type=Function	changed, equal to tsc
tree shape: operand of | or & swallows extends ? :	"class C { @d m(a: string | A extends B ? () => void : () => void) {} }"	type=Function  paramtypes=[Object]  returntype=undefined	type=Function  paramtypes=[Function]  returntype=undefined	type=Function  paramtypes=[Function]  returntype=undefined	changed, equal to tsc
tree shape: operand of | or & swallows extends ? :	"class C { @d m(): string | A extends B ? () => void : () => void { throw 0 } }"	type=Function  paramtypes=[]  returntype=Object	type=Function  paramtypes=[]  returntype=Function	type=Function  paramtypes=[]  returntype=Function	changed, equal to tsc
tree shape: operand of | or & swallows extends ? :	"class C { @d p: number | A extends B ? () => void : () => void; }"	type=Object	type=Function	type=Function	changed, equal to tsc
tree shape: operand of | or & swallows extends ? :	"class C { @d m(a: number | A extends B ? () => void : () => void) {} }"	type=Function  paramtypes=[Object]  returntype=undefined	type=Function  paramtypes=[Function]  returntype=undefined	type=Function  paramtypes=[Function]  returntype=undefined	changed, equal to tsc
tree shape: operand of | or & swallows extends ? :	"class C { @d m(): number | A extends B ? () => void : () => void { throw 0 } }"	type=Function  paramtypes=[]  returntype=Object	type=Function  paramtypes=[]  returntype=Function	type=Function  paramtypes=[]  returntype=Function	changed, equal to tsc
tree shape: operand of | or & swallows extends ? :	"class C { @d p: K | A extends B ? () => void : () => void; }"	type=Object	type=Function	type=Function	changed, equal to tsc
tree shape: operand of | or & swallows extends ? :	"class C { @d m(a: K | A extends B ? () => void : () => void) {} }"	type=Function  paramtypes=[Object]  returntype=undefined	type=Function  paramtypes=[Function]  returntype=undefined	type=Function  paramtypes=[Function]  returntype=undefined	changed, equal to tsc
tree shape: operand of | or & swallows extends ? :	"class C { @d m(): K | A extends B ? () => void : () => void { throw 0 } }"	type=Function  paramtypes=[]  returntype=Object	type=Function  paramtypes=[]  returntype=Function	type=Function  paramtypes=[]  returntype=Function	changed, equal to tsc
tree shape: operand of | or & swallows extends ? :	"class C { @d p: string & A extends B ? () => void : () => void; }"	type=Object	type=Function	type=Function	changed, equal to tsc
tree shape: operand of | or & swallows extends ? :	"class C { @d m(a: string & A extends B ? () => void : () => void) {} }"	type=Function  paramtypes=[Object]  returntype=undefined	type=Function  paramtypes=[Function]  returntype=undefined	type=Function  paramtypes=[Function]  returntype=undefined	changed, equal to tsc
tree shape: operand of | or & swallows extends ? :	"class C { @d m(): string & A extends B ? () => void : () => void { throw 0 } }"	type=Function  paramtypes=[]  returntype=Object	type=Function  paramtypes=[]  returntype=Function	type=Function  paramtypes=[]  returntype=Function	changed, equal to tsc
tree shape: operand of | or & swallows extends ? :	"class C { @d p: K & A extends B ? () => void : () => void; }"	type=Object	type=Function	type=Function	changed, equal to tsc
tree shape: operand of | or & swallows extends ? :	"class C { @d m(a: K & A extends B ? () => void : () => void) {} }"	type=Function  paramtypes=[Object]  returntype=undefined	type=Function  paramtypes=[Function]  returntype=undefined	type=Function  paramtypes=[Function]  returntype=undefined	changed, equal to tsc
tree shape: operand of | or & swallows extends ? :	"class C { @d m(): K & A extends B ? () => void : () => void { throw 0 } }"	type=Function  paramtypes=[]  returntype=Object	type=Function  paramtypes=[]  returntype=Function	type=Function  paramtypes=[]  returntype=Function	changed, equal to tsc
tree shape: operand of keyof / readonly / unique swallows extends ? :	"class C { @d p: keyof A extends B ? () => void : () => void; }"	type=Object	type=Function	type=Function	changed, equal to tsc
tree shape: operand of keyof / readonly / unique swallows extends ? :	"class C { @d m(a: keyof A extends B ? () => void : () => void) {} }"	type=Function  paramtypes=[Object]  returntype=undefined	type=Function  paramtypes=[Function]  returntype=undefined	type=Function  paramtypes=[Function]  returntype=undefined	changed, equal to tsc
tree shape: operand of keyof / readonly / unique swallows extends ? :	"class C { @d m(): keyof A extends B ? () => void : () => void { throw 0 } }"	type=Function  paramtypes=[]  returntype=Object	type=Function  paramtypes=[]  returntype=Function	type=Function  paramtypes=[]  returntype=Function	changed, equal to tsc
tree shape: operand of keyof / readonly / unique swallows extends ? :	"class C { @d p: readonly A[] extends B ? () => void : () => void; }"	type=Array	type=Function	type=Function	changed, equal to tsc
tree shape: operand of keyof / readonly / unique swallows extends ? :	"class C { @d m(a: readonly A[] extends B ? () => void : () => void) {} }"	type=Function  paramtypes=[Array]  returntype=undefined	type=Function  paramtypes=[Function]  returntype=undefined	type=Function  paramtypes=[Function]  returntype=undefined	changed, equal to tsc
tree shape: operand of keyof / readonly / unique swallows extends ? :	"class C { @d m(): readonly A[] extends B ? () => void : () => void { throw 0 } }"	type=Function  paramtypes=[]  returntype=Array	type=Function  paramtypes=[]  returntype=Function	type=Function  paramtypes=[]  returntype=Function	changed, equal to tsc
tree shape: operand of keyof / readonly / unique swallows extends ? :	"class C { @d p: readonly A[] extends B ? {} : {}; }"	type=Array	type=Object	type=Object	changed, equal to tsc
tree shape: operand of keyof / readonly / unique swallows extends ? :	"class C { @d m(a: readonly A[] extends B ? {} : {}) {} }"	type=Function  paramtypes=[Array]  returntype=undefined	type=Function  paramtypes=[Object]  returntype=undefined	type=Function  paramtypes=[Object]  returntype=undefined	changed, equal to tsc
tree shape: operand of keyof / readonly / unique swallows extends ? :	"class C { @d m(): readonly A[] extends B ? {} : {} { throw 0 } }"	type=Function  paramtypes=[]  returntype=Array	type=Function  paramtypes=[]  returntype=Object	type=Function  paramtypes=[]  returntype=Object	changed, equal to tsc
tree shape: operand of keyof / readonly / unique swallows extends ? :	"class C { @d p: readonly A[] extends B ? Object : string; }"	type=Array	type=Object	type=Object	changed, equal to tsc
tree shape: operand of keyof / readonly / unique swallows extends ? :	"class C { @d m(a: readonly A[] extends B ? Object : string) {} }"	type=Function  paramtypes=[Array]  returntype=undefined	type=Function  paramtypes=[Object]  returntype=undefined	type=Function  paramtypes=[Object]  returntype=undefined	changed, equal to tsc
tree shape: operand of keyof / readonly / unique swallows extends ? :	"class C { @d m(): readonly A[] extends B ? Object : string { throw 0 } }"	type=Function  paramtypes=[]  returntype=Array	type=Function  paramtypes=[]  returntype=Object	type=Function  paramtypes=[]  returntype=Object	changed, equal to tsc
type predicate: x is T / this is T (Bun: reference to x or Object, tsc: Boolean)	"class C { @d m(): a is string { throw 0 } }"	type=Function  paramtypes=[]  returntype=Ref(a)	type=Function  paramtypes=[]  returntype=Boolean	type=Function  paramtypes=[]  returntype=Boolean	changed, equal to tsc
type predicate: x is T / this is T (Bun: reference to x or Object, tsc: Boolean)	"class C { @d m(): a is K { throw 0 } }"	type=Function  paramtypes=[]  returntype=Ref(a)	type=Function  paramtypes=[]  returntype=Boolean	type=Function  paramtypes=[]  returntype=Boolean	changed, equal to tsc
type predicate: x is T / this is T (Bun: reference to x or Object, tsc: Boolean)	"class C { @d p: this is K; }"	type=Object	type=Boolean	type=Boolean	changed, equal to tsc
type predicate: x is T / this is T (Bun: reference to x or Object, tsc: Boolean)	"class C { @d m(a: this is K) {} }"	type=Function  paramtypes=[Object]  returntype=undefined	type=Function  paramtypes=[Boolean]  returntype=undefined	type=Function  paramtypes=[Boolean]  returntype=undefined	changed, equal to tsc
type predicate: x is T / this is T (Bun: reference to x or Object, tsc: Boolean)	"class C { @d m(): this is K { throw 0 } }"	type=Function  paramtypes=[]  returntype=Object	type=Function  paramtypes=[]  returntype=Boolean	type=Function  paramtypes=[]  returntype=Boolean	changed, equal to tsc
type predicate: asserts x / asserts x is T (Bun: Object, tsc: undefined)	"class C { @d m(): asserts a is string { throw 0 } }"	type=Function  paramtypes=[]  returntype=Object	type=Function  paramtypes=[]  returntype=undefined	type=Function  paramtypes=[]  returntype=undefined	changed, equal to tsc
type predicate: asserts x / asserts x is T (Bun: Object, tsc: undefined)	"class C { @d m(): asserts this is K { throw 0 } }"	type=Function  paramtypes=[]  returntype=Object	type=Function  paramtypes=[]  returntype=undefined	type=Function  paramtypes=[]  returntype=undefined	changed, equal to tsc
type predicate: x is T / this is T (Bun: reference to x or Object, tsc: Boolean)	"class C { @d m(): a is string | number { throw 0 } }"	type=Function  paramtypes=[]  returntype=Ref(a)	type=Function  paramtypes=[]  returntype=Boolean	type=Function  paramtypes=[]  returntype=Boolean	changed, equal to tsc
type predicate: x is T / this is T (Bun: reference to x or Object, tsc: Boolean)	"class C { @d m(): a is K extends B ? C : D { throw 0 } }"	type=Function  paramtypes=[]  returntype=Ref(a)	type=Function  paramtypes=[]  returntype=Boolean	type=Function  paramtypes=[]  returntype=Boolean	changed, equal to tsc
type predicate: asserts x / asserts x is T (Bun: Object, tsc: undefined)	"class C { @d m(): asserts a is K | null { throw 0 } }"	type=Function  paramtypes=[]  returntype=Object	type=Function  paramtypes=[]  returntype=undefined	type=Function  paramtypes=[]  returntype=undefined	changed, equal to tsc
