baseline	hardest class
ArrowFunction1.errors.txt	00-no-arguments
ArrowFunction3.errors.txt	05-other-single-token
ArrowFunctionExpression1.errors.txt	00-no-arguments
ClassAndModuleThatMergeWithModuleMemberThatUsesClassTypeParameter.errors.txt	03-identifier
ClassAndModuleThatMergeWithModulesExportedGenericFunctionAndGenericClassStaticFunctionOfTheSameName.errors.txt	03-identifier
ClassAndModuleThatMergeWithModulesExportedGenericFunctionAndNonGenericClassStaticFunctionOfTheSameName.errors.txt	03-identifier
ClassAndModuleThatMergeWithModulesExportedStaticFunctionUsingClassPrivateStatics.errors.txt	10-generic
ClassAndModuleThatMergeWithStaticFunctionAndExportedFunctionThatShareAName.errors.txt	03-identifier
ClassAndModuleThatMergeWithStaticVariableAndExportedVarThatShareAName.errors.txt	03-identifier
ClassAndModuleWithSameNameAndCommonRoot.errors.txt	03-identifier
ClassAndModuleWithSameNameAndCommonRootES6.errors.txt	03-identifier
ClassDeclaration10.errors.txt	00-no-arguments
ClassDeclaration11.errors.txt	00-no-arguments
ClassDeclaration13.errors.txt	03-identifier
ClassDeclaration14.errors.txt	00-no-arguments
ClassDeclaration15.errors.txt	00-no-arguments
ClassDeclaration21.errors.txt	02-literal
ClassDeclaration22.errors.txt	02-literal
ClassDeclaration24.errors.txt	01-keyword
ClassDeclaration25.errors.txt	00-no-arguments
ClassDeclaration26.errors.txt	10-function
ClassDeclaration8.errors.txt	00-no-arguments
ClassDeclaration9.errors.txt	00-no-arguments
ClassDeclarationWithInvalidConstOnPropertyDeclaration.errors.txt	03-identifier
ES3For-ofTypeCheck4(target=es2015).errors.txt	03-identifier
ES3For-ofTypeCheck6(target=es2015).errors.txt	03-identifier
ES5For-of12(target=es2015).errors.txt	00-no-arguments
ES5For-of17(target=es2015).errors.txt	03-identifier
ES5For-of20(target=es2015).errors.txt	03-identifier
ES5For-of26(target=es2015).errors.txt	01-keyword
ES5For-of27(target=es2015).errors.txt	03-identifier
ES5For-of28(target=es2015).errors.txt	01-keyword
ES5For-of29(target=es2015).errors.txt	03-identifier
ES5For-of30(target=es2015).errors.txt	10-union
ES5For-of33(target=es2015).errors.txt	03-identifier
ES5For-of34(target=es2015).errors.txt	03-identifier
ES5For-of35(target=es2015).errors.txt	03-identifier
ES5For-of36(target=es2015).errors.txt	03-identifier
ES5For-of37(target=es2015).errors.txt	03-identifier
ES5For-of7(target=es2015).errors.txt	10-array
ES5For-of8(target=es2015).errors.txt	01-keyword
ES5For-ofTypeCheck11(target=es2015).errors.txt	10-union
ES5For-ofTypeCheck12(target=es2015).errors.txt	02-literal
ES5For-ofTypeCheck4(target=es2015).errors.txt	03-identifier
ES5For-ofTypeCheck5(target=es2015).errors.txt	03-identifier
ES5For-ofTypeCheck6(target=es2015).errors.txt	03-identifier
ES5For-ofTypeCheck7(target=es2015).errors.txt	10-union
ES5For-ofTypeCheck8(target=es2015).errors.txt	10-union
ES5For-ofTypeCheck9(target=es2015).errors.txt	10-union
ES5SymbolProperty3(target=es2015).errors.txt	03-identifier
ES5SymbolProperty4(target=es2015).errors.txt	10-object
ES5SymbolProperty5(target=es2015).errors.txt	10-object
ES5SymbolProperty7(target=es2015).errors.txt	10-object
ES5SymbolType1(target=es2015).errors.txt	03-identifier
ExportAssignment7.errors.txt	03-identifier
ExportAssignment8.errors.txt	03-identifier
ExportClassWithAccessibleTypesInTypeParameterConstraintsClassHeritageListMemberTypeAnnotations.errors.txt	03-identifier
ExportClassWithInaccessibleTypeInIndexerTypeAnnotations.errors.txt	03-identifier
ExportClassWithInaccessibleTypeInTypeParameterConstraint.errors.txt	10-generic
ExportFunctionWithAccessibleTypesInParameterAndReturnTypeAnnotation.errors.txt	03-identifier
ExportFunctionWithInaccessibleTypesInParameterTypeAnnotation.errors.txt	03-identifier
ExportFunctionWithInaccessibleTypesInReturnTypeAnnotation.errors.txt	03-identifier
ExportObjectLiteralAndObjectTypeLiteralWithAccessibleTypesInNestedMemberTypeAnnotations.errors.txt	10-object
ExportVariableOfGenericTypeWithInaccessibleTypeAsTypeArgument.errors.txt	03-identifier
FunctionAndModuleWithSameNameAndCommonRoot.errors.txt	10-typeof
FunctionDeclaration10_es6.errors.txt	05-other-single-token
FunctionDeclaration11_es6.errors.txt	03-identifier
FunctionDeclaration12_es6.errors.txt	03-identifier
FunctionDeclaration13_es6.errors.txt	03-identifier
FunctionDeclaration2_es6(alwaysstrict=true).errors.txt	03-identifier
FunctionDeclaration3.errors.txt	03-identifier
FunctionDeclaration3_es6.errors.txt	03-identifier
FunctionDeclaration4.errors.txt	03-identifier
FunctionDeclaration4_es6.errors.txt	03-identifier
FunctionDeclaration5_es6.errors.txt	03-identifier
FunctionDeclaration6.errors.txt	03-identifier
FunctionDeclaration6_es6.errors.txt	00-no-arguments
FunctionDeclaration7.errors.txt	03-identifier
FunctionDeclaration7_es6.errors.txt	00-no-arguments
FunctionDeclaration8_es6.errors.txt	03-identifier
FunctionPropertyAssignments2_es6.errors.txt	00-no-arguments
FunctionPropertyAssignments3_es6.errors.txt	00-no-arguments
FunctionPropertyAssignments4_es6.errors.txt	00-no-arguments
FunctionPropertyAssignments5_es6.errors.txt	03-identifier
FunctionPropertyAssignments6_es6.errors.txt	00-no-arguments
InterfaceDeclaration8.errors.txt	01-keyword
InvalidNonInstantiatedModule.errors.txt	03-identifier
MemberAccessorDeclaration15.errors.txt	00-no-arguments
MemberFunctionDeclaration3_es6.errors.txt	03-identifier
MemberFunctionDeclaration4_es6.errors.txt	00-no-arguments
MemberFunctionDeclaration5_es6.errors.txt	05-other-single-token
MemberFunctionDeclaration6_es6.errors.txt	05-other-single-token
MemberFunctionDeclaration8_es6.errors.txt	03-identifier
ModuleAndClassWithSameNameAndCommonRoot.errors.txt	03-identifier
ModuleAndFunctionWithSameNameAndCommonRoot.errors.txt	00-no-arguments
ModuleWithExportedAndNonExportedClasses.errors.txt	10-typeof
ModuleWithExportedAndNonExportedEnums.errors.txt	10-typeof
ModuleWithExportedAndNonExportedFunctions.errors.txt	10-typeof
ModuleWithExportedAndNonExportedImportAlias.errors.txt	10-typeof
ModuleWithExportedAndNonExportedVariables.errors.txt	10-typeof
NonInitializedExportInInternalModule(alwaysstrict=true).errors.txt	03-identifier
ParameterList13.errors.txt	03-identifier
ParameterList4.errors.txt	03-identifier
ParameterList5.errors.txt	03-identifier
ParameterList6.errors.txt	03-identifier
ParameterList7.errors.txt	00-no-arguments
ParameterList8.errors.txt	00-no-arguments
Protected1.errors.txt	03-identifier
Protected2.errors.txt	03-identifier
Protected4.errors.txt	00-no-arguments
Protected6.errors.txt	03-identifier
Protected7.errors.txt	00-no-arguments
TemplateExpression1.errors.txt	05-other-single-token
TransportStream.errors.txt	03-identifier
TupleType4.errors.txt	05-other-single-token
TupleType6.errors.txt	00-no-arguments
TwoInternalModulesThatMergeEachWithExportedAndNonExportedClassesOfTheSameName.errors.txt	03-identifier
TwoInternalModulesThatMergeEachWithExportedClassesOfTheSameName.errors.txt	03-identifier
TwoInternalModulesThatMergeEachWithExportedLocalVarsOfTheSameName.errors.txt	03-identifier
TwoInternalModulesThatMergeEachWithExportedModulesOfTheSameName.errors.txt	03-identifier
TypeArgumentList1.errors.txt	03-identifier
TypeGuardWithArrayUnion.errors.txt	03-identifier
VariableDeclaration11_es6.errors.txt	03-identifier
VariableDeclaration13_es6.errors.txt	05-other-single-token
VariableDeclaration1_es6.errors.txt	00-no-arguments
VariableDeclaration2_es6.errors.txt	03-identifier
VariableDeclaration4_es6.errors.txt	03-identifier
VariableDeclaration6_es6.errors.txt	03-identifier
YieldExpression10_es6.errors.txt	03-identifier
YieldExpression11_es6.errors.txt	03-identifier
YieldExpression12_es6.errors.txt	03-identifier
YieldExpression14_es6.errors.txt	03-identifier
YieldExpression15_es6.errors.txt	03-identifier
YieldExpression16_es6.errors.txt	00-no-arguments
YieldExpression17_es6.errors.txt	03-identifier
YieldExpression18_es6.errors.txt	03-identifier
YieldExpression1_es6.errors.txt	03-identifier
YieldExpression20_es6.errors.txt	00-no-arguments
YieldExpression2_es6.errors.txt	03-identifier
YieldExpression5_es6.errors.txt	00-no-arguments
YieldExpression6_es6.errors.txt	10-function
YieldExpression8_es6.errors.txt	03-identifier
YieldExpression9_es6.errors.txt	03-identifier
YieldStarExpression1_es6.errors.txt	03-identifier
YieldStarExpression2_es6.errors.txt	03-identifier
YieldStarExpression3_es6.errors.txt	00-no-arguments
abstractClassInLocalScopeIsAbstract.errors.txt	00-no-arguments
abstractClassUnionInstantiation.errors.txt	03-identifier
abstractPropertyInConstructor.errors.txt	03-identifier
abstractPropertyInitializer.errors.txt	03-identifier
abstractPropertyNegative(target=es2015).errors.txt	10-object
accessInstanceMemberFromStaticMethod01.errors.txt	03-identifier
accessStaticMemberFromInstanceMethod01.errors.txt	03-identifier
accessibilityModifiers(target=es2015).errors.txt	03-identifier
accessorAccidentalCallDiagnostic(target=es2015).errors.txt	03-identifier
accessorBodyInTypeContext.errors.txt	00-no-arguments
accessorDeclarationEmitVisibilityErrors.errors.txt	03-identifier
accessorDeclarationOrder.errors.txt	05-other-single-token
accessorInAmbientContextES5(target=es2015).errors.txt	03-identifier
accessorInferredReturnTypeErrorInReturnStatement.errors.txt	10-object
accessorParameterAccessibilityModifier(target=es2015).errors.txt	00-no-arguments
accessorWithInitializer(target=es2015).errors.txt	00-no-arguments
accessorWithRestParam(target=es2015).errors.txt	00-no-arguments
accessorWithoutBody1(target=es2015).errors.txt	10-object
accessorWithoutBody2(target=es2015).errors.txt	10-object
accessorsAreNotContextuallyTyped.errors.txt	03-identifier
accessorsInAmbientContext(target=es2015).errors.txt	00-no-arguments
accessorsOverrideMethod.errors.txt	03-identifier
accessorsOverrideProperty.errors.txt	03-identifier
accessorsOverrideProperty10.errors.txt	03-identifier
accessorsOverrideProperty2.errors.txt	03-identifier
accessorsOverrideProperty3.errors.txt	03-identifier
accessorsOverrideProperty4.errors.txt	03-identifier
accessorsOverrideProperty6.errors.txt	03-identifier
accessorsOverrideProperty7(target=es2015).errors.txt	03-identifier
accessors_spec_section-4.5_error-cases.errors.txt	01-keyword
addMoreCallSignaturesToBaseSignature.errors.txt	03-identifier
addMoreCallSignaturesToBaseSignature2.errors.txt	03-identifier
addMoreOverloadsToBaseSignature.errors.txt	10-function
additionOperatorWithInvalidOperands.errors.txt	10-typeof
additionOperatorWithNullValueAndInvalidOperator.errors.txt	01-keyword
additionOperatorWithNullValueAndValidOperator.errors.txt	01-keyword
additionOperatorWithNumberAndEnum.errors.txt	03-identifier
additionOperatorWithOnlyNullValueOrUndefinedValue.errors.txt	01-keyword
additionOperatorWithStringAndEveryType.errors.txt	03-identifier
additionOperatorWithTypeParameter.errors.txt	10-function
additionOperatorWithUndefinedValueAndInvalidOperands.errors.txt	01-keyword
additionOperatorWithUndefinedValueAndValidOperator.errors.txt	01-keyword
aliasAssignments.errors.txt	10-import-type
aliasBug.errors.txt	04-qualified-name
aliasDoesNotDuplicateSignatures.errors.txt	10-function
aliasErrors.errors.txt	04-qualified-name
aliasInstantiationExpressionGenericIntersectionNoCrash1.errors.txt	10-generic
aliasInstantiationExpressionGenericIntersectionNoCrash2.errors.txt	10-generic
aliasOnMergedModuleInterface.errors.txt	03-identifier
aliasUsageInAccessorsOfClass(target=es2015).errors.txt	03-identifier
aliasUsageInArray.errors.txt	03-identifier
aliasUsageInFunctionExpression.errors.txt	03-identifier
aliasUsageInGenericFunction.errors.txt	03-identifier
aliasUsageInIndexerOfClass.errors.txt	03-identifier
aliasUsageInObjectLiteral.errors.txt	03-identifier
aliasUsageInOrExpression.errors.txt	10-object
aliasUsageInTypeArgumentOfExtendsClause.errors.txt	03-identifier
aliasUsageInVarAssignment.errors.txt	03-identifier
aliasWithInterfaceExportAssignmentUsedInVarInitializer.errors.txt	03-identifier
allowImportClausesToMergeWithTypes.errors.txt	03-identifier
allowImportingTsExtensions(moduleresolution=bundler).errors.txt	05-other-single-token
allowImportingTsExtensions(moduleresolution=node16).errors.txt	05-other-single-token
allowImportingTsExtensions(moduleresolution=nodenext).errors.txt	05-other-single-token
allowImportingTypesDtsExtension(allowimportingtsextensions=false,moduleresolution=node16).errors.txt	03-identifier
allowImportingTypesDtsExtension(allowimportingtsextensions=false,moduleresolution=nodenext).errors.txt	03-identifier
allowImportingTypesDtsExtension(allowimportingtsextensions=true,moduleresolution=node16).errors.txt	03-identifier
allowImportingTypesDtsExtension(allowimportingtsextensions=true,moduleresolution=nodenext).errors.txt	03-identifier
allowJscheckJsTypeParameterNoCrash.errors.txt	10-generic
allowSyntheticDefaultImports10.errors.txt	10-import-type
allowSyntheticDefaultImports9.errors.txt	03-identifier
allowsImportingTsExtension.errors.txt	05-other-single-token
alwaysStrict.errors.txt	03-identifier
alwaysStrictES6.errors.txt	03-identifier
alwaysStrictModule.errors.txt	03-identifier
ambientDeclarationsPatterns_merging1.errors.txt	03-identifier
ambientDeclarationsPatterns_merging2.errors.txt	03-identifier
ambientDeclarationsPatterns_merging3.errors.txt	03-identifier
ambientDeclarationsPatterns_tooManyAsterisks.errors.txt	05-other-single-token
ambientEnum1.errors.txt	00-no-arguments
ambientErrors.errors.txt	00-no-arguments
ambientErrors1.errors.txt	00-no-arguments
ambientExportDefaultErrors.errors.txt	00-no-arguments
ambientExternalModuleInAnotherExternalModule.errors.txt	03-identifier
ambientExternalModuleInsideNonAmbient.errors.txt	00-no-arguments
ambientExternalModuleInsideNonAmbientExternalModule.errors.txt	03-identifier
ambientExternalModuleWithRelativeExternalImportDeclaration.errors.txt	05-other-single-token
ambientExternalModuleWithRelativeModuleName.errors.txt	00-no-arguments
ambientGetters(target=es2015).errors.txt	00-no-arguments
ambientModuleDeclarationWithReservedIdentifierInDottedPath.errors.txt	05-other-single-token
ambientModuleDeclarationWithReservedIdentifierInDottedPath2.errors.txt	05-other-single-token
ambientPropertyDeclarationInJs.errors.txt	10-object
ambientStatement1.errors.txt	00-no-arguments
ambientWithStatements(alwaysstrict=true).errors.txt	00-no-arguments
ambiguousGenericAssertion1.errors.txt	05-other-single-token
ambiguousOverload.errors.txt	01-keyword
amdDependencyComment1.errors.txt	03-identifier
amdDependencyCommentName1.errors.txt	03-identifier
anonymousClassDecoratorEs2022.errors.txt	03-identifier
anonymousClassExpression2.errors.txt	03-identifier
anonymousModules.errors.txt	03-identifier
anyAsConstructor.errors.txt	00-no-arguments
anyAsGenericFunctionCall.errors.txt	03-identifier
anyAssignableToEveryType.errors.txt	03-identifier
anyDeclare.errors.txt	03-identifier
anyIdenticalToItself.errors.txt	00-no-arguments
anyIndexedAccessArrayNoException.errors.txt	10-array
anyInferenceAnonymousFunctions.errors.txt	03-identifier
anyMappedTypesError.errors.txt	00-no-arguments
apparentTypeSubtyping.errors.txt	10-generic
apparentTypeSupertype.errors.txt	10-generic
arbitraryModuleNamespaceIdentifiers_exportEmpty.errors.txt	02-literal
arbitraryModuleNamespaceIdentifiers_importEmpty.errors.txt	02-literal
arbitraryModuleNamespaceIdentifiers_module(module=commonjs).errors.txt	02-literal
arbitraryModuleNamespaceIdentifiers_module(module=es2020).errors.txt	02-literal
arbitraryModuleNamespaceIdentifiers_module(module=es2022).errors.txt	02-literal
arbitraryModuleNamespaceIdentifiers_module(module=es6).errors.txt	02-literal
arbitraryModuleNamespaceIdentifiers_module(module=esnext).errors.txt	02-literal
arbitraryModuleNamespaceIdentifiers_module(module=node16).errors.txt	02-literal
arbitraryModuleNamespaceIdentifiers_module(module=node18).errors.txt	02-literal
arbitraryModuleNamespaceIdentifiers_module(module=node20).errors.txt	02-literal
arbitraryModuleNamespaceIdentifiers_module(module=nodenext).errors.txt	02-literal
arbitraryModuleNamespaceIdentifiers_module(module=preserve).errors.txt	02-literal
arbitraryModuleNamespaceIdentifiers_syntax.errors.txt	03-identifier
argumentExpressionContextualTyping.errors.txt	10-union
arguments.errors.txt	03-identifier
argumentsBindsToFunctionScopeArgumentList(alwaysstrict=true).errors.txt	03-identifier
argumentsObjectCreatesRestForJs.errors.txt	02-literal
argumentsPropertyNameInJsMode1.errors.txt	02-literal
argumentsPropertyNameInJsMode2.errors.txt	02-literal
argumentsReferenceInConstructor4_Js.errors.txt	03-identifier
argumentsReferenceInFunction1_Js.errors.txt	10-tuple-or-index
argumentsReferenceInMethod4_Js.errors.txt	03-identifier
argumentsReferenceInObjectLiteral_Js(alwaysstrict=true).errors.txt	03-identifier
argumentsUsedInClassFieldInitializerOrStaticInitializationBlock.errors.txt	00-no-arguments
arithAssignTyping.errors.txt	03-identifier
arithmeticOnInvalidTypes.errors.txt	05-other-single-token
arithmeticOnInvalidTypes2.errors.txt	05-other-single-token
arithmeticOperatorWithAnyAndNumber.errors.txt	03-identifier
arithmeticOperatorWithEnum.errors.txt	03-identifier
arithmeticOperatorWithEnumUnion.errors.txt	03-identifier
arithmeticOperatorWithInvalidOperands.errors.txt	05-other-single-token
arithmeticOperatorWithNullValueAndInvalidOperands.errors.txt	01-keyword
arithmeticOperatorWithNullValueAndValidOperands.errors.txt	01-keyword
arithmeticOperatorWithOnlyNullValueOrUndefinedValue.errors.txt	01-keyword
arithmeticOperatorWithTypeParameter.errors.txt	00-no-arguments
arithmeticOperatorWithUndefinedValueAndInvalidOperands.errors.txt	01-keyword
arithmeticOperatorWithUndefinedValueAndValidOperands.errors.txt	01-keyword
arityAndOrderCompatibility01.errors.txt	10-union
arityErrorRelatedSpanBindingPattern.errors.txt	02-literal
arrayAssignmentTest1.errors.txt	10-object
arrayAssignmentTest2.errors.txt	10-object
arrayAssignmentTest3.errors.txt	01-keyword
arrayAssignmentTest4.errors.txt	10-function
arrayAssignmentTest5.errors.txt	10-array
arrayAssignmentTest6.errors.txt	03-identifier
arrayBestCommonTypes.errors.txt	10-union
arrayBindingPatternOmittedExpressions.errors.txt	03-identifier
arrayBufferIsViewNarrowsType.errors.txt	03-identifier
arrayCast.errors.txt	10-object
arrayConcatMap.errors.txt	10-object
arrayDestructuringInSwitch2.errors.txt	01-keyword
arrayFakeFlatNoCrashInferenceDeclarations.errors.txt	03-identifier
arrayFrom.errors.txt	10-array
arrayIndexWithArrayFails.errors.txt	10-array
arrayIterationLibES5TargetDifferent(nolib=false,target=es2015).errors.txt	10-object
arrayIterationLibES5TargetDifferent(nolib=false,target=esnext).errors.txt	10-object
arrayIterationLibES5TargetDifferent(nolib=true,target=es2015).errors.txt	03-identifier
arrayIterationLibES5TargetDifferent(nolib=true,target=esnext).errors.txt	03-identifier
arrayLiteralAndArrayConstructorEquivalence1.errors.txt	10-generic
arrayLiteralExpressionContextualTyping.errors.txt	10-tuple-or-index
arrayLiteralSpreadES5iterable(target=es2015).errors.txt	03-identifier
arrayLiteralTypeInference.errors.txt	10-object
arrayLiteralWithMultipleBestCommonTypes.errors.txt	03-identifier
arrayLiterals.errors.txt	10-object
arrayLiterals3.errors.txt	10-union
arrayOfExportedClass.errors.txt	03-identifier
arrayOfFunctionTypes3.errors.txt	03-identifier
arrayOfSubtypeIsAssignableToReadonlyArray.errors.txt	10-rest-or-elision
arrayReferenceWithoutTypeArgs.errors.txt	10-generic
arraySigChecking.errors.txt	10-array
arraySlice.errors.txt	03-identifier
arraySpreadInCall.errors.txt	02-literal
arrayTypeOfFunctionTypes.errors.txt	00-no-arguments
arrayTypeOfFunctionTypes2.errors.txt	10-constructor
arrayconcat.errors.txt	04-qualified-name
arrowExpressionBodyJSDoc.errors.txt	03-identifier
arrowFunctionContexts(alwaysstrict=true).errors.txt	10-function
arrowFunctionErrorSpan.errors.txt	10-function
arrowFunctionInConstructorArgument1.errors.txt	03-identifier
arrowFunctionMissingCurlyWithSemicolon.errors.txt	00-no-arguments
arrowFunctionWithObjectLiteralBody1.errors.txt	03-identifier
arrowFunctionWithObjectLiteralBody2.errors.txt	03-identifier
arrowFunctionsMissingTokens.errors.txt	10-object
asOperator1.errors.txt	01-keyword
asOperator2.errors.txt	01-keyword
asOperatorAmbiguity.errors.txt	10-generic
asOperatorContextualType.errors.txt	10-function
asOperatorNames.errors.txt	01-keyword
asiAbstract.errors.txt	03-identifier
asiAmbientFunctionDeclaration.errors.txt	03-identifier
asiPreventsParsingAsAmbientExternalModule01.errors.txt	03-identifier
asiPreventsParsingAsInterface01.errors.txt	03-identifier
asiPreventsParsingAsInterface02.errors.txt	03-identifier
asiPreventsParsingAsInterface03.errors.txt	03-identifier
asiPreventsParsingAsInterface04.errors.txt	03-identifier
asiPreventsParsingAsInterface05.errors.txt	03-identifier
asiPreventsParsingAsNamespace01.errors.txt	03-identifier
asiPreventsParsingAsNamespace02.errors.txt	03-identifier
asiPublicPrivateProtected(alwaysstrict=true).errors.txt	03-identifier
asiReturn.errors.txt	00-no-arguments
assertInWrapSomeTypeParameter.errors.txt	05-other-single-token
assertionTypePredicates1.errors.txt	00-no-arguments
assertionTypePredicates2.errors.txt	00-no-arguments
assertionsAndNonReturningFunctions.errors.txt	00-no-arguments
assertsPredicateParameterMismatch.errors.txt	03-identifier
assignAnyToEveryType.errors.txt	03-identifier
assignEveryTypeToAny.errors.txt	03-identifier
assignFromBooleanInterface.errors.txt	03-identifier
assignFromBooleanInterface2.errors.txt	05-other-single-token
assignFromNumberInterface.errors.txt	03-identifier
assignFromNumberInterface2.errors.txt	03-identifier
assignFromStringInterface.errors.txt	03-identifier
assignFromStringInterface2.errors.txt	10-union
assignLambdaToNominalSubtypeOfFunction.errors.txt	10-function
assignParameterPropertyToPropertyDeclarationES2022.errors.txt	03-identifier
assignParameterPropertyToPropertyDeclarationESNext.errors.txt	03-identifier
assignSharedArrayBufferToArrayBuffer(target=es2015).errors.txt	10-tuple-or-index
assignToEnum.errors.txt	03-identifier
assignToExistingClass.errors.txt	03-identifier
assignToFn.errors.txt	10-function
assignToInvalidLHS.errors.txt	00-no-arguments
assignToModule.errors.txt	03-identifier
assigningFromObjectToAnythingElse.errors.txt	03-identifier
assigningFunctionToTupleIssuesError.errors.txt	10-tuple-or-index
assignmentCompat1.errors.txt	10-object
assignmentCompatBetweenTupleAndArray.errors.txt	10-union
assignmentCompatBug2.errors.txt	10-object
assignmentCompatBug5.errors.txt	10-object
assignmentCompatFunctionsWithOptionalArgs.errors.txt	10-object
assignmentCompatInterfaceWithStringIndexSignature.errors.txt	03-identifier
assignmentCompatWithCallSignatures.errors.txt	10-function
assignmentCompatWithCallSignatures2.errors.txt	10-object
assignmentCompatWithCallSignatures3.errors.txt	10-object
assignmentCompatWithCallSignatures4.errors.txt	10-object
assignmentCompatWithCallSignatures5.errors.txt	10-object
assignmentCompatWithCallSignatures6.errors.txt	10-object
assignmentCompatWithCallSignaturesWithOptionalParameters.errors.txt	10-union
assignmentCompatWithCallSignaturesWithRestParameters.errors.txt	10-union
assignmentCompatWithConstructSignatures.errors.txt	10-function
assignmentCompatWithConstructSignatures2.errors.txt	10-object
assignmentCompatWithConstructSignatures3.errors.txt	10-object
assignmentCompatWithConstructSignatures4.errors.txt	10-object
assignmentCompatWithConstructSignatures5.errors.txt	10-object
assignmentCompatWithConstructSignatures6.errors.txt	10-object
assignmentCompatWithConstructSignaturesWithOptionalParameters.errors.txt	10-union
assignmentCompatWithDiscriminatedUnion.errors.txt	10-union
assignmentCompatWithEnumIndexer.errors.txt	10-object
assignmentCompatWithGenericCallSignatures.errors.txt	03-identifier
assignmentCompatWithGenericCallSignatures2.errors.txt	10-array
assignmentCompatWithGenericCallSignatures3.errors.txt	03-identifier
assignmentCompatWithGenericCallSignatures4.errors.txt	10-generic
assignmentCompatWithGenericCallSignaturesWithOptionalParameters.errors.txt	10-function
assignmentCompatWithNumericIndexer.errors.txt	10-object
assignmentCompatWithNumericIndexer2.errors.txt	10-object
assignmentCompatWithNumericIndexer3.errors.txt	10-object
assignmentCompatWithObjectMembers4.errors.txt	10-object
assignmentCompatWithObjectMembers5.errors.txt	03-identifier
assignmentCompatWithObjectMembersAccessibility.errors.txt	10-object
assignmentCompatWithObjectMembersOptionality.errors.txt	10-object
assignmentCompatWithObjectMembersOptionality2.errors.txt	10-object
assignmentCompatWithObjectMembersStringNumericNames.errors.txt	10-object
assignmentCompatWithOverloads.errors.txt	10-typeof
assignmentCompatWithStringIndexer.errors.txt	10-object
assignmentCompatWithStringIndexer2.errors.txt	10-object
assignmentCompatWithStringIndexer3.errors.txt	10-object
assignmentCompatability11.errors.txt	10-union
assignmentCompatability12.errors.txt	10-object
assignmentCompatability13.errors.txt	10-union
assignmentCompatability14.errors.txt	10-object
assignmentCompatability15.errors.txt	10-union
assignmentCompatability16.errors.txt	10-object
assignmentCompatability17.errors.txt	10-union
assignmentCompatability18.errors.txt	10-object
assignmentCompatability19.errors.txt	10-union
assignmentCompatability2.errors.txt	03-identifier
assignmentCompatability20.errors.txt	10-object
assignmentCompatability21.errors.txt	10-union
assignmentCompatability22.errors.txt	10-object
assignmentCompatability23.errors.txt	10-union
assignmentCompatability24.errors.txt	10-generic
assignmentCompatability25.errors.txt	10-union
assignmentCompatability26.errors.txt	10-object
assignmentCompatability27.errors.txt	10-union
assignmentCompatability28.errors.txt	10-object
assignmentCompatability29.errors.txt	10-object
assignmentCompatability30.errors.txt	10-object
assignmentCompatability31.errors.txt	10-object
assignmentCompatability32.errors.txt	10-object
assignmentCompatability33.errors.txt	10-generic
assignmentCompatability34.errors.txt	10-generic
assignmentCompatability35.errors.txt	10-object
assignmentCompatability36.errors.txt	03-identifier
assignmentCompatability37.errors.txt	10-generic
assignmentCompatability38.errors.txt	10-generic
assignmentCompatability39.errors.txt	10-union
assignmentCompatability4.errors.txt	03-identifier
assignmentCompatability40.errors.txt	10-generic
assignmentCompatability41.errors.txt	10-generic
assignmentCompatability42.errors.txt	10-generic
assignmentCompatability43.errors.txt	10-union
assignmentCompatability44.errors.txt	10-typeof
assignmentCompatability45.errors.txt	10-typeof
assignmentCompatability46.errors.txt	10-object
assignmentCompatability_checking-apply-member-off-of-function-interface.errors.txt	10-object
assignmentCompatability_checking-call-member-off-of-function-interface.errors.txt	10-object
assignmentCompatibilityForConstrainedTypeParameters.errors.txt	03-identifier
assignmentIndexedToPrimitives.errors.txt	10-union
assignmentLHSIsReference.errors.txt	03-identifier
assignmentLHSIsValue.errors.txt	05-other-single-token
assignmentRestElementWithErrorSourceType.errors.txt	03-identifier
assignmentStricterConstraints.errors.txt	10-function
assignmentToAnyArrayRestParameters.errors.txt	10-array
assignmentToFunction.errors.txt	03-identifier
assignmentToInstantiationExpression.errors.txt	03-identifier
assignmentToObject.errors.txt	10-object
assignmentToObjectAndFunction.errors.txt	10-typeof
assignmentToParenthesizedExpression1.errors.txt	00-no-arguments
assignmentToParenthesizedIdentifiers.errors.txt	03-identifier
assignmentToReferenceTypes.errors.txt	03-identifier
assignmentToVoidZero2.errors.txt	03-identifier
assignmentTypeNarrowing.errors.txt	03-identifier
assignments.errors.txt	03-identifier
asyncArrowFunction10_es2017.errors.txt	03-identifier
asyncArrowFunction10_es5(target=es2015).errors.txt	03-identifier
asyncArrowFunction10_es6.errors.txt	03-identifier
asyncArrowFunction11_es5(target=es2015).errors.txt	03-identifier
asyncArrowFunction3_es2017.errors.txt	03-identifier
asyncArrowFunction3_es5(target=es2015).errors.txt	03-identifier
asyncArrowFunction3_es6.errors.txt	03-identifier
asyncArrowFunction5_es2017.errors.txt	03-identifier
asyncArrowFunction5_es5(target=es2015).errors.txt	03-identifier
asyncArrowFunction5_es6.errors.txt	03-identifier
asyncArrowFunction6_es2017.errors.txt	00-no-arguments
asyncArrowFunction6_es5(target=es2015).errors.txt	00-no-arguments
asyncArrowFunction6_es6.errors.txt	00-no-arguments
asyncArrowFunction7_es2017.errors.txt	00-no-arguments
asyncArrowFunction7_es5(target=es2015).errors.txt	00-no-arguments
asyncArrowFunction7_es6.errors.txt	00-no-arguments
asyncArrowFunction8_es2017.errors.txt	00-no-arguments
asyncArrowFunction8_es5(target=es2015).errors.txt	00-no-arguments
asyncArrowFunction8_es6.errors.txt	00-no-arguments
asyncArrowFunction9_es2017.errors.txt	05-other-single-token
asyncArrowFunction9_es5(target=es2015).errors.txt	05-other-single-token
asyncArrowFunction9_es6.errors.txt	05-other-single-token
asyncArrowFunctionCapturesArguments_es2017.errors.txt	10-array
asyncArrowFunctionCapturesArguments_es5(target=es2015).errors.txt	10-array
asyncArrowFunctionCapturesArguments_es6.errors.txt	10-array
asyncArrowFunction_allowJs.errors.txt	05-other-single-token
asyncAwaitIsolatedModules_es2017.errors.txt	03-identifier
asyncAwaitIsolatedModules_es5(target=es2015).errors.txt	03-identifier
asyncAwaitIsolatedModules_es6.errors.txt	03-identifier
asyncAwaitNestedClasses_es5(target=es2015).errors.txt	10-generic
asyncAwaitWithCapturedBlockScopeVar(target=es2015).errors.txt	00-no-arguments
asyncClass_es5(target=es2015).errors.txt	03-identifier
asyncClass_es6.errors.txt	03-identifier
asyncConstructor_es5(target=es2015).errors.txt	03-identifier
asyncConstructor_es6.errors.txt	03-identifier
asyncDeclare_es5(target=es2015).errors.txt	03-identifier
asyncDeclare_es6.errors.txt	03-identifier
asyncEnum_es5(target=es2015).errors.txt	03-identifier
asyncEnum_es6.errors.txt	03-identifier
asyncFunctionDeclaration10_es2017.errors.txt	00-no-arguments
asyncFunctionDeclaration10_es5(target=es2015).errors.txt	00-no-arguments
asyncFunctionDeclaration10_es6.errors.txt	00-no-arguments
asyncFunctionDeclaration12_es2017.errors.txt	03-identifier
asyncFunctionDeclaration12_es5(target=es2015).errors.txt	03-identifier
asyncFunctionDeclaration12_es6.errors.txt	03-identifier
asyncFunctionDeclaration13_es2017.errors.txt	03-identifier
asyncFunctionDeclaration13_es5(target=es2015).errors.txt	03-identifier
asyncFunctionDeclaration13_es6.errors.txt	03-identifier
asyncFunctionDeclaration15_es5(target=es2015).errors.txt	10-object
asyncFunctionDeclaration15_es6.errors.txt	10-object
asyncFunctionDeclaration16_es5(target=es2015).errors.txt	10-generic
asyncFunctionDeclaration3_es2017.errors.txt	03-identifier
asyncFunctionDeclaration3_es5(target=es2015).errors.txt	03-identifier
asyncFunctionDeclaration3_es6.errors.txt	03-identifier
asyncFunctionDeclaration5_es2017.errors.txt	03-identifier
asyncFunctionDeclaration5_es5(target=es2015).errors.txt	03-identifier
asyncFunctionDeclaration5_es6.errors.txt	03-identifier
asyncFunctionDeclaration6_es2017.errors.txt	00-no-arguments
asyncFunctionDeclaration6_es5(target=es2015).errors.txt	00-no-arguments
asyncFunctionDeclaration6_es6.errors.txt	00-no-arguments
asyncFunctionDeclaration7_es2017.errors.txt	00-no-arguments
asyncFunctionDeclaration7_es5(target=es2015).errors.txt	00-no-arguments
asyncFunctionDeclaration7_es6.errors.txt	00-no-arguments
asyncFunctionDeclaration8_es2017.errors.txt	03-identifier
asyncFunctionDeclaration8_es5(target=es2015).errors.txt	03-identifier
asyncFunctionDeclaration8_es6.errors.txt	03-identifier
asyncFunctionDeclaration9_es2017.errors.txt	00-no-arguments
asyncFunctionDeclaration9_es5(target=es2015).errors.txt	00-no-arguments
asyncFunctionDeclaration9_es6.errors.txt	00-no-arguments
asyncFunctionDeclarationCapturesArguments_es5(target=es2015).errors.txt	10-array
asyncFunctionDeclarationParameterEvaluation(target=es2015).errors.txt	03-identifier
asyncFunctionDeclarationParameterEvaluation(target=es2017).errors.txt	03-identifier
asyncFunctionReturnExpressionErrorSpans.errors.txt	01-keyword
asyncFunctionReturnNonPromiseThenable.errors.txt	01-keyword
asyncGeneratorParameterEvaluation(target=es2015).errors.txt	03-identifier
asyncGeneratorParameterEvaluation(target=es2017).errors.txt	03-identifier
asyncGeneratorParameterEvaluation(target=es2018).errors.txt	03-identifier
asyncGetter_es5(target=es2015).errors.txt	03-identifier
asyncGetter_es6.errors.txt	03-identifier
asyncImportedPromise_es5(target=es2015).errors.txt	03-identifier
asyncImportedPromise_es6.errors.txt	03-identifier
asyncInterface_es5(target=es2015).errors.txt	03-identifier
asyncInterface_es6.errors.txt	03-identifier
asyncIteratorExtraParameters.errors.txt	10-object
asyncModule_es5(target=es2015).errors.txt	03-identifier
asyncModule_es6.errors.txt	03-identifier
asyncOrYieldAsBindingIdentifier1.errors.txt	03-identifier
asyncQualifiedReturnType_es5(target=es2015).errors.txt	01-keyword
asyncQualifiedReturnType_es6.errors.txt	01-keyword
asyncSetter_es5(target=es2015).errors.txt	03-identifier
asyncSetter_es6.errors.txt	03-identifier
augmentExportEquals1.errors.txt	05-other-single-token
augmentExportEquals5.errors.txt	03-identifier
augmentExportEquals7.errors.txt	03-identifier
augmentedClassWithPrototypePropertyOnModule.errors.txt	03-identifier
augmentedTypeAssignmentCompatIndexSignature.errors.txt	10-object
augmentedTypesClass.errors.txt	03-identifier
augmentedTypesClass2.errors.txt	00-no-arguments
augmentedTypesClass2a.errors.txt	03-identifier
augmentedTypesClass4.errors.txt	03-identifier
augmentedTypesEnum.errors.txt	03-identifier
augmentedTypesEnum2.errors.txt	00-no-arguments
augmentedTypesEnum3.errors.txt	00-no-arguments
augmentedTypesFunction.errors.txt	03-identifier
augmentedTypesInterface.errors.txt	00-no-arguments
augmentedTypesModules.errors.txt	03-identifier
augmentedTypesModules2.errors.txt	00-no-arguments
augmentedTypesModules3.errors.txt	00-no-arguments
augmentedTypesVar.errors.txt	10-function
autoAccessor11.errors.txt	03-identifier
autoAccessor5(target=es2015).errors.txt	00-no-arguments
autoAccessor5(target=es2022).errors.txt	00-no-arguments
autoAccessor5(target=esnext).errors.txt	00-no-arguments
autoAccessor6(target=es2015,usedefineforclassfields=false).errors.txt	03-identifier
autoAccessor6(target=es2015,usedefineforclassfields=true).errors.txt	03-identifier
autoAccessor6(target=es2022,usedefineforclassfields=false).errors.txt	03-identifier
autoAccessor6(target=es2022,usedefineforclassfields=true).errors.txt	03-identifier
autoAccessor6(target=esnext,usedefineforclassfields=false).errors.txt	03-identifier
autoAccessor6(target=esnext,usedefineforclassfields=true).errors.txt	03-identifier
autoAccessorDisallowedModifiers(target=es2017).errors.txt	03-identifier
autoAccessorDisallowedModifiers(target=esnext).errors.txt	03-identifier
autoAccessorExperimentalDecorators(target=es2015).errors.txt	00-no-arguments
autoAccessorExperimentalDecorators(target=es2022).errors.txt	00-no-arguments
autoAccessorExperimentalDecorators(target=esnext).errors.txt	00-no-arguments
autoLift2.errors.txt	05-other-single-token
autoTypeAssignedUsingDestructuringFromNeverNoCrash.errors.txt	01-keyword
autolift3.errors.txt	03-identifier
autolift4.errors.txt	03-identifier
avoidListingPropertiesForTypesWithOnlyCallOrConstructSignatures.errors.txt	10-function
awaitAndYield.errors.txt	00-no-arguments
awaitAndYieldInProperty.errors.txt	00-no-arguments
awaitBinaryExpression5_es2017.errors.txt	03-identifier
awaitBinaryExpression5_es5(target=es2015).errors.txt	03-identifier
awaitBinaryExpression5_es6.errors.txt	03-identifier
awaitCallExpressionInSyncFunction.errors.txt	03-identifier
awaitInClassInAsyncFunction.errors.txt	00-no-arguments
awaitInNamespaceExportedClassComputedProperty.errors.txt	00-no-arguments
awaitInNonAsyncFunction.errors.txt	00-no-arguments
awaitLiteralValues.errors.txt	00-no-arguments
awaitUnionPromise.errors.txt	10-generic
awaitUsingDeclarations.1(target=es2015).errors.txt	00-no-arguments
awaitUsingDeclarations.10.errors.txt	06-other-text
awaitUsingDeclarations.11.errors.txt	03-identifier
awaitUsingDeclarations.12.errors.txt	00-no-arguments
awaitUsingDeclarations.13.errors.txt	00-no-arguments
awaitUsingDeclarations.14.errors.txt	00-no-arguments
awaitUsingDeclarations.16.errors.txt	00-no-arguments
awaitUsingDeclarations.17.errors.txt	00-no-arguments
awaitUsingDeclarations.2(target=es2015).errors.txt	00-no-arguments
awaitUsingDeclarations.3(target=es2015).errors.txt	00-no-arguments
awaitUsingDeclarations.4.errors.txt	05-other-single-token
awaitUsingDeclarations.5.errors.txt	06-other-text
awaitUsingDeclarations.6.errors.txt	06-other-text
awaitUsingDeclarations.7.errors.txt	06-other-text
awaitUsingDeclarations.8.errors.txt	06-other-text
awaitUsingDeclarations.9.errors.txt	03-identifier
awaitUsingDeclarationsInForAwaitOf.2.errors.txt	03-identifier
awaitUsingDeclarationsInForAwaitOf.3(target=esnext).errors.txt	00-no-arguments
awaitUsingDeclarationsInForIn.errors.txt	00-no-arguments
awaitUsingDeclarationsInForOf.3.errors.txt	06-other-text
awaitUsingDeclarationsInForOf.4.errors.txt	03-identifier
awaitUsingDeclarationsInForOf.5(target=esnext).errors.txt	00-no-arguments
awaitUsingDeclarationsWithAsyncIteratorObject.errors.txt	00-no-arguments
awaitUsingDeclarationsWithImportHelpers.errors.txt	03-identifier
awaitUsingDeclarationsWithIteratorObject.errors.txt	00-no-arguments
await_incorrectThisType.errors.txt	10-generic
await_unaryExpression_es2017_1.errors.txt	00-no-arguments
await_unaryExpression_es2017_2.errors.txt	00-no-arguments
await_unaryExpression_es2017_3.errors.txt	00-no-arguments
await_unaryExpression_es6_1.errors.txt	00-no-arguments
await_unaryExpression_es6_2.errors.txt	00-no-arguments
await_unaryExpression_es6_3.errors.txt	00-no-arguments
awaitedType.errors.txt	10-tuple-or-index
awaitedTypeNoLib.errors.txt	10-generic
awaitedTypeStrictNull.errors.txt	03-identifier
badArrayIndex.errors.txt	01-keyword
badArraySyntax.errors.txt	00-no-arguments
badExternalModuleReference.errors.txt	03-identifier
baseCheck.errors.txt	03-identifier
baseClassImprovedMismatchErrors.errors.txt	10-union
baseConstraintOfDecorator.errors.txt	10-typeof
baseExpressionTypeParameters.errors.txt	00-no-arguments
baseIndexSignatureResolution.errors.txt	10-generic
baseTypeOrderChecking.errors.txt	03-identifier
baseTypePrivateMemberClash.errors.txt	03-identifier
baseTypeWrappingInstantiationChain.errors.txt	03-identifier
bases.errors.txt	05-other-single-token
bestCommonTypeOfConditionalExpressions.errors.txt	10-function
bestCommonTypeOfConditionalExpressions2.errors.txt	03-identifier
bestCommonTypeOfTuple.errors.txt	10-tuple-or-index
bestCommonTypeOfTuple2.errors.txt	10-tuple-or-index
bestCommonTypeReturnStatement.errors.txt	10-generic
bestCommonTypeWithContextualTyping.errors.txt	00-no-arguments
bestCommonTypeWithOptionalProperties.errors.txt	03-identifier
betterErrorForAccidentalCall.errors.txt	03-identifier
betterErrorForUnionCall.errors.txt	10-object
bigIntWithTargetLessThanES2016.errors.txt	00-no-arguments
bigintAmbientMinimal(target=es2015).errors.txt	00-no-arguments
bigintArbirtraryIdentifier.errors.txt	03-identifier
bigintIndex.errors.txt	10-union
bigintPropertyName.errors.txt	10-union
bigintWithLib.errors.txt	03-identifier
bigintWithoutLib(target=es2015).errors.txt	10-generic
binaryArithmatic1.errors.txt	01-keyword
binaryArithmatic2.errors.txt	01-keyword
binaryArithmatic3.errors.txt	01-keyword
binaryArithmatic4.errors.txt	01-keyword
binaryIntegerLiteral(target=es2015).errors.txt	10-object
binaryIntegerLiteralES6.errors.txt	10-object
binaryIntegerLiteralError.errors.txt	05-other-single-token
bind1.errors.txt	03-identifier
bindingPatternCannotBeOnlyInferenceSource.errors.txt	03-identifier
bitwiseCompoundAssignmentOperators.errors.txt	05-other-single-token
bitwiseNotOperatorInvalidOperations.errors.txt	05-other-single-token
bitwiseNotOperatorWithAnyOtherType.errors.txt	05-other-single-token
bitwiseNotOperatorWithBooleanType.errors.txt	03-identifier
bitwiseNotOperatorWithNumberType.errors.txt	03-identifier
bitwiseNotOperatorWithStringType.errors.txt	03-identifier
blockScopedBindingUsedBeforeDef.errors.txt	10-object
blockScopedBindingsInDownlevelGenerator(target=es2015).errors.txt	03-identifier
blockScopedEnumVariablesUseBeforeDef(target=es2015).errors.txt	03-identifier
blockScopedEnumVariablesUseBeforeDef_isolatedModules(target=es2015).errors.txt	03-identifier
blockScopedEnumVariablesUseBeforeDef_preserve(target=es2015).errors.txt	03-identifier
blockScopedEnumVariablesUseBeforeDef_verbatimModuleSyntax(target=es2015).errors.txt	03-identifier
blockScopedFunctionDeclarationES5(target=es2015).errors.txt	03-identifier
blockScopedFunctionDeclarationES6.errors.txt	03-identifier
blockScopedFunctionDeclarationInStrictClass(target=es2015).errors.txt	03-identifier
blockScopedFunctionDeclarationInStrictModule.errors.txt	03-identifier
blockScopedFunctionDeclarationStrictES5(target=es2015).errors.txt	03-identifier
blockScopedFunctionDeclarationStrictES6.errors.txt	03-identifier
blockScopedSameNameFunctionDeclarationES5(target=es2015).errors.txt	02-literal
blockScopedSameNameFunctionDeclarationES6.errors.txt	02-literal
blockScopedSameNameFunctionDeclarationStrictES5(target=es2015).errors.txt	02-literal
blockScopedSameNameFunctionDeclarationStrictES6.errors.txt	02-literal
blockScopedVariablesUseBeforeDef(target=es2015).errors.txt	03-identifier
bluebirdStaticThis.errors.txt	10-generic
boolInsteadOfBoolean.errors.txt	03-identifier
booleanAssignment.errors.txt	10-object
breakInIterationOrSwitchStatement4.errors.txt	03-identifier
breakNotInIterationOrSwitchStatement1.errors.txt	00-no-arguments
breakNotInIterationOrSwitchStatement2.errors.txt	00-no-arguments
breakTarget5.errors.txt	00-no-arguments
breakTarget6.errors.txt	00-no-arguments
builtinIterator.errors.txt	10-tuple-or-index
bundlerCommonJS.errors.txt	03-identifier
bundlerConditionsExcludesNode(module=esnext).errors.txt	05-other-single-token
bundlerConditionsExcludesNode(module=preserve).errors.txt	05-other-single-token
bundlerDirectoryModule(module=node18,moduleresolution=bundler).errors.txt	03-identifier
bundlerDirectoryModule(module=node20,moduleresolution=bundler).errors.txt	03-identifier
bundlerDirectoryModule(module=nodenext,moduleresolution=bundler).errors.txt	03-identifier
bundlerImportTsExtensions(allowimportingtsextensions=false,noemit=false).errors.txt	06-other-text
bundlerImportTsExtensions(allowimportingtsextensions=false,noemit=true).errors.txt	06-other-text
bundlerImportTsExtensions(allowimportingtsextensions=true,noemit=false).errors.txt	06-other-text
bundlerImportTsExtensions(allowimportingtsextensions=true,noemit=true).errors.txt	06-other-text
bundlerNodeModules1(module=esnext).errors.txt	05-other-single-token
bundlerNodeModules1(module=preserve).errors.txt	05-other-single-token
bundlerOptionsCompat.errors.txt	03-identifier
bundlerRelative1(module=esnext).errors.txt	05-other-single-token
bundlerRelative1(module=preserve).errors.txt	05-other-single-token
bundlerSyntaxRestrictions(module=esnext).errors.txt	00-no-arguments
cachedModuleResolution6.errors.txt	03-identifier
cachedModuleResolution7.errors.txt	03-identifier
callChain.3.errors.txt	10-union
callConstructAssignment.errors.txt	10-function
callExpressionWithMissingTypeArgument1.errors.txt	03-identifier
callExpressionWithTypeParameterConstrainedToOuterTypeParameter.errors.txt	03-identifier
callGenericFunctionWithIncorrectNumberOfTypeArguments.errors.txt	03-identifier
callGenericFunctionWithZeroTypeArguments.errors.txt	03-identifier
callNonGenericFunctionWithTypeArguments.errors.txt	02-literal
callOnClass.errors.txt	10-typeof
callOnInstance.errors.txt	03-identifier
callOverload.errors.txt	02-literal
callOverloadViaElementAccessExpression.errors.txt	01-keyword
callOverloads1.errors.txt	03-identifier
callOverloads2.errors.txt	03-identifier
callOverloads3.errors.txt	03-identifier
callOverloads4.errors.txt	03-identifier
callOverloads5.errors.txt	03-identifier
callSignatureAssignabilityInInheritance.errors.txt	10-rest-or-elision
callSignatureAssignabilityInInheritance2.errors.txt	03-identifier
callSignatureAssignabilityInInheritance3.errors.txt	10-rest-or-elision
callSignatureAssignabilityInInheritance4.errors.txt	03-identifier
callSignatureAssignabilityInInheritance5.errors.txt	03-identifier
callSignatureAssignabilityInInheritance6.errors.txt	10-object
callSignatureWithOptionalParameterAndInitializer.errors.txt	01-keyword
callSignaturesShouldBeResolvedBeforeSpecialization.errors.txt	01-keyword
callSignaturesThatDifferOnlyByReturnType2.errors.txt	10-generic
callSignaturesWithAccessibilityModifiersOnParameters.errors.txt	00-no-arguments
callSignaturesWithDuplicateParameters.errors.txt	03-identifier
callSignaturesWithParameterInitializers.errors.txt	00-no-arguments
callSignaturesWithParameterInitializers2.errors.txt	10-object
callWithMissingVoid.errors.txt	02-literal
callWithMissingVoidUndefinedUnknownAnyInJs(strict=false).errors.txt	02-literal
callWithMissingVoidUndefinedUnknownAnyInJs(strict=true).errors.txt	02-literal
callWithSpread.errors.txt	03-identifier
callWithSpread2.errors.txt	10-union
callWithSpread3.errors.txt	02-literal
callWithSpread4.errors.txt	00-no-arguments
callWithSpread5.errors.txt	10-union
callWithWrongNumberOfTypeArguments.errors.txt	02-literal
callbackArgsDifferByOptionality.errors.txt	03-identifier
callbackCrossModule.errors.txt	00-no-arguments
callbackTag2.errors.txt	03-identifier
callbackTagVariadicType.errors.txt	10-tuple-or-index
callbacksDontShareTypes.errors.txt	03-identifier
canFollowGetSetKeyword.errors.txt	05-other-single-token
cannotIndexGenericWritingError.errors.txt	03-identifier
cannotInvokeNewOnErrorExpression.errors.txt	10-typeof
cannotInvokeNewOnIndexExpression.errors.txt	01-keyword
capturedLetConstInLoop14(target=es2015).errors.txt	03-identifier
capturedLetConstInLoop5.errors.txt	02-literal
capturedLetConstInLoop5_ES6.errors.txt	02-literal
capturedLetConstInLoop6.errors.txt	02-literal
capturedLetConstInLoop6_ES6.errors.txt	02-literal
capturedLetConstInLoop7.errors.txt	02-literal
capturedLetConstInLoop7_ES6.errors.txt	02-literal
capturedLetConstInLoop8.errors.txt	02-literal
capturedLetConstInLoop8_ES6.errors.txt	02-literal
capturedParametersInInitializers1.errors.txt	03-identifier
capturedParametersInInitializers2(target=es2015).errors.txt	03-identifier
castOfAwait.errors.txt	01-keyword
castOfYield.errors.txt	00-no-arguments
castTest.errors.txt	10-function
castingTuple.errors.txt	10-tuple-or-index
catchClauseRestProperties.errors.txt	00-no-arguments
catchClauseWithInitializer1.errors.txt	00-no-arguments
catchClauseWithTypeAnnotation.errors.txt	03-identifier
cf.errors.txt	00-no-arguments
chained.errors.txt	10-object
chained2.errors.txt	10-object
chainedAssignment1.errors.txt	06-other-text
chainedAssignment2.errors.txt	03-identifier
chainedAssignment3.errors.txt	03-identifier
chainedAssignmentChecking.errors.txt	06-other-text
chainedCallsWithTypeParameterConstrainedToOtherTypeParameter.errors.txt	06-other-text
chainedCallsWithTypeParameterConstrainedToOtherTypeParameter2.errors.txt	03-identifier
chainedPrototypeAssignment.errors.txt	00-no-arguments
chainedSpecializationToObjectTypeLiteral.errors.txt	03-identifier
checkChildrenAlwaysChecked.errors.txt	03-identifier
checkDestructuringShorthandAssigment.errors.txt	03-identifier
checkDestructuringShorthandAssigment2.errors.txt	10-tuple-or-index
checkExportsObjectAssignProperty.errors.txt	03-identifier
checkExportsObjectAssignPrototypeProperty.errors.txt	05-other-single-token
checkForObjectTooStrict(target=es2015).errors.txt	03-identifier
checkInheritedProperty.errors.txt	03-identifier
checkJsFiles.errors.txt	01-keyword
checkJsFiles2.errors.txt	01-keyword
checkJsFiles3.errors.txt	01-keyword
checkJsFiles4.errors.txt	01-keyword
checkJsFiles6.errors.txt	04-qualified-name
checkJsFiles_skipDiagnostics.errors.txt	03-identifier
checkJsObjectLiteralHasCheckedKeyof.errors.txt	10-union
checkJsTypeDefNoUnusedLocalMarked.errors.txt	03-identifier
checkJsdocOptionalParamOrder.errors.txt	00-no-arguments
checkJsdocSatisfiesTag1.errors.txt	10-object
checkJsdocSatisfiesTag10.errors.txt	10-object
checkJsdocSatisfiesTag12.errors.txt	10-object
checkJsdocSatisfiesTag13.errors.txt	10-function
checkJsdocSatisfiesTag14.errors.txt	10-object
checkJsdocSatisfiesTag15.errors.txt	10-function
checkJsdocSatisfiesTag3.errors.txt	03-identifier
checkJsdocSatisfiesTag4.errors.txt	10-object
checkJsdocSatisfiesTag6.errors.txt	10-object
checkJsdocSatisfiesTag7.errors.txt	10-object
checkJsdocSatisfiesTag8.errors.txt	01-keyword
checkJsdocSatisfiesTag9.errors.txt	03-identifier
checkJsdocTypeTag1.errors.txt	05-other-single-token
checkJsdocTypeTag2.errors.txt	05-other-single-token
checkJsdocTypeTag4.errors.txt	01-keyword
checkJsdocTypeTag5.errors.txt	10-union
checkJsdocTypeTag6.errors.txt	10-object
checkJsdocTypeTagOnExportAssignment1.errors.txt	03-identifier
checkJsdocTypeTagOnExportAssignment2.errors.txt	03-identifier
checkJsdocTypeTagOnExportAssignment3.errors.txt	10-object
checkJsdocTypeTagOnExportAssignment4.errors.txt	01-keyword
checkJsdocTypeTagOnExportAssignment6.errors.txt	03-identifier
checkJsdocTypeTagOnObjectProperty1.errors.txt	05-other-single-token
checkJsdocTypeTagOnObjectProperty2.errors.txt	05-other-single-token
checkJsdocTypedefOnlySourceFile.errors.txt	03-identifier
checkJsxChildrenCanBeTupleType.errors.txt	10-tuple-or-index
checkJsxChildrenProperty10.errors.txt	03-identifier
checkJsxChildrenProperty11.errors.txt	03-identifier
checkJsxChildrenProperty12.errors.txt	03-identifier
checkJsxChildrenProperty13.errors.txt	03-identifier
checkJsxChildrenProperty14.errors.txt	03-identifier
checkJsxChildrenProperty15.errors.txt	10-object
checkJsxChildrenProperty2.errors.txt	10-union
checkJsxChildrenProperty4.errors.txt	10-union
checkJsxChildrenProperty5.errors.txt	10-typeof
checkJsxChildrenProperty7.errors.txt	10-union
checkJsxGenericTagHasCorrectInferences.errors.txt	10-object
checkJsxNamespaceNamesQuestionableForms.errors.txt	05-other-single-token
checkJsxNotSetError.errors.txt	05-other-single-token
checkMergedGlobalUMDSymbol.errors.txt	03-identifier
checkObjectDefineProperty.errors.txt	03-identifier
checkOtherObjectAssignProperty.errors.txt	10-import-type
checkSpecialPropertyAssignments.errors.txt	10-array
checkSuperCallBeforeThisAccess.errors.txt	03-identifier
checkSuperCallBeforeThisAccessing2.errors.txt	00-no-arguments
checkSuperCallBeforeThisAccessing5.errors.txt	03-identifier
checkSuperCallBeforeThisAccessing8.errors.txt	03-identifier
checkSuperCallBeforeThisAccessing9.errors.txt	00-no-arguments
checkTypePredicateForRedundantProperties.errors.txt	03-identifier
checkerInitializationCrash.errors.txt	03-identifier
checkingObjectDefinePropertyOnFunctionNonexistentPropertyNoCrash1.errors.txt	10-object
checkingObjectWithThisInNamePositionNoCrash.errors.txt	10-object
circular1.errors.txt	03-identifier
circular2.errors.txt	03-identifier
circular3.errors.txt	03-identifier
circular4.errors.txt	03-identifier
circularAccessorAnnotations.errors.txt	03-identifier
circularBaseConstraint.errors.txt	03-identifier
circularBaseTypes.errors.txt	03-identifier
circularConstraintYieldsAppropriateError.errors.txt	03-identifier
circularDestructuring.errors.txt	10-union
circularGetAccessor(noimplicitany=false).errors.txt	03-identifier
circularGetAccessor(noimplicitany=true).errors.txt	03-identifier
circularImportAlias.errors.txt	03-identifier
circularIndexedAccessErrors.errors.txt	03-identifier
circularInlineMappedGenericTupleTypeNoCrash.errors.txt	00-no-arguments
circularModuleImports.errors.txt	03-identifier
circularMultipleAssignmentDeclaration.errors.txt	03-identifier
circularOptionalityRemoval.errors.txt	03-identifier
circularReference.errors.txt	03-identifier
circularReferenceInReturnType.errors.txt	03-identifier
circularReferenceInReturnType2.errors.txt	03-identifier
circularResolvedSignature.errors.txt	01-keyword
circularTypeAliasForUnionWithClass.errors.txt	03-identifier
circularTypeArgumentsLocalAndOuterNoCrash1.errors.txt	03-identifier
circularTypeofWithVarOrFunc.errors.txt	03-identifier
circularVariance1.errors.txt	10-generic
circularVariance2.errors.txt	10-generic
circularlyConstrainedMappedTypeContainingConditionalNoInfiniteInstantiationDepth.errors.txt	10-tuple-or-index
circularlyReferentialInterfaceAccessNoCrash.errors.txt	03-identifier
cjsErrors(module=node18).errors.txt	05-other-single-token
cjsErrors(module=node20).errors.txt	05-other-single-token
cjsErrors(module=nodenext).errors.txt	05-other-single-token
cjsExportsDuplication.errors.txt	01-keyword
cjsObjectDefinePropertyPrivateModuleDeclarationEmit.errors.txt	03-identifier
class2.errors.txt	00-no-arguments
classAbstractAccessor(target=es2015).errors.txt	00-no-arguments
classAbstractAssignabilityConstructorFunction.errors.txt	10-typeof
classAbstractClinterfaceAssignability.errors.txt	10-typeof
classAbstractConstructor.errors.txt	00-no-arguments
classAbstractConstructorAssignability.errors.txt	10-typeof
classAbstractCrashedOnce.errors.txt	00-no-arguments
classAbstractDeclarations.d.errors.txt	03-identifier
classAbstractExtends.errors.txt	03-identifier
classAbstractFactoryFunction.errors.txt	10-typeof
classAbstractGeneric.errors.txt	10-generic
classAbstractImportInstantiation.errors.txt	00-no-arguments
classAbstractInAModule.errors.txt	00-no-arguments
classAbstractInheritance1.errors.txt	03-identifier
classAbstractInheritance2.errors.txt	06-other-text
classAbstractInstantiations1.errors.txt	00-no-arguments
classAbstractInstantiations2.errors.txt	10-typeof
classAbstractManyKeywords.errors.txt	05-other-single-token
classAbstractMergedDeclaration.errors.txt	03-identifier
classAbstractMethodInNonAbstractClass.errors.txt	03-identifier
classAbstractMethodWithImplementation.errors.txt	03-identifier
classAbstractMixedWithModifiers.errors.txt	03-identifier
classAbstractOverloads.errors.txt	00-no-arguments
classAbstractOverrideWithAbstract.errors.txt	03-identifier
classAbstractProperties.errors.txt	03-identifier
classAbstractSingleLineDecl.errors.txt	03-identifier
classAbstractSuperCalls.errors.txt	03-identifier
classAbstractUsingAbstractMethod1.errors.txt	00-no-arguments
classAbstractUsingAbstractMethods2.errors.txt	03-identifier
classAbstractWithInterface.errors.txt	00-no-arguments
classAndInterfaceMergeConflictingMembers.errors.txt	03-identifier
classAndInterfaceWithSameName.errors.txt	03-identifier
classAndVariableWithSameName.errors.txt	03-identifier
classAppearsToHaveMembersOfObject.errors.txt	03-identifier
classBodyWithStatements.errors.txt	00-no-arguments
classCanExtendConstructorFunction.errors.txt	10-function
classCannotExtendVar.errors.txt	03-identifier
classConstructorAccessibility.errors.txt	10-generic
classConstructorAccessibility2.errors.txt	03-identifier
classConstructorAccessibility3.errors.txt	10-typeof
classConstructorAccessibility5.errors.txt	03-identifier
classConstructorOverloadsAccessibility.errors.txt	00-no-arguments
classConstructorParametersAccessibility.errors.txt	03-identifier
classConstructorParametersAccessibility2.errors.txt	03-identifier
classConstructorParametersAccessibility3.errors.txt	03-identifier
classDeclarationShouldBeOutOfScopeInComputedNames.errors.txt	03-identifier
classDoesNotDependOnBaseTypes.errors.txt	03-identifier
classDoesNotDependOnPrivateMember.errors.txt	03-identifier
classExpressionAssignment.errors.txt	10-typeof
classExpressionExtendingAbstractClass.errors.txt	03-identifier
classExpressionPropertyModifiers.errors.txt	03-identifier
classExpressionTest1.errors.txt	03-identifier
classExpressionTest2.errors.txt	03-identifier
classExpressionWithDecorator1.errors.txt	00-no-arguments
classExpressionWithResolutionOfNamespaceOfSameName01.errors.txt	03-identifier
classExpressions.errors.txt	03-identifier
classExtendingAny.errors.txt	03-identifier
classExtendingClass.errors.txt	03-identifier
classExtendingClassLikeType.errors.txt	03-identifier
classExtendingNonConstructor.errors.txt	10-object
classExtendingOptionalChain.errors.txt	00-no-arguments
classExtendingPrimitive.errors.txt	10-typeof
classExtendingPrimitive2.errors.txt	00-no-arguments
classExtendingQualifiedName.errors.txt	10-typeof
classExtendsClauseClassMergedWithModuleNotReferingConstructor.errors.txt	03-identifier
classExtendsClauseClassNotReferringConstructor.errors.txt	03-identifier
classExtendsEveryObjectType.errors.txt	10-typeof
classExtendsEveryObjectType2.errors.txt	10-object
classExtendsInterface.errors.txt	03-identifier
classExtendsInterfaceInExpression.errors.txt	10-constructor
classExtendsInterfaceInModule.errors.txt	04-qualified-name
classExtendsInterfaceThatExtendsClassWithPrivates1.errors.txt	03-identifier
classExtendsInterface_not.errors.txt	03-identifier
classExtendsItself.errors.txt	03-identifier
classExtendsItselfIndirectly.errors.txt	03-identifier
classExtendsItselfIndirectly2.errors.txt	03-identifier
classExtendsItselfIndirectly3.errors.txt	03-identifier
classExtendsMultipleBaseClasses.errors.txt	00-no-arguments
classExtendsNull.errors.txt	00-no-arguments
classExtendsNull2.errors.txt	10-typeof
classExtendsNull3.errors.txt	00-no-arguments
classExtendsShadowedConstructorFunction.errors.txt	03-identifier
classExtendsValidConstructorFunction.errors.txt	10-function
classFieldSuperAccessibleJs1.errors.txt	03-identifier
classFieldSuperNotAccessible.errors.txt	03-identifier
classFieldSuperNotAccessibleJs.errors.txt	03-identifier
classFieldsBrokenConstructorEmitNoCrash1.errors.txt	05-other-single-token
classHeritageWithTrailingSeparator.errors.txt	03-identifier
classImplementsClass2.errors.txt	03-identifier
classImplementsClass3.errors.txt	03-identifier
classImplementsClass4.errors.txt	03-identifier
classImplementsClass5.errors.txt	03-identifier
classImplementsClass6.errors.txt	04-qualified-name
classImplementsClass7.errors.txt	03-identifier
classImplementsMergedClassInterface.errors.txt	03-identifier
classImplementsPrimitive.errors.txt	01-keyword
classIndexer2.errors.txt	03-identifier
classIndexer3.errors.txt	03-identifier
classIndexer4.errors.txt	03-identifier
classIndexer5.errors.txt	05-other-single-token
classInheritence.errors.txt	03-identifier
classIsSubtypeOfBaseType.errors.txt	10-union
classMemberInitializerScoping.errors.txt	03-identifier
classMemberInitializerScoping2(target=es2017,usedefineforclassfields=false).errors.txt	03-identifier
classMemberInitializerScoping2(target=es2017,usedefineforclassfields=true).errors.txt	03-identifier
classMemberInitializerScoping2(target=esnext,usedefineforclassfields=false).errors.txt	03-identifier
classMemberInitializerWithLamdaScoping.errors.txt	03-identifier
classMemberInitializerWithLamdaScoping2.errors.txt	03-identifier
classMemberInitializerWithLamdaScoping3.errors.txt	03-identifier
classMemberInitializerWithLamdaScoping4.errors.txt	03-identifier
classMemberWithMissingIdentifier.errors.txt	05-other-single-token
classMemberWithMissingIdentifier2.errors.txt	05-other-single-token
classMergedWithInterfaceMultipleBasesNoError.errors.txt	03-identifier
classOrder2.errors.txt	03-identifier
classOverloadForFunction.errors.txt	03-identifier
classOverloadForFunction2.errors.txt	03-identifier
classPropertyAsPrivate.errors.txt	03-identifier
classPropertyAsProtected.errors.txt	03-identifier
classPropertyErrorOnNameOnly.errors.txt	10-union
classSideInheritance1.errors.txt	04-qualified-name
classSideInheritance2.errors.txt	03-identifier
classSideInheritance3.errors.txt	10-typeof
classStaticBlock16.errors.txt	05-other-single-token
classStaticBlock19.errors.txt	00-no-arguments
classStaticBlock20.errors.txt	00-no-arguments
classStaticBlock22(target=es2022).errors.txt	03-identifier
classStaticBlock22(target=esnext).errors.txt	03-identifier
classStaticBlock23(target=es2022).errors.txt	00-no-arguments
classStaticBlock23(target=esnext).errors.txt	00-no-arguments
classStaticBlock26(target=es2022).errors.txt	05-other-single-token
classStaticBlock26(target=esnext).errors.txt	05-other-single-token
classStaticBlock3(target=es2022).errors.txt	03-identifier
classStaticBlock3(target=esnext).errors.txt	03-identifier
classStaticBlock4(target=es2022).errors.txt	03-identifier
classStaticBlock4(target=esnext).errors.txt	03-identifier
classStaticBlock6(target=es2015).errors.txt	03-identifier
classStaticBlock7.errors.txt	00-no-arguments
classStaticBlock8.errors.txt	00-no-arguments
classStaticBlock9(target=es2015).errors.txt	03-identifier
classStaticBlock9(target=es2022).errors.txt	03-identifier
classStaticBlock9(target=esnext).errors.txt	03-identifier
classStaticBlockUseBeforeDef2(target=es2022).errors.txt	03-identifier
classStaticBlockUseBeforeDef2(target=esnext).errors.txt	03-identifier
classStaticBlockUseBeforeDef3.errors.txt	03-identifier
classStaticBlockUseBeforeDef5.errors.txt	03-identifier
classStaticInitializersUsePropertiesBeforeDeclaration.errors.txt	03-identifier
classStaticPropertyAccess(target=es2015).errors.txt	10-typeof
classTypeParametersInStatics.errors.txt	03-identifier
classUpdateTests.errors.txt	03-identifier
classUsedBeforeInitializedVariables(target=es2015).errors.txt	03-identifier
classVarianceResolveCircularity2.errors.txt	03-identifier
classWithBaseClassButNoConstructor.errors.txt	03-identifier
classWithConstructors.errors.txt	02-literal
classWithDuplicateIdentifier.errors.txt	03-identifier
classWithEmptyBody.errors.txt	03-identifier
classWithEmptyTypeParameter.errors.txt	00-no-arguments
classWithMultipleBaseClasses.errors.txt	03-identifier
classWithNoConstructorOrBaseClass.errors.txt	03-identifier
classWithOnlyPublicMembersEquivalentToInterface(target=es2015).errors.txt	03-identifier
classWithOnlyPublicMembersEquivalentToInterface2(target=es2015).errors.txt	03-identifier
classWithOverloadImplementationOfWrongName.errors.txt	03-identifier
classWithOverloadImplementationOfWrongName2.errors.txt	03-identifier
classWithPredefinedTypesAsNames.errors.txt	01-keyword
classWithPredefinedTypesAsNames2.errors.txt	10-object
classWithPrivateProperty.errors.txt	03-identifier
classWithStaticFieldInParameterBindingPattern.2(target=es2015).errors.txt	10-object
classWithStaticFieldInParameterBindingPattern.2(target=esnext).errors.txt	10-object
classWithStaticFieldInParameterInitializer.2(target=es2015).errors.txt	03-identifier
classWithStaticFieldInParameterInitializer.2(target=esnext).errors.txt	03-identifier
classWithStaticMembers.errors.txt	03-identifier
classWithTwoConstructorDefinitions.errors.txt	00-no-arguments
classWithoutExplicitConstructor.errors.txt	03-identifier
clinterfaces.errors.txt	03-identifier
cloduleGenericOnSelfMember.errors.txt	03-identifier
cloduleSplitAcrossFiles.errors.txt	00-no-arguments
cloduleStaticMembers.errors.txt	03-identifier
cloduleTest2.errors.txt	04-qualified-name
cloduleWithDuplicateMember1.errors.txt	03-identifier
cloduleWithDuplicateMember2.errors.txt	03-identifier
cloduleWithPriorInstantiatedModule.errors.txt	00-no-arguments
clodulesDerivedClasses.errors.txt	10-typeof
coAndContraVariantInferences5.errors.txt	10-union
coAndContraVariantInferences6.errors.txt	10-union
collisionArgumentsArrowFunctions(alwaysstrict=true,target=es2015).errors.txt	03-identifier
collisionArgumentsClassConstructor(target=es2015).errors.txt	03-identifier
collisionArgumentsClassMethod(target=es2015).errors.txt	03-identifier
collisionArgumentsFunction(alwaysstrict=true,target=es2015).errors.txt	03-identifier
collisionArgumentsFunctionExpressions(alwaysstrict=true,target=es2015).errors.txt	03-identifier
collisionArgumentsInType(alwaysstrict=true).errors.txt	03-identifier
collisionArgumentsInterfaceMembers(alwaysstrict=true).errors.txt	03-identifier
collisionExportsRequireAndAlias.errors.txt	03-identifier
collisionExportsRequireAndAmbientModule.errors.txt	03-identifier
commaOperator1.errors.txt	00-no-arguments
commaOperatorInvalidAssignmentType.errors.txt	01-keyword
commaOperatorLeftSideUnused.errors.txt	00-no-arguments
commaOperatorOtherInvalidOperation.errors.txt	03-identifier
commaOperatorOtherValidOperation.errors.txt	03-identifier
commaOperatorWithSecondOperandBooleanType.errors.txt	03-identifier
commaOperatorWithSecondOperandNumberType.errors.txt	03-identifier
commaOperatorWithSecondOperandObjectType.errors.txt	03-identifier
commaOperatorWithSecondOperandStringType.errors.txt	03-identifier
commaOperatorWithoutOperand.errors.txt	00-no-arguments
commaOperatorsMultipleOperators.errors.txt	03-identifier
commentInMethodCall.errors.txt	03-identifier
commentOnImportStatement1.errors.txt	05-other-single-token
commentOnImportStatement2.errors.txt	05-other-single-token
commentOnImportStatement3.errors.txt	05-other-single-token
commentOnParenthesizedExpressionOpenParen1.errors.txt	03-identifier
commentsClassMembers(target=es2015).errors.txt	03-identifier
commentsInheritance(target=es2015).errors.txt	03-identifier
commentsOnJSXExpressionsArePreserved(jsx=preserve,module=commonjs,moduledetection=auto).errors.txt	03-identifier
commentsOnJSXExpressionsArePreserved(jsx=preserve,module=commonjs,moduledetection=force).errors.txt	03-identifier
commentsOnJSXExpressionsArePreserved(jsx=preserve,module=commonjs,moduledetection=legacy).errors.txt	03-identifier
commentsOnJSXExpressionsArePreserved(jsx=react,module=commonjs,moduledetection=auto).errors.txt	03-identifier
commentsOnJSXExpressionsArePreserved(jsx=react,module=commonjs,moduledetection=force).errors.txt	03-identifier
commentsOnJSXExpressionsArePreserved(jsx=react,module=commonjs,moduledetection=legacy).errors.txt	03-identifier
commentsOnJSXExpressionsArePreserved(jsx=react-jsx,module=commonjs,moduledetection=auto).errors.txt	05-other-single-token
commentsOnJSXExpressionsArePreserved(jsx=react-jsx,module=commonjs,moduledetection=force).errors.txt	05-other-single-token
commentsOnJSXExpressionsArePreserved(jsx=react-jsx,module=commonjs,moduledetection=legacy).errors.txt	05-other-single-token
commentsOnJSXExpressionsArePreserved(jsx=react-jsxdev,module=commonjs,moduledetection=auto).errors.txt	05-other-single-token
commentsOnJSXExpressionsArePreserved(jsx=react-jsxdev,module=commonjs,moduledetection=force).errors.txt	05-other-single-token
commentsOnJSXExpressionsArePreserved(jsx=react-jsxdev,module=commonjs,moduledetection=legacy).errors.txt	05-other-single-token
commentsOnObjectLiteral1.errors.txt	03-identifier
commentsOnObjectLiteral2.errors.txt	03-identifier
commentsVarDecl(target=es2015).errors.txt	03-identifier
commonJSAliasedExport.errors.txt	10-function
commonJSImportNestedClassTypeReference.errors.txt	03-identifier
commonJsExportTypeDeclarationError(target=es2015).errors.txt	05-other-single-token
commonJsUnusedLocals.errors.txt	03-identifier
commonMissingSemicolons.errors.txt	06-other-text
commonSourceDir2.errors.txt	00-no-arguments
commonSourceDir4.errors.txt	00-no-arguments
commonSourceDirectory_dts.errors.txt	05-other-single-token
commonTypeIntersection.errors.txt	10-union
commonjsAccessExports.errors.txt	00-no-arguments
compareTypeParameterConstrainedByLiteralToLiteral.errors.txt	03-identifier
comparisonOperatorWithIdenticalObjects.errors.txt	03-identifier
comparisonOperatorWithIdenticalPrimitiveType.errors.txt	01-keyword
comparisonOperatorWithIntersectionType.errors.txt	10-object
comparisonOperatorWithNoRelationshipObjectsOnCallSignature.errors.txt	10-object
comparisonOperatorWithNoRelationshipObjectsOnConstructorSignature.errors.txt	10-object
comparisonOperatorWithNoRelationshipObjectsOnIndexSignature.errors.txt	10-object
comparisonOperatorWithNoRelationshipObjectsOnInstantiatedCallSignature.errors.txt	03-identifier
comparisonOperatorWithNoRelationshipObjectsOnInstantiatedConstructorSignature.errors.txt	03-identifier
comparisonOperatorWithNoRelationshipObjectsOnProperty.errors.txt	10-generic
comparisonOperatorWithNoRelationshipPrimitiveType.errors.txt	10-generic
comparisonOperatorWithNoRelationshipTypeParameter.errors.txt	10-generic
comparisonOperatorWithNumberOperand.errors.txt	10-generic
comparisonOperatorWithNumericLiteral.errors.txt	03-identifier
comparisonOperatorWithOneOperandIsAny.errors.txt	03-identifier
comparisonOperatorWithOneOperandIsNull.errors.txt	01-keyword
comparisonOperatorWithOneOperandIsUndefined.errors.txt	03-identifier
comparisonOperatorWithSubtypeEnumAndNumber.errors.txt	03-identifier
comparisonOperatorWithSubtypeObjectOnCallSignature.errors.txt	03-identifier
comparisonOperatorWithSubtypeObjectOnConstructorSignature.errors.txt	10-generic
comparisonOperatorWithSubtypeObjectOnIndexSignature.errors.txt	03-identifier
comparisonOperatorWithSubtypeObjectOnInstantiatedCallSignature.errors.txt	03-identifier
comparisonOperatorWithSubtypeObjectOnInstantiatedConstructorSignature.errors.txt	03-identifier
comparisonOperatorWithSubtypeObjectOnOptionalProperty.errors.txt	03-identifier
comparisonOperatorWithTypeParameter.errors.txt	10-generic
complexClassRelationships(target=es2015).errors.txt	10-generic
complexRecursiveCollections.errors.txt	10-union
complicatedGenericRecursiveBaseClassReference.errors.txt	10-generic
complicatedIndexedAccessKeyofReliesOnKeyofNeverUpperBound.errors.txt	10-union
complicatedPrivacy(target=es2015).errors.txt	03-identifier
compositeGenericFunction.errors.txt	03-identifier
compoundAdditionAssignmentLHSCanBeAssigned.errors.txt	01-keyword
compoundAdditionAssignmentLHSCannotBeAssigned.errors.txt	10-object
compoundAdditionAssignmentWithInvalidOperands.errors.txt	10-object
compoundArithmeticAssignmentLHSCanBeAssigned.errors.txt	01-keyword
compoundArithmeticAssignmentWithInvalidOperands.errors.txt	01-keyword
compoundAssignmentLHSIsValue.errors.txt	05-other-single-token
compoundExponentiationAssignmentLHSCanBeAssigned1.errors.txt	01-keyword
compoundExponentiationAssignmentLHSCannotBeAssigned.errors.txt	01-keyword
compoundExponentiationAssignmentLHSIsReference.errors.txt	03-identifier
compoundExponentiationAssignmentLHSIsValue.errors.txt	05-other-single-token
computedEnumMemberKeyNoCrash1.errors.txt	00-no-arguments
computedEnumMemberSyntacticallyString(isolatedmodules=false).errors.txt	01-keyword
computedEnumMemberSyntacticallyString(isolatedmodules=true).errors.txt	01-keyword
computedEnumMemberSyntacticallyString2(isolatedmodules=false).errors.txt	01-keyword
computedEnumMemberSyntacticallyString2(isolatedmodules=true).errors.txt	04-qualified-name
computedPropertiesInDestructuring1.errors.txt	10-object
computedPropertiesInDestructuring1_ES6.errors.txt	10-object
computedPropertiesInDestructuring2.errors.txt	10-object
computedPropertiesInDestructuring2_ES6.errors.txt	10-object
computedPropertiesNarrowed.errors.txt	00-no-arguments
computedPropertiesTransformedInOtherwiseNonTSClasses.errors.txt	10-tuple-or-index
computedPropertyBindingElementDeclarationNoCrash1.errors.txt	10-object
computedPropertyName.errors.txt	03-identifier
computedPropertyNames12_ES5(target=es2015).errors.txt	10-tuple-or-index
computedPropertyNames12_ES6.errors.txt	10-tuple-or-index
computedPropertyNames14_ES5(target=es2015).errors.txt	00-no-arguments
computedPropertyNames14_ES6.errors.txt	00-no-arguments
computedPropertyNames15_ES5(target=es2015).errors.txt	00-no-arguments
computedPropertyNames15_ES6.errors.txt	00-no-arguments
computedPropertyNames17_ES5(target=es2015).errors.txt	00-no-arguments
computedPropertyNames17_ES6.errors.txt	00-no-arguments
computedPropertyNames18_ES5(target=es2015).errors.txt	00-no-arguments
computedPropertyNames18_ES6.errors.txt	00-no-arguments
computedPropertyNames19_ES5(target=es2015).errors.txt	00-no-arguments
computedPropertyNames19_ES6.errors.txt	00-no-arguments
computedPropertyNames21_ES5(target=es2015).errors.txt	00-no-arguments
computedPropertyNames21_ES6.errors.txt	00-no-arguments
computedPropertyNames23_ES5(target=es2015).errors.txt	00-no-arguments
computedPropertyNames23_ES6.errors.txt	00-no-arguments
computedPropertyNames24_ES5(target=es2015).errors.txt	00-no-arguments
computedPropertyNames24_ES6.errors.txt	00-no-arguments
computedPropertyNames26_ES5(target=es2015).errors.txt	00-no-arguments
computedPropertyNames26_ES6.errors.txt	00-no-arguments
computedPropertyNames27_ES5(target=es2015).errors.txt	00-no-arguments
computedPropertyNames27_ES6.errors.txt	00-no-arguments
computedPropertyNames2_ES5(target=es2015).errors.txt	00-no-arguments
computedPropertyNames2_ES6.errors.txt	00-no-arguments
computedPropertyNames30_ES5(target=es2015).errors.txt	00-no-arguments
computedPropertyNames30_ES6.errors.txt	00-no-arguments
computedPropertyNames32_ES5(target=es2015).errors.txt	00-no-arguments
computedPropertyNames32_ES6.errors.txt	00-no-arguments
computedPropertyNames34_ES5(target=es2015).errors.txt	00-no-arguments
computedPropertyNames34_ES6.errors.txt	00-no-arguments
computedPropertyNames35_ES5(target=es2015).errors.txt	00-no-arguments
computedPropertyNames35_ES6.errors.txt	00-no-arguments
computedPropertyNames36_ES5(target=es2015).errors.txt	10-tuple-or-index
computedPropertyNames36_ES6.errors.txt	10-tuple-or-index
computedPropertyNames38_ES5(target=es2015).errors.txt	10-tuple-or-index
computedPropertyNames38_ES6.errors.txt	10-tuple-or-index
computedPropertyNames39_ES5(target=es2015).errors.txt	10-tuple-or-index
computedPropertyNames39_ES6.errors.txt	10-tuple-or-index
computedPropertyNames3_ES5(target=es2015).errors.txt	00-no-arguments
computedPropertyNames3_ES6.errors.txt	00-no-arguments
computedPropertyNames40_ES5(target=es2015).errors.txt	10-tuple-or-index
computedPropertyNames40_ES6.errors.txt	10-tuple-or-index
computedPropertyNames42_ES5(target=es2015).errors.txt	10-tuple-or-index
computedPropertyNames42_ES6.errors.txt	10-tuple-or-index
computedPropertyNames43_ES5(target=es2015).errors.txt	10-tuple-or-index
computedPropertyNames43_ES6.errors.txt	10-tuple-or-index
computedPropertyNames44_ES5(target=es2015).errors.txt	10-tuple-or-index
computedPropertyNames44_ES6.errors.txt	10-tuple-or-index
computedPropertyNames45_ES5(target=es2015).errors.txt	10-tuple-or-index
computedPropertyNames45_ES6.errors.txt	10-tuple-or-index
computedPropertyNames46_ES5(target=es2015).errors.txt	00-no-arguments
computedPropertyNames46_ES6.errors.txt	00-no-arguments
computedPropertyNames48_ES5(target=es2015).errors.txt	00-no-arguments
computedPropertyNames48_ES6.errors.txt	00-no-arguments
computedPropertyNames49_ES5.errors.txt	03-identifier
computedPropertyNames49_ES6.errors.txt	03-identifier
computedPropertyNames4_ES5(target=es2015).errors.txt	03-identifier
computedPropertyNames4_ES6.errors.txt	03-identifier
computedPropertyNames50_ES5.errors.txt	03-identifier
computedPropertyNames50_ES6.errors.txt	03-identifier
computedPropertyNames51_ES5.errors.txt	00-no-arguments
computedPropertyNames51_ES6.errors.txt	00-no-arguments
computedPropertyNames5_ES5(target=es2015).errors.txt	00-no-arguments
computedPropertyNames5_ES6.errors.txt	00-no-arguments
computedPropertyNames6_ES5(target=es2015).errors.txt	00-no-arguments
computedPropertyNames6_ES6.errors.txt	00-no-arguments
computedPropertyNames8_ES5(target=es2015).errors.txt	00-no-arguments
computedPropertyNames8_ES6.errors.txt	00-no-arguments
computedPropertyNames9_ES5(target=es2015).errors.txt	00-no-arguments
computedPropertyNames9_ES6.errors.txt	00-no-arguments
computedPropertyNamesContextualType10_ES5(target=es2015).errors.txt	10-union
computedPropertyNamesContextualType10_ES6.errors.txt	10-union
computedPropertyNamesContextualType8_ES5(target=es2015).errors.txt	10-union
computedPropertyNamesContextualType8_ES6.errors.txt	10-union
computedPropertyNamesContextualType9_ES5(target=es2015).errors.txt	10-union
computedPropertyNamesContextualType9_ES6.errors.txt	10-union
computedPropertyNamesDeclarationEmit3_ES5(target=es2015).errors.txt	00-no-arguments
computedPropertyNamesDeclarationEmit3_ES6.errors.txt	00-no-arguments
computedPropertyNamesDeclarationEmit4_ES5(target=es2015).errors.txt	00-no-arguments
computedPropertyNamesDeclarationEmit4_ES6.errors.txt	00-no-arguments
computedPropertyNamesDeclarationEmit6_ES5(target=es2015).errors.txt	00-no-arguments
computedPropertyNamesDeclarationEmit6_ES6.errors.txt	00-no-arguments
computedPropertyNamesWithStaticProperty.errors.txt	03-identifier
concatClassAndString.errors.txt	03-identifier
concatError.errors.txt	03-identifier
conditionalAnyCheckTypePicksBothBranches.errors.txt	02-literal
conditionalDoesntLeakUninstantiatedTypeParameter.errors.txt	01-keyword
conditionalEqualityOnLiteralObjects.errors.txt	01-keyword
conditionalExportsResolutionFallback(moduleresolution=node16).errors.txt	03-identifier
conditionalExportsResolutionFallback(moduleresolution=nodenext).errors.txt	03-identifier
conditionalExportsResolutionFallbackNull(moduleresolution=bundler).errors.txt	03-identifier
conditionalExportsResolutionFallbackNull(moduleresolution=node16).errors.txt	03-identifier
conditionalExportsResolutionFallbackNull(moduleresolution=nodenext).errors.txt	03-identifier
conditionalExpression1.errors.txt	10-union
conditionalExpressionNewLine1.errors.txt	03-identifier
conditionalExpressionNewLine10.errors.txt	03-identifier
conditionalExpressionNewLine2.errors.txt	03-identifier
conditionalExpressionNewLine3.errors.txt	03-identifier
conditionalExpressionNewLine4.errors.txt	03-identifier
conditionalExpressionNewLine5.errors.txt	03-identifier
conditionalExpressionNewLine6.errors.txt	03-identifier
conditionalExpressionNewLine7.errors.txt	03-identifier
conditionalExpressionNewLine8.errors.txt	03-identifier
conditionalExpressionNewLine9.errors.txt	03-identifier
conditionalOperatorConditionIsBooleanType.errors.txt	03-identifier
conditionalOperatorConditionIsNumberType.errors.txt	00-no-arguments
conditionalOperatorConditionIsObjectType.errors.txt	00-no-arguments
conditionalOperatorConditoinIsAnyType.errors.txt	00-no-arguments
conditionalOperatorConditoinIsStringType.errors.txt	00-no-arguments
conditionalOperatorWithIdenticalBCT.errors.txt	03-identifier
conditionalOperatorWithoutIdenticalBCT.errors.txt	10-union
conditionalReturnExpression.errors.txt	02-literal
conditionalTypeAssignabilityWhenDeferred.errors.txt	10-tuple-or-index
conditionalTypeDoesntSpinForever.errors.txt	03-identifier
conditionalTypeVarianceBigArrayConstraintsPerformance.errors.txt	10-generic
conditionalTypes1.errors.txt	10-union
conditionalTypes2.errors.txt	10-union
conditionalTypesExcessProperties.errors.txt	10-object
conditionallyDuplicateOverloadsCausedByOverloadResolution.errors.txt	03-identifier
configFileExtendsAsList.errors.txt	03-identifier
conflictMarkerDiff3Trivia1.errors.txt	00-no-arguments
conflictMarkerDiff3Trivia2.errors.txt	03-identifier
conflictMarkerTrivia1.errors.txt	00-no-arguments
conflictMarkerTrivia2.errors.txt	03-identifier
conflictMarkerTrivia3.errors.txt	10-generic
conflictMarkerTrivia4.errors.txt	03-identifier
conflictingCommonJSES2015Exports.errors.txt	03-identifier
conflictingDeclarationsImportFromNamespace1.errors.txt	03-identifier
conflictingDeclarationsImportFromNamespace2.errors.txt	03-identifier
conflictingMemberTypesInBases.errors.txt	03-identifier
conflictingTypeAnnotatedVar.errors.txt	03-identifier
conflictingTypeParameterSymbolTransfer.errors.txt	03-identifier
consistentAliasVsNonAliasRecordBehavior.errors.txt	10-generic
constAssertions.errors.txt	03-identifier
constDeclarationShadowedByVarDeclaration.errors.txt	03-identifier
constDeclarations-access.errors.txt	03-identifier
constDeclarations-access2.errors.txt	03-identifier
constDeclarations-access3.errors.txt	03-identifier
constDeclarations-access4.errors.txt	03-identifier
constDeclarations-access5.errors.txt	03-identifier
constDeclarations-ambient-errors.errors.txt	00-no-arguments
constDeclarations-errors.errors.txt	03-identifier
constDeclarations-invalidContexts(alwaysstrict=true).errors.txt	03-identifier
constDeclarations-scopes(alwaysstrict=true).errors.txt	00-no-arguments
constDeclarations-useBeforeDefinition.errors.txt	03-identifier
constDeclarations-validContexts(alwaysstrict=true).errors.txt	00-no-arguments
constEnum2.errors.txt	00-no-arguments
constEnum4.errors.txt	00-no-arguments
constEnumBadPropertyNames.errors.txt	10-typeof
constEnumErrors.errors.txt	10-typeof
constEnumNoObjectPrototypePropertyAccess.errors.txt	10-typeof
constEnumPropertyAccess1.errors.txt	01-keyword
constEnumPropertyAccess2.errors.txt	03-identifier
constEnums.errors.txt	00-no-arguments
constInClassExpression.errors.txt	03-identifier
constIndexedAccess.errors.txt	03-identifier
constWithNonNull.errors.txt	03-identifier
constantEnumAssert.errors.txt	00-no-arguments
constantOverloadFunction.errors.txt	03-identifier
constantOverloadFunctionNoSubtypeError.errors.txt	03-identifier
constraintErrors1.errors.txt	03-identifier
constraintSatisfactionWithAny.errors.txt	10-object
constraintWithIndexedAccess.errors.txt	10-tuple-or-index
constraints0.errors.txt	03-identifier
constraintsThatReferenceOtherContstraints1.errors.txt	03-identifier
constructBigint.errors.txt	10-union
constructSignatureAssignabilityInInheritance.errors.txt	10-constructor
constructSignatureAssignabilityInInheritance2.errors.txt	03-identifier
constructSignatureAssignabilityInInheritance3.errors.txt	10-object
constructSignatureAssignabilityInInheritance4.errors.txt	03-identifier
constructSignatureAssignabilityInInheritance5.errors.txt	03-identifier
constructSignatureAssignabilityInInheritance6.errors.txt	10-object
constructSignatureWithAccessibilityModifiersOnParameters.errors.txt	00-no-arguments
constructSignatureWithAccessibilityModifiersOnParameters2.errors.txt	03-identifier
constructSignaturesWithIdenticalOverloads.errors.txt	03-identifier
constructSignaturesWithOverloads.errors.txt	03-identifier
constructSignaturesWithOverloads2.errors.txt	03-identifier
constructableDecoratorOnClass01.errors.txt	10-typeof
constructorArgWithGenericCallSignature.errors.txt	03-identifier
constructorArgsErrors1.errors.txt	03-identifier
constructorArgsErrors2.errors.txt	03-identifier
constructorArgsErrors3.errors.txt	00-no-arguments
constructorArgsErrors4.errors.txt	00-no-arguments
constructorArgsErrors5.errors.txt	03-identifier
constructorAsType.errors.txt	10-function
constructorDefaultValuesReferencingThis.errors.txt	00-no-arguments
constructorFunctionMergeWithClass.errors.txt	10-function
constructorFunctionMethodTypeParameters.errors.txt	03-identifier
constructorFunctions.errors.txt	02-literal
constructorFunctions3.errors.txt	00-no-arguments
constructorFunctionsStrict.errors.txt	00-no-arguments
constructorHasPrototypeProperty.errors.txt	03-identifier
constructorImplementationWithDefaultValues2.errors.txt	03-identifier
constructorInvocationWithTooFewTypeArgs.errors.txt	03-identifier
constructorNameInAccessor.errors.txt	00-no-arguments
constructorNameInGenerator.errors.txt	00-no-arguments
constructorOverloads1.errors.txt	10-array
constructorOverloads3.errors.txt	00-no-arguments
constructorOverloads4.errors.txt	03-identifier
constructorOverloads6.errors.txt	00-no-arguments
constructorOverloads7.errors.txt	00-no-arguments
constructorOverloads8.errors.txt	00-no-arguments
constructorOverloadsWithDefaultValues.errors.txt	03-identifier
constructorParameterProperties.errors.txt	10-generic
constructorParameterProperties2.errors.txt	03-identifier
constructorParameterShadowsOuterScopes.errors.txt	03-identifier
constructorParameterShadowsOuterScopes2.errors.txt	03-identifier
constructorParametersInVariableDeclarations.errors.txt	03-identifier
constructorParametersThatShadowExternalNamesInVariableDeclarations.errors.txt	03-identifier
constructorReturningAPrimitive.errors.txt	10-generic
constructorReturnsInvalidType.errors.txt	03-identifier
constructorStaticParamName.errors.txt	03-identifier
constructorStaticParamNameErrors.errors.txt	03-identifier
constructorTagOnObjectLiteralMethod.errors.txt	10-object
constructorWithAssignableReturnExpression.errors.txt	03-identifier
constructorWithExpressionLessReturn.errors.txt	03-identifier
constructorWithIncompleteTypeAnnotation.errors.txt	10-typeof
constructorsWithSpecializedSignatures.errors.txt	00-no-arguments
contentMapperSupplementalDiagnostics.errors.txt	05-other-single-token
contentMapperSupplementalModule.errors.txt	05-other-single-token
contextualOverloadListFromUnionWithPrimitiveNoImplicitAny.errors.txt	03-identifier
contextualPropertyOfGenericFilteringMappedType.errors.txt	10-function
contextualReturnTypeOfIIFE2.errors.txt	10-function
contextualSignatureInArrayElementLibEs2015.errors.txt	03-identifier
contextualSignatureInArrayElementLibEs5.errors.txt	03-identifier
contextualSignatureInstantiation.errors.txt	10-union
contextualSignatureInstantiation2.errors.txt	03-identifier
contextualSignatureInstantiationWithTypeParameterConstrainedToOuterTypeParameter.errors.txt	03-identifier
contextualSignatureInstatiationContravariance.errors.txt	10-function
contextualTupleTypeParameterReadonly.errors.txt	10-tuple-or-index
contextualTypeAny.errors.txt	01-keyword
contextualTypeArrayReturnType.errors.txt	10-object
contextualTypeBasedOnIntersectionWithAnyInTheMix4.errors.txt	02-literal
contextualTypeForInitalizedVariablesFiltersUndefined.errors.txt	10-object
contextualTypeFunctionObjectPropertyIntersection.errors.txt	10-object
contextualTypeTupleEnd.errors.txt	10-function
contextualTypeWithTuple.errors.txt	10-union
contextualTypeWithUnionTypeCallSignatures.errors.txt	03-identifier
contextualTypeWithUnionTypeMembers.errors.txt	03-identifier
contextualTypeWithUnionTypeObjectLiteral.errors.txt	10-union
contextualTypedSpecialAssignment.errors.txt	03-identifier
contextualTypesNegatedTypeLikeConstraintInGenericMappedType2.errors.txt	10-function
contextualTyping.errors.txt	10-object
contextualTyping11.errors.txt	10-object
contextualTyping12.errors.txt	10-object
contextualTyping17.errors.txt	10-object
contextualTyping2.errors.txt	10-object
contextualTyping20.errors.txt	10-object
contextualTyping21.errors.txt	10-object
contextualTyping24.errors.txt	10-object
contextualTyping30.errors.txt	01-keyword
contextualTyping33.errors.txt	10-object
contextualTyping38.errors.txt	03-identifier
contextualTyping39.errors.txt	10-function
contextualTyping4.errors.txt	10-object
contextualTyping41.errors.txt	10-object
contextualTyping5.errors.txt	10-object
contextualTyping9.errors.txt	10-object
contextualTypingArrayDestructuringWithDefaults.errors.txt	10-object
contextualTypingOfArrayLiterals1.errors.txt	03-identifier
contextualTypingOfConditionalExpression2.errors.txt	10-function
contextualTypingOfGenericFunctionTypedArguments1.errors.txt	10-function
contextualTypingOfLambdaReturnExpression.errors.txt	03-identifier
contextualTypingOfObjectLiterals2.errors.txt	03-identifier
contextualTypingWithFixedTypeParameters1.errors.txt	03-identifier
contextualTypingWithGenericAndNonGenericSignature.errors.txt	03-identifier
contextuallyTypeCommaOperator02.errors.txt	10-function
contextuallyTypeCommaOperator03.errors.txt	03-identifier
contextuallyTypeLogicalAnd02.errors.txt	10-function
contextuallyTypeLogicalAnd03.errors.txt	03-identifier
contextuallyTypedBindingInitializerNegative.errors.txt	10-union
contextuallyTypedClassExpressionMethodDeclaration01.errors.txt	03-identifier
contextuallyTypedClassExpressionMethodDeclaration02.errors.txt	03-identifier
contextuallyTypedFunctionOptionalAndRest.errors.txt	03-identifier
contextuallyTypedIifeStrict.errors.txt	03-identifier
contextuallyTypedOptionalProperty(exactoptionalpropertytypes=false).errors.txt	03-identifier
contextuallyTypedParametersOptionalInJSDoc.errors.txt	10-union
contextuallyTypedParametersWithInitializers1.errors.txt	03-identifier
contextuallyTypedParametersWithQuestionToken.errors.txt	10-union
contextuallyTypedStringLiteralsInJsxAttributes01.errors.txt	10-union
contextuallyTypedStringLiteralsInJsxAttributes02.errors.txt	10-object
contextuallyTypingOrOperator.errors.txt	00-no-arguments
contextuallyTypingOrOperator2.errors.txt	00-no-arguments
contextuallyTypingRestParameters.errors.txt	10-array
continueInIterationStatement4.errors.txt	03-identifier
continueNotInIterationStatement1.errors.txt	00-no-arguments
continueNotInIterationStatement2.errors.txt	00-no-arguments
continueNotInIterationStatement3.errors.txt	00-no-arguments
continueNotInIterationStatement4.errors.txt	00-no-arguments
continueTarget1.errors.txt	00-no-arguments
continueTarget5.errors.txt	00-no-arguments
continueTarget6.errors.txt	00-no-arguments
controlFlowAliasedDiscriminants.errors.txt	10-union
controlFlowAliasing.errors.txt	10-union
controlFlowAliasingCatchVariables(useunknownincatchvariables=true).errors.txt	03-identifier
controlFlowArrayErrors.errors.txt	10-union
controlFlowAutoAccessor1.errors.txt	03-identifier
controlFlowBinaryAndExpression.errors.txt	03-identifier
controlFlowBinaryOrExpression.errors.txt	03-identifier
controlFlowBindingPatternOrder.errors.txt	10-union
controlFlowConditionalExpression.errors.txt	03-identifier
controlFlowDeleteOperator.errors.txt	00-no-arguments
controlFlowDestructuringVariablesInTryCatch.errors.txt	03-identifier
controlFlowDoWhileStatement.errors.txt	10-union
controlFlowForFunctionLike1.errors.txt	01-keyword
controlFlowForInStatement.errors.txt	03-identifier
controlFlowForIndexSignatures.errors.txt	01-keyword
controlFlowForStatement.errors.txt	10-union
controlFlowForStatementContinueIntoIncrementor1.errors.txt	10-union
controlFlowFunctionLikeCircular1.errors.txt	10-function
controlFlowGenericTypes.errors.txt	10-generic
controlFlowIIFE.errors.txt	03-identifier
controlFlowInstanceof.errors.txt	10-object
controlFlowIterationErrors.errors.txt	10-union
controlFlowIterationErrorsAsync.errors.txt	10-union
controlFlowLoopAnalysis.errors.txt	10-union
controlFlowNoImplicitAny.errors.txt	03-identifier
controlFlowNullTypeAndLiteral.errors.txt	01-keyword
controlFlowNullishCoalesce.errors.txt	03-identifier
controlFlowOptionalChain.errors.txt	04-qualified-name
controlFlowOptionalChain3.errors.txt	03-identifier
controlFlowSelfReferentialLoop.errors.txt	03-identifier
controlFlowTypeofObject.errors.txt	10-union
controlFlowWhileStatement.errors.txt	10-union
convertKeywordsYes(alwaysstrict=true).errors.txt	03-identifier
copyrightWithNewLine1.errors.txt	05-other-single-token
copyrightWithoutNewLine1.errors.txt	05-other-single-token
correctOrderOfPromiseMethod.errors.txt	10-tuple-or-index
correctlyMarkAliasAsReferences1.errors.txt	00-no-arguments
correctlyMarkAliasAsReferences2.errors.txt	03-identifier
correctlyMarkAliasAsReferences3.errors.txt	00-no-arguments
correctlyMarkAliasAsReferences4.errors.txt	03-identifier
corrupted.errors.txt	00-no-arguments
couldNotSelectGenericOverload.errors.txt	02-literal
covariance1.errors.txt	03-identifier
covariantCallbacks.errors.txt	10-generic
crashDeclareGlobalTypeofExport.errors.txt	03-identifier
crashInEmitTokenWithComment.errors.txt	10-object
crashInResolveInterface.errors.txt	03-identifier
crashInYieldStarInAsyncFunction.errors.txt	00-no-arguments
crashInsourcePropertyIsRelatableToTargetProperty.errors.txt	10-function
crashIntypeCheckInvocationExpression.errors.txt	03-identifier
crashOnMethodSignatures.errors.txt	00-no-arguments
crashRegressionTest.errors.txt	10-union
createArray.errors.txt	01-keyword
ctsFileInEsnextHelpers.errors.txt	03-identifier
customEventDetail.errors.txt	03-identifier
cyclicGenericTypeInstantiation.errors.txt	03-identifier
cyclicGenericTypeInstantiationInference.errors.txt	03-identifier
cyclicTypeInstantiation.errors.txt	03-identifier
dataViewConstructor.errors.txt	10-tuple-or-index
declFileEmitDeclarationOnlyError1.errors.txt	03-identifier
declFileEmitDeclarationOnlyError2.errors.txt	03-identifier
declFileForTypeParameters.errors.txt	03-identifier
declFileGenericClassWithGenericExtendedClass.errors.txt	03-identifier
declFileGenericType.errors.txt	10-generic
declFileTypeAnnotationParenType(target=es2015).errors.txt	03-identifier
declFileTypeAnnotationUnionType(target=es2015).errors.txt	03-identifier
declFileTypeAnnotationVisibilityErrorAccessors(target=es2015).errors.txt	03-identifier
declFileTypeAnnotationVisibilityErrorReturnTypeOfFunction(target=es2015).errors.txt	03-identifier
declFileTypeAnnotationVisibilityErrorTypeLiteral(target=es2015).errors.txt	03-identifier
declFileTypeofClass.errors.txt	03-identifier
declFileWithClassNameConflictingWithClassReferredByExtendsClause.errors.txt	03-identifier
declFileWithErrorsInInputDeclarationFile.errors.txt	00-no-arguments
declFileWithExtendsClauseThatHasItsContainerNameConflict.errors.txt	03-identifier
declarationEmitBindingPatternsUnused.errors.txt	03-identifier
declarationEmitCommonJsModuleReferencedType.errors.txt	05-other-single-token
declarationEmitComputedPropertyNameEnum2.errors.txt	03-identifier
declarationEmitComputedPropertyNameEnum3.errors.txt	00-no-arguments
declarationEmitComputedPropertyNameSymbol1.errors.txt	03-identifier
declarationEmitComputedPropertyNameSymbol2.errors.txt	03-identifier
declarationEmitDestructuring2.errors.txt	03-identifier
declarationEmitDestructuringArrayPattern2.errors.txt	10-array
declarationEmitDestructuringObjectLiteralPattern.errors.txt	10-object
declarationEmitDestructuringObjectLiteralPattern1.errors.txt	10-object
declarationEmitDestructuringParameterProperties.errors.txt	00-no-arguments
declarationEmitDestructuringParameterProperties2.errors.txt	00-no-arguments
declarationEmitDestructuringWithOptionalBindingParameters.errors.txt	00-no-arguments
declarationEmitExpandoPropertyPrivateName.errors.txt	03-identifier
declarationEmitExpressionInExtends.errors.txt	03-identifier
declarationEmitExpressionInExtends2.errors.txt	03-identifier
declarationEmitExpressionInExtends3.errors.txt	03-identifier
declarationEmitExpressionInExtends4.errors.txt	03-identifier
declarationEmitExpressionInExtends7.errors.txt	03-identifier
declarationEmitExpressionWithNonlocalPrivateUniqueSymbol.errors.txt	03-identifier
declarationEmitForMixinsWithStaticAccessors1.errors.txt	10-typeof
declarationEmitIndexTypeNotFound.errors.txt	03-identifier
declarationEmitInferredObjectLiteralWithThis.errors.txt	03-identifier
declarationEmitInferredTypeAlias1.errors.txt	00-no-arguments
declarationEmitInferredTypeAlias2.errors.txt	00-no-arguments
declarationEmitInferredTypeAlias3.errors.txt	00-no-arguments
declarationEmitInferredTypeAlias4.errors.txt	03-identifier
declarationEmitInferredTypeAlias5.errors.txt	00-no-arguments
declarationEmitInferredTypeAlias6.errors.txt	00-no-arguments
declarationEmitInferredTypeAlias7.errors.txt	00-no-arguments
declarationEmitInterfaceWithNonEntityNameExpressionHeritage.errors.txt	00-no-arguments
declarationEmitInvalidExport.errors.txt	03-identifier
declarationEmitInvalidReference2.errors.txt	04-qualified-name
declarationEmitInvalidReferenceAllowJs.errors.txt	06-other-text
declarationEmitIsolatedDeclarationErrorNotEmittedForNonEmittedFile.errors.txt	00-no-arguments
declarationEmitLambdaWithMissingTypeParameterNoCrash.errors.txt	03-identifier
declarationEmitMappedPrivateTypeTypeParameter.errors.txt	03-identifier
declarationEmitMappedTypeTemplateTypeofSymbol.errors.txt	10-tuple-or-index
declarationEmitMixinPrivateProtected.errors.txt	03-identifier
declarationEmitNestedBindingPattern.errors.txt	00-no-arguments
declarationEmitObjectAssignedDefaultExport.errors.txt	05-other-single-token
declarationEmitPrivateNameInTypeQuery.errors.txt	05-other-single-token
declarationEmitPrivatePromiseLikeInterface.errors.txt	00-no-arguments
declarationEmitPrivateSymbolCausesVarDeclarationEmit2.errors.txt	10-tuple-or-index
declarationEmitReadonlyComputedProperty.errors.txt	03-identifier
declarationEmitReexportedSymlinkReference3.errors.txt	05-other-single-token
declarationEmitRelativeModuleError.errors.txt	00-no-arguments
declarationEmitSetAccessorNoParameter.errors.txt	03-identifier
declarationEmitToDeclarationDirWithoutCompositeAndDeclarationOptions.errors.txt	03-identifier
declarationEmitTypeAliasTypeParameterExtendingUnknownSymbol.errors.txt	03-identifier
declarationEmitTypeParameterNameReusedInOverloads.errors.txt	03-identifier
declarationEmitUnknownImport(target=es2015).errors.txt	03-identifier
declarationEmitUnknownImport2(target=es2015).errors.txt	05-other-single-token
declarationEmitUnsafeImportSymbolName.errors.txt	05-other-single-token
declarationEmitUsingTypeAlias1.errors.txt	05-other-single-token
declarationEmitVarInElidedBlock.errors.txt	03-identifier
declarationEmitWithInvalidPackageJsonTypings.errors.txt	10-import-type
declarationFileForHtmlImport(allowarbitraryextensions=false).errors.txt	05-other-single-token
declarationFileForTsJsImport(module=node18).errors.txt	05-other-single-token
declarationFileForTsJsImport(module=node20).errors.txt	05-other-single-token
declarationFileForTsJsImport(module=nodenext).errors.txt	05-other-single-token
declarationFileNoCrashOnExtraExportModifier.errors.txt	00-no-arguments
declarationFileOverwriteError.errors.txt	04-qualified-name
declarationFiles.errors.txt	03-identifier
declarationFilesForNodeNativeModules(allowarbitraryextensions=false,module=node18).errors.txt	05-other-single-token
declarationFilesForNodeNativeModules(allowarbitraryextensions=false,module=node20).errors.txt	05-other-single-token
declarationFilesForNodeNativeModules(allowarbitraryextensions=false,module=nodenext).errors.txt	05-other-single-token
declarationFilesWithTypeReferences1.errors.txt	03-identifier
declarationFilesWithTypeReferences2.errors.txt	03-identifier
declarationFilesWithTypeReferences3.errors.txt	03-identifier
declarationFilesWithTypeReferences4.errors.txt	03-identifier
declarationMapsWithoutDeclaration.errors.txt	03-identifier
declarationNotFoundPackageBundlesTypes.errors.txt	05-other-single-token
declarationWithNoInitializer.errors.txt	00-no-arguments
declarationsAndAssignments.errors.txt	10-union
declareAlreadySeen.errors.txt	03-identifier
declareClassInterfaceImplementation.errors.txt	03-identifier
declareModifierOnImport1.errors.txt	03-identifier
declaredClassMergedwithSelf.errors.txt	03-identifier
decoratedClassFromExternalModule.errors.txt	03-identifier
decoratedDefaultExportsGetExportedCommonjs.errors.txt	03-identifier
decoratorCallGeneric.errors.txt	10-typeof
decoratorChecksFunctionBodies(target=es2015).errors.txt	01-keyword
decoratorInJsFile.errors.txt	00-no-arguments
decoratorInJsFile1.errors.txt	00-no-arguments
decoratorMetadata-jsdoc(target=es2015).errors.txt	10-union
decoratorMetadataConditionalType.errors.txt	03-identifier
decoratorMetadataGenericTypeVariable.errors.txt	03-identifier
decoratorMetadataGenericTypeVariableDefault.errors.txt	03-identifier
decoratorMetadataGenericTypeVariableInScope.errors.txt	03-identifier
decoratorMetadataNoLibIsolatedModulesTypes.errors.txt	03-identifier
decoratorMetadataRestParameterWithImportedType(target=es2015).errors.txt	03-identifier
decoratorMetadataTypeOnlyImport.errors.txt	05-other-single-token
decoratorMetadataWithImportDeclarationNameCollision4(target=es2015).errors.txt	03-identifier
decoratorMetadataWithImportDeclarationNameCollision7(target=es2015).errors.txt	03-identifier
decoratorMetadataWithTypeOnlyImport2.errors.txt	03-identifier
decoratorOnArrowFunction.errors.txt	05-other-single-token
decoratorOnAwait.errors.txt	00-no-arguments
decoratorOnClass8(target=es2015).errors.txt	00-no-arguments
decoratorOnClassAccessor3(target=es2015).errors.txt	00-no-arguments
decoratorOnClassAccessor6(target=es2015).errors.txt	00-no-arguments
decoratorOnClassAccessor7(target=es2015).errors.txt	00-no-arguments
decoratorOnClassConstructor1(target=es2015).errors.txt	00-no-arguments
decoratorOnClassConstructor2(target=es2015).errors.txt	10-union
decoratorOnClassConstructor3(target=es2015).errors.txt	10-union
decoratorOnClassConstructorParameter1(target=es2015).errors.txt	10-union
decoratorOnClassConstructorParameter4(target=es2015).errors.txt	05-other-single-token
decoratorOnClassMethod10(target=es2015).errors.txt	03-identifier
decoratorOnClassMethod11(target=es2015).errors.txt	00-no-arguments
decoratorOnClassMethod12(target=es2015).errors.txt	00-no-arguments
decoratorOnClassMethod17.errors.txt	00-no-arguments
decoratorOnClassMethod3(target=es2015).errors.txt	00-no-arguments
decoratorOnClassMethod6.errors.txt	03-identifier
decoratorOnClassMethod8(target=es2015).errors.txt	10-function
decoratorOnClassMethodOverload1(target=es2015).errors.txt	00-no-arguments
decoratorOnClassMethodParameter3.errors.txt	00-no-arguments
decoratorOnClassMethodThisParameter(target=es2015).errors.txt	01-keyword
decoratorOnClassProperty11(target=es2015).errors.txt	03-identifier
decoratorOnClassProperty3(target=es2015).errors.txt	00-no-arguments
decoratorOnClassProperty6(target=es2015).errors.txt	00-no-arguments
decoratorOnClassProperty7(target=es2015).errors.txt	00-no-arguments
decoratorOnEnum.errors.txt	00-no-arguments
decoratorOnEnum2.errors.txt	03-identifier
decoratorOnFunctionDeclaration.errors.txt	00-no-arguments
decoratorOnFunctionExpression.errors.txt	05-other-single-token
decoratorOnFunctionParameter.errors.txt	00-no-arguments
decoratorOnImportEquals1.errors.txt	00-no-arguments
decoratorOnImportEquals2.errors.txt	00-no-arguments
decoratorOnInterface.errors.txt	00-no-arguments
decoratorOnInternalModule.errors.txt	00-no-arguments
decoratorOnTypeAlias.errors.txt	00-no-arguments
decoratorOnUsing.errors.txt	00-no-arguments
decoratorOnVar.errors.txt	00-no-arguments
decoratorUsedBeforeDeclaration.errors.txt	03-identifier
decoratorsOnComputedProperties.errors.txt	00-no-arguments
decrementAndIncrementOperators.errors.txt	00-no-arguments
decrementOperatorWithAnyOtherTypeInvalidOperations.errors.txt	05-other-single-token
decrementOperatorWithEnumType.errors.txt	10-typeof
decrementOperatorWithEnumTypeInvalidOperations.errors.txt	10-typeof
decrementOperatorWithNumberType.errors.txt	03-identifier
decrementOperatorWithNumberTypeInvalidOperations.errors.txt	03-identifier
decrementOperatorWithUnsupportedBooleanType.errors.txt	03-identifier
decrementOperatorWithUnsupportedStringType.errors.txt	03-identifier
deduplicatePackages(deduplicatepackages=false).errors.txt	10-import-type
deduplicatePackages(deduplicatepackages=true).errors.txt	10-import-type
deepComparisons.errors.txt	10-tuple-or-index
deepElaborationsIntoArrowExpressions.errors.txt	02-literal
deepElementAccessExpressionInJS.errors.txt	10-object
deepExcessPropertyCheckingWhenTargetIsIntersection.errors.txt	03-identifier
deepKeysIndexing.errors.txt	02-literal
deeplyNestedArrayTypes.errors.txt	10-array
deeplyNestedAssignabilityErrorsCombined.errors.txt	10-object
deeplyNestedAssignabilityIssue.errors.txt	10-object
deeplyNestedCheck.errors.txt	10-object
deeplyNestedMappedTypes.errors.txt	10-object
deeplyNestedTupleTypes.errors.txt	10-tuple-or-index
defaultArgsInFunctionExpressions.errors.txt	03-identifier
defaultArgsInOverloads.errors.txt	00-no-arguments
defaultBestCommonTypesHaveDecls.errors.txt	10-object
defaultDeclarationEmitNamedCorrectly.errors.txt	03-identifier
defaultDeclarationEmitShadowedNamedCorrectly.errors.txt	03-identifier
defaultExportsCannotMerge01(target=es2015).errors.txt	03-identifier
defaultExportsCannotMerge02(target=es2015).errors.txt	03-identifier
defaultExportsCannotMerge03(target=es2015).errors.txt	03-identifier
defaultExportsCannotMerge04(target=es2015).errors.txt	03-identifier
defaultIsNotVisibleInLocalScope.errors.txt	03-identifier
defaultKeywordWithoutExport1.errors.txt	03-identifier
defaultKeywordWithoutExport2.errors.txt	03-identifier
defaultPropertyAssignedClassWithPrototype.errors.txt	03-identifier
defaultValueInConstructorOverload1.errors.txt	00-no-arguments
defaultValueInFunctionOverload1.errors.txt	00-no-arguments
defaultValueInFunctionTypes.errors.txt	10-function
defineProperty(target=esnext).errors.txt	03-identifier
definiteAssignmentAssertions.errors.txt	03-identifier
definiteAssignmentAssertionsWithObjectShortHand.errors.txt	00-no-arguments
definiteAssignmentWithErrorStillStripped.errors.txt	00-no-arguments
deleteChain.errors.txt	00-no-arguments
deleteExpressionMustBeOptional(strict=false).errors.txt	03-identifier
deleteExpressionMustBeOptional(strict=true).errors.txt	03-identifier
deleteExpressionMustBeOptional_exactOptionalPropertyTypes(exactoptionalpropertytypes=false).errors.txt	10-generic
deleteExpressionMustBeOptional_exactOptionalPropertyTypes(exactoptionalpropertytypes=true).errors.txt	10-generic
deleteOperator1.errors.txt	01-keyword
deleteOperatorInStrictMode.errors.txt	00-no-arguments
deleteOperatorInvalidOperations.errors.txt	05-other-single-token
deleteOperatorWithAnyOtherType(alwaysstrict=true).errors.txt	05-other-single-token
deleteOperatorWithBooleanType.errors.txt	03-identifier
deleteOperatorWithEnumType.errors.txt	00-no-arguments
deleteOperatorWithNumberType.errors.txt	03-identifier
deleteOperatorWithStringType.errors.txt	03-identifier
deleteReadonly.errors.txt	03-identifier
deleteReadonlyInStrictNullChecks.errors.txt	00-no-arguments
dependentDestructuredVariables.errors.txt	03-identifier
dependentDestructuredVariablesNoCrash1.errors.txt	10-tuple-or-index
dependentDestructuredVariablesNoCrash2.errors.txt	10-union
dependentDestructuredVariablesNoCrash3.errors.txt	03-identifier
dependentDestructuredVariablesReferenceInDeclaration1.errors.txt	10-union
deprecatedCompilerOptions1.errors.txt	06-other-text
deprecatedCompilerOptions3.errors.txt	06-other-text
deprecatedCompilerOptions4.errors.txt	06-other-text
deprecatedCompilerOptions5.errors.txt	06-other-text
derivedClassConstructorWithExplicitReturns01(target=es2015).errors.txt	03-identifier
derivedClassConstructorWithoutSuperCall.errors.txt	03-identifier
derivedClassFunctionOverridesBaseClassAccessor.errors.txt	10-function
derivedClassOverridesPrivateFunction1.errors.txt	03-identifier
derivedClassOverridesPrivates.errors.txt	10-typeof
derivedClassOverridesProtectedMembers(target=es2015).errors.txt	10-object
derivedClassOverridesProtectedMembers2(target=es2015).errors.txt	10-object
derivedClassOverridesProtectedMembers3(target=es2015).errors.txt	10-typeof
derivedClassOverridesProtectedMembers4.errors.txt	03-identifier
derivedClassOverridesPublicMembers.errors.txt	10-object
derivedClassOverridesWithoutSubtype.errors.txt	03-identifier
derivedClassParameterProperties.errors.txt	03-identifier
derivedClassSuperCallsInNonConstructorMembers.errors.txt	03-identifier
derivedClassSuperCallsWithThisArg.errors.txt	00-no-arguments
derivedClassSuperProperties(target=es2015).errors.txt	01-keyword
derivedClassSuperStatementPosition(target=es2015).errors.txt	00-no-arguments
derivedClassTransitivity.errors.txt	10-function
derivedClassTransitivity2.errors.txt	10-function
derivedClassTransitivity3.errors.txt	10-generic
derivedClassTransitivity4.errors.txt	10-function
derivedClassWithAny.errors.txt	03-identifier
derivedClassWithPrivateInstanceShadowingProtectedInstance(target=es2015).errors.txt	03-identifier
derivedClassWithPrivateInstanceShadowingPublicInstance.errors.txt	10-typeof
derivedClassWithPrivateStaticShadowingProtectedStatic(target=es2015).errors.txt	10-typeof
derivedClassWithPrivateStaticShadowingPublicStatic.errors.txt	10-typeof
derivedClassWithoutExplicitConstructor.errors.txt	03-identifier
derivedClassWithoutExplicitConstructor2.errors.txt	03-identifier
derivedClassWithoutExplicitConstructor3.errors.txt	03-identifier
derivedClasses.errors.txt	03-identifier
derivedGenericClassWithAny.errors.txt	10-generic
derivedInterfaceCallSignature.errors.txt	10-function
derivedInterfaceIncompatibleWithBaseIndexer.errors.txt	10-object
derivedTypeAccessesHiddenBaseCallViaSuperPropertyAccess.errors.txt	10-object
derivedTypeCallingBaseImplWithOptionalParams.errors.txt	02-literal
derivedTypeDoesNotRequireExtendsClause.errors.txt	03-identifier
derivedTypeIncompatibleSignatures.errors.txt	03-identifier
derivedUninitializedPropertyDeclaration.errors.txt	03-identifier
destructionAssignmentError.errors.txt	00-no-arguments
destructureCatchClause(strict=false,useunknownincatchvariables=false).errors.txt	10-object
destructureCatchClause(strict=false,useunknownincatchvariables=true).errors.txt	10-object
destructureCatchClause(strict=true,useunknownincatchvariables=false).errors.txt	03-identifier
destructureCatchClause(strict=true,useunknownincatchvariables=true).errors.txt	03-identifier
destructureComputedProperty.errors.txt	03-identifier
destructureTupleWithVariableElement.errors.txt	03-identifier
destructuredLateBoundNameHasCorrectTypes.errors.txt	10-object
destructuringArrayBindingPatternAndAssignment1ES5.errors.txt	10-array
destructuringArrayBindingPatternAndAssignment1ES5iterable.errors.txt	10-array
destructuringArrayBindingPatternAndAssignment1ES6.errors.txt	10-array
destructuringArrayBindingPatternAndAssignment2.errors.txt	10-tuple-or-index
destructuringArrayBindingPatternAndAssignment3.errors.txt	03-identifier
destructuringArrayBindingPatternAndAssignment4(target=es2015).errors.txt	10-union
destructuringAssignabilityCheck.errors.txt	10-object
destructuringAssignmentWithDefault2.errors.txt	10-union
destructuringAssignmentWithExportedName.errors.txt	00-no-arguments
destructuringAssignment_private.errors.txt	03-identifier
destructuringControlFlow.errors.txt	03-identifier
destructuringControlFlowNoCrash.errors.txt	10-function
destructuringEmptyBinding.errors.txt	03-identifier
destructuringFromUnionSpread.errors.txt	10-object
destructuringInFunctionType.errors.txt	03-identifier
destructuringObjectBindingPatternAndAssignment3.errors.txt	10-union
destructuringObjectBindingPatternAndAssignment4.errors.txt	03-identifier
destructuringParameterDeclaration1ES5.errors.txt	10-union
destructuringParameterDeclaration1ES5iterable.errors.txt	10-union
destructuringParameterDeclaration1ES6.errors.txt	10-union
destructuringParameterDeclaration2.errors.txt	10-union
destructuringParameterDeclaration3ES5.errors.txt	10-tuple-or-index
destructuringParameterDeclaration3ES5iterable(target=es2015).errors.txt	10-tuple-or-index
destructuringParameterDeclaration3ES6.errors.txt	10-tuple-or-index
destructuringParameterDeclaration4.errors.txt	10-union
destructuringParameterDeclaration5.errors.txt	10-object
destructuringParameterDeclaration6.errors.txt	05-other-single-token
destructuringParameterDeclaration7ES5iterable(target=es2015).errors.txt	03-identifier
destructuringParameterDeclaration8.errors.txt	10-union
destructuringParameterDeclaration9(strict=true).errors.txt	10-array
destructuringParameterProperties1.errors.txt	03-identifier
destructuringParameterProperties2.errors.txt	03-identifier
destructuringParameterProperties3.errors.txt	10-generic
destructuringParameterProperties4.errors.txt	10-generic
destructuringParameterProperties5.errors.txt	03-identifier
destructuringSameNames.errors.txt	03-identifier
destructuringSpread.errors.txt	10-object
destructuringTuple.errors.txt	10-generic
destructuringTypeAssertionsES5_1(target=es2015).errors.txt	03-identifier
destructuringTypeAssertionsES5_2(target=es2015).errors.txt	03-identifier
destructuringTypeAssertionsES5_3(target=es2015).errors.txt	03-identifier
destructuringTypeAssertionsES5_4(target=es2015).errors.txt	03-identifier
destructuringTypeAssertionsES5_6(target=es2015).errors.txt	03-identifier
destructuringTypeAssertionsES5_7(target=es2015).errors.txt	03-identifier
destructuringUnspreadableIntoRest.errors.txt	10-object
destructuringVariableDeclaration1ES5.errors.txt	01-keyword
destructuringVariableDeclaration1ES5iterable(target=es2015).errors.txt	03-identifier
destructuringVariableDeclaration1ES6.errors.txt	01-keyword
destructuringVariableDeclaration2.errors.txt	01-keyword
destructuringVoidStrictNullChecks.errors.txt	00-no-arguments
destructuringWithGenericParameter.errors.txt	03-identifier
destructuringWithLiteralInitializers2.errors.txt	03-identifier
detachedCommentAtStartOfConstructor2.errors.txt	03-identifier
detachedCommentAtStartOfFunctionBody1.errors.txt	03-identifier
detachedCommentAtStartOfFunctionBody2.errors.txt	03-identifier
detachedCommentAtStartOfLambdaFunction1.errors.txt	03-identifier
detachedCommentAtStartOfLambdaFunction2.errors.txt	03-identifier
didYouMeanElaborationsForExpressionsWhichCouldBeCalled.errors.txt	10-typeof
didYouMeanStringLiteral.errors.txt	10-union
didYouMeanSuggestionErrors.errors.txt	03-identifier
differentTypesWithSameName.errors.txt	04-qualified-name
directDependenceBetweenTypeAliases.errors.txt	03-identifier
directReferenceToNull.errors.txt	03-identifier
directReferenceToUndefined.errors.txt	03-identifier
disallowLineTerminatorBeforeArrow.errors.txt	00-no-arguments
disallowUnerasableAssertion.errors.txt	05-other-single-token
disallowedBlockScopedInPresenceOfParseErrors1.errors.txt	06-other-text
discriminateWithOptionalProperty4(exactoptionalpropertytypes=false).errors.txt	04-qualified-name
discriminatedUnionErrorMessage.errors.txt	03-identifier
discriminatedUnionTypes1.errors.txt	10-union
discriminatedUnionTypes2.errors.txt	10-object
dissallowSymbolAsWeakType.errors.txt	01-keyword
distributiveConditionalTypeConstraints.errors.txt	10-generic
divergentAccessorsTypes2.errors.txt	01-keyword
divergentAccessorsTypes3(target=es2015).errors.txt	03-identifier
divergentAccessorsTypes4(target=es2015).errors.txt	03-identifier
divergentAccessorsTypes5(target=es2015).errors.txt	03-identifier
divergentAccessorsTypes6.errors.txt	03-identifier
divergentAccessorsTypes8.errors.txt	03-identifier
divergentAccessorsVisibility1.errors.txt	03-identifier
doNotElaborateAssignabilityToTypeParameters(target=es2015).errors.txt	10-generic
doNotWidenAtObjectLiteralPropertyAssignment.errors.txt	10-union
doYouNeedToChangeYourTargetLibraryES2016Plus.errors.txt	10-typeof
doYouNeedToChangeYourTargetLibraryES2023(target=esnext).errors.txt	01-keyword
dontShowCompilerGeneratedMembers.errors.txt	00-no-arguments
dottedModuleName.errors.txt	03-identifier
dottedSymbolResolution1.errors.txt	03-identifier
doubleMixinConditionalTypeBaseClassWorks.errors.txt	03-identifier
doubleUnderStringLiteralAssignability.errors.txt	02-literal
doubleUnderscoreExportStarConflict.errors.txt	03-identifier
downlevelLetConst1.errors.txt	00-no-arguments
downlevelLetConst11.errors.txt	03-identifier
downlevelLetConst12(target=es2015).errors.txt	10-array
downlevelLetConst16(target=es2015).errors.txt	10-array
downlevelLetConst2.errors.txt	03-identifier
downlevelLetConst4.errors.txt	03-identifier
downlevelLetConst6.errors.txt	03-identifier
duplicateClassElements.errors.txt	03-identifier
duplicateDefaultExport.errors.txt	00-no-arguments
duplicateErrorAssignability.errors.txt	03-identifier
duplicateErrorClassExpression.errors.txt	10-typeof
duplicateErrorNameNotFound.errors.txt	03-identifier
duplicateExportAssignments.errors.txt	05-other-single-token
duplicateFunctionImplementationInJsFile.errors.txt	03-identifier
duplicateIdentifierBindingElementInParameterDeclaration1(target=es2015).errors.txt	03-identifier
duplicateIdentifierBindingElementInParameterDeclaration2(target=es2015).errors.txt	03-identifier
duplicateIdentifierChecks.errors.txt	10-tuple-or-index
duplicateIdentifierComputedName.errors.txt	10-tuple-or-index
duplicateIdentifierDifferentModifiers.errors.txt	03-identifier
duplicateIdentifierDifferentSpelling.errors.txt	05-other-single-token
duplicateIdentifierEnum.errors.txt	03-identifier
duplicateIdentifierInCatchBlock.errors.txt	03-identifier
duplicateIdentifierRelatedSpans1.errors.txt	03-identifier
duplicateIdentifierRelatedSpans2.errors.txt	03-identifier
duplicateIdentifierRelatedSpans3.errors.txt	03-identifier
duplicateIdentifierRelatedSpans4.errors.txt	03-identifier
duplicateIdentifierRelatedSpans5.errors.txt	03-identifier
duplicateIdentifierRelatedSpans6.errors.txt	03-identifier
duplicateIdentifierRelatedSpans7.errors.txt	03-identifier
duplicateIdentifierRelatedSpans_moduleAugmentation.errors.txt	03-identifier
duplicateIdentifiersAcrossContainerBoundaries.errors.txt	03-identifier
duplicateIdentifiersAcrossFileBoundaries.errors.txt	03-identifier
duplicateInterfaceMembers1.errors.txt	03-identifier
duplicateLabel1.errors.txt	03-identifier
duplicateLabel2.errors.txt	03-identifier
duplicateLocalVariable1.errors.txt	10-generic
duplicateLocalVariable2.errors.txt	10-generic
duplicateLocalVariable3.errors.txt	03-identifier
duplicateLocalVariable4.errors.txt	10-typeof
duplicateNumericIndexers.errors.txt	01-keyword
duplicateObjectLiteralProperty(target=es2015).errors.txt	03-identifier
duplicateObjectLiteralProperty_computedName1.errors.txt	00-no-arguments
duplicateObjectLiteralProperty_computedName2.errors.txt	00-no-arguments
duplicateObjectLiteralProperty_computedName3.errors.txt	00-no-arguments
duplicateOverloadInTypeAugmentation1.errors.txt	03-identifier
duplicatePackage.errors.txt	10-import-type
duplicatePackage_globalMerge.errors.txt	05-other-single-token
duplicatePackage_withErrors.errors.txt	00-no-arguments
duplicatePropertiesInStrictMode.errors.txt	00-no-arguments
duplicatePropertiesInTypeAssertions01.errors.txt	03-identifier
duplicatePropertiesInTypeAssertions02.errors.txt	03-identifier
duplicatePropertyAndAccessor.errors.txt	03-identifier
duplicatePropertyNames.errors.txt	03-identifier
duplicateStringIndexers.errors.txt	01-keyword
duplicateStringNamedProperty1.errors.txt	02-literal
duplicateSymbolsExportMatching.errors.txt	03-identifier
duplicateTypeParameters1.errors.txt	03-identifier
duplicateTypeParameters2.errors.txt	03-identifier
duplicateTypeParameters3.errors.txt	03-identifier
duplicateVarAndImport2.errors.txt	03-identifier
duplicateVariablesWithAny.errors.txt	03-identifier
duplicateVarsAcrossFileBoundaries.errors.txt	03-identifier
dynamicImportDefer(module=commonjs).errors.txt	00-no-arguments
dynamicImportDefer(module=es2015).errors.txt	00-no-arguments
dynamicImportDefer(module=es2020).errors.txt	00-no-arguments
dynamicImportDefer(module=nodenext).errors.txt	00-no-arguments
dynamicImportDeferInvalidStandalone.errors.txt	05-other-single-token
dynamicImportInDefaultExportExpression.errors.txt	05-other-single-token
dynamicImportTrailingComma.errors.txt	00-no-arguments
dynamicNames.errors.txt	03-identifier
dynamicNamesErrors.errors.txt	10-tuple-or-index
elaboratedErrors.errors.txt	03-identifier
elaboratedErrorsOnNullableTargets01.errors.txt	10-union
elaborationForPossiblyCallableTypeStillReferencesArgumentAtTopLevel.errors.txt	10-constructor
elementAccessChain.3.errors.txt	00-no-arguments
elidedJSImport1.errors.txt	10-import-type
elidedJSImport2(module=commonjs).errors.txt	03-identifier
elidedJSImport2(module=es2022).errors.txt	03-identifier
emit(jsx=preserve).errors.txt	05-other-single-token
emit(jsx=react).errors.txt	05-other-single-token
emitArrowFunctionThisCapturing(target=es2015).errors.txt	10-typeof
emitArrowFunctionThisCapturingES6.errors.txt	10-typeof
emitArrowFunctionWhenUsingArguments01(target=es2015).errors.txt	03-identifier
emitArrowFunctionWhenUsingArguments01_ES6.errors.txt	03-identifier
emitArrowFunctionWhenUsingArguments02(target=es2015).errors.txt	03-identifier
emitArrowFunctionWhenUsingArguments02_ES6.errors.txt	03-identifier
emitArrowFunctionWhenUsingArguments03(alwaysstrict=true,target=es2015).errors.txt	03-identifier
emitArrowFunctionWhenUsingArguments03_ES6(alwaysstrict=true).errors.txt	03-identifier
emitArrowFunctionWhenUsingArguments04(alwaysstrict=true,target=es2015).errors.txt	03-identifier
emitArrowFunctionWhenUsingArguments04_ES6(alwaysstrict=true).errors.txt	03-identifier
emitArrowFunctionWhenUsingArguments05(alwaysstrict=true,target=es2015).errors.txt	03-identifier
emitArrowFunctionWhenUsingArguments05_ES6(alwaysstrict=true).errors.txt	03-identifier
emitArrowFunctionWhenUsingArguments06(alwaysstrict=true,target=es2015).errors.txt	03-identifier
emitArrowFunctionWhenUsingArguments06_ES6(alwaysstrict=true).errors.txt	03-identifier
emitArrowFunctionWhenUsingArguments07(alwaysstrict=true,target=es2015).errors.txt	03-identifier
emitArrowFunctionWhenUsingArguments07_ES6(alwaysstrict=true).errors.txt	03-identifier
emitArrowFunctionWhenUsingArguments08(alwaysstrict=true,target=es2015).errors.txt	03-identifier
emitArrowFunctionWhenUsingArguments08_ES6(alwaysstrict=true).errors.txt	03-identifier
emitArrowFunctionWhenUsingArguments11(alwaysstrict=true,target=es2015).errors.txt	03-identifier
emitArrowFunctionWhenUsingArguments11_ES6(alwaysstrict=true).errors.txt	03-identifier
emitArrowFunctionWhenUsingArguments12(target=es2015).errors.txt	03-identifier
emitArrowFunctionWhenUsingArguments12_ES6.errors.txt	03-identifier
emitArrowFunctionWhenUsingArguments13(alwaysstrict=true,target=es2015).errors.txt	03-identifier
emitArrowFunctionWhenUsingArguments13_ES6(alwaysstrict=true).errors.txt	03-identifier
emitArrowFunctionWhenUsingArguments14(alwaysstrict=true,target=es2015).errors.txt	03-identifier
emitArrowFunctionWhenUsingArguments14_ES6(alwaysstrict=true).errors.txt	03-identifier
emitArrowFunctionWhenUsingArguments15(alwaysstrict=true,target=es2015).errors.txt	03-identifier
emitArrowFunctionWhenUsingArguments15_ES6(alwaysstrict=true).errors.txt	03-identifier
emitArrowFunctionWhenUsingArguments16(alwaysstrict=true,target=es2015).errors.txt	03-identifier
emitArrowFunctionWhenUsingArguments16_ES6(alwaysstrict=true).errors.txt	03-identifier
emitArrowFunctionWhenUsingArguments17(alwaysstrict=true,target=es2015).errors.txt	03-identifier
emitArrowFunctionWhenUsingArguments17_ES6(alwaysstrict=true).errors.txt	03-identifier
emitCapturingThisInTupleDestructuring1.errors.txt	10-typeof
emitCapturingThisInTupleDestructuring2.errors.txt	10-tuple-or-index
emitClassDeclarationWithGetterSetterInES6.errors.txt	03-identifier
emitClassDeclarationWithMethodInES6.errors.txt	03-identifier
emitClassDeclarationWithTypeArgumentInES6.errors.txt	03-identifier
emitClassExpressionInDeclarationFile2.errors.txt	03-identifier
emitCompoundExponentiationOperator1(target=es2015).errors.txt	03-identifier
emitCompoundExponentiationOperator2(target=es2015).errors.txt	03-identifier
emitDecoratorMetadata_isolatedModules(module=esnext).errors.txt	00-no-arguments
emitExponentiationOperator4(target=es2015).errors.txt	00-no-arguments
emitIncompleteDoStatement.errors.txt	00-no-arguments
emitModuleCommonJS(module=commonjs).errors.txt	05-other-single-token
emitModuleCommonJS(module=nodenext).errors.txt	05-other-single-token
emitReactJsxSelfClosingElement.errors.txt	05-other-single-token
emitSkipsThisWithRestParameter.errors.txt	10-tuple-or-index
emitThisInSuperMethodCall.errors.txt	00-no-arguments
emptyAssignmentPatterns01_ES5iterable(target=es2015).errors.txt	03-identifier
emptyAssignmentPatterns02_ES5iterable(target=es2015).errors.txt	03-identifier
emptyAssignmentPatterns03_ES5iterable(target=es2015).errors.txt	03-identifier
emptyAssignmentPatterns04_ES5iterable(target=es2015).errors.txt	03-identifier
emptyGenericParamList.errors.txt	10-generic
emptyIndexer.errors.txt	03-identifier
emptyMemberAccess.errors.txt	00-no-arguments
emptyModuleName.errors.txt	06-other-text
emptyObjectNotSubtypeOfIndexSignatureContainingObject1.errors.txt	10-generic
emptyObjectNotSubtypeOfIndexSignatureContainingObject2.errors.txt	10-generic
emptyThenWarning.errors.txt	00-no-arguments
emptyTuplesTypeAssertion01.errors.txt	10-array
emptyTuplesTypeAssertion02.errors.txt	10-array
emptyTypeArgumentList.errors.txt	00-no-arguments
emptyTypeArgumentListWithNew.errors.txt	00-no-arguments
emptyVariableDeclarationBindingPatterns01_ES5iterable(target=es2015).errors.txt	03-identifier
emptyVariableDeclarationBindingPatterns02_ES5(target=es2015).errors.txt	00-no-arguments
emptyVariableDeclarationBindingPatterns02_ES5iterable(target=es2015).errors.txt	03-identifier
emptyVariableDeclarationBindingPatterns02_ES6.errors.txt	00-no-arguments
enumAssignability.errors.txt	10-object
enumAssignabilityInInheritance.errors.txt	03-identifier
enumAssignmentCompat.errors.txt	10-typeof
enumAssignmentCompat2.errors.txt	10-typeof
enumAssignmentCompat3.errors.txt	04-qualified-name
enumAssignmentCompat5.errors.txt	04-qualified-name
enumAssignmentCompat6.errors.txt	10-import-type
enumAssignmentCompat7.errors.txt	10-typeof
enumBasics1.errors.txt	04-qualified-name
enumBasics2.errors.txt	04-qualified-name
enumBasics3.errors.txt	04-qualified-name
enumConflictsWithGlobalIdentifier.errors.txt	03-identifier
enumConstantMemberWithString.errors.txt	00-no-arguments
enumConstantMemberWithTemplateLiterals.errors.txt	00-no-arguments
enumConstantMembers.errors.txt	00-no-arguments
enumErrorOnConstantBindingWithInitializer.errors.txt	10-union
enumErrors.errors.txt	10-object
enumGenericTypeClash.errors.txt	00-no-arguments
enumIdentifierLiterals.errors.txt	00-no-arguments
enumIsNotASubtypeOfAnythingButNumber.errors.txt	10-typeof
enumLiteralAssignableToEnumInsideUnion.errors.txt	10-union
enumLiteralTypes3.errors.txt	04-qualified-name
enumMemberResolution.errors.txt	03-identifier
enumMergeWithExpando.errors.txt	10-typeof
enumMergingErrors.errors.txt	00-no-arguments
enumNaNValues.errors.txt	03-identifier
enumNoInitializerFollowsNonLiteralInitializer.errors.txt	00-no-arguments
enumPropertyAccess.errors.txt	04-qualified-name
enumPropertyAccessBeforeInitalisation.errors.txt	03-identifier
enumShadowedInfinityNaN.errors.txt	10-object
enumTag.errors.txt	03-identifier
enumTagImported.errors.txt	03-identifier
enumTagUseBeforeDefCrash.errors.txt	03-identifier
enumUsedBeforeDeclaration.errors.txt	03-identifier
enumWithBigint.errors.txt	00-no-arguments
enumWithComputedMember.errors.txt	00-no-arguments
enumWithExport.errors.txt	03-identifier
enumWithNonLiteralStringInitializer.errors.txt	04-qualified-name
enumWithParenthesizedInitializer1.errors.txt	05-other-single-token
enumWithPrimitiveName.errors.txt	01-keyword
enums.errors.txt	03-identifier
enumsWithMultipleDeclarations1.errors.txt	00-no-arguments
enumsWithMultipleDeclarations2.errors.txt	00-no-arguments
equalityStrictNulls.errors.txt	01-keyword
equalityWithEnumTypes.errors.txt	03-identifier
equalityWithIntersectionTypes01.errors.txt	10-intersection
erasableSyntaxOnly.errors.txt	00-no-arguments
erasableSyntaxOnly2.errors.txt	05-other-single-token
erasableSyntaxOnlyDeclaration.errors.txt	00-no-arguments
erasableSyntaxOnlyJS.errors.txt	00-no-arguments
errorCause(target=es2021).errors.txt	03-identifier
errorElaboration.errors.txt	10-generic
errorElaborationDivesIntoApparentlyPresentPropsOnly.errors.txt	10-object
errorForBareSpecifierWithImplicitModuleResolutionNone.errors.txt	05-other-single-token
errorForConflictingExportEqualsValue.errors.txt	00-no-arguments
errorForUsingPropertyOfTypeAsType01.errors.txt	06-other-text
errorForUsingPropertyOfTypeAsType02.errors.txt	03-identifier
errorForUsingPropertyOfTypeAsType03.errors.txt	04-qualified-name
errorForwardReferenceForwadingConstructor.errors.txt	02-literal
errorHandlingInInstanceOf.errors.txt	03-identifier
errorInUnnamedClassExpression.errors.txt	03-identifier
errorInfoForRelatedIndexTypesNoConstraintElaboration.errors.txt	10-tuple-or-index
errorLocationForInterfaceExtension.errors.txt	01-keyword
errorMessageOnIntersectionsWithDiscriminants01.errors.txt	10-object
errorMessageOnObjectLiteralType.errors.txt	10-object
errorMessagesIntersectionTypes01.errors.txt	10-object
errorMessagesIntersectionTypes02.errors.txt	10-union
errorMessagesIntersectionTypes03.errors.txt	10-intersection
errorMessagesIntersectionTypes04.errors.txt	10-intersection
errorOnContextuallyTypedReturnType.errors.txt	10-function
errorOnEnumReferenceInCondition.errors.txt	01-keyword
errorOnFunctionReturnType(target=es2015).errors.txt	10-generic
errorOnInitializerInInterfaceProperty.errors.txt	00-no-arguments
errorOnInitializerInObjectTypeLiteralProperty.errors.txt	00-no-arguments
errorOnUnionVsObjectShouldDeeplyDisambiguate.errors.txt	10-generic
errorOnUnionVsObjectShouldDeeplyDisambiguate2.errors.txt	10-generic
errorRecoveryInClassDeclaration.errors.txt	05-other-single-token
errorRecoveryWithDotFollowedByNamespaceKeyword.errors.txt	05-other-single-token
errorSpanForUnclosedJsxTag.errors.txt	10-generic
errorSuperCalls.errors.txt	00-no-arguments
errorSuperPropertyAccess(target=es2015).errors.txt	03-identifier
errorSupression1.errors.txt	10-typeof
errorTypesAsTypeArguments.errors.txt	03-identifier
errorWithSameNameType.errors.txt	10-import-type
errorWithTruncatedType.errors.txt	10-object
errorsForCallAndAssignmentAreSimilar.errors.txt	10-union
errorsInGenericTypeReference.errors.txt	03-identifier
errorsOnImportedSymbol(target=es2015).errors.txt	03-identifier
errorsOnUnionsOfOverlappingObjects01.errors.txt	10-union
errorsWithInvokablesInUnions01.errors.txt	10-typeof
es2016IntlAPIs.errors.txt	03-identifier
es2020IntlAPIs.errors.txt	10-object
es2024SharedMemory.errors.txt	03-identifier
es5-asyncFunctionWithStatements(alwaysstrict=true,target=es2015).errors.txt	00-no-arguments
es5-commonjs3(target=es2015).errors.txt	00-no-arguments
es5-commonjs4(target=es2015).errors.txt	00-no-arguments
es5-oldStyleOctalLiteralInEnums(target=es2015).errors.txt	05-other-single-token
es5DateAPIs(target=es2015).errors.txt	02-literal
es5ExportDefaultClassDeclaration3(target=es2015).errors.txt	03-identifier
es5ExportEquals(target=es2015).errors.txt	00-no-arguments
es5ExportEqualsDts(target=es2015).errors.txt	03-identifier
es5ModuleInternalNamedImports(target=es2015).errors.txt	03-identifier
es6ClassTest.errors.txt	00-no-arguments
es6ClassTest9.errors.txt	10-object
es6DeclOrdering.errors.txt	03-identifier
es6ExportAll.errors.txt	03-identifier
es6ExportAssignment.errors.txt	00-no-arguments
es6ExportAssignment2.errors.txt	00-no-arguments
es6ExportAssignment3.errors.txt	03-identifier
es6ExportEquals.errors.txt	00-no-arguments
es6ExportEqualsInterop.errors.txt	10-typeof
es6ImportDefaultBindingFollowedWithNamedImport1.errors.txt	03-identifier
es6ImportDefaultBindingFollowedWithNamedImport1InEs5(target=es2015).errors.txt	03-identifier
es6ImportDefaultBindingFollowedWithNamedImport1WithExport(target=es2015).errors.txt	03-identifier
es6ImportDefaultBindingFollowedWithNamedImportDts.errors.txt	02-literal
es6ImportDefaultBindingFollowedWithNamedImportDts1(target=es2015).errors.txt	03-identifier
es6ImportDefaultBindingFollowedWithNamedImportInEs5(target=es2015).errors.txt	02-literal
es6ImportDefaultBindingFollowedWithNamedImportWithExport(target=es2015).errors.txt	03-identifier
es6ImportDefaultBindingFollowedWithNamespaceBinding.errors.txt	02-literal
es6ImportDefaultBindingFollowedWithNamespaceBindingDts.errors.txt	02-literal
es6ImportDefaultBindingFollowedWithNamespaceBindingInEs5(target=es2015).errors.txt	02-literal
es6ImportDefaultBindingFollowedWithNamespaceBindingWithExport.errors.txt	02-literal
es6ImportDefaultBindingMergeErrors(target=es2015).errors.txt	03-identifier
es6ImportDefaultBindingNoDefaultProperty.errors.txt	02-literal
es6ImportDefaultBindingWithExport(target=es2015).errors.txt	00-no-arguments
es6ImportEqualsDeclaration.errors.txt	00-no-arguments
es6ImportEqualsExportModuleEs2015Error.errors.txt	00-no-arguments
es6ImportNameSpaceImportMergeErrors(target=es2015).errors.txt	03-identifier
es6ImportNamedImportIdentifiersParsing.errors.txt	03-identifier
es6ImportNamedImportMergeErrors.errors.txt	03-identifier
es6ImportNamedImportNoExportMember.errors.txt	03-identifier
es6ImportNamedImportNoNamedExports(target=es2015).errors.txt	03-identifier
es6ImportNamedImportParsingError.errors.txt	10-object
es6ImportNamedImportWithExport.errors.txt	03-identifier
es6ImportParseErrors.errors.txt	00-no-arguments
es6ImportWithoutFromClause.errors.txt	03-identifier
es6ImportWithoutFromClauseInEs5(target=es2015).errors.txt	03-identifier
es6ImportWithoutFromClauseNonInstantiatedModule.errors.txt	03-identifier
es6ImportWithoutFromClauseWithExport.errors.txt	03-identifier
es6MemberScoping.errors.txt	03-identifier
es6ModuleInternalNamedImports.errors.txt	00-no-arguments
es6ModuleInternalNamedImports2.errors.txt	00-no-arguments
es6modulekindWithES5Target10(target=es2015).errors.txt	03-identifier
es6modulekindWithES5Target9(target=es2015).errors.txt	03-identifier
esDecorators-arguments.errors.txt	00-no-arguments
esDecorators-classDeclaration-accessors-nonStaticAbstract(target=es2015).errors.txt	00-no-arguments
esDecorators-classDeclaration-accessors-nonStaticAbstract(target=es2022).errors.txt	00-no-arguments
esDecorators-classDeclaration-accessors-nonStaticAbstract(target=esnext).errors.txt	00-no-arguments
esDecorators-classDeclaration-exportModifier.2.errors.txt	05-other-single-token
esDecorators-classDeclaration-exportModifier.errors.txt	00-no-arguments
esDecorators-classDeclaration-fields-nonStaticAbstract(target=es2015).errors.txt	00-no-arguments
esDecorators-classDeclaration-fields-nonStaticAbstract(target=es2022).errors.txt	00-no-arguments
esDecorators-classDeclaration-fields-nonStaticAbstract(target=esnext).errors.txt	00-no-arguments
esDecorators-classDeclaration-fields-nonStaticAbstractAccessor(target=es2015).errors.txt	00-no-arguments
esDecorators-classDeclaration-fields-nonStaticAbstractAccessor(target=es2022).errors.txt	00-no-arguments
esDecorators-classDeclaration-fields-nonStaticAbstractAccessor(target=esnext).errors.txt	00-no-arguments
esDecorators-classDeclaration-fields-nonStaticAmbient(target=es2015).errors.txt	00-no-arguments
esDecorators-classDeclaration-fields-nonStaticAmbient(target=es2022).errors.txt	00-no-arguments
esDecorators-classDeclaration-fields-nonStaticAmbient(target=esnext).errors.txt	00-no-arguments
esDecorators-classDeclaration-fields-staticAmbient(target=es2015).errors.txt	00-no-arguments
esDecorators-classDeclaration-fields-staticAmbient(target=es2022).errors.txt	00-no-arguments
esDecorators-classDeclaration-fields-staticAmbient(target=esnext).errors.txt	00-no-arguments
esDecorators-classDeclaration-methods-nonStaticAbstract(target=es2015).errors.txt	00-no-arguments
esDecorators-classDeclaration-methods-nonStaticAbstract(target=es2022).errors.txt	00-no-arguments
esDecorators-classDeclaration-methods-nonStaticAbstract(target=esnext).errors.txt	00-no-arguments
esDecorators-classDeclaration-parameterDecorators(target=es2015).errors.txt	00-no-arguments
esDecorators-classDeclaration-parameterDecorators(target=es2022).errors.txt	00-no-arguments
esDecorators-classDeclaration-parameterDecorators(target=esnext).errors.txt	00-no-arguments
esDecorators-decoratorExpression.1(experimentaldecorators=false).errors.txt	00-no-arguments
esDecorators-decoratorExpression.1(experimentaldecorators=true).errors.txt	00-no-arguments
esDecorators-decoratorExpression.3(experimentaldecorators=false).errors.txt	10-typeof
esDecorators-decoratorExpression.3(experimentaldecorators=true).errors.txt	10-typeof
esDecorators-emitDecoratorMetadata(target=es2015).errors.txt	03-identifier
esDecorators-emitDecoratorMetadata(target=es2022).errors.txt	03-identifier
esDecorators-emitDecoratorMetadata(target=esnext).errors.txt	03-identifier
esDecorators-privateFieldAccess.errors.txt	05-other-single-token
esModuleInteropDefaultImports.errors.txt	10-import-type
esModuleInteropImportDefaultWhenAllNamedAreDefaultAlias.errors.txt	03-identifier
esModuleInteropPrettyErrorRelatedInformation.errors.txt	10-function
esModuleInteropTslibHelpers.errors.txt	03-identifier
esModuleInteropUsesExportStarWhenDefaultPlusNames.errors.txt	05-other-single-token
escapedIdentifiers.errors.txt	03-identifier
esmModeDeclarationFileWithExportAssignment.errors.txt	02-literal
esmModuleExports1.errors.txt	03-identifier
esmModuleExports2(esmoduleinterop=true).errors.txt	03-identifier
esmModuleExports3.errors.txt	03-identifier
esmNoSynthesizedDefault(module=esnext).errors.txt	10-import-type
esmNoSynthesizedDefault(module=preserve).errors.txt	10-import-type
esnextmodulekindWithES5Target10(target=es2015).errors.txt	03-identifier
esnextmodulekindWithES5Target9(target=es2015).errors.txt	03-identifier
evalAfter0.errors.txt	00-no-arguments
everyTypeAssignableToAny.errors.txt	03-identifier
everyTypeWithAnnotationAndInitializer.errors.txt	03-identifier
everyTypeWithAnnotationAndInvalidInitializer.errors.txt	10-typeof
evolvingArrayResolvedAssert.errors.txt	10-array
exactOptionalPropertyTypesArgumentError.errors.txt	10-object
exactOptionalPropertyTypesIdentical.errors.txt	10-union
exactSpellingSuggestion.errors.txt	10-typeof
excessPropertiesInOverloads.errors.txt	10-object
excessPropertyCheckIntersectionWithIndexSignature.errors.txt	10-object
excessPropertyCheckIntersectionWithRecursiveType.errors.txt	10-object
excessPropertyCheckWithEmptyObject.errors.txt	10-object
excessPropertyCheckWithMultipleDiscriminants.errors.txt	10-union
excessPropertyCheckWithSpread.errors.txt	03-identifier
excessPropertyCheckWithUnions.errors.txt	10-object
excessPropertyChecksWithNestedIntersections.errors.txt	10-object
excessPropertyErrorForFunctionTypes.errors.txt	03-identifier
excessiveStackDepthFlatArray.errors.txt	10-object
excessivelyLargeTupleSpread.errors.txt	00-no-arguments
exhaustiveSwitchCheckCircularity.errors.txt	02-literal
exhaustiveSwitchImplicitReturn.errors.txt	00-no-arguments
exhaustiveSwitchStatements1.errors.txt	10-keyof
expandoFunctionContextualTypesNoValue.errors.txt	03-identifier
expandoFunctionNestedAssigments.errors.txt	10-object
expandoNoInferredIndex.errors.txt	03-identifier
expandoObjectIndexSignatures.errors.txt	03-identifier
expandoOnAlias.errors.txt	10-typeof
expandoPropertyEmptyArrayWidening.errors.txt	10-array
experimentalDecoratorMetadataUnresolvedTypeObjectInEmit.errors.txt	04-qualified-name
exponentiationOperatorInTemplateStringWithSyntaxError1(target=es2015).errors.txt	05-other-single-token
exponentiationOperatorInTemplateStringWithSyntaxError2(target=es2015).errors.txt	05-other-single-token
exponentiationOperatorInTemplateStringWithSyntaxError3(target=es2015).errors.txt	05-other-single-token
exponentiationOperatorSyntaxError1(target=es2015).errors.txt	05-other-single-token
exponentiationOperatorSyntaxError2(target=es2015).errors.txt	05-other-single-token
exponentiationOperatorWithAnyAndNumber.errors.txt	03-identifier
exponentiationOperatorWithEnum.errors.txt	03-identifier
exponentiationOperatorWithEnumUnion.errors.txt	03-identifier
exponentiationOperatorWithInvalidOperands.errors.txt	00-no-arguments
exponentiationOperatorWithInvalidSimpleUnaryExpressionOperands.errors.txt	00-no-arguments
exponentiationOperatorWithNew.errors.txt	03-identifier
exponentiationOperatorWithNullValueAndInvalidOperands.errors.txt	01-keyword
exponentiationOperatorWithNullValueAndValidOperands.errors.txt	01-keyword
exponentiationOperatorWithOnlyNullValueOrUndefinedValue.errors.txt	01-keyword
exponentiationOperatorWithTemplateStringInvalid(target=es2015).errors.txt	00-no-arguments
exponentiationOperatorWithTemplateStringInvalidES6.errors.txt	03-identifier
exponentiationOperatorWithTypeParameter.errors.txt	00-no-arguments
exponentiationOperatorWithUndefinedValueAndInvalidOperands.errors.txt	01-keyword
exponentiationOperatorWithUndefinedValueAndValidOperands.errors.txt	01-keyword
exportAlreadySeen.errors.txt	03-identifier
exportAsNamespace1(module=commonjs).errors.txt	03-identifier
exportAsNamespace1(module=es2015).errors.txt	03-identifier
exportAsNamespace1(module=esnext).errors.txt	03-identifier
exportAsNamespace2(module=commonjs).errors.txt	03-identifier
exportAsNamespace2(module=es2015).errors.txt	03-identifier
exportAsNamespace2(module=esnext).errors.txt	03-identifier
exportAsNamespace3(module=commonjs).errors.txt	03-identifier
exportAsNamespace3(module=es2015).errors.txt	03-identifier
exportAsNamespace3(module=esnext).errors.txt	03-identifier
exportAsNamespaceConflict.errors.txt	03-identifier
exportAsNamespace_augment.errors.txt	03-identifier
exportAsNamespace_exportAssignment.errors.txt	02-literal
exportAsNamespace_missingEmitHelpers.errors.txt	03-identifier
exportAsNamespace_nonExistent.errors.txt	05-other-single-token
exportAssignClassAndModule.errors.txt	03-identifier
exportAssignNonIdentifier.errors.txt	00-no-arguments
exportAssignmentAndDeclaration.errors.txt	00-no-arguments
exportAssignmentConstrainedGenericType.errors.txt	10-object
exportAssignmentExpressionIsExpressionNode.errors.txt	10-union
exportAssignmentGenericType.errors.txt	03-identifier
exportAssignmentImportMergeNoCrash.errors.txt	03-identifier
exportAssignmentMembersVisibleInAugmentation.errors.txt	03-identifier
exportAssignmentMerging10.errors.txt	03-identifier
exportAssignmentMerging3.errors.txt	00-no-arguments
exportAssignmentMerging4.errors.txt	00-no-arguments
exportAssignmentMerging6.errors.txt	10-import-type
exportAssignmentMerging7.errors.txt	03-identifier
exportAssignmentMerging9.errors.txt	00-no-arguments
exportAssignmentOfDeclaredExternalModule.errors.txt	03-identifier
exportAssignmentWithDeclareAndExportModifiers.errors.txt	00-no-arguments
exportAssignmentWithDeclareModifier.errors.txt	00-no-arguments
exportAssignmentWithExportModifier.errors.txt	00-no-arguments
exportAssignmentWithExports.errors.txt	00-no-arguments
exportAssignmentWithoutAllowSyntheticDefaultImportsError.errors.txt	00-no-arguments
exportBinding.errors.txt	03-identifier
exportClassExtendingIntersection.errors.txt	03-identifier
exportClassNameWithObjectCommonJS(target=es2015).errors.txt	03-identifier
exportClassWithoutName.errors.txt	00-no-arguments
exportCodeGen.errors.txt	03-identifier
exportDeclaration(isolatedmodules=false).errors.txt	03-identifier
exportDeclaration(isolatedmodules=true).errors.txt	03-identifier
exportDeclarationInInternalModule(target=es2015).errors.txt	00-no-arguments
exportDeclaration_missingBraces.errors.txt	05-other-single-token
exportDeclaration_moduleSpecifier.errors.txt	03-identifier
exportDeclarationsInAmbientNamespaces2.errors.txt	00-no-arguments
exportDeclareClass1.errors.txt	00-no-arguments
exportDefault.errors.txt	10-import-type
exportDefaultAbstractClass.errors.txt	03-identifier
exportDefaultAlias_excludesEverything.errors.txt	00-no-arguments
exportDefaultAsyncFunction2.errors.txt	03-identifier
exportDefaultClassAndValue.errors.txt	03-identifier
exportDefaultClassInNamespace.errors.txt	00-no-arguments
exportDefaultClassNameWithObject(target=es2015).errors.txt	03-identifier
exportDefaultDuplicateCrash.errors.txt	05-other-single-token
exportDefaultFunctionInNamespace.errors.txt	00-no-arguments
exportDefaultInJsFile01(target=es2015).errors.txt	04-qualified-name
exportDefaultInJsFile02.errors.txt	04-qualified-name
exportDefaultInterface.errors.txt	03-identifier
exportDefaultInterfaceAndTwoFunctions.errors.txt	03-identifier
exportDefaultInterfaceClassAndFunctionOverloads.errors.txt	00-no-arguments
exportDefaultInterfaceClassAndValue.errors.txt	03-identifier
exportDefaultMissingName.errors.txt	03-identifier
exportDefaultStripsFreshness.errors.txt	10-object
exportDefaultTypeAndClass.errors.txt	00-no-arguments
exportDefaultTypeAndFunctionOverloads.errors.txt	00-no-arguments
exportDefaultTypeClassAndValue.errors.txt	03-identifier
exportDeferInvalid.errors.txt	05-other-single-token
exportEqualErrorType.errors.txt	10-object
exportEqualMemberMissing.errors.txt	10-object
exportEqualsClassRedeclarationError.errors.txt	03-identifier
exportEqualsDefaultProperty.errors.txt	10-object
exportInFunction.errors.txt	05-other-single-token
exportInterfaceClassAndValue.errors.txt	03-identifier
exportInterfaceClassAndValueWithDuplicatesInImportList.errors.txt	03-identifier
exportNamespace1.errors.txt	03-identifier
exportNamespace10.errors.txt	03-identifier
exportNamespace11.errors.txt	10-import-type
exportNamespace12.errors.txt	10-import-type
exportNamespace2.errors.txt	03-identifier
exportNamespace3.errors.txt	10-import-type
exportNamespace4.errors.txt	03-identifier
exportNamespace5.errors.txt	03-identifier
exportNamespace6.errors.txt	03-identifier
exportNamespace7.errors.txt	03-identifier
exportNamespace8.errors.txt	03-identifier
exportNamespace9.errors.txt	03-identifier
exportNamespace_js.errors.txt	06-other-text
exportNestedNamespaces.errors.txt	10-object
exportNestedNamespaces2.errors.txt	10-import-type
exportNonInitializedVariablesCommonJS.errors.txt	03-identifier
exportNonInitializedVariablesES6.errors.txt	03-identifier
exportNonInitializedVariablesInIfThenStatementNoCrash1(module=commonjs).errors.txt	03-identifier
exportNonInitializedVariablesInIfThenStatementNoCrash1(module=esnext).errors.txt	03-identifier
exportNonLocalDeclarations.errors.txt	01-keyword
exportNonVisibleType.errors.txt	03-identifier
exportPrivateType.errors.txt	03-identifier
exportPropertyAssignmentNameResolution.errors.txt	03-identifier
exportSameNameFuncVar.errors.txt	03-identifier
exportSpecifierAndLocalMemberDeclaration.errors.txt	03-identifier
exportSpecifierForAGlobal.errors.txt	03-identifier
exportSpecifierReferencingOuterDeclaration1.errors.txt	03-identifier
exportSpecifierReferencingOuterDeclaration2.errors.txt	03-identifier
exportSpecifierReferencingOuterDeclaration3.errors.txt	03-identifier
exportSpecifierReferencingOuterDeclaration4.errors.txt	03-identifier
exportSpecifiers.errors.txt	03-identifier
exportSpecifiers_js.errors.txt	10-rest-or-elision
exportSpellingSuggestion.errors.txt	03-identifier
exportStar(target=es2015).errors.txt	03-identifier
exportStarFromEmptyModule(target=es2015).errors.txt	10-typeof
exportedBlockScopedDeclarations.errors.txt	03-identifier
exportedEnumTypeAndValue.errors.txt	03-identifier
exportsAndImportsWithContextualKeywordNames01(target=es2015).errors.txt	03-identifier
exportsAndImportsWithUnderscores1(target=es2015).errors.txt	05-other-single-token
expr.errors.txt	05-other-single-token
expressionTypeNodeShouldError.errors.txt	05-other-single-token
expressionWithJSDocTypeArguments.errors.txt	00-no-arguments
expressionsForbiddenInParameterInitializers.errors.txt	00-no-arguments
extBaseClass2.errors.txt	10-typeof
extendAndImplementTheSameBaseType.errors.txt	03-identifier
extendAndImplementTheSameBaseType2.errors.txt	10-generic
extendArray.errors.txt	03-identifier
extendBaseClassBeforeItsDeclared.errors.txt	03-identifier
extendConstructSignatureInInterface.errors.txt	03-identifier
extendFromAny.errors.txt	03-identifier
extendGenericArray.errors.txt	01-keyword
extendGenericArray2.errors.txt	01-keyword
extendGlobalThis.errors.txt	05-other-single-token
extendGlobalThis2.errors.txt	03-identifier
extendNonClassSymbol2.errors.txt	10-function
extendPrivateConstructorClass.errors.txt	04-qualified-name
extendedInterfaceGenericType.errors.txt	03-identifier
extendedInterfacesWithDuplicateTypeParameters.errors.txt	03-identifier
extendingClassFromAliasAndUsageInIndexer.errors.txt	03-identifier
extendsClause.errors.txt	03-identifier
extendsClauseAlreadySeen.errors.txt	00-no-arguments
extendsClauseAlreadySeen2.errors.txt	00-no-arguments
extendsTag5.errors.txt	10-union
extendsTagEmit.errors.txt	03-identifier
extendsUntypedModule.errors.txt	03-identifier
extension.errors.txt	03-identifier
extensionLoadingPriority(moduleresolution=node16).errors.txt	05-other-single-token
extensionLoadingPriority(moduleresolution=nodenext).errors.txt	05-other-single-token
externModule.errors.txt	03-identifier
externSemantics.errors.txt	00-no-arguments
externSyntax.errors.txt	00-no-arguments
externalModuleExportingGenericClass.errors.txt	10-generic
externalModuleImmutableBindings.errors.txt	10-import-type
externalModuleQualification.errors.txt	03-identifier
externalModuleRefernceResolutionOrderInImportDeclaration.errors.txt	10-import-type
extractInferenceImprovement.errors.txt	10-union
fakeInfinity1.errors.txt	03-identifier
fallFromLastCase2.errors.txt	00-no-arguments
fallbackToBindingPatternForTypeInference.errors.txt	10-tuple-or-index
fatarrowfunctionsErrors.errors.txt	10-function
fatarrowfunctionsOptionalArgs.errors.txt	05-other-single-token
fatarrowfunctionsOptionalArgsErrors1.errors.txt	00-no-arguments
fatarrowfunctionsOptionalArgsErrors2.errors.txt	05-other-single-token
fatarrowfunctionsOptionalArgsErrors3.errors.txt	00-no-arguments
fatarrowfunctionsOptionalArgsErrors4.errors.txt	03-identifier
fieldAndGetterWithSameName.errors.txt	03-identifier
fileWithNextLine3.errors.txt	00-no-arguments
filesEmittingIntoSameOutput.errors.txt	04-qualified-name
fillInMissingTypeArgsOnConstructCalls.errors.txt	03-identifier
fillInMissingTypeArgsOnJSConstructCalls.errors.txt	05-other-single-token
filterNamespace_import.errors.txt	03-identifier
findLast(target=es2022).errors.txt	10-generic
firstMatchRegExpMatchArray.errors.txt	10-union
fixSignatureCaching.errors.txt	10-object
fixTypeParameterInSignatureWithRestParameters.errors.txt	01-keyword
fixingTypeParametersRepeatedly2.errors.txt	03-identifier
flatArrayNoExcessiveStackDepth.errors.txt	10-generic
flowControlTypeGuardThenSwitch.errors.txt	03-identifier
fluentClasses.errors.txt	03-identifier
fluentInterfaces.errors.txt	03-identifier
for-inStatements.errors.txt	10-generic
for-inStatementsArrayErrors.errors.txt	03-identifier
for-inStatementsDestructuring(target=es2015).errors.txt	00-no-arguments
for-inStatementsDestructuring2.errors.txt	03-identifier
for-inStatementsDestructuring3.errors.txt	00-no-arguments
for-inStatementsDestructuring4.errors.txt	00-no-arguments
for-inStatementsInvalid.errors.txt	10-generic
for-of-excess-declarations.errors.txt	03-identifier
for-of10.errors.txt	01-keyword
for-of11.errors.txt	10-union
for-of12.errors.txt	10-union
for-of14.errors.txt	03-identifier
for-of15.errors.txt	03-identifier
for-of16.errors.txt	03-identifier
for-of17.errors.txt	01-keyword
for-of2.errors.txt	03-identifier
for-of22.errors.txt	03-identifier
for-of29.errors.txt	10-object
for-of3.errors.txt	00-no-arguments
for-of30.errors.txt	03-identifier
for-of32.errors.txt	03-identifier
for-of33.errors.txt	10-tuple-or-index
for-of34.errors.txt	03-identifier
for-of35.errors.txt	03-identifier
for-of39.errors.txt	01-keyword
for-of46.errors.txt	01-keyword
for-of47.errors.txt	01-keyword
for-of48.errors.txt	01-keyword
for-of51.errors.txt	03-identifier
for-of52.errors.txt	03-identifier
for-of53.errors.txt	03-identifier
for-of54.errors.txt	03-identifier
for-of55.errors.txt	03-identifier
for-of56(alwaysstrict=true).errors.txt	03-identifier
for-of57.errors.txt	03-identifier
for-of6.errors.txt	03-identifier
for-of7.errors.txt	03-identifier
for-of8.errors.txt	03-identifier
for.errors.txt	00-no-arguments
forAwaitInAsyncAccessor.errors.txt	03-identifier
forAwaitPerIterationBindingDownlevel(target=es2015).errors.txt	03-identifier
forIn.errors.txt	03-identifier
forIn2.errors.txt	02-literal
forInStatement2.errors.txt	01-keyword
forInStatement4.errors.txt	00-no-arguments
forInStatement7.errors.txt	00-no-arguments
forInStrictNullChecksNoError.errors.txt	03-identifier
forOfSelfReferentialDottedName.errors.txt	03-identifier
forStatements.errors.txt	03-identifier
forStatementsMultipleInvalidDecl.errors.txt	10-typeof
forStatementsMultipleValidDecl.errors.txt	10-object
forgottenNew.errors.txt	10-typeof
forwardDeclaredCommonTypes01(target=es2015).errors.txt	03-identifier
forwardRefInClassProperties.errors.txt	03-identifier
forwardRefInEnum.errors.txt	00-no-arguments
funClodule.errors.txt	03-identifier
functionAndImportNameConflict.errors.txt	03-identifier
functionAndInterfaceWithSeparateErrors.errors.txt	03-identifier
functionAndPropertyNameConflict.errors.txt	03-identifier
functionArgShadowing.errors.txt	03-identifier
functionAssignabilityWithArrayLike01(strict=false).errors.txt	10-generic
functionAssignabilityWithArrayLike01(strict=true).errors.txt	10-generic
functionAssignment.errors.txt	03-identifier
functionCall10.errors.txt	01-keyword
functionCall11.errors.txt	02-literal
functionCall12.errors.txt	02-literal
functionCall13.errors.txt	02-literal
functionCall14.errors.txt	01-keyword
functionCall15.errors.txt	03-identifier
functionCall16.errors.txt	02-literal
functionCall17.errors.txt	02-literal
functionCall18.errors.txt	02-literal
functionCall6.errors.txt	02-literal
functionCall7.errors.txt	03-identifier
functionCall8.errors.txt	02-literal
functionCall9.errors.txt	02-literal
functionCallOnConstrainedTypeVariable.errors.txt	02-literal
functionCalls.errors.txt	00-no-arguments
functionConstraintSatisfaction2.errors.txt	10-typeof
functionExpressionContextualTyping2.errors.txt	10-function
functionExpressionInWithBlock.errors.txt	00-no-arguments
functionExpressionShadowedByParams.errors.txt	03-identifier
functionImplementationErrors(target=es2015).errors.txt	03-identifier
functionImplementations.errors.txt	03-identifier
functionLikeInParameterInitializer(target=es2015).errors.txt	03-identifier
functionLiterals.errors.txt	03-identifier
functionNameConflicts.errors.txt	03-identifier
functionOverloadAmbiguity1.errors.txt	03-identifier
functionOverloadCompatibilityWithVoid01.errors.txt	00-no-arguments
functionOverloadErrors.errors.txt	00-no-arguments
functionOverloadErrorsSyntax.errors.txt	00-no-arguments
functionOverloadImplementationOfWrongName.errors.txt	03-identifier
functionOverloadImplementationOfWrongName2.errors.txt	03-identifier
functionOverloads.errors.txt	01-keyword
functionOverloads1.errors.txt	00-no-arguments
functionOverloads11.errors.txt	00-no-arguments
functionOverloads17.errors.txt	00-no-arguments
functionOverloads18.errors.txt	00-no-arguments
functionOverloads19.errors.txt	00-no-arguments
functionOverloads2.errors.txt	01-keyword
functionOverloads20.errors.txt	00-no-arguments
functionOverloads27.errors.txt	01-keyword
functionOverloads29.errors.txt	02-literal
functionOverloads3.errors.txt	00-no-arguments
functionOverloads32.errors.txt	03-identifier
functionOverloads34.errors.txt	02-literal
functionOverloads37.errors.txt	02-literal
functionOverloads4.errors.txt	00-no-arguments
functionOverloads40.errors.txt	01-keyword
functionOverloads41.errors.txt	10-object
functionOverloads43.errors.txt	10-union
functionOverloads5.errors.txt	00-no-arguments
functionOverloadsOutOfOrder.errors.txt	00-no-arguments
functionOverloadsRecursiveGenericReturnType.errors.txt	03-identifier
functionParameterArityMismatch.errors.txt	02-literal
functionReturn.errors.txt	01-keyword
functionSignatureAssignmentCompat1.errors.txt	10-function
functionToFunctionWithPropError.errors.txt	10-object
functionTypeArgumentArityErrors.errors.txt	02-literal
functionTypeArgumentAssignmentCompat.errors.txt	10-function
functionTypeParameterNameFromTupleLabel.errors.txt	10-function
functionTypesLackingReturnTypes.errors.txt	10-function
functionVariableInReturnTypeAnnotation.errors.txt	03-identifier
functionWithSameNameAsField.errors.txt	03-identifier
functionWithUseStrictAndSimpleParameterList_es2016.errors.txt	00-no-arguments
functionsMissingReturnStatementsAndExpressions(target=es2015).errors.txt	01-keyword
functionsMissingReturnStatementsAndExpressionsStrictNullChecks.errors.txt	10-function
functionsWithImplicitReturnTypeAssignableToUndefined(strictnullchecks=true).errors.txt	00-no-arguments
functionsWithModifiersInBlocks1.errors.txt	00-no-arguments
funduleSplitAcrossFiles.errors.txt	00-no-arguments
fuzzy.errors.txt	10-object
generatedContextualTyping.errors.txt	00-no-arguments
generativeRecursionWithTypeOf.errors.txt	03-identifier
generatorAssignability.errors.txt	01-keyword
generatorES6_5.errors.txt	03-identifier
generatorExplicitReturnType.errors.txt	01-keyword
generatorImplicitAny.errors.txt	00-no-arguments
generatorInAmbientContext1.errors.txt	00-no-arguments
generatorInAmbientContext2.errors.txt	00-no-arguments
generatorInAmbientContext3.d.errors.txt	00-no-arguments
generatorInAmbientContext4.d.errors.txt	00-no-arguments
generatorOverloads1.errors.txt	00-no-arguments
generatorOverloads2.errors.txt	00-no-arguments
generatorOverloads3.errors.txt	00-no-arguments
generatorReturnContextualType.errors.txt	10-object
generatorReturnExpressionIsChecked.errors.txt	03-identifier
generatorReturnTypeFallback.2.errors.txt	03-identifier
generatorReturnTypeInference.errors.txt	00-no-arguments
generatorReturnTypeInferenceNonStrict.errors.txt	03-identifier
generatorTypeCheck17.errors.txt	03-identifier
generatorTypeCheck18.errors.txt	03-identifier
generatorTypeCheck19.errors.txt	03-identifier
generatorTypeCheck20.errors.txt	03-identifier
generatorTypeCheck21.errors.txt	03-identifier
generatorTypeCheck22.errors.txt	03-identifier
generatorTypeCheck23.errors.txt	03-identifier
generatorTypeCheck24.errors.txt	03-identifier
generatorTypeCheck25.errors.txt	10-union
generatorTypeCheck31.errors.txt	10-function
generatorTypeCheck32.errors.txt	00-no-arguments
generatorTypeCheck38(alwaysstrict=true).errors.txt	03-identifier
generatorTypeCheck39.errors.txt	00-no-arguments
generatorTypeCheck50.errors.txt	00-no-arguments
generatorTypeCheck52.errors.txt	03-identifier
generatorTypeCheck53.errors.txt	03-identifier
generatorTypeCheck54.errors.txt	03-identifier
generatorTypeCheck57.errors.txt	00-no-arguments
generatorTypeCheck58.errors.txt	00-no-arguments
generatorTypeCheck6.errors.txt	10-generic
generatorTypeCheck62.errors.txt	10-rest-or-elision
generatorTypeCheck63.errors.txt	10-rest-or-elision
generatorTypeCheck7.errors.txt	10-generic
generatorTypeCheck8.errors.txt	10-rest-or-elision
generatorTypeCheck9.errors.txt	00-no-arguments
generic.errors.txt	10-object
genericAndNonGenericInheritedSignature1.errors.txt	03-identifier
genericAndNonGenericInheritedSignature2.errors.txt	03-identifier
genericAndNonGenericInterfaceWithTheSameName.errors.txt	03-identifier
genericAndNonGenericOverload1.errors.txt	03-identifier
genericArgumentCallSigAssignmentCompat.errors.txt	10-union
genericArray0.errors.txt	03-identifier
genericArrayAssignment1.errors.txt	10-array
genericArrayAssignmentCompatErrors.errors.txt	10-generic
genericArrayExtenstions.errors.txt	10-generic
genericArrayMethods1.errors.txt	10-array
genericArrayWithoutTypeAnnotation.errors.txt	10-generic
genericArrowFunctionInEsmExtensionFile.errors.txt	00-no-arguments
genericAssignmentCompatOfFunctionSignatures1.errors.txt	10-object
genericAssignmentCompatWithInterfaces1.errors.txt	10-object
genericBaseClassLiteralProperty.errors.txt	03-identifier
genericCallAtYieldExpressionInGenericCall1.errors.txt	10-rest-or-elision
genericCallSpecializedToTypeArg.errors.txt	03-identifier
genericCallToOverloadedMethodWithOverloadedArguments.errors.txt	10-object
genericCallWithConstraintsTypeArgumentInference2.errors.txt	03-identifier
genericCallWithConstructorTypedArguments5.errors.txt	10-function
genericCallWithFunctionTypedArguments.errors.txt	10-function
genericCallWithFunctionTypedArguments2.errors.txt	03-identifier
genericCallWithFunctionTypedArguments3.errors.txt	03-identifier
genericCallWithFunctionTypedArguments4.errors.txt	03-identifier
genericCallWithFunctionTypedArguments5.errors.txt	10-function
genericCallWithGenericSignatureArguments2.errors.txt	10-function
genericCallWithGenericSignatureArguments3.errors.txt	10-function
genericCallWithNonSymmetricSubtypes.errors.txt	03-identifier
genericCallWithObjectLiteralArgs.errors.txt	01-keyword
genericCallWithObjectLiteralArguments1.errors.txt	01-keyword
genericCallWithObjectTypeArgs.errors.txt	10-generic
genericCallWithObjectTypeArgs2.errors.txt	03-identifier
genericCallWithObjectTypeArgsAndConstraints.errors.txt	03-identifier
genericCallWithObjectTypeArgsAndConstraints2.errors.txt	03-identifier
genericCallWithObjectTypeArgsAndConstraints3.errors.txt	03-identifier
genericCallWithObjectTypeArgsAndConstraints4.errors.txt	10-object
genericCallWithObjectTypeArgsAndConstraints5.errors.txt	10-function
genericCallWithObjectTypeArgsAndIndexers.errors.txt	03-identifier
genericCallWithObjectTypeArgsAndIndexersErrors.errors.txt	03-identifier
genericCallWithObjectTypeArgsAndInitializers.errors.txt	03-identifier
genericCallWithObjectTypeArgsAndNumericIndexer.errors.txt	03-identifier
genericCallWithObjectTypeArgsAndStringIndexer.errors.txt	03-identifier
genericCallWithOverloadedConstructorTypedArguments.errors.txt	03-identifier
genericCallWithOverloadedConstructorTypedArguments2.errors.txt	10-constructor
genericCallWithOverloadedFunctionTypedArguments2.errors.txt	10-object
genericCallWithTupleType.errors.txt	10-tuple-or-index
genericCallWithoutArgs.errors.txt	00-no-arguments
genericCallbackInvokedInsideItsContainingFunction1.errors.txt	03-identifier
genericCallbacksAndClassHierarchy.errors.txt	03-identifier
genericChainedCalls.errors.txt	03-identifier
genericClassExpressionInFunction.errors.txt	03-identifier
genericClassInheritsConstructorFromNonGenericClass.errors.txt	03-identifier
genericClassWithFunctionTypedMemberArguments.errors.txt	10-function
genericClassWithObjectTypeArgsAndConstraints.errors.txt	03-identifier
genericClassWithStaticFactory.errors.txt	10-generic
genericClassWithStaticsUsingTypeArguments.errors.txt	00-no-arguments
genericClasses0.errors.txt	03-identifier
genericClasses1.errors.txt	03-identifier
genericClasses2.errors.txt	03-identifier
genericClasses3.errors.txt	03-identifier
genericClassesRedeclaration.errors.txt	03-identifier
genericCloduleInModule.errors.txt	03-identifier
genericCloduleInModule2.errors.txt	10-generic
genericCloneReturnTypes.errors.txt	10-generic
genericCloneReturnTypes2.errors.txt	10-generic
genericCombinators2.errors.txt	10-function
genericConditionalConstrainedToUnknownNotAssignableToConcreteObject.errors.txt	10-tuple-or-index
genericConstraint1.errors.txt	03-identifier
genericConstraint2.errors.txt	10-generic
genericConstraintDeclaration.errors.txt	10-generic
genericConstraintSatisfaction1.errors.txt	03-identifier
genericConstructInvocationWithNoTypeArg.errors.txt	03-identifier
genericConstructorFunction1.errors.txt	10-generic
genericContextualTypingSpecialization.errors.txt	03-identifier
genericDefaults.errors.txt	00-no-arguments
genericDefaultsErrors.errors.txt	10-generic
genericDerivedTypeWithSpecializedBase.errors.txt	10-generic
genericDerivedTypeWithSpecializedBase2.errors.txt	10-object
genericFunctionCallSignatureReturnTypeMismatch.errors.txt	10-function
genericFunctionInference1.errors.txt	10-function
genericFunctionTypedArgumentsAreFixed.errors.txt	03-identifier
genericFunctions2.errors.txt	03-identifier
genericFunctions3.errors.txt	10-generic
genericFunctionsWithOptionalParameters1.errors.txt	10-union
genericFunctionsWithOptionalParameters2.errors.txt	10-array
genericFunctionsWithOptionalParameters3.errors.txt	03-identifier
genericFunduleInModule.errors.txt	04-qualified-name
genericFunduleInModule2.errors.txt	04-qualified-name
genericGetter.errors.txt	03-identifier
genericGetter2.errors.txt	10-generic
genericGetter3.errors.txt	10-generic
genericImplements.errors.txt	10-function
genericIndexTypeHasSensibleErrorMessage.errors.txt	00-no-arguments
genericIndexedAccessVarianceComparisonResultCorrect.errors.txt	10-generic
genericInheritedDefaultConstructors.errors.txt	03-identifier
genericInterfaceTypeCall.errors.txt	03-identifier
genericInterfacesWithoutTypeArguments.errors.txt	10-generic
genericLambaArgWithoutTypeArguments.errors.txt	10-generic
genericMappedTypeAsClause.errors.txt	10-generic
genericMemberFunction.errors.txt	10-generic
genericMergedDeclarationUsingTypeParameter.errors.txt	03-identifier
genericMergedDeclarationUsingTypeParameter2.errors.txt	03-identifier
genericNewInterface.errors.txt	01-keyword
genericObjectLitReturnType.errors.txt	03-identifier
genericOfACloduleType1.errors.txt	03-identifier
genericOfACloduleType2.errors.txt	03-identifier
genericParameterAssignability1.errors.txt	03-identifier
genericPrototypeProperty.errors.txt	03-identifier
genericPrototypeProperty3.errors.txt	10-object
genericRecursiveImplicitConstructorErrors2.errors.txt	10-generic
genericRecursiveImplicitConstructorErrors3.errors.txt	10-generic
genericReduce.errors.txt	03-identifier
genericRestArgs.errors.txt	10-array
genericRestArity.errors.txt	02-literal
genericRestArityStrict.errors.txt	02-literal
genericRestParameters1.errors.txt	10-rest-or-elision
genericRestParameters3.errors.txt	10-tuple-or-index
genericRestTypes.errors.txt	10-tuple-or-index
genericReturnTypeFromGetter1.errors.txt	10-generic
genericReversingTypeParameters.errors.txt	10-generic
genericReversingTypeParameters2.errors.txt	10-generic
genericSignatureIdentity.errors.txt	10-function
genericSpecializations1.errors.txt	10-generic
genericSpecializations2.errors.txt	10-generic
genericSpecializations3.errors.txt	10-generic
genericTypeAliases.errors.txt	03-identifier
genericTypeArgumentInference1.errors.txt	10-union
genericTypeAssertions1.errors.txt	10-generic
genericTypeAssertions2.errors.txt	10-generic
genericTypeAssertions4.errors.txt	03-identifier
genericTypeAssertions5.errors.txt	03-identifier
genericTypeAssertions6.errors.txt	03-identifier
genericTypeConstraints.errors.txt	03-identifier
genericTypeReferenceWithoutTypeArgument.d.errors.txt	10-typeof
genericTypeReferenceWithoutTypeArgument.errors.txt	10-generic
genericTypeReferenceWithoutTypeArgument2.errors.txt	10-generic
genericTypeReferenceWithoutTypeArgument3.errors.txt	10-typeof
genericTypeReferencesRequireTypeArgs.errors.txt	10-generic
genericTypeUsedWithoutTypeArguments1.errors.txt	10-generic
genericTypeUsedWithoutTypeArguments3.errors.txt	10-generic
genericTypeWithMultipleBases1.errors.txt	03-identifier
genericTypeWithMultipleBases3.errors.txt	03-identifier
genericTypeWithNonGenericBaseMisMatch.errors.txt	10-object
genericUnboundedTypeParamAssignability.errors.txt	10-object
genericWithCallSignatureReturningSpecialization.errors.txt	03-identifier
genericWithCallSignatures1.errors.txt	03-identifier
genericWithNoConstraintComparableWithCurlyCurly.errors.txt	10-object
genericWithOpenTypeParameters1.errors.txt	03-identifier
generics0.errors.txt	03-identifier
generics1.errors.txt	10-generic
generics2.errors.txt	10-generic
generics3.errors.txt	03-identifier
generics4.errors.txt	10-generic
generics4NoError.errors.txt	03-identifier
generics5.errors.txt	03-identifier
genericsWithDuplicateTypeParameters1.errors.txt	03-identifier
genericsWithoutTypeParameters1.errors.txt	10-generic
getAndSetNotIdenticalType2.errors.txt	10-generic
getAndSetNotIdenticalType3.errors.txt	10-generic
getSetAccessorContextualTyping(target=es2015).errors.txt	01-keyword
getterControlFlowStrictNull(target=es2015).errors.txt	00-no-arguments
getterMissingReturnError.errors.txt	00-no-arguments
gettersAndSetters.errors.txt	03-identifier
gettersAndSettersAccessibility.errors.txt	00-no-arguments
gettersAndSettersErrors.errors.txt	03-identifier
giant.errors.txt	10-object
globalArrayAugmentationWithAmbientModuleReexportMerge1.errors.txt	03-identifier
globalMergeWithCommonJSAssignmentDeclaration.errors.txt	01-keyword
globalThisAmbientModules.errors.txt	10-typeof
globalThisBlockscopedProperties.errors.txt	10-typeof
globalThisCollision.errors.txt	03-identifier
globalThisDeclarationEmit.errors.txt	03-identifier
globalThisGlobalExportAsGlobal.errors.txt	03-identifier
globalThisPropertyAssignment.errors.txt	10-typeof
globalThisReadonlyProperties.errors.txt	10-typeof
globalThisUnknown.errors.txt	10-intersection
globalThisUnknownNoImplicitAny.errors.txt	10-typeof
grammarAmbiguities.errors.txt	02-literal
grammarAmbiguities1.errors.txt	10-typeof
grammarErrors.errors.txt	06-other-text
heterogeneousArrayAndOverloads.errors.txt	01-keyword
hidingCallSignatures.errors.txt	03-identifier
hidingConstructSignatures.errors.txt	03-identifier
hidingIndexSignatures.errors.txt	03-identifier
hugeDeclarationOutputGetsTruncatedWithError.errors.txt	00-no-arguments
i3.errors.txt	10-union
identicalTypesNoDifferByCheckOrder.errors.txt	10-union
identifierStartAfterNumericLiteral.errors.txt	05-other-single-token
identityForSignaturesWithTypeParametersAndAny.errors.txt	10-function
identityForSignaturesWithTypeParametersSwitched.errors.txt	10-function
ifDoWhileStatements.errors.txt	03-identifier
ifElseWithStatements1.errors.txt	03-identifier
ignoredJsxAttributes.errors.txt	10-object
illegalModifiersOnClassElements.errors.txt	03-identifier
illegalSuperCallsInConstructor.errors.txt	03-identifier
implementArrayInterface.errors.txt	10-predicate
implementClausePrecedingExtends.errors.txt	03-identifier
implementGenericWithMismatchedTypes.errors.txt	10-generic
implementPublicPropertyAsPrivate.errors.txt	03-identifier
implementingAnInterfaceExtendingClassWithPrivates.errors.txt	03-identifier
implementingAnInterfaceExtendingClassWithPrivates2.errors.txt	03-identifier
implementingAnInterfaceExtendingClassWithProtecteds.errors.txt	03-identifier
implementsClauseAlreadySeen.errors.txt	00-no-arguments
implementsIncorrectlyNoAssertion.errors.txt	10-intersection
implicitAnyAmbients.errors.txt	03-identifier
implicitAnyCastedValue.errors.txt	03-identifier
implicitAnyDeclareFunctionExprWithoutFormalType.errors.txt	03-identifier
implicitAnyDeclareFunctionWithoutFormalType.errors.txt	03-identifier
implicitAnyDeclareFunctionWithoutFormalType2.errors.txt	03-identifier
implicitAnyDeclareMemberWithoutType.errors.txt	03-identifier
implicitAnyDeclareMemberWithoutType2.errors.txt	03-identifier
implicitAnyDeclareTypePropertyWithoutType.errors.txt	03-identifier
implicitAnyDeclareVariablesWithoutTypeAndInit.errors.txt	03-identifier
implicitAnyFromCircularInference(target=es2015).errors.txt	03-identifier
implicitAnyFunctionInvocationWithAnyArguements.errors.txt	03-identifier
implicitAnyFunctionOverloadWithImplicitAnyReturnType.errors.txt	03-identifier
implicitAnyGenerics.errors.txt	03-identifier
implicitAnyGetAndSetAccessorWithAnyReturnType.errors.txt	03-identifier
implicitAnyInAmbientDeclaration.errors.txt	03-identifier
implicitAnyInAmbientDeclaration2.d.errors.txt	03-identifier
implicitAnyNewExprLackConstructorSignature.errors.txt	00-no-arguments
implicitAnyWidenToAny.errors.txt	01-keyword
implicitConstParameters.errors.txt	03-identifier
implicitEmptyObjectType.errors.txt	10-object
implicitIndexSignatures.errors.txt	03-identifier
impliedNodeFormatEmit1(module=esnext).errors.txt	00-no-arguments
impliedNodeFormatEmit2(module=esnext).errors.txt	00-no-arguments
impliedNodeFormatEmit3(module=esnext).errors.txt	00-no-arguments
impliedNodeFormatEmit4(module=esnext).errors.txt	00-no-arguments
importAliasFromNamespace.errors.txt	03-identifier
importAliasIdentifiers.errors.txt	03-identifier
importAliasInModuleAugmentation.errors.txt	03-identifier
importAliasModuleExports.errors.txt	03-identifier
importAliasTypeOnlyExport.errors.txt	00-no-arguments
importAnImport.errors.txt	04-qualified-name
importAndVariableDeclarationConflict1.errors.txt	03-identifier
importAndVariableDeclarationConflict3.errors.txt	03-identifier
importAndVariableDeclarationConflict4.errors.txt	03-identifier
importAsBaseClass.errors.txt	10-import-type
importAssertion1(module=commonjs).errors.txt	00-no-arguments
importAssertion1(module=es2015).errors.txt	00-no-arguments
importAssertion1(module=esnext).errors.txt	00-no-arguments
importAssertion2(module=commonjs).errors.txt	00-no-arguments
importAssertion2(module=es2015).errors.txt	00-no-arguments
importAssertion3(module=es2015).errors.txt	00-no-arguments
importAssertion3(module=esnext).errors.txt	00-no-arguments
importAssertion4.errors.txt	10-object
importAssertion5.errors.txt	05-other-single-token
importAssertionNonstring.errors.txt	10-object
importAssertionsDeprecated.errors.txt	00-no-arguments
importAssertionsDeprecatedIgnored.errors.txt	00-no-arguments
importAttributes1(module=commonjs).errors.txt	00-no-arguments
importAttributes1(module=es2015).errors.txt	00-no-arguments
importAttributes1(module=esnext).errors.txt	00-no-arguments
importAttributes10.errors.txt	05-other-single-token
importAttributes2(module=commonjs).errors.txt	00-no-arguments
importAttributes2(module=es2015).errors.txt	00-no-arguments
importAttributes3(module=es2015).errors.txt	00-no-arguments
importAttributes3(module=esnext).errors.txt	00-no-arguments
importAttributes4.errors.txt	10-object
importAttributes5.errors.txt	05-other-single-token
importAttributes6(module=node18).errors.txt	10-object
importAttributes6(module=node20).errors.txt	10-object
importAttributes6(module=nodenext).errors.txt	10-object
importAttributes9.errors.txt	10-object
importCallExpression5ES2020.errors.txt	10-union
importCallExpression6ES2020.errors.txt	10-union
importCallExpressionCheckReturntype1.errors.txt	10-import-type
importCallExpressionErrorInES2015.errors.txt	00-no-arguments
importCallExpressionGrammarError.errors.txt	03-identifier
importCallExpressionInScriptContext1.errors.txt	03-identifier
importCallExpressionInScriptContext2.errors.txt	03-identifier
importCallExpressionIncorrect1.errors.txt	00-no-arguments
importCallExpressionIncorrect2.errors.txt	00-no-arguments
importCallExpressionNestedES2015.errors.txt	00-no-arguments
importCallExpressionNestedES20152(target=es2015).errors.txt	00-no-arguments
importCallExpressionNoModuleKindSpecified.errors.txt	03-identifier
importCallExpressionSpecifierNotStringTypeError.errors.txt	10-union
importCallExpressionWithTypeArgument.errors.txt	00-no-arguments
importClause_default.errors.txt	03-identifier
importClause_namedImports.errors.txt	03-identifier
importClause_namespaceImport.errors.txt	10-object
importDecl.errors.txt	03-identifier
importDeclRefereingExternalModuleWithNoResolve.errors.txt	03-identifier
importDeclTypes.errors.txt	05-other-single-token
importDeclWithClassModifiers.errors.txt	03-identifier
importDeclWithDeclareModifier.errors.txt	03-identifier
importDeclWithDeclareModifierInAmbientContext.errors.txt	00-no-arguments
importDeclWithExportModifierAndExportAssignment.errors.txt	03-identifier
importDeclarationInModuleDeclaration1.errors.txt	00-no-arguments
importDeclarationInModuleDeclaration2.errors.txt	00-no-arguments
importDeclarationUsedAsTypeQuery.errors.txt	03-identifier
importDefaultBindingDefer.errors.txt	03-identifier
importDeferCallCommonJS.errors.txt	00-no-arguments
importDeferComments.errors.txt	03-identifier
importDeferFromInvalid.errors.txt	00-no-arguments
importDeferInvalidDefault.errors.txt	00-no-arguments
importDeferInvalidNamed.errors.txt	00-no-arguments
importDeferJsdoc.errors.txt	03-identifier
importDeferNamespace(module=commonjs).errors.txt	00-no-arguments
importDeferNamespace(module=es2015).errors.txt	00-no-arguments
importDeferNamespace(module=es2020).errors.txt	00-no-arguments
importDeferNamespace(module=nodenext).errors.txt	00-no-arguments
importDeferTypeConflict1.errors.txt	05-other-single-token
importDeferTypeConflict2.errors.txt	05-other-single-token
importElisionConstEnumMerge1.errors.txt	03-identifier
importEmptyFromModuleNotExisted.errors.txt	05-other-single-token
importEquals1.errors.txt	03-identifier
importEquals2.errors.txt	10-import-type
importEquals3.errors.txt	00-no-arguments
importEqualsDeclaration.errors.txt	03-identifier
importEqualsError45874.errors.txt	03-identifier
importFromDot.errors.txt	03-identifier
importHelpersES6.errors.txt	03-identifier
importHelpersInTsx(target=es2015).errors.txt	03-identifier
importHelpersWithImportOrExportDefaultNoTslib.1(esmoduleinterop=true,module=commonjs).errors.txt	03-identifier
importHelpersWithImportOrExportDefaultNoTslib.2(esmoduleinterop=true,module=commonjs).errors.txt	03-identifier
importHelpersWithImportOrExportDefaultNoTslib.3(esmoduleinterop=true,module=commonjs).errors.txt	03-identifier
importInsideModule.errors.txt	03-identifier
importMeta(module=commonjs,target=esnext).errors.txt	03-identifier
importMeta(module=es2020,target=esnext).errors.txt	03-identifier
importMeta(module=esnext,target=esnext).errors.txt	03-identifier
importMetaPropertyInvalidInCall.errors.txt	03-identifier
importNonExportedMember.errors.txt	03-identifier
importNonExportedMember1.errors.txt	03-identifier
importNonExportedMember11.errors.txt	03-identifier
importNonExportedMember2.errors.txt	03-identifier
importNonExportedMember3.errors.txt	03-identifier
importNonExportedMember5.errors.txt	03-identifier
importNonExportedMember7.errors.txt	03-identifier
importNonExportedMember9.errors.txt	03-identifier
importNonExternalModule.errors.txt	04-qualified-name
importNonStringLiteral.errors.txt	00-no-arguments
importNotElidedWhenNotFound.errors.txt	03-identifier
importSpecifiers1.errors.txt	05-other-single-token
importSpecifiers_js.errors.txt	10-rest-or-elision
importStatementsInterfaces.errors.txt	03-identifier
importTag10.errors.txt	00-no-arguments
importTag11.errors.txt	03-identifier
importTag12.errors.txt	00-no-arguments
importTag13.errors.txt	03-identifier
importTag14.errors.txt	10-object
importTag15(module=es2015).errors.txt	00-no-arguments
importTag15(module=esnext).errors.txt	00-no-arguments
importTag17.errors.txt	03-identifier
importTag22.errors.txt	03-identifier
importTag23.errors.txt	03-identifier
importTag24.errors.txt	03-identifier
importTag4.errors.txt	03-identifier
importTsBeforeDTs.errors.txt	10-import-type
importTypeAmbient.errors.txt	03-identifier
importTypeAmbientMissing.errors.txt	03-identifier
importTypeAssertionDeprecation.errors.txt	00-no-arguments
importTypeAssertionDeprecationIgnored.errors.txt	00-no-arguments
importTypeGeneric.errors.txt	00-no-arguments
importTypeGenericTypes.errors.txt	03-identifier
importTypeLocal.errors.txt	03-identifier
importTypeLocalMissing.errors.txt	05-other-single-token
importTypeNested.errors.txt	00-no-arguments
importTypeNestedNoRef.errors.txt	00-no-arguments
importTypeNonString.errors.txt	00-no-arguments
importTypeWithUnparenthesizedGenericFunctionParsed.errors.txt	03-identifier
importUrl.errors.txt	05-other-single-token
importUrlNodeModulesExist.errors.txt	05-other-single-token
importUsedAsTypeWithErrors.errors.txt	05-other-single-token
importUsedInExtendsList1.errors.txt	03-identifier
importWithTrailingSlash.errors.txt	10-object
importWithTrailingSlash_noResolve.errors.txt	05-other-single-token
importWithTypeArguments.errors.txt	03-identifier
importedEnumMemberMergedWithExportedAliasIsError.errors.txt	03-identifier
importedModuleAddToGlobal.errors.txt	03-identifier
importingExportingTypes.errors.txt	10-import-type
importsImplicitlyReadonly.errors.txt	03-identifier
inDoesNotOperateOnPrimitiveTypes.errors.txt	10-union
inKeywordAndUnknown.errors.txt	10-object
inKeywordTypeguard(strict=false).errors.txt	10-union
inKeywordTypeguard(strict=true).errors.txt	10-union
inOperator.errors.txt	01-keyword
inOperatorWithInvalidOperands.errors.txt	10-union
inOperatorWithValidOperands.errors.txt	10-union
incompatibleAssignmentOfIdenticallyNamedTypes.errors.txt	03-identifier
incompatibleExports1.errors.txt	00-no-arguments
incompatibleGenericTypes.errors.txt	10-generic
incompatibleTypes.errors.txt	10-rest-or-elision
incompleteDottedExpressionAtEOF.errors.txt	00-no-arguments
incompleteObjectLiteral1.errors.txt	05-other-single-token
incorrectClassOverloadChain.errors.txt	00-no-arguments
incorrectNumberOfTypeArgumentsDuringErrorReporting.errors.txt	03-identifier
incorrectRecursiveMappedTypeConstraint.errors.txt	10-tuple-or-index
incrementAndDecrement.errors.txt	05-other-single-token
incrementOnTypeParameter.errors.txt	00-no-arguments
incrementOperatorWithAnyOtherTypeInvalidOperations.errors.txt	05-other-single-token
incrementOperatorWithEnumType.errors.txt	03-identifier
incrementOperatorWithEnumTypeInvalidOperations.errors.txt	03-identifier
incrementOperatorWithNumberType.errors.txt	03-identifier
incrementOperatorWithNumberTypeInvalidOperations.errors.txt	00-no-arguments
incrementOperatorWithUnsupportedBooleanType.errors.txt	00-no-arguments
incrementOperatorWithUnsupportedStringType.errors.txt	00-no-arguments
incrementalInvalid.errors.txt	00-no-arguments
indexAt(target=es2021).errors.txt	10-generic
indexIntoArraySubclass.errors.txt	01-keyword
indexSignatureAndMappedType.errors.txt	10-object
indexSignatureInOtherFile.errors.txt	10-tuple-or-index
indexSignatureInOtherFile1.errors.txt	10-tuple-or-index
indexSignatureMustHaveTypeAnnotation.errors.txt	10-tuple-or-index
indexSignatureOfTypeUnknownStillRequiresIndexSignature.errors.txt	10-object
indexSignatureTypeCheck.errors.txt	03-identifier
indexSignatureTypeCheck2.errors.txt	03-identifier
indexSignatureTypeInference.errors.txt	10-generic
indexSignatureWithAccessibilityModifier.errors.txt	00-no-arguments
indexSignatureWithInitializer.errors.txt	10-tuple-or-index
indexSignatureWithInitializer1.errors.txt	00-no-arguments
indexSignatureWithTrailingComma.errors.txt	00-no-arguments
indexSignatureWithoutTypeAnnotation1.errors.txt	00-no-arguments
indexSignatures1.errors.txt	10-union
indexSignaturesInferentialTyping.errors.txt	03-identifier
indexTypeCheck.errors.txt	03-identifier
indexWithUndefinedAndNull.errors.txt	01-keyword
indexWithUndefinedAndNullStrictNullChecks.errors.txt	03-identifier
indexWithoutParamType.errors.txt	00-no-arguments
indexWithoutParamType2.errors.txt	10-tuple-or-index
indexedAccessConstraints.errors.txt	10-tuple-or-index
indexedAccessImplicitlyAny.errors.txt	03-identifier
indexedAccessKeyofNestedSimplifiedSubstituteUnwrapped.errors.txt	03-identifier
indexedAccessPrivateMemberOfGenericConstraint.errors.txt	03-identifier
indexedAccessRelation.errors.txt	10-tuple-or-index
indexedAccessWithFreshObjectLiteral.errors.txt	10-object
indexedAccessWithVariableElement.errors.txt	10-union
indexer2A.errors.txt	00-no-arguments
indexerA.errors.txt	03-identifier
indexerAsOptional.errors.txt	00-no-arguments
indexerAssignability.errors.txt	03-identifier
indexerConstraints.errors.txt	03-identifier
indexerConstraints2.errors.txt	03-identifier
indexerReturningTypeParameter1.errors.txt	10-object
indexerSignatureWithRestParam.errors.txt	00-no-arguments
indexerWithTuple.errors.txt	10-tuple-or-index
indirectDiscriminantAndExcessProperty.errors.txt	10-union
indirectSelfReference.errors.txt	03-identifier
indirectSelfReferenceGeneric.errors.txt	03-identifier
inexistentPropertyInsideToStringType.errors.txt	00-no-arguments
inferFromAnnotatedReturn1.errors.txt	01-keyword
inferFromGenericFunctionReturnTypes1.errors.txt	03-identifier
inferFromGenericFunctionReturnTypes2.errors.txt	03-identifier
inferFromGenericFunctionReturnTypes3.errors.txt	10-object
inferFromNestedSameShapeTuple.errors.txt	10-generic
inferRestTupleShortSource.errors.txt	10-tuple-or-index
inferSetterParamType.errors.txt	01-keyword
inferTypePredicates.errors.txt	10-union
inferTypes1.errors.txt	10-union
inferTypesInvalidExtendsDeclaration.errors.txt	03-identifier
inferTypesWithExtends2.errors.txt	03-identifier
inferenceExactOptionalProperties2.errors.txt	02-literal
inferenceFromGenericClassNoCrash1.errors.txt	03-identifier
inferenceFromIncompleteSource.errors.txt	10-object
inferenceOuterResultNotIncorrectlyInstantiatedWithInnerResult.errors.txt	10-object
inferenceShouldFailOnEvolvingArrays.errors.txt	01-keyword
inferentialTypingUsingApparentType1.errors.txt	03-identifier
inferentialTypingUsingApparentType2.errors.txt	03-identifier
inferentialTypingWithFunctionTypeSyntacticScenarios.errors.txt	03-identifier
inferentialTypingWithFunctionTypeZip.errors.txt	03-identifier
inferentialTypingWithObjectLiteralProperties.errors.txt	01-keyword
inferentiallyTypingAnEmptyArray.errors.txt	03-identifier
inferringClassMembersFromAssignments2.errors.txt	00-no-arguments
inferringClassMembersFromAssignments6.errors.txt	00-no-arguments
inferringClassMembersFromAssignments7.errors.txt	03-identifier
infiniteConstraints.errors.txt	10-tuple-or-index
infiniteExpansionThroughInstantiation.errors.txt	10-generic
infiniteRecursionDestructuringLoop.errors.txt	03-identifier
infinitelyExpandingBaseTypes2.errors.txt	03-identifier
infinitelyExpandingOverloads.errors.txt	10-generic
infinitelyExpandingTypeAssignability.errors.txt	03-identifier
infinitelyExpandingTypes1.errors.txt	10-generic
infinitelyExpandingTypes2.errors.txt	10-generic
infinitelyExpandingTypes3.errors.txt	03-identifier
infinitelyExpandingTypes4.errors.txt	03-identifier
infinitelyExpandingTypesNonGenericBase.errors.txt	03-identifier
inheritFromGenericTypeParameter.errors.txt	03-identifier
inheritSameNamePrivatePropertiesFromDifferentOrigins.errors.txt	03-identifier
inheritSameNamePrivatePropertiesFromSameOrigin.errors.txt	03-identifier
inheritSameNamePropertiesWithDifferentOptionality.errors.txt	03-identifier
inheritSameNamePropertiesWithDifferentVisibility.errors.txt	03-identifier
inheritance.errors.txt	10-function
inheritance1.errors.txt	03-identifier
inheritanceGrandParentPrivateMemberCollision.errors.txt	03-identifier
inheritanceGrandParentPrivateMemberCollisionWithPublicMember.errors.txt	03-identifier
inheritanceGrandParentPublicMemberCollisionWithPrivateMember.errors.txt	03-identifier
inheritanceMemberAccessorOverridingMethod(target=es2015).errors.txt	03-identifier
inheritanceMemberAccessorOverridingProperty.errors.txt	03-identifier
inheritanceMemberFuncOverridingAccessor.errors.txt	10-function
inheritanceMemberFuncOverridingProperty.errors.txt	03-identifier
inheritanceMemberPropertyOverridingAccessor.errors.txt	03-identifier
inheritanceStaticAccessorOverridingMethod.errors.txt	10-typeof
inheritanceStaticFuncOverridingAccessor.errors.txt	10-typeof
inheritanceStaticFuncOverridingProperty.errors.txt	10-typeof
inheritanceStaticMembersIncompatible.errors.txt	10-typeof
inheritanceStaticPropertyOverridingMethod.errors.txt	10-typeof
inheritedConstructorWithRestParams.errors.txt	01-keyword
inheritedConstructorWithRestParams2.errors.txt	01-keyword
inheritedGenericCallSignature.errors.txt	10-array
inheritedMembersAndIndexSignaturesFromDifferentBases.errors.txt	10-object
inheritedModuleMembersForClodule.errors.txt	10-typeof
inheritedOverloadedSpecializedSignatures.errors.txt	03-identifier
inheritedStringIndexersFromDifferentBaseTypes.errors.txt	03-identifier
inheritedStringIndexersFromDifferentBaseTypes2.errors.txt	10-object
initializationOrdering1(target=es2022,usedefineforclassfields=true).errors.txt	03-identifier
initializationOrdering1(target=esnext,usedefineforclassfields=true).errors.txt	03-identifier
initializedDestructuringAssignmentTypes.errors.txt	03-identifier
initializerReferencingConstructorLocals.errors.txt	10-generic
initializerReferencingConstructorParameters.errors.txt	03-identifier
initializerWithThisPropertyAccess.errors.txt	03-identifier
initializersInDeclarations.errors.txt	00-no-arguments
initializersWidened.errors.txt	00-no-arguments
inlineJsxAndJsxFragPragma.errors.txt	03-identifier
inlineJsxFactoryDeclarationsLocalTypes.errors.txt	10-import-type
inlineJsxFactoryLocalTypeGlobalFallback.errors.txt	10-import-type
inlineJsxFactoryWithFragmentIsError.errors.txt	03-identifier
inlinedAliasAssignableToConstraintSameAsAlias.errors.txt	03-identifier
innerAliases.errors.txt	10-typeof
innerAliases2.errors.txt	03-identifier
innerModExport1.errors.txt	10-typeof
innerModExport2.errors.txt	10-typeof
innerTypeCheckOfLambdaArgument.errors.txt	01-keyword
innerTypeParameterShadowingOuterOne.errors.txt	03-identifier
innerTypeParameterShadowingOuterOne2.errors.txt	03-identifier
instanceMemberAssignsToClassPrototype.errors.txt	10-function
instanceMemberWithComputedPropertyName2.errors.txt	10-tuple-or-index
instancePropertiesInheritedIntoClassType.errors.txt	03-identifier
instancePropertyInClassType.errors.txt	03-identifier
instanceSubtypeCheck2.errors.txt	10-generic
instanceofOnInstantiationExpression.errors.txt	00-no-arguments
instanceofOperator(target=es2015).errors.txt	03-identifier
instanceofOperatorWithInvalidOperands.errors.txt	00-no-arguments
instanceofOperatorWithInvalidOperands.es2015.errors.txt	10-object
instanceofOperatorWithLHSIsObject.errors.txt	03-identifier
instanceofOperatorWithRHSIsSubtypeOfFunction.errors.txt	03-identifier
instanceofWithPrimitiveUnion.errors.txt	00-no-arguments
instanceofWithStructurallyIdenticalTypes.errors.txt	03-identifier
instantiateContextuallyTypedGenericThis.errors.txt	03-identifier
instantiateGenericClassWithWrongNumberOfTypeArguments.errors.txt	03-identifier
instantiateGenericClassWithZeroTypeArguments.errors.txt	03-identifier
instantiateNonGenericTypeWithTypeArguments.errors.txt	02-literal
instantiateTypeParameter.errors.txt	03-identifier
instantiatedModule.errors.txt	03-identifier
instantiatedReturnTypeContravariance.errors.txt	10-generic
instantiationExpressionErrorNoCrash.errors.txt	10-rest-or-elision
instantiationExpressionErrors.errors.txt	10-object
instantiationExpressions.errors.txt	10-object
intTypeCheck.errors.txt	10-object
interMixingModulesInterfaces0.errors.txt	03-identifier
interMixingModulesInterfaces1.errors.txt	03-identifier
interMixingModulesInterfaces2.errors.txt	03-identifier
interMixingModulesInterfaces3.errors.txt	03-identifier
interMixingModulesInterfaces4.errors.txt	01-keyword
interMixingModulesInterfaces5.errors.txt	01-keyword
interfaceAssignmentCompat.errors.txt	10-typeof
interfaceClassMerging.errors.txt	10-union
interfaceClassMerging2.errors.txt	03-identifier
interfaceContextualType.errors.txt	03-identifier
interfaceDeclaration1.errors.txt	03-identifier
interfaceDeclaration3.errors.txt	03-identifier
interfaceDeclaration4.errors.txt	10-object
interfaceDeclaration6.errors.txt	03-identifier
interfaceDoesNotDependOnBaseTypes.errors.txt	03-identifier
interfaceExtendingClass.errors.txt	03-identifier
interfaceExtendingClass2.errors.txt	10-function
interfaceExtendingClassWithPrivates.errors.txt	03-identifier
interfaceExtendingClassWithPrivates2.errors.txt	03-identifier
interfaceExtendingClassWithProtecteds.errors.txt	03-identifier
interfaceExtendingClassWithProtecteds2.errors.txt	03-identifier
interfaceExtendingOptionalChain.errors.txt	00-no-arguments
interfaceExtendsClassWithPrivate1.errors.txt	06-other-text
interfaceExtendsClassWithPrivate2.errors.txt	03-identifier
interfaceExtendsObjectIntersectionErrors.errors.txt	10-typeof
interfaceImplementation1.errors.txt	10-function
interfaceImplementation2.errors.txt	03-identifier
interfaceImplementation3.errors.txt	03-identifier
interfaceImplementation4.errors.txt	03-identifier
interfaceImplementation6.errors.txt	03-identifier
interfaceImplementation7.errors.txt	10-object
interfaceImplementation8.errors.txt	03-identifier
interfaceInReopenedModule.errors.txt	03-identifier
interfaceInheritance.errors.txt	06-other-text
interfaceInheritance2.errors.txt	03-identifier
interfaceMayNotBeExtendedWitACall.errors.txt	00-no-arguments
interfaceMemberValidation.errors.txt	10-object
interfaceMergeWithNonGenericTypeArguments.errors.txt	03-identifier
interfaceNameAsIdentifier.errors.txt	03-identifier
interfaceNaming1.errors.txt	03-identifier
interfacePropertiesWithSameName2.errors.txt	03-identifier
interfacePropertiesWithSameName3.errors.txt	03-identifier
interfaceThatHidesBaseProperty2.errors.txt	04-qualified-name
interfaceThatIndirectlyInheritsFromItself.errors.txt	10-generic
interfaceThatInheritsFromItself.errors.txt	10-generic
interfaceWithAccessibilityModifiers.errors.txt	03-identifier
interfaceWithCallAndConstructSignature.errors.txt	03-identifier
interfaceWithCallSignaturesThatHidesBaseSignature.errors.txt	03-identifier
interfaceWithCallSignaturesThatHidesBaseSignature2.errors.txt	03-identifier
interfaceWithConstructSignaturesThatHidesBaseSignature.errors.txt	03-identifier
interfaceWithConstructSignaturesThatHidesBaseSignature2.errors.txt	03-identifier
interfaceWithImplements1.errors.txt	00-no-arguments
interfaceWithMultipleBaseTypes.errors.txt	10-object
interfaceWithMultipleBaseTypes2.errors.txt	04-qualified-name
interfaceWithMultipleDeclarations.errors.txt	03-identifier
interfaceWithOverloadedCallAndConstructSignatures.errors.txt	03-identifier
interfaceWithPrivateMember.errors.txt	03-identifier
interfaceWithPropertyOfEveryType.errors.txt	03-identifier
interfaceWithPropertyThatIsPrivateInBaseType.errors.txt	10-generic
interfaceWithPropertyThatIsPrivateInBaseType2.errors.txt	10-generic
interfaceWithSpecializedCallAndConstructSignatures.errors.txt	03-identifier
interfaceWithStringIndexerHidingBaseTypeIndexer.errors.txt	10-object
interfaceWithStringIndexerHidingBaseTypeIndexer2.errors.txt	10-object
interfaceWithStringIndexerHidingBaseTypeIndexer3.errors.txt	10-object
interfacedeclWithIndexerErrors.errors.txt	10-function
interfacesWithPredefinedTypesAsNames.errors.txt	03-identifier
internalAliasClassInsideLocalModuleWithoutExportAccessError.errors.txt	10-typeof
internalAliasEnumInsideLocalModuleWithoutExportAccessError.errors.txt	10-typeof
internalAliasFunctionInsideLocalModuleWithoutExportAccessError.errors.txt	10-typeof
internalAliasInitializedModuleInsideLocalModuleWithoutExportAccessError.errors.txt	10-typeof
internalAliasInterfaceInsideLocalModuleWithoutExportAccessError.errors.txt	05-other-single-token
internalAliasUninitializedModuleInsideLocalModuleWithoutExportAccessError.errors.txt	05-other-single-token
internalAliasVarInsideLocalModuleWithoutExportAccessError.errors.txt	10-typeof
internalImportInstantiatedModuleMergedWithClassNotReferencingInstance.errors.txt	03-identifier
internalImportInstantiatedModuleMergedWithClassNotReferencingInstanceNoConflict.errors.txt	03-identifier
internalImportInstantiatedModuleNotReferencingInstance.errors.txt	03-identifier
internalImportUnInstantiatedModuleMergedWithClassNotReferencingInstance.errors.txt	03-identifier
internalImportUnInstantiatedModuleMergedWithClassNotReferencingInstanceNoConflict.errors.txt	03-identifier
intersectionAndUnionTypes.errors.txt	10-union
intersectionAsWeakTypeSource.errors.txt	10-object
intersectionNarrowing.errors.txt	10-intersection
intersectionPropertyCheck.errors.txt	10-object
intersectionReduction.errors.txt	10-intersection
intersectionReductionStrict.errors.txt	10-intersection
intersectionTypeAssignment.errors.txt	10-object
intersectionTypeInference.errors.txt	10-union
intersectionTypeMembers.errors.txt	03-identifier
intersectionTypeOverloading.errors.txt	03-identifier
intersectionTypeReadonly.errors.txt	03-identifier
intersectionWithConflictingPrivates.errors.txt	10-object
intersectionWithIndexSignatures.errors.txt	10-object
intersectionWithUnionConstraint.errors.txt	10-union
intersectionsAndOptionalProperties.errors.txt	10-union
intersectionsAndOptionalProperties2(exactoptionalpropertytypes=true).errors.txt	03-identifier
intersectionsAndOptionalProperties3(exactoptionalpropertytypes=true).errors.txt	03-identifier
intersectionsAndReadonlyProperties.errors.txt	03-identifier
intersectionsOfLargeUnions.errors.txt	10-tuple-or-index
intersectionsOfLargeUnions2.errors.txt	10-tuple-or-index
intlNumberFormatES5UseGrouping(target=es2015).errors.txt	10-union
intraBindingPatternReferences.errors.txt	03-identifier
intraExpressionInferences.errors.txt	10-object
intrinsicKeyword.errors.txt	03-identifier
intrinsicTypes.errors.txt	10-generic
intrinsics.errors.txt	03-identifier
invalidAssignmentsToVoid.errors.txt	10-typeof
invalidBinaryIntegerLiteralAndOctalIntegerLiteral.errors.txt	00-no-arguments
invalidBooleanAssignments.errors.txt	10-function
invalidConstraint1.errors.txt	10-object
invalidContinueInDownlevelAsync.errors.txt	00-no-arguments
invalidDoWhileBreakStatements.errors.txt	00-no-arguments
invalidDoWhileContinueStatements.errors.txt	00-no-arguments
invalidEnumAssignments.errors.txt	10-object
invalidForBreakStatements.errors.txt	00-no-arguments
invalidForContinueStatements.errors.txt	00-no-arguments
invalidForInBreakStatements.errors.txt	00-no-arguments
invalidForInContinueStatements.errors.txt	00-no-arguments
invalidGlobalAugmentation.errors.txt	05-other-single-token
invalidImportAliasIdentifiers.errors.txt	03-identifier
invalidInstantiatedModule.errors.txt	03-identifier
invalidJsdocType.errors.txt	00-no-arguments
invalidLetInForOfAndForIn_ES5.errors.txt	05-other-single-token
invalidLetInForOfAndForIn_ES6.errors.txt	05-other-single-token
invalidModuleWithStatementsOfEveryKind.errors.txt	03-identifier
invalidModuleWithVarStatements.errors.txt	03-identifier
invalidMultipleVariableDeclarations.errors.txt	10-typeof
invalidNestedModules.errors.txt	03-identifier
invalidNewTarget.es5(target=es2015).errors.txt	04-qualified-name
invalidNewTarget.es6.errors.txt	04-qualified-name
invalidNumberAssignments.errors.txt	10-object
invalidOptionalChainFromNewExpression.errors.txt	03-identifier
invalidReferenceSyntax1.errors.txt	00-no-arguments
invalidReturnStatements.errors.txt	10-object
invalidSplice.errors.txt	02-literal
invalidStaticField.errors.txt	10-typeof
invalidStringAssignments.errors.txt	10-object
invalidSwitchBreakStatement.errors.txt	02-literal
invalidSwitchContinueStatement.errors.txt	02-literal
invalidSymbolInTypeParameter1.errors.txt	03-identifier
invalidSyntaxNamespaceImportWithCommonjs.errors.txt	05-other-single-token
invalidTaggedTemplateEscapeSequences(target=es2015).errors.txt	00-no-arguments
invalidTaggedTemplateEscapeSequences(target=esnext).errors.txt	00-no-arguments
invalidThrowStatement.errors.txt	00-no-arguments
invalidTripleSlashReference.errors.txt	04-qualified-name
invalidTryStatements.errors.txt	03-identifier
invalidTypeOfTarget.errors.txt	10-function
invalidUndefinedAssignments.errors.txt	03-identifier
invalidUndefinedValues.errors.txt	10-typeof
invalidUnicodeEscapeSequance.errors.txt	00-no-arguments
invalidUnicodeEscapeSequance2.errors.txt	00-no-arguments
invalidUnicodeEscapeSequance3.errors.txt	03-identifier
invalidUnicodeEscapeSequance4.errors.txt	00-no-arguments
invalidUseOfTypeAsNamespace.errors.txt	03-identifier
invalidVoidAssignments.errors.txt	10-typeof
invalidVoidValues.errors.txt	10-typeof
invalidWhileBreakStatements.errors.txt	00-no-arguments
invalidWhileContinueStatements.errors.txt	00-no-arguments
invariantGenericErrorElaboration.errors.txt	10-generic
invocationErrorRecovery.errors.txt	10-function
invocationExpressionInFunctionParameter.errors.txt	01-keyword
invokingNonGenericMethodWithTypeArguments1.errors.txt	03-identifier
invokingNonGenericMethodWithTypeArguments2.errors.txt	00-no-arguments
ipromise2.errors.txt	03-identifier
ipromise3.errors.txt	03-identifier
ipromise4.errors.txt	10-generic
isArray.errors.txt	10-union
isDeclarationVisibleNodeKinds(target=es2015).errors.txt	10-function
isLiteral1.errors.txt	05-other-single-token
isolatedDeclarationErrorTypes1.errors.txt	03-identifier
isolatedDeclarationErrors.errors.txt	00-no-arguments
isolatedDeclarationErrorsAugmentation.errors.txt	00-no-arguments
isolatedDeclarationErrorsClasses.errors.txt	10-tuple-or-index
isolatedDeclarationErrorsClassesExpressions.errors.txt	00-no-arguments
isolatedDeclarationErrorsDefault.errors.txt	00-no-arguments
isolatedDeclarationErrorsEnums.errors.txt	00-no-arguments
isolatedDeclarationErrorsExpandoFunctions.errors.txt	00-no-arguments
isolatedDeclarationErrorsExpressions.errors.txt	00-no-arguments
isolatedDeclarationErrorsFunctionDeclarations.errors.txt	00-no-arguments
isolatedDeclarationErrorsObjects.errors.txt	03-identifier
isolatedDeclarationErrorsReturnTypes.errors.txt	00-no-arguments
isolatedDeclarationLazySymbols.errors.txt	00-no-arguments
isolatedDeclarationsAddUndefined.errors.txt	00-no-arguments
isolatedDeclarationsAddUndefined2.errors.txt	10-generic
isolatedDeclarationsAllowJs.errors.txt	04-qualified-name
isolatedDeclarationsRequiresDeclaration.errors.txt	03-identifier
isolatedDeclarationsTypePredicate.errors.txt	00-no-arguments
isolatedModulesAmbientConstEnum.errors.txt	03-identifier
isolatedModulesExportDeclarationType.errors.txt	03-identifier
isolatedModulesExportImportUninstantiatedNamespace.errors.txt	03-identifier
isolatedModulesGlobalNamespacesAndEnums.errors.txt	04-qualified-name
isolatedModulesImportExportElision(target=es2015).errors.txt	03-identifier
isolatedModulesNoEmitOnError.errors.txt	01-keyword
isolatedModulesReExportType.errors.txt	03-identifier
isolatedModulesRequiresPreserveConstEnum.errors.txt	03-identifier
isolatedModulesShadowGlobalTypeNotValue(isolatedmodules=false,verbatimmodulesyntax=true).errors.txt	03-identifier
isolatedModulesShadowGlobalTypeNotValue(isolatedmodules=true,verbatimmodulesyntax=false).errors.txt	03-identifier
isolatedModulesShadowGlobalTypeNotValue(isolatedmodules=true,verbatimmodulesyntax=true).errors.txt	03-identifier
isolatedModulesSketchyAliasLocalMerge(isolatedmodules=false,verbatimmodulesyntax=true).errors.txt	03-identifier
isolatedModulesSketchyAliasLocalMerge(isolatedmodules=true,verbatimmodulesyntax=false).errors.txt	03-identifier
isolatedModulesSketchyAliasLocalMerge(isolatedmodules=true,verbatimmodulesyntax=true).errors.txt	03-identifier
iterableArrayPattern10.errors.txt	10-tuple-or-index
iterableArrayPattern13.errors.txt	10-tuple-or-index
iterableArrayPattern16.errors.txt	10-tuple-or-index
iterableArrayPattern17.errors.txt	03-identifier
iterableArrayPattern18.errors.txt	10-array
iterableArrayPattern19.errors.txt	10-array
iterableArrayPattern21.errors.txt	10-object
iterableArrayPattern22.errors.txt	10-object
iterableArrayPattern23.errors.txt	10-object
iterableArrayPattern24.errors.txt	10-object
iterableArrayPattern25.errors.txt	02-literal
iterableArrayPattern26.errors.txt	10-tuple-or-index
iterableArrayPattern28.errors.txt	01-keyword
iterableArrayPattern29.errors.txt	10-tuple-or-index
iterableArrayPattern5.errors.txt	03-identifier
iterableArrayPattern6.errors.txt	10-array
iterableArrayPattern7.errors.txt	10-array
iterableArrayPattern8.errors.txt	10-array
iterableTReturnTNext(strictbuiltiniteratorreturn=true).errors.txt	10-union
iterableWithNeverAsUnionMember(target=esnext).errors.txt	03-identifier
iterationErrorOverNotIterableUnions1.errors.txt	10-union
iteratorExtraParameters.errors.txt	10-object
iteratorSpreadInArray10.errors.txt	03-identifier
iteratorSpreadInArray11.errors.txt	03-identifier
iteratorSpreadInArray5.errors.txt	01-keyword
iteratorSpreadInArray6.errors.txt	10-rest-or-elision
iteratorSpreadInArray7.errors.txt	03-identifier
iteratorSpreadInArray8.errors.txt	03-identifier
iteratorSpreadInCall.errors.txt	00-no-arguments
iteratorSpreadInCall10.errors.txt	00-no-arguments
iteratorSpreadInCall2.errors.txt	00-no-arguments
iteratorSpreadInCall4.errors.txt	00-no-arguments
iteratorSpreadInCall6.errors.txt	10-union
iteratorSpreadInCall7.errors.txt	01-keyword
iteratorSpreadInCall8.errors.txt	01-keyword
iteratorSpreadInCall9.errors.txt	01-keyword
jsCheckObjectDefineThisNoCrash.errors.txt	03-identifier
jsContainerMergeTsDeclaration.errors.txt	10-function
jsContainerMergeTsDeclaration2.errors.txt	10-typeof
jsContainerMergeTsDeclaration3.errors.txt	10-typeof
jsDeclarationEmitExportedClassWithExtends.errors.txt	03-identifier
jsDeclarationsClassExtendsVisibility(target=es2015).errors.txt	10-typeof
jsDeclarationsClassLikeHeuristic(target=es2015).errors.txt	10-object
jsDeclarationsClassMethod.errors.txt	03-identifier
jsDeclarationsClassStatic(target=es2015).errors.txt	10-typeof
jsDeclarationsClassStaticMethodAugmentation(target=es2015).errors.txt	10-function
jsDeclarationsClasses(target=es2015).errors.txt	03-identifier
jsDeclarationsClassesErr(target=es2015).errors.txt	03-identifier
jsDeclarationsCrossfileMerge(target=es2015).errors.txt	10-function
jsDeclarationsDefault(target=es2015).errors.txt	03-identifier
jsDeclarationsDefaultsErr(target=es2015).errors.txt	03-identifier
jsDeclarationsEnumTag(target=es2015).errors.txt	03-identifier
jsDeclarationsEnums(target=es2015).errors.txt	03-identifier
jsDeclarationsExportAssignedClassExpressionAnonymousWithSub(target=es2015).errors.txt	10-typeof
jsDeclarationsExportAssignedClassExpressionShadowing(target=es2015).errors.txt	10-typeof
jsDeclarationsExportAssignedClassInstance3(target=es2015).errors.txt	03-identifier
jsDeclarationsExportAssignedConstructorFunction(target=es2015).errors.txt	10-import-type
jsDeclarationsExportAssignedConstructorFunctionWithSub(target=es2015).errors.txt	10-function
jsDeclarationsExportAssignmentExpressionPlusSecondary(target=es2015).errors.txt	10-object
jsDeclarationsExportFormsErr(target=es2015).errors.txt	03-identifier
jsDeclarationsExportSubAssignments(target=es2015).errors.txt	10-typeof
jsDeclarationsFunctionClassesCjsExportAssignment(target=es2015).errors.txt	05-other-single-token
jsDeclarationsFunctionLikeClasses(target=es2015).errors.txt	03-identifier
jsDeclarationsFunctionLikeClasses2(target=es2015).errors.txt	03-identifier
jsDeclarationsFunctions.errors.txt	10-object
jsDeclarationsFunctionsCjs.errors.txt	10-function
jsDeclarationsGlobalFileConstFunction.errors.txt	00-no-arguments
jsDeclarationsGlobalFileConstFunctionNamed.errors.txt	00-no-arguments
jsDeclarationsInheritedTypes.errors.txt	03-identifier
jsDeclarationsInterfaces(target=es2015).errors.txt	03-identifier
jsDeclarationsJSDocRedirectedLookups.errors.txt	03-identifier
jsDeclarationsMissingTypeParameters(target=es2015).errors.txt	00-no-arguments
jsDeclarationsModuleReferenceHasEmit(target=es2015).errors.txt	05-other-single-token
jsDeclarationsOptionalTypeLiteralProps1.errors.txt	03-identifier
jsDeclarationsParameterTagReusesInputNodeInEmit1.errors.txt	05-other-single-token
jsDeclarationsReferenceToClassInstanceCrossFile.errors.txt	03-identifier
jsDeclarationsRestArgsWithThisTypeInJSDocFunction(target=es2015).errors.txt	05-other-single-token
jsDeclarationsReusesExistingNodesMappingJSDocTypes.errors.txt	10-union
jsDeclarationsReusesExistingTypeAnnotations.errors.txt	00-no-arguments
jsDeclarationsTypeReassignmentFromDeclaration2.errors.txt	03-identifier
jsDeclarationsTypeReferences3(target=es2015).errors.txt	10-object
jsDeclarationsTypeReferences4(target=es2015).errors.txt	03-identifier
jsDeclarationsTypedefAndLatebound.errors.txt	03-identifier
jsDocAugmentsEmptyExtends.errors.txt	03-identifier
jsDocPrivateConstructor.errors.txt	03-identifier
jsEnumCrossFileExport.errors.txt	04-qualified-name
jsEnumTagOnObjectFrozen.errors.txt	03-identifier
jsExpandoObjectDefineProperty.errors.txt	10-object
jsExportAssignmentNonMutableLocation.errors.txt	10-object
jsExportMemberMergedWithModuleAugmentation.errors.txt	05-other-single-token
jsExportMemberMergedWithModuleAugmentation2.errors.txt	05-other-single-token
jsExportMemberMergedWithModuleAugmentation3.errors.txt	10-import-type
jsExtendsImplicitAny.errors.txt	10-generic
jsFileClassPropertyType.errors.txt	01-keyword
jsFileClassPropertyType2.errors.txt	01-keyword
jsFileClassPropertyType3.errors.txt	01-keyword
jsFileCompilationAbstractModifier.errors.txt	04-qualified-name
jsFileCompilationAmbientVarDeclarationSyntax.errors.txt	04-qualified-name
jsFileCompilationBindDeepExportsAssignment.errors.txt	03-identifier
jsFileCompilationBindDuplicateIdentifier.errors.txt	03-identifier
jsFileCompilationBindErrors.errors.txt	03-identifier
jsFileCompilationBindMultipleDefaultExports.errors.txt	03-identifier
jsFileCompilationBindReachabilityErrors(alwaysstrict=true).errors.txt	00-no-arguments
jsFileCompilationBindStrictModeErrors.errors.txt	03-identifier
jsFileCompilationConstructorOverloadSyntax.errors.txt	00-no-arguments
jsFileCompilationEmitBlockedCorrectly.errors.txt	04-qualified-name
jsFileCompilationEnumSyntax.errors.txt	04-qualified-name
jsFileCompilationErrorOnDeclarationsWithJsFileReferenceWithNoOut.errors.txt	04-qualified-name
jsFileCompilationExportAssignmentSyntax.errors.txt	04-qualified-name
jsFileCompilationFunctionOverloadSyntax.errors.txt	00-no-arguments
jsFileCompilationHeritageClauseSyntaxOfClass.errors.txt	04-qualified-name
jsFileCompilationImportEqualsSyntax.errors.txt	04-qualified-name
jsFileCompilationInterfaceSyntax.errors.txt	04-qualified-name
jsFileCompilationMethodOverloadSyntax.errors.txt	00-no-arguments
jsFileCompilationModuleSyntax.errors.txt	04-qualified-name
jsFileCompilationNoErrorWithoutDeclarationsWithJsFileReferenceWithNoOut.errors.txt	04-qualified-name
jsFileCompilationOptionalClassElementSyntaxOfClass.errors.txt	05-other-single-token
jsFileCompilationOptionalParameter.errors.txt	05-other-single-token
jsFileCompilationPublicMethodSyntaxOfClass.errors.txt	04-qualified-name
jsFileCompilationPublicParameterModifier.errors.txt	04-qualified-name
jsFileCompilationReturnTypeSyntaxOfFunction.errors.txt	04-qualified-name
jsFileCompilationSyntaxError.errors.txt	04-qualified-name
jsFileCompilationTypeAliasSyntax.errors.txt	04-qualified-name
jsFileCompilationTypeArgumentSyntaxOfCall.errors.txt	10-generic
jsFileCompilationTypeOfParameter.errors.txt	04-qualified-name
jsFileCompilationTypeParameterSyntaxOfClass.errors.txt	04-qualified-name
jsFileCompilationTypeParameterSyntaxOfClassExpression.errors.txt	00-no-arguments
jsFileCompilationTypeParameterSyntaxOfFunction.errors.txt	04-qualified-name
jsFileCompilationTypeSyntaxOfVar.errors.txt	04-qualified-name
jsFileCompilationWithDeclarationEmitPathSameAsInput.errors.txt	04-qualified-name
jsFileCompilationWithJsEmitPathSameAsInput.errors.txt	04-qualified-name
jsFileCompilationWithMapFileAsJs.errors.txt	06-other-text
jsFileCompilationWithMapFileAsJsWithInlineSourceMap.errors.txt	06-other-text
jsFileCompilationWithMapFileAsJsWithOutDir.errors.txt	06-other-text
jsFileCompilationWithoutJsExtensions.errors.txt	04-qualified-name
jsFileCompilationWithoutOut.errors.txt	04-qualified-name
jsFileMethodOverloads3.errors.txt	03-identifier
jsFunctionWithPrototypeNoErrorTruncationNoCrash.errors.txt	10-function
jsNoImplicitAnyNoCascadingReferenceErrors.errors.txt	10-generic
jsPromiseNeedsJSDocHint.errors.txt	00-no-arguments
jsPropertyAssignedAfterMethodDeclaration.errors.txt	10-function
jsTypedefMergedWithModuleExportProperty.errors.txt	10-typeof
jsdocAccessibilityTags.errors.txt	03-identifier
jsdocArrayObjectPromiseNoImplicitAny.errors.txt	10-generic
jsdocAugmentsMissingType.errors.txt	06-other-text
jsdocAugments_errorInExtendsExpression.errors.txt	03-identifier
jsdocAugments_noExtends.errors.txt	03-identifier
jsdocBracelessTypeTag1.errors.txt	10-union
jsdocCallbackAndType.errors.txt	10-object
jsdocCallbackParamQualifiedName.errors.txt	03-identifier
jsdocCatchClauseWithTypeAnnotation.errors.txt	03-identifier
jsdocClassMissingTypeArguments.errors.txt	10-generic
jsdocConstructorFunctionTypeReference.errors.txt	03-identifier
jsdocDisallowedInTypescript.errors.txt	10-union
jsdocExtendsClauseMismatch.errors.txt	03-identifier
jsdocFunctionClassPropertiesDeclaration.errors.txt	00-no-arguments
jsdocFunctionType.errors.txt	05-other-single-token
jsdocFunctionTypeFalsePositive.errors.txt	00-no-arguments
jsdocFunction_missingReturn.errors.txt	05-other-single-token
jsdocIllegalTags.errors.txt	00-no-arguments
jsdocImplements_class.errors.txt	10-function
jsdocImplements_interface.errors.txt	10-function
jsdocImplements_interface_multiple.errors.txt	03-identifier
jsdocImplements_missingType.errors.txt	00-no-arguments
jsdocImplements_properties.errors.txt	03-identifier
jsdocImplements_signatures.errors.txt	03-identifier
jsdocImportType.errors.txt	03-identifier
jsdocImportType2.errors.txt	03-identifier
jsdocImportTypeNodeNamespace.errors.txt	03-identifier
jsdocImportTypeReferenceToCommonjsModule.errors.txt	05-other-single-token
jsdocImportTypeReferenceToESModule.errors.txt	05-other-single-token
jsdocImportTypeReferenceToStringLiteral.errors.txt	03-identifier
jsdocInTypeScript.errors.txt	10-object
jsdocIndexSignature.errors.txt	01-keyword
jsdocModifiersInClass(checkjs=true).errors.txt	03-identifier
jsdocOuterTypeParameters1.errors.txt	04-qualified-name
jsdocOuterTypeParameters2.errors.txt	04-qualified-name
jsdocOuterTypeParameters3.errors.txt	04-qualified-name
jsdocOverrideTag1.errors.txt	03-identifier
jsdocParamTag.errors.txt	03-identifier
jsdocParamTag2.errors.txt	03-identifier
jsdocParamTagInvalid.errors.txt	03-identifier
jsdocParamTagNoName.errors.txt	01-keyword
jsdocParamTagTypeLiteral.errors.txt	03-identifier
jsdocParameterParsingInfiniteLoop.errors.txt	05-other-single-token
jsdocParseAwait.errors.txt	03-identifier
jsdocParseBackquotedParamName.errors.txt	00-no-arguments
jsdocParseDotDotDotInJSDocFunction.errors.txt	05-other-single-token
jsdocParseErrorsInTypescript.errors.txt	00-no-arguments
jsdocParseHigherOrderFunction.errors.txt	05-other-single-token
jsdocParseParenthesizedJSDocParameter.errors.txt	05-other-single-token
jsdocParseStarEquals.errors.txt	05-other-single-token
jsdocPostfixEqualsAddsOptionality.errors.txt	10-union
jsdocPrefixPostfixParsing.errors.txt	05-other-single-token
jsdocPrivateName1.errors.txt	01-keyword
jsdocPrivateName2.errors.txt	00-no-arguments
jsdocPropertyTagInvalid.errors.txt	03-identifier
jsdocPrototypePropertyAccessWithType.errors.txt	00-no-arguments
jsdocReadonly.errors.txt	03-identifier
jsdocReferenceGlobalTypeInCommonJs.errors.txt	03-identifier
jsdocResolveNameFailureInTypedef.errors.txt	03-identifier
jsdocRestParameter.errors.txt	02-literal
jsdocSatisfiesTagWithParamTag.errors.txt	10-function
jsdocTemplateClass.errors.txt	03-identifier
jsdocTemplateConstructorFunction.errors.txt	03-identifier
jsdocTemplateConstructorFunction2.errors.txt	03-identifier
jsdocTemplateTag.errors.txt	10-function
jsdocTemplateTag3.errors.txt	10-object
jsdocTemplateTag4.errors.txt	10-function
jsdocTemplateTag5.errors.txt	10-object
jsdocTemplateTag7.errors.txt	03-identifier
jsdocTemplateTag8.errors.txt	10-rest-or-elision
jsdocTemplateTagDefault.errors.txt	05-other-single-token
jsdocTemplateTagNameResolution.errors.txt	01-keyword
jsdocThisTagWithThisParameter.errors.txt	01-keyword
jsdocThisType.errors.txt	05-other-single-token
jsdocTypeCast.errors.txt	10-union
jsdocTypeFromChainedAssignment.errors.txt	10-function
jsdocTypeFromChainedAssignment2.errors.txt	01-keyword
jsdocTypeFromChainedAssignment3.errors.txt	03-identifier
jsdocTypeNongenericInstantiationAttempt.errors.txt	03-identifier
jsdocTypeReferenceExports.errors.txt	03-identifier
jsdocTypeReferenceToImport.errors.txt	03-identifier
jsdocTypeReferenceToImportOfFunctionExpression.errors.txt	05-other-single-token
jsdocTypeReferenceToMergedClass.errors.txt	03-identifier
jsdocTypeReferenceToValue.errors.txt	03-identifier
jsdocTypeTag.errors.txt	03-identifier
jsdocTypeTagCast.errors.txt	10-union
jsdocTypeTagParameterType.errors.txt	05-other-single-token
jsdocTypeTagRequiredParameters.errors.txt	05-other-single-token
jsdocTypedefNoCrash.errors.txt	00-no-arguments
jsdocTypedefNoCrash2.errors.txt	00-no-arguments
jsdocTypesWithPrefixesAndUnionTypes1.errors.txt	05-other-single-token
jsdocVariadicType.errors.txt	05-other-single-token
jsonImportMultipleTopLevelObjects.errors.txt	00-no-arguments
jsxAndTypeAssertion.errors.txt	10-generic
jsxAttributeInitializer(jsx=preserve).errors.txt	00-no-arguments
jsxAttributeInitializer(jsx=react).errors.txt	00-no-arguments
jsxAttributeMissingInitializer.errors.txt	03-identifier
jsxAttributeValueBinaryExpression.errors.txt	03-identifier
jsxAttributeWithoutExpressionReact.errors.txt	10-typeof
jsxCallElaborationCheckNoCrash1.errors.txt	10-object
jsxCheckJsxNoTypeArgumentsAllowed.errors.txt	10-import-type
jsxChildWrongType.errors.txt	03-identifier
jsxChildrenArrayWrongType(target=es2015).errors.txt	10-union
jsxChildrenGenericContextualTypes.errors.txt	02-literal
jsxChildrenIndividualErrorElaborations.errors.txt	10-union
jsxChildrenWrongType.errors.txt	10-union
jsxClassAttributeResolution.errors.txt	10-object
jsxComponentTypeErrors.errors.txt	10-union
jsxElementType.errors.txt	10-object
jsxElementTypeLiteral.errors.txt	04-qualified-name
jsxElementTypeLiteralWithGeneric.errors.txt	04-qualified-name
jsxElementTypeUnexpectedType.errors.txt	03-identifier
jsxEmitAttributeWithPreserve.errors.txt	03-identifier
jsxEmptyExpressionNotCountedAsChild2.errors.txt	10-object
jsxEntityDecoderAfterNonEntityAmpersand.errors.txt	03-identifier
jsxEsprimaFbTestSuite.errors.txt	05-other-single-token
jsxExcessPropsAndAssignability.errors.txt	10-object
jsxFactoryAndJsxFragmentFactory.errors.txt	03-identifier
jsxFactoryAndJsxFragmentFactoryErrorNotIdentifier.errors.txt	03-identifier
jsxFactoryAndJsxFragmentFactoryNull.errors.txt	03-identifier
jsxFactoryAndReactNamespace.errors.txt	03-identifier
jsxFactoryButNoJsxFragmentFactory.errors.txt	03-identifier
jsxFactoryIdentifierWithAbsentParameter.errors.txt	03-identifier
jsxFactoryMissingErrorInsideAClass.errors.txt	03-identifier
jsxFactoryNotIdentifierOrQualifiedName.errors.txt	05-other-single-token
jsxFactoryNotIdentifierOrQualifiedName2.errors.txt	06-other-text
jsxFactoryQualifiedNameResolutionError.errors.txt	03-identifier
jsxFactoryQualifiedNameWithEs5(target=es2015).errors.txt	05-other-single-token
jsxFragmentFactoryNoUnusedLocals.errors.txt	03-identifier
jsxFragmentFactoryReference(jsx=react).errors.txt	03-identifier
jsxFragmentFactoryReference(jsx=react-jsx).errors.txt	05-other-single-token
jsxFragmentFactoryReference(jsx=react-jsxdev).errors.txt	05-other-single-token
jsxFragmentWrongType.errors.txt	10-object
jsxHash.errors.txt	03-identifier
jsxImportForSideEffectsNonExtantNoError.errors.txt	05-other-single-token
jsxImportInAttribute.errors.txt	03-identifier
jsxImportSourceNonPragmaComment.errors.txt	05-other-single-token
jsxInExtendsClause.errors.txt	03-identifier
jsxIntrinsicDeclaredUsingTemplateLiteralTypeSignatures.errors.txt	02-literal
jsxIntrinsicElementsTypeArgumentErrorSkipsTrivia.errors.txt	02-literal
jsxIntrinsicElementsTypeArgumentErrors.errors.txt	10-union
jsxInvalidEsprimaTestSuite.errors.txt	10-rest-or-elision
jsxIssuesErrorWhenTagExpectsTooManyArguments.errors.txt	04-qualified-name
jsxJsxsCjsTransformCustomImport(jsx=react-jsx).errors.txt	05-other-single-token
jsxJsxsCjsTransformCustomImport(jsx=react-jsxdev).errors.txt	05-other-single-token
jsxJsxsCjsTransformCustomImportPragma(jsx=react-jsx).errors.txt	05-other-single-token
jsxJsxsCjsTransformCustomImportPragma(jsx=react-jsxdev).errors.txt	05-other-single-token
jsxJsxsCjsTransformKeyPropCustomImport(jsx=react-jsx).errors.txt	05-other-single-token
jsxJsxsCjsTransformKeyPropCustomImport(jsx=react-jsxdev).errors.txt	05-other-single-token
jsxJsxsCjsTransformKeyPropCustomImportPragma(jsx=react-jsx).errors.txt	05-other-single-token
jsxJsxsCjsTransformKeyPropCustomImportPragma(jsx=react-jsxdev).errors.txt	05-other-single-token
jsxLibraryManagedAttributesUnexpectedType.errors.txt	03-identifier
jsxMultilineAttributeStringValues.errors.txt	03-identifier
jsxMultilineAttributeStringValues2.errors.txt	03-identifier
jsxMultilineAttributeValuesReact.errors.txt	03-identifier
jsxNamespaceElementChildrenAttributeIgnoredWhenReactJsx(jsx=react-jsx).errors.txt	10-object
jsxNamespaceElementChildrenAttributeIgnoredWhenReactJsx(jsx=react-jsxdev).errors.txt	10-object
jsxNamespaceGlobalReexportMissingAliasTarget.errors.txt	03-identifier
jsxNamespacePrefixInName.errors.txt	10-rest-or-elision
jsxNamespacePrefixInNameReact.errors.txt	10-rest-or-elision
jsxNamespacePrefixIntrinsics.errors.txt	10-object
jsxNestedWithinTernaryParsesCorrectly.errors.txt	03-identifier
jsxParsingError1.errors.txt	00-no-arguments
jsxParsingError2.errors.txt	10-generic
jsxParsingError3.errors.txt	00-no-arguments
jsxParsingErrorImmediateSpreadInAttributeValue.errors.txt	00-no-arguments
jsxPropsAsIdentifierNames.errors.txt	03-identifier
jsxReactTestSuite.errors.txt	10-typeof
jsxSpreadOverwritesAttributeStrict.errors.txt	03-identifier
jsxSpreadTag(target=es2015).errors.txt	03-identifier
jsxSpreadTag(target=esnext).errors.txt	03-identifier
jsxSpreadWithAssertion.errors.txt	05-other-single-token
jsxTernaryWithObjectInAttribute.errors.txt	03-identifier
jsxUnclosedParserRecovery.errors.txt	05-other-single-token
jsxViaImport.2.errors.txt	03-identifier
jsxViaImport.errors.txt	03-identifier
keyRemappingKeyofResult.errors.txt	10-keyof
keyofAndIndexedAccess.errors.txt	10-tuple-or-index
keyofAndIndexedAccess2.errors.txt	10-union
keyofAndIndexedAccessErrors.errors.txt	10-union
keyofGenericExtendingClassDoubleLayer.errors.txt	03-identifier
keyofIsLiteralContexualType.errors.txt	10-union
keywordExpressionInternalComments.errors.txt	00-no-arguments
keywordInJsxIdentifier.errors.txt	03-identifier
knockout.errors.txt	10-generic
labeledStatementDeclarationListInLoopNoCrash1(target=es2015).errors.txt	00-no-arguments
labeledStatementDeclarationListInLoopNoCrash2(target=es2015).errors.txt	00-no-arguments
labeledStatementDeclarationListInLoopNoCrash3(target=es2015).errors.txt	05-other-single-token
labeledStatementDeclarationListInLoopNoCrash4(target=es2015).errors.txt	05-other-single-token
labeledStatementExportDeclarationNoCrash1(module=commonjs).errors.txt	03-identifier
labeledStatementExportDeclarationNoCrash1(module=esnext).errors.txt	03-identifier
labeledStatementWithLabel.errors.txt	00-no-arguments
labeledStatementWithLabel_es2015.errors.txt	00-no-arguments
labeledStatementWithLabel_strict.errors.txt	00-no-arguments
lambdaArgCrash.errors.txt	10-function
lambdaParamTypes.errors.txt	10-object
lambdaPropSelf.errors.txt	00-no-arguments
largeControlFlowGraph.errors.txt	00-no-arguments
largeStringLiteralUnionSuggestion.errors.txt	10-union
lastPropertyInLiteralWins.errors.txt	10-function
lateBoundAssignmentCandidateJS3.errors.txt	01-keyword
lateBoundAssignmentDeclarationSupport1.errors.txt	10-tuple-or-index
lateBoundAssignmentDeclarationSupport2.errors.txt	10-tuple-or-index
lateBoundAssignmentDeclarationSupport3.errors.txt	10-tuple-or-index
lateBoundAssignmentDeclarationSupport4.errors.txt	00-no-arguments
lateBoundAssignmentDeclarationSupport5.errors.txt	00-no-arguments
lateBoundAssignmentDeclarationSupport6.errors.txt	00-no-arguments
lateBoundClassMemberAssignmentJS.errors.txt	10-tuple-or-index
lateBoundClassMemberAssignmentJS2.errors.txt	05-other-single-token
lateBoundClassMemberAssignmentJS3.errors.txt	10-tuple-or-index
lateBoundDestructuringImplicitAnyError.errors.txt	10-object
legacyNodeModulesExportsSpecifierGenerationConditions.errors.txt	05-other-single-token
letAndVarRedeclaration.errors.txt	03-identifier
letAsIdentifier.errors.txt	03-identifier
letAsIdentifier2.errors.txt	03-identifier
letAsIdentifierInStrictMode.errors.txt	03-identifier
letConstInCaseClauses(target=es2015).errors.txt	02-literal
letDeclarations-invalidContexts.errors.txt	03-identifier
letDeclarations-scopes-duplicates.errors.txt	03-identifier
letDeclarations-scopes-duplicates2.errors.txt	03-identifier
letDeclarations-scopes-duplicates3.errors.txt	03-identifier
letDeclarations-scopes-duplicates4.errors.txt	03-identifier
letDeclarations-scopes-duplicates5.errors.txt	03-identifier
letDeclarations-scopes-duplicates6.errors.txt	03-identifier
letDeclarations-scopes-duplicates7.errors.txt	03-identifier
letDeclarations-scopes.errors.txt	00-no-arguments
letDeclarations-scopes2.errors.txt	03-identifier
letDeclarations-useBeforeDefinition.errors.txt	03-identifier
letDeclarations-validContexts.errors.txt	00-no-arguments
letIdentifierInElementAccess01.errors.txt	03-identifier
letInConstDeclarations_ES5(target=es2015).errors.txt	03-identifier
letInConstDeclarations_ES6.errors.txt	03-identifier
letInLetConstDeclOfForOfAndForIn_ES5(target=es2015).errors.txt	03-identifier
letInLetConstDeclOfForOfAndForIn_ES6.errors.txt	03-identifier
letInLetDeclarations_ES5(target=es2015).errors.txt	03-identifier
letInLetDeclarations_ES6.errors.txt	03-identifier
letInVarDeclOfForIn_ES5(target=es2015).errors.txt	03-identifier
letInVarDeclOfForIn_ES6.errors.txt	03-identifier
letInVarDeclOfForOf_ES5(target=es2015).errors.txt	03-identifier
letInVarDeclOfForOf_ES6.errors.txt	03-identifier
libMembers.errors.txt	03-identifier
libReferenceNoLib.errors.txt	03-identifier
libTypeScriptOverrideSimple.errors.txt	03-identifier
libTypeScriptOverrideSimpleConfig.errors.txt	03-identifier
libTypeScriptSubfileResolving.errors.txt	03-identifier
libTypeScriptSubfileResolvingConfig.errors.txt	03-identifier
library-reference-15.errors.txt	03-identifier
library-reference-5.errors.txt	10-object
library_RegExpExecArraySlice.errors.txt	03-identifier
lift.errors.txt	03-identifier
limitDeepInstantiations.errors.txt	02-literal
listFailure.errors.txt	10-generic
literalFreshnessPropagationOnNarrowing.errors.txt	03-identifier
literalTypeNameAssertionNotTriggered.errors.txt	03-identifier
literalTypesWidenInParameterPosition.errors.txt	02-literal
literals(target=es2015).errors.txt	05-other-single-token
literals-negative.errors.txt	01-keyword
literalsInComputedProperties1.errors.txt	00-no-arguments
localAliasExportAssignment.errors.txt	03-identifier
localTypes1(target=es2015).errors.txt	03-identifier
localTypes4.errors.txt	03-identifier
logicalAndOperatorStrictMode.errors.txt	00-no-arguments
logicalAndOperatorWithEveryType.errors.txt	00-no-arguments
logicalAndOperatorWithTypeParameters.errors.txt	03-identifier
logicalAssignment4(target=es2015).errors.txt	03-identifier
logicalAssignment4(target=es2020).errors.txt	03-identifier
logicalAssignment4(target=es2021).errors.txt	03-identifier
logicalAssignment4(target=esnext).errors.txt	03-identifier
logicalAssignment5(target=es2015).errors.txt	03-identifier
logicalAssignment5(target=es2020).errors.txt	03-identifier
logicalAssignment5(target=es2021).errors.txt	03-identifier
logicalAssignment5(target=esnext).errors.txt	03-identifier
logicalAssignment6(target=es2015).errors.txt	02-literal
logicalAssignment6(target=es2020).errors.txt	02-literal
logicalAssignment6(target=es2021).errors.txt	02-literal
logicalAssignment6(target=esnext).errors.txt	02-literal
logicalAssignment7(target=es2015).errors.txt	02-literal
logicalAssignment7(target=es2020).errors.txt	02-literal
logicalAssignment7(target=es2021).errors.txt	02-literal
logicalAssignment7(target=esnext).errors.txt	02-literal
logicalAssignment8(target=es2015).errors.txt	00-no-arguments
logicalAssignment8(target=es2020).errors.txt	00-no-arguments
logicalAssignment8(target=es2021).errors.txt	00-no-arguments
logicalAssignment8(target=esnext).errors.txt	00-no-arguments
logicalNotExpression1.errors.txt	03-identifier
logicalNotOperatorInvalidOperations.errors.txt	05-other-single-token
logicalNotOperatorWithAnyOtherType.errors.txt	01-keyword
logicalNotOperatorWithBooleanType.errors.txt	00-no-arguments
logicalNotOperatorWithEnumType.errors.txt	00-no-arguments
logicalNotOperatorWithNumberType.errors.txt	00-no-arguments
logicalNotOperatorWithStringType.errors.txt	00-no-arguments
logicalOrExpressionIsContextuallyTyped.errors.txt	10-object
logicalOrExpressionIsNotContextuallyTyped.errors.txt	03-identifier
logicalOrOperatorWithEveryType.errors.txt	00-no-arguments
logicalOrOperatorWithTypeParameters.errors.txt	10-object
loneSurrogateStringLiteralTypes.errors.txt	02-literal
longObjectInstantiationChain1.errors.txt	10-object
longObjectInstantiationChain2.errors.txt	10-object
longObjectInstantiationChain3.errors.txt	10-object
looseThisTypeInFunctions.errors.txt	10-function
m7Bugs.errors.txt	03-identifier
manyCompilerErrorsInTheTwoFiles.errors.txt	00-no-arguments
mapUpsert.errors.txt	10-generic
mappedTypeAsClauseRelationships.errors.txt	10-generic
mappedTypeAsClauses.errors.txt	02-literal
mappedTypeAsStringTemplate.errors.txt	10-object
mappedTypeConstraints2.errors.txt	10-tuple-or-index
mappedTypeErrors.errors.txt	10-union
mappedTypeErrors2.errors.txt	10-union
mappedTypeGenericWithKnownKeys.errors.txt	10-generic
mappedTypeIndexedAccess.errors.txt	10-object
mappedTypeIndexedAccessConstraint.errors.txt	03-identifier
mappedTypeInferenceErrors.errors.txt	10-function
mappedTypeInferenceFromApparentType.errors.txt	10-tuple-or-index
mappedTypeNoTypeNoCrash.errors.txt	03-identifier
mappedTypeNotMistakenlyHomomorphic.errors.txt	10-generic
mappedTypeProperties.errors.txt	03-identifier
mappedTypeRecursiveInference.errors.txt	10-object
mappedTypeRelationships.errors.txt	10-union
mappedTypeUnionConstrainTupleTreatedAsArrayLike.errors.txt	10-generic
mappedTypeWithAny.errors.txt	10-tuple-or-index
mappedTypeWithAsClauseAndLateBoundProperty.errors.txt	10-predicate
mappedTypeWithCombinedTypeMappers.errors.txt	10-object
mappedTypes3.errors.txt	03-identifier
mappedTypes5.errors.txt	10-generic
mappedTypes6.errors.txt	10-union
mappedTypesAndObjects.errors.txt	10-object
matchReturnTypeInAllBranches.errors.txt	01-keyword
maxConstraints.errors.txt	10-generic
maxNodeModuleJsDepthDefaultsToZero.errors.txt	10-import-type
maximum10SpellingSuggestions.errors.txt	03-identifier
memberAccessOnConstructorType.errors.txt	03-identifier
memberFunctionOverloadMixingStaticAndInstance.errors.txt	00-no-arguments
memberFunctionsWithPrivateOverloads.errors.txt	10-generic
memberFunctionsWithPublicPrivateOverloads.errors.txt	10-generic
memberOverride.errors.txt	00-no-arguments
memberScope.errors.txt	03-identifier
memberVariableDeclarations1.errors.txt	03-identifier
mergeSymbolReexportInterface.errors.txt	10-object
mergeSymbolReexportedTypeAliasInstantiation.errors.txt	03-identifier
mergeSymbolRexportFunction.errors.txt	03-identifier
mergeThreeInterfaces.errors.txt	03-identifier
mergeThreeInterfaces2.errors.txt	03-identifier
mergeTwoInterfaces.errors.txt	03-identifier
mergeTwoInterfaces2.errors.txt	03-identifier
mergeWithImportedNamespace.errors.txt	03-identifier
mergeWithImportedType.errors.txt	03-identifier
mergedClassInterface.errors.txt	03-identifier
mergedClassNamespaceRecordCast.errors.txt	10-generic
mergedClassWithNamespacePrototype.errors.txt	03-identifier
mergedDeclarationExports.errors.txt	03-identifier
mergedDeclarations2.errors.txt	03-identifier
mergedDeclarations3.errors.txt	10-typeof
mergedDeclarations7.errors.txt	05-other-single-token
mergedInheritedClassInterface.errors.txt	03-identifier
mergedInheritedMembersSatisfyAbstractBase.errors.txt	03-identifier
mergedInterfaceFromMultipleFiles1.errors.txt	03-identifier
mergedInterfacesWithConflictingPropertyNames.errors.txt	03-identifier
mergedInterfacesWithIndexers.errors.txt	03-identifier
mergedInterfacesWithIndexers2.errors.txt	10-object
mergedInterfacesWithInheritedPrivates.errors.txt	03-identifier
mergedInterfacesWithInheritedPrivates2.errors.txt	03-identifier
mergedInterfacesWithInheritedPrivates3.errors.txt	03-identifier
mergedInterfacesWithMultipleBases.errors.txt	03-identifier
mergedInterfacesWithMultipleBases2.errors.txt	03-identifier
mergedInterfacesWithMultipleBases3.errors.txt	03-identifier
mergedInterfacesWithMultipleBases4.errors.txt	10-generic
metadataImportType.errors.txt	05-other-single-token
metadataOfClassFromAlias(strict=true,target=es2015).errors.txt	03-identifier
metadataOfClassFromAlias2(target=es2015).errors.txt	03-identifier
metadataOfClassFromModule(target=es2015).errors.txt	03-identifier
metadataOfEventAlias(target=es2015).errors.txt	03-identifier
metadataOfStringLiteral.errors.txt	03-identifier
metadataReferencedWithinFilteredUnion(strictnullchecks=true,target=es2015).errors.txt	03-identifier
methodChainError.errors.txt	03-identifier
methodInAmbientClass1.errors.txt	00-no-arguments
methodSignatureHandledDeclarationKindForSymbol.errors.txt	03-identifier
methodSignaturesWithOverloads.errors.txt	00-no-arguments
methodSignaturesWithOverloads2.errors.txt	03-identifier
mismatchedClassConstructorVariable.errors.txt	03-identifier
mismatchedExplicitTypeParameterAndArgumentType.errors.txt	02-literal
mismatchedGenericArguments1.errors.txt	10-generic
missingAndExcessProperties.errors.txt	10-object
missingArgument1.errors.txt	03-identifier
missingCloseBrace.errors.txt	05-other-single-token
missingCloseBraceInObjectLiteral.errors.txt	05-other-single-token
missingCloseBracketInArray.errors.txt	05-other-single-token
missingCloseParenStatements(alwaysstrict=true).errors.txt	05-other-single-token
missingCommaInTemplateStringsArray.errors.txt	00-no-arguments
missingDecoratorType(target=es2015).errors.txt	03-identifier
missingDiscriminants.errors.txt	10-object
missingDiscriminants2.errors.txt	10-object
missingDomElement_UsingDomLib.errors.txt	03-identifier
missingDomElements.errors.txt	10-intersection
missingFunctionImplementation.errors.txt	03-identifier
missingFunctionImplementation2.errors.txt	00-no-arguments
missingImportAfterModuleImport.errors.txt	03-identifier
missingMemberErrorHasShortPath.errors.txt	03-identifier
missingPropertiesOfClassExpression.errors.txt	06-other-text
missingRequiredDeclare.d.errors.txt	00-no-arguments
missingReturnStatement.errors.txt	00-no-arguments
missingReturnStatement1.errors.txt	00-no-arguments
missingTypeArguments1.errors.txt	10-generic
missingTypeArguments2.errors.txt	10-generic
misspelledJsDocTypedefTags.errors.txt	00-no-arguments
misspelledNewMetaProperty.errors.txt	03-identifier
mixedStaticAndInstanceClassMembers.errors.txt	00-no-arguments
mixinAbstractClasses.2.errors.txt	10-intersection
mixinAccessModifiers.errors.txt	10-typeof
mixinAccessors3.errors.txt	10-intersection
mixinPrivateAndProtected.errors.txt	10-intersection
mixinWithBaseDependingOnSelfNoCrash1.errors.txt	10-typeof
mixingStaticAndInstanceOverloads.errors.txt	00-no-arguments
modifierOnParameter1.errors.txt	03-identifier
modifiersInObjectLiterals.errors.txt	03-identifier
modifiersOnInterfaceIndexSignature1.errors.txt	03-identifier
modularizeLibrary_ErrorFromUsingES6ArrayWithOnlyES6ArrayLib(target=es2015).errors.txt	03-identifier
modularizeLibrary_ErrorFromUsingES6FeaturesWithOnlyES5Lib.errors.txt	10-function
modularizeLibrary_ErrorFromUsingWellknownSymbolWithOutES6WellknownSymbolLib.errors.txt	03-identifier
moduleAndInterfaceSharingName.errors.txt	03-identifier
moduleAndInterfaceSharingName2.errors.txt	03-identifier
moduleAndInterfaceSharingName3.errors.txt	03-identifier
moduleAndInterfaceWithSameName.errors.txt	10-typeof
moduleAsBaseType.errors.txt	03-identifier
moduleAssignmentCompat1.errors.txt	03-identifier
moduleAssignmentCompat2.errors.txt	03-identifier
moduleAssignmentCompat3.errors.txt	03-identifier
moduleAssignmentCompat4.errors.txt	03-identifier
moduleAugmentationDeclarationEmit1.errors.txt	03-identifier
moduleAugmentationDeclarationEmit2.errors.txt	03-identifier
moduleAugmentationDisallowedExtensions.errors.txt	05-other-single-token
moduleAugmentationEnumClassMergeOfReexportIsError.errors.txt	03-identifier
moduleAugmentationExtendAmbientModule1.errors.txt	03-identifier
moduleAugmentationExtendAmbientModule2.errors.txt	03-identifier
moduleAugmentationExtendFileModule1.errors.txt	03-identifier
moduleAugmentationExtendFileModule2.errors.txt	03-identifier
moduleAugmentationGlobal1.errors.txt	03-identifier
moduleAugmentationGlobal6.errors.txt	00-no-arguments
moduleAugmentationGlobal6_1.errors.txt	00-no-arguments
moduleAugmentationGlobal7.errors.txt	00-no-arguments
moduleAugmentationGlobal7_1.errors.txt	00-no-arguments
moduleAugmentationGlobal8(target=es2015).errors.txt	00-no-arguments
moduleAugmentationGlobal8_1(target=es2015).errors.txt	00-no-arguments
moduleAugmentationImportsAndExports1.errors.txt	10-function
moduleAugmentationImportsAndExports2.errors.txt	05-other-single-token
moduleAugmentationImportsAndExports3.errors.txt	05-other-single-token
moduleAugmentationImportsAndExports4.errors.txt	10-function
moduleAugmentationImportsAndExports5.errors.txt	10-function
moduleAugmentationImportsAndExports6.errors.txt	10-function
moduleAugmentationInAmbientModule1.errors.txt	03-identifier
moduleAugmentationInAmbientModule2.errors.txt	03-identifier
moduleAugmentationInAmbientModule3.errors.txt	03-identifier
moduleAugmentationInAmbientModule4.errors.txt	03-identifier
moduleAugmentationInDependency2.errors.txt	03-identifier
moduleAugmentationNoNewNames.errors.txt	03-identifier
moduleAugmentationWithNonExistentNamedImport.errors.txt	03-identifier
moduleClassArrayCodeGenTest.errors.txt	03-identifier
moduleCrashBug1.errors.txt	03-identifier
moduleDeclarationsInNonScopeBlock.errors.txt	03-identifier
moduleDuplicateIdentifiers.errors.txt	03-identifier
moduleElementsInWrongContext.errors.txt	03-identifier
moduleElementsInWrongContext2.errors.txt	00-no-arguments
moduleElementsInWrongContext3.errors.txt	00-no-arguments
moduleExportAlias.errors.txt	10-object
moduleExportAlias2.errors.txt	10-function
moduleExportAlias4.errors.txt	10-typeof
moduleExportAlias5.errors.txt	10-object
moduleExportAliasImported.errors.txt	10-function
moduleExportAliasUnknown.errors.txt	10-intersection
moduleExportAssignment.errors.txt	03-identifier
moduleExportAssignment2.errors.txt	10-function
moduleExportAssignment4.errors.txt	00-no-arguments
moduleExportAssignment5.errors.txt	03-identifier
moduleExportAssignment7.errors.txt	05-other-single-token
moduleExportDuplicateAlias3.errors.txt	10-function
moduleExportNestedNamespaces.errors.txt	10-object
moduleExportNonStructured.errors.txt	03-identifier
moduleExportPropertyAssignmentDefault.errors.txt	10-object
moduleExportWithExportPropertyAssignment.errors.txt	10-function
moduleExportWithExportPropertyAssignment2.errors.txt	03-identifier
moduleExportWithExportPropertyAssignment3.errors.txt	10-object
moduleExportWithExportPropertyAssignment4.errors.txt	10-object
moduleExports1.errors.txt	03-identifier
moduleExportsAliasLoop1.errors.txt	10-import-type
moduleExportsAliasLoop2.errors.txt	10-import-type
moduleExportsElementAccessAssignment.errors.txt	10-object
moduleImport.errors.txt	03-identifier
moduleInTypePosition1.errors.txt	03-identifier
moduleKeywordDeprecated.errors.txt	00-no-arguments
moduleKeywordRepeatError.errors.txt	05-other-single-token
moduleMemberMissingErrorIsRelative.errors.txt	03-identifier
moduleNewExportBug.errors.txt	03-identifier
moduleNodeDefaultImports(module=node16).errors.txt	10-import-type
moduleNodeDefaultImports(module=node18).errors.txt	10-import-type
moduleNodeDefaultImports(module=node20).errors.txt	10-import-type
moduleNodeDefaultImports(module=nodenext).errors.txt	10-import-type
modulePreserve4.errors.txt	10-import-type
modulePreserveRequireDestructuring.errors.txt	00-no-arguments
modulePreserveTopLevelAwait1(target=es2016).errors.txt	00-no-arguments
moduleProperty1.errors.txt	03-identifier
moduleProperty2.errors.txt	10-typeof
moduleReopenedTypeOtherBlock.errors.txt	03-identifier
moduleReopenedTypeSameBlock.errors.txt	03-identifier
moduleResolutionAsTypeReferenceDirectiveScoped.errors.txt	05-other-single-token
moduleResolutionNoTsCJS.errors.txt	05-other-single-token
moduleResolutionNoTsESM.errors.txt	05-other-single-token
moduleResolutionWithExtensions_notSupported.errors.txt	05-other-single-token
moduleResolutionWithExtensions_notSupported2.errors.txt	05-other-single-token
moduleResolutionWithExtensions_unexpected2.errors.txt	03-identifier
moduleResolutionWithModule(module=commonjs,moduleresolution=node16).errors.txt	03-identifier
moduleResolutionWithModule(module=commonjs,moduleresolution=nodenext).errors.txt	03-identifier
moduleResolutionWithSymlinks.errors.txt	03-identifier
moduleResolutionWithSymlinks_preserveSymlinks.errors.txt	10-import-type
moduleResolutionWithSymlinks_withOutDir.errors.txt	03-identifier
moduleResolutionWithoutExtension1.errors.txt	05-other-single-token
moduleResolutionWithoutExtension2.errors.txt	05-other-single-token
moduleResolutionWithoutExtension3(module=node18).errors.txt	05-other-single-token
moduleResolutionWithoutExtension3(module=node20).errors.txt	05-other-single-token
moduleResolutionWithoutExtension3(module=nodenext).errors.txt	05-other-single-token
moduleResolutionWithoutExtension4(module=node18).errors.txt	05-other-single-token
moduleResolutionWithoutExtension4(module=node20).errors.txt	05-other-single-token
moduleResolutionWithoutExtension4(module=nodenext).errors.txt	05-other-single-token
moduleResolutionWithoutExtension5.errors.txt	00-no-arguments
moduleResolutionWithoutExtension6.errors.txt	05-other-single-token
moduleResolutionWithoutExtension7.errors.txt	05-other-single-token
moduleResolutionWithoutExtension8.errors.txt	00-no-arguments
moduleResolution_relativeImportJsFile_noImplicitAny.errors.txt	05-other-single-token
moduleSharesNameWithImportDeclarationInsideIt3.errors.txt	03-identifier
moduleSharesNameWithImportDeclarationInsideIt5.errors.txt	03-identifier
moduleSymbolMerging.errors.txt	03-identifier
moduleVariableArrayIndexer.errors.txt	01-keyword
moduleVisibilityTest2.errors.txt	10-typeof
moduleVisibilityTest3.errors.txt	03-identifier
moduleVisibilityTest4.errors.txt	03-identifier
moduleWithNoValuesAsType.errors.txt	03-identifier
moduleWithStatementsOfEveryKind.errors.txt	10-array
moduleWithValuesAsType.errors.txt	03-identifier
module_augmentExistingAmbientVariable.errors.txt	03-identifier
module_augmentExistingVariable.errors.txt	03-identifier
multiExtendsSplitInterfaces2.errors.txt	03-identifier
multiLineContextDiagnosticWithPretty.errors.txt	00-no-arguments
multiLineErrors.errors.txt	04-qualified-name
multiLinePropertyAccessAndArrowFunctionIndent1.errors.txt	03-identifier
multiline.errors.txt	00-no-arguments
multipleBaseInterfaesWithIncompatibleProperties.errors.txt	10-generic
multipleBaseInterfaesWithIncompatibleProperties2(exactoptionalpropertytypes=true).errors.txt	03-identifier
multipleClassPropertyModifiers.errors.txt	03-identifier
multipleClassPropertyModifiersErrors.errors.txt	00-no-arguments
multipleDefaultExports01(target=es2015).errors.txt	03-identifier
multipleDefaultExports02(target=es2015).errors.txt	03-identifier
multipleDefaultExports03(target=es2015).errors.txt	00-no-arguments
multipleDefaultExports04(target=es2015).errors.txt	03-identifier
multipleDefaultExports05(target=es2015).errors.txt	00-no-arguments
multipleExportAssignments.errors.txt	05-other-single-token
multipleExportAssignmentsInAmbientDeclaration.errors.txt	05-other-single-token
multipleExportDefault1.errors.txt	00-no-arguments
multipleExportDefault2.errors.txt	00-no-arguments
multipleExportDefault3.errors.txt	00-no-arguments
multipleExportDefault4.errors.txt	00-no-arguments
multipleExportDefault5.errors.txt	03-identifier
multipleExportDefault6.errors.txt	00-no-arguments
multipleExports.errors.txt	03-identifier
multipleInheritance.errors.txt	10-function
multipleModuleExportsAssignments.errors.txt	00-no-arguments
multipleNumericIndexers.errors.txt	03-identifier
multipleStringIndexers.errors.txt	01-keyword
multivar.errors.txt	03-identifier
mutrec.errors.txt	03-identifier
mutuallyRecursiveCallbacks.errors.txt	10-object
mutuallyRecursiveGenericBaseTypes1.errors.txt	03-identifier
mutuallyRecursiveGenericBaseTypes2.errors.txt	10-generic
mutuallyRecursiveInference.errors.txt	03-identifier
nameCollision.errors.txt	03-identifier
nameCollisions.errors.txt	03-identifier
namedFunctionExpressionCallErrors.errors.txt	03-identifier
namedImportNonExistentName.errors.txt	03-identifier
namedTupleMembersErrors.errors.txt	10-array
namespaceAssignmentToRequireAlias.errors.txt	05-other-single-token
namespaceDisambiguationInUnion.errors.txt	10-union
namespaceImportTypeQuery.errors.txt	10-import-type
namespaceImportTypeQuery3.errors.txt	05-other-single-token
namespaceImportTypeQuery4.errors.txt	10-import-type
namespaceMemberAccess.errors.txt	10-import-type
namespaceMergedWithFunctionWithOverloadsUsage.errors.txt	03-identifier
namespaceMergedWithImportAliasNoCrash.errors.txt	03-identifier
namespaceNotMergedWithFunctionDefaultExport.errors.txt	03-identifier
namespacesDeclaration2.errors.txt	03-identifier
nanEquality.errors.txt	01-keyword
narrowByClauseExpressionInSwitchTrue3.errors.txt	03-identifier
narrowByClauseExpressionInSwitchTrue6.errors.txt	10-union
narrowByClauseExpressionInSwitchTrue7.errors.txt	03-identifier
narrowByEquality.errors.txt	10-union
narrowExceptionVariableInCatchClause.errors.txt	10-object
narrowFromAnyWithInstanceof.errors.txt	03-identifier
narrowFromAnyWithTypePredicate.errors.txt	10-object
narrowSwitchOptionalChainContainmentEvolvingArrayNoCrash1.errors.txt	10-array
narrowTypeByInstanceof.errors.txt	03-identifier
narrowingGenericTypeFromInstanceof01.errors.txt	10-generic
narrowingMutualSubtypes.errors.txt	10-generic
narrowingOfDottedNames.errors.txt	03-identifier
narrowingOfQualifiedNames.errors.txt	00-no-arguments
narrowingPastLastAssignment.errors.txt	03-identifier
narrowingTruthyObject.errors.txt	03-identifier
narrowingUnionToNeverAssigment.errors.txt	10-union
nativeToBoxedTypes.errors.txt	03-identifier
negateOperatorInvalidOperations.errors.txt	05-other-single-token
negateOperatorWithAnyOtherType.errors.txt	03-identifier
negateOperatorWithBooleanType.errors.txt	00-no-arguments
negateOperatorWithEnumType.errors.txt	00-no-arguments
negateOperatorWithNumberType.errors.txt	00-no-arguments
negateOperatorWithStringType.errors.txt	00-no-arguments
negatedUnicodeSetUnionMayContainStrings.errors.txt	00-no-arguments
nestedCallbackErrorNotFlattened.errors.txt	10-function
nestedClassDeclaration.errors.txt	05-other-single-token
nestedDestructuringOfRequire.errors.txt	03-identifier
nestedExcessPropertyChecking.errors.txt	10-object
nestedFreshLiteral.errors.txt	03-identifier
nestedGlobalNamespaceInClass.errors.txt	05-other-single-token
nestedIfStatement.errors.txt	00-no-arguments
nestedInfinitelyExpandedRecursiveTypes.errors.txt	03-identifier
nestedJSDocImportType.errors.txt	04-qualified-name
nestedLoopTypeGuards.errors.txt	03-identifier
nestedPackageJsonRedirect(moduleresolution=node16).errors.txt	03-identifier
nestedPackageJsonRedirect(moduleresolution=nodenext).errors.txt	03-identifier
nestedPrototypeAssignment.errors.txt	03-identifier
nestedRecursiveArraysOrObjectsError01.errors.txt	03-identifier
nestedUnaryExpressionHang.errors.txt	00-no-arguments
neverIntersectionNotCallable.errors.txt	01-keyword
neverNullishThroughParentheses.errors.txt	00-no-arguments
neverReturningFunctions1.errors.txt	00-no-arguments
neverTypeErrors1.errors.txt	10-object
neverTypeErrors2.errors.txt	10-object
newAbstractInstance.errors.txt	03-identifier
newAbstractInstance2.errors.txt	00-no-arguments
newArrays.errors.txt	03-identifier
newExpressionWithCast.errors.txt	05-other-single-token
newExpressionWithTypeParameterConstrainedToOuterTypeParameter.errors.txt	03-identifier
newFunctionImplicitAny.errors.txt	00-no-arguments
newMap.errors.txt	02-literal
newMissingIdentifier.errors.txt	00-no-arguments
newNonReferenceType.errors.txt	01-keyword
newOnInstanceSymbol.errors.txt	03-identifier
newOperator.errors.txt	10-typeof
newOperatorErrorCases.errors.txt	05-other-single-token
newOperatorErrorCases_noImplicitAny.errors.txt	00-no-arguments
noAssertForUnparseableTypedefs.errors.txt	05-other-single-token
noConstraintInReturnType1.errors.txt	10-generic
noCrashOnImportShadowing.errors.txt	03-identifier
noCrashOnMixin.errors.txt	03-identifier
noCrashOnMixin2.errors.txt	03-identifier
noCrashOnNoLib.errors.txt	03-identifier
noCrashOnParameterNamedRequire.errors.txt	05-other-single-token
noDuplicateJsdoc1.errors.txt	03-identifier
noEmitOnError.errors.txt	01-keyword
noErrorTruncation.errors.txt	10-union
noErrorsInCallback.errors.txt	10-object
noExcessiveStackDepthError.errors.txt	10-generic
noImplicitAnyDestructuringParameterDeclaration.errors.txt	03-identifier
noImplicitAnyDestructuringVarDeclaration.errors.txt	03-identifier
noImplicitAnyForIn.errors.txt	10-object
noImplicitAnyForMethodParameters.errors.txt	03-identifier
noImplicitAnyForwardReferencedInterface.errors.txt	00-no-arguments
noImplicitAnyFunctions.errors.txt	03-identifier
noImplicitAnyInBareInterface.errors.txt	03-identifier
noImplicitAnyInCastExpression.errors.txt	10-object
noImplicitAnyIndexing.errors.txt	10-object
noImplicitAnyLoopCrash(target=es2015).errors.txt	10-union
noImplicitAnyMissingGetAccessor(target=es2015).errors.txt	03-identifier
noImplicitAnyMissingSetAccessor(target=es2015).errors.txt	03-identifier
noImplicitAnyModule.errors.txt	03-identifier
noImplicitAnyNamelessParameter.errors.txt	10-array
noImplicitAnyParametersInAmbientClass.errors.txt	03-identifier
noImplicitAnyParametersInAmbientFunctions.errors.txt	03-identifier
noImplicitAnyParametersInAmbientModule.errors.txt	03-identifier
noImplicitAnyParametersInBareFunctions.errors.txt	03-identifier
noImplicitAnyParametersInClass.errors.txt	03-identifier
noImplicitAnyParametersInInterface.errors.txt	03-identifier
noImplicitAnyParametersInModule.errors.txt	03-identifier
noImplicitAnyReferencingDeclaredInterface.errors.txt	00-no-arguments
noImplicitAnyStringIndexerOnObject.errors.txt	10-union
noImplicitAnyUnionNormalizedObjectLiteral1.errors.txt	03-identifier
noImplicitAnyWithOverloads.errors.txt	03-identifier
noImplicitReturnsExclusions.errors.txt	00-no-arguments
noImplicitReturnsInAsync2.errors.txt	00-no-arguments
noImplicitReturnsWithProtectedBlocks2.errors.txt	00-no-arguments
noImplicitReturnsWithProtectedBlocks3.errors.txt	00-no-arguments
noImplicitReturnsWithoutReturnExpression.errors.txt	00-no-arguments
noImplicitSymbolToString.errors.txt	05-other-single-token
noImplicitThisFunctions.errors.txt	00-no-arguments
noInfer.errors.txt	10-object
noInferCommonPropertyCheck1.errors.txt	10-object
noInferUnionExcessPropertyCheck1.errors.txt	10-function
noLibAndNoUncheckedIndexedAccessDestructuringArray.errors.txt	10-array
noMappedGetSet.errors.txt	03-identifier
noParameterReassignmentIIFEAnnotated.errors.txt	10-array
noParameterReassignmentJSIIFE.errors.txt	10-array
noPropertyAccessFromIndexSignature1.errors.txt	03-identifier
noRepeatedPropertyNames.errors.txt	00-no-arguments
noSymbolForMergeCrash.errors.txt	03-identifier
noTypeArgumentOnReturnType1.errors.txt	10-generic
noTypeToStringRecursion.errors.txt	10-function
noTypeToStringStackOverflow.errors.txt	10-function
noUncheckedIndexedAccess.errors.txt	10-union
noUncheckedIndexedAccessCompoundAssignments.errors.txt	04-qualified-name
noUncheckedIndexedAccessDestructuring.errors.txt	10-union
noUnusedLocals_destructuringAssignment.errors.txt	03-identifier
noUnusedLocals_potentialPredicateUnusedParam.errors.txt	03-identifier
noUnusedLocals_selfReference.errors.txt	03-identifier
noUnusedLocals_selfReference_skipsBlockLocations.errors.txt	03-identifier
noUnusedLocals_typeParameterMergedWithParameter.errors.txt	03-identifier
noUnusedLocals_writeOnly.errors.txt	03-identifier
noUnusedLocals_writeOnlyProperty.errors.txt	03-identifier
noUnusedLocals_writeOnlyProperty_dynamicNames.errors.txt	10-tuple-or-index
nodeAllowJsPackageSelfName(module=node16).errors.txt	05-other-single-token
nodeAllowJsPackageSelfName(module=node18).errors.txt	05-other-single-token
nodeAllowJsPackageSelfName(module=node20).errors.txt	05-other-single-token
nodeAllowJsPackageSelfName(module=nodenext).errors.txt	05-other-single-token
nodeModules1(module=node16).errors.txt	05-other-single-token
nodeModules1(module=node18).errors.txt	05-other-single-token
nodeModules1(module=node20).errors.txt	05-other-single-token
nodeModules1(module=nodenext).errors.txt	05-other-single-token
nodeModulesAllowJs1(module=node16).errors.txt	05-other-single-token
nodeModulesAllowJs1(module=node18).errors.txt	05-other-single-token
nodeModulesAllowJs1(module=node20).errors.txt	05-other-single-token
nodeModulesAllowJs1(module=nodenext).errors.txt	05-other-single-token
nodeModulesAllowJsConditionalPackageExports(module=node16).errors.txt	05-other-single-token
nodeModulesAllowJsConditionalPackageExports(module=node18).errors.txt	05-other-single-token
nodeModulesAllowJsExportAssignment(module=node16).errors.txt	03-identifier
nodeModulesAllowJsExportAssignment(module=node18).errors.txt	03-identifier
nodeModulesAllowJsExportAssignment(module=node20).errors.txt	03-identifier
nodeModulesAllowJsExportAssignment(module=nodenext).errors.txt	03-identifier
nodeModulesAllowJsGeneratedNameCollisions(module=node16).errors.txt	03-identifier
nodeModulesAllowJsGeneratedNameCollisions(module=node18).errors.txt	03-identifier
nodeModulesAllowJsGeneratedNameCollisions(module=node20).errors.txt	03-identifier
nodeModulesAllowJsGeneratedNameCollisions(module=nodenext).errors.txt	03-identifier
nodeModulesAllowJsImportAssignment(module=node16).errors.txt	00-no-arguments
nodeModulesAllowJsImportAssignment(module=node18).errors.txt	00-no-arguments
nodeModulesAllowJsImportAssignment(module=node20).errors.txt	00-no-arguments
nodeModulesAllowJsImportAssignment(module=nodenext).errors.txt	00-no-arguments
nodeModulesAllowJsImportHelpersCollisions1(module=node16).errors.txt	03-identifier
nodeModulesAllowJsImportHelpersCollisions1(module=node18).errors.txt	03-identifier
nodeModulesAllowJsImportHelpersCollisions1(module=node20).errors.txt	03-identifier
nodeModulesAllowJsImportHelpersCollisions1(module=nodenext).errors.txt	03-identifier
nodeModulesAllowJsImportHelpersCollisions2(module=node16).errors.txt	03-identifier
nodeModulesAllowJsImportHelpersCollisions2(module=node18).errors.txt	03-identifier
nodeModulesAllowJsImportHelpersCollisions2(module=node20).errors.txt	03-identifier
nodeModulesAllowJsImportHelpersCollisions2(module=nodenext).errors.txt	03-identifier
nodeModulesAllowJsImportHelpersCollisions3(module=node16,target=es2015).errors.txt	03-identifier
nodeModulesAllowJsImportHelpersCollisions3(module=node18,target=es2015).errors.txt	03-identifier
nodeModulesAllowJsImportHelpersCollisions3(module=node20,target=es2015).errors.txt	03-identifier
nodeModulesAllowJsImportHelpersCollisions3(module=nodenext,target=es2015).errors.txt	03-identifier
nodeModulesAllowJsImportMeta(module=node16).errors.txt	00-no-arguments
nodeModulesAllowJsImportMeta(module=node18).errors.txt	00-no-arguments
nodeModulesAllowJsImportMeta(module=node20).errors.txt	00-no-arguments
nodeModulesAllowJsImportMeta(module=nodenext).errors.txt	00-no-arguments
nodeModulesAllowJsPackageExports(module=node16).errors.txt	05-other-single-token
nodeModulesAllowJsPackageExports(module=node18).errors.txt	05-other-single-token
nodeModulesAllowJsPackageImports(module=node16).errors.txt	05-other-single-token
nodeModulesAllowJsPackageImports(module=node18).errors.txt	05-other-single-token
nodeModulesAllowJsPackageImports(module=node20).errors.txt	05-other-single-token
nodeModulesAllowJsPackageImports(module=nodenext).errors.txt	05-other-single-token
nodeModulesAllowJsPackagePatternExports(module=node16).errors.txt	05-other-single-token
nodeModulesAllowJsPackagePatternExports(module=node18).errors.txt	05-other-single-token
nodeModulesAllowJsPackagePatternExportsExclude(module=node16).errors.txt	05-other-single-token
nodeModulesAllowJsPackagePatternExportsExclude(module=node18).errors.txt	05-other-single-token
nodeModulesAllowJsPackagePatternExportsExclude(module=node20).errors.txt	05-other-single-token
nodeModulesAllowJsPackagePatternExportsExclude(module=nodenext).errors.txt	05-other-single-token
nodeModulesAllowJsPackagePatternExportsTrailers(module=node16).errors.txt	05-other-single-token
nodeModulesAllowJsPackagePatternExportsTrailers(module=node18).errors.txt	05-other-single-token
nodeModulesAllowJsSynchronousCallErrors(module=node16).errors.txt	05-other-single-token
nodeModulesAllowJsSynchronousCallErrors(module=node18).errors.txt	05-other-single-token
nodeModulesAllowJsSynchronousCallErrors(module=node20).errors.txt	00-no-arguments
nodeModulesAllowJsSynchronousCallErrors(module=nodenext).errors.txt	00-no-arguments
nodeModulesAllowJsTopLevelAwait(module=node16).errors.txt	00-no-arguments
nodeModulesAllowJsTopLevelAwait(module=node18).errors.txt	00-no-arguments
nodeModulesAllowJsTopLevelAwait(module=node20).errors.txt	00-no-arguments
nodeModulesAllowJsTopLevelAwait(module=nodenext).errors.txt	00-no-arguments
nodeModulesAtTypesPriority.errors.txt	05-other-single-token
nodeModulesCJSEmit1(module=node18).errors.txt	03-identifier
nodeModulesCJSEmit1(module=node20).errors.txt	03-identifier
nodeModulesCJSEmit1(module=nodenext).errors.txt	03-identifier
nodeModulesCJSResolvingToESM1_emptyPackageJson.errors.txt	05-other-single-token
nodeModulesCJSResolvingToESM2_cjsPackageJson.errors.txt	05-other-single-token
nodeModulesCJSResolvingToESM3_modulePackageJson.errors.txt	05-other-single-token
nodeModulesCJSResolvingToESM4_noPackageJson.errors.txt	05-other-single-token
nodeModulesConditionalPackageExports(module=node16).errors.txt	05-other-single-token
nodeModulesConditionalPackageExports(module=node18).errors.txt	05-other-single-token
nodeModulesDeclarationEmitWithPackageExports(module=node16).errors.txt	05-other-single-token
nodeModulesDeclarationEmitWithPackageExports(module=node18).errors.txt	05-other-single-token
nodeModulesDeclarationEmitWithPackageExports(module=node20).errors.txt	05-other-single-token
nodeModulesDeclarationEmitWithPackageExports(module=nodenext).errors.txt	05-other-single-token
nodeModulesDeclarationEmitWithPackageExportsNoOutDir(module=node16).errors.txt	05-other-single-token
nodeModulesDeclarationEmitWithPackageExportsNoOutDir(module=node18).errors.txt	05-other-single-token
nodeModulesExportAssignments(module=node16).errors.txt	00-no-arguments
nodeModulesExportAssignments(module=node18).errors.txt	00-no-arguments
nodeModulesExportAssignments(module=node20).errors.txt	00-no-arguments
nodeModulesExportAssignments(module=nodenext).errors.txt	00-no-arguments
nodeModulesExportsBlocksSpecifierResolution(module=node16).errors.txt	05-other-single-token
nodeModulesExportsBlocksSpecifierResolution(module=node18).errors.txt	05-other-single-token
nodeModulesExportsBlocksSpecifierResolution(module=node20).errors.txt	05-other-single-token
nodeModulesExportsBlocksSpecifierResolution(module=nodenext).errors.txt	05-other-single-token
nodeModulesExportsBlocksTypesVersions(module=node16).errors.txt	05-other-single-token
nodeModulesExportsBlocksTypesVersions(module=node18).errors.txt	05-other-single-token
nodeModulesExportsBlocksTypesVersions(module=node20).errors.txt	05-other-single-token
nodeModulesExportsBlocksTypesVersions(module=nodenext).errors.txt	05-other-single-token
nodeModulesExportsDoubleAsterisk(module=node18).errors.txt	05-other-single-token
nodeModulesExportsDoubleAsterisk(module=node20).errors.txt	05-other-single-token
nodeModulesExportsDoubleAsterisk(module=nodenext).errors.txt	05-other-single-token
nodeModulesExportsSourceTs(module=node16).errors.txt	05-other-single-token
nodeModulesExportsSourceTs(module=node18).errors.txt	05-other-single-token
nodeModulesExportsSourceTs(module=node20).errors.txt	05-other-single-token
nodeModulesExportsSourceTs(module=nodenext).errors.txt	05-other-single-token
nodeModulesExportsSpecifierGenerationConditions(module=node16).errors.txt	05-other-single-token
nodeModulesExportsSpecifierGenerationConditions(module=node18).errors.txt	05-other-single-token
nodeModulesExportsSpecifierGenerationConditions(module=node20).errors.txt	05-other-single-token
nodeModulesExportsSpecifierGenerationConditions(module=nodenext).errors.txt	05-other-single-token
nodeModulesExportsSpecifierGenerationDirectory(module=node16).errors.txt	05-other-single-token
nodeModulesExportsSpecifierGenerationDirectory(module=node18).errors.txt	05-other-single-token
nodeModulesExportsSpecifierGenerationDirectory(module=node20).errors.txt	05-other-single-token
nodeModulesExportsSpecifierGenerationDirectory(module=nodenext).errors.txt	05-other-single-token
nodeModulesExportsSpecifierGenerationPattern(module=node16).errors.txt	05-other-single-token
nodeModulesExportsSpecifierGenerationPattern(module=node18).errors.txt	05-other-single-token
nodeModulesExportsSpecifierGenerationPattern(module=node20).errors.txt	05-other-single-token
nodeModulesExportsSpecifierGenerationPattern(module=nodenext).errors.txt	05-other-single-token
nodeModulesForbidenSyntax(module=node16).errors.txt	00-no-arguments
nodeModulesForbidenSyntax(module=node18).errors.txt	00-no-arguments
nodeModulesForbidenSyntax(module=node20).errors.txt	00-no-arguments
nodeModulesForbidenSyntax(module=nodenext).errors.txt	00-no-arguments
nodeModulesGeneratedNameCollisions(module=node16).errors.txt	03-identifier
nodeModulesGeneratedNameCollisions(module=node18).errors.txt	03-identifier
nodeModulesGeneratedNameCollisions(module=node20).errors.txt	03-identifier
nodeModulesGeneratedNameCollisions(module=nodenext).errors.txt	03-identifier
nodeModulesImportAssertions(module=node16).errors.txt	00-no-arguments
nodeModulesImportAssertions(module=node18).errors.txt	00-no-arguments
nodeModulesImportAssertions(module=node20).errors.txt	00-no-arguments
nodeModulesImportAssertions(module=nodenext).errors.txt	00-no-arguments
nodeModulesImportAttributes(module=node16).errors.txt	00-no-arguments
nodeModulesImportAttributes(module=node18).errors.txt	00-no-arguments
nodeModulesImportAttributes(module=node20).errors.txt	00-no-arguments
nodeModulesImportAttributes(module=nodenext).errors.txt	00-no-arguments
nodeModulesImportAttributesModeDeclarationEmit1(module=node16).errors.txt	03-identifier
nodeModulesImportAttributesModeDeclarationEmit1(module=node18).errors.txt	03-identifier
nodeModulesImportAttributesModeDeclarationEmit1(module=node20).errors.txt	03-identifier
nodeModulesImportAttributesModeDeclarationEmit1(module=nodenext).errors.txt	03-identifier
nodeModulesImportAttributesModeDeclarationEmit2(module=node16).errors.txt	03-identifier
nodeModulesImportAttributesModeDeclarationEmit2(module=node18).errors.txt	03-identifier
nodeModulesImportAttributesModeDeclarationEmit2(module=node20).errors.txt	03-identifier
nodeModulesImportAttributesModeDeclarationEmit2(module=nodenext).errors.txt	03-identifier
nodeModulesImportAttributesModeDeclarationEmitErrors(module=node16).errors.txt	03-identifier
nodeModulesImportAttributesModeDeclarationEmitErrors(module=node18).errors.txt	03-identifier
nodeModulesImportAttributesModeDeclarationEmitErrors(module=node20).errors.txt	03-identifier
nodeModulesImportAttributesModeDeclarationEmitErrors(module=nodenext).errors.txt	03-identifier
nodeModulesImportAttributesTypeModeDeclarationEmitErrors(module=node16).errors.txt	10-object
nodeModulesImportAttributesTypeModeDeclarationEmitErrors(module=node18).errors.txt	10-object
nodeModulesImportAttributesTypeModeDeclarationEmitErrors(module=node20).errors.txt	10-object
nodeModulesImportAttributesTypeModeDeclarationEmitErrors(module=nodenext).errors.txt	10-object
nodeModulesImportHelpersCollisions(module=node16).errors.txt	03-identifier
nodeModulesImportHelpersCollisions(module=node18).errors.txt	03-identifier
nodeModulesImportHelpersCollisions(module=node20).errors.txt	03-identifier
nodeModulesImportHelpersCollisions(module=nodenext).errors.txt	03-identifier
nodeModulesImportHelpersCollisions2(module=node16).errors.txt	03-identifier
nodeModulesImportHelpersCollisions2(module=node18).errors.txt	03-identifier
nodeModulesImportHelpersCollisions2(module=node20).errors.txt	03-identifier
nodeModulesImportHelpersCollisions2(module=nodenext).errors.txt	03-identifier
nodeModulesImportHelpersCollisions3(module=node16,target=es2015).errors.txt	03-identifier
nodeModulesImportHelpersCollisions3(module=node18,target=es2015).errors.txt	03-identifier
nodeModulesImportHelpersCollisions3(module=node20,target=es2015).errors.txt	03-identifier
nodeModulesImportHelpersCollisions3(module=nodenext,target=es2015).errors.txt	03-identifier
nodeModulesImportMeta(module=node16).errors.txt	00-no-arguments
nodeModulesImportMeta(module=node18).errors.txt	00-no-arguments
nodeModulesImportMeta(module=node20).errors.txt	00-no-arguments
nodeModulesImportMeta(module=nodenext).errors.txt	00-no-arguments
nodeModulesImportModeDeclarationEmit1(module=node16).errors.txt	03-identifier
nodeModulesImportModeDeclarationEmit1(module=node18).errors.txt	03-identifier
nodeModulesImportModeDeclarationEmit1(module=node20).errors.txt	03-identifier
nodeModulesImportModeDeclarationEmit1(module=nodenext).errors.txt	03-identifier
nodeModulesImportModeDeclarationEmit2(module=node16).errors.txt	03-identifier
nodeModulesImportModeDeclarationEmit2(module=node18).errors.txt	03-identifier
nodeModulesImportModeDeclarationEmit2(module=node20).errors.txt	03-identifier
nodeModulesImportModeDeclarationEmit2(module=nodenext).errors.txt	03-identifier
nodeModulesImportModeDeclarationEmitErrors1(module=node16).errors.txt	03-identifier
nodeModulesImportModeDeclarationEmitErrors1(module=node18).errors.txt	03-identifier
nodeModulesImportModeDeclarationEmitErrors1(module=node20).errors.txt	03-identifier
nodeModulesImportModeDeclarationEmitErrors1(module=nodenext).errors.txt	03-identifier
nodeModulesImportResolutionNoCycle(module=node16).errors.txt	05-other-single-token
nodeModulesImportResolutionNoCycle(module=node18).errors.txt	05-other-single-token
nodeModulesImportResolutionNoCycle(module=node20).errors.txt	05-other-single-token
nodeModulesImportResolutionNoCycle(module=nodenext).errors.txt	05-other-single-token
nodeModulesImportTypeModeDeclarationEmitErrors1(module=node16).errors.txt	10-object
nodeModulesImportTypeModeDeclarationEmitErrors1(module=node18).errors.txt	10-object
nodeModulesImportTypeModeDeclarationEmitErrors1(module=node20).errors.txt	10-object
nodeModulesImportTypeModeDeclarationEmitErrors1(module=nodenext).errors.txt	10-object
nodeModulesJson(module=node16).errors.txt	10-object
nodeModulesJson(module=node18).errors.txt	10-object
nodeModulesJson(module=node20).errors.txt	10-object
nodeModulesJson(module=nodenext).errors.txt	10-object
nodeModulesNoDirectoryModule.errors.txt	05-other-single-token
nodeModulesPackageExports(module=node16).errors.txt	05-other-single-token
nodeModulesPackageExports(module=node18).errors.txt	05-other-single-token
nodeModulesPackageImports(module=node16).errors.txt	05-other-single-token
nodeModulesPackageImports(module=node18).errors.txt	05-other-single-token
nodeModulesPackageImportsRootWildcardNode16.errors.txt	05-other-single-token
nodeModulesPackagePatternExports(module=node16).errors.txt	05-other-single-token
nodeModulesPackagePatternExports(module=node18).errors.txt	05-other-single-token
nodeModulesPackagePatternExportsExclude(module=node16).errors.txt	05-other-single-token
nodeModulesPackagePatternExportsExclude(module=node18).errors.txt	05-other-single-token
nodeModulesPackagePatternExportsExclude(module=node20).errors.txt	05-other-single-token
nodeModulesPackagePatternExportsExclude(module=nodenext).errors.txt	05-other-single-token
nodeModulesPackagePatternExportsTrailers(module=node16).errors.txt	05-other-single-token
nodeModulesPackagePatternExportsTrailers(module=node18).errors.txt	05-other-single-token
nodeModulesResolveJsonModule(module=node16).errors.txt	00-no-arguments
nodeModulesSynchronousCallErrors(module=node16).errors.txt	05-other-single-token
nodeModulesSynchronousCallErrors(module=node18).errors.txt	05-other-single-token
nodeModulesTopLevelAwait(module=node16).errors.txt	00-no-arguments
nodeModulesTopLevelAwait(module=node18).errors.txt	00-no-arguments
nodeModulesTopLevelAwait(module=node20).errors.txt	00-no-arguments
nodeModulesTopLevelAwait(module=nodenext).errors.txt	00-no-arguments
nodeModulesTripleSlashReferenceModeOverride1(module=node16).errors.txt	03-identifier
nodeModulesTripleSlashReferenceModeOverride1(module=node18).errors.txt	03-identifier
nodeModulesTripleSlashReferenceModeOverride1(module=node20).errors.txt	03-identifier
nodeModulesTripleSlashReferenceModeOverride1(module=nodenext).errors.txt	03-identifier
nodeModulesTripleSlashReferenceModeOverride2(module=node16).errors.txt	03-identifier
nodeModulesTripleSlashReferenceModeOverride2(module=node18).errors.txt	03-identifier
nodeModulesTripleSlashReferenceModeOverride2(module=node20).errors.txt	03-identifier
nodeModulesTripleSlashReferenceModeOverride2(module=nodenext).errors.txt	03-identifier
nodeModulesTripleSlashReferenceModeOverride3(module=node16).errors.txt	03-identifier
nodeModulesTripleSlashReferenceModeOverride3(module=node18).errors.txt	03-identifier
nodeModulesTripleSlashReferenceModeOverride3(module=node20).errors.txt	03-identifier
nodeModulesTripleSlashReferenceModeOverride3(module=nodenext).errors.txt	03-identifier
nodeModulesTripleSlashReferenceModeOverride4(module=node16).errors.txt	03-identifier
nodeModulesTripleSlashReferenceModeOverride4(module=node18).errors.txt	03-identifier
nodeModulesTripleSlashReferenceModeOverride4(module=node20).errors.txt	03-identifier
nodeModulesTripleSlashReferenceModeOverride4(module=nodenext).errors.txt	03-identifier
nodeModulesTripleSlashReferenceModeOverrideModeError(module=node16).errors.txt	03-identifier
nodeModulesTripleSlashReferenceModeOverrideModeError(module=node18).errors.txt	03-identifier
nodeModulesTripleSlashReferenceModeOverrideModeError(module=node20).errors.txt	03-identifier
nodeModulesTripleSlashReferenceModeOverrideModeError(module=nodenext).errors.txt	03-identifier
nodeNextImportModeImplicitIndexResolution.errors.txt	00-no-arguments
nodeNextImportModeImplicitIndexResolution2.errors.txt	03-identifier
nodeNextModuleResolution1.errors.txt	03-identifier
nodeNextModuleResolution2.errors.txt	03-identifier
nodeNextPackageSelfNameExportsEqualsDeclarationDir.errors.txt	05-other-single-token
nodeNextPackageSelfNameWithOutDir.errors.txt	05-other-single-token
nodeNextPackageSelfNameWithOutDirDeclDir.errors.txt	05-other-single-token
nodePackageSelfName(module=node16).errors.txt	03-identifier
nodePackageSelfName(module=node18).errors.txt	03-identifier
nodePackageSelfNameScoped(module=node16).errors.txt	05-other-single-token
nodePackageSelfNameScoped(module=node18).errors.txt	05-other-single-token
nonArrayRestArgs.errors.txt	00-no-arguments
nonExportedElementsOfMergedModules.errors.txt	10-typeof
nonGenericClassExtendingGenericClassWithAny.errors.txt	03-identifier
nonGenericTypeReferenceWithTypeArguments.errors.txt	03-identifier
nonIdenticalTypeConstraints.errors.txt	03-identifier
nonInstantiatedModule.errors.txt	03-identifier
nonIterableRestElement3.errors.txt	10-union
nonMergedDeclarationsAndOverloads.errors.txt	03-identifier
nonMergedOverloads.errors.txt	03-identifier
nonObjectUnionNestedExcessPropertyCheck.errors.txt	10-object
nonPrimitiveAccessProperty.errors.txt	10-object
nonPrimitiveAndTypeVariables.errors.txt	10-union
nonPrimitiveAsProperty.errors.txt	01-keyword
nonPrimitiveAssignError.errors.txt	10-object
nonPrimitiveConstraintOfIndexAccessType.errors.txt	10-tuple-or-index
nonPrimitiveInFunction.errors.txt	03-identifier
nonPrimitiveInGeneric.errors.txt	03-identifier
nonPrimitiveNarrow.errors.txt	03-identifier
nonPrimitiveStrictNull.errors.txt	10-union
nonPrimitiveUnionIntersection.errors.txt	10-object
nonexistentPropertyOnUnion.errors.txt	10-generic
nonexistentPropertyUnavailableOnPromisedType.errors.txt	10-generic
normalizedIntersectionTooComplex.errors.txt	03-identifier
null.errors.txt	05-other-single-token
nullAssignedToUndefined.errors.txt	01-keyword
nullKeyword.errors.txt	01-keyword
nullableFunctionError.errors.txt	00-no-arguments
nullishCoalescingOperator1.errors.txt	00-no-arguments
nullishCoalescingOperator11.errors.txt	03-identifier
nullishCoalescingOperator4.errors.txt	03-identifier
nullishCoalescingOperator5.errors.txt	05-other-single-token
nullishCoalescingOperatorInParameterBindingPattern.2(target=es2015).errors.txt	10-object
nullishCoalescingOperatorInParameterInitializer.2(target=es2015).errors.txt	03-identifier
numberAssignableToEnum.errors.txt	03-identifier
numberAssignableToEnumInsideUnion.errors.txt	03-identifier
numberLiteralsWithLeadingZeros.errors.txt	05-other-single-token
numberOnLeftSideOfInExpression.errors.txt	03-identifier
numberToString.errors.txt	01-keyword
numberVsBigIntOperations.errors.txt	10-union
numericClassMembers1.errors.txt	02-literal
numericIndexExpressions.errors.txt	01-keyword
numericIndexerConstrainsPropertyDeclarations.errors.txt	03-identifier
numericIndexerConstrainsPropertyDeclarations2.errors.txt	03-identifier
numericIndexerConstraint.errors.txt	03-identifier
numericIndexerConstraint1.errors.txt	03-identifier
numericIndexerConstraint2.errors.txt	10-object
numericIndexerConstraint3.errors.txt	03-identifier
numericIndexerConstraint4.errors.txt	03-identifier
numericIndexerConstraint5.errors.txt	10-object
numericIndexerTyping1.errors.txt	03-identifier
numericIndexerTyping2.errors.txt	03-identifier
numericIndexingResults.errors.txt	03-identifier
numericLiteralTypes3.errors.txt	10-union
numericLiteralsWithTrailingDecimalPoints01.errors.txt	05-other-single-token
numericLiteralsWithTrailingDecimalPoints02.errors.txt	05-other-single-token
numericNamedPropertyDuplicates.errors.txt	05-other-single-token
numericStringNamedPropertyEquivalence.errors.txt	02-literal
objectBindingPatternKeywordIdentifiers01.errors.txt	05-other-single-token
objectBindingPatternKeywordIdentifiers02.errors.txt	05-other-single-token
objectBindingPatternKeywordIdentifiers03.errors.txt	05-other-single-token
objectBindingPatternKeywordIdentifiers04.errors.txt	05-other-single-token
objectBindingPattern_restElementWithPropertyName.errors.txt	00-no-arguments
objectCreate-errors.errors.txt	10-union
objectCreationExpressionInFunctionParameter.errors.txt	01-keyword
objectCreationOfElementAccessExpression.errors.txt	10-typeof
objectFreeze.errors.txt	10-array
objectFreezeLiteralsDontWiden.errors.txt	02-literal
objectGroupBy.errors.txt	03-identifier
objectLitArrayDeclNoNew.errors.txt	00-no-arguments
objectLitIndexerContextualType.errors.txt	03-identifier
objectLitStructuralTypeMismatch.errors.txt	10-object
objectLitTargetTypeCallSite.errors.txt	01-keyword
objectLiteralContextualTyping.errors.txt	10-object
objectLiteralErrors(target=es2015).errors.txt	01-keyword
objectLiteralExcessProperties.errors.txt	10-union
objectLiteralFreshnessWithSpread.errors.txt	10-object
objectLiteralFunctionArgContextualTyping.errors.txt	10-function
objectLiteralFunctionArgContextualTyping2.errors.txt	10-object
objectLiteralIndexerErrors.errors.txt	03-identifier
objectLiteralIndexers.errors.txt	03-identifier
objectLiteralMemberWithModifiers1.errors.txt	03-identifier
objectLiteralMemberWithModifiers2.errors.txt	03-identifier
objectLiteralMemberWithQuestionMark1.errors.txt	00-no-arguments
objectLiteralMemberWithoutBlock1.errors.txt	10-object
objectLiteralNormalization.errors.txt	10-object
objectLiteralParameterResolution.errors.txt	03-identifier
objectLiteralReferencingInternalProperties.errors.txt	03-identifier
objectLiteralShorthandPropertiesAssignmentError.errors.txt	10-object
objectLiteralShorthandPropertiesAssignmentErrorFromMissingIdentifier.errors.txt	10-object
objectLiteralShorthandPropertiesErrorFromNoneExistingIdentifier.errors.txt	03-identifier
objectLiteralShorthandPropertiesErrorFromNotUsingIdentifier.errors.txt	05-other-single-token
objectLiteralShorthandPropertiesErrorWithModule.errors.txt	10-typeof
objectLiteralShorthandPropertiesFunctionArgument2.errors.txt	10-object
objectLiteralThisWidenedOnUse.errors.txt	10-object
objectLiteralWithNumericPropertyName.errors.txt	01-keyword
objectLiteralWithSemicolons1.errors.txt	05-other-single-token
objectLiteralWithSemicolons2.errors.txt	05-other-single-token
objectLiteralWithSemicolons3.errors.txt	05-other-single-token
objectLiteralWithSemicolons4.errors.txt	05-other-single-token
objectLiteralWithSemicolons5.errors.txt	05-other-single-token
objectLiteralsAgainstUnionsOfArrays01.errors.txt	01-keyword
objectMembersOnTypes.errors.txt	03-identifier
objectNameCollisionCommonJS(module=commonjs).errors.txt	03-identifier
objectRest.errors.txt	10-object
objectRestNegative.errors.txt	10-object
objectRestPropertyMustBeLast.errors.txt	00-no-arguments
objectSpreadIndexSignature.errors.txt	10-object
objectSpreadNegative(target=es2015).errors.txt	10-union
objectSpreadNegativeParse.errors.txt	05-other-single-token
objectSpreadSetonlyAccessor.errors.txt	03-identifier
objectSpreadStrictNull.errors.txt	10-union
objectTypeHidingMembersOfExtendedObject.errors.txt	03-identifier
objectTypeHidingMembersOfObject.errors.txt	03-identifier
objectTypeHidingMembersOfObjectAssignmentCompat.errors.txt	10-function
objectTypeHidingMembersOfObjectAssignmentCompat2.errors.txt	10-function
objectTypeLiteralSyntax2.errors.txt	05-other-single-token
objectTypePropertyAccess.errors.txt	03-identifier
objectTypeWithCallSignatureAppearsToBeFunctionType.errors.txt	03-identifier
objectTypeWithCallSignatureHidingMembersOfFunction.errors.txt	03-identifier
objectTypeWithCallSignatureHidingMembersOfFunctionAssignmentCompat.errors.txt	10-function
objectTypeWithConstructSignatureAppearsToBeFunctionType.errors.txt	10-constructor
objectTypeWithConstructSignatureHidingMembersOfFunction.errors.txt	03-identifier
objectTypeWithConstructSignatureHidingMembersOfFunctionAssignmentCompat.errors.txt	10-constructor
objectTypeWithDuplicateNumericProperty.errors.txt	02-literal
objectTypeWithNumericProperty.errors.txt	03-identifier
objectTypeWithOptionalProperty1.errors.txt	00-no-arguments
objectTypeWithRecursiveWrappedProperty.errors.txt	10-generic
objectTypeWithRecursiveWrappedProperty2.errors.txt	10-generic
objectTypeWithRecursiveWrappedPropertyCheckedNominally.errors.txt	10-generic
objectTypeWithStringAndNumberIndexSignatureToAny.errors.txt	10-generic
objectTypeWithStringIndexerHidingObjectIndexer.errors.txt	00-no-arguments
objectTypeWithStringNamedNumericProperty(target=es2015).errors.txt	05-other-single-token
objectTypesIdentityWithCallSignatures3.errors.txt	03-identifier
objectTypesIdentityWithPrivates3.errors.txt	10-generic
objectTypesWithOptionalProperties.errors.txt	00-no-arguments
objectTypesWithOptionalProperties2.errors.txt	10-object
objectTypesWithPredefinedTypesAsName.errors.txt	01-keyword
objectTypesWithPredefinedTypesAsName2.errors.txt	10-object
octalIntegerLiteral(target=es2015).errors.txt	10-object
octalIntegerLiteralES6.errors.txt	10-object
octalIntegerLiteralError.errors.txt	05-other-single-token
octalLiteralAndEscapeSequence.errors.txt	05-other-single-token
octalLiteralInStrictModeES3.errors.txt	05-other-single-token
omitTypeHelperModifiers01.errors.txt	03-identifier
omitTypeTestErrors01.errors.txt	03-identifier
omittedExpressionForOfLoop.errors.txt	03-identifier
operationsAvailableOnPromisedType(target=es2015).errors.txt	10-object
operatorAddNullUndefined.errors.txt	01-keyword
optionalArgsWithDefaultValues.errors.txt	00-no-arguments
optionalBindingParameters1.errors.txt	01-keyword
optionalBindingParameters2.errors.txt	01-keyword
optionalBindingParameters3.errors.txt	00-no-arguments
optionalBindingParametersInOverloads1.errors.txt	03-identifier
optionalBindingParametersInOverloads2.errors.txt	03-identifier
optionalChainWithInstantiationExpression1(target=es2019).errors.txt	00-no-arguments
optionalChainWithInstantiationExpression1(target=es2020).errors.txt	00-no-arguments
optionalChainingInParameterBindingPattern.2(target=es2015).errors.txt	10-object
optionalChainingInParameterInitializer.2(target=es2015).errors.txt	03-identifier
optionalFunctionArgAssignability.errors.txt	10-generic
optionalParamArgsTest.errors.txt	03-identifier
optionalParamAssignmentCompat.errors.txt	10-function
optionalParamReferencingOtherParams2(target=es2015).errors.txt	03-identifier
optionalParamReferencingOtherParams3.errors.txt	03-identifier
optionalParamTypeComparison.errors.txt	10-union
optionalParameterInDestructuringWithInitializer.errors.txt	10-union
optionalParameterProperty.errors.txt	10-union
optionalParamterAndVariableDeclaration.errors.txt	10-union
optionalParamterAndVariableDeclaration2.errors.txt	10-union
optionalPropertiesInClasses.errors.txt	03-identifier
optionalPropertiesSyntax.errors.txt	05-other-single-token
optionalPropertiesTest.errors.txt	10-object
optionalPropertyAssignableToStringIndexSignature.errors.txt	10-union
optionalSetterParam.errors.txt	00-no-arguments
optionalTupleElements1.errors.txt	03-identifier
optionsCompositeWithIncrementalFalse.errors.txt	00-no-arguments
optionsInlineSourceMapMapRoot.errors.txt	03-identifier
optionsInlineSourceMapSourcemap.errors.txt	03-identifier
orderMattersForSignatureGroupIdentity.errors.txt	10-object
overEagerReturnTypeSpecialization.errors.txt	10-generic
overload1.errors.txt	03-identifier
overloadAssignmentCompat.errors.txt	00-no-arguments
overloadBindingAcrossDeclarationBoundaries.errors.txt	03-identifier
overloadBindingAcrossDeclarationBoundaries2.errors.txt	03-identifier
overloadConsecutiveness.errors.txt	00-no-arguments
overloadEquivalenceWithStatics.errors.txt	10-generic
overloadErrorMatchesImplementationElaboaration.errors.txt	10-array
overloadGenericFunctionWithRestArgs.errors.txt	03-identifier
overloadModifiersMustAgree.errors.txt	00-no-arguments
overloadOnConstConstraintChecks1.errors.txt	03-identifier
overloadOnConstConstraintChecks2.errors.txt	03-identifier
overloadOnConstConstraintChecks3.errors.txt	03-identifier
overloadOnConstConstraintChecks4.errors.txt	03-identifier
overloadOnConstInheritance2.errors.txt	10-object
overloadOnConstNoAnyImplementation.errors.txt	01-keyword
overloadOnConstNoAnyImplementation2.errors.txt	10-function
overloadOnConstNoStringImplementation2.errors.txt	10-function
overloadOnConstantsInvalidOverload1.errors.txt	03-identifier
overloadResolution.errors.txt	10-object
overloadResolutionClassConstructors.errors.txt	10-object
overloadResolutionConstructors.errors.txt	10-object
overloadResolutionOnDefaultConstructor1.errors.txt	02-literal
overloadResolutionOverCTLambda.errors.txt	01-keyword
overloadResolutionTest1.errors.txt	01-keyword
overloadTag1.errors.txt	01-keyword
overloadTag2.errors.txt	03-identifier
overloadedStaticMethodSpecialization.errors.txt	10-generic
overloadingOnConstants1.errors.txt	03-identifier
overloadingOnConstants2.errors.txt	03-identifier
overloadingStaticFunctionsInFunctions.errors.txt	05-other-single-token
overloadresolutionWithConstraintCheckingDeferred.errors.txt	10-function
overloadsAndTypeArgumentArityErrors.errors.txt	02-literal
overloadsInDifferentContainersDisagreeOnAmbient.errors.txt	00-no-arguments
overloadsWithComputedNames.errors.txt	10-tuple-or-index
overloadsWithProvisionalErrors.errors.txt	10-object
overloadsWithinClasses.errors.txt	00-no-arguments
override1.errors.txt	06-other-text
override11.errors.txt	03-identifier
override13.errors.txt	03-identifier
override15.errors.txt	03-identifier
override19.errors.txt	10-object
override2.errors.txt	03-identifier
override20.errors.txt	10-intersection
override21.errors.txt	03-identifier
override3.errors.txt	03-identifier
override4.errors.txt	03-identifier
override5.errors.txt	03-identifier
override6.errors.txt	03-identifier
override7.errors.txt	03-identifier
override8.errors.txt	03-identifier
override9.errors.txt	03-identifier
overrideDynamicName1(noimplicitoverride=false).errors.txt	00-no-arguments
overrideDynamicName1(noimplicitoverride=true).errors.txt	00-no-arguments
overrideKeywordOrder.errors.txt	03-identifier
overrideLateBindableIndexSignature1(noimplicitoverride=false).errors.txt	00-no-arguments
overrideLateBindableIndexSignature1(noimplicitoverride=true).errors.txt	00-no-arguments
overrideLateBindableName1(noimplicitoverride=false).errors.txt	03-identifier
overrideLateBindableName1(noimplicitoverride=true).errors.txt	03-identifier
overrideParameterProperty.errors.txt	03-identifier
overrideWithoutNoImplicitOverride1.errors.txt	03-identifier
override_js2.errors.txt	03-identifier
override_js3.errors.txt	03-identifier
override_js4.errors.txt	03-identifier
overridingPrivateStaticMembers.errors.txt	10-typeof
overshifts.errors.txt	10-generic
packageJsonImportsErrors(module=node18).errors.txt	05-other-single-token
packageJsonImportsErrors(module=node20).errors.txt	05-other-single-token
packageJsonImportsErrors(module=nodenext).errors.txt	05-other-single-token
packageJsonImportsExportsOptionCompat(moduleresolution=node16).errors.txt	03-identifier
packageJsonImportsExportsOptionCompat(moduleresolution=nodenext).errors.txt	03-identifier
packageJsonImportsWildcardTsExtensionError.errors.txt	05-other-single-token
packageJsonMain_isNonRecursive.errors.txt	03-identifier
panicForInEmptyDeclarationList.errors.txt	00-no-arguments
paramPropertiesInSignatures.errors.txt	00-no-arguments
paramTagNestedWithoutTopLevelObject.errors.txt	04-qualified-name
paramTagNestedWithoutTopLevelObject2.errors.txt	04-qualified-name
paramTagNestedWithoutTopLevelObject3.errors.txt	04-qualified-name
paramTagNestedWithoutTopLevelObject4.errors.txt	04-qualified-name
paramTagOnFunctionUsingArguments.errors.txt	03-identifier
paramTagWrapping.errors.txt	03-identifier
parameterDecoratorInJsFile(checkjs=false).errors.txt	00-no-arguments
parameterDecoratorInJsFile(checkjs=true).errors.txt	03-identifier
parameterDecoratorsEmitCrash.errors.txt	00-no-arguments
parameterInitializersForwardReferencing(target=es2015).errors.txt	03-identifier
parameterInitializersForwardReferencing.2(target=es2015).errors.txt	10-object
parameterInitializersForwardReferencing1(target=es2015).errors.txt	10-array
parameterInitializersForwardReferencing1_es6.errors.txt	10-array
parameterListAsTupleType.errors.txt	10-typeof
parameterNamesInTypeParameterList.errors.txt	03-identifier
parameterPropertyInConstructor1.errors.txt	00-no-arguments
parameterPropertyInConstructor2.errors.txt	03-identifier
parameterPropertyInConstructor3.errors.txt	00-no-arguments
parameterPropertyOutsideConstructor.errors.txt	00-no-arguments
parameterReferenceInInitializer1.errors.txt	03-identifier
parameterReferencesOtherParameter1.errors.txt	03-identifier
parameterReferencesOtherParameter2.errors.txt	03-identifier
parametersSyntaxErrorNoCrash1.errors.txt	05-other-single-token
parametersSyntaxErrorNoCrash2.errors.txt	05-other-single-token
parametersSyntaxErrorNoCrash3.errors.txt	05-other-single-token
paramsOnlyHaveLiteralTypesWhenAppropriatelyContextualized.errors.txt	10-union
paramterDestrcuturingDeclaration.errors.txt	03-identifier
parenthesisDoesNotBlockAliasSymbolCreation.errors.txt	10-object
parenthesizedArrowExpressionASI.errors.txt	01-keyword
parenthesizedContexualTyping1.errors.txt	00-no-arguments
parenthesizedContexualTyping2.errors.txt	10-function
parenthesizedJSDocCastDoesNotNarrow.errors.txt	10-union
parse1.errors.txt	00-no-arguments
parse2.errors.txt	00-no-arguments
parseAssertEntriesError.errors.txt	10-import-type
parseBigInt.errors.txt	10-union
parseClassDeclarationInStrictModeByDefaultInES6.errors.txt	03-identifier
parseCommaSeparatedNewlineNew.errors.txt	03-identifier
parseCommaSeparatedNewlineNumber.errors.txt	03-identifier
parseCommaSeparatedNewlineString.errors.txt	03-identifier
parseErrorDoubleCommaInCall.errors.txt	00-no-arguments
parseErrorInHeritageClause1.errors.txt	03-identifier
parseErrorIncorrectReturnToken.errors.txt	10-object
parseImportAttributesError.errors.txt	10-import-type
parseIncompleteBinaryExpression1.errors.txt	03-identifier
parseInvalidNames.errors.txt	05-other-single-token
parseInvalidNonNullableTypes.errors.txt	05-other-single-token
parseInvalidNullableTypes.errors.txt	10-union
parseJsxElementInUnaryExpressionNoCrash1.errors.txt	00-no-arguments
parseJsxElementInUnaryExpressionNoCrash2.errors.txt	00-no-arguments
parseJsxElementInUnaryExpressionNoCrash3.errors.txt	10-rest-or-elision
parseJsxExtends2.errors.txt	03-identifier
parseRegularExpressionMixedWithComments.errors.txt	00-no-arguments
parseTypes.errors.txt	10-object
parseUnaryExpressionNoTypeAssertionInJsx1.errors.txt	10-generic
parseUnaryExpressionNoTypeAssertionInJsx2.errors.txt	10-generic
parseUnaryExpressionNoTypeAssertionInJsx3.errors.txt	05-other-single-token
parseUnaryExpressionNoTypeAssertionInJsx4.errors.txt	10-generic
parseUnmatchedTypeAssertion.errors.txt	10-object
parser.asyncGenerators.classMethods.es2018(alwaysstrict=true).errors.txt	05-other-single-token
parser.asyncGenerators.functionDeclarations.es2018(alwaysstrict=true).errors.txt	03-identifier
parser.asyncGenerators.functionExpressions.es2018(alwaysstrict=true).errors.txt	03-identifier
parser.asyncGenerators.objectLiteralMethods.es2018(alwaysstrict=true).errors.txt	05-other-single-token
parser.forAwait.es2018.errors.txt	03-identifier
parser.numericSeparators.binaryNegative.errors.txt	03-identifier
parser.numericSeparators.decmialNegative.errors.txt	05-other-single-token
parser.numericSeparators.hexNegative.errors.txt	03-identifier
parser.numericSeparators.octalNegative.errors.txt	03-identifier
parser.numericSeparators.unicodeEscape.errors.txt	05-other-single-token
parser0_004152.errors.txt	05-other-single-token
parser10.1.1-8gs.errors.txt	03-identifier
parser15.4.4.14-9-2.errors.txt	10-union
parser509534.errors.txt	03-identifier
parser509618.errors.txt	00-no-arguments
parser509630.errors.txt	00-no-arguments
parser509667.errors.txt	00-no-arguments
parser509668.errors.txt	00-no-arguments
parser509669.errors.txt	10-function
parser509693.errors.txt	03-identifier
parser509698.errors.txt	03-identifier
parser512084.errors.txt	05-other-single-token
parser512097.errors.txt	05-other-single-token
parser512325.errors.txt	05-other-single-token
parser519458.errors.txt	05-other-single-token
parser521128.errors.txt	05-other-single-token
parser536727.errors.txt	10-function
parser553699.errors.txt	03-identifier
parser566700.errors.txt	00-no-arguments
parser579071.errors.txt	05-other-single-token
parser585151.errors.txt	00-no-arguments
parser618973.errors.txt	03-identifier
parser642331.errors.txt	03-identifier
parser642331_1.errors.txt	03-identifier
parser645086_1.errors.txt	05-other-single-token
parser645086_2.errors.txt	05-other-single-token
parserAccessibilityAfterStatic1.errors.txt	03-identifier
parserAccessibilityAfterStatic10.errors.txt	03-identifier
parserAccessibilityAfterStatic6.errors.txt	05-other-single-token
parserAccessibilityAfterStatic7.errors.txt	03-identifier
parserAccessors1(target=es2015).errors.txt	00-no-arguments
parserAccessors10(target=es2015).errors.txt	03-identifier
parserAccessors3(target=es2015).errors.txt	00-no-arguments
parserAccessors5(target=es2015).errors.txt	00-no-arguments
parserAccessors6(target=es2015).errors.txt	00-no-arguments
parserAccessors7(target=es2015).errors.txt	00-no-arguments
parserAccessors8(target=es2015).errors.txt	00-no-arguments
parserAccessors9(target=es2015).errors.txt	00-no-arguments
parserAdditiveExpression1.errors.txt	03-identifier
parserAmbiguity1.errors.txt	03-identifier
parserAmbiguity2.errors.txt	03-identifier
parserAmbiguity3.errors.txt	03-identifier
parserAmbiguityWithBinaryOperator4.errors.txt	03-identifier
parserArgumentList1.errors.txt	03-identifier
parserArrowFunctionExpression1.errors.txt	00-no-arguments
parserArrowFunctionExpression10.errors.txt	03-identifier
parserArrowFunctionExpression11.errors.txt	03-identifier
parserArrowFunctionExpression12.errors.txt	03-identifier
parserArrowFunctionExpression13.errors.txt	03-identifier
parserArrowFunctionExpression14.errors.txt	05-other-single-token
parserArrowFunctionExpression15.errors.txt	00-no-arguments
parserArrowFunctionExpression16.errors.txt	00-no-arguments
parserArrowFunctionExpression17.errors.txt	03-identifier
parserArrowFunctionExpression2.errors.txt	05-other-single-token
parserArrowFunctionExpression3.errors.txt	05-other-single-token
parserArrowFunctionExpression4.errors.txt	03-identifier
parserArrowFunctionExpression5.errors.txt	03-identifier
parserArrowFunctionExpression8.errors.txt	03-identifier
parserArrowFunctionExpression9.errors.txt	03-identifier
parserAssignmentExpression1.errors.txt	03-identifier
parserAstSpans1(target=es2015).errors.txt	03-identifier
parserAutomaticSemicolonInsertion1.errors.txt	10-function
parserBlockStatement1.d.errors.txt	00-no-arguments
parserBreakStatement1.d.errors.txt	00-no-arguments
parserCastVersusArrowFunction1.errors.txt	10-function
parserCatchClauseWithTypeAnnotation1.errors.txt	00-no-arguments
parserClass1.errors.txt	03-identifier
parserClass2.errors.txt	03-identifier
parserClassDeclaration1.errors.txt	03-identifier
parserClassDeclaration10.errors.txt	00-no-arguments
parserClassDeclaration11.errors.txt	00-no-arguments
parserClassDeclaration12.errors.txt	00-no-arguments
parserClassDeclaration13.errors.txt	03-identifier
parserClassDeclaration14.errors.txt	00-no-arguments
parserClassDeclaration15.errors.txt	00-no-arguments
parserClassDeclaration18.errors.txt	00-no-arguments
parserClassDeclaration2.errors.txt	03-identifier
parserClassDeclaration21.errors.txt	02-literal
parserClassDeclaration22.errors.txt	02-literal
parserClassDeclaration24.errors.txt	01-keyword
parserClassDeclaration25.errors.txt	00-no-arguments
parserClassDeclaration3.errors.txt	03-identifier
parserClassDeclaration4.errors.txt	03-identifier
parserClassDeclaration5.errors.txt	03-identifier
parserClassDeclaration6.errors.txt	03-identifier
parserClassDeclaration7.errors.txt	00-no-arguments
parserClassDeclaration8.errors.txt	00-no-arguments
parserClassDeclaration9.errors.txt	00-no-arguments
parserCommaInTypeMemberList2.errors.txt	03-identifier
parserComputedPropertyName1.errors.txt	05-other-single-token
parserComputedPropertyName10.errors.txt	03-identifier
parserComputedPropertyName11.errors.txt	03-identifier
parserComputedPropertyName12.errors.txt	03-identifier
parserComputedPropertyName13.errors.txt	03-identifier
parserComputedPropertyName14.errors.txt	03-identifier
parserComputedPropertyName15.errors.txt	03-identifier
parserComputedPropertyName16.errors.txt	00-no-arguments
parserComputedPropertyName17.errors.txt	03-identifier
parserComputedPropertyName18.errors.txt	03-identifier
parserComputedPropertyName19.errors.txt	03-identifier
parserComputedPropertyName2.errors.txt	03-identifier
parserComputedPropertyName20.errors.txt	03-identifier
parserComputedPropertyName21.errors.txt	03-identifier
parserComputedPropertyName22.errors.txt	03-identifier
parserComputedPropertyName23.errors.txt	03-identifier
parserComputedPropertyName24.errors.txt	03-identifier
parserComputedPropertyName25.errors.txt	03-identifier
parserComputedPropertyName26.errors.txt	03-identifier
parserComputedPropertyName27.errors.txt	05-other-single-token
parserComputedPropertyName28.errors.txt	10-tuple-or-index
parserComputedPropertyName29.errors.txt	10-tuple-or-index
parserComputedPropertyName3.errors.txt	03-identifier
parserComputedPropertyName30.errors.txt	03-identifier
parserComputedPropertyName31.errors.txt	10-tuple-or-index
parserComputedPropertyName32.errors.txt	03-identifier
parserComputedPropertyName33.errors.txt	05-other-single-token
parserComputedPropertyName34.errors.txt	03-identifier
parserComputedPropertyName35.errors.txt	00-no-arguments
parserComputedPropertyName36.errors.txt	10-tuple-or-index
parserComputedPropertyName37.errors.txt	03-identifier
parserComputedPropertyName38.errors.txt	03-identifier
parserComputedPropertyName39.errors.txt	03-identifier
parserComputedPropertyName4.errors.txt	03-identifier
parserComputedPropertyName40.errors.txt	03-identifier
parserComputedPropertyName41.errors.txt	00-no-arguments
parserComputedPropertyName5.errors.txt	03-identifier
parserComputedPropertyName6.errors.txt	03-identifier
parserComputedPropertyName7.errors.txt	03-identifier
parserComputedPropertyName8.errors.txt	03-identifier
parserComputedPropertyName9.errors.txt	03-identifier
parserConditionalExpression1.errors.txt	10-typeof
parserConstructorAmbiguity1.errors.txt	03-identifier
parserConstructorAmbiguity2.errors.txt	03-identifier
parserConstructorAmbiguity3.errors.txt	03-identifier
parserConstructorAmbiguity4.errors.txt	03-identifier
parserConstructorDeclaration10.errors.txt	00-no-arguments
parserConstructorDeclaration11.errors.txt	00-no-arguments
parserConstructorDeclaration12.errors.txt	00-no-arguments
parserConstructorDeclaration2.errors.txt	03-identifier
parserConstructorDeclaration3.errors.txt	03-identifier
parserConstructorDeclaration4.errors.txt	03-identifier
parserConstructorDeclaration6.errors.txt	00-no-arguments
parserConstructorDeclaration7.errors.txt	00-no-arguments
parserConstructorDeclaration8.errors.txt	05-other-single-token
parserConstructorDeclaration9.errors.txt	00-no-arguments
parserContinueStatement1.d.errors.txt	00-no-arguments
parserDebuggerStatement1.d.errors.txt	00-no-arguments
parserDoStatement1.d.errors.txt	03-identifier
parserES3Accessors1.errors.txt	00-no-arguments
parserES3Accessors3.errors.txt	00-no-arguments
parserES3Accessors4.errors.txt	03-identifier
parserES5ComputedPropertyName1(target=es2015).errors.txt	03-identifier
parserES5ComputedPropertyName10(target=es2015).errors.txt	03-identifier
parserES5ComputedPropertyName11(target=es2015).errors.txt	03-identifier
parserES5ComputedPropertyName2(target=es2015).errors.txt	03-identifier
parserES5ComputedPropertyName3(target=es2015).errors.txt	03-identifier
parserES5ComputedPropertyName4(target=es2015).errors.txt	03-identifier
parserES5ComputedPropertyName5(target=es2015).errors.txt	03-identifier
parserES5ComputedPropertyName6(target=es2015).errors.txt	00-no-arguments
parserES5ComputedPropertyName7(target=es2015).errors.txt	03-identifier
parserES5ComputedPropertyName8(target=es2015).errors.txt	03-identifier
parserES5ComputedPropertyName9(target=es2015).errors.txt	03-identifier
parserES5ForOfStatement1.d(target=es2015).errors.txt	03-identifier
parserES5ForOfStatement10(target=es2015).errors.txt	03-identifier
parserES5ForOfStatement11(target=es2015).errors.txt	03-identifier
parserES5ForOfStatement12(target=es2015).errors.txt	03-identifier
parserES5ForOfStatement13(target=es2015).errors.txt	03-identifier
parserES5ForOfStatement14(target=es2015).errors.txt	03-identifier
parserES5ForOfStatement15(target=es2015).errors.txt	03-identifier
parserES5ForOfStatement16(target=es2015).errors.txt	03-identifier
parserES5ForOfStatement2(target=es2015).errors.txt	00-no-arguments
parserES5ForOfStatement20(target=es2015).errors.txt	00-no-arguments
parserES5ForOfStatement21(target=es2015).errors.txt	00-no-arguments
parserES5ForOfStatement3(target=es2015).errors.txt	03-identifier
parserES5ForOfStatement4(target=es2015).errors.txt	03-identifier
parserES5ForOfStatement5(target=es2015).errors.txt	03-identifier
parserES5ForOfStatement6(target=es2015).errors.txt	03-identifier
parserES5ForOfStatement7(target=es2015).errors.txt	03-identifier
parserES5ForOfStatement8(target=es2015).errors.txt	03-identifier
parserES5ForOfStatement9(target=es2015).errors.txt	03-identifier
parserES5SymbolProperty4(target=es2015).errors.txt	03-identifier
parserES5SymbolProperty5(target=es2015).errors.txt	10-tuple-or-index
parserEmptyParenthesizedExpression1.errors.txt	00-no-arguments
parserEmptyStatement1.d.errors.txt	00-no-arguments
parserEnum4.errors.txt	00-no-arguments
parserEnum5.errors.txt	00-no-arguments
parserEnum7.errors.txt	00-no-arguments
parserEnumDeclaration2.errors.txt	00-no-arguments
parserEnumDeclaration3.d.errors.txt	00-no-arguments
parserEnumDeclaration4.errors.txt	01-keyword
parserEqualsGreaterThanAfterFunction1.errors.txt	05-other-single-token
parserEqualsGreaterThanAfterFunction2.errors.txt	05-other-single-token
parserErrantAccessibilityModifierInModule1.errors.txt	03-identifier
parserErrantEqualsGreaterThanAfterFunction1.errors.txt	03-identifier
parserErrantEqualsGreaterThanAfterFunction2.errors.txt	03-identifier
parserErrantSemicolonInClass1.errors.txt	00-no-arguments
parserErrorRecoveryArrayLiteralExpression1.errors.txt	05-other-single-token
parserErrorRecoveryArrayLiteralExpression2.errors.txt	05-other-single-token
parserErrorRecoveryArrayLiteralExpression3.errors.txt	05-other-single-token
parserErrorRecoveryIfStatement1.errors.txt	00-no-arguments
parserErrorRecoveryIfStatement2.errors.txt	05-other-single-token
parserErrorRecoveryIfStatement3.errors.txt	05-other-single-token
parserErrorRecoveryIfStatement4.errors.txt	03-identifier
parserErrorRecoveryIfStatement5.errors.txt	05-other-single-token
parserErrorRecoveryIfStatement6.errors.txt	03-identifier
parserErrorRecovery_ArgumentList1.errors.txt	03-identifier
parserErrorRecovery_ArgumentList2.errors.txt	05-other-single-token
parserErrorRecovery_ArgumentList3.errors.txt	03-identifier
parserErrorRecovery_ArgumentList4.errors.txt	05-other-single-token
parserErrorRecovery_ArgumentList6.errors.txt	05-other-single-token
parserErrorRecovery_ArgumentList7.errors.txt	05-other-single-token
parserErrorRecovery_Block1.errors.txt	00-no-arguments
parserErrorRecovery_Block2.errors.txt	00-no-arguments
parserErrorRecovery_Block3.errors.txt	00-no-arguments
parserErrorRecovery_ClassElement1.errors.txt	00-no-arguments
parserErrorRecovery_ClassElement2.errors.txt	00-no-arguments
parserErrorRecovery_ClassElement3.errors.txt	05-other-single-token
parserErrorRecovery_Expression1.errors.txt	00-no-arguments
parserErrorRecovery_ExtendsOrImplementsClause1.errors.txt	03-identifier
parserErrorRecovery_ExtendsOrImplementsClause2.errors.txt	03-identifier
parserErrorRecovery_ExtendsOrImplementsClause3.errors.txt	03-identifier
parserErrorRecovery_ExtendsOrImplementsClause4.errors.txt	03-identifier
parserErrorRecovery_ExtendsOrImplementsClause5.errors.txt	03-identifier
parserErrorRecovery_ExtendsOrImplementsClause6.errors.txt	03-identifier
parserErrorRecovery_IncompleteMemberVariable1.errors.txt	03-identifier
parserErrorRecovery_IncompleteMemberVariable2.errors.txt	03-identifier
parserErrorRecovery_LeftShift1.errors.txt	03-identifier
parserErrorRecovery_ModuleElement1.errors.txt	03-identifier
parserErrorRecovery_ModuleElement2.errors.txt	00-no-arguments
parserErrorRecovery_ObjectLiteral1.errors.txt	05-other-single-token
parserErrorRecovery_ObjectLiteral2.errors.txt	05-other-single-token
parserErrorRecovery_ObjectLiteral3.errors.txt	05-other-single-token
parserErrorRecovery_ObjectLiteral4.errors.txt	05-other-single-token
parserErrorRecovery_ObjectLiteral5.errors.txt	05-other-single-token
parserErrorRecovery_ParameterList1.errors.txt	05-other-single-token
parserErrorRecovery_ParameterList2.errors.txt	05-other-single-token
parserErrorRecovery_ParameterList4.errors.txt	03-identifier
parserErrorRecovery_ParameterList5.errors.txt	05-other-single-token
parserErrorRecovery_ParameterList6.errors.txt	03-identifier
parserErrorRecovery_SourceUnit1.errors.txt	00-no-arguments
parserErrorRecovery_SwitchStatement1.errors.txt	03-identifier
parserErrorRecovery_SwitchStatement2.errors.txt	05-other-single-token
parserErrorRecovery_VariableList1.errors.txt	00-no-arguments
parserExportAsFunctionIdentifier.errors.txt	03-identifier
parserExportAssignment1.errors.txt	03-identifier
parserExportAssignment2.errors.txt	03-identifier
parserExportAssignment3.errors.txt	00-no-arguments
parserExportAssignment4.errors.txt	00-no-arguments
parserExportAssignment5.errors.txt	03-identifier
parserExportAssignment6.errors.txt	03-identifier
parserExportAssignment7.errors.txt	03-identifier
parserExportAssignment8.errors.txt	03-identifier
parserExportAssignment9.errors.txt	03-identifier
parserExpressionStatement1.d.errors.txt	03-identifier
parserForInStatement1.d.errors.txt	03-identifier
parserForInStatement2.errors.txt	03-identifier
parserForInStatement3.errors.txt	03-identifier
parserForInStatement4.errors.txt	03-identifier
parserForInStatement5.errors.txt	03-identifier
parserForInStatement6.errors.txt	03-identifier
parserForInStatement7.errors.txt	03-identifier
parserForInStatement8(target=es2015).errors.txt	03-identifier
parserForOfStatement1.d.errors.txt	03-identifier
parserForOfStatement10.errors.txt	03-identifier
parserForOfStatement11.errors.txt	03-identifier
parserForOfStatement12.errors.txt	03-identifier
parserForOfStatement13.errors.txt	03-identifier
parserForOfStatement14.errors.txt	03-identifier
parserForOfStatement15.errors.txt	03-identifier
parserForOfStatement16.errors.txt	03-identifier
parserForOfStatement2.errors.txt	00-no-arguments
parserForOfStatement20.errors.txt	00-no-arguments
parserForOfStatement21.errors.txt	00-no-arguments
parserForOfStatement22.errors.txt	00-no-arguments
parserForOfStatement3.errors.txt	03-identifier
parserForOfStatement4.errors.txt	03-identifier
parserForOfStatement5.errors.txt	03-identifier
parserForOfStatement6.errors.txt	03-identifier
parserForOfStatement7.errors.txt	03-identifier
parserForOfStatement8.errors.txt	03-identifier
parserForOfStatement9.errors.txt	03-identifier
parserForStatement1.d.errors.txt	00-no-arguments
parserForStatement2.errors.txt	03-identifier
parserForStatement3.errors.txt	03-identifier
parserForStatement4.errors.txt	03-identifier
parserForStatement5.errors.txt	03-identifier
parserForStatement6.errors.txt	03-identifier
parserForStatement7.errors.txt	03-identifier
parserForStatement8.errors.txt	03-identifier
parserFunctionDeclaration1.d.errors.txt	03-identifier
parserFunctionDeclaration1.errors.txt	00-no-arguments
parserFunctionDeclaration2.d.errors.txt	00-no-arguments
parserFunctionDeclaration2.errors.txt	00-no-arguments
parserFunctionDeclaration3.errors.txt	03-identifier
parserFunctionDeclaration4.errors.txt	03-identifier
parserFunctionDeclaration6.errors.txt	03-identifier
parserFunctionDeclaration7.errors.txt	00-no-arguments
parserFuzz1.errors.txt	10-object
parserGenericConstraint2.errors.txt	03-identifier
parserGenericConstraint3.errors.txt	03-identifier
parserGenericConstraint4.errors.txt	03-identifier
parserGenericConstraint5.errors.txt	03-identifier
parserGenericConstraint6.errors.txt	03-identifier
parserGenericConstraint7.errors.txt	03-identifier
parserGenericsInInterfaceDeclaration1.errors.txt	03-identifier
parserGenericsInTypeContexts1.errors.txt	03-identifier
parserGenericsInTypeContexts2.errors.txt	03-identifier
parserGenericsInVariableDeclaration1.errors.txt	03-identifier
parserGetAccessorWithTypeParameters1(target=es2015).errors.txt	00-no-arguments
parserGreaterThanTokenAmbiguity11.errors.txt	00-no-arguments
parserGreaterThanTokenAmbiguity12.errors.txt	00-no-arguments
parserGreaterThanTokenAmbiguity13.errors.txt	00-no-arguments
parserGreaterThanTokenAmbiguity14.errors.txt	00-no-arguments
parserGreaterThanTokenAmbiguity15.errors.txt	00-no-arguments
parserGreaterThanTokenAmbiguity16.errors.txt	00-no-arguments
parserGreaterThanTokenAmbiguity17.errors.txt	00-no-arguments
parserGreaterThanTokenAmbiguity18.errors.txt	00-no-arguments
parserGreaterThanTokenAmbiguity19.errors.txt	00-no-arguments
parserGreaterThanTokenAmbiguity2.errors.txt	05-other-single-token
parserGreaterThanTokenAmbiguity20.errors.txt	00-no-arguments
parserGreaterThanTokenAmbiguity3.errors.txt	05-other-single-token
parserGreaterThanTokenAmbiguity4.errors.txt	05-other-single-token
parserGreaterThanTokenAmbiguity7.errors.txt	00-no-arguments
parserGreaterThanTokenAmbiguity8.errors.txt	00-no-arguments
parserGreaterThanTokenAmbiguity9.errors.txt	00-no-arguments
parserIfStatement1.d.errors.txt	03-identifier
parserIfStatement2.errors.txt	03-identifier
parserImportDeclaration1.errors.txt	03-identifier
parserIndexMemberDeclaration10.errors.txt	00-no-arguments
parserIndexMemberDeclaration2.errors.txt	03-identifier
parserIndexMemberDeclaration3.errors.txt	03-identifier
parserIndexMemberDeclaration4.errors.txt	03-identifier
parserIndexMemberDeclaration5.errors.txt	05-other-single-token
parserIndexMemberDeclaration7.errors.txt	03-identifier
parserIndexMemberDeclaration8.errors.txt	03-identifier
parserIndexMemberDeclaration9.errors.txt	03-identifier
parserIndexSignature1.errors.txt	00-no-arguments
parserIndexSignature10.errors.txt	00-no-arguments
parserIndexSignature11.errors.txt	03-identifier
parserIndexSignature2.errors.txt	00-no-arguments
parserIndexSignature3.errors.txt	00-no-arguments
parserIndexSignature4.errors.txt	03-identifier
parserIndexSignature5.errors.txt	03-identifier
parserIndexSignature6.errors.txt	00-no-arguments
parserIndexSignature7.errors.txt	00-no-arguments
parserIndexSignature8.errors.txt	00-no-arguments
parserIndexSignature9.errors.txt	00-no-arguments
parserInterfaceDeclaration1.errors.txt	03-identifier
parserInterfaceDeclaration2.errors.txt	00-no-arguments
parserInterfaceDeclaration3.errors.txt	03-identifier
parserInterfaceDeclaration4.errors.txt	03-identifier
parserInterfaceDeclaration6.errors.txt	03-identifier
parserInterfaceDeclaration8.errors.txt	01-keyword
parserInvalidIdentifiersInVariableStatements1.errors.txt	10-object
parserInvocationOfMemberAccessOffOfObjectCreationExpression1.errors.txt	03-identifier
parserKeywordsAsIdentifierName2.errors.txt	03-identifier
parserLabeledStatement1.d.errors.txt	03-identifier
parserMemberAccessAfterPostfixExpression1.errors.txt	05-other-single-token
parserMemberAccessExpression1.errors.txt	03-identifier
parserMemberAccessOffOfGenericType1.errors.txt	03-identifier
parserMemberAccessor1(target=es2015).errors.txt	00-no-arguments
parserMemberAccessorDeclaration1(target=es2015).errors.txt	00-no-arguments
parserMemberAccessorDeclaration10(target=es2015).errors.txt	03-identifier
parserMemberAccessorDeclaration11(target=es2015).errors.txt	03-identifier
parserMemberAccessorDeclaration12(target=es2015).errors.txt	00-no-arguments
parserMemberAccessorDeclaration13(target=es2015).errors.txt	00-no-arguments
parserMemberAccessorDeclaration14(target=es2015).errors.txt	00-no-arguments
parserMemberAccessorDeclaration15(target=es2015).errors.txt	00-no-arguments
parserMemberAccessorDeclaration16(target=es2015).errors.txt	00-no-arguments
parserMemberAccessorDeclaration17(target=es2015).errors.txt	00-no-arguments
parserMemberAccessorDeclaration18(target=es2015).errors.txt	00-no-arguments
parserMemberAccessorDeclaration2(target=es2015).errors.txt	00-no-arguments
parserMemberAccessorDeclaration3(target=es2015).errors.txt	00-no-arguments
parserMemberAccessorDeclaration7(target=es2015).errors.txt	00-no-arguments
parserMemberAccessorDeclaration8(target=es2015).errors.txt	00-no-arguments
parserMemberAccessorDeclaration9(target=es2015).errors.txt	03-identifier
parserMemberFunctionDeclaration1.errors.txt	00-no-arguments
parserMemberFunctionDeclaration2.errors.txt	00-no-arguments
parserMemberFunctionDeclaration3.errors.txt	03-identifier
parserMemberFunctionDeclaration4.errors.txt	03-identifier
parserMemberFunctionDeclaration5.errors.txt	03-identifier
parserMemberFunctionDeclarationAmbiguities1.errors.txt	00-no-arguments
parserMemberVariableDeclaration1.errors.txt	00-no-arguments
parserMemberVariableDeclaration2.errors.txt	00-no-arguments
parserMemberVariableDeclaration3.errors.txt	03-identifier
parserMemberVariableDeclaration4.errors.txt	03-identifier
parserMissingLambdaOpenBrace1.errors.txt	10-object
parserMissingToken1.errors.txt	10-object
parserMissingToken2.errors.txt	00-no-arguments
parserModifierOnPropertySignature1.errors.txt	03-identifier
parserModifierOnStatementInBlock1.errors.txt	00-no-arguments
parserModifierOnStatementInBlock2.errors.txt	00-no-arguments
parserModifierOnStatementInBlock3.errors.txt	00-no-arguments
parserModifierOnStatementInBlock4.errors.txt	00-no-arguments
parserModule1.errors.txt	03-identifier
parserModuleDeclaration1.d.errors.txt	00-no-arguments
parserModuleDeclaration1.errors.txt	00-no-arguments
parserModuleDeclaration10.errors.txt	00-no-arguments
parserModuleDeclaration2.d.errors.txt	00-no-arguments
parserModuleDeclaration3.errors.txt	00-no-arguments
parserModuleDeclaration4.d.errors.txt	00-no-arguments
parserModuleDeclaration5.errors.txt	00-no-arguments
parserNoASIOnCallAfterFunctionExpression1.errors.txt	03-identifier
parserNotRegex1.errors.txt	03-identifier
parserObjectCreation1.errors.txt	10-array
parserObjectCreation2.errors.txt	03-identifier
parserObjectCreationArrayLiteral1.errors.txt	03-identifier
parserObjectCreationArrayLiteral2.errors.txt	03-identifier
parserObjectCreationArrayLiteral3.errors.txt	03-identifier
parserObjectCreationArrayLiteral4.errors.txt	03-identifier
parserObjectType5.errors.txt	05-other-single-token
parserObjectType6.errors.txt	03-identifier
parserParameterList1.errors.txt	00-no-arguments
parserParameterList10.errors.txt	00-no-arguments
parserParameterList11.errors.txt	03-identifier
parserParameterList13.errors.txt	00-no-arguments
parserParameterList14.errors.txt	00-no-arguments
parserParameterList15.errors.txt	00-no-arguments
parserParameterList16.errors.txt	00-no-arguments
parserParameterList17.errors.txt	00-no-arguments
parserParameterList2.errors.txt	00-no-arguments
parserParameterList3.errors.txt	00-no-arguments
parserParameterList4.errors.txt	00-no-arguments
parserParameterList5.errors.txt	03-identifier
parserParameterList6.errors.txt	00-no-arguments
parserParameterList7.errors.txt	00-no-arguments
parserParameterList8.errors.txt	00-no-arguments
parserParameterList9.errors.txt	00-no-arguments
parserPostfixPostfixExpression1.errors.txt	05-other-single-token
parserPostfixUnaryExpression1.errors.txt	05-other-single-token
parserPrivateIdentifierInArrayAssignment.errors.txt	00-no-arguments
parserPublicBreak1.errors.txt	00-no-arguments
parserRealSource1.errors.txt	04-qualified-name
parserRealSource10.errors.txt	04-qualified-name
parserRealSource11.errors.txt	04-qualified-name
parserRealSource12.errors.txt	04-qualified-name
parserRealSource13.errors.txt	10-typeof
parserRealSource14.errors.txt	10-typeof
parserRealSource2.errors.txt	04-qualified-name
parserRealSource3.errors.txt	04-qualified-name
parserRealSource4.errors.txt	04-qualified-name
parserRealSource5.errors.txt	04-qualified-name
parserRealSource6.errors.txt	10-typeof
parserRealSource7.errors.txt	04-qualified-name
parserRealSource8.errors.txt	10-typeof
parserRealSource9.errors.txt	04-qualified-name
parserRegularExpression2.errors.txt	03-identifier
parserRegularExpression3.errors.txt	03-identifier
parserRegularExpression4.errors.txt	03-identifier
parserRegularExpression5.errors.txt	03-identifier
parserRegularExpressionDivideAmbiguity1.errors.txt	03-identifier
parserRegularExpressionDivideAmbiguity2.errors.txt	03-identifier
parserRegularExpressionDivideAmbiguity3.errors.txt	03-identifier
parserRegularExpressionDivideAmbiguity4.errors.txt	03-identifier
parserRegularExpressionDivideAmbiguity5.errors.txt	03-identifier
parserRegularExpressionDivideAmbiguity7.errors.txt	05-other-single-token
parserReturnStatement1.d.errors.txt	00-no-arguments
parserReturnStatement1.errors.txt	00-no-arguments
parserReturnStatement2.errors.txt	00-no-arguments
parserS12.11_A3_T4.errors.txt	00-no-arguments
parserS7.2_A1.5_T2.errors.txt	03-identifier
parserS7.3_A1.1_T2.errors.txt	03-identifier
parserS7.6_A4.2_T1.errors.txt	03-identifier
parserS7.9_A5.7_T1.errors.txt	00-no-arguments
parserSetAccessorWithTypeAnnotation1(target=es2015).errors.txt	00-no-arguments
parserSetAccessorWithTypeParameters1(target=es2015).errors.txt	00-no-arguments
parserShorthandPropertyAssignment1.errors.txt	00-no-arguments
parserShorthandPropertyAssignment2.errors.txt	05-other-single-token
parserShorthandPropertyAssignment3.errors.txt	05-other-single-token
parserShorthandPropertyAssignment4.errors.txt	05-other-single-token
parserShorthandPropertyAssignment5.errors.txt	00-no-arguments
parserSkippedTokens1.errors.txt	00-no-arguments
parserSkippedTokens10.errors.txt	00-no-arguments
parserSkippedTokens11.errors.txt	00-no-arguments
parserSkippedTokens12.errors.txt	00-no-arguments
parserSkippedTokens13.errors.txt	00-no-arguments
parserSkippedTokens14.errors.txt	00-no-arguments
parserSkippedTokens15.errors.txt	00-no-arguments
parserSkippedTokens16.errors.txt	05-other-single-token
parserSkippedTokens17.errors.txt	05-other-single-token
parserSkippedTokens18.errors.txt	05-other-single-token
parserSkippedTokens19.errors.txt	03-identifier
parserSkippedTokens2.errors.txt	00-no-arguments
parserSkippedTokens20.errors.txt	03-identifier
parserSkippedTokens3.errors.txt	00-no-arguments
parserSkippedTokens4.errors.txt	00-no-arguments
parserSkippedTokens5.errors.txt	00-no-arguments
parserSkippedTokens6.errors.txt	00-no-arguments
parserSkippedTokens7.errors.txt	00-no-arguments
parserSkippedTokens8.errors.txt	00-no-arguments
parserSkippedTokens9.errors.txt	00-no-arguments
parserStatementIsNotAMemberVariableDeclaration1(alwaysstrict=true).errors.txt	03-identifier
parserStrictMode1.errors.txt	03-identifier
parserStrictMode10.errors.txt	03-identifier
parserStrictMode11.errors.txt	03-identifier
parserStrictMode12(target=es2015).errors.txt	03-identifier
parserStrictMode13.errors.txt	03-identifier
parserStrictMode14.errors.txt	03-identifier
parserStrictMode15-negative.errors.txt	03-identifier
parserStrictMode15.errors.txt	03-identifier
parserStrictMode16.errors.txt	00-no-arguments
parserStrictMode2.errors.txt	03-identifier
parserStrictMode3-negative.errors.txt	03-identifier
parserStrictMode3.errors.txt	03-identifier
parserStrictMode4.errors.txt	03-identifier
parserStrictMode5.errors.txt	03-identifier
parserStrictMode6-negative.errors.txt	03-identifier
parserStrictMode6.errors.txt	03-identifier
parserStrictMode7.errors.txt	03-identifier
parserStrictMode8.errors.txt	03-identifier
parserStrictMode9.errors.txt	03-identifier
parserSuperExpression1.errors.txt	00-no-arguments
parserSuperExpression2.errors.txt	00-no-arguments
parserSuperExpression3.errors.txt	03-identifier
parserSuperExpression4.errors.txt	00-no-arguments
parserSwitchStatement1.d.errors.txt	03-identifier
parserSymbolIndexer5.errors.txt	05-other-single-token
parserSymbolProperty5.errors.txt	10-tuple-or-index
parserTernaryAndCommaOperators1.errors.txt	03-identifier
parserThrowStatement1.d.errors.txt	03-identifier
parserTryStatement1.d.errors.txt	00-no-arguments
parserTypeAssertionInObjectCreationExpression1.errors.txt	03-identifier
parserTypeQuery1.errors.txt	03-identifier
parserTypeQuery2.errors.txt	03-identifier
parserTypeQuery3.errors.txt	03-identifier
parserTypeQuery4.errors.txt	03-identifier
parserTypeQuery5.errors.txt	03-identifier
parserTypeQuery6.errors.txt	03-identifier
parserTypeQuery7.errors.txt	03-identifier
parserTypeQuery8.errors.txt	03-identifier
parserTypeQuery9.errors.txt	03-identifier
parserUnaryExpression1.errors.txt	00-no-arguments
parserUnaryExpression2.errors.txt	03-identifier
parserUnaryExpression3.errors.txt	00-no-arguments
parserUnaryExpression4.errors.txt	00-no-arguments
parserUnaryExpression5.errors.txt	03-identifier
parserUnaryExpression7.errors.txt	03-identifier
parserUnfinishedTypeNameBeforeKeyword1.errors.txt	03-identifier
parserUnicode1.errors.txt	05-other-single-token
parserUnparsedTokenCrash1.errors.txt	05-other-single-token
parserUnparsedTokenCrash2.errors.txt	05-other-single-token
parserUnterminatedGeneric1.errors.txt	05-other-single-token
parserUnterminatedGeneric2.errors.txt	10-function
parserUsingConstructorAsIdentifier.errors.txt	03-identifier
parserVariableDeclaration1.errors.txt	03-identifier
parserVariableDeclaration10.errors.txt	00-no-arguments
parserVariableDeclaration2.errors.txt	03-identifier
parserVariableDeclaration3.errors.txt	03-identifier
parserVariableDeclaration4.d.errors.txt	03-identifier
parserVariableDeclaration4.errors.txt	00-no-arguments
parserVariableDeclaration5.errors.txt	00-no-arguments
parserVariableDeclaration6.errors.txt	00-no-arguments
parserVariableDeclaration8.errors.txt	00-no-arguments
parserVariableStatement1.d.errors.txt	00-no-arguments
parserVariableStatement2.d.errors.txt	03-identifier
parserWhileStatement1.d.errors.txt	03-identifier
parserWithStatement1.d.errors.txt	03-identifier
parserWithStatement2.errors.txt	00-no-arguments
parserX_ArrowFunction1.errors.txt	00-no-arguments
parserX_ArrowFunction3.errors.txt	05-other-single-token
parserX_TypeArgumentList1.errors.txt	03-identifier
parser_breakInIterationOrSwitchStatement4.errors.txt	03-identifier
parser_breakNotInIterationOrSwitchStatement1.errors.txt	00-no-arguments
parser_breakNotInIterationOrSwitchStatement2.errors.txt	00-no-arguments
parser_breakTarget5.errors.txt	00-no-arguments
parser_breakTarget6.errors.txt	00-no-arguments
parser_continueInIterationStatement4.errors.txt	03-identifier
parser_continueNotInIterationStatement1.errors.txt	00-no-arguments
parser_continueNotInIterationStatement2.errors.txt	00-no-arguments
parser_continueNotInIterationStatement3.errors.txt	00-no-arguments
parser_continueNotInIterationStatement4.errors.txt	00-no-arguments
parser_continueTarget1.errors.txt	00-no-arguments
parser_continueTarget5.errors.txt	00-no-arguments
parser_continueTarget6.errors.txt	00-no-arguments
parser_duplicateLabel1.errors.txt	03-identifier
parser_duplicateLabel2.errors.txt	03-identifier
parserharness.errors.txt	10-union
parserindenter.errors.txt	04-qualified-name
parservoidInQualifiedName1.errors.txt	05-other-single-token
parservoidInQualifiedName2.errors.txt	03-identifier
partialDiscriminatedUnionMemberHasGoodError.errors.txt	10-object
partiallyAnnotatedFunctionInferenceError.errors.txt	10-function
partiallyAnnotatedFunctionInferenceWithTypeParameter.errors.txt	10-function
partiallyDiscriminantedUnions.errors.txt	03-identifier
pathMappingBasedModuleResolution1_node.errors.txt	00-no-arguments
pathsValidation5.errors.txt	03-identifier
plainJSBinderErrors.errors.txt	03-identifier
plainJSGrammarErrors.errors.txt	10-object
plainJSGrammarErrors3.errors.txt	00-no-arguments
plainJSGrammarErrors4.errors.txt	05-other-single-token
plainJSRedeclare.errors.txt	03-identifier
plainJSRedeclare2.errors.txt	05-other-single-token
plainJSReservedStrict.errors.txt	03-identifier
plainJSTypeErrors.errors.txt	01-keyword
plusOperatorInvalidOperations.errors.txt	00-no-arguments
plusOperatorWithAnyOtherType.errors.txt	05-other-single-token
plusOperatorWithBooleanType.errors.txt	00-no-arguments
plusOperatorWithEnumType.errors.txt	00-no-arguments
plusOperatorWithNumberType.errors.txt	00-no-arguments
plusOperatorWithStringType.errors.txt	00-no-arguments
potentiallyUncalledDecorators.errors.txt	10-union
predicateSemantics.errors.txt	00-no-arguments
prettyContextNotDebugAssertion.errors.txt	10-object
prettyFileWithErrorsAndTabs.errors.txt	00-no-arguments
primaryExpressionMods.errors.txt	03-identifier
primitiveConstraints1.errors.txt	01-keyword
primitiveConstraints2.errors.txt	03-identifier
primitiveMembers.errors.txt	03-identifier
primitiveTypeAsClassName.errors.txt	01-keyword
primitiveTypeAsInterfaceName.errors.txt	01-keyword
primitiveTypeAsInterfaceNameGeneric.errors.txt	01-keyword
primitiveTypeAssignment.errors.txt	01-keyword
privacyAccessorDeclFile(target=es2015).errors.txt	03-identifier
privacyCheckAnonymousFunctionParameter.errors.txt	10-generic
privacyCheckExportAssignmentOnExportedGenericInterface1.errors.txt	03-identifier
privacyClassExtendsClauseDeclFile.errors.txt	03-identifier
privacyFunctionReturnTypeDeclFile.errors.txt	03-identifier
privacyGloImportParseErrors.errors.txt	03-identifier
privacyGloVar.errors.txt	03-identifier
privacyImportParseErrors.errors.txt	03-identifier
privacyTopLevelAmbientExternalModuleImportWithExport.errors.txt	03-identifier
privacyTopLevelAmbientExternalModuleImportWithoutExport.errors.txt	03-identifier
privacyVar.errors.txt	03-identifier
privacyVarDeclFile.errors.txt	03-identifier
privateAccessInSubclass1.errors.txt	03-identifier
privateClassPropertyAccessibleWithinNestedClass(target=es2015).errors.txt	03-identifier
privateConstructorFunction.errors.txt	00-no-arguments
privateFieldAssignabilityFromUnknown(target=es2015).errors.txt	03-identifier
privateFieldsInClassExpressionDeclaration.errors.txt	05-other-single-token
privateIdentifierChain.1.errors.txt	00-no-arguments
privateIdentifierPropertyAccessDestructuringAssignmentES6.errors.txt	05-other-single-token
privateIndexer.errors.txt	03-identifier
privateIndexer2.errors.txt	05-other-single-token
privateInstanceMemberAccessibility(target=es2015).errors.txt	03-identifier
privateInstanceVisibility.errors.txt	03-identifier
privateInterfaceProperties.errors.txt	03-identifier
privateNameAccessors.errors.txt	05-other-single-token
privateNameAccessorsAccess.errors.txt	05-other-single-token
privateNameAccessorssDerivedClasses.errors.txt	05-other-single-token
privateNameAmbientNoImplicitAny.errors.txt	05-other-single-token
privateNameAndAny.errors.txt	05-other-single-token
privateNameAndIndexSignature.errors.txt	10-tuple-or-index
privateNameAndObjectRestSpread.errors.txt	10-object
privateNameAndPropertySignature.errors.txt	00-no-arguments
privateNameBadAssignment.errors.txt	10-typeof
privateNameBadDeclaration(target=es2015).errors.txt	05-other-single-token
privateNameBadSuper.errors.txt	00-no-arguments
privateNameBadSuperUseDefineForClassFields(target=es2022).errors.txt	00-no-arguments
privateNameBadSuperUseDefineForClassFields(target=esnext).errors.txt	00-no-arguments
privateNameCircularReference.errors.txt	10-tuple-or-index
privateNameComputedPropertyName2(target=es2015).errors.txt	03-identifier
privateNameComputedPropertyName2(target=es2022).errors.txt	03-identifier
privateNameComputedPropertyName2(target=esnext).errors.txt	03-identifier
privateNameConstructorReserved.errors.txt	00-no-arguments
privateNameDeclaration.errors.txt	05-other-single-token
privateNameDeclarationMerging.errors.txt	05-other-single-token
privateNameDuplicateField.errors.txt	05-other-single-token
privateNameEmitHelpers.errors.txt	03-identifier
privateNameEnum.errors.txt	00-no-arguments
privateNameFieldDerivedClasses.errors.txt	05-other-single-token
privateNameFieldsESNext(target=es2022).errors.txt	01-keyword
privateNameFieldsESNext(target=esnext).errors.txt	01-keyword
privateNameHashCharName.errors.txt	00-no-arguments
privateNameImplicitDeclaration.errors.txt	05-other-single-token
privateNameInInExpression(target=es2022).errors.txt	05-other-single-token
privateNameInInExpression(target=esnext).errors.txt	05-other-single-token
privateNameInInExpressionTransform(target=es2020).errors.txt	10-union
privateNameInInExpressionTransform(target=es2022).errors.txt	10-union
privateNameInInExpressionTransform(target=esnext).errors.txt	10-union
privateNameInInExpressionUnused(target=es2022).errors.txt	05-other-single-token
privateNameInInExpressionUnused(target=esnext).errors.txt	05-other-single-token
privateNameInObjectLiteral-1.errors.txt	00-no-arguments
privateNameInObjectLiteral-2.errors.txt	00-no-arguments
privateNameInObjectLiteral-3(target=es2015).errors.txt	00-no-arguments
privateNameInTypeQuery.errors.txt	10-typeof
privateNameJsBadAssignment.errors.txt	10-typeof
privateNameJsBadDeclaration(target=es2015).errors.txt	05-other-single-token
privateNameJsx.errors.txt	03-identifier
privateNameMethod.errors.txt	02-literal
privateNameMethodAccess.errors.txt	05-other-single-token
privateNameMethodAssignment.errors.txt	05-other-single-token
privateNameMethodClassExpression.errors.txt	05-other-single-token
privateNameMethodsDerivedClasses.errors.txt	05-other-single-token
privateNameNestedClassAccessorsShadowing.errors.txt	05-other-single-token
privateNameNestedClassFieldShadowing.errors.txt	05-other-single-token
privateNameNestedClassMethodShadowing.errors.txt	05-other-single-token
privateNameNestedClassNameConflict.errors.txt	05-other-single-token
privateNameNestedMethodAccess.errors.txt	05-other-single-token
privateNameNotAccessibleOutsideDefiningClass.errors.txt	05-other-single-token
privateNameNotAllowedOutsideClass.errors.txt	00-no-arguments
privateNameReadonly.errors.txt	10-function
privateNameSetterNoGetter.errors.txt	00-no-arguments
privateNameStaticAccessors.errors.txt	05-other-single-token
privateNameStaticAccessorsAccess.errors.txt	05-other-single-token
privateNameStaticAccessorssDerivedClasses.errors.txt	10-typeof
privateNameStaticEmitHelpers.errors.txt	03-identifier
privateNameStaticFieldAccess.errors.txt	05-other-single-token
privateNameStaticFieldDerivedClasses.errors.txt	05-other-single-token
privateNameStaticMethod.errors.txt	02-literal
privateNameStaticMethodAssignment.errors.txt	05-other-single-token
privateNameStaticMethodAsync.errors.txt	03-identifier
privateNameStaticMethodClassExpression.errors.txt	05-other-single-token
privateNameUncheckedJsOptionalChain.errors.txt	00-no-arguments
privateNameUnused.errors.txt	05-other-single-token
privateNameWeakMapCollision.errors.txt	03-identifier
privateNamesAndDecorators.errors.txt	00-no-arguments
privateNamesAndGenericClasses-2.errors.txt	10-generic
privateNamesAndIndexedAccess.errors.txt	05-other-single-token
privateNamesAndMethods(target=es2022).errors.txt	05-other-single-token
privateNamesAndMethods(target=esnext).errors.txt	05-other-single-token
privateNamesAndStaticFields.errors.txt	10-typeof
privateNamesAndkeyof.errors.txt	10-keyof
privateNamesConstructorChain-1.errors.txt	10-typeof
privateNamesConstructorChain-2.errors.txt	10-typeof
privateNamesInGenericClasses.errors.txt	10-generic
privateNamesInNestedClasses-1.errors.txt	05-other-single-token
privateNamesInNestedClasses-2.errors.txt	10-typeof
privateNamesIncompatibleModifiers.errors.txt	05-other-single-token
privateNamesIncompatibleModifiersJs.errors.txt	00-no-arguments
privateNamesInterfaceExtendingClass.errors.txt	05-other-single-token
privateNamesNoDelete.errors.txt	00-no-arguments
privateNamesNotAllowedAsParameters.errors.txt	00-no-arguments
privateNamesNotAllowedInVariableDeclarations.errors.txt	00-no-arguments
privateNamesUnique-1.errors.txt	05-other-single-token
privateNamesUnique-2.errors.txt	05-other-single-token
privateNamesUnique-3.errors.txt	05-other-single-token
privateNamesUnique-4.errors.txt	05-other-single-token
privateNamesUnique-5.errors.txt	05-other-single-token
privateNamesUseBeforeDef.errors.txt	05-other-single-token
privateProtectedMembersAreNotAccessibleDestructuring.errors.txt	03-identifier
privateStaticMemberAccessibility.errors.txt	03-identifier
privateStaticNotAccessibleInClodule.errors.txt	03-identifier
privateStaticNotAccessibleInClodule2.errors.txt	03-identifier
privateVisibility.errors.txt	03-identifier
privateWriteOnlyAccessorRead.errors.txt	00-no-arguments
processingDiagnostic.errors.txt	05-other-single-token
promiseChaining1.errors.txt	03-identifier
promiseChaining2.errors.txt	03-identifier
promiseDefinitionTest(target=es2015).errors.txt	03-identifier
promiseEmptyTupleNoException.errors.txt	10-array
promiseIdentity.errors.txt	10-generic
promiseIdentity2.errors.txt	10-generic
promiseIdentityWithAny.errors.txt	10-generic
promiseIdentityWithAny2.errors.txt	10-generic
promiseIdentityWithConstraints.errors.txt	10-generic
promisePermutations.errors.txt	10-object
promisePermutations2.errors.txt	10-object
promisePermutations3.errors.txt	10-object
promiseTest.errors.txt	10-generic
promisesWithConstraints.errors.txt	10-generic
propagationOfPromiseInitialization.errors.txt	03-identifier
propertiesAndIndexers.errors.txt	10-function
propertiesAndIndexers2.errors.txt	10-function
propertiesAndIndexersForNumericNames.errors.txt	02-literal
propertiesOfGenericConstructorFunctions.errors.txt	10-object
propertyAccess.errors.txt	10-union
propertyAccess1.errors.txt	10-object
propertyAccess2.errors.txt	03-identifier
propertyAccess3.errors.txt	03-identifier
propertyAccess4.errors.txt	01-keyword
propertyAccess5.errors.txt	01-keyword
propertyAccessChain.3.errors.txt	00-no-arguments
propertyAccessNumericLiterals.errors.txt	05-other-single-token
propertyAccessOfReadonlyIndexSignature.errors.txt	03-identifier
propertyAccessOnTypeParameterWithConstraints4.errors.txt	03-identifier
propertyAccessOnTypeParameterWithConstraints5.errors.txt	03-identifier
propertyAccessStringIndexSignature(noimplicitany=false).errors.txt	03-identifier
propertyAccessStringIndexSignature(noimplicitany=true).errors.txt	06-other-text
propertyAccessWidening.errors.txt	10-object
propertyAccessibility1.errors.txt	03-identifier
propertyAccessibility2.errors.txt	03-identifier
propertyAndAccessorWithSameName.errors.txt	03-identifier
propertyAndFunctionWithSameName.errors.txt	03-identifier
propertyAssignment.errors.txt	10-object
propertyAssignmentOnUnresolvedImportedSymbol.errors.txt	03-identifier
propertyAssignmentUseParentType2.errors.txt	10-object
propertyIdentityWithPrivacyMismatch.errors.txt	03-identifier
propertyNamedConstructor.errors.txt	00-no-arguments
propertyNamedPrototype.errors.txt	03-identifier
propertyNamesWithStringLiteral.errors.txt	03-identifier
propertyOrdering.errors.txt	03-identifier
propertyOrdering2.errors.txt	03-identifier
propertyOverridesAccessors.errors.txt	03-identifier
propertyOverridesAccessors2.errors.txt	03-identifier
propertyOverridesAccessors3.errors.txt	03-identifier
propertyOverridesAccessors4(target=es2015).errors.txt	03-identifier
propertyOverridesAccessors5.errors.txt	03-identifier
propertyOverridesAccessors6.errors.txt	03-identifier
propertyOverridingPrototype.errors.txt	03-identifier
propertyParameterWithQuestionMark.errors.txt	10-object
propertySignatures.errors.txt	03-identifier
propertyWrappedInTry.errors.txt	05-other-single-token
protectedAccessThroughContextualThis.errors.txt	03-identifier
protectedClassPropertyAccessibleWithinNestedClass(target=es2015).errors.txt	03-identifier
protectedClassPropertyAccessibleWithinNestedSubclass(target=es2015).errors.txt	03-identifier
protectedClassPropertyAccessibleWithinNestedSubclass1.errors.txt	03-identifier
protectedClassPropertyAccessibleWithinSubclass(target=es2015).errors.txt	03-identifier
protectedClassPropertyAccessibleWithinSubclass2.errors.txt	03-identifier
protectedClassPropertyAccessibleWithinSubclass3(target=es2015).errors.txt	03-identifier
protectedInstanceMemberAccessibility(target=es2015).errors.txt	03-identifier
protectedMembers.errors.txt	03-identifier
protectedMembersThisParameter.errors.txt	03-identifier
protectedStaticClassPropertyAccessibleWithinSubclass.errors.txt	03-identifier
protectedStaticNotAccessibleInClodule.errors.txt	03-identifier
protoAssignment.errors.txt	03-identifier
prototypeInstantiatedWithBaseConstraint.errors.txt	03-identifier
prototypePropertyAssignmentMergeAcrossFiles.errors.txt	00-no-arguments
prototypePropertyAssignmentMergeAcrossFiles2.errors.txt	03-identifier
prototypePropertyAssignmentMergeWithInterfaceMethod.errors.txt	03-identifier
prototypePropertyAssignmentMergedTypeReference.errors.txt	10-function
prototypes.errors.txt	03-identifier
publicGetterProtectedSetterFromThisParameter(target=es2015).errors.txt	03-identifier
publicIndexer.errors.txt	03-identifier
publicMemberImplementedAsPrivateInDerivedClass.errors.txt	03-identifier
pushTypeGetTypeOfAlias.errors.txt	10-function
qualifiedModuleLocals.errors.txt	10-typeof
qualifiedName_entity-name-resolution-does-not-affect-class-heritage.errors.txt	01-keyword
qualify.errors.txt	10-object
quickIntersectionCheckCorrectlyCachesErrors.errors.txt	10-object
quickinfoTypeAtReturnPositionsInaccurate.errors.txt	10-generic
quotedModuleNameMustBeAmbient.errors.txt	00-no-arguments
raiseErrorOnParameterProperty.errors.txt	03-identifier
reExportGlobalDeclaration1.errors.txt	03-identifier
reExportGlobalDeclaration2.errors.txt	03-identifier
reExportGlobalDeclaration3.errors.txt	03-identifier
reExportGlobalDeclaration4.errors.txt	03-identifier
reExportUndefined1.errors.txt	01-keyword
reachabilityChecks1.errors.txt	00-no-arguments
reachabilityChecks10.errors.txt	00-no-arguments
reachabilityChecks11.errors.txt	00-no-arguments
reachabilityChecks2.errors.txt	00-no-arguments
reachabilityChecks3.errors.txt	00-no-arguments
reachabilityChecks4.errors.txt	00-no-arguments
reachabilityChecks5.errors.txt	00-no-arguments
reachabilityChecks6.errors.txt	00-no-arguments
reachabilityChecks7.errors.txt	00-no-arguments
reachabilityChecks8.errors.txt	00-no-arguments
reachabilityChecks9.errors.txt	00-no-arguments
reachabilityChecksNoCrash1.errors.txt	10-object
reactDefaultPropsInferenceSuccess.errors.txt	10-function
reactImportUnusedInNewJSXEmit(jsx=react-jsx).errors.txt	03-identifier
reactImportUnusedInNewJSXEmit(jsx=react-jsxdev).errors.txt	03-identifier
reactNamespaceImportPresevation.errors.txt	03-identifier
reactNamespaceInvalidInput.errors.txt	05-other-single-token
reactNamespaceJSXEmit.errors.txt	03-identifier
reactNamespaceMissingDeclaration.errors.txt	03-identifier
reactReduxLikeDeferredInferenceAllowsAssignment.errors.txt	10-tuple-or-index
readonlyArraysAndTuples.errors.txt	10-tuple-or-index
readonlyAssignmentInSubclassOfClassExpression.errors.txt	03-identifier
readonlyConstructorAssignment.errors.txt	03-identifier
readonlyDefaultExport.errors.txt	03-identifier
readonlyInAmbientClass.errors.txt	00-no-arguments
readonlyInConstructorParameters.errors.txt	03-identifier
readonlyInDeclarationFile(target=es2015).errors.txt	03-identifier
readonlyInNonPropertyParameters(target=es2015).errors.txt	00-no-arguments
readonlyMembers(target=es2015).errors.txt	10-object
readonlyPropertySubtypeRelationDirected.errors.txt	03-identifier
readonlyReadonly.errors.txt	03-identifier
readonlyRestParameters.errors.txt	10-array
readonlyTupleAndArrayElaboration.errors.txt	10-tuple-or-index
reassignStaticProp.errors.txt	03-identifier
reboundIdentifierOnImportAlias.errors.txt	03-identifier
rectype.errors.txt	03-identifier
recursiveBaseCheck.errors.txt	03-identifier
recursiveBaseCheck2.errors.txt	03-identifier
recursiveBaseCheck3.errors.txt	10-generic
recursiveBaseCheck4.errors.txt	10-generic
recursiveBaseCheck5.errors.txt	10-generic
recursiveBaseCheck6.errors.txt	10-generic
recursiveBaseConstructorCreation3.errors.txt	10-typeof
recursiveClassReferenceTest.errors.txt	03-identifier
recursiveComplicatedClasses.errors.txt	10-array
recursiveConditionalCrash4.errors.txt	03-identifier
recursiveConditionalTypes.errors.txt	10-tuple-or-index
recursiveExportAssignmentAndFindAliasedType1.errors.txt	03-identifier
recursiveExportAssignmentAndFindAliasedType2.errors.txt	03-identifier
recursiveExportAssignmentAndFindAliasedType3.errors.txt	03-identifier
recursiveExportAssignmentAndFindAliasedType4.errors.txt	03-identifier
recursiveExportAssignmentAndFindAliasedType5.errors.txt	03-identifier
recursiveExportAssignmentAndFindAliasedType6.errors.txt	03-identifier
recursiveFunctionTypes.errors.txt	10-function
recursiveGenericUnionType1.errors.txt	03-identifier
recursiveGenericUnionType2.errors.txt	03-identifier
recursiveIdenticalAssignment.errors.txt	03-identifier
recursiveIdenticalOverloadResolution.errors.txt	03-identifier
recursiveIndexedAccessSimplification.errors.txt	10-tuple-or-index
recursiveInheritance.errors.txt	03-identifier
recursiveInheritance3.errors.txt	03-identifier
recursiveInheritanceGeneric.errors.txt	10-generic
recursiveIntersectionTypes.errors.txt	10-generic
recursiveLetConst.errors.txt	03-identifier
recursiveMappedTypes.errors.txt	10-conditional
recursiveNamedLambdaCall.errors.txt	03-identifier
recursiveObjectLiteral.errors.txt	03-identifier
recursiveResolveTypeMembers.errors.txt	03-identifier
recursiveTupleTypeInference.errors.txt	10-tuple-or-index
recursiveTupleTypes1.errors.txt	03-identifier
recursiveTupleTypes2.errors.txt	03-identifier
recursiveTypeComparison.errors.txt	03-identifier
recursiveTypeComparison2.errors.txt	03-identifier
recursiveTypeInGenericConstraint.errors.txt	03-identifier
recursiveTypeParameterConstraintReferenceLacksTypeArgs.errors.txt	10-generic
recursiveTypeParameterReferenceError1.errors.txt	03-identifier
recursiveTypeReferences1.errors.txt	10-union
recursiveTypeReferences2.errors.txt	10-object
recursiveTypeRelations.errors.txt	10-keyof
recursiveTypesWithTypeof.errors.txt	03-identifier
recursivelyExpandingUnionNoStackoverflow.errors.txt	10-mapped
redeclareParameterInCatchBlock.errors.txt	03-identifier
redeclaredProperty.errors.txt	03-identifier
redefineArray.errors.txt	10-tuple-or-index
redefinedPararameterProperty.errors.txt	03-identifier
reexportMissingDefault.errors.txt	03-identifier
reexportMissingDefault1.errors.txt	03-identifier
reexportMissingDefault2.errors.txt	03-identifier
reexportMissingDefault3.errors.txt	03-identifier
reexportMissingDefault6.errors.txt	03-identifier
reexportMissingDefault7.errors.txt	03-identifier
reexportedMissingAlias.errors.txt	03-identifier
referenceSatisfiesExpression.errors.txt	03-identifier
regExpWithOpenBracketInCharClass(target=es2015).errors.txt	05-other-single-token
regExpWithOpenBracketInCharClass(target=esnext).errors.txt	05-other-single-token
regexNamedGroupDuplicateNestedInGroup.errors.txt	00-no-arguments
regexpExecAndMatchTypeUsages(strict=false).errors.txt	03-identifier
regexpExecAndMatchTypeUsages(strict=true).errors.txt	10-object
regularExpressionAnnexB.errors.txt	10-object
regularExpressionCharacterClassRangeOrder.errors.txt	00-no-arguments
regularExpressionES2025Syntax(target=es2017).errors.txt	03-identifier
regularExpressionES2025Syntax(target=es2022).errors.txt	03-identifier
regularExpressionES2025Syntax(target=es2025).errors.txt	00-no-arguments
regularExpressionExtendedUnicodeEscapes.errors.txt	00-no-arguments
regularExpressionGroupNameSuggestions.errors.txt	03-identifier
regularExpressionQuantifierBounds1.errors.txt	00-no-arguments
regularExpressionScanning(target=es2015).errors.txt	10-object
regularExpressionScanning(target=esnext).errors.txt	10-object
regularExpressionUnicodePropertyValueExpressionSuggestions(target=es2015).errors.txt	00-no-arguments
regularExpressionWithNonBMPFlags.errors.txt	00-no-arguments
relationComplexityError.errors.txt	10-union
relationalOperatorComparable.errors.txt	10-generic
relativePathMustResolve.errors.txt	05-other-single-token
renamed.errors.txt	10-object
renamingDestructuredPropertyInFunctionType.errors.txt	10-tuple-or-index
renamingDestructuredPropertyInFunctionType3.errors.txt	10-tuple-or-index
reorderProperties.errors.txt	03-identifier
requireOfAnEmptyFile1.errors.txt	04-qualified-name
requireOfESWithPropertyAccess.errors.txt	10-object
requireOfJsonFileInJsFile.errors.txt	10-object
requireOfJsonFileNonRelativeWithoutExtension.errors.txt	04-qualified-name
requireOfJsonFileWithComputedPropertyName.errors.txt	00-no-arguments
requireOfJsonFileWithEmptyObjectWithErrors.errors.txt	10-object
requireOfJsonFileWithErrors.errors.txt	00-no-arguments
requireOfJsonFileWithNoContent.errors.txt	10-object
requireOfJsonFileWithoutExtension.errors.txt	05-other-single-token
requireOfJsonFileWithoutResolveJsonModule.errors.txt	10-object
requireTypesOnly.errors.txt	10-import-type
requiredInitializedParameter1.errors.txt	02-literal
requiredInitializedParameter2.errors.txt	10-function
requiredMappedTypeModifierTrumpsVariance.errors.txt	10-object
reservedNameOnInterfaceImport.errors.txt	01-keyword
reservedNameOnModuleImportWithInterface.errors.txt	01-keyword
reservedNamesInAliases.errors.txt	03-identifier
reservedWords2.errors.txt	10-function
reservedWords3.errors.txt	10-object
resolutionCandidateFromPackageJsonField2.errors.txt	05-other-single-token
resolutionModeCache.errors.txt	03-identifier
resolutionModeTripleSlash1.errors.txt	03-identifier
resolutionModeTripleSlash2.errors.txt	03-identifier
resolutionModeTripleSlash3.errors.txt	03-identifier
resolvesWithoutExportsDiagnostic1(moduleresolution=bundler).errors.txt	05-other-single-token
resolvesWithoutExportsDiagnostic1(moduleresolution=node16).errors.txt	05-other-single-token
resolvingClassDeclarationWhenInBaseTypeResolution.errors.txt	03-identifier
restArgAssignmentCompat.errors.txt	10-function
restArgMissingName.errors.txt	00-no-arguments
restElementMustBeLast.errors.txt	00-no-arguments
restElementWithAssignmentPattern2.errors.txt	10-union
restElementWithAssignmentPattern4.errors.txt	10-tuple-or-index
restElementWithBindingPattern2.errors.txt	10-array
restElementWithInitializer1.errors.txt	00-no-arguments
restElementWithInitializer2.errors.txt	00-no-arguments
restElementWithNullInitializer(target=es2015).errors.txt	10-object
restIntersection.errors.txt	03-identifier
restInvalidArgumentType.errors.txt	03-identifier
restParamAsOptional.errors.txt	00-no-arguments
restParamModifier.errors.txt	05-other-single-token
restParamModifier2.errors.txt	00-no-arguments
restParameterInDownlevelGenerator(target=es2015).errors.txt	03-identifier
restParameterNotLast.errors.txt	03-identifier
restParameterWithBindingPattern3.errors.txt	10-tuple-or-index
restParameterWithoutAnnotationIsAnyArray.errors.txt	00-no-arguments
restParametersOfNonArrayTypes.errors.txt	00-no-arguments
restParametersOfNonArrayTypes2.errors.txt	00-no-arguments
restParametersWithArrayTypeAnnotations.errors.txt	00-no-arguments
restParamsWithNonRestParams.errors.txt	02-literal
restPropertyWithBindingPattern(target=es2015).errors.txt	10-object
restTupleElements1.errors.txt	10-union
restTuplesFromContextualTypes.errors.txt	10-tuple-or-index
restUnion.errors.txt	10-object
restUnion3.errors.txt	00-no-arguments
returnInConstructor1.errors.txt	10-function
returnStatements.errors.txt	03-identifier
returnTypeParameter.errors.txt	03-identifier
returnTypeTypeArguments.errors.txt	10-generic
returnValueInSetter.errors.txt	00-no-arguments
reuseTypeAnnotationImportTypeInGlobalThisTypeArgument.errors.txt	03-identifier
reverseInferenceInContextualInstantiation.errors.txt	03-identifier
reverseMappedPartiallyInferableTypes.errors.txt	03-identifier
reverseMappedTypeContextualTypeNotCircular.errors.txt	10-object
reverseMappedTypeIntersectionConstraint.errors.txt	10-object
reverseMappedTypeLimitedConstraint.errors.txt	10-object
reversedRecusiveTypeInstantiation.errors.txt	03-identifier
sameComputedNameError.errors.txt	10-tuple-or-index
satisfiesEmit.errors.txt	03-identifier
scanner10.1.1-8gs.errors.txt	03-identifier
scannerAdditiveExpression1.errors.txt	03-identifier
scannerClass2.errors.txt	03-identifier
scannerES3NumericLiteral2.errors.txt	05-other-single-token
scannerES3NumericLiteral3.errors.txt	05-other-single-token
scannerES3NumericLiteral4.errors.txt	00-no-arguments
scannerES3NumericLiteral6.errors.txt	00-no-arguments
scannerImportDeclaration1.errors.txt	03-identifier
scannerNumericLiteral2(target=es2015).errors.txt	05-other-single-token
scannerNumericLiteral3(target=es2015).errors.txt	05-other-single-token
scannerNumericLiteral4(target=es2015).errors.txt	00-no-arguments
scannerNumericLiteral6(target=es2015).errors.txt	00-no-arguments
scannerNumericLiteral8(target=es2015).errors.txt	05-other-single-token
scannerNumericLiteral9(target=es2015).errors.txt	00-no-arguments
scannerS7.2_A1.5_T2.errors.txt	03-identifier
scannerS7.3_A1.1_T2.errors.txt	03-identifier
scannerS7.4_A2_T2.errors.txt	00-no-arguments
scannerS7.6_A4.2_T1.errors.txt	03-identifier
scannerS7.8.3_A6.1_T1.errors.txt	00-no-arguments
scannerS7.8.4_A7.1_T4.errors.txt	00-no-arguments
scannerStringLiterals.errors.txt	00-no-arguments
scannerUnexpectedNullCharacter1.errors.txt	03-identifier
scannerUnicodeEscapeInKeyword1.errors.txt	00-no-arguments
scannerUnicodeEscapeInKeyword2.errors.txt	00-no-arguments
scannertest1.errors.txt	04-qualified-name
scopeCheckExtendedClassInsidePublicMethod2.errors.txt	03-identifier
scopeCheckExtendedClassInsideStaticMethod1.errors.txt	10-typeof
scopeCheckInsidePublicMethod1.errors.txt	03-identifier
scopeCheckInsideStaticMethod1.errors.txt	10-typeof
scopeCheckStaticInitializer.errors.txt	03-identifier
scopeTests.errors.txt	03-identifier
scopingInCatchBlocks.errors.txt	03-identifier
selfRef.errors.txt	03-identifier
selfReferencesInFunctionParameters.errors.txt	03-identifier
selfReferencingFile.errors.txt	00-no-arguments
selfReferencingFile2.errors.txt	05-other-single-token
selfReferencingFile3.errors.txt	00-no-arguments
selfReferencingSpreadInLoop.errors.txt	10-array
selfReferentialDefaultNoStackOverflow.errors.txt	03-identifier
semicolonsInModuleDeclarations.errors.txt	00-no-arguments
separate1-1.errors.txt	03-identifier
setMethods.errors.txt	10-generic
setterBeforeGetter.errors.txt	03-identifier
setterWithReturn.errors.txt	00-no-arguments
shadowPrivateMembers.errors.txt	03-identifier
shadowedFunctionScopedVariablesByBlockScopedOnes.errors.txt	03-identifier
shadowedInternalModule.errors.txt	03-identifier
shadowedReservedCompilerDeclarationsWithNoEmit(target=es2015).errors.txt	03-identifier
shadowingViaLocalValue.errors.txt	03-identifier
shadowingViaLocalValueOrBindingElement.errors.txt	03-identifier
shebangError.errors.txt	05-other-single-token
shorthand-property-es5-es6(target=es2015).errors.txt	05-other-single-token
shorthand-property-es6-es6.errors.txt	05-other-single-token
shorthandPropertyAssignmentInES6Module.errors.txt	05-other-single-token
shorthandPropertyAssignmentsInDestructuring(target=es2015).errors.txt	01-keyword
shorthandPropertyAssignmentsInDestructuring_ES6.errors.txt	01-keyword
shorthandPropertyUndefined.errors.txt	03-identifier
sideEffectImports1(module=commonjs,nouncheckedsideeffectimports=true).errors.txt	05-other-single-token
sideEffectImports1(module=nodenext,nouncheckedsideeffectimports=true).errors.txt	05-other-single-token
sideEffectImports1(module=preserve,nouncheckedsideeffectimports=true).errors.txt	05-other-single-token
sigantureIsSubTypeIfTheyAreIdentical.errors.txt	03-identifier
signatureCombiningRestParameters1.errors.txt	01-keyword
signatureCombiningRestParameters3.errors.txt	10-generic
signatureCombiningRestParameters4.errors.txt	10-generic
signatureCombiningRestParameters5.errors.txt	10-array
signatureLengthMismatchCall.errors.txt	10-function
signatureLengthMismatchInOverload.errors.txt	10-function
signatureLengthMismatchWithOptionalParameters.errors.txt	10-function
simpleRecursionWithBaseCase1.errors.txt	03-identifier
simpleTestMultiFile.errors.txt	01-keyword
simpleTestSingleFile.errors.txt	01-keyword
singleSettingsSimpleTest.errors.txt	01-keyword
slashBeforeVariableDeclaration1.errors.txt	03-identifier
slightlyIndirectedDeepObjectLiteralElaborations.errors.txt	01-keyword
sourceMapSample.errors.txt	04-qualified-name
sourceMapUnclosedBlock.errors.txt	05-other-single-token
sourceMapValidationClass(target=es2015).errors.txt	03-identifier
sourceMapValidationDecorators(target=es2015).errors.txt	10-union
sourceMapValidationDestructuringForArrayBindingPattern(target=es2015).errors.txt	03-identifier
sourceMapValidationDestructuringForOfObjectBindingPattern2(target=es2015).errors.txt	03-identifier
sourceMapValidationDestructuringForOfObjectBindingPatternDefaultValues2(target=es2015).errors.txt	03-identifier
sourceMapValidationDestructuringParameterNestedObjectBindingPatternDefaultValues.errors.txt	10-union
sourceMapValidationEnums.errors.txt	03-identifier
sourceMapValidationFor.errors.txt	00-no-arguments
sourceMapValidationLabeled.errors.txt	00-no-arguments
sourceMapValidationStatements.errors.txt	00-no-arguments
sourceMapValidationVarInDownLevelGenerator(target=es2015).errors.txt	03-identifier
spaceBeforeQuestionMarkInPropertyAssignment.errors.txt	00-no-arguments
specialIntersectionsInMappedTypes.errors.txt	04-qualified-name
specializedInheritedConstructors1.errors.txt	03-identifier
specializedLambdaTypeArguments.errors.txt	03-identifier
specializedSignatureAsCallbackParameter1.errors.txt	01-keyword
specializedSignatureIsNotSubtypeOfNonSpecializedSignature.errors.txt	00-no-arguments
spellingSuggestionGlobal1.errors.txt	03-identifier
spellingSuggestionGlobal2.errors.txt	03-identifier
spellingSuggestionGlobal3.errors.txt	03-identifier
spellingSuggestionGlobal4.errors.txt	03-identifier
spellingSuggestionJSXAttribute.errors.txt	10-object
spellingSuggestionLeadingUnderscores01.errors.txt	10-object
spellingSuggestionModule.errors.txt	03-identifier
spliceTuples.errors.txt	10-tuple-or-index
spreadDuplicate.errors.txt	03-identifier
spreadDuplicateExact.errors.txt	03-identifier
spreadIntersection.errors.txt	03-identifier
spreadIntersectionJsx.errors.txt	03-identifier
spreadInvalidArgumentType.errors.txt	00-no-arguments
spreadMethods.errors.txt	10-object
spreadNonObject1.errors.txt	00-no-arguments
spreadObjectOrFalsy.errors.txt	00-no-arguments
spreadOfParamsFromGeneratorMakesRequiredParams.errors.txt	02-literal
spreadOverwritesProperty.errors.txt	03-identifier
spreadOverwritesPropertyStrict.errors.txt	03-identifier
spreadTypeVariable.errors.txt	00-no-arguments
spreadUnion.errors.txt	03-identifier
spreadUnion2.errors.txt	10-object
spreadUnion3.errors.txt	10-union
spreadUnionPropOverride.errors.txt	03-identifier
spyComparisonChecking.errors.txt	03-identifier
standaloneBreak.errors.txt	00-no-arguments
staticAndNonStaticPropertiesSameName.errors.txt	03-identifier
staticAnonymousTypeNotReferencingTypeParameter.errors.txt	03-identifier
staticAsIdentifier.errors.txt	00-no-arguments
staticClassMemberError.errors.txt	03-identifier
staticClassProps.errors.txt	00-no-arguments
staticIndexSignature1.errors.txt	02-literal
staticIndexSignature2.errors.txt	10-typeof
staticIndexSignature3.errors.txt	02-literal
staticIndexSignature4.errors.txt	10-typeof
staticIndexSignature5.errors.txt	03-identifier
staticIndexSignature7.errors.txt	10-function
staticIndexers.errors.txt	00-no-arguments
staticInstanceResolution.errors.txt	03-identifier
staticInstanceResolution3.errors.txt	03-identifier
staticInstanceResolution4.errors.txt	10-typeof
staticInstanceResolution5.errors.txt	03-identifier
staticMemberAssignsToConstructorFunctionMembers.errors.txt	10-function
staticMemberExportAccess.errors.txt	04-qualified-name
staticMemberOfClassAndPublicMemberOfAnotherClassAssignment.errors.txt	10-typeof
staticMembersUsingClassTypeParameter.errors.txt	00-no-arguments
staticMethodReferencingTypeArgument1.errors.txt	03-identifier
staticMethodsReferencingClassTypeParameters.errors.txt	00-no-arguments
staticMismatchBecauseOfPrototype.errors.txt	03-identifier
staticModifierAlreadySeen.errors.txt	03-identifier
staticMustPrecedePublic.errors.txt	03-identifier
staticOffOfInstance1.errors.txt	04-qualified-name
staticOffOfInstance2.errors.txt	10-generic
staticPropSuper.errors.txt	00-no-arguments
staticPropertyAndFunctionWithSameName.errors.txt	03-identifier
staticPropertyNameConflicts(target=es2015,usedefineforclassfields=false).errors.txt	10-tuple-or-index
staticPropertyNameConflicts(target=es2015,usedefineforclassfields=true).errors.txt	10-tuple-or-index
staticPropertyNotInClassType.errors.txt	10-generic
staticPrototypeProperty.errors.txt	03-identifier
staticVisibility.errors.txt	10-typeof
staticVisibility2.errors.txt	04-qualified-name
statics.errors.txt	03-identifier
staticsInAFunction.errors.txt	05-other-single-token
staticsInConstructorBodies.errors.txt	00-no-arguments
staticsNotInScopeInClodule.errors.txt	03-identifier
strictBindCallApply1.errors.txt	10-tuple-or-index
strictFunctionTypesErrors.errors.txt	10-generic
strictModeInConstructor.errors.txt	00-no-arguments
strictModeOctalLiterals.errors.txt	05-other-single-token
strictModeReservedWord.errors.txt	03-identifier
strictModeReservedWord2.errors.txt	03-identifier
strictModeReservedWordInClassDeclaration.errors.txt	03-identifier
strictModeReservedWordInDestructuring.errors.txt	03-identifier
strictModeReservedWordInImportEqualDeclaration.errors.txt	03-identifier
strictModeReservedWordInModuleDeclaration.errors.txt	03-identifier
strictModeWordInImportDeclaration.errors.txt	05-other-single-token
strictNullEmptyDestructuring(target=es2015).errors.txt	01-keyword
strictNullNotNullIndexTypeNoLib.errors.txt	03-identifier
strictOptionalProperties1.errors.txt	10-union
strictOptionalProperties3.errors.txt	10-object
strictPropertyInitialization.errors.txt	05-other-single-token
strictSubtypeAndNarrowing.errors.txt	10-object
strictTupleLength.errors.txt	10-tuple-or-index
stringEnumLiteralTypes3.errors.txt	04-qualified-name
stringIndexerAndConstructor.errors.txt	03-identifier
stringIndexerAndConstructor1.errors.txt	02-literal
stringIndexerAssignments1.errors.txt	10-object
stringIndexerAssignments2.errors.txt	03-identifier
stringIndexerConstrainsPropertyDeclarations.errors.txt	10-function
stringIndexerConstrainsPropertyDeclarations2.errors.txt	10-typeof
stringIndexingResults.errors.txt	03-identifier
stringLiteralMatchedInSwitch01.errors.txt	03-identifier
stringLiteralTypeAssertion01.errors.txt	03-identifier
stringLiteralTypeIsSubtypeOfString.errors.txt	03-identifier
stringLiteralTypesAndParenthesizedExpressions01.errors.txt	00-no-arguments
stringLiteralTypesInImplementationSignatures2.errors.txt	03-identifier
stringLiteralTypesInVariableDeclarations01.errors.txt	03-identifier
stringLiteralTypesOverloadAssignability01.errors.txt	10-function
stringLiteralTypesOverloadAssignability02.errors.txt	10-function
stringLiteralTypesOverloadAssignability05.errors.txt	10-object
stringLiteralTypesOverloads03.errors.txt	03-identifier
stringLiteralTypesOverloads05.errors.txt	03-identifier
stringLiteralTypesWithTemplateStrings02.errors.txt	02-literal
stringLiteralTypesWithVariousOperators02.errors.txt	10-union
stringLiteralsAssertionsInEqualityComparisons02.errors.txt	02-literal
stringLiteralsAssignedToStringMappings.errors.txt	10-template
stringLiteralsErrors.errors.txt	00-no-arguments
stringLiteralsWithEqualityChecks01.errors.txt	02-literal
stringLiteralsWithEqualityChecks02.errors.txt	02-literal
stringLiteralsWithEqualityChecks03.errors.txt	10-union
stringLiteralsWithEqualityChecks04.errors.txt	10-union
stringLiteralsWithSwitchStatements01.errors.txt	02-literal
stringLiteralsWithSwitchStatements02.errors.txt	02-literal
stringLiteralsWithSwitchStatements03.errors.txt	10-union
stringLiteralsWithSwitchStatements04.errors.txt	10-union
stringLiteralsWithTypeAssertions01.errors.txt	03-identifier
stringMappingAssignability.errors.txt	10-object
stringMappingOverPatternLiterals.errors.txt	10-template
stringNamedPropertyAccess.errors.txt	03-identifier
stringNamedPropertyDuplicates.errors.txt	05-other-single-token
stringPropertyAccessWithError.errors.txt	01-keyword
stripMembersOptionality2(exactoptionalpropertytypes=false).errors.txt	01-keyword
styledComponentsInstantiaionLimitNotReached.errors.txt	10-object
subclassThisTypeAssignable01.errors.txt	10-generic
subtypeReductionWithAnyFunctionType.errors.txt	03-identifier
subtypesOfTypeParameter.errors.txt	10-generic
subtypesOfTypeParameterWithConstraints.errors.txt	10-generic
subtypesOfTypeParameterWithConstraints2.errors.txt	03-identifier
subtypesOfTypeParameterWithConstraints4.errors.txt	10-generic
subtypesOfTypeParameterWithRecursiveConstraints.errors.txt	10-generic
subtypesOfUnion.errors.txt	10-union
subtypingTransitivity.errors.txt	03-identifier
subtypingWithCallSignatures2.errors.txt	10-array
subtypingWithCallSignatures3.errors.txt	10-array
subtypingWithCallSignaturesA.errors.txt	10-function
subtypingWithCallSignaturesWithOptionalParameters.errors.txt	10-union
subtypingWithCallSignaturesWithRestParameters.errors.txt	10-union
subtypingWithCallSignaturesWithSpecializedSignatures.errors.txt	10-rest-or-elision
subtypingWithConstructSignatures.errors.txt	03-identifier
subtypingWithConstructSignatures2.errors.txt	03-identifier
subtypingWithConstructSignatures3.errors.txt	03-identifier
subtypingWithConstructSignatures5.errors.txt	03-identifier
subtypingWithConstructSignatures6.errors.txt	10-object
subtypingWithConstructSignaturesWithOptionalParameters.errors.txt	10-union
subtypingWithConstructSignaturesWithSpecializedSignatures.errors.txt	10-constructor
subtypingWithGenericCallSignaturesWithOptionalParameters.errors.txt	10-union
subtypingWithGenericConstructSignaturesWithOptionalParameters.errors.txt	10-union
subtypingWithNumericIndexer.errors.txt	10-generic
subtypingWithNumericIndexer2.errors.txt	10-generic
subtypingWithNumericIndexer3.errors.txt	10-generic
subtypingWithNumericIndexer4.errors.txt	10-generic
subtypingWithNumericIndexer5.errors.txt	10-generic
subtypingWithObjectMembers.errors.txt	03-identifier
subtypingWithObjectMembers2.errors.txt	10-union
subtypingWithObjectMembers3.errors.txt	10-union
subtypingWithObjectMembers4.errors.txt	03-identifier
subtypingWithObjectMembers5.errors.txt	06-other-text
subtypingWithObjectMembersAccessibility.errors.txt	06-other-text
subtypingWithObjectMembersAccessibility2.errors.txt	06-other-text
subtypingWithObjectMembersOptionality.errors.txt	03-identifier
subtypingWithObjectMembersOptionality2.errors.txt	10-union
subtypingWithObjectMembersOptionality3.errors.txt	03-identifier
subtypingWithObjectMembersOptionality4.errors.txt	03-identifier
subtypingWithOptionalProperties.errors.txt	10-object
subtypingWithStringIndexer.errors.txt	10-generic
subtypingWithStringIndexer2.errors.txt	10-generic
subtypingWithStringIndexer3.errors.txt	10-generic
subtypingWithStringIndexer4.errors.txt	10-generic
super.errors.txt	00-no-arguments
super1.errors.txt	03-identifier
superAccess(target=es2015).errors.txt	04-qualified-name
superAccess2.errors.txt	10-typeof
superCallArgsMustMatch.errors.txt	03-identifier
superCallAssignResult.errors.txt	01-keyword
superCallBeforeThisAccessing3.errors.txt	03-identifier
superCallBeforeThisAccessing4.errors.txt	03-identifier
superCallBeforeThisAccessing6.errors.txt	03-identifier
superCallBeforeThisAccessing7.errors.txt	03-identifier
superCallFromClassThatDerivesFromGenericTypeButWithIncorrectNumberOfTypeArguments1.errors.txt	10-generic
superCallFromClassThatDerivesFromGenericTypeButWithNoTypeArguments1.errors.txt	10-generic
superCallFromClassThatDerivesNonGenericTypeButWithTypeArguments1.errors.txt	03-identifier
superCallFromClassThatHasNoBaseType1.errors.txt	00-no-arguments
superCallFromClassThatHasNoBaseTypeButWithSameSymbolInterface.errors.txt	00-no-arguments
superCallFromFunction1.errors.txt	00-no-arguments
superCallInConstructorWithNoBaseType.errors.txt	00-no-arguments
superCallInJSWithWrongBaseTypeArgumentCount1(strict=false).errors.txt	04-qualified-name
superCallInJSWithWrongBaseTypeArgumentCount1(strict=true).errors.txt	10-generic
superCallInJSWithWrongBaseTypeArgumentCount2(strict=false).errors.txt	04-qualified-name
superCallInJSWithWrongBaseTypeArgumentCount2(strict=true).errors.txt	10-generic
superCallInsideClassDeclaration.errors.txt	00-no-arguments
superCallInsideClassExpression.errors.txt	00-no-arguments
superCallOutsideConstructor.errors.txt	00-no-arguments
superCallParameterContextualTyping2.errors.txt	03-identifier
superCallWithMissingBaseClass.errors.txt	03-identifier
superCallsInConstructor.errors.txt	03-identifier
superErrors.errors.txt	00-no-arguments
superInConstructorParam1.errors.txt	00-no-arguments
superInLambdas(target=es2015).errors.txt	03-identifier
superInObjectLiterals_ES5(target=es2015).errors.txt	00-no-arguments
superInObjectLiterals_ES6.errors.txt	00-no-arguments
superInStaticMembers1(target=es2015).errors.txt	03-identifier
superInStaticMembers1(target=es2021).errors.txt	03-identifier
superNewCall1.errors.txt	10-generic
superPropertyAccess(target=es2015).errors.txt	03-identifier
superPropertyAccess2(target=es2015).errors.txt	10-typeof
superPropertyAccessInSuperCall01.errors.txt	00-no-arguments
superPropertyAccess_ES5(target=es2015).errors.txt	03-identifier
superPropertyAccess_ES6.errors.txt	03-identifier
superPropertyInConstructorBeforeSuperCall.errors.txt	00-no-arguments
superSymbolIndexedAccess3.errors.txt	10-typeof
superSymbolIndexedAccess4.errors.txt	00-no-arguments
superWithGenericSpecialization.errors.txt	03-identifier
superWithTypeArgument.errors.txt	00-no-arguments
superWithTypeArgument2.errors.txt	02-literal
superWithTypeArgument3.errors.txt	03-identifier
super_inside-object-literal-getters-and-setters(target=es2015).errors.txt	00-no-arguments
switchAssignmentCompat.errors.txt	10-typeof
switchBreakStatements.errors.txt	02-literal
switchCaseCircularRefeference.errors.txt	10-union
switchCaseWithIntersectionTypes01.errors.txt	03-identifier
switchCaseWithUnionTypes01.errors.txt	10-union
switchCases.errors.txt	02-literal
switchCasesExpressionTypeMismatch.errors.txt	10-union
switchComparableCompatForBrands.errors.txt	03-identifier
switchStatements.errors.txt	03-identifier
switchStatementsWithMultipleDefaults.errors.txt	00-no-arguments
switchStatementsWithMultipleDefaults1.errors.txt	00-no-arguments
symbolDeclarationEmit1.errors.txt	10-tuple-or-index
symbolDeclarationEmit12.errors.txt	10-tuple-or-index
symbolLinkDeclarationEmitModuleNames.errors.txt	03-identifier
symbolProperty1.errors.txt	03-identifier
symbolProperty10.errors.txt	10-tuple-or-index
symbolProperty12.errors.txt	10-tuple-or-index
symbolProperty17.errors.txt	10-tuple-or-index
symbolProperty21.errors.txt	10-tuple-or-index
symbolProperty24.errors.txt	10-tuple-or-index
symbolProperty25.errors.txt	10-tuple-or-index
symbolProperty28.errors.txt	03-identifier
symbolProperty3.errors.txt	00-no-arguments
symbolProperty30.errors.txt	10-tuple-or-index
symbolProperty32.errors.txt	10-tuple-or-index
symbolProperty33.errors.txt	03-identifier
symbolProperty34.errors.txt	10-tuple-or-index
symbolProperty35.errors.txt	10-tuple-or-index
symbolProperty36.errors.txt	00-no-arguments
symbolProperty37.errors.txt	10-tuple-or-index
symbolProperty39.errors.txt	00-no-arguments
symbolProperty42.errors.txt	00-no-arguments
symbolProperty43.errors.txt	00-no-arguments
symbolProperty44.errors.txt	10-tuple-or-index
symbolProperty46.errors.txt	01-keyword
symbolProperty47.errors.txt	01-keyword
symbolProperty52.errors.txt	03-identifier
symbolProperty53.errors.txt	10-function
symbolProperty54.errors.txt	00-no-arguments
symbolProperty55.errors.txt	03-identifier
symbolProperty59.errors.txt	00-no-arguments
symbolProperty6.errors.txt	10-tuple-or-index
symbolProperty7.errors.txt	10-tuple-or-index
symbolProperty9.errors.txt	10-tuple-or-index
symbolToNodeBoundaryNoStackOverflow.errors.txt	10-generic
symbolType1.errors.txt	00-no-arguments
symbolType10.errors.txt	00-no-arguments
symbolType11.errors.txt	00-no-arguments
symbolType12.errors.txt	05-other-single-token
symbolType13.errors.txt	01-keyword
symbolType14.errors.txt	00-no-arguments
symbolType15.errors.txt	03-identifier
symbolType16.errors.txt	03-identifier
symbolType19.errors.txt	03-identifier
symbolType2.errors.txt	10-typeof
symbolType20.errors.txt	01-keyword
symbolType3.errors.txt	05-other-single-token
symbolType4.errors.txt	00-no-arguments
symbolType5.errors.txt	00-no-arguments
symbolType6.errors.txt	05-other-single-token
symbolType7.errors.txt	00-no-arguments
symbolType8.errors.txt	10-generic
symbolType9.errors.txt	01-keyword
taggedTemplateChain.errors.txt	00-no-arguments
taggedTemplateContextualTyping1.errors.txt	03-identifier
taggedTemplateContextualTyping2.errors.txt	03-identifier
taggedTemplateStringsTypeArgumentInference.errors.txt	10-union
taggedTemplateStringsTypeArgumentInferenceES6.errors.txt	10-union
taggedTemplateStringsWithIncompatibleTypedTags.errors.txt	01-keyword
taggedTemplateStringsWithIncompatibleTypedTagsES6.errors.txt	01-keyword
taggedTemplateStringsWithManyCallAndMemberExpressions.errors.txt	03-identifier
taggedTemplateStringsWithManyCallAndMemberExpressionsES6.errors.txt	03-identifier
taggedTemplateStringsWithOverloadResolution1.errors.txt	10-array
taggedTemplateStringsWithOverloadResolution1_ES6.errors.txt	10-array
taggedTemplateStringsWithOverloadResolution3.errors.txt	10-object
taggedTemplateStringsWithOverloadResolution3_ES6.errors.txt	10-object
taggedTemplateStringsWithTypeErrorInFunctionExpressionsInSubstitutionExpression.errors.txt	01-keyword
taggedTemplateStringsWithTypeErrorInFunctionExpressionsInSubstitutionExpressionES6.errors.txt	01-keyword
taggedTemplateStringsWithTypedTags.errors.txt	03-identifier
taggedTemplateStringsWithTypedTagsES6.errors.txt	03-identifier
taggedTemplateUntypedTagCall01.errors.txt	03-identifier
taggedTemplateWithConstructableTag01.errors.txt	10-typeof
taggedTemplateWithConstructableTag02.errors.txt	03-identifier
taggedTemplatesWithIncompleteNoSubstitutionTemplate1.errors.txt	00-no-arguments
taggedTemplatesWithIncompleteNoSubstitutionTemplate2.errors.txt	00-no-arguments
taggedTemplatesWithIncompleteTemplateExpressions1.errors.txt	00-no-arguments
taggedTemplatesWithIncompleteTemplateExpressions2.errors.txt	00-no-arguments
taggedTemplatesWithIncompleteTemplateExpressions3.errors.txt	01-keyword
taggedTemplatesWithIncompleteTemplateExpressions4.errors.txt	05-other-single-token
taggedTemplatesWithIncompleteTemplateExpressions5.errors.txt	05-other-single-token
taggedTemplatesWithIncompleteTemplateExpressions6.errors.txt	01-keyword
taggedTemplatesWithTypeArguments2.errors.txt	01-keyword
targetEs6DecoratorMetadataImportNotElided(target=es2015).errors.txt	03-identifier
targetTypeBaseCalls.errors.txt	01-keyword
targetTypeCastTest.errors.txt	03-identifier
targetTypeObjectLiteralToAny.errors.txt	03-identifier
targetTypeTest1.errors.txt	00-no-arguments
targetTypeTest3.errors.txt	01-keyword
targetTypeVoidFunc.errors.txt	10-function
templateInsideCallback.errors.txt	03-identifier
templateLiteralEscapeSequence.errors.txt	05-other-single-token
templateLiteralIntersection2.errors.txt	10-template
templateLiteralTypeTooComplex.errors.txt	00-no-arguments
templateLiteralTypes1.errors.txt	10-mapped
templateLiteralTypes2.errors.txt	10-template
templateLiteralTypes3.errors.txt	10-union
templateLiteralTypes4.errors.txt	10-union
templateLiteralTypes5.errors.txt	10-union
templateLiteralTypes7.errors.txt	10-union
templateLiteralTypesPatterns.errors.txt	10-union
templateLiteralTypesPatternsPrefixSuffixAssignability.errors.txt	10-template
templateLiteralsInTypes.errors.txt	10-template
templateStringBinaryOperationsES6Invalid.errors.txt	00-no-arguments
templateStringBinaryOperationsInvalid.errors.txt	00-no-arguments
templateStringInArrowFunction.errors.txt	03-identifier
templateStringInCallExpression.errors.txt	03-identifier
templateStringInCallExpressionES6.errors.txt	03-identifier
templateStringInDeleteExpression.errors.txt	00-no-arguments
templateStringInDeleteExpressionES6.errors.txt	00-no-arguments
templateStringInDivision.errors.txt	00-no-arguments
templateStringInEqualityChecks.errors.txt	02-literal
templateStringInEqualityChecksES6.errors.txt	02-literal
templateStringInFunctionParameterType.errors.txt	05-other-single-token
templateStringInFunctionParameterTypeES6.errors.txt	05-other-single-token
templateStringInInstanceOf.errors.txt	00-no-arguments
templateStringInInstanceOfES6.errors.txt	00-no-arguments
templateStringInModuleName.errors.txt	03-identifier
templateStringInModuleNameES6.errors.txt	03-identifier
templateStringInModulo.errors.txt	00-no-arguments
templateStringInModuloES6.errors.txt	00-no-arguments
templateStringInMultiplication.errors.txt	00-no-arguments
templateStringInMultiplicationES6.errors.txt	00-no-arguments
templateStringInNewExpression.errors.txt	03-identifier
templateStringInNewExpressionES6.errors.txt	03-identifier
templateStringInNewOperator.errors.txt	03-identifier
templateStringInNewOperatorES6.errors.txt	03-identifier
templateStringInObjectLiteral.errors.txt	10-object
templateStringInObjectLiteralES6.errors.txt	10-object
templateStringInPropertyName1.errors.txt	10-object
templateStringInPropertyName2.errors.txt	10-object
templateStringInPropertyNameES6_1.errors.txt	10-object
templateStringInPropertyNameES6_2.errors.txt	10-object
templateStringInSwitchAndCase.errors.txt	02-literal
templateStringInSwitchAndCaseES6.errors.txt	02-literal
templateStringInTaggedTemplate.errors.txt	03-identifier
templateStringInTaggedTemplateES6.errors.txt	03-identifier
templateStringUnterminated1.errors.txt	00-no-arguments
templateStringUnterminated1_ES6.errors.txt	00-no-arguments
templateStringUnterminated2.errors.txt	00-no-arguments
templateStringUnterminated2_ES6.errors.txt	00-no-arguments
templateStringUnterminated3.errors.txt	00-no-arguments
templateStringUnterminated3_ES6.errors.txt	00-no-arguments
templateStringUnterminated4.errors.txt	00-no-arguments
templateStringUnterminated4_ES6.errors.txt	00-no-arguments
templateStringUnterminated5.errors.txt	00-no-arguments
templateStringUnterminated5_ES6.errors.txt	00-no-arguments
templateStringWithEmbeddedArrowFunction.errors.txt	03-identifier
templateStringWithEmbeddedInstanceOf.errors.txt	00-no-arguments
templateStringWithEmbeddedInstanceOfES6.errors.txt	00-no-arguments
templateStringWithEmbeddedYieldKeyword.errors.txt	05-other-single-token
templateStringsArrayTypeDefinedInES5Mode(target=es2015).errors.txt	10-object
templateStringsArrayTypeNotDefinedES5Mode(target=es2015).errors.txt	10-object
templateStringsArrayTypeRedefinedInES6Mode.errors.txt	10-object
templateStringsWithTypeErrorInFunctionExpressionsInSubstitutionExpression.errors.txt	01-keyword
templateStringsWithTypeErrorInFunctionExpressionsInSubstitutionExpressionES6.errors.txt	01-keyword
temporal.errors.txt	03-identifier
thisAssignmentInNamespaceDeclaration1.errors.txt	03-identifier
thisBinding.errors.txt	03-identifier
thisBinding2.errors.txt	00-no-arguments
thisExpressionInCallExpressionWithTypeArguments.errors.txt	02-literal
thisExpressionOfGenericObject.errors.txt	03-identifier
thisInClassBodyStaticESNext.errors.txt	00-no-arguments
thisInFunctionCall.errors.txt	00-no-arguments
thisInFunctionCallJs.errors.txt	00-no-arguments
thisInInnerFunctions.errors.txt	00-no-arguments
thisInInstanceMemberInitializer.errors.txt	03-identifier
thisInInvalidContexts.errors.txt	10-typeof
thisInInvalidContextsExternalModule(target=es2015).errors.txt	01-keyword
thisInModule.errors.txt	00-no-arguments
thisInModuleFunction1.errors.txt	00-no-arguments
thisInObjectLiterals.errors.txt	10-object
thisInOuterClassBody.errors.txt	10-typeof
thisInPropertyBoundDeclarations.errors.txt	03-identifier
thisInSuperCall.errors.txt	00-no-arguments
thisInSuperCall1.errors.txt	00-no-arguments
thisInSuperCall2.errors.txt	00-no-arguments
thisInSuperCall3.errors.txt	00-no-arguments
thisInTupleTypeParameterConstraints.errors.txt	03-identifier
thisKeyword.errors.txt	00-no-arguments
thisPredicateInObjectLiteral.errors.txt	00-no-arguments
thisPropertyAssignment.errors.txt	10-typeof
thisPropertyAssignmentCircular.errors.txt	00-no-arguments
thisPropertyAssignmentComputed.errors.txt	10-typeof
thisPropertyAssignmentTyping.errors.txt	10-array
thisShadowingErrorSpans.errors.txt	00-no-arguments
thisTag3.errors.txt	03-identifier
thisTypeAccessibility.errors.txt	10-generic
thisTypeErrors.errors.txt	03-identifier
thisTypeErrors2.errors.txt	00-no-arguments
thisTypeInAccessors(target=es2015).errors.txt	00-no-arguments
thisTypeInAccessorsNegative(target=es2015).errors.txt	00-no-arguments
thisTypeInClasses.errors.txt	03-identifier
thisTypeInFunctions.errors.txt	10-typeof
thisTypeInFunctions2.errors.txt	03-identifier
thisTypeInFunctionsNegative.errors.txt	10-typeof
thisTypeOfConstructorFunctions.errors.txt	10-object
thisWhenTypeCheckFails.errors.txt	01-keyword
this_inside-enum-should-not-be-allowed.errors.txt	00-no-arguments
thislessFunctionsNotContextSensitive1.errors.txt	10-function
thislessFunctionsNotContextSensitive2.errors.txt	00-no-arguments
thislessFunctionsNotContextSensitive3.errors.txt	10-object
throwWithoutNewLine1.errors.txt	00-no-arguments
throwWithoutNewLine2.errors.txt	03-identifier
tooFewArgumentsInGenericFunctionTypedArgument.errors.txt	03-identifier
tooManyTypeParameters1.errors.txt	10-generic
topFunctionTypeNotCallable.errors.txt	10-array
topLevelAwait.1(module=es2022,target=es2015).errors.txt	00-no-arguments
topLevelAwait.1(module=esnext,target=es2015).errors.txt	00-no-arguments
topLevelAwaitErrors.1(module=es2022).errors.txt	05-other-single-token
topLevelAwaitErrors.1(module=esnext).errors.txt	05-other-single-token
topLevelAwaitErrors.10(module=es2022).errors.txt	03-identifier
topLevelAwaitErrors.10(module=esnext).errors.txt	03-identifier
topLevelAwaitErrors.11.errors.txt	03-identifier
topLevelAwaitErrors.12(module=es2022).errors.txt	03-identifier
topLevelAwaitErrors.12(module=esnext).errors.txt	03-identifier
topLevelAwaitErrors.2(module=es2022).errors.txt	03-identifier
topLevelAwaitErrors.2(module=esnext).errors.txt	03-identifier
topLevelAwaitErrors.3(module=es2022).errors.txt	03-identifier
topLevelAwaitErrors.3(module=esnext).errors.txt	03-identifier
topLevelAwaitErrors.4(module=es2022).errors.txt	03-identifier
topLevelAwaitErrors.4(module=esnext).errors.txt	03-identifier
topLevelAwaitErrors.5(module=es2022).errors.txt	03-identifier
topLevelAwaitErrors.5(module=esnext).errors.txt	03-identifier
topLevelAwaitErrors.6(module=es2022).errors.txt	03-identifier
topLevelAwaitErrors.6(module=esnext).errors.txt	03-identifier
topLevelAwaitErrors.7(module=es2022).errors.txt	03-identifier
topLevelAwaitErrors.7(module=esnext).errors.txt	03-identifier
topLevelAwaitErrors.8(module=es2022).errors.txt	03-identifier
topLevelAwaitErrors.8(module=esnext).errors.txt	03-identifier
topLevelAwaitErrors.9(module=es2022).errors.txt	03-identifier
topLevelAwaitErrors.9(module=esnext).errors.txt	03-identifier
topLevelAwaitNonModule(module=es2022).errors.txt	03-identifier
topLevelAwaitNonModule(module=esnext).errors.txt	03-identifier
topLevelFileModuleMissing.errors.txt	05-other-single-token
topLevelLambda.errors.txt	00-no-arguments
topLevelLambda3.errors.txt	00-no-arguments
topLevelLambda4.errors.txt	00-no-arguments
topLevelModuleDeclarationAndFile.errors.txt	10-import-type
trailingCommaInHeterogenousArrayLiteral1.errors.txt	01-keyword
trailingCommasInBindingPatterns.errors.txt	00-no-arguments
trailingCommasInFunctionParametersAndArguments(target=es2015).errors.txt	00-no-arguments
trailingCommasInGetter.errors.txt	00-no-arguments
transitiveTypeArgumentInference1.errors.txt	10-generic
tripleSlashTypesReferenceWithMissingExports(module=commonjs).errors.txt	03-identifier
tripleSlashTypesReferenceWithMissingExports(module=node16).errors.txt	03-identifier
tripleSlashTypesReferenceWithMissingExports(module=node18).errors.txt	03-identifier
tripleSlashTypesReferenceWithMissingExports(module=node20).errors.txt	03-identifier
tripleSlashTypesReferenceWithMissingExports(module=nodenext).errors.txt	03-identifier
trivialSubtypeReductionNoStructuralCheck(target=es2015).errors.txt	03-identifier
truthinessCallExpressionCoercion.errors.txt	00-no-arguments
truthinessCallExpressionCoercion1.errors.txt	00-no-arguments
truthinessCallExpressionCoercion2.errors.txt	00-no-arguments
truthinessPromiseCoercion.errors.txt	10-generic
tryCatchFinallyControlFlow.errors.txt	03-identifier
ts-expect-error-js.errors.txt	00-no-arguments
ts-expect-error.errors.txt	01-keyword
ts-ignore.errors.txt	01-keyword
tsCheckPreservedAfterReference.errors.txt	01-keyword
tsconfigExtendsPackageJsonExportsWildcard.errors.txt	03-identifier
tsconfigMalformedNonObject.errors.txt	03-identifier
tsconfigRootdirInclude.errors.txt	05-other-single-token
tsconfigSimpleTest.errors.txt	01-keyword
tslibImportDefaultHelperCommonJS.errors.txt	03-identifier
tslibInJs.errors.txt	03-identifier
tslibMissingHelper.errors.txt	03-identifier
tslibMultipleMissingHelper.errors.txt	03-identifier
tslibNotFoundDifferentModules.errors.txt	03-identifier
tsxAttributeErrors.errors.txt	10-object
tsxAttributeInvalidNames.errors.txt	05-other-single-token
tsxAttributeResolution1.errors.txt	10-object
tsxAttributeResolution10.errors.txt	03-identifier
tsxAttributeResolution11.errors.txt	10-object
tsxAttributeResolution12.errors.txt	10-object
tsxAttributeResolution14.errors.txt	10-union
tsxAttributeResolution15.errors.txt	10-object
tsxAttributeResolution2.errors.txt	03-identifier
tsxAttributeResolution3.errors.txt	10-object
tsxAttributeResolution4.errors.txt	03-identifier
tsxAttributeResolution5.errors.txt	10-object
tsxAttributeResolution6.errors.txt	10-union
tsxAttributeResolution7.errors.txt	10-object
tsxAttributeResolution9.errors.txt	03-identifier
tsxCorrectlyParseLessThanComparison1.errors.txt	03-identifier
tsxDeepAttributeAssignabilityError.errors.txt	01-keyword
tsxDefaultAttributesResolution3.errors.txt	01-keyword
tsxDynamicTagName2.errors.txt	04-qualified-name
tsxDynamicTagName3.errors.txt	04-qualified-name
tsxDynamicTagName7.errors.txt	01-keyword
tsxElementResolution.errors.txt	03-identifier
tsxElementResolution1.errors.txt	04-qualified-name
tsxElementResolution10.errors.txt	10-object
tsxElementResolution11.errors.txt	10-object
tsxElementResolution12.errors.txt	03-identifier
tsxElementResolution13.errors.txt	03-identifier
tsxElementResolution14.errors.txt	03-identifier
tsxElementResolution15.errors.txt	10-object
tsxElementResolution16.errors.txt	03-identifier
tsxElementResolution18.errors.txt	03-identifier
tsxElementResolution3.errors.txt	10-object
tsxElementResolution4.errors.txt	10-object
tsxElementResolution5.errors.txt	03-identifier
tsxElementResolution6.errors.txt	04-qualified-name
tsxElementResolution7.errors.txt	10-typeof
tsxElementResolution8.errors.txt	03-identifier
tsxElementResolution9.errors.txt	10-object
tsxEmit1.errors.txt	03-identifier
tsxEmit3.errors.txt	00-no-arguments
tsxErrorRecovery1.errors.txt	03-identifier
tsxErrorRecovery2.errors.txt	03-identifier
tsxErrorRecovery3.errors.txt	03-identifier
tsxExternalModuleEmit1.errors.txt	03-identifier
tsxExternalModuleEmit2.errors.txt	03-identifier
tsxFragmentErrors.errors.txt	10-generic
tsxGenericArrowFunctionParsing.errors.txt	03-identifier
tsxGenericAttributesType1.errors.txt	03-identifier
tsxGenericAttributesType5.errors.txt	10-object
tsxGenericAttributesType6.errors.txt	10-object
tsxGenericAttributesType7.errors.txt	10-intersection
tsxGenericAttributesType8.errors.txt	10-intersection
tsxInArrowFunction.errors.txt	03-identifier
tsxInferenceShouldNotYieldAnyOnUnions.errors.txt	03-identifier
tsxIntrinsicAttributeErrors.errors.txt	10-object
tsxInvokeComponentType.errors.txt	10-object
tsxLibraryManagedAttributes.errors.txt	10-object
tsxNamespacedAttributeName1.errors.txt	03-identifier
tsxNamespacedAttributeName2.errors.txt	03-identifier
tsxNamespacedTagName1.errors.txt	03-identifier
tsxNamespacedTagName2.errors.txt	03-identifier
tsxNoJsx.errors.txt	03-identifier
tsxNoTypeAnnotatedSFC.errors.txt	03-identifier
tsxNotUsingApparentTypeOfSFC.errors.txt	10-object
tsxParseTests1.errors.txt	03-identifier
tsxParseTests2.errors.txt	03-identifier
tsxReactComponentWithDefaultTypeParameter3.errors.txt	10-object
tsxReactEmit1.errors.txt	03-identifier
tsxReactEmit3.errors.txt	03-identifier
tsxReactEmit4.errors.txt	03-identifier
tsxReactEmit5.errors.txt	03-identifier
tsxReactEmit7.errors.txt	03-identifier
tsxReactEmitNesting.errors.txt	03-identifier
tsxResolveExternalModuleExportsTypes.errors.txt	03-identifier
tsxSfcReturnUndefinedStrictNullChecks.errors.txt	03-identifier
tsxSpreadAttributesResolution10.errors.txt	02-literal
tsxSpreadAttributesResolution11.errors.txt	03-identifier
tsxSpreadAttributesResolution12.errors.txt	10-object
tsxSpreadAttributesResolution13.errors.txt	03-identifier
tsxSpreadAttributesResolution14.errors.txt	10-object
tsxSpreadAttributesResolution16.errors.txt	10-object
tsxSpreadAttributesResolution17.errors.txt	03-identifier
tsxSpreadAttributesResolution2.errors.txt	10-object
tsxSpreadAttributesResolution4.errors.txt	00-no-arguments
tsxSpreadAttributesResolution5.errors.txt	10-object
tsxSpreadAttributesResolution6.errors.txt	10-object
tsxSpreadChildren.errors.txt	03-identifier
tsxSpreadChildrenInvalidType(jsx=react,target=es2015).errors.txt	00-no-arguments
tsxSpreadChildrenInvalidType(jsx=react-jsx,target=es2015).errors.txt	05-other-single-token
tsxSpreadInvalidType.errors.txt	00-no-arguments
tsxStatelessFunctionComponentOverload4.errors.txt	10-object
tsxStatelessFunctionComponentOverload5.errors.txt	10-object
tsxStatelessFunctionComponentOverload6.errors.txt	00-no-arguments
tsxStatelessFunctionComponents1.errors.txt	10-object
tsxStatelessFunctionComponents2.errors.txt	10-object
tsxStatelessFunctionComponentsWithTypeArguments4.errors.txt	10-object
tsxTypeArgumentPartialDefinitionStillErrors.errors.txt	03-identifier
tsxTypeArgumentResolution.errors.txt	10-object
tsxTypeErrors.errors.txt	03-identifier
tsxUnionElementType1.errors.txt	01-keyword
tsxUnionElementType2.errors.txt	01-keyword
tsxUnionElementType3.errors.txt	10-object
tsxUnionElementType4.errors.txt	10-object
tsxUnionElementType6.errors.txt	10-object
tsxUnionTypeComponent2.errors.txt	03-identifier
tupleElementTypes1.errors.txt	01-keyword
tupleLengthCheck.errors.txt	10-tuple-or-index
tupleTypes.errors.txt	10-union
twoAccessorsWithSameName(target=es2015).errors.txt	03-identifier
twoAccessorsWithSameName2.errors.txt	03-identifier
twoGenericInterfacesDifferingByTypeParameterName.errors.txt	03-identifier
twoGenericInterfacesDifferingByTypeParameterName2.errors.txt	03-identifier
twoGenericInterfacesWithDifferentConstraints.errors.txt	03-identifier
twoGenericInterfacesWithTheSameNameButDifferentArity.errors.txt	03-identifier
twoInterfacesDifferentRootModule.errors.txt	10-generic
twoInterfacesDifferentRootModule2.errors.txt	10-generic
twoMergedInterfacesWithDifferingOverloads.errors.txt	03-identifier
twoMergedInterfacesWithDifferingOverloads2.errors.txt	03-identifier
typeAliasDeclarationEmit(target=es2015).errors.txt	03-identifier
typeAliasDeclarationEmit3.errors.txt	03-identifier
typeAliasDeclareKeywordNewlines.errors.txt	00-no-arguments
typeAliases.errors.txt	03-identifier
typeAliasesDoNotMerge.errors.txt	03-identifier
typeAliasesForObjectTypes.errors.txt	03-identifier
typeArgInference.errors.txt	03-identifier
typeArgInference2.errors.txt	10-union
typeArgInference2WithError.errors.txt	03-identifier
typeArgInferenceWithNull.errors.txt	01-keyword
typeArgumentArityErrorSkipsTrivia.errors.txt	02-literal
typeArgumentConstraintResolution1.errors.txt	03-identifier
typeArgumentDefaultUsesConstraintOnCircularDefault.errors.txt	10-generic
typeArgumentInference.errors.txt	10-union
typeArgumentInferenceApparentType1.errors.txt	03-identifier
typeArgumentInferenceApparentType2.errors.txt	03-identifier
typeArgumentInferenceConstructSignatures.errors.txt	10-object
typeArgumentInferenceErrors.errors.txt	10-function
typeArgumentInferenceOrdering.errors.txt	03-identifier
typeArgumentInferenceWithClassExpression1.errors.txt	03-identifier
typeArgumentInferenceWithClassExpression2.errors.txt	10-typeof
typeArgumentInferenceWithClassExpression3.errors.txt	03-identifier
typeArgumentInferenceWithConstraintAsCommonRoot.errors.txt	03-identifier
typeArgumentInferenceWithConstraints.errors.txt	10-union
typeArgumentInferenceWithObjectLiteral.errors.txt	03-identifier
typeArgumentInferenceWithRecursivelyReferencedTypeAliasToTypeLiteral01.errors.txt	03-identifier
typeArgumentInferenceWithRecursivelyReferencedTypeAliasToTypeLiteral02.errors.txt	03-identifier
typeArgumentsOnFunctionsWithNoTypeParameters.errors.txt	03-identifier
typeArgumentsShouldDisallowNonGenericOverloads.errors.txt	01-keyword
typeArgumentsWithStringLiteralTypes01.errors.txt	10-union
typeAssertionToGenericFunctionType.errors.txt	02-literal
typeAssertions.errors.txt	10-union
typeAssertionsWithIntersectionTypes01.errors.txt	10-intersection
typeAssertionsWithUnionTypes01.errors.txt	03-identifier
typeAssignabilityErrorMessage.errors.txt	10-object
typeCheckExportsVariable.errors.txt	01-keyword
typeCheckTypeArgument.errors.txt	03-identifier
typeCheckingInsideFunctionExpressionInArray.errors.txt	10-array
typeComparisonCaching.errors.txt	04-qualified-name
typeFromContextualThisType.errors.txt	03-identifier
typeFromJSConstructor.errors.txt	00-no-arguments
typeFromJSInitializer.errors.txt	10-object
typeFromJSInitializer4.errors.txt	10-array
typeFromParamTagForFunction.errors.txt	03-identifier
typeFromPropertyAssignment.errors.txt	03-identifier
typeFromPropertyAssignment10.errors.txt	03-identifier
typeFromPropertyAssignment10_1.errors.txt	03-identifier
typeFromPropertyAssignment12.errors.txt	10-function
typeFromPropertyAssignment14.errors.txt	03-identifier
typeFromPropertyAssignment15.errors.txt	03-identifier
typeFromPropertyAssignment16.errors.txt	03-identifier
typeFromPropertyAssignment2.errors.txt	03-identifier
typeFromPropertyAssignment21.errors.txt	03-identifier
typeFromPropertyAssignment22.errors.txt	03-identifier
typeFromPropertyAssignment23.errors.txt	03-identifier
typeFromPropertyAssignment24.errors.txt	10-typeof
typeFromPropertyAssignment26.errors.txt	03-identifier
typeFromPropertyAssignment28.errors.txt	03-identifier
typeFromPropertyAssignment29.errors.txt	10-typeof
typeFromPropertyAssignment3.errors.txt	03-identifier
typeFromPropertyAssignment31.errors.txt	01-keyword
typeFromPropertyAssignment32.errors.txt	01-keyword
typeFromPropertyAssignment33.errors.txt	01-keyword
typeFromPropertyAssignment35.errors.txt	03-identifier
typeFromPropertyAssignment36.errors.txt	03-identifier
typeFromPropertyAssignment4.errors.txt	03-identifier
typeFromPropertyAssignment40.errors.txt	03-identifier
typeFromPropertyAssignment5.errors.txt	03-identifier
typeFromPropertyAssignment6.errors.txt	10-typeof
typeFromPropertyAssignment9.errors.txt	03-identifier
typeFromPropertyAssignment9_1.errors.txt	03-identifier
typeFromPropertyAssignmentOutOfOrder(target=es2015).errors.txt	03-identifier
typeFromPrototypeAssignment.errors.txt	10-function
typeFromPrototypeAssignment2.errors.txt	10-function
typeFromPrototypeAssignment3.errors.txt	10-object
typeGuardConstructorClassAndNumber.errors.txt	10-union
typeGuardConstructorDerivedClass.errors.txt	03-identifier
typeGuardConstructorNarrowPrimitivesInUnion.errors.txt	03-identifier
typeGuardConstructorPrimitiveTypes.errors.txt	03-identifier
typeGuardEnums.errors.txt	03-identifier
typeGuardFunctionErrors.errors.txt	10-union
typeGuardFunctionOfFormThisErrors.errors.txt	10-predicate
typeGuardInClass.errors.txt	10-union
typeGuardNarrowsIndexedAccessOfKnownProperty10.errors.txt	03-identifier
typeGuardNarrowsIndexedAccessOfKnownProperty9.errors.txt	03-identifier
typeGuardNarrowsPrimitiveIntersection.errors.txt	03-identifier
typeGuardNarrowsToLiteralType.errors.txt	03-identifier
typeGuardNarrowsToLiteralTypeUnion.errors.txt	03-identifier
typeGuardNesting.errors.txt	10-union
typeGuardOfFormInstanceOf.errors.txt	10-union
typeGuardOfFormInstanceOfOnInterface.errors.txt	10-union
typeGuardOfFormIsType.errors.txt	10-union
typeGuardOfFormIsTypeOnInterfaces.errors.txt	10-union
typeGuardOfFormNotExpr.errors.txt	10-union
typeGuardOfFormThisMember(target=es2015).errors.txt	10-generic
typeGuardOfFormThisMemberErrors(target=es2015).errors.txt	03-identifier
typeGuardOfFormTypeOfBoolean.errors.txt	10-union
typeGuardOfFormTypeOfEqualEqualHasNoEffect.errors.txt	10-union
typeGuardOfFormTypeOfIsOrderIndependent.errors.txt	10-union
typeGuardOfFormTypeOfNotEqualHasNoEffect.errors.txt	10-union
typeGuardOfFormTypeOfNumber.errors.txt	10-union
typeGuardOfFormTypeOfOther.errors.txt	10-union
typeGuardOfFormTypeOfPrimitiveSubtype.errors.txt	03-identifier
typeGuardOfFormTypeOfString.errors.txt	10-union
typeGuardOfFromPropNameInUnionType.errors.txt	10-union
typeGuardRedundancy.errors.txt	10-union
typeGuardTautologicalConsistiency.errors.txt	03-identifier
typeGuardsAsAssertions.errors.txt	03-identifier
typeGuardsDefeat.errors.txt	00-no-arguments
typeGuardsInClassAccessors(target=es2015).errors.txt	10-union
typeGuardsInClassMethods.errors.txt	10-union
typeGuardsInDoStatement.errors.txt	10-union
typeGuardsInExternalModule.errors.txt	10-union
typeGuardsInForStatement.errors.txt	10-union
typeGuardsInFunction.errors.txt	10-union
typeGuardsInGlobal.errors.txt	10-union
typeGuardsInIfStatement.errors.txt	03-identifier
typeGuardsInModule.errors.txt	10-union
typeGuardsInProperties(target=es2015).errors.txt	10-union
typeGuardsInRightOperandOfOrOrOperator.errors.txt	03-identifier
typeGuardsInWhileStatement.errors.txt	10-union
typeGuardsObjectMethods(target=es2015).errors.txt	10-union
typeGuardsOnClassProperty.errors.txt	03-identifier
typeGuardsWithAny.errors.txt	03-identifier
typeGuardsWithInstanceOf.errors.txt	10-intersection
typeGuardsWithInstanceOfByConstructorSignature.errors.txt	10-union
typeGuardsWithInstanceOfBySymbolHasInstance.errors.txt	10-union
typeIdentityConsidersBrands.errors.txt	03-identifier
typeInfer1.errors.txt	03-identifier
typeInferenceConflictingCandidates.errors.txt	02-literal
typeInferenceReturnTypeCallback.errors.txt	10-generic
typeInferenceTypePredicate.errors.txt	10-object
typeInferenceWithTupleType.errors.txt	10-tuple-or-index
typeInterfaceDeclarationsInBlockStatements1.errors.txt	03-identifier
typeLiteralCallback.errors.txt	03-identifier
typeLookupInIIFE.errors.txt	03-identifier
typeMatch1.errors.txt	10-typeof
typeMatch2.errors.txt	10-object
typeName1.errors.txt	10-typeof
typeNamedUndefined1.errors.txt	01-keyword
typeNamedUndefined2.errors.txt	01-keyword
typeOfEnumAndVarRedeclarations.errors.txt	10-typeof
typeOfOnTypeArg.errors.txt	10-object
typeOfOperator1.errors.txt	01-keyword
typeOfPrototype.errors.txt	01-keyword
typeOfThisGeneral.errors.txt	10-generic
typeOfThisInAccessor.errors.txt	03-identifier
typeOfThisInFunctionExpression.errors.txt	00-no-arguments
typeOfThisInInstanceMember.errors.txt	03-identifier
typeOfThisInInstanceMember2.errors.txt	03-identifier
typeOfThisInMemberFunctions.errors.txt	03-identifier
typeOfThisInStaticMembers10(target=es2022).errors.txt	00-no-arguments
typeOfThisInStaticMembers10(target=es6).errors.txt	00-no-arguments
typeOfThisInStaticMembers10(target=esnext).errors.txt	00-no-arguments
typeOfThisInStaticMembers11(target=es2022).errors.txt	00-no-arguments
typeOfThisInStaticMembers11(target=es6).errors.txt	00-no-arguments
typeOfThisInStaticMembers11(target=esnext).errors.txt	00-no-arguments
typeOfThisInStaticMembers12(target=es2022).errors.txt	10-typeof
typeOfThisInStaticMembers12(target=es6).errors.txt	10-typeof
typeOfThisInStaticMembers12(target=esnext).errors.txt	10-typeof
typeOfThisInStaticMembers13(target=es2022).errors.txt	10-typeof
typeOfThisInStaticMembers13(target=es6).errors.txt	10-typeof
typeOfThisInStaticMembers13(target=esnext).errors.txt	10-typeof
typeOfThisInStaticMembers6.errors.txt	00-no-arguments
typeOfThisInStaticMembers8(target=es2022).errors.txt	06-other-text
typeOfThisInStaticMembers8(target=es6).errors.txt	06-other-text
typeOfThisInStaticMembers8(target=esnext).errors.txt	06-other-text
typeOfThisInStaticMembers9(target=es2022).errors.txt	00-no-arguments
typeOfThisInStaticMembers9(target=es6).errors.txt	00-no-arguments
typeOfThisInStaticMembers9(target=esnext).errors.txt	00-no-arguments
typeOfThisInstanceMemberNarrowedWithLoopAntecedent.errors.txt	10-union
typeOnlyESMImportFromCJS(module=node18).errors.txt	00-no-arguments
typeOnlyExportAsIfBody.errors.txt	00-no-arguments
typeOnlyMerge2.errors.txt	03-identifier
typeOnlyMerge3.errors.txt	10-typeof
typeParamExtendsOtherTypeParam.errors.txt	10-object
typeParameterAndArgumentOfSameName1.errors.txt	03-identifier
typeParameterArgumentEquivalence.errors.txt	10-function
typeParameterArgumentEquivalence2.errors.txt	10-function
typeParameterArgumentEquivalence3.errors.txt	10-function
typeParameterArgumentEquivalence4.errors.txt	10-function
typeParameterArgumentEquivalence5.errors.txt	10-function
typeParameterAsBaseClass.errors.txt	03-identifier
typeParameterAsBaseType.errors.txt	03-identifier
typeParameterAsElementType.errors.txt	03-identifier
typeParameterAsTypeArgument.errors.txt	03-identifier
typeParameterAsTypeParameterConstraint.errors.txt	03-identifier
typeParameterAsTypeParameterConstraint2.errors.txt	10-object
typeParameterAssignability.errors.txt	03-identifier
typeParameterAssignability2.errors.txt	03-identifier
typeParameterAssignability3.errors.txt	03-identifier
typeParameterAssignmentCompat1.errors.txt	10-generic
typeParameterAssignmentWithConstraints.errors.txt	03-identifier
typeParameterComparableRelation.errors.txt	03-identifier
typeParameterConstModifiers.errors.txt	03-identifier
typeParameterConstrainedToOuterTypeParameter.errors.txt	10-generic
typeParameterConstraintInstantiation.errors.txt	03-identifier
typeParameterConstraints1.errors.txt	03-identifier
typeParameterDiamond1.errors.txt	03-identifier
typeParameterDiamond2.errors.txt	10-union
typeParameterDiamond3.errors.txt	10-union
typeParameterDiamond4.errors.txt	10-union
typeParameterDirectlyConstrainedToItself.errors.txt	03-identifier
typeParameterEquality.errors.txt	10-function
typeParameterExplicitlyExtendsAny.errors.txt	10-object
typeParameterExtendsPrimitive.errors.txt	03-identifier
typeParameterFixingWithContextSensitiveArguments2.errors.txt	03-identifier
typeParameterFixingWithContextSensitiveArguments3.errors.txt	03-identifier
typeParameterHasSelfAsConstraint.errors.txt	03-identifier
typeParameterIndirectlyConstrainedToItself.errors.txt	03-identifier
typeParameterOrderReversal.errors.txt	10-generic
typeParameterUsedAsTypeParameterConstraint4.errors.txt	03-identifier
typeParameterWithInvalidConstraintType.errors.txt	10-object
typeParametersAndParametersInComputedNames.errors.txt	03-identifier
typeParametersAvailableInNestedScope.errors.txt	03-identifier
typeParametersInStaticAccessors.errors.txt	10-function
typeParametersInStaticMethods.errors.txt	00-no-arguments
typeParametersInStaticProperties.errors.txt	00-no-arguments
typeParametersShouldNotBeEqual.errors.txt	03-identifier
typeParametersShouldNotBeEqual2.errors.txt	03-identifier
typeParametersShouldNotBeEqual3.errors.txt	03-identifier
typePredicateInLoop.errors.txt	00-no-arguments
typePredicateInherit.errors.txt	10-predicate
typePredicateOnVariableDeclaration01.errors.txt	00-no-arguments
typePredicateOnVariableDeclaration02.errors.txt	05-other-single-token
typePredicateParameterMismatch.errors.txt	03-identifier
typePredicateStructuralMatch.errors.txt	10-object
typePredicatesInUnion3.errors.txt	10-union
typeReferenceDirectiveScopedPackageCustomTypeRoot.errors.txt	05-other-single-token
typeReferenceDirectiveWithFailedFromTypeRoot.errors.txt	03-identifier
typeRelationships.errors.txt	10-union
typeRootsRelativePath.errors.txt	03-identifier
typeSatisfaction.errors.txt	10-object
typeSatisfactionWithDefaultExport.errors.txt	10-object
typeSatisfaction_contextualTyping2.errors.txt	03-identifier
typeSatisfaction_errorLocations1.errors.txt	10-tuple-or-index
typeSatisfaction_optionalMemberConformance.errors.txt	10-object
typeSatisfaction_propNameConstraining.errors.txt	10-object
typeSatisfaction_propertyNameFulfillment.errors.txt	10-object
typeSatisfaction_propertyValueConformance1(nopropertyaccessfromindexsignature=false).errors.txt	10-object
typeSatisfaction_propertyValueConformance1(nopropertyaccessfromindexsignature=true).errors.txt	10-object
typeSatisfaction_propertyValueConformance2(nouncheckedindexedaccess=false).errors.txt	10-object
typeSatisfaction_propertyValueConformance2(nouncheckedindexedaccess=true).errors.txt	10-object
typeSatisfaction_propertyValueConformance3.errors.txt	03-identifier
typeSatisfaction_vacuousIntersectionOfContextualTypes.errors.txt	10-object
typeTagCircularReferenceOnConstructorFunction.errors.txt	03-identifier
typeTagForMultipleVariableDeclarations.errors.txt	04-qualified-name
typeTagModuleExports.errors.txt	01-keyword
typeTagNoErasure.errors.txt	01-keyword
typeTagPrototypeAssignment.errors.txt	01-keyword
typeUsedAsTypeLiteralIndex.errors.txt	03-identifier
typeUsedAsValueError.errors.txt	03-identifier
typeUsedAsValueError2.errors.txt	03-identifier
typeValueConflict1.errors.txt	03-identifier
typeValueConflict2.errors.txt	03-identifier
typeVariableConstraintedToAliasNotAssignableToUnion.errors.txt	10-union
typecheckCommaExpression.errors.txt	03-identifier
typecheckIfCondition.errors.txt	03-identifier
typedArraysCrossAssignability01.errors.txt	10-tuple-or-index
typedefCrossModule.errors.txt	00-no-arguments
typedefCrossModule2.errors.txt	10-object
typedefCrossModule5.errors.txt	03-identifier
typedefDuplicateTypeDeclaration.errors.txt	00-no-arguments
typedefHoisting.errors.txt	04-qualified-name
typedefInnerNamepaths.errors.txt	05-other-single-token
typedefMultipleTypeParameters.errors.txt	10-object
typedefOnStatements.errors.txt	00-no-arguments
typedefScope1.errors.txt	03-identifier
typedefTagTypeResolution.errors.txt	03-identifier
typedefTagWrapping.errors.txt	05-other-single-token
typeofANonExportedType.errors.txt	03-identifier
typeofAmbientExternalModules.errors.txt	10-typeof
typeofAnExportedType.errors.txt	03-identifier
typeofClass.errors.txt	10-typeof
typeofClassWithPrivates.errors.txt	03-identifier
typeofEnum.errors.txt	03-identifier
typeofExternalModules.errors.txt	10-typeof
typeofImportDefer.errors.txt	05-other-single-token
typeofInObjectLiteralType.errors.txt	03-identifier
typeofInternalModules.errors.txt	10-typeof
typeofModuleWithoutExports.errors.txt	03-identifier
typeofOperatorInvalidOperations.errors.txt	05-other-single-token
typeofOperatorWithAnyOtherType.errors.txt	01-keyword
typeofOperatorWithBooleanType.errors.txt	03-identifier
typeofOperatorWithEnumType.errors.txt	00-no-arguments
typeofOperatorWithNumberType.errors.txt	03-identifier
typeofOperatorWithStringType.errors.txt	03-identifier
typeofProperty.errors.txt	03-identifier
typeofSimple.errors.txt	03-identifier
typeofSwitchEmptyStringCase.errors.txt	10-union
typeofThis.errors.txt	10-typeof
typeofTypeParameter.errors.txt	03-identifier
typeofUndefined.errors.txt	03-identifier
typeofUnknownSymbol.errors.txt	03-identifier
types.asyncGenerators.es2018.2.errors.txt	10-tuple-or-index
types.forAwait.es2018.2.errors.txt	10-object
types.forAwait.es2018.3.errors.txt	10-object
typesOnlyExternalModuleStillHasInstance.errors.txt	10-object
typesVersionsDeclarationEmit.multiFileBackReferenceToSelf.errors.txt	03-identifier
typesWithDuplicateTypeParameters.errors.txt	03-identifier
typesWithPrivateConstructor.errors.txt	10-function
typesWithProtectedConstructor.errors.txt	10-function
typesWithPublicConstructor.errors.txt	10-function
typingsLookup1.errors.txt	03-identifier
typingsLookup3.errors.txt	03-identifier
typingsSuggestion1.errors.txt	03-identifier
typingsSuggestion2.errors.txt	03-identifier
typingsSuggestionBun1.errors.txt	03-identifier
typingsSuggestionBun2.errors.txt	03-identifier
umd-errors.errors.txt	03-identifier
umd1.errors.txt	03-identifier
umd2.errors.txt	03-identifier
umd3.errors.txt	03-identifier
umd4.errors.txt	03-identifier
umd5.errors.txt	03-identifier
umd8.errors.txt	03-identifier
umdGlobalAugmentationNoCrash.errors.txt	03-identifier
umdNamespaceMergedWithGlobalAugmentationIsNotCircular.errors.txt	03-identifier
unaryOperators1.errors.txt	03-identifier
unaryOperatorsInStrictMode.errors.txt	03-identifier
uncalledFunctionChecksInConditional.errors.txt	00-no-arguments
uncalledFunctionChecksInConditional2.errors.txt	03-identifier
uncaughtCompilerError2.errors.txt	00-no-arguments
unclosedExportClause01.errors.txt	05-other-single-token
unclosedExportClause02.errors.txt	05-other-single-token
undeclaredBase.errors.txt	10-typeof
undeclaredMethod.errors.txt	03-identifier
undeclaredModuleError.errors.txt	10-function
undeclaredVarEmit.errors.txt	01-keyword
undefinedArgumentInference.errors.txt	03-identifier
undefinedAssignableToEveryType.errors.txt	10-object
undefinedAssignableToGenericMappedIntersection.errors.txt	10-tuple-or-index
undefinedInferentialTyping.errors.txt	03-identifier
undefinedIsSubtypeOfEverything.errors.txt	10-typeof
undefinedSymbolReferencedInArrayLiteral1.errors.txt	10-array
undefinedTypeArgument1.errors.txt	03-identifier
undefinedTypeArgument2.errors.txt	03-identifier
undefinedTypeAssignment1.errors.txt	01-keyword
undefinedTypeAssignment2.errors.txt	01-keyword
undefinedTypeAssignment3.errors.txt	01-keyword
undefinedTypeAssignment4.errors.txt	03-identifier
underscoreTest1.errors.txt	10-union
unexpectedStatementBlockTerminator.errors.txt	00-no-arguments
unicodeEscapesInJsxtags.errors.txt	00-no-arguments
unicodeEscapesInNames02(target=es2015).errors.txt	03-identifier
unicodeExtendedEscapesInRegularExpressions07(target=es6).errors.txt	00-no-arguments
unicodeExtendedEscapesInRegularExpressions12(target=es6).errors.txt	00-no-arguments
unicodeExtendedEscapesInRegularExpressions14(target=es6).errors.txt	05-other-single-token
unicodeExtendedEscapesInRegularExpressions17(target=es6).errors.txt	05-other-single-token
unicodeExtendedEscapesInRegularExpressions19(target=es6).errors.txt	00-no-arguments
unicodeExtendedEscapesInStrings07(target=es6).errors.txt	00-no-arguments
unicodeExtendedEscapesInStrings12(target=es6).errors.txt	00-no-arguments
unicodeExtendedEscapesInStrings14(target=es6).errors.txt	00-no-arguments
unicodeExtendedEscapesInStrings17(target=es6).errors.txt	00-no-arguments
unicodeExtendedEscapesInStrings19(target=es6).errors.txt	00-no-arguments
unicodeExtendedEscapesInStrings20(target=es6).errors.txt	00-no-arguments
unicodeExtendedEscapesInStrings21(target=es6).errors.txt	00-no-arguments
unicodeExtendedEscapesInStrings22(target=es6).errors.txt	00-no-arguments
unicodeExtendedEscapesInStrings24(target=es6).errors.txt	00-no-arguments
unicodeExtendedEscapesInStrings25(target=es6).errors.txt	00-no-arguments
unicodeExtendedEscapesInTemplates07(target=es6).errors.txt	00-no-arguments
unicodeExtendedEscapesInTemplates12(target=es6).errors.txt	00-no-arguments
unicodeExtendedEscapesInTemplates14(target=es6).errors.txt	00-no-arguments
unicodeExtendedEscapesInTemplates17(target=es6).errors.txt	00-no-arguments
unicodeExtendedEscapesInTemplates19(target=es6).errors.txt	00-no-arguments
unicodeIdentifierName2.errors.txt	00-no-arguments
unicodeSpellingSuggestions.errors.txt	06-other-text
unionAndIntersectionInference1.errors.txt	10-function
unionAndIntersectionInference2.errors.txt	03-identifier
unionElementErrorTruncation.errors.txt	10-object
unionErrorMessageOnMatchingDiscriminant.errors.txt	10-object
unionOfArraysFilterCall.errors.txt	04-qualified-name
unionPropertyExistence.errors.txt	10-union
unionPropertyOfProtectedAndIntersectionProperty.errors.txt	10-union
unionSubtypeIfEveryConstituentTypeIsSubtype.errors.txt	10-union
unionSubtypeReductionErrors.errors.txt	00-no-arguments
unionThisTypeInFunctions.errors.txt	10-union
unionTypeCallSignatures.errors.txt	10-union
unionTypeCallSignatures2.errors.txt	03-identifier
unionTypeCallSignatures3.errors.txt	03-identifier
unionTypeCallSignatures4.errors.txt	02-literal
unionTypeCallSignatures5.errors.txt	01-keyword
unionTypeCallSignatures6.errors.txt	10-union
unionTypeConstructSignatures.errors.txt	10-union
unionTypeEquivalence.errors.txt	10-union
unionTypeErrorMessageTypeRefs01.errors.txt	10-generic
unionTypeFromArrayLiteral.errors.txt	10-tuple-or-index
unionTypeIdentity.errors.txt	10-union
unionTypeInference.errors.txt	02-literal
unionTypeLiterals.errors.txt	10-function
unionTypeMembers.errors.txt	10-union
unionTypePropertyAccessibility.errors.txt	10-union
unionTypeReadonly.errors.txt	10-union
unionTypeReduction2.errors.txt	02-literal
unionTypeWithIndexSignature.errors.txt	10-tuple-or-index
unionTypeWithRecursiveSubtypeReduction1.errors.txt	03-identifier
unionTypeWithRecursiveSubtypeReduction2.errors.txt	10-union
unionTypeWithRecursiveSubtypeReduction3.errors.txt	10-object
unionTypesAssignability.errors.txt	10-union
unionsOfTupleTypes1.errors.txt	03-identifier
uniqueSymbolAllowsIndexInObjectWithIndexSignature.errors.txt	02-literal
uniqueSymbolJs.errors.txt	05-other-single-token
uniqueSymbolJs2.errors.txt	10-typeof
uniqueSymbols.errors.txt	10-tuple-or-index
uniqueSymbolsDeclarations.errors.txt	10-tuple-or-index
uniqueSymbolsErrors.errors.txt	10-typeof
uniqueSymbolsPropertyNames.errors.txt	10-tuple-or-index
unknownControlFlow.errors.txt	10-object
unknownSymbolInGenericReturnType.errors.txt	03-identifier
unknownSymbolOffContextualType1.errors.txt	03-identifier
unknownSymbols1.errors.txt	03-identifier
unknownSymbols2.errors.txt	03-identifier
unknownType1.errors.txt	10-object
unknownType2.errors.txt	10-union
unknownTypeArgOnCall.errors.txt	03-identifier
unknownTypeErrors.errors.txt	03-identifier
unmetTypeConstraintInImportCall.errors.txt	03-identifier
unmetTypeConstraintInJSDocImportCall.errors.txt	03-identifier
unparenthesizedConstructorTypeInUnionOrIntersection.errors.txt	00-no-arguments
unparenthesizedFunctionTypeInUnionOrIntersection.errors.txt	00-no-arguments
unqualifiedCallToClassStatic1.errors.txt	03-identifier
unreachableDeclarations(preserveconstenums=false).errors.txt	03-identifier
unreachableDeclarations(preserveconstenums=true).errors.txt	03-identifier
unreachableFlowAfterThrowingForHead1(allowunreachablecode=false).errors.txt	03-identifier
unreachableFlowAfterThrowingForHead1(allowunreachablecode=true).errors.txt	03-identifier
unreachableFlowAfterThrowingForHead2(allowunreachablecode=false).errors.txt	00-no-arguments
unreachableJavascriptChecked.errors.txt	00-no-arguments
unreachableSwitchTypeofAny.errors.txt	00-no-arguments
unreachableSwitchTypeofUnknown.errors.txt	00-no-arguments
unresolvableSelfReferencingAwaitedUnion.errors.txt	03-identifier
unresolvedTypeAssertionSymbol.errors.txt	03-identifier
unresolvedTypeDirectiveError.errors.txt	03-identifier
unspecializedConstraints.errors.txt	03-identifier
unterminatedRegexAtEndOfSource1.errors.txt	00-no-arguments
unterminatedStringLiteralWithBackslash1.errors.txt	00-no-arguments
untypedFunctionCallsWithTypeParameters1.errors.txt	03-identifier
untypedModuleImport_allowJs.errors.txt	10-import-type
untypedModuleImport_noImplicitAny.errors.txt	05-other-single-token
untypedModuleImport_noImplicitAny_relativePath.errors.txt	05-other-single-token
untypedModuleImport_noImplicitAny_scoped.errors.txt	05-other-single-token
untypedModuleImport_noImplicitAny_typesForPackageExist.errors.txt	05-other-single-token
untypedModuleImport_withAugmentation.errors.txt	05-other-single-token
untypedModuleImport_withAugmentation2.errors.txt	05-other-single-token
unusedClassesinModule1.errors.txt	03-identifier
unusedClassesinNamespace1.errors.txt	03-identifier
unusedClassesinNamespace2.errors.txt	03-identifier
unusedClassesinNamespace4.errors.txt	03-identifier
unusedClassesinNamespace5.errors.txt	03-identifier
unusedDestructuring.errors.txt	03-identifier
unusedDestructuringParameters.errors.txt	03-identifier
unusedFunctionsinNamespaces1.errors.txt	03-identifier
unusedFunctionsinNamespaces2.errors.txt	03-identifier
unusedFunctionsinNamespaces3.errors.txt	03-identifier
unusedFunctionsinNamespaces4.errors.txt	03-identifier
unusedFunctionsinNamespaces5.errors.txt	03-identifier
unusedFunctionsinNamespaces6.errors.txt	03-identifier
unusedGetterInClass(target=es2015).errors.txt	03-identifier
unusedIdentifiersConsolidated1.errors.txt	03-identifier
unusedImportDeclaration.errors.txt	03-identifier
unusedImports1.errors.txt	03-identifier
unusedImports10.errors.txt	03-identifier
unusedImports12.errors.txt	03-identifier
unusedImports2.errors.txt	03-identifier
unusedImports3.errors.txt	03-identifier
unusedImports4.errors.txt	03-identifier
unusedImports5.errors.txt	03-identifier
unusedImports6.errors.txt	03-identifier
unusedImports7.errors.txt	03-identifier
unusedImports8.errors.txt	03-identifier
unusedImports9.errors.txt	03-identifier
unusedImports_entireImportDeclaration.errors.txt	03-identifier
unusedInterfaceinNamespace1.errors.txt	03-identifier
unusedInterfaceinNamespace2.errors.txt	03-identifier
unusedInterfaceinNamespace3.errors.txt	03-identifier
unusedInvalidTypeArguments.errors.txt	03-identifier
unusedLocalsAndObjectSpread.errors.txt	03-identifier
unusedLocalsAndObjectSpread2.errors.txt	03-identifier
unusedLocalsAndParameters.errors.txt	05-other-single-token
unusedLocalsAndParametersTypeAliases2.errors.txt	03-identifier
unusedLocalsInForInOrOf1.errors.txt	03-identifier
unusedLocalsInMethod1.errors.txt	03-identifier
unusedLocalsInMethod2.errors.txt	00-no-arguments
unusedLocalsInMethod3.errors.txt	00-no-arguments
unusedLocalsInMethod4.errors.txt	03-identifier
unusedLocalsOnFunctionDeclarationWithinFunctionDeclaration1.errors.txt	03-identifier
unusedLocalsOnFunctionDeclarationWithinFunctionDeclaration2.errors.txt	03-identifier
unusedLocalsOnFunctionDeclarationWithinFunctionExpression1.errors.txt	03-identifier
unusedLocalsOnFunctionDeclarationWithinFunctionExpression2.errors.txt	03-identifier
unusedLocalsOnFunctionExpressionWithinFunctionDeclaration1.errors.txt	03-identifier
unusedLocalsOnFunctionExpressionWithinFunctionDeclaration2.errors.txt	03-identifier
unusedLocalsOnFunctionExpressionWithinFunctionExpression1.errors.txt	03-identifier
unusedLocalsOnFunctionExpressionWithinFunctionExpression2.errors.txt	03-identifier
unusedLocalsStartingWithUnderscore.errors.txt	03-identifier
unusedLocalsinConstructor1.errors.txt	03-identifier
unusedLocalsinConstructor2.errors.txt	03-identifier
unusedModuleInModule.errors.txt	03-identifier
unusedMultipleParameter1InContructor.errors.txt	03-identifier
unusedMultipleParameter1InFunctionExpression.errors.txt	03-identifier
unusedMultipleParameter2InContructor.errors.txt	03-identifier
unusedMultipleParameter2InFunctionExpression.errors.txt	03-identifier
unusedMultipleParameters1InFunctionDeclaration.errors.txt	03-identifier
unusedMultipleParameters1InMethodDeclaration.errors.txt	03-identifier
unusedMultipleParameters2InFunctionDeclaration.errors.txt	03-identifier
unusedMultipleParameters2InMethodDeclaration.errors.txt	03-identifier
unusedNamespaceInModule.errors.txt	03-identifier
unusedNamespaceInNamespace.errors.txt	03-identifier
unusedParameterProperty1.errors.txt	03-identifier
unusedParameterProperty2.errors.txt	03-identifier
unusedParametersInLambda1.errors.txt	03-identifier
unusedParametersInLambda2.errors.txt	03-identifier
unusedParametersThis.errors.txt	03-identifier
unusedParametersWithUnderscore.errors.txt	03-identifier
unusedParametersinConstructor1.errors.txt	03-identifier
unusedParametersinConstructor2.errors.txt	03-identifier
unusedParametersinConstructor3.errors.txt	03-identifier
unusedPrivateMembers(target=es2015).errors.txt	03-identifier
unusedPrivateMethodInClass1.errors.txt	03-identifier
unusedPrivateMethodInClass2.errors.txt	03-identifier
unusedPrivateMethodInClass3.errors.txt	03-identifier
unusedPrivateMethodInClass4.errors.txt	03-identifier
unusedPrivateStaticMembers.errors.txt	03-identifier
unusedPrivateVariableInClass1.errors.txt	03-identifier
unusedPrivateVariableInClass2.errors.txt	03-identifier
unusedPrivateVariableInClass3.errors.txt	03-identifier
unusedPrivateVariableInClass4.errors.txt	03-identifier
unusedPrivateVariableInClass5.errors.txt	03-identifier
unusedSetterInClass(target=es2015).errors.txt	03-identifier
unusedSingleParameterInContructor.errors.txt	03-identifier
unusedSingleParameterInFunctionDeclaration.errors.txt	03-identifier
unusedSingleParameterInFunctionExpression.errors.txt	03-identifier
unusedSingleParameterInMethodDeclaration.errors.txt	03-identifier
unusedSwitchStatement.errors.txt	03-identifier
unusedTypeParameterInFunction1.errors.txt	03-identifier
unusedTypeParameterInFunction2.errors.txt	03-identifier
unusedTypeParameterInFunction3.errors.txt	03-identifier
unusedTypeParameterInFunction4.errors.txt	03-identifier
unusedTypeParameterInInterface1.errors.txt	03-identifier
unusedTypeParameterInInterface2.errors.txt	03-identifier
unusedTypeParameterInLambda1.errors.txt	03-identifier
unusedTypeParameterInLambda2.errors.txt	03-identifier
unusedTypeParameterInLambda3.errors.txt	03-identifier
unusedTypeParameterInMethod1.errors.txt	03-identifier
unusedTypeParameterInMethod2.errors.txt	03-identifier
unusedTypeParameterInMethod3.errors.txt	03-identifier
unusedTypeParameterInMethod4.errors.txt	03-identifier
unusedTypeParameterInMethod5.errors.txt	03-identifier
unusedTypeParameters1.errors.txt	03-identifier
unusedTypeParameters10.errors.txt	03-identifier
unusedTypeParameters2.errors.txt	03-identifier
unusedTypeParameters3.errors.txt	03-identifier
unusedTypeParameters4.errors.txt	03-identifier
unusedTypeParameters5.errors.txt	03-identifier
unusedTypeParameters7.errors.txt	03-identifier
unusedTypeParameters9.errors.txt	03-identifier
unusedTypeParametersCheckedByNoUnusedParameters.errors.txt	03-identifier
unusedTypeParametersWithUnderscore.errors.txt	03-identifier
unusedTypeParameters_infer.errors.txt	03-identifier
unusedTypeParameters_templateTag.errors.txt	03-identifier
unusedTypeParameters_templateTag2.errors.txt	10-generic
unusedVariablesWithUnderscoreInBindingElement.errors.txt	03-identifier
unusedVariablesWithUnderscoreInForOfLoop.errors.txt	03-identifier
unusedVariablesinBlocks1.errors.txt	03-identifier
unusedVariablesinBlocks2.errors.txt	03-identifier
unusedVariablesinForLoop.errors.txt	03-identifier
unusedVariablesinForLoop2.errors.txt	03-identifier
unusedVariablesinForLoop3.errors.txt	03-identifier
unusedVariablesinForLoop4.errors.txt	03-identifier
unusedVariablesinModules1.errors.txt	03-identifier
unusedVariablesinNamespaces1.errors.txt	03-identifier
unusedVariablesinNamespaces2.errors.txt	03-identifier
unusedVariablesinNamespaces3.errors.txt	03-identifier
useBeforeDeclaration_classDecorators.1.errors.txt	03-identifier
useBeforeDeclaration_classDecorators.2(experimentaldecorators=false).errors.txt	03-identifier
useBeforeDeclaration_destructuring.errors.txt	03-identifier
useBeforeDeclaration_jsx.errors.txt	03-identifier
useBeforeDeclaration_propertyAssignment.errors.txt	03-identifier
useBeforeDeclaration_superClass.errors.txt	03-identifier
useObjectValuesAndEntries2(target=es2015).errors.txt	03-identifier
useObjectValuesAndEntries3.errors.txt	03-identifier
useRegexpGroups.errors.txt	04-qualified-name
useSharedArrayBuffer2(target=es2015).errors.txt	03-identifier
useSharedArrayBuffer3.errors.txt	03-identifier
useSharedArrayBuffer6(target=es2015).errors.txt	03-identifier
useUnknownInCatchVariables01.errors.txt	03-identifier
usingDeclarationWithNewline.errors.txt	03-identifier
usingDeclarations.10.errors.txt	03-identifier
usingDeclarations.13.errors.txt	03-identifier
usingDeclarations.14.errors.txt	10-tuple-or-index
usingDeclarations.16.errors.txt	00-no-arguments
usingDeclarations.17.errors.txt	00-no-arguments
usingDeclarations.4.errors.txt	03-identifier
usingDeclarations.5.errors.txt	03-identifier
usingDeclarations.6.errors.txt	03-identifier
usingDeclarations.7.errors.txt	03-identifier
usingDeclarations.8.errors.txt	03-identifier
usingDeclarations.9.errors.txt	03-identifier
usingDeclarationsInForIn.errors.txt	00-no-arguments
usingDeclarationsInForOf.2.errors.txt	03-identifier
usingDeclarationsInForOf.3.errors.txt	03-identifier
usingDeclarationsInForOf.4.errors.txt	03-identifier
usingDeclarationsWithImportHelpers.errors.txt	03-identifier
usingDeclarationsWithIteratorObject.errors.txt	10-tuple-or-index
usingDeclarationsWithObjectLiterals1.errors.txt	03-identifier
usingDeclarationsWithObjectLiterals2(noimplicitany=true).errors.txt	03-identifier
validEnumAssignments.errors.txt	03-identifier
validMultipleVariableDeclarations.errors.txt	10-object
validNullAssignments.errors.txt	10-object
validRegexp.errors.txt	05-other-single-token
validUndefinedAssignments.errors.txt	10-object
validVoidValues.errors.txt	01-keyword
valuesMergingAcrossModules.errors.txt	10-typeof
varAndFunctionShareName.errors.txt	03-identifier
varArgConstructorMemberParameter.errors.txt	00-no-arguments
varArgParamTypeCheck.errors.txt	00-no-arguments
varArgWithNoParamName.errors.txt	05-other-single-token
varBlock.errors.txt	03-identifier
varNameConflictsWithImportInDifferentPartOfModule.errors.txt	03-identifier
vararg.errors.txt	03-identifier
variableDeclarationInStrictMode1.errors.txt	03-identifier
variableDeclaratorResolvedDuringContextualTyping.errors.txt	03-identifier
variadicTupleMismatch.errors.txt	10-tuple-or-index
variadicTuples1.errors.txt	10-union
variadicTuples2.errors.txt	10-tuple-or-index
variadicTuples3.errors.txt	10-tuple-or-index
varianceAnnotationValidation.errors.txt	10-generic
varianceAnnotations.errors.txt	10-rest-or-elision
varianceAnnotationsWithCircularlyReferencesError.errors.txt	05-other-single-token
varianceMeasurement.errors.txt	10-generic
varianceModifiersOnClassMembers.errors.txt	03-identifier
varianceReferences.errors.txt	10-union
verbatimModuleSyntaxAmbientConstEnum.errors.txt	03-identifier
verbatimModuleSyntaxInternalImportEquals.errors.txt	03-identifier
verbatimModuleSyntaxNoElisionCJS.errors.txt	03-identifier
verbatimModuleSyntaxNoElisionESM.errors.txt	03-identifier
verbatimModuleSyntaxRestrictionsCJS.errors.txt	00-no-arguments
verbatimModuleSyntaxRestrictionsESM(esmoduleinterop=true).errors.txt	00-no-arguments
visibilityOfCrossModuleTypeUsage.errors.txt	10-union
voidArrayLit.errors.txt	01-keyword
voidAsNonAmbiguousReturnType.errors.txt	00-no-arguments
voidAsOperator.errors.txt	00-no-arguments
voidOperatorInvalidOperations.errors.txt	05-other-single-token
voidOperatorWithAnyOtherType.errors.txt	01-keyword
weakType.errors.txt	10-object
widenToAny1.errors.txt	10-union
widenToAny2.errors.txt	10-union
widenedTypes.errors.txt	01-keyword
wideningTuples3.errors.txt	10-tuple-or-index
wideningTuples4.errors.txt	10-tuple-or-index
wideningTuples5.errors.txt	03-identifier
wideningTuples7.errors.txt	10-tuple-or-index
withStatement.errors.txt	00-no-arguments
withStatementErrors.errors.txt	00-no-arguments
withStatementNestedScope.errors.txt	00-no-arguments
withStatements.errors.txt	00-no-arguments
witness.errors.txt	10-object
wrappedAndRecursiveConstraints4.errors.txt	10-function
wrappedRecursiveGenericType.errors.txt	10-generic
yieldExpression1.errors.txt	01-keyword
yieldExpressionInControlFlow.errors.txt	10-array
yieldExpressionInFlowLoop.errors.txt	00-no-arguments
yieldStringLiteral.errors.txt	00-no-arguments
