id	file	start	end	lines	panics	diag_stmts	diag_covered	diag_covlines	full_stmts	full_covered	full_covlines	k4_stmts	k4_covered	k4_covlines	diagdecl_stmts	diagdecl_covered	diagdecl_covlines	rt_stmts	rt_covered	rt_covlines	p2_stmts	p2_covered	p2_covlines	p3_stmts	p3_covered	p3_covlines
checker.newEmitResolver	checker/emitresolver.go	45	51	7	0	5	5	7	5	5	7	5	0	0	5	5	7	0	0	0	5	5	7	5	5	7
checker.EmitResolver.GetJsxFactoryEntity	checker/emitresolver.go	53	57	5	0	3	0	0	3	3	5	3	0	0	3	0	0	0	0	0	3	0	0	3	0	0
checker.EmitResolver.GetJsxFragmentFactoryEntity	checker/emitresolver.go	59	63	5	0	3	0	0	3	3	5	3	0	0	3	0	0	0	0	0	3	0	0	3	0	0
checker.EmitResolver.IsOptionalParameter	checker/emitresolver.go	65	69	5	0	3	0	0	3	3	5	3	0	0	3	3	5	0	0	0	3	0	0	3	0	0
checker.EmitResolver.IsLateBound	checker/emitresolver.go	71	87	17	0	10	0	0	10	7	10	10	0	0	10	7	10	0	0	0	10	0	0	10	0	0
checker.EmitResolver.GetEnumMemberValue	checker/emitresolver.go	89	102	14	0	8	0	0	8	6	9	8	0	0	8	6	9	0	0	0	8	0	0	8	0	0
checker.EmitResolver.IsDeclarationVisible	checker/emitresolver.go	104	109	6	0	3	0	0	3	3	6	3	0	0	3	3	6	0	0	0	3	0	0	3	0	0
checker.EmitResolver.isDeclarationVisible	checker/emitresolver.go	111	129	19	0	10	8	12	10	8	12	10	0	0	10	8	12	0	0	0	10	7	10	10	8	12
checker.EmitResolver.determineIfDeclarationIsVisible	checker/emitresolver.go	131	234	104	0	25	11	20	25	19	34	25	0	0	25	19	34	0	0	0	25	7	13	25	7	13
checker.EmitResolver.PrecalculateDeclarationEmitVisibility	checker/emitresolver.go	236	247	12	0	6	0	0	6	6	11	6	0	0	6	5	9	0	0	0	6	0	0	6	0	0
checker.isCommonJSModuleExports	checker/emitresolver.go	249	258	10	0	4	0	0	4	4	7	4	0	0	4	4	7	0	0	0	4	0	0	4	0	0
checker.EmitResolver.aliasMarkingVisitorWorker	checker/emitresolver.go	260	274	15	0	7	0	0	7	7	13	7	0	0	7	7	13	0	0	0	7	0	0	7	0	0
checker.EmitResolver.markLinkedAliases	checker/emitresolver.go	278	309	32	0	20	0	0	20	19	25	20	0	0	20	19	25	0	0	0	20	0	0	20	0	0
checker.getMeaningOfEntityNameReference	checker/emitresolver.go	311	332	22	0	5	4	16	5	5	20	5	0	0	5	5	20	0	0	0	5	5	20	5	4	16
checker.EmitResolver.IsEntityNameVisible	checker/emitresolver.go	334	338	5	0	3	0	0	3	3	5	3	0	0	3	3	5	0	0	0	3	0	0	3	0	0
checker.EmitResolver.isEntityNameVisible	checker/emitresolver.go	340	380	41	0	17	10	18	17	16	32	17	0	0	17	16	32	0	0	0	17	8	17	17	0	0
checker.noopAddVisibleAlias	checker/emitresolver.go	382	382	1	0	0	0	1	0	0	1	0	0	0	0	0	1	0	0	0	0	0	0	0	0	0
checker.EmitResolver.hasVisibleDeclarations	checker/emitresolver.go	384	465	82	0	42	23	44	42	39	62	42	0	0	42	38	60	0	0	0	42	8	15	42	14	29
checker.EmitResolver.IsImplementationOfOverload	checker/emitresolver.go	467	506	40	0	19	0	0	19	18	30	19	0	0	19	18	30	0	0	0	19	0	0	19	0	0
checker.EmitResolver.IsImportRequiredByAugmentation	checker/emitresolver.go	508	542	35	0	22	0	0	22	21	28	22	0	0	22	21	28	0	0	0	22	0	0	22	0	0
checker.EmitResolver.IsDefinitelyReferenceToGlobalSymbolObject	checker/emitresolver.go	544	566	23	0	13	0	0	13	5	10	13	0	0	13	5	10	0	0	0	13	0	0	13	0	0
checker.EmitResolver.RequiresAddingImplicitUndefined	checker/emitresolver.go	568	575	8	0	5	0	0	5	4	5	5	0	0	5	4	5	0	0	0	5	0	0	5	0	0
checker.EmitResolver.RequiresAddingImplicitUndefinedUnsafe	checker/emitresolver.go	577	583	7	0	3	0	0	3	2	3	3	0	0	3	2	3	0	0	0	3	0	0	3	0	0
checker.EmitResolver.requiresAddingImplicitUndefined	checker/emitresolver.go	585	603	19	1	10	7	11	10	7	11	10	0	0	10	7	11	0	0	0	10	7	11	10	7	11
checker.EmitResolver.requiresAddingImplicitUndefinedWorker	checker/emitresolver.go	605	607	3	0	1	1	3	1	1	3	1	0	0	1	1	3	0	0	0	1	1	3	1	1	3
checker.EmitResolver.declaredParameterTypeContainsUndefined	checker/emitresolver.go	609	620	12	0	5	0	0	5	5	11	5	0	0	5	5	11	0	0	0	5	0	0	5	0	0
checker.EmitResolver.isOptionalUninitializedParameterProperty	checker/emitresolver.go	622	627	6	0	1	1	6	1	1	6	1	0	0	1	1	6	0	0	0	1	1	6	1	1	6
checker.EmitResolver.isRequiredInitializedParameter	checker/emitresolver.go	629	637	9	0	5	2	4	5	5	8	5	0	0	5	5	8	0	0	0	5	2	4	5	2	4
checker.EmitResolver.isOptionalParameter	checker/emitresolver.go	639	641	3	0	1	1	3	1	1	3	1	0	0	1	1	3	0	0	0	1	1	3	1	1	3
checker.EmitResolver.IsLiteralConstDeclaration	checker/emitresolver.go	643	658	16	0	10	0	0	10	9	12	10	0	0	10	9	12	0	0	0	10	0	0	10	0	0
checker.EmitResolver.IsExpandoFunctionDeclarationUnsafe	checker/emitresolver.go	660	673	14	0	7	0	0	7	6	9	7	0	0	7	6	9	0	0	0	7	0	0	7	0	0
checker.EmitResolver.IsExpandoFunctionDeclaration	checker/emitresolver.go	675	679	5	0	3	0	0	3	3	5	3	0	0	3	3	5	0	0	0	3	0	0	3	0	0
checker.EmitResolver.isSymbolAccessible	checker/emitresolver.go	681	683	3	0	1	0	0	1	1	3	1	0	0	1	1	3	0	0	0	1	0	0	1	0	0
checker.EmitResolver.IsSymbolAccessible	checker/emitresolver.go	685	691	7	0	1	0	0	1	1	7	1	0	0	1	1	7	0	0	0	1	0	0	1	0	0
checker.isConstEnumOrConstEnumOnlyModule	checker/emitresolver.go	693	695	3	0	1	1	3	1	1	3	1	0	0	1	1	3	0	0	0	1	0	0	1	1	3
checker.EmitResolver.IsReferencedAliasDeclaration	checker/emitresolver.go	697	721	25	0	14	0	0	14	12	17	14	0	0	14	0	0	0	0	0	14	0	0	14	0	0
checker.EmitResolver.IsValueAliasDeclaration	checker/emitresolver.go	723	733	11	0	6	0	0	6	5	7	6	0	0	6	0	0	0	0	0	6	0	0	6	0	0
checker.EmitResolver.isValueAliasDeclarationWorker	checker/emitresolver.go	735	762	28	0	13	0	0	13	7	12	13	0	0	13	0	0	0	0	0	13	0	0	13	0	0
checker.EmitResolver.isAliasResolvedToValue	checker/emitresolver.go	764	787	24	0	11	0	0	11	10	18	11	0	0	11	0	0	0	0	0	11	0	0	11	0	0
checker.EmitResolver.IsTopLevelValueImportEqualsWithEntityName	checker/emitresolver.go	789	806	18	0	10	0	0	10	9	14	10	0	0	10	0	0	0	0	0	10	0	0	10	0	0
checker.EmitResolver.MarkLinkedReferencesRecursively	checker/emitresolver.go	808	830	23	0	15	0	0	15	14	18	15	0	0	15	0	0	0	0	0	15	0	0	15	0	0
checker.EmitResolver.GetExternalModuleFileFromDeclaration	checker/emitresolver.go	832	840	9	0	5	0	0	5	4	5	5	0	0	5	4	5	0	0	0	5	0	0	5	0	0
checker.EmitResolver.getReferenceResolver	checker/emitresolver.go	842	856	15	0	3	0	0	3	3	14	3	0	0	3	3	14	0	0	0	3	0	0	3	0	0
checker.EmitResolver.GetReferencedExportContainer	checker/emitresolver.go	858	867	10	0	5	0	0	5	5	8	5	0	0	5	0	0	0	0	0	5	0	0	5	0	0
checker.EmitResolver.SetReferencedImportDeclaration	checker/emitresolver.go	869	873	5	0	3	0	0	3	3	5	3	0	0	3	0	0	0	0	0	3	0	0	3	0	0
checker.EmitResolver.GetReferencedImportDeclaration	checker/emitresolver.go	875	887	13	0	8	0	0	8	8	11	8	0	0	8	0	0	0	0	0	8	0	0	8	0	0
checker.EmitResolver.GetReferencedValueDeclaration	checker/emitresolver.go	889	898	10	0	5	0	0	5	5	8	5	0	0	5	4	6	0	0	0	5	0	0	5	0	0
checker.EmitResolver.GetReferencedValueDeclarationUnsafe	checker/emitresolver.go	900	902	3	0	1	0	0	1	1	3	1	0	0	1	1	3	0	0	0	1	0	0	1	0	0
checker.EmitResolver.GetReferencedValueDeclarations	checker/emitresolver.go	904	913	10	0	5	0	0	5	4	6	5	0	0	5	0	0	0	0	0	5	0	0	5	0	0
checker.EmitResolver.IsNameResolvable	checker/emitresolver.go	916	922	7	0	4	0	0	4	4	7	4	0	0	4	4	7	0	0	0	4	0	0	4	0	0
checker.EmitResolver.GetElementAccessExpressionName	checker/emitresolver.go	924	933	10	0	5	0	0	5	4	6	5	0	0	5	4	6	0	0	0	5	0	0	5	0	0
checker.EmitResolver.GetReferencedMemberValueDeclaration	checker/emitresolver.go	935	944	10	0	5	0	0	5	4	6	5	0	0	5	4	6	0	0	0	5	0	0	5	0	0
checker.EmitResolver.CreateReturnTypeOfSignatureDeclaration	checker/emitresolver.go	950	960	11	0	7	0	0	7	6	7	7	0	0	7	6	7	0	0	0	7	0	0	7	0	0
checker.EmitResolver.CreateTypeParametersOfSignatureDeclaration	checker/emitresolver.go	962	972	11	0	7	0	0	7	6	7	7	0	0	7	6	7	0	0	0	7	0	0	7	0	0
checker.EmitResolver.CreateTypeOfDeclaration	checker/emitresolver.go	974	986	13	0	8	0	0	8	7	9	8	0	0	8	7	9	0	0	0	8	0	0	8	0	0
checker.EmitResolver.CreateLiteralConstValue	checker/emitresolver.go	988	1047	60	1	37	0	0	37	26	39	37	0	0	37	26	39	0	0	0	37	0	0	37	0	0
checker.EmitResolver.CreateTypeOfExpression	checker/emitresolver.go	1049	1059	11	0	7	0	0	7	6	7	7	0	0	7	6	7	0	0	0	7	0	0	7	0	0
checker.EmitResolver.CreateLateBoundIndexSignatures	checker/emitresolver.go	1061	1149	89	0	49	0	0	49	44	63	49	0	0	49	44	63	0	0	0	49	0	0	49	0	0
checker.EmitResolver.GetEffectiveDeclarationFlags	checker/emitresolver.go	1151	1156	6	0	3	0	0	3	3	6	3	0	0	3	3	6	0	0	0	3	0	0	3	0	0
checker.EmitResolver.GetResolutionModeOverride	checker/emitresolver.go	1158	1163	6	0	3	0	0	3	3	6	3	0	0	3	3	6	0	0	0	3	0	0	3	0	0
checker.EmitResolver.GetConstantValue	checker/emitresolver.go	1165	1170	6	0	3	0	0	3	3	6	3	0	0	3	0	0	0	0	0	3	0	0	3	0	0
checker.EmitResolver.GetTypeReferenceSerializationKind	checker/emitresolver.go	1172	1262	91	0	58	0	0	58	47	63	58	0	0	58	0	0	0	0	0	58	0	0	58	0	0
checker.EmitResolver.GetPropertiesOfContainerFunction	checker/emitresolver.go	1264	1277	14	0	6	0	0	6	5	11	6	0	0	6	5	11	0	0	0	6	0	0	6	0	0
checker.EmitResolver.TryJSTypeNodeToTypeNode	checker/emitresolver.go	1279	1286	8	0	5	0	0	5	5	8	5	0	0	5	5	8	0	0	0	5	0	0	5	0	0
checker.EmitResolver.IsThisPropertyAssignmentDeclarationRedundant	checker/emitresolver.go	1299	1330	32	0	19	0	0	19	16	22	19	0	0	19	16	22	0	0	0	19	0	0	19	0	0
checker.NodeBuilder.EmitContext	checker/nodebuilder.go	29	31	3	0	1	1	3	1	1	3	1	1	3	1	1	3	0	0	0	1	1	3	1	1	3
checker.NodeBuilder.enterContext	checker/nodebuilder.go	33	59	27	0	9	7	23	9	7	23	9	7	23	9	7	23	0	0	0	9	7	23	9	7	23
checker.NodeBuilder.propagateVerbosityOut	checker/nodebuilder.go	62	72	11	0	5	1	2	5	1	2	5	1	2	5	1	2	0	0	0	5	1	2	5	1	2
checker.NodeBuilder.popContext	checker/nodebuilder.go	74	82	9	0	5	4	7	5	4	7	5	4	7	5	4	7	0	0	0	5	4	7	5	4	7
checker.NodeBuilder.exitContext	checker/nodebuilder.go	84	92	9	0	6	5	6	6	6	8	6	5	6	6	6	8	0	0	0	6	5	6	6	5	6
checker.NodeBuilder.exitContextSlice	checker/nodebuilder.go	94	102	9	0	6	0	0	6	5	6	6	0	0	6	5	6	0	0	0	6	0	0	6	0	0
checker.NodeBuilder.exitContextCheck	checker/nodebuilder.go	104	108	5	0	2	1	2	2	2	4	2	1	2	2	2	4	0	0	0	2	1	2	2	1	2
checker.NodeBuilder.IndexInfoToIndexSignatureDeclaration	checker/nodebuilder.go	111	114	4	0	2	0	0	2	2	4	2	0	0	2	2	4	0	0	0	2	0	0	2	0	0
checker.NodeBuilder.SerializeReturnTypeForSignature	checker/nodebuilder.go	117	124	8	0	6	0	0	6	6	8	6	0	0	6	6	8	0	0	0	6	0	0	6	0	0
checker.NodeBuilder.SerializeTypeParametersForSignature	checker/nodebuilder.go	126	131	6	0	4	0	0	4	4	6	4	0	0	4	4	6	0	0	0	4	0	0	4	0	0
checker.NodeBuilder.SerializeTypeForDeclaration	checker/nodebuilder.go	134	137	4	0	2	0	0	2	2	4	2	0	0	2	2	4	0	0	0	2	0	0	2	0	0
checker.NodeBuilder.SerializeTypeForExpression	checker/nodebuilder.go	140	143	4	0	2	0	0	2	2	4	2	0	0	2	2	4	0	0	0	2	0	0	2	0	0
checker.NodeBuilder.SignatureToSignatureDeclaration	checker/nodebuilder.go	146	149	4	0	2	2	4	2	2	4	2	0	0	2	2	4	0	0	0	2	0	0	2	2	4
checker.NodeBuilder.ExpandSymbolForHover	checker/nodebuilder.go	152	186	35	0	16	0	0	16	0	0	16	0	0	16	0	0	0	0	0	16	0	0	16	0	0
checker.simplifyClassDeclaration	checker/nodebuilder.go	188	210	23	0	11	0	0	11	0	0	11	0	0	11	0	0	0	0	0	11	0	0	11	0	0
checker.simplifyModifiers	checker/nodebuilder.go	212	222	11	0	7	0	0	7	0	0	7	0	0	7	0	0	0	0	0	7	0	0	7	0	0
checker.NodeBuilder.SymbolToEntityName	checker/nodebuilder.go	225	228	4	0	2	0	0	2	0	0	2	0	0	2	0	0	0	0	0	2	0	0	2	0	0
checker.NodeBuilder.SymbolToExpression	checker/nodebuilder.go	231	234	4	0	2	0	0	2	2	4	2	0	0	2	2	4	0	0	0	2	0	0	2	0	0
checker.NodeBuilder.SymbolToNode	checker/nodebuilder.go	237	240	4	0	2	2	4	2	2	4	2	0	0	2	2	4	0	0	0	2	2	4	2	2	4
checker.NodeBuilder.SymbolToParameterDeclaration	checker/nodebuilder.go	243	246	4	0	2	0	0	2	0	0	2	0	0	2	0	0	0	0	0	2	0	0	2	0	0
checker.NodeBuilder.SymbolToTypeParameterDeclarations	checker/nodebuilder.go	249	252	4	0	2	0	0	2	2	4	2	0	0	2	2	4	0	0	0	2	0	0	2	0	0
checker.NodeBuilder.TypeParameterToDeclaration	checker/nodebuilder.go	255	258	4	0	2	0	0	2	0	0	2	0	0	2	0	0	0	0	0	2	0	0	2	0	0
checker.NodeBuilder.TypePredicateToTypePredicateNode	checker/nodebuilder.go	261	264	4	0	2	2	4	2	2	4	2	0	0	2	2	4	0	0	0	2	0	0	2	2	4
checker.NodeBuilder.TypeToTypeNode	checker/nodebuilder.go	267	270	4	0	2	2	4	2	2	4	2	2	4	2	2	4	0	0	0	2	2	4	2	2	4
checker.NodeBuilder.TryJSTypeNodeToTypeNode	checker/nodebuilder.go	272	275	4	0	2	0	0	2	2	4	2	0	0	2	2	4	0	0	0	2	0	0	2	0	0
checker.NewNodeBuilder	checker/nodebuilder.go	279	281	3	0	1	0	0	1	1	3	1	0	0	1	1	3	0	0	0	1	0	0	1	0	0
checker.NewNodeBuilderEx	checker/nodebuilder.go	283	286	4	0	2	2	4	2	2	4	2	2	4	2	2	4	0	0	0	2	2	4	2	2	4
checker.Checker.getNodeBuilder	checker/nodebuilder.go	288	297	10	0	6	6	9	6	6	9	6	6	9	6	6	9	0	0	0	6	6	9	6	6	9
checker.Checker.getNodeBuilderEx	checker/nodebuilder.go	299	302	4	0	2	2	4	2	2	4	2	2	4	2	2	4	0	0	0	2	2	4	2	2	4
checker.isExpanding	checker/nodebuilder_hover.go	15	17	3	0	1	1	3	1	1	3	1	0	0	1	1	3	0	0	0	1	1	3	1	1	3
checker.NodeBuilderImpl.expandSymbolForHover	checker/nodebuilder_hover.go	24	48	25	0	14	0	0	14	0	0	14	0	0	14	0	0	0	0	0	14	0	0	14	0	0
checker.NodeBuilderImpl.expandEnumDecl	checker/nodebuilder_hover.go	51	89	39	0	28	0	0	28	0	0	28	0	0	28	0	0	0	0	0	28	0	0	28	0	0
checker.NodeBuilderImpl.enumMemberInitializer	checker/nodebuilder_hover.go	91	107	17	0	10	0	0	10	0	0	10	0	0	10	0	0	0	0	0	10	0	0	10	0	0
checker.NodeBuilderImpl.expandClassDecl	checker/nodebuilder_hover.go	110	182	73	0	50	0	0	50	0	0	50	0	0	50	0	0	0	0	0	50	0	0	50	0	0
checker.NodeBuilderImpl.addClassModifiers	checker/nodebuilder_hover.go	186	211	26	0	16	0	0	16	0	0	16	0	0	16	0	0	0	0	0	16	0	0	16	0	0
checker.typeElementsToClassElements	checker/nodebuilder_hover.go	216	228	13	0	7	0	0	7	0	0	7	0	0	7	0	0	0	0	0	7	0	0	7	0	0
checker.NodeBuilderImpl.expandInterfaceDecl	checker/nodebuilder_hover.go	233	272	40	0	24	0	0	24	0	0	24	0	0	24	0	0	0	0	0	24	0	0	24	0	0
checker.NodeBuilderImpl.hoverHeritageClauses	checker/nodebuilder_hover.go	274	294	21	0	13	0	0	13	0	0	13	0	0	13	0	0	0	0	0	13	0	0	13	0	0
checker.NodeBuilderImpl.serializePropertiesWithTruncation	checker/nodebuilder_hover.go	298	313	16	0	11	0	0	11	0	0	11	0	0	11	0	0	0	0	0	11	0	0	11	0	0
checker.NodeBuilderImpl.serializeConstructors	checker/nodebuilder_hover.go	316	365	50	0	33	0	0	33	0	0	33	0	0	33	0	0	0	0	0	33	0	0	33	0	0
checker.NodeBuilderImpl.serializeIndexSignaturesOfType	checker/nodebuilder_hover.go	368	380	13	0	8	0	0	8	0	0	8	0	0	8	0	0	0	0	0	8	0	0	8	0	0
checker.NodeBuilderImpl.serializeNamespaceMember	checker/nodebuilder_hover.go	384	409	26	0	9	0	0	9	0	0	9	0	0	9	0	0	0	0	0	9	0	0	9	0	0
checker.NodeBuilderImpl.expandModuleDecl	checker/nodebuilder_hover.go	412	547	136	0	80	0	0	80	0	0	80	0	0	80	0	0	0	0	0	80	0	0	80	0	0
checker.NodeBuilderImpl.serializeTypeAliasForNamespace	checker/nodebuilder_hover.go	550	560	11	0	10	0	0	10	0	0	10	0	0	10	0	0	0	0	0	10	0	0	10	0	0
checker.NodeBuilderImpl.filterInheritedProperties	checker/nodebuilder_hover.go	563	588	26	0	15	0	0	15	0	0	15	0	0	15	0	0	0	0	0	15	0	0	15	0	0
checker.NodeBuilderImpl.isNamespaceMember	checker/nodebuilder_hover.go	590	593	4	0	1	0	0	1	0	0	1	0	0	1	0	0	0	0	0	1	0	0	1	0	0
checker.isHashPrivate	checker/nodebuilder_hover.go	595	597	3	0	1	0	0	1	0	0	1	0	0	1	0	0	0	0	0	1	0	0	1	0	0
checker.newNodeBuilderImpl	checker/nodebuilderimpl.go	119	126	8	0	5	5	7	5	5	7	5	5	7	5	5	7	0	0	0	5	5	7	5	5	7
checker.NodeBuilderImpl.saveRestoreFlags	checker/nodebuilderimpl.go	128	138	11	0	7	7	10	7	7	10	7	0	0	7	7	10	0	0	0	7	7	10	7	7	10
checker.NodeBuilderImpl.checkTruncationLength	checker/nodebuilderimpl.go	140	154	15	0	10	9	13	10	9	13	10	0	0	10	9	13	0	0	0	10	8	12	10	7	10
checker.NodeBuilderImpl.checkTruncationLengthIfExpanding	checker/nodebuilderimpl.go	158	164	7	0	4	0	0	4	0	0	4	0	0	4	0	0	0	0	0	4	0	0	4	0	0
checker.NodeBuilderImpl.isExpandableType	checker/nodebuilderimpl.go	169	187	19	0	10	0	0	10	0	0	10	0	0	10	0	0	0	0	0	10	0	0	10	0	0
checker.NodeBuilderImpl.isTypeOnStack	checker/nodebuilderimpl.go	191	198	8	0	4	0	0	4	0	0	4	0	0	4	0	0	0	0	0	4	0	0	4	0	0
checker.NodeBuilderImpl.shouldExpandType	checker/nodebuilderimpl.go	206	221	16	0	10	2	4	10	2	4	10	0	0	10	2	4	0	0	0	10	2	4	10	2	4
checker.NodeBuilderImpl.isActivelyExpanding	checker/nodebuilderimpl.go	225	227	3	0	1	1	3	1	1	3	1	0	0	1	1	3	0	0	0	1	1	3	1	1	3
checker.NodeBuilderImpl.checkTypeExpandability	checker/nodebuilderimpl.go	233	264	32	0	18	2	4	18	2	4	18	0	0	18	2	4	0	0	0	18	2	4	18	2	4
checker.NodeBuilderImpl.appendReferenceToType	checker/nodebuilderimpl.go	266	317	52	0	24	8	10	24	15	36	24	0	0	24	15	36	0	0	0	24	0	0	24	8	10
checker.getAccessStack	checker/nodebuilderimpl.go	319	329	11	0	8	5	6	8	8	10	8	0	0	8	5	6	0	0	0	8	0	0	8	5	6
checker.isClassInstanceSide	checker/nodebuilderimpl.go	331	333	3	0	1	1	3	1	1	3	1	0	0	1	1	3	0	0	0	1	1	3	1	1	3
checker.NodeBuilderImpl.createElidedInformationPlaceholder	checker/nodebuilderimpl.go	335	341	7	0	4	3	4	4	3	4	4	0	0	4	3	4	0	0	0	4	3	5	4	3	5
checker.NodeBuilderImpl.mapToTypeNodes	checker/nodebuilderimpl.go	343	434	92	0	49	35	55	49	46	73	49	0	0	49	45	72	0	0	0	49	41	63	49	25	40
checker.NodeBuilderImpl.serializeTypeName	checker/nodebuilderimpl.go	436	455	20	0	12	6	9	12	11	15	12	0	0	12	11	15	0	0	0	12	0	0	12	8	10
checker.isIdentifierTypeReference	checker/nodebuilderimpl.go	457	459	3	0	1	1	3	1	1	3	1	0	0	1	1	3	0	0	0	1	1	3	1	1	3
checker.arrayIsHomogeneous	checker/nodebuilderimpl.go	461	473	13	0	8	8	11	8	8	11	8	0	0	8	8	11	0	0	0	8	8	11	8	2	4
checker.typesAreSameReference	checker/nodebuilderimpl.go	475	477	3	0	1	1	3	1	1	3	1	0	0	1	1	3	0	0	0	1	1	3	1	0	0
checker.NodeBuilderImpl.setCommentRange	checker/nodebuilderimpl.go	479	484	6	0	2	2	5	2	2	5	2	0	0	2	2	5	0	0	0	2	2	5	2	2	5
checker.NodeBuilderImpl.typeNodeIsEquivalentToType	checker/nodebuilderimpl.go	486	499	14	0	7	2	4	7	2	4	7	0	0	7	2	4	0	0	0	7	0	0	7	0	0
checker.NodeBuilderImpl.canReuseExistingJSTypeNode	checker/nodebuilderimpl.go	501	503	3	0	1	1	3	1	1	3	1	0	0	1	1	3	0	0	0	1	1	3	1	1	3
checker.NodeBuilderImpl.tryGetResolvedSymbolFromTypeNode	checker/nodebuilderimpl.go	505	516	12	0	7	5	7	7	6	9	7	0	0	7	5	7	0	0	0	7	5	7	7	5	7
checker.NodeBuilderImpl.existingTypeNodeIsNotReferenceOrIsReferenceWithCompatibleTypeArgumentCount	checker/nodebuilderimpl.go	518	540	23	0	11	9	13	11	10	15	11	0	0	11	10	15	0	0	0	11	9	13	11	9	13
checker.NodeBuilderImpl.tryReuseExistingNonParameterTypeNode	checker/nodebuilderimpl.go	542	556	15	0	9	8	12	9	8	12	9	0	0	9	8	12	0	0	0	9	0	0	9	0	0
checker.NodeBuilderImpl.getResolvedTypeWithoutAbstractConstructSignatures	checker/nodebuilderimpl.go	558	576	19	0	13	0	0	13	10	13	13	0	0	13	9	11	0	0	0	13	0	0	13	0	0
checker.NodeBuilderImpl.symbolToNode	checker/nodebuilderimpl.go	578	598	21	0	14	2	3	14	2	3	14	0	0	14	2	3	0	0	0	14	2	3	14	2	3
checker.NodeBuilderImpl.symbolToName	checker/nodebuilderimpl.go	600	606	7	0	4	3	4	4	3	4	4	0	0	4	3	4	0	0	0	4	3	4	4	3	4
checker.NodeBuilderImpl.createEntityNameFromSymbolChain	checker/nodebuilderimpl.go	608	633	26	0	11	10	19	11	10	19	11	0	0	11	10	19	0	0	0	11	10	19	11	10	19
checker.NodeBuilderImpl.symbolToEntityNameNode	checker/nodebuilderimpl.go	636	642	7	0	4	4	6	4	4	6	4	0	0	4	4	6	0	0	0	4	4	6	4	0	0
checker.NodeBuilderImpl.symbolToTypeNode	checker/nodebuilderimpl.go	644	748	105	0	56	30	41	56	43	68	56	0	0	56	43	68	0	0	0	56	10	12	56	10	12
checker.getTopmostIndexedAccessType	checker/nodebuilderimpl.go	750	755	6	0	3	0	0	3	0	0	3	0	0	3	0	0	0	0	0	3	0	0	3	0	0
checker.NodeBuilderImpl.createAccessFromSymbolChain	checker/nodebuilderimpl.go	757	851	95	0	53	36	48	53	41	53	53	0	0	53	36	48	0	0	0	53	18	24	53	29	41
checker.NodeBuilderImpl.symbolToExpression	checker/nodebuilderimpl.go	853	856	4	0	2	2	4	2	2	4	2	0	0	2	2	4	0	0	0	2	2	4	2	2	4
checker.NodeBuilderImpl.createExpressionFromSymbolChain	checker/nodebuilderimpl.go	858	910	53	0	36	20	26	36	36	47	36	0	0	36	30	37	0	0	0	36	14	18	36	33	43
checker.canUsePropertyAccess	checker/nodebuilderimpl.go	912	922	11	0	5	3	4	5	4	6	5	0	0	5	3	4	0	0	0	5	0	0	5	4	6
checker.startsWithSingleOrDoubleQuote	checker/nodebuilderimpl.go	924	926	3	0	1	1	3	1	1	3	1	0	0	1	1	3	0	0	0	1	1	3	1	1	3
checker.startsWithSquareBracket	checker/nodebuilderimpl.go	928	930	3	0	1	0	0	1	1	3	1	0	0	1	1	3	0	0	0	1	0	0	1	1	3
checker.isDefaultBindingContext	checker/nodebuilderimpl.go	932	934	3	0	1	0	0	1	1	3	1	0	0	1	1	3	0	0	0	1	0	0	1	0	0
checker.NodeBuilderImpl.getNameOfSymbolFromNameType	checker/nodebuilderimpl.go	936	964	29	0	18	13	17	18	16	21	18	0	0	18	16	21	0	0	0	18	5	7	18	2	3
checker.NodeBuilderImpl.getNameOfSymbolAsWritten	checker/nodebuilderimpl.go	973	1025	53	0	27	19	32	27	22	38	27	0	0	27	20	34	0	0	0	27	11	22	27	14	25
checker.NodeBuilderImpl.getTypeParametersOfClassOrInterface	checker/nodebuilderimpl.go	1029	1034	6	0	4	0	0	4	0	0	4	0	0	4	0	0	0	0	0	4	0	0	4	0	0
checker.NodeBuilderImpl.lookupTypeParameterNodes	checker/nodebuilderimpl.go	1036	1058	23	1	14	8	11	14	8	11	14	0	0	14	8	11	0	0	0	14	0	0	14	8	11
checker.NodeBuilderImpl.lookupSymbolChain	checker/nodebuilderimpl.go	1061	1064	4	0	2	2	4	2	2	4	2	0	0	2	2	4	0	0	0	2	2	4	2	2	4
checker.NodeBuilderImpl.lookupSymbolChainWorker	checker/nodebuilderimpl.go	1066	1079	14	2	9	9	13	9	9	13	9	0	0	9	9	13	0	0	0	9	9	13	9	9	13
checker.NodeBuilderImpl.getSymbolChain	checker/nodebuilderimpl.go	1087	1151	65	0	39	34	46	39	39	55	39	0	0	39	39	55	0	0	0	39	6	9	39	34	45
checker.NodeBuilderImpl.sortByBestName	checker/nodebuilderimpl.go	1153	1170	18	0	10	4	5	10	9	14	10	0	0	10	9	14	0	0	0	10	0	0	10	4	5
checker.canHaveModuleSpecifier	checker/nodebuilderimpl.go	1172	1191	20	0	5	3	5	5	4	6	5	0	0	5	4	6	0	0	0	5	0	0	5	0	0
checker.TryGetModuleSpecifierFromDeclaration	checker/nodebuilderimpl.go	1193	1199	7	0	4	3	4	4	4	6	4	0	0	4	4	6	0	0	0	4	0	0	4	0	0
checker.tryGetModuleSpecifierFromDeclarationWorker	checker/nodebuilderimpl.go	1201	1247	47	1	27	7	12	27	19	34	27	0	0	27	8	14	0	0	0	27	0	0	27	0	0
checker.NodeBuilderImpl.getSpecifierForModuleSymbol	checker/nodebuilderimpl.go	1249	1327	79	0	43	37	60	43	40	64	43	0	0	43	40	64	0	0	0	43	0	0	43	0	0
checker.NodeBuilderImpl.typeParameterToDeclarationWithConstraint	checker/nodebuilderimpl.go	1329	1351	23	0	13	12	20	13	13	22	13	0	0	13	13	22	0	0	0	13	12	20	13	12	20
checker.NodeBuilderImpl.setTextRange	checker/nodebuilderimpl.go	1362	1394	33	0	20	18	24	20	19	26	20	0	0	20	19	26	0	0	0	20	18	24	20	18	24
checker.NodeBuilderImpl.typeParameterShadowsOtherTypeParameterInScope	checker/nodebuilderimpl.go	1396	1402	7	0	4	0	0	4	4	6	4	0	0	4	4	6	0	0	0	4	0	0	4	0	0
checker.NodeBuilderImpl.typeParameterToName	checker/nodebuilderimpl.go	1404	1448	45	0	25	9	11	25	24	32	25	0	0	25	24	32	0	0	0	25	9	11	25	9	11
checker.NodeBuilderImpl.isMappedTypeHomomorphic	checker/nodebuilderimpl.go	1450	1452	3	0	1	0	0	1	1	3	1	0	0	1	1	3	0	0	0	1	0	0	1	0	0
checker.NodeBuilderImpl.isHomomorphicMappedTypeWithNonHomomorphicInstantiation	checker/nodebuilderimpl.go	1454	1456	3	0	1	0	0	1	1	3	1	0	0	1	1	3	0	0	0	1	0	0	1	0	0
checker.NodeBuilderImpl.createMappedTypeNodeFromType	checker/nodebuilderimpl.go	1458	1572	115	1	54	34	60	54	54	110	54	0	0	54	54	110	0	0	0	54	29	50	54	0	0
checker.NodeBuilderImpl.typePredicateToTypePredicateNode	checker/nodebuilderimpl.go	1574	1595	22	0	12	11	19	12	11	19	12	0	0	12	11	19	0	0	0	12	0	0	12	11	19
checker.NodeBuilderImpl.typeToTypeNodeHelperWithPossibleReusableTypeNode	checker/nodebuilderimpl.go	1597	1609	13	0	8	6	8	8	7	9	8	0	0	8	6	8	0	0	0	8	6	8	8	6	8
checker.NodeBuilderImpl.typeParameterToDeclaration	checker/nodebuilderimpl.go	1611	1618	8	0	5	5	7	5	5	7	5	0	0	5	5	7	0	0	0	5	5	7	5	5	7
checker.NodeBuilderImpl.symbolToTypeParameterDeclarations	checker/nodebuilderimpl.go	1620	1622	3	0	1	0	0	1	1	3	1	0	0	1	1	3	0	0	0	1	0	0	1	0	0
checker.NodeBuilderImpl.typeParametersToTypeParameterDeclarations	checker/nodebuilderimpl.go	1624	1641	18	0	13	0	0	13	7	9	13	0	0	13	7	9	0	0	0	13	0	0	13	0	0
checker.getEffectiveParameterDeclaration	checker/nodebuilderimpl.go	1643	1652	10	0	6	5	7	6	5	7	6	0	0	6	5	7	0	0	0	6	3	5	6	3	5
checker.NodeBuilderImpl.symbolToParameterDeclaration	checker/nodebuilderimpl.go	1654	1689	36	0	22	17	28	22	17	28	22	0	0	22	17	28	0	0	0	22	17	28	22	17	28
checker.NodeBuilderImpl.parameterToParameterDeclarationName	checker/nodebuilderimpl.go	1691	1711	21	0	13	9	13	13	9	13	13	0	0	13	9	13	0	0	0	13	8	11	13	7	9
checker.NodeBuilderImpl.cloneBindingName	checker/nodebuilderimpl.go	1713	1737	25	0	10	9	19	10	10	21	10	0	0	10	10	21	0	0	0	10	9	19	10	0	0
checker.NodeBuilderImpl.serializeTypeForExpression	checker/nodebuilderimpl.go	1739	1743	5	0	2	0	0	2	2	5	2	0	0	2	2	5	0	0	0	2	0	0	2	0	0
checker.NodeBuilderImpl.serializeInferredReturnTypeForSignature	checker/nodebuilderimpl.go	1745	1763	19	0	13	13	18	13	13	18	13	0	0	13	13	18	0	0	0	13	12	17	13	12	17
checker.NodeBuilderImpl.typePredicateToTypePredicateNodeHelper	checker/nodebuilderimpl.go	1765	1784	20	0	13	12	18	13	12	18	13	0	0	13	12	18	0	0	0	13	12	18	13	12	17
checker.NodeBuilderImpl.signatureToSignatureDeclarationHelper	checker/nodebuilderimpl.go	1792	1910	119	1	64	50	76	64	52	80	64	0	0	64	52	80	0	0	0	64	50	76	64	47	71
checker.Checker.getExpandedParameters	checker/nodebuilderimpl.go	1912	1998	87	0	55	35	49	55	53	71	55	0	0	55	53	71	0	0	0	55	9	10	55	9	10
checker.NodeBuilderImpl.tryGetThisParameterDeclaration	checker/nodebuilderimpl.go	2000	2018	19	0	4	4	18	4	4	18	4	0	0	4	4	18	0	0	0	4	4	6	4	4	6
checker.NodeBuilderImpl.serializeReturnTypeForSignature	checker/nodebuilderimpl.go	2023	2076	54	0	33	28	40	33	31	44	33	0	0	33	31	44	0	0	0	33	27	37	33	27	37
checker.NodeBuilderImpl.isTriviallySerializableComputedName	checker/nodebuilderimpl.go	2078	2085	8	0	4	4	6	4	4	6	4	0	0	4	4	6	0	0	0	4	3	4	4	0	0
checker.NodeBuilderImpl.indexInfoToObjectComputedNamesOrSignatureDeclaration	checker/nodebuilderimpl.go	2087	2136	50	0	28	4	6	28	23	38	28	0	0	28	23	38	0	0	0	28	4	6	28	2	3
checker.NodeBuilderImpl.indexInfoToIndexSignatureDeclarationHelper	checker/nodebuilderimpl.go	2138	2160	23	0	15	13	18	15	13	18	15	0	0	15	13	18	0	0	0	15	13	18	15	13	18
checker.hasTypeAnnotation	checker/nodebuilderimpl.go	2162	2172	11	0	5	0	0	5	5	8	5	0	0	5	5	8	0	0	0	5	0	0	5	0	0
checker.NodeBuilderImpl.serializeTypeForDeclaration	checker/nodebuilderimpl.go	2181	2298	118	0	70	46	66	70	64	92	70	0	0	70	64	92	0	0	0	70	35	47	70	39	54
checker.NodeBuilderImpl.shouldUsePlaceholderForProperty	checker/nodebuilderimpl.go	2302	2359	58	0	29	12	26	29	13	28	29	0	0	29	12	26	0	0	0	29	2	14	29	2	14
checker.NodeBuilderImpl.trackComputedName	checker/nodebuilderimpl.go	2361	2374	14	0	7	4	7	7	7	12	7	0	0	7	7	12	0	0	0	7	0	0	7	4	7
checker.classifyPropertyName	checker/nodebuilderimpl.go	2384	2392	9	0	5	4	6	5	5	8	5	0	0	5	5	8	0	0	0	5	4	6	5	4	6
checker.NodeBuilderImpl.createPropertyNameNodeForIdentifierOrLiteral	checker/nodebuilderimpl.go	2394	2403	10	0	4	4	8	4	4	8	4	0	0	4	4	8	0	0	0	4	4	8	4	4	8
checker.NodeBuilderImpl.isStringNamed	checker/nodebuilderimpl.go	2405	2419	15	0	10	7	9	10	10	14	10	0	0	10	9	12	0	0	0	10	5	6	10	7	9
checker.NodeBuilderImpl.isSingleQuotedStringNamed	checker/nodebuilderimpl.go	2421	2424	4	0	2	2	4	2	2	4	2	0	0	2	2	4	0	0	0	2	2	4	2	2	4
checker.NodeBuilderImpl.getPropertyNameNodeForSymbol	checker/nodebuilderimpl.go	2426	2452	27	0	17	13	16	17	14	18	17	0	0	17	14	18	0	0	0	17	13	16	17	13	16
checker.NodeBuilderImpl.getPropertyNameNodeForSymbolFromNameType	checker/nodebuilderimpl.go	2455	2502	48	0	32	16	20	32	28	37	32	0	0	32	28	37	0	0	0	32	14	17	32	10	13
checker.NodeBuilderImpl.addPropertyToElementList	checker/nodebuilderimpl.go	2504	2643	140	0	89	54	77	89	88	127	89	0	0	89	85	123	0	0	0	89	42	61	89	47	66
checker.NodeBuilderImpl.createTypeNodesFromResolvedType	checker/nodebuilderimpl.go	2645	2706	62	0	40	23	28	40	35	44	40	0	0	40	35	44	0	0	0	40	28	35	40	26	33
checker.NodeBuilderImpl.createTypeNodeFromObjectType	checker/nodebuilderimpl.go	2708	2766	59	0	37	30	36	37	37	47	37	0	0	37	37	47	0	0	0	37	30	36	37	25	29
checker.getTypeAliasForTypeLiteral	checker/nodebuilderimpl.go	2768	2776	9	0	5	4	5	5	4	5	5	0	0	5	4	5	0	0	0	5	0	0	5	0	0
checker.NodeBuilderImpl.shouldWriteTypeOfFunctionSymbol	checker/nodebuilderimpl.go	2778	2813	36	0	20	20	28	20	20	28	20	0	0	20	20	28	0	0	0	20	7	9	20	20	28
checker.NodeBuilderImpl.createAnonymousTypeNode	checker/nodebuilderimpl.go	2815	2817	3	0	1	1	3	1	1	3	1	0	0	1	1	3	0	0	0	1	1	3	1	1	3
checker.NodeBuilderImpl.shouldEmitTypeOfSymbol	checker/nodebuilderimpl.go	2819	2828	10	0	6	5	7	6	5	7	6	0	0	6	5	7	0	0	0	6	5	7	6	5	7
checker.NodeBuilderImpl.createAnonymousTypeNodeEx	checker/nodebuilderimpl.go	2830	2901	72	0	33	29	56	33	30	57	33	0	0	33	30	57	0	0	0	33	13	20	33	13	20
checker.NodeBuilderImpl.getTypeFromTypeNode	checker/nodebuilderimpl.go	2903	2918	16	0	9	7	10	9	7	10	9	0	0	9	7	10	0	0	0	9	4	7	9	4	7
checker.NodeBuilderImpl.typeToTypeNodeOrCircularityElision	checker/nodebuilderimpl.go	2920	2932	13	0	8	4	5	8	8	10	8	0	0	8	8	10	0	0	0	8	2	3	8	0	0
checker.NodeBuilderImpl.conditionalTypeToTypeNode	checker/nodebuilderimpl.go	2934	2978	45	0	29	12	13	29	28	42	29	0	0	29	28	42	0	0	0	29	12	13	29	0	0
checker.NodeBuilderImpl.getParentSymbolOfTypeParameter	checker/nodebuilderimpl.go	2980	2993	14	0	6	5	11	6	5	11	6	0	0	6	5	11	0	0	0	6	0	0	6	0	0
checker.NodeBuilderImpl.typeReferenceToTypeNode	checker/nodebuilderimpl.go	2995	3135	141	0	85	81	113	85	83	116	85	0	0	85	82	114	0	0	0	85	60	88	85	50	70
checker.NodeBuilderImpl.visitAndTransformType	checker/nodebuilderimpl.go	3137	3222	86	0	42	40	55	42	41	57	42	0	0	42	41	57	0	0	0	42	37	49	42	32	42
checker.NodeBuilderImpl.typeToTypeNode	checker/nodebuilderimpl.go	3224	3541	318	4	215	170	219	215	179	232	215	23	30	215	179	232	0	0	0	215	140	183	215	130	167
checker.NodeBuilderImpl.newStringLiteral	checker/nodebuilderimpl.go	3543	3545	3	0	1	1	3	1	1	3	1	1	3	1	1	3	0	0	0	1	1	3	1	1	3
checker.NodeBuilderImpl.newStringLiteralEx	checker/nodebuilderimpl.go	3547	3554	8	0	5	4	5	5	5	7	5	4	5	5	4	5	0	0	0	5	4	5	5	4	5
checker.TypeAlias.ToTypeReferenceNode	checker/nodebuilderimpl.go	3558	3560	3	0	1	1	3	1	1	3	1	0	0	1	1	3	0	0	0	1	1	3	1	0	0
checker.NodeBuilderImpl.newIdentifier	checker/nodebuilderimpl.go	3562	3568	7	0	4	4	6	4	4	6	4	0	0	4	4	6	0	0	0	4	4	6	4	4	6
checker.NodeBuilderImpl.createAccessExpression	checker/nodebuilderimpl.go	3570	3579	10	1	4	0	0	4	0	0	4	0	0	4	0	0	0	0	0	4	0	0	4	0	0
checker.NodeBuilderImpl.createExpressionWithTypeArguments	checker/nodebuilderimpl.go	3581	3586	6	0	3	2	4	3	2	4	3	0	0	3	2	4	0	0	0	3	2	4	3	2	4
checker.NodeBuilderImpl.lookupInstantiatedTypeArgumentNodes	checker/nodebuilderimpl.go	3588	3613	26	0	16	0	0	16	0	0	16	0	0	16	0	0	0	0	0	16	0	0	16	0	0
checker.NodeBuilderImpl.lookupExpressionChainTypeArgumentNodes	checker/nodebuilderimpl.go	3615	3633	19	0	12	2	3	12	2	3	12	0	0	12	2	3	0	0	0	12	2	3	12	2	3
checker.NodeBuilderImpl.shouldWriteTypeParametersInQualifiedName	checker/nodebuilderimpl.go	3635	3637	3	0	1	1	3	1	1	3	1	0	0	1	1	3	0	0	0	1	1	3	1	1	3
checker.cloneNodeBuilderContext	checker/nodebuilderscopes.go	10	33	24	0	9	9	23	9	9	23	9	0	0	9	9	23	0	0	0	9	9	23	9	9	23
checker.NodeBuilderImpl.addSymbolTypeToContext	checker/nodebuilderscopes.go	40	51	12	0	7	6	9	7	7	10	7	0	0	7	7	10	0	0	0	7	6	9	7	6	9
checker.NodeBuilderImpl.enterSignatureScope	checker/nodebuilderscopes.go	53	57	5	0	3	3	5	3	3	5	3	0	0	3	3	5	0	0	0	3	3	5	3	3	5
checker.NodeBuilderImpl.enterNewScope	checker/nodebuilderscopes.go	59	251	193	3	104	72	120	104	99	156	104	0	0	104	99	156	0	0	0	104	85	138	104	60	101
checker.NodeBuilderImpl.reuseNode	checker/nodecopy.go	12	18	7	0	3	2	3	3	2	3	3	0	0	3	2	3	0	0	0	3	2	3	3	2	3
checker.NodeBuilderImpl.tryJSTypeNodeToTypeNode	checker/nodecopy.go	20	22	3	0	1	0	0	1	1	3	1	0	0	1	1	3	0	0	0	1	0	0	1	0	0
checker.NodeBuilderImpl.reuseName	checker/nodecopy.go	24	54	31	0	18	7	9	18	17	24	18	0	0	18	17	24	0	0	0	18	0	0	18	7	9
checker.NodeBuilderImpl.reuseTypeNode	checker/nodecopy.go	56	73	18	0	10	5	9	10	8	12	10	0	0	10	8	12	0	0	0	10	5	9	10	5	9
checker.NodeBuilderImpl.walkNodeForExpandability	checker/nodecopy.go	78	96	19	0	11	0	0	11	0	0	11	0	0	11	0	0	0	0	0	11	0	0	11	0	0
checker.recoveryBoundary.markError	checker/nodecopy.go	109	114	6	0	3	2	3	3	3	5	3	0	0	3	3	5	0	0	0	3	0	0	3	2	3
checker.recoveryBoundary.startRecoveryScope	checker/nodecopy.go	122	126	5	0	3	3	5	3	3	5	3	0	0	3	3	5	0	0	0	3	3	5	3	3	5
checker.recoveryBoundary.endRecoveryScope	checker/nodecopy.go	128	132	5	0	3	3	5	3	3	5	3	0	0	3	3	5	0	0	0	3	0	0	3	3	5
checker.wrappingTracker.PopErrorFallbackNode	checker/nodecopy.go	139	141	3	0	1	0	0	1	0	0	1	0	0	1	0	0	0	0	0	1	0	0	1	0	0
checker.wrappingTracker.PushErrorFallbackNode	checker/nodecopy.go	143	145	3	0	1	0	0	1	0	0	1	0	0	1	0	0	0	0	0	1	0	0	1	0	0
checker.wrappingTracker.ReportCyclicStructureError	checker/nodecopy.go	147	149	3	0	1	0	0	1	0	0	1	0	0	1	0	0	0	0	0	1	0	0	1	0	0
checker.wrappingTracker.ReportInaccessibleThisError	checker/nodecopy.go	151	153	3	0	1	0	0	1	0	0	1	0	0	1	0	0	0	0	0	1	0	0	1	0	0
checker.wrappingTracker.ReportInaccessibleUniqueSymbolError	checker/nodecopy.go	155	157	3	0	1	0	0	1	1	3	1	0	0	1	1	3	0	0	0	1	0	0	1	0	0
checker.wrappingTracker.ReportInferenceFallback	checker/nodecopy.go	159	161	3	0	1	1	3	1	1	3	1	0	0	1	1	3	0	0	0	1	0	0	1	1	3
checker.wrappingTracker.ReportLikelyUnsafeImportRequiredError	checker/nodecopy.go	163	165	3	0	2	0	0	2	0	0	2	0	0	2	0	0	0	0	0	2	0	0	2	0	0
checker.wrappingTracker.ReportNonSerializableProperty	checker/nodecopy.go	167	169	3	0	2	0	0	2	0	0	2	0	0	2	0	0	0	0	0	2	0	0	2	0	0
checker.wrappingTracker.ReportNonlocalAugmentation	checker/nodecopy.go	171	173	3	0	1	0	0	1	0	0	1	0	0	1	0	0	0	0	0	1	0	0	1	0	0
checker.wrappingTracker.ReportPrivateInBaseOfClassExpression	checker/nodecopy.go	175	177	3	0	2	0	0	2	0	0	2	0	0	2	0	0	0	0	0	2	0	0	2	0	0
checker.wrappingTracker.ReportTruncationError	checker/nodecopy.go	179	181	3	0	1	0	0	1	0	0	1	0	0	1	0	0	0	0	0	1	0	0	1	0	0
checker.wrappingTracker.TrackSymbol	checker/nodecopy.go	183	186	4	0	2	2	4	2	2	4	2	0	0	2	2	4	0	0	0	2	2	4	2	2	4
checker.newWrappingTracker	checker/nodecopy.go	188	193	6	0	1	1	6	1	1	6	1	0	0	1	1	6	0	0	0	1	1	6	1	1	6
checker.NodeBuilderImpl.createRecoveryBoundary	checker/nodecopy.go	195	202	8	0	6	6	8	6	6	8	6	0	0	6	6	8	0	0	0	6	6	8	6	6	8
checker.NodeBuilderImpl.finalizeBoundary	checker/nodecopy.go	204	220	17	0	11	9	12	11	11	16	11	0	0	11	11	16	0	0	0	11	9	12	11	9	12
checker.NodeBuilderImpl.tryReuseExistingNodeHelper	checker/nodecopy.go	222	232	11	0	8	7	8	8	8	10	8	0	0	8	8	10	0	0	0	8	7	8	8	7	8
checker.NodeBuilderImpl.getModuleSpecifierOverride	checker/nodecopy.go	234	268	35	0	24	0	0	24	21	27	24	0	0	24	21	27	0	0	0	24	2	3	24	0	0
checker.NodeBuilderImpl.rewriteModuleSpecifier	checker/nodecopy.go	270	278	9	0	6	0	0	6	6	8	6	0	0	6	6	8	0	0	0	6	3	5	6	0	0
checker.NodeBuilderImpl.getEnclosingDeclarationIgnoringFakeScope	checker/nodecopy.go	280	286	7	0	4	0	0	4	4	6	4	0	0	4	3	4	0	0	0	4	0	0	4	0	0
checker.getExistingNodeTreeVisitor	checker/nodecopy.go	288	900	613	0	301	160	221	301	264	439	301	0	0	301	247	392	0	0	0	301	186	288	301	145	209
checker.createPrinterWithDefaults	checker/printer.go	13	15	3	0	1	0	0	1	0	0	1	0	0	1	0	0	0	0	0	1	0	0	1	0	0
checker.createPrinterWithRemoveComments	checker/printer.go	17	19	3	0	1	1	3	1	1	3	1	1	3	1	1	3	0	0	0	1	1	3	1	1	3
checker.createPrinterWithRemoveCommentsOmitTrailingSemicolon	checker/printer.go	21	26	6	0	1	1	6	1	1	6	1	0	0	1	1	6	0	0	0	1	1	6	1	1	6
checker.createPrinterWithRemoveCommentsOmitTrailingSemicolonNeverAsciiEscape	checker/printer.go	28	34	7	0	1	1	7	1	1	7	1	0	0	1	1	7	0	0	0	1	0	0	1	1	7
checker.createPrinterWithRemoveCommentsNeverAsciiEscape	checker/printer.go	36	41	6	0	1	0	0	1	0	0	1	0	0	1	0	0	0	0	0	1	0	0	1	0	0
checker.Checker.TypeToString	checker/printer.go	43	45	3	0	1	1	3	1	1	3	1	1	3	1	1	3	0	0	0	1	1	3	1	1	3
checker.Checker.typeToString	checker/printer.go	47	49	3	0	1	1	3	1	1	3	1	1	3	1	1	3	0	0	0	1	1	3	1	1	3
checker.toNodeBuilderFlags	checker/printer.go	51	53	3	0	1	1	3	1	1	3	1	1	3	1	1	3	0	0	0	1	1	3	1	1	3
checker.Checker.TypeToStringEx	checker/printer.go	55	57	3	0	1	1	3	1	1	3	1	0	0	1	1	3	0	0	0	1	1	3	1	0	0
checker.Checker.typeToStringEx	checker/printer.go	59	118	60	1	40	32	43	40	32	43	40	31	41	40	32	43	0	0	0	40	32	41	40	30	39
checker.Checker.SymbolToString	checker/printer.go	120	122	3	0	1	1	3	1	1	3	1	0	0	1	1	3	0	0	0	1	0	0	1	0	0
checker.Checker.symbolToString	checker/printer.go	124	126	3	0	1	1	3	1	1	3	1	0	0	1	1	3	0	0	0	1	1	3	1	1	3
checker.Checker.SymbolToStringEx	checker/printer.go	128	130	3	0	1	0	0	1	1	3	1	0	0	1	0	0	0	0	0	1	0	0	1	0	0
checker.Checker.symbolToStringEx	checker/printer.go	132	177	46	0	30	24	32	30	25	33	30	0	0	30	25	33	0	0	0	30	22	28	30	23	30
checker.Checker.signatureToString	checker/printer.go	179	181	3	0	1	1	3	1	1	3	1	0	0	1	1	3	0	0	0	1	0	0	1	1	3
checker.Checker.SignatureToStringEx	checker/printer.go	183	185	3	0	1	0	0	1	0	0	1	0	0	1	0	0	0	0	0	1	0	0	1	0	0
checker.Checker.signatureToStringEx	checker/printer.go	187	227	41	0	29	22	27	29	22	27	29	0	0	29	22	27	0	0	0	29	0	0	29	25	32
checker.Checker.typePredicateToString	checker/printer.go	229	231	3	0	1	1	3	1	1	3	1	0	0	1	1	3	0	0	0	1	0	0	1	1	3
checker.Checker.typePredicateToStringEx	checker/printer.go	233	247	15	0	12	11	12	12	11	12	12	0	0	12	11	12	0	0	0	12	0	0	12	11	12
checker.Checker.valueToString	checker/printer.go	249	251	3	0	1	1	3	1	1	3	1	0	0	1	1	3	0	0	0	1	0	0	1	0	0
checker.Checker.formatUnionTypes	checker/printer.go	253	286	34	0	23	23	28	23	23	28	23	0	0	23	23	28	0	0	0	23	22	26	23	22	26
checker.Checker.TypeToTypeNode	checker/printer.go	288	291	4	0	2	0	0	2	0	0	2	0	0	2	0	0	0	0	0	2	0	0	2	0	0
checker.Checker.SignatureToSignatureDeclaration	checker/printer.go	293	297	5	0	3	0	0	3	0	0	3	0	0	3	0	0	0	0	0	3	0	0	3	0	0
checker.Checker.ExpandSymbolForHover	checker/printer.go	300	325	26	0	19	0	0	19	0	0	19	0	0	19	0	0	0	0	0	19	0	0	19	0	0
checker.Checker.TypeParameterToStringEx	checker/printer.go	328	346	19	0	14	0	0	14	0	0	14	0	0	14	0	0	0	0	0	14	0	0	14	0	0
checker.Checker.TypeToTypeNodeEx	checker/printer.go	348	351	4	0	2	0	0	2	0	0	2	0	0	2	0	0	0	0	0	2	0	0	2	0	0
checker.Checker.TypePredicateToTypePredicateNode	checker/printer.go	353	356	4	0	2	0	0	2	0	0	2	0	0	2	0	0	0	0	0	2	0	0	2	0	0
checker.NodeBuilderImpl.pseudoTypeToNodeWithCheckerFallback	checker/pseudotypenodebuilder.go	15	45	31	0	22	15	19	22	22	27	22	0	0	22	22	27	0	0	0	22	5	6	22	13	16
checker.NodeBuilderImpl.pseudoTypeToNode	checker/pseudotypenodebuilder.go	48	325	278	2	152	78	124	152	135	223	152	0	0	152	135	223	0	0	0	152	3	5	152	47	76
checker.NodeBuilderImpl.pseudoParametersToNodeList	checker/pseudotypenodebuilder.go	327	333	7	0	4	4	6	4	4	6	4	0	0	4	4	6	0	0	0	4	0	0	4	0	0
checker.NodeBuilderImpl.pseudoParameterToNode	checker/pseudotypenodebuilder.go	335	357	23	0	10	8	18	10	10	22	10	0	0	10	10	22	0	0	0	10	0	0	10	0	0
checker.NodeBuilderImpl.pseudoTypeEquivalentToType	checker/pseudotypenodebuilder.go	362	583	222	0	135	61	80	135	108	153	135	0	0	135	105	149	0	0	0	135	12	18	135	51	72
checker.NodeBuilderImpl.pseudoParametersEquivalentToParameters	checker/pseudotypenodebuilder.go	585	630	46	0	32	10	11	32	20	23	32	0	0	32	17	19	0	0	0	32	0	0	32	0	0
checker.isStructuralPseudoType	checker/pseudotypenodebuilder.go	632	641	10	0	5	0	0	5	5	8	5	0	0	5	3	5	0	0	0	5	0	0	5	0	0
checker.NodeBuilderImpl.pseudoReturnTypeMatchesPredicate	checker/pseudotypenodebuilder.go	645	687	43	0	27	0	0	27	21	25	27	0	0	27	21	25	0	0	0	27	17	19	27	18	20
checker.NodeBuilderImpl.pseudoTypeToType	checker/pseudotypenodebuilder.go	689	765	77	2	46	22	39	46	36	57	46	0	0	46	36	57	0	0	0	46	3	7	46	19	33
checker.Checker.IsTypeSymbolAccessible	checker/symbolaccessibility.go	11	14	4	0	2	2	4	2	2	4	2	0	0	2	2	4	0	0	0	2	2	4	2	2	4
checker.Checker.IsValueSymbolAccessible	checker/symbolaccessibility.go	16	19	4	0	2	2	4	2	2	4	2	0	0	2	2	4	0	0	0	2	2	4	2	2	4
checker.Checker.IsSymbolAccessibleByFlags	checker/symbolaccessibility.go	21	24	4	0	2	0	0	2	2	4	2	0	0	2	2	4	0	0	0	2	0	0	2	0	0
checker.Checker.IsAnySymbolAccessible	checker/symbolaccessibility.go	26	103	78	0	32	24	34	32	31	51	32	0	0	32	31	51	0	0	0	32	10	14	32	24	34
checker.hasNonGlobalAugmentationExternalModuleSymbol	checker/symbolaccessibility.go	105	107	3	0	1	1	3	1	1	3	1	0	0	1	1	3	0	0	0	1	1	3	1	1	3
checker.getQualifiedLeftMeaning	checker/symbolaccessibility.go	109	115	7	0	3	3	6	3	3	6	3	0	0	3	3	6	0	0	0	3	0	0	3	3	6
checker.Checker.getWithAlternativeContainers	checker/symbolaccessibility.go	117	166	50	0	30	25	34	30	29	40	30	0	0	30	29	40	0	0	0	30	0	0	30	21	31
checker.Checker.getAlternativeContainingModules	checker/symbolaccessibility.go	168	224	57	0	38	22	25	38	36	42	38	0	0	38	36	42	0	0	0	38	0	0	38	18	21
checker.Checker.getVariableDeclarationOfObjectLiteral	checker/symbolaccessibility.go	226	247	22	0	12	7	13	12	11	20	12	0	0	12	9	16	0	0	0	12	0	0	12	9	15
checker.hasExternalModuleSymbol	checker/symbolaccessibility.go	249	251	3	0	1	1	3	1	1	3	1	0	0	1	1	3	0	0	0	1	0	0	1	1	3
checker.Checker.getExternalModuleContainer	checker/symbolaccessibility.go	253	259	7	0	4	4	6	4	4	6	4	0	0	4	4	6	0	0	0	4	0	0	4	3	5
checker.Checker.getFileSymbolIfFileSymbolExportEqualsContainer	checker/symbolaccessibility.go	261	274	14	0	9	9	13	9	9	13	9	0	0	9	9	13	0	0	0	9	0	0	9	3	5
checker.Checker.getContainersOfSymbol	checker/symbolaccessibility.go	280	340	61	0	40	29	36	40	39	48	40	0	0	40	39	48	0	0	0	40	0	0	40	11	16
checker.Checker.getAliasForSymbolInContainer	checker/symbolaccessibility.go	342	371	30	0	18	14	18	18	18	25	18	0	0	18	18	25	0	0	0	18	0	0	18	10	13
checker.Checker.getAccessibleSymbolChain	checker/symbolaccessibility.go	373	380	8	0	1	1	3	1	1	3	1	0	0	1	1	3	0	0	0	1	1	3	1	1	3
checker.Checker.GetAccessibleSymbolChain	checker/symbolaccessibility.go	382	389	8	0	1	0	0	1	0	0	1	0	0	1	0	0	0	0	0	1	0	0	1	0	0
checker.symbolTableIDFromLocals	checker/symbolaccessibility.go	417	419	3	0	1	1	3	1	1	3	1	0	0	1	1	3	0	0	0	1	1	3	1	1	3
checker.symbolTableIDFromExports	checker/symbolaccessibility.go	421	423	3	0	1	1	3	1	1	3	1	0	0	1	1	3	0	0	0	1	0	0	1	1	3
checker.symbolTableIDFromResolvedExports	checker/symbolaccessibility.go	429	431	3	0	1	1	3	1	1	3	1	0	0	1	1	3	0	0	0	1	0	0	1	1	3
checker.symbolTableIDFromMembers	checker/symbolaccessibility.go	433	435	3	0	1	1	3	1	1	3	1	0	0	1	1	3	0	0	0	1	0	0	1	1	3
checker.symbolTableIDFromGlobals	checker/symbolaccessibility.go	437	439	3	0	1	1	3	1	1	3	1	0	0	1	1	3	0	0	0	1	1	3	1	1	3
checker.Checker.getAccessibleSymbolChainEx	checker/symbolaccessibility.go	441	476	36	0	24	22	28	24	24	32	24	0	0	24	24	32	0	0	0	24	22	28	24	23	30
checker.Checker.getAccessibleSymbolChainFromSymbolTable	checker/symbolaccessibility.go	481	499	19	0	12	11	15	12	12	17	12	0	0	12	12	17	0	0	0	12	11	15	12	11	15
checker.Checker.getSymbolTableAliases	checker/symbolaccessibility.go	505	533	29	0	16	14	18	16	15	20	16	0	0	16	15	20	0	0	0	16	8	10	16	15	20
checker.Checker.trySymbolTable	checker/symbolaccessibility.go	535	593	59	0	20	15	26	20	20	42	20	0	0	20	20	42	0	0	0	20	10	17	20	19	40
checker.Checker.compareSymbolChainsWorker	checker/symbolaccessibility.go	595	610	16	0	10	0	0	10	8	11	10	0	0	10	8	11	0	0	0	10	0	0	10	0	0
checker.isUMDExportSymbol	checker/symbolaccessibility.go	612	614	3	0	1	0	0	1	1	3	1	0	0	1	1	3	0	0	0	1	0	0	1	1	3
checker.isNamespaceReexportDeclaration	checker/symbolaccessibility.go	616	618	3	0	1	0	0	1	1	3	1	0	0	1	1	3	0	0	0	1	0	0	1	1	3
checker.Checker.getCandidateListForSymbol	checker/symbolaccessibility.go	620	645	26	0	12	7	9	12	12	17	12	0	0	12	12	17	0	0	0	12	0	0	12	8	11
checker.Checker.isAccessible	checker/symbolaccessibility.go	647	675	29	0	13	11	16	13	13	20	13	0	0	13	13	20	0	0	0	13	10	14	13	11	16
checker.Checker.canQualifySymbol	checker/symbolaccessibility.go	677	686	10	0	1	1	6	1	1	6	1	0	0	1	1	6	0	0	0	1	1	6	1	1	6
checker.Checker.needsQualification	checker/symbolaccessibility.go	688	726	39	0	21	16	21	21	20	28	21	0	0	21	18	24	0	0	0	21	10	15	21	18	24
checker.isPropertyOrMethodDeclarationSymbol	checker/symbolaccessibility.go	728	744	17	0	7	4	6	7	7	10	7	0	0	7	7	10	0	0	0	7	5	7	7	6	9
checker.Checker.someSymbolTableInScope	checker/symbolaccessibility.go	746	804	59	0	24	24	41	24	24	41	24	0	0	24	24	41	0	0	0	24	8	12	24	24	41
checker.Checker.getClassExpressionNameTable	checker/symbolaccessibility.go	810	828	19	0	13	12	15	13	12	15	13	0	0	13	12	15	0	0	0	13	0	0	13	12	15
checker.Checker.IsSymbolAccessible	checker/symbolaccessibility.go	839	841	3	0	1	1	3	1	1	3	1	0	0	1	1	3	0	0	0	1	1	3	1	1	3
checker.Checker.isSymbolAccessibleWorker	checker/symbolaccessibility.go	843	876	34	0	11	5	9	11	11	25	11	0	0	11	11	25	0	0	0	11	5	9	11	5	9
checker.NewSymbolTrackerImpl	checker/symboltracker.go	14	26	13	0	7	6	7	7	6	7	7	2	3	7	6	7	0	0	0	7	6	7	7	6	7
checker.SymbolTrackerImpl.TrackSymbol	checker/symboltracker.go	28	40	13	0	7	5	7	7	7	10	7	0	0	7	7	10	0	0	0	7	5	7	7	5	7
checker.SymbolTrackerImpl.ReportInaccessibleThisError	checker/symboltracker.go	42	48	7	0	4	3	5	4	4	6	4	0	0	4	4	6	0	0	0	4	0	0	4	0	0
checker.SymbolTrackerImpl.ReportPrivateInBaseOfClassExpression	checker/symboltracker.go	50	56	7	0	4	0	0	4	3	4	4	0	0	4	3	4	0	0	0	4	0	0	4	0	0
checker.SymbolTrackerImpl.ReportInaccessibleUniqueSymbolError	checker/symboltracker.go	58	64	7	0	4	0	0	4	3	4	4	0	0	4	3	4	0	0	0	4	0	0	4	0	0
checker.SymbolTrackerImpl.ReportCyclicStructureError	checker/symboltracker.go	66	72	7	0	4	0	0	4	3	4	4	0	0	4	3	4	0	0	0	4	0	0	4	0	0
checker.SymbolTrackerImpl.ReportLikelyUnsafeImportRequiredError	checker/symboltracker.go	74	80	7	0	4	0	0	4	3	4	4	0	0	4	3	4	0	0	0	4	0	0	4	0	0
checker.SymbolTrackerImpl.ReportTruncationError	checker/symboltracker.go	82	88	7	0	4	0	0	4	4	6	4	0	0	4	3	4	0	0	0	4	0	0	4	0	0
checker.SymbolTrackerImpl.ReportNonlocalAugmentation	checker/symboltracker.go	90	96	7	0	4	0	0	4	0	0	4	0	0	4	0	0	0	0	0	4	0	0	4	0	0
checker.SymbolTrackerImpl.ReportNonSerializableProperty	checker/symboltracker.go	98	104	7	0	4	0	0	4	4	6	4	0	0	4	3	4	0	0	0	4	0	0	4	0	0
checker.SymbolTrackerImpl.onDiagnosticReported	checker/symboltracker.go	106	108	3	0	1	1	3	1	1	3	1	0	0	1	1	3	0	0	0	1	0	0	1	0	0
checker.SymbolTrackerImpl.ReportInferenceFallback	checker/symboltracker.go	110	115	6	0	3	3	5	3	3	5	3	0	0	3	3	5	0	0	0	3	0	0	3	3	5
checker.SymbolTrackerImpl.PushErrorFallbackNode	checker/symboltracker.go	117	122	6	0	3	0	0	3	0	0	3	0	0	3	0	0	0	0	0	3	0	0	3	0	0
checker.SymbolTrackerImpl.PopErrorFallbackNode	checker/symboltracker.go	124	129	6	0	3	0	0	3	0	0	3	0	0	3	0	0	0	0	0	3	0	0	3	0	0
modulespecifiers.CountPathComponents	modulespecifiers/compare.go	7	13	7	0	4	0	0	4	4	6	4	0	0	4	4	6	0	0	0	4	0	0	4	0	0
modulespecifiers.shouldAllowImportingTsExtension	modulespecifiers/preferences.go	14	16	3	0	1	0	0	1	1	3	1	0	0	1	1	3	0	0	0	1	0	0	1	0	0
modulespecifiers.usesExtensionsOnImports	modulespecifiers/preferences.go	18	26	9	0	5	0	0	5	5	7	5	0	0	5	5	7	0	0	0	5	0	0	5	0	0
modulespecifiers.inferPreference	modulespecifiers/preferences.go	28	67	40	0	19	0	0	19	11	15	19	0	0	19	11	15	0	0	0	19	0	0	19	0	0
modulespecifiers.getModuleSpecifierEndingPreference	modulespecifiers/preferences.go	69	112	44	0	17	0	0	17	14	21	17	0	0	17	14	21	0	0	0	17	0	0	17	0	0
modulespecifiers.getPreferredEnding	modulespecifiers/preferences.go	114	139	26	0	8	0	0	8	4	11	8	0	0	8	4	11	0	0	0	8	0	0	8	0	0
modulespecifiers.GetAllowedEndingsInPreferredOrder	modulespecifiers/preferences.go	147	211	65	1	27	0	0	27	22	47	27	0	0	27	20	43	0	0	0	27	0	0	27	0	0
modulespecifiers.getModuleSpecifierPreferences	modulespecifiers/preferences.go	213	256	44	0	13	7	14	13	8	23	13	0	0	13	8	23	0	0	0	13	0	0	13	0	0
modulespecifiers.GetModuleSpecifiers	modulespecifiers/specifiers.go	19	40	22	0	2	2	13	2	2	13	2	0	0	2	2	13	0	0	0	2	0	0	2	0	0
modulespecifiers.GetModuleSpecifiersWithInfo	modulespecifiers/specifiers.go	42	77	36	0	10	6	16	10	8	18	10	0	0	10	8	18	0	0	0	10	0	0	10	0	0
modulespecifiers.GetModuleSpecifiersForFileWithInfo	modulespecifiers/specifiers.go	79	105	27	0	2	2	19	2	2	19	2	0	0	2	2	19	0	0	0	2	0	0	2	0	0
modulespecifiers.tryGetModuleNameFromAmbientModule	modulespecifiers/specifiers.go	107	155	49	0	23	6	7	23	19	21	23	0	0	23	7	9	0	0	0	23	0	0	23	0	0
modulespecifiers.getInfo	modulespecifiers/specifiers.go	163	173	11	0	2	2	8	2	2	8	2	0	0	2	2	8	0	0	0	2	0	0	2	0	0
modulespecifiers.getAllModulePaths	modulespecifiers/specifiers.go	175	196	22	0	2	0	0	2	0	0	2	0	0	2	0	0	0	0	0	2	0	0	2	0	0
modulespecifiers.getAllModulePathsWorker	modulespecifiers/specifiers.go	198	243	46	0	27	23	27	27	24	29	27	0	0	27	24	29	0	0	0	27	0	0	27	0	0
modulespecifiers.containsIgnoredPath	modulespecifiers/specifiers.go	247	251	5	0	1	1	5	1	1	5	1	0	0	1	1	5	0	0	0	1	0	0	1	0	0
modulespecifiers.ContainsNodeModules	modulespecifiers/specifiers.go	254	256	3	0	1	1	3	1	1	3	1	0	0	1	1	3	0	0	0	1	0	0	1	0	0
modulespecifiers.GetEachFileNameOfModule	modulespecifiers/specifiers.go	260	357	98	0	44	27	37	44	37	59	44	0	0	44	37	59	0	0	0	44	0	0	44	0	0
modulespecifiers.computeModuleSpecifiers	modulespecifiers/specifiers.go	359	483	125	0	59	22	26	59	51	77	59	0	0	59	51	77	0	0	0	59	0	0	59	0	0
modulespecifiers.getLocalModuleSpecifier	modulespecifiers/specifiers.go	485	634	150	0	63	0	0	63	26	45	63	0	0	63	26	45	0	0	0	63	0	0	63	0	0
modulespecifiers.processEnding	modulespecifiers/specifiers.go	636	705	70	1	37	0	0	37	30	46	37	0	0	37	28	42	0	0	0	37	0	0	37	0	0
modulespecifiers.tryGetModuleNameFromRootDirs	modulespecifiers/specifiers.go	707	741	35	0	16	0	0	16	0	0	16	0	0	16	0	0	0	0	0	16	0	0	16	0	0
modulespecifiers.tryGetModuleNameAsNodeModule	modulespecifiers/specifiers.go	743	823	81	0	39	0	0	39	37	55	39	0	0	39	37	55	0	0	0	39	0	0	39	0	0
modulespecifiers.tryDirectoryWithPackageJson	modulespecifiers/specifiers.go	832	974	143	0	57	0	0	57	55	114	57	0	0	57	53	110	0	0	0	57	0	0	57	0	0
modulespecifiers.tryGetModuleNameFromExports	modulespecifiers/specifiers.go	976	1017	42	0	12	0	0	12	12	31	12	0	0	12	12	31	0	0	0	12	0	0	12	0	0
modulespecifiers.tryGetModuleNameFromPackageJsonImports	modulespecifiers/specifiers.go	1019	1082	64	0	29	0	0	29	22	38	29	0	0	29	22	38	0	0	0	29	0	0	29	0	0
modulespecifiers.tryGetModuleNameFromPaths	modulespecifiers/specifiers.go	1089	1186	98	0	26	0	0	26	17	68	26	0	0	26	17	68	0	0	0	26	0	0	26	0	0
modulespecifiers.validateEnding	modulespecifiers/specifiers.go	1188	1197	10	0	1	0	0	1	0	0	1	0	0	1	0	0	0	0	0	1	0	0	1	0	0
modulespecifiers.tryGetModuleNameFromExportsOrImports	modulespecifiers/specifiers.go	1199	1320	122	0	68	0	0	68	39	63	68	0	0	68	37	61	0	0	0	68	0	0	68	0	0
modulespecifiers.GetModuleSpecifier	modulespecifiers/specifiers.go	1328	1347	20	0	1	0	0	1	0	0	1	0	0	1	0	0	0	0	0	1	0	0	1	0	0
modulespecifiers.UpdateModuleSpecifier	modulespecifiers/specifiers.go	1349	1369	21	0	1	0	0	1	0	0	1	0	0	1	0	0	0	0	0	1	0	0	1	0	0
modulespecifiers.getModuleSpecifierWithPreferences	modulespecifiers/specifiers.go	1371	1397	27	0	10	0	0	10	0	0	10	0	0	10	0	0	0	0	0	10	0	0	10	0	0
modulespecifiers.comparePathsByRedirect	modulespecifiers/util.go	29	40	12	0	5	0	0	5	4	7	5	0	0	5	3	6	0	0	0	5	0	0	5	0	0
modulespecifiers.PathIsBareSpecifier	modulespecifiers/util.go	42	44	3	0	1	0	0	1	1	3	1	0	0	1	1	3	0	0	0	1	0	0	1	0	0
modulespecifiers.IsExcludedByRegex	modulespecifiers/util.go	46	57	12	0	7	0	0	7	0	0	7	0	0	7	0	0	0	0	0	7	0	0	7	0	0
modulespecifiers.stringToRegex	modulespecifiers/util.go	59	122	64	0	39	0	0	39	0	0	39	0	0	39	0	0	0	0	0	39	0	0	39	0	0
modulespecifiers.ensurePathIsNonModuleName	modulespecifiers/util.go	136	141	6	0	3	0	0	3	3	5	3	0	0	3	3	5	0	0	0	3	0	0	3	0	0
modulespecifiers.GetJSExtensionForDeclarationFileExtension	modulespecifiers/util.go	143	155	13	0	5	0	0	5	0	0	5	0	0	5	0	0	0	0	0	5	0	0	5	0	0
modulespecifiers.TryGetRealFileNameForNonJSDeclarationFileName	modulespecifiers/util.go	159	172	14	0	8	0	0	8	7	11	8	0	0	8	7	11	0	0	0	8	0	0	8	0	0
modulespecifiers.getJSExtensionForFile	modulespecifiers/util.go	174	180	7	1	4	0	0	4	3	4	4	0	0	4	3	4	0	0	0	4	0	0	4	0	0
modulespecifiers.extensionFromPath	modulespecifiers/util.go	186	192	7	1	4	0	0	4	0	0	4	0	0	4	0	0	0	0	0	4	0	0	4	0	0
modulespecifiers.tryGetAnyFileFromPath	modulespecifiers/util.go	194	212	19	0	7	0	0	7	7	16	7	0	0	7	7	16	0	0	0	7	0	0	7	0	0
modulespecifiers.getPathsRelativeToRootDirs	modulespecifiers/util.go	214	223	10	0	6	0	0	6	0	0	6	0	0	6	0	0	0	0	0	6	0	0	6	0	0
modulespecifiers.isPathRelativeToParent	modulespecifiers/util.go	225	227	3	0	1	0	0	1	0	0	1	0	0	1	0	0	0	0	0	1	0	0	1	0	0
modulespecifiers.getRelativePathIfInSameVolume	modulespecifiers/util.go	229	238	10	0	4	0	0	4	3	7	4	0	0	4	3	7	0	0	0	4	0	0	4	0	0
modulespecifiers.packageJsonPathsAreEqual	modulespecifiers/util.go	240	248	9	0	5	0	0	5	0	0	5	0	0	5	0	0	0	0	0	5	0	0	5	0	0
modulespecifiers.prefersTsExtension	modulespecifiers/util.go	250	257	8	0	5	0	0	5	5	7	5	0	0	5	5	7	0	0	0	5	0	0	5	0	0
modulespecifiers.replaceFirstStar	modulespecifiers/util.go	259	261	3	0	1	0	0	1	1	3	1	0	0	1	1	3	0	0	0	1	0	0	1	0	0
modulespecifiers.GetNodeModulePathParts	modulespecifiers/util.go	279	330	52	0	26	0	0	26	25	47	26	0	0	26	25	47	0	0	0	26	0	0	26	0	0
modulespecifiers.GetNodeModulesPackageName	modulespecifiers/util.go	332	348	17	0	6	0	0	6	0	0	6	0	0	6	0	0	0	0	0	6	0	0	6	0	0
modulespecifiers.allKeysStartWithDot	modulespecifiers/util.go	350	357	8	0	4	0	0	4	0	0	4	0	0	4	0	0	0	0	0	4	0	0	4	0	0
modulespecifiers.GetPackageNameFromDirectory	modulespecifiers/util.go	359	385	27	0	15	0	0	15	0	0	15	0	0	15	0	0	0	0	0	15	0	0	15	0	0
modulespecifiers.ProcessEntrypointEnding	modulespecifiers/util.go	389	491	103	0	48	0	0	48	0	0	48	0	0	48	0	0	0	0	0	48	0	0	48	0	0
printer.NewChangeTrackerWriter	printer/changetrackerwriter.go	24	37	14	0	5	0	0	5	0	0	5	0	0	5	0	0	5	0	0	5	0	0	5	0	0
printer.ChangeTrackerWriter.GetPrintHandlers	printer/changetrackerwriter.go	39	72	34	0	13	0	0	13	0	0	13	0	0	13	0	0	13	0	0	13	0	0	13	0	0
printer.ChangeTrackerWriter.setPos	printer/changetrackerwriter.go	74	76	3	0	1	0	0	1	0	0	1	0	0	1	0	0	1	0	0	1	0	0	1	0	0
printer.ChangeTrackerWriter.setEnd	printer/changetrackerwriter.go	78	80	3	0	1	0	0	1	0	0	1	0	0	1	0	0	1	0	0	1	0	0	1	0	0
printer.ChangeTrackerWriter.getPos	printer/changetrackerwriter.go	82	84	3	0	1	0	0	1	0	0	1	0	0	1	0	0	1	0	0	1	0	0	1	0	0
printer.ChangeTrackerWriter.getEnd	printer/changetrackerwriter.go	86	88	3	0	1	0	0	1	0	0	1	0	0	1	0	0	1	0	0	1	0	0	1	0	0
printer.ChangeTrackerWriter.setLastNonTriviaPosition	printer/changetrackerwriter.go	90	105	16	0	9	0	0	9	0	0	9	0	0	9	0	0	9	0	0	9	0	0	9	0	0
printer.ChangeTrackerWriter.AssignPositionsToNode	printer/changetrackerwriter.go	107	128	22	0	8	0	0	8	0	0	8	0	0	8	0	0	8	0	0	8	0	0	8	0	0
printer.ChangeTrackerWriter.assignPositionsToNodeWorker	printer/changetrackerwriter.go	130	149	20	0	11	0	0	11	0	0	11	0	0	11	0	0	11	0	0	11	0	0	11	0	0
printer.ChangeTrackerWriter.assignPositionsToNodeArray	printer/changetrackerwriter.go	151	171	21	1	10	0	0	10	0	0	10	0	0	10	0	0	10	0	0	10	0	0	10	0	0
printer.ChangeTrackerWriter.Write	printer/changetrackerwriter.go	173	176	4	0	2	0	0	2	0	0	2	0	0	2	0	0	2	0	0	2	0	0	2	0	0
printer.ChangeTrackerWriter.WriteTrailingSemicolon	printer/changetrackerwriter.go	178	181	4	0	2	0	0	2	0	0	2	0	0	2	0	0	2	0	0	2	0	0	2	0	0
printer.ChangeTrackerWriter.WriteComment	printer/changetrackerwriter.go	182	182	1	0	1	0	0	1	0	0	1	0	0	1	0	0	1	0	0	1	0	0	1	0	0
printer.ChangeTrackerWriter.WriteKeyword	printer/changetrackerwriter.go	183	186	4	0	2	0	0	2	0	0	2	0	0	2	0	0	2	0	0	2	0	0	2	0	0
printer.ChangeTrackerWriter.WriteOperator	printer/changetrackerwriter.go	188	191	4	0	2	0	0	2	0	0	2	0	0	2	0	0	2	0	0	2	0	0	2	0	0
printer.ChangeTrackerWriter.WritePunctuation	printer/changetrackerwriter.go	193	196	4	0	2	0	0	2	0	0	2	0	0	2	0	0	2	0	0	2	0	0	2	0	0
printer.ChangeTrackerWriter.WriteSpace	printer/changetrackerwriter.go	198	201	4	0	2	0	0	2	0	0	2	0	0	2	0	0	2	0	0	2	0	0	2	0	0
printer.ChangeTrackerWriter.WriteStringLiteral	printer/changetrackerwriter.go	203	206	4	0	2	0	0	2	0	0	2	0	0	2	0	0	2	0	0	2	0	0	2	0	0
printer.ChangeTrackerWriter.WriteParameter	printer/changetrackerwriter.go	208	211	4	0	2	0	0	2	0	0	2	0	0	2	0	0	2	0	0	2	0	0	2	0	0
printer.ChangeTrackerWriter.WriteProperty	printer/changetrackerwriter.go	213	216	4	0	2	0	0	2	0	0	2	0	0	2	0	0	2	0	0	2	0	0	2	0	0
printer.ChangeTrackerWriter.WriteSymbol	printer/changetrackerwriter.go	218	221	4	0	2	0	0	2	0	0	2	0	0	2	0	0	2	0	0	2	0	0	2	0	0
printer.ChangeTrackerWriter.WriteLine	printer/changetrackerwriter.go	222	222	1	0	1	0	0	1	0	0	1	0	0	1	0	0	1	0	0	1	0	0	1	0	0
printer.ChangeTrackerWriter.WriteLineForce	printer/changetrackerwriter.go	223	223	1	0	1	0	0	1	0	0	1	0	0	1	0	0	1	0	0	1	0	0	1	0	0
printer.ChangeTrackerWriter.IncreaseIndent	printer/changetrackerwriter.go	224	224	1	0	1	0	0	1	0	0	1	0	0	1	0	0	1	0	0	1	0	0	1	0	0
printer.ChangeTrackerWriter.DecreaseIndent	printer/changetrackerwriter.go	225	225	1	0	1	0	0	1	0	0	1	0	0	1	0	0	1	0	0	1	0	0	1	0	0
printer.ChangeTrackerWriter.Clear	printer/changetrackerwriter.go	226	226	1	0	2	0	0	2	0	0	2	0	0	2	0	0	2	0	0	2	0	0	2	0	0
printer.ChangeTrackerWriter.String	printer/changetrackerwriter.go	227	227	1	0	1	0	0	1	0	0	1	0	0	1	0	0	1	0	0	1	0	0	1	0	0
printer.ChangeTrackerWriter.RawWrite	printer/changetrackerwriter.go	228	231	4	0	2	0	0	2	0	0	2	0	0	2	0	0	2	0	0	2	0	0	2	0	0
printer.ChangeTrackerWriter.WriteLiteral	printer/changetrackerwriter.go	233	236	4	0	2	0	0	2	0	0	2	0	0	2	0	0	2	0	0	2	0	0	2	0	0
printer.ChangeTrackerWriter.GetTextPos	printer/changetrackerwriter.go	237	237	1	0	1	0	0	1	0	0	1	0	0	1	0	0	1	0	0	1	0	0	1	0	0
printer.ChangeTrackerWriter.GetLine	printer/changetrackerwriter.go	238	238	1	0	1	0	0	1	0	0	1	0	0	1	0	0	1	0	0	1	0	0	1	0	0
printer.ChangeTrackerWriter.GetColumn	printer/changetrackerwriter.go	239	239	1	0	1	0	0	1	0	0	1	0	0	1	0	0	1	0	0	1	0	0	1	0	0
printer.ChangeTrackerWriter.GetIndent	printer/changetrackerwriter.go	240	240	1	0	1	0	0	1	0	0	1	0	0	1	0	0	1	0	0	1	0	0	1	0	0
printer.ChangeTrackerWriter.IsAtStartOfLine	printer/changetrackerwriter.go	241	241	1	0	1	0	0	1	0	0	1	0	0	1	0	0	1	0	0	1	0	0	1	0	0
printer.ChangeTrackerWriter.HasTrailingComment	printer/changetrackerwriter.go	243	243	1	0	1	0	0	1	0	0	1	0	0	1	0	0	1	0	0	1	0	0	1	0	0
printer.ChangeTrackerWriter.HasTrailingWhitespace	printer/changetrackerwriter.go	245	247	3	0	1	0	0	1	0	0	1	0	0	1	0	0	1	0	0	1	0	0	1	0	0
printer.NewEmitContext	printer/emitcontext.go	45	49	5	0	3	3	5	3	3	5	3	3	5	3	3	5	3	3	5	3	3	5	3	3	5
printer.GetEmitContext	printer/emitcontext.go	57	63	7	0	4	0	0	4	4	6	4	0	0	4	0	0	4	0	0	4	0	0	4	0	0
printer.EmitContext.Reset	printer/emitcontext.go	65	69	5	0	1	0	0	1	1	5	1	0	0	1	0	0	1	0	0	1	0	0	1	0	0
printer.EmitContext.onCreate	printer/emitcontext.go	71	73	3	0	1	1	3	1	1	3	1	1	3	1	1	3	1	1	3	1	1	3	1	1	3
printer.EmitContext.onUpdate	printer/emitcontext.go	75	77	3	0	1	1	3	1	1	3	1	0	0	1	1	3	1	1	3	1	1	3	1	1	3
printer.EmitContext.onClone	printer/emitcontext.go	79	87	9	0	5	3	4	5	5	7	5	0	0	5	3	4	5	3	4	5	3	4	5	3	4
printer.EmitContext.NewNodeVisitor	printer/emitcontext.go	90	98	9	0	1	0	0	1	1	9	1	0	0	1	1	9	1	0	0	1	0	0	1	0	0
printer.EmitContext.StartVariableEnvironment	printer/emitcontext.go	109	112	4	0	2	0	0	2	2	4	2	0	0	2	2	4	2	0	0	2	0	0	2	0	0
printer.EmitContext.EndVariableEnvironment	printer/emitcontext.go	117	133	17	0	12	0	0	12	11	14	12	0	0	12	6	7	12	0	0	12	0	0	12	0	0
printer.EmitContext.EndAndMergeVariableEnvironmentList	printer/emitcontext.go	136	149	14	0	8	0	0	8	8	11	8	0	0	8	5	7	8	0	0	8	0	0	8	0	0
printer.EmitContext.EndAndMergeVariableEnvironment	printer/emitcontext.go	152	155	4	0	2	0	0	2	2	4	2	0	0	2	0	0	2	0	0	2	0	0	2	0	0
printer.EmitContext.endAndMergeVariableEnvironment	printer/emitcontext.go	157	159	3	0	1	0	0	1	1	3	1	0	0	1	1	3	1	0	0	1	0	0	1	0	0
printer.EmitContext.AddVariableDeclaration	printer/emitcontext.go	164	172	9	0	6	0	0	6	6	8	6	0	0	6	0	0	6	0	0	6	0	0	6	0	0
printer.EmitContext.AddHoistedFunctionDeclaration	printer/emitcontext.go	177	181	5	0	3	0	0	3	0	0	3	0	0	3	0	0	3	0	0	3	0	0	3	0	0
printer.EmitContext.StartLexicalEnvironment	printer/emitcontext.go	189	191	3	0	1	0	0	1	1	3	1	0	0	1	1	3	1	0	0	1	0	0	1	0	0
printer.EmitContext.EndLexicalEnvironment	printer/emitcontext.go	197	207	11	0	8	0	0	8	8	10	8	0	0	8	4	5	8	0	0	8	0	0	8	0	0
printer.EmitContext.EndAndMergeLexicalEnvironmentList	printer/emitcontext.go	210	223	14	0	8	0	0	8	0	0	8	0	0	8	0	0	8	0	0	8	0	0	8	0	0
printer.EmitContext.EndAndMergeLexicalEnvironment	printer/emitcontext.go	226	229	4	0	2	0	0	2	0	0	2	0	0	2	0	0	2	0	0	2	0	0	2	0	0
printer.EmitContext.endAndMergeLexicalEnvironment	printer/emitcontext.go	232	234	3	0	1	0	0	1	0	0	1	0	0	1	0	0	1	0	0	1	0	0	1	0	0
printer.EmitContext.AddLexicalDeclaration	printer/emitcontext.go	237	242	6	0	4	0	0	4	4	6	4	0	0	4	0	0	4	0	0	4	0	0	4	0	0
printer.EmitContext.MergeEnvironmentList	printer/emitcontext.go	245	252	8	0	5	0	0	5	4	6	5	0	0	5	0	0	5	0	0	5	0	0	5	0	0
printer.EmitContext.MergeEnvironment	printer/emitcontext.go	255	258	4	0	2	0	0	2	2	4	2	0	0	2	0	0	2	0	0	2	0	0	2	0	0
printer.EmitContext.mergeEnvironment	printer/emitcontext.go	260	352	93	1	36	0	0	36	21	31	36	0	0	36	2	4	36	0	0	36	0	0	36	0	0
printer.EmitContext.isCustomPrologue	printer/emitcontext.go	354	356	3	0	1	0	0	1	1	3	1	0	0	1	0	0	1	0	0	1	0	0	1	0	0
printer.EmitContext.isHoistedFunction	printer/emitcontext.go	358	360	3	0	1	0	0	1	1	3	1	0	0	1	0	0	1	0	0	1	0	0	1	0	0
printer.isHoistedVariable	printer/emitcontext.go	362	364	3	0	1	0	0	1	1	3	1	0	0	1	0	0	1	0	0	1	0	0	1	0	0
printer.EmitContext.isHoistedVariableStatement	printer/emitcontext.go	366	370	5	0	1	0	0	1	1	5	1	0	0	1	0	0	1	0	0	1	0	0	1	0	0
printer.EmitContext.HasAutoGenerateInfo	printer/emitcontext.go	377	383	7	0	4	0	0	4	3	5	4	0	0	4	0	0	4	0	0	4	0	0	4	0	0
printer.EmitContext.GetAutoGenerateInfo	printer/emitcontext.go	386	391	6	0	3	0	0	3	2	3	3	0	0	3	0	0	3	0	0	3	0	0	3	0	0
printer.EmitContext.GetNodeForGeneratedName	printer/emitcontext.go	394	399	6	0	3	0	0	3	2	4	3	0	0	3	0	0	3	0	0	3	0	0	3	0	0
printer.EmitContext.getNodeForGeneratedNameWorker	printer/emitcontext.go	401	419	19	0	12	0	0	12	6	7	12	0	0	12	3	4	12	0	0	12	0	0	12	0	0
printer.EmitContext.SetOriginal	printer/emitcontext.go	446	448	3	0	1	1	3	1	1	3	1	0	0	1	1	3	1	1	3	1	1	3	1	1	3
printer.EmitContext.UnsetOriginal	printer/emitcontext.go	450	452	3	0	1	0	0	1	1	3	1	0	0	1	0	0	1	0	0	1	0	0	1	0	0
printer.EmitContext.SetOriginalEx	printer/emitcontext.go	454	474	21	2	13	11	15	13	11	15	13	0	0	13	11	15	13	9	11	13	11	15	13	11	15
printer.EmitContext.Original	printer/emitcontext.go	479	481	3	0	1	1	3	1	1	3	1	0	0	1	1	3	1	0	0	1	1	3	1	1	3
printer.EmitContext.MostOriginal	printer/emitcontext.go	487	496	10	0	6	6	8	6	6	8	6	0	0	6	6	8	6	0	0	6	6	8	6	4	5
printer.EmitContext.ParseNode	printer/emitcontext.go	501	507	7	0	4	3	5	4	4	6	4	0	0	4	4	6	4	0	0	4	3	5	4	3	5
printer.EmitContext.IsFileLevelUniqueName	printer/emitcontext.go	509	515	7	0	4	0	0	4	3	4	4	0	0	4	0	0	4	0	0	4	0	0	4	0	0
printer.emitNode.copyFrom	printer/emitcontext.go	562	574	13	0	10	8	9	10	8	9	10	0	0	10	8	9	10	0	0	10	8	9	10	8	9
printer.EmitContext.EmitFlags	printer/emitcontext.go	576	581	6	0	3	3	5	3	3	5	3	2	4	3	3	5	3	3	5	3	3	5	3	3	5
printer.EmitContext.SetEmitFlags	printer/emitcontext.go	583	585	3	0	1	1	3	1	1	3	1	0	0	1	1	3	1	0	0	1	1	3	1	1	3
printer.EmitContext.AddEmitFlags	printer/emitcontext.go	587	589	3	0	1	1	3	1	1	3	1	1	3	1	1	3	1	1	3	1	1	3	1	1	3
printer.EmitContext.SnippetElement	printer/emitcontext.go	591	596	6	0	3	0	0	3	3	5	3	0	0	3	0	0	3	0	0	3	0	0	3	0	0
printer.EmitContext.SetSnippetElement	printer/emitcontext.go	598	600	3	0	1	0	0	1	0	0	1	0	0	1	0	0	1	0	0	1	0	0	1	0	0
printer.EmitContext.CommentRange	printer/emitcontext.go	603	608	6	0	3	3	5	3	3	5	3	0	0	3	3	5	3	2	3	3	3	5	3	3	5
printer.EmitContext.SetCommentRange	printer/emitcontext.go	611	615	5	0	3	3	5	3	3	5	3	0	0	3	3	5	3	0	0	3	3	5	3	3	5
printer.EmitContext.AssignCommentRange	printer/emitcontext.go	618	620	3	0	1	1	3	1	1	3	1	0	0	1	1	3	1	0	0	1	1	3	1	1	3
printer.EmitContext.SourceMapRange	printer/emitcontext.go	623	628	6	0	3	0	0	3	3	5	3	0	0	3	0	0	3	0	0	3	0	0	3	0	0
printer.EmitContext.SetSourceMapRange	printer/emitcontext.go	631	635	5	0	3	0	0	3	3	5	3	0	0	3	0	0	3	0	0	3	0	0	3	0	0
printer.EmitContext.AssignSourceMapRange	printer/emitcontext.go	638	640	3	0	1	0	0	1	1	3	1	0	0	1	0	0	1	0	0	1	0	0	1	0	0
printer.EmitContext.AssignCommentAndSourceMapRanges	printer/emitcontext.go	643	650	8	0	6	0	0	6	6	8	6	0	0	6	0	0	6	0	0	6	0	0	6	0	0
printer.EmitContext.TokenSourceMapRange	printer/emitcontext.go	653	660	8	0	4	0	0	4	2	3	4	0	0	4	0	0	4	0	0	4	0	0	4	0	0
printer.EmitContext.SetTokenSourceMapRange	printer/emitcontext.go	663	669	7	0	4	0	0	4	0	0	4	0	0	4	0	0	4	0	0	4	0	0	4	0	0
printer.EmitContext.AssignedName	printer/emitcontext.go	671	673	3	0	1	0	0	1	1	3	1	0	0	1	0	0	1	0	0	1	0	0	1	0	0
printer.EmitContext.TextSource	printer/emitcontext.go	675	677	3	0	1	0	0	1	1	3	1	0	0	1	0	0	1	0	0	1	0	0	1	0	0
printer.EmitContext.SetAssignedName	printer/emitcontext.go	679	684	6	0	3	0	0	3	3	5	3	0	0	3	0	0	3	0	0	3	0	0	3	0	0
printer.EmitContext.ClassThis	printer/emitcontext.go	686	688	3	0	1	0	0	1	1	3	1	0	0	1	0	0	1	0	0	1	0	0	1	0	0
printer.EmitContext.SetClassThis	printer/emitcontext.go	690	695	6	0	3	0	0	3	3	5	3	0	0	3	0	0	3	0	0	3	0	0	3	0	0
printer.EmitContext.RequestEmitHelper	printer/emitcontext.go	697	705	9	1	5	0	0	5	4	6	5	0	0	5	0	0	5	0	0	5	0	0	5	0	0
printer.EmitContext.ReadEmitHelpers	printer/emitcontext.go	707	711	5	0	3	0	0	3	3	5	3	0	0	3	0	0	3	0	0	3	0	0	3	0	0
printer.EmitContext.AddEmitHelper	printer/emitcontext.go	713	718	6	0	3	0	0	3	3	5	3	0	0	3	0	0	3	0	0	3	0	0	3	0	0
printer.EmitContext.MoveEmitHelpers	printer/emitcontext.go	720	746	27	0	18	0	0	18	0	0	18	0	0	18	0	0	18	0	0	18	0	0	18	0	0
printer.EmitContext.GetEmitHelpers	printer/emitcontext.go	748	754	7	0	4	0	0	4	4	6	4	0	0	4	0	0	4	0	0	4	0	0	4	0	0
printer.EmitContext.GetExternalHelpersModuleName	printer/emitcontext.go	756	763	8	0	4	3	4	4	4	6	4	0	0	4	3	4	4	0	0	4	3	4	4	3	4
printer.EmitContext.SetExternalHelpersModuleName	printer/emitcontext.go	765	773	9	1	5	0	0	5	4	5	5	0	0	5	0	0	5	0	0	5	0	0	5	0	0
printer.EmitContext.HasRecordedExternalHelpers	printer/emitcontext.go	775	781	7	0	4	0	0	4	3	5	4	0	0	4	0	0	4	0	0	4	0	0	4	0	0
printer.EmitContext.IsCallToHelper	printer/emitcontext.go	783	788	6	0	1	0	0	1	1	6	1	0	0	1	0	0	1	0	0	1	0	0	1	0	0
printer.EmitContext.VisitVariableEnvironment	printer/emitcontext.go	794	797	4	0	2	0	0	2	2	4	2	0	0	2	2	4	2	0	0	2	0	0	2	0	0
printer.EmitContext.VisitParameters	printer/emitcontext.go	799	818	20	0	9	0	0	9	9	19	9	0	0	9	8	17	9	0	0	9	0	0	9	0	0
printer.EmitContext.addDefaultValueAssignmentsIfNeeded	printer/emitcontext.go	820	841	22	0	15	0	0	15	13	16	15	0	0	15	0	0	15	0	0	15	0	0	15	0	0
printer.EmitContext.addDefaultValueAssignmentIfNeeded	printer/emitcontext.go	843	854	12	0	7	0	0	7	5	9	7	0	0	7	0	0	7	0	0	7	0	0	7	0	0
printer.EmitContext.addDefaultValueAssignmentForBindingPattern	printer/emitcontext.go	856	890	35	0	6	0	0	6	5	24	6	0	0	6	0	0	6	0	0	6	0	0	6	0	0
printer.EmitContext.addDefaultValueAssignmentForInitializer	printer/emitcontext.go	892	919	28	0	11	0	0	11	11	28	11	0	0	11	0	0	11	0	0	11	0	0	11	0	0
printer.EmitContext.AddInitializationStatement	printer/emitcontext.go	921	928	8	1	5	0	0	5	4	5	5	0	0	5	0	0	5	0	0	5	0	0	5	0	0
printer.EmitContext.ConvertToFunctionBlock	printer/emitcontext.go	930	941	12	0	9	0	0	9	8	9	9	0	0	9	0	0	9	0	0	9	0	0	9	0	0
printer.EmitContext.VisitFunctionBody	printer/emitcontext.go	943	970	28	0	11	0	0	11	10	22	11	0	0	11	4	7	11	0	0	11	0	0	11	0	0
printer.EmitContext.VisitIterationBody	printer/emitcontext.go	972	996	25	1	16	0	0	16	12	14	16	0	0	16	7	8	16	0	0	16	0	0	16	0	0
printer.EmitContext.VisitEmbeddedStatement	printer/emitcontext.go	998	1011	14	0	10	0	0	10	10	13	10	0	0	10	5	7	10	0	0	10	0	0	10	0	0
printer.EmitContext.SetSyntheticLeadingComments	printer/emitcontext.go	1013	1016	4	0	2	0	0	2	2	4	2	0	0	2	0	0	2	0	0	2	0	0	2	0	0
printer.EmitContext.AddSyntheticLeadingComment	printer/emitcontext.go	1018	1021	4	0	2	2	4	2	2	4	2	0	0	2	2	4	2	0	0	2	0	0	2	0	0
printer.EmitContext.GetSyntheticLeadingComments	printer/emitcontext.go	1023	1028	6	0	3	0	0	3	3	5	3	0	0	3	0	0	3	0	0	3	0	0	3	0	0
printer.EmitContext.SetSyntheticTrailingComments	printer/emitcontext.go	1030	1033	4	0	2	0	0	2	2	4	2	0	0	2	0	0	2	0	0	2	0	0	2	0	0
printer.EmitContext.AddSyntheticTrailingComment	printer/emitcontext.go	1035	1038	4	0	2	0	0	2	2	4	2	0	0	2	2	4	2	0	0	2	0	0	2	0	0
printer.EmitContext.GetSyntheticTrailingComments	printer/emitcontext.go	1040	1045	6	0	3	0	0	3	3	5	3	0	0	3	0	0	3	0	0	3	0	0	3	0	0
printer.EmitContext.SetTypeNode	printer/emitcontext.go	1049	1051	3	0	1	0	0	1	1	3	1	0	0	1	0	0	1	0	0	1	0	0	1	0	0
printer.EmitContext.GetTypeNode	printer/emitcontext.go	1054	1059	6	0	3	0	0	3	3	5	3	0	0	3	0	0	3	0	0	3	0	0	3	0	0
printer.EmitContext.NewNotEmittedStatement	printer/emitcontext.go	1061	1067	7	0	5	0	0	5	5	7	5	0	0	5	0	0	5	0	0	5	0	0	5	0	0
printer.NewNodeFactory	printer/factory.go	18	27	10	0	1	1	10	1	1	10	1	1	10	1	1	10	1	1	10	1	1	10	1	1	10
printer.NodeFactory.newGeneratedIdentifier	printer/factory.go	29	57	29	0	13	0	0	13	13	25	13	0	0	13	11	21	13	0	0	13	0	0	13	0	0
printer.NodeFactory.NewTempVariable	printer/factory.go	62	64	3	0	1	0	0	1	1	3	1	0	0	1	0	0	1	0	0	1	0	0	1	0	0
printer.NodeFactory.NewTempVariableEx	printer/factory.go	69	71	3	0	1	0	0	1	1	3	1	0	0	1	0	0	1	0	0	1	0	0	1	0	0
printer.NodeFactory.NewLoopVariable	printer/factory.go	74	76	3	0	1	0	0	1	0	0	1	0	0	1	0	0	1	0	0	1	0	0	1	0	0
printer.NodeFactory.NewLoopVariableEx	printer/factory.go	79	81	3	0	1	0	0	1	0	0	1	0	0	1	0	0	1	0	0	1	0	0	1	0	0
printer.NodeFactory.NewUniqueName	printer/factory.go	84	86	3	0	1	0	0	1	1	3	1	0	0	1	0	0	1	0	0	1	0	0	1	0	0
printer.NodeFactory.NewUniqueNameEx	printer/factory.go	89	91	3	0	1	0	0	1	1	3	1	0	0	1	1	3	1	0	0	1	0	0	1	0	0
printer.NodeFactory.NewGeneratedNameForNode	printer/factory.go	94	96	3	0	1	0	0	1	1	3	1	0	0	1	1	3	1	0	0	1	0	0	1	0	0
printer.NodeFactory.NewGeneratedNameForNodeEx	printer/factory.go	99	105	7	0	3	0	0	3	3	5	3	0	0	3	2	3	3	0	0	3	0	0	3	0	0
printer.NodeFactory.newGeneratedPrivateIdentifier	printer/factory.go	107	137	31	1	15	0	0	15	12	23	15	0	0	15	0	0	15	0	0	15	0	0	15	0	0
printer.NodeFactory.NewUniquePrivateName	printer/factory.go	140	142	3	0	1	0	0	1	0	0	1	0	0	1	0	0	1	0	0	1	0	0	1	0	0
printer.NodeFactory.NewUniquePrivateNameEx	printer/factory.go	145	147	3	0	1	0	0	1	0	0	1	0	0	1	0	0	1	0	0	1	0	0	1	0	0
printer.NodeFactory.NewGeneratedPrivateNameForNode	printer/factory.go	150	152	3	0	1	0	0	1	0	0	1	0	0	1	0	0	1	0	0	1	0	0	1	0	0
printer.NodeFactory.NewGeneratedPrivateNameForNodeEx	printer/factory.go	155	161	7	0	3	0	0	3	3	5	3	0	0	3	0	0	3	0	0	3	0	0	3	0	0
printer.NodeFactory.NewStringLiteralFromNode	printer/factory.go	165	187	23	0	8	0	0	8	8	11	8	0	0	8	0	0	8	0	0	8	0	0	8	0	0
printer.NodeFactory.NewThisExpression	printer/factory.go	193	195	3	0	1	0	0	1	1	3	1	0	0	1	0	0	1	0	0	1	0	0	1	0	0
printer.NodeFactory.NewTrueExpression	printer/factory.go	197	199	3	0	1	0	0	1	1	3	1	0	0	1	0	0	1	0	0	1	0	0	1	0	0
printer.NodeFactory.NewFalseExpression	printer/factory.go	201	203	3	0	1	0	0	1	1	3	1	0	0	1	0	0	1	0	0	1	0	0	1	0	0
printer.NodeFactory.NewCommaExpression	printer/factory.go	209	211	3	0	1	0	0	1	1	3	1	0	0	1	0	0	1	0	0	1	0	0	1	0	0
printer.NodeFactory.NewAssignmentExpression	printer/factory.go	213	215	3	0	1	0	0	1	1	3	1	0	0	1	0	0	1	0	0	1	0	0	1	0	0
printer.NodeFactory.NewLogicalORExpression	printer/factory.go	217	219	3	0	1	0	0	1	1	3	1	0	0	1	0	0	1	0	0	1	0	0	1	0	0
printer.NodeFactory.NewLogicalANDExpression	printer/factory.go	221	223	3	0	1	0	0	1	1	3	1	0	0	1	0	0	1	0	0	1	0	0	1	0	0
printer.NodeFactory.NewStrictEqualityExpression	printer/factory.go	229	231	3	0	1	0	0	1	1	3	1	0	0	1	0	0	1	0	0	1	0	0	1	0	0
printer.NodeFactory.NewStrictInequalityExpression	printer/factory.go	233	235	3	0	1	0	0	1	1	3	1	0	0	1	0	0	1	0	0	1	0	0	1	0	0
printer.NodeFactory.NewVoidZeroExpression	printer/factory.go	241	243	3	0	1	0	0	1	1	3	1	0	0	1	0	0	1	0	0	1	0	0	1	0	0
printer.flattenCommaElement	printer/factory.go	245	253	9	0	5	0	0	5	3	6	5	0	0	5	0	0	5	0	0	5	0	0	5	0	0
printer.flattenCommaElements	printer/factory.go	255	261	7	0	4	0	0	4	4	6	4	0	0	4	0	0	4	0	0	4	0	0	4	0	0
printer.NodeFactory.InlineExpressions	printer/factory.go	264	277	14	0	9	0	0	9	8	11	9	0	0	9	0	0	9	0	0	9	0	0	9	0	0
printer.NodeFactory.CreateExpressionFromEntityName	printer/factory.go	283	299	17	0	12	0	0	12	12	16	12	0	0	12	0	0	12	0	0	12	0	0	12	0	0
printer.NodeFactory.RestoreEnclosingLabel	printer/factory.go	301	314	14	0	6	0	0	6	5	11	6	0	0	6	0	0	6	0	0	6	0	0	6	0	0
printer.NodeFactory.CreateForOfBindingStatement	printer/factory.go	317	343	27	0	11	0	0	11	11	26	11	0	0	11	0	0	11	0	0	11	0	0	11	0	0
printer.NodeFactory.NewTypeCheck	printer/factory.go	345	353	9	0	5	0	0	5	4	7	5	0	0	5	0	0	5	0	0	5	0	0	5	0	0
printer.NodeFactory.NewMethodCall	printer/factory.go	355	373	19	0	3	0	0	3	2	10	3	0	0	3	0	0	3	0	0	3	0	0	3	0	0
printer.NodeFactory.NewGlobalMethodCall	printer/factory.go	375	377	3	0	1	0	0	1	1	3	1	0	0	1	0	0	1	0	0	1	0	0	1	0	0
printer.NodeFactory.NewFunctionCallCall	printer/factory.go	379	385	7	1	4	0	0	4	3	4	4	0	0	4	0	0	4	0	0	4	0	0	4	0	0
printer.NodeFactory.NewArraySliceCall	printer/factory.go	387	393	7	0	4	0	0	4	0	0	4	0	0	4	0	0	4	0	0	4	0	0	4	0	0
printer.NodeFactory.isIgnorableParen	printer/factory.go	407	414	8	0	1	0	0	1	1	8	1	0	0	1	0	0	1	0	0	1	0	0	1	0	0
printer.NodeFactory.updateOuterExpression	printer/factory.go	416	435	20	1	9	0	0	9	3	6	9	0	0	9	0	0	9	0	0	9	0	0	9	0	0
printer.NodeFactory.RestoreOuterExpressions	printer/factory.go	437	445	9	0	3	0	0	3	3	8	3	0	0	3	0	0	3	0	0	3	0	0	3	0	0
printer.NodeFactory.EnsureUseStrict	printer/factory.go	448	459	12	0	7	0	0	7	7	9	7	0	0	7	0	0	7	0	0	7	0	0	7	0	0
printer.NodeFactory.SplitStandardPrologue	printer/factory.go	462	469	8	0	4	0	0	4	4	6	4	0	0	4	0	0	4	0	0	4	0	0	4	0	0
printer.NodeFactory.SplitCustomPrologue	printer/factory.go	472	479	8	0	4	0	0	4	4	6	4	0	0	4	0	0	4	0	0	4	0	0	4	0	0
printer.NodeFactory.getName	printer/factory.go	496	519	24	0	14	0	0	14	13	18	14	0	0	14	0	0	14	0	0	14	0	0	14	0	0
printer.NodeFactory.GetLocalName	printer/factory.go	524	526	3	0	1	0	0	1	1	3	1	0	0	1	0	0	1	0	0	1	0	0	1	0	0
printer.NodeFactory.GetLocalNameEx	printer/factory.go	531	533	3	0	1	0	0	1	1	3	1	0	0	1	0	0	1	0	0	1	0	0	1	0	0
printer.NodeFactory.GetExportName	printer/factory.go	539	541	3	0	1	0	0	1	1	3	1	0	0	1	0	0	1	0	0	1	0	0	1	0	0
printer.NodeFactory.GetExportNameEx	printer/factory.go	547	549	3	0	1	0	0	1	1	3	1	0	0	1	0	0	1	0	0	1	0	0	1	0	0
printer.NodeFactory.GetDeclarationName	printer/factory.go	552	554	3	0	1	0	0	1	1	3	1	0	0	1	0	0	1	0	0	1	0	0	1	0	0
printer.NodeFactory.GetDeclarationNameEx	printer/factory.go	557	559	3	0	1	0	0	1	1	3	1	0	0	1	0	0	1	0	0	1	0	0	1	0	0
printer.NodeFactory.GetNamespaceMemberName	printer/factory.go	561	574	14	0	9	0	0	9	8	11	9	0	0	9	0	0	9	0	0	9	0	0	9	0	0
printer.NodeFactory.GetExternalModuleOrNamespaceExportName	printer/factory.go	580	586	7	0	4	0	0	4	3	5	4	0	0	4	0	0	4	0	0	4	0	0	4	0	0
printer.NodeFactory.NewUnscopedHelperName	printer/factory.go	593	597	5	0	3	0	0	3	3	5	3	0	0	3	0	0	3	0	0	3	0	0	3	0	0
printer.NodeFactory.NewDecorateHelper	printer/factory.go	601	621	21	0	9	0	0	9	9	18	9	0	0	9	0	0	9	0	0	9	0	0	9	0	0
printer.NodeFactory.NewMetadataHelper	printer/factory.go	623	636	14	0	2	0	0	2	2	14	2	0	0	2	0	0	2	0	0	2	0	0	2	0	0
printer.NodeFactory.NewParamHelper	printer/factory.go	638	649	12	0	4	0	0	4	4	12	4	0	0	4	0	0	4	0	0	4	0	0	4	0	0
printer.NodeFactory.NewAddDisposableResourceHelper	printer/factory.go	653	662	10	0	2	0	0	2	2	10	2	0	0	2	0	0	2	0	0	2	0	0	2	0	0
printer.NodeFactory.NewDisposeResourcesHelper	printer/factory.go	664	673	10	0	2	0	0	2	2	10	2	0	0	2	0	0	2	0	0	2	0	0	2	0	0
printer.NodeFactory.NewClassPrivateFieldGetHelper	printer/factory.go	686	701	16	0	6	0	0	6	6	15	6	0	0	6	0	0	6	0	0	6	0	0	6	0	0
printer.NodeFactory.NewClassPrivateFieldSetHelper	printer/factory.go	703	718	16	0	6	0	0	6	6	15	6	0	0	6	0	0	6	0	0	6	0	0	6	0	0
printer.NodeFactory.NewClassPrivateFieldInHelper	printer/factory.go	720	729	10	0	2	0	0	2	2	10	2	0	0	2	0	0	2	0	0	2	0	0	2	0	0
printer.NodeFactory.NewObjectDefinePropertyCall	printer/factory.go	732	745	14	0	1	0	0	1	1	14	1	0	0	1	0	0	1	0	0	1	0	0	1	0	0
printer.NodeFactory.NewReflectGetCall	printer/factory.go	748	761	14	0	1	0	0	1	1	14	1	0	0	1	0	0	1	0	0	1	0	0	1	0	0
printer.NodeFactory.NewReflectSetCall	printer/factory.go	764	777	14	0	1	0	0	1	1	14	1	0	0	1	0	0	1	0	0	1	0	0	1	0	0
printer.NodeFactory.NewFunctionBindCall	printer/factory.go	780	785	6	0	4	0	0	4	4	6	4	0	0	4	0	0	4	0	0	4	0	0	4	0	0
printer.NodeFactory.NewImmediatelyInvokedArrowFunction	printer/factory.go	788	805	18	0	2	0	0	2	2	18	2	0	0	2	0	0	2	0	0	2	0	0	2	0	0
printer.NodeFactory.NewExportDefault	printer/factory.go	808	810	3	0	1	0	0	1	1	3	1	0	0	1	0	0	1	0	0	1	0	0	1	0	0
printer.NodeFactory.NewExternalModuleExport	printer/factory.go	813	817	5	0	3	0	0	3	3	5	3	0	0	3	0	0	3	0	0	3	0	0	3	0	0
printer.NodeFactory.NewAssignHelper	printer/factory.go	821	823	3	0	1	0	0	1	1	3	1	0	0	1	0	0	1	0	0	1	0	0	1	0	0
printer.NodeFactory.NewRestHelper	printer/factory.go	827	866	40	1	17	0	0	17	17	36	17	0	0	17	0	0	17	0	0	17	0	0	17	0	0
printer.NodeFactory.NewAwaitHelper	printer/factory.go	871	880	10	0	2	0	0	2	2	10	2	0	0	2	0	0	2	0	0	2	0	0	2	0	0
printer.NodeFactory.NewAsyncGeneratorHelper	printer/factory.go	883	911	29	0	8	0	0	8	7	22	8	0	0	8	0	0	8	0	0	8	0	0	8	0	0
printer.NodeFactory.NewAsyncDelegatorHelper	printer/factory.go	914	924	11	0	3	0	0	3	3	11	3	0	0	3	0	0	3	0	0	3	0	0	3	0	0
printer.NodeFactory.NewAsyncValuesHelper	printer/factory.go	927	936	10	0	2	0	0	2	2	10	2	0	0	2	0	0	2	0	0	2	0	0	2	0	0
printer.NodeFactory.NewAwaiterHelper	printer/factory.go	941	996	56	0	16	0	0	16	16	47	16	0	0	16	0	0	16	0	0	16	0	0	16	0	0
printer.NodeFactory.NewESDecorateClassContextObject	printer/factory.go	1000	1007	8	0	2	0	0	2	2	8	2	0	0	2	0	0	2	0	0	2	0	0	2	0	0
printer.NodeFactory.NewESDecorateClassElementAccessGetMethod	printer/factory.go	1009	1031	23	0	7	0	0	7	7	18	7	0	0	7	0	0	7	0	0	7	0	0	7	0	0
printer.NodeFactory.NewESDecorateClassElementAccessSetMethod	printer/factory.go	1033	1060	28	0	11	0	0	11	11	23	11	0	0	11	0	0	11	0	0	11	0	0	11	0	0
printer.NodeFactory.NewESDecorateClassElementAccessHasMethod	printer/factory.go	1062	1086	25	0	8	0	0	8	8	20	8	0	0	8	0	0	8	0	0	8	0	0	8	0	0
printer.NodeFactory.NewESDecorateClassElementAccessObject	printer/factory.go	1098	1120	23	0	7	0	0	7	7	14	7	0	0	7	0	0	7	0	0	7	0	0	7	0	0
printer.NodeFactory.NewESDecorateClassElementContextObject	printer/factory.go	1122	1166	45	0	15	0	0	15	15	31	15	0	0	15	0	0	15	0	0	15	0	0	15	0	0
printer.NodeFactory.NewESDecorateHelper	printer/factory.go	1168	1177	10	0	2	0	0	2	2	10	2	0	0	2	0	0	2	0	0	2	0	0	2	0	0
printer.NodeFactory.NewRunInitializersHelper	printer/factory.go	1179	1194	16	0	6	0	0	6	6	15	6	0	0	6	0	0	6	0	0	6	0	0	6	0	0
printer.NodeFactory.NewTemplateObjectHelper	printer/factory.go	1198	1207	10	0	2	0	0	2	2	10	2	0	0	2	0	0	2	0	0	2	0	0	2	0	0
printer.NodeFactory.NewPropKeyHelper	printer/factory.go	1209	1218	10	0	2	0	0	2	2	10	2	0	0	2	0	0	2	0	0	2	0	0	2	0	0
printer.NodeFactory.NewSetFunctionNameHelper	printer/factory.go	1220	1235	16	0	6	0	0	6	6	15	6	0	0	6	0	0	6	0	0	6	0	0	6	0	0
printer.NodeFactory.NewImportDefaultHelper	printer/factory.go	1240	1249	10	0	2	0	0	2	2	10	2	0	0	2	0	0	2	0	0	2	0	0	2	0	0
printer.NodeFactory.NewImportStarHelper	printer/factory.go	1252	1261	10	0	2	0	0	2	2	10	2	0	0	2	0	0	2	0	0	2	0	0	2	0	0
printer.NodeFactory.NewExportStarHelper	printer/factory.go	1264	1273	10	0	2	0	0	2	2	10	2	0	0	2	0	0	2	0	0	2	0	0	2	0	0
printer.NodeFactory.NewAssignmentTargetWrapper	printer/factory.go	1275	1297	23	0	3	0	0	3	3	23	3	0	0	3	0	0	3	0	0	3	0	0	3	0	0
printer.NodeFactory.NewRewriteRelativeImportExtensionsHelper	printer/factory.go	1300	1315	16	0	6	0	0	6	6	15	6	0	0	6	0	0	6	0	0	6	0	0	6	0	0
printer.GeneratedIdentifierFlags.Kind	printer/generatedidentifierflags.go	23	25	3	0	1	0	0	1	1	3	1	0	0	1	0	0	1	0	0	1	0	0	1	0	0
printer.GeneratedIdentifierFlags.IsAuto	printer/generatedidentifierflags.go	27	29	3	0	1	0	0	1	0	0	1	0	0	1	0	0	1	0	0	1	0	0	1	0	0
printer.GeneratedIdentifierFlags.IsLoop	printer/generatedidentifierflags.go	31	33	3	0	1	0	0	1	0	0	1	0	0	1	0	0	1	0	0	1	0	0	1	0	0
printer.GeneratedIdentifierFlags.IsUnique	printer/generatedidentifierflags.go	35	37	3	0	1	0	0	1	0	0	1	0	0	1	0	0	1	0	0	1	0	0	1	0	0
printer.GeneratedIdentifierFlags.IsNode	printer/generatedidentifierflags.go	39	41	3	0	1	0	0	1	1	3	1	0	0	1	0	0	1	0	0	1	0	0	1	0	0
printer.GeneratedIdentifierFlags.IsReservedInNestedScopes	printer/generatedidentifierflags.go	43	45	3	0	1	0	0	1	1	3	1	0	0	1	0	0	1	0	0	1	0	0	1	0	0
printer.GeneratedIdentifierFlags.IsOptimistic	printer/generatedidentifierflags.go	47	49	3	0	1	0	0	1	1	3	1	0	0	1	0	0	1	0	0	1	0	0	1	0	0
printer.GeneratedIdentifierFlags.IsFileLevel	printer/generatedidentifierflags.go	51	53	3	0	1	0	0	1	1	3	1	0	0	1	0	0	1	0	0	1	0	0	1	0	0
printer.GeneratedIdentifierFlags.HasAllowNameSubstitution	printer/generatedidentifierflags.go	55	57	3	0	1	0	0	1	1	3	1	0	0	1	0	0	1	0	0	1	0	0	1	0	0
printer.compareEmitHelpers	printer/helpers.go	17	31	15	0	9	0	0	9	8	12	9	0	0	9	0	0	9	0	0	9	0	0	9	0	0
printer.NameGenerator.PushScope	printer/namegenerator.go	41	46	6	0	3	3	5	3	3	5	3	0	0	3	3	5	3	3	5	3	3	5	3	3	5
printer.NameGenerator.PopScope	printer/namegenerator.go	48	55	8	0	4	4	7	4	4	7	4	0	0	4	4	7	4	4	7	4	4	7	4	4	7
printer.NameGenerator.getScope	printer/namegenerator.go	57	59	3	0	1	0	0	1	1	3	1	0	0	1	0	0	1	0	0	1	0	0	1	0	0
printer.NameGenerator.getTempFlags	printer/namegenerator.go	61	67	7	0	4	0	0	4	3	5	4	0	0	4	0	0	4	0	0	4	0	0	4	0	0
printer.NameGenerator.setTempFlags	printer/namegenerator.go	69	75	7	0	4	0	0	4	3	4	4	0	0	4	0	0	4	0	0	4	0	0	4	0	0
printer.NameGenerator.getTempFlagsForFormattedName	printer/namegenerator.go	78	86	9	0	5	0	0	5	5	7	5	0	0	5	0	0	5	0	0	5	0	0	5	0	0
printer.NameGenerator.setTempFlagsForFormattedName	printer/namegenerator.go	89	98	10	0	6	0	0	6	5	7	6	0	0	6	0	0	6	0	0	6	0	0	6	0	0
printer.NameGenerator.reserveName	printer/namegenerator.go	100	111	12	0	7	0	0	7	6	9	7	0	0	7	0	0	7	0	0	7	0	0	7	0	0
printer.NameGenerator.GenerateName	printer/namegenerator.go	114	136	23	0	12	3	4	12	12	19	12	0	0	12	3	4	12	3	4	12	3	4	12	3	4
printer.NameGenerator.generateNameForNodeCached	printer/namegenerator.go	138	152	15	0	9	0	0	9	9	12	9	0	0	9	0	0	9	0	0	9	0	0	9	0	0
printer.NameGenerator.generateNameForNode	printer/namegenerator.go	154	194	41	5	23	0	0	23	14	22	23	0	0	23	0	0	23	0	0	23	0	0	23	0	0
printer.NameGenerator.generateNameForModuleOrEnum	printer/namegenerator.go	196	204	9	0	4	0	0	4	4	8	4	0	0	4	0	0	4	0	0	4	0	0	4	0	0
printer.NameGenerator.generateNameForImportOrExportDeclaration	printer/namegenerator.go	206	213	8	0	5	0	0	5	5	7	5	0	0	5	0	0	5	0	0	5	0	0	5	0	0
printer.NameGenerator.generateNameForExportDefault	printer/namegenerator.go	215	217	3	0	1	0	0	1	1	3	1	0	0	1	0	0	1	0	0	1	0	0	1	0	0
printer.NameGenerator.generateNameForClassExpression	printer/namegenerator.go	219	221	3	0	1	0	0	1	1	3	1	0	0	1	0	0	1	0	0	1	0	0	1	0	0
printer.NameGenerator.generateNameForMethodOrAccessor	printer/namegenerator.go	223	228	6	0	3	0	0	3	0	0	3	0	0	3	0	0	3	0	0	3	0	0	3	0	0
printer.NameGenerator.makeName	printer/namegenerator.go	230	253	24	1	8	0	0	8	5	16	8	0	0	8	0	0	8	0	0	8	0	0	8	0	0
printer.NameGenerator.makeTempVariableName	printer/namegenerator.go	258	310	53	0	33	0	0	33	25	34	33	0	0	33	0	0	33	0	0	33	0	0	33	0	0
printer.NameGenerator.makeUniqueName	printer/namegenerator.go	317	341	25	0	15	0	0	15	15	19	15	0	0	15	0	0	15	0	0	15	0	0	15	0	0
printer.NameGenerator.MakeFileLevelOptimisticUniqueName	printer/namegenerator.go	343	345	3	0	1	0	0	1	1	3	1	0	0	1	0	0	1	0	0	1	0	0	1	0	0
printer.NameGenerator.checkUniqueName	printer/namegenerator.go	347	353	7	0	3	0	0	3	3	6	3	0	0	3	0	0	3	0	0	3	0	0	3	0	0
printer.nextContainer	printer/namegenerator.go	355	361	7	0	4	0	0	4	3	5	4	0	0	4	0	0	4	0	0	4	0	0	4	0	0
printer.isUniqueLocalName	printer/namegenerator.go	363	376	14	0	8	0	0	8	8	11	8	0	0	8	0	0	8	0	0	8	0	0	8	0	0
printer.NameGenerator.isUniqueName	printer/namegenerator.go	378	381	4	0	1	0	0	1	1	4	1	0	0	1	0	0	1	0	0	1	0	0	1	0	0
printer.NameGenerator.isReservedName	printer/namegenerator.go	383	405	23	0	8	0	0	8	8	13	8	0	0	8	0	0	8	0	0	8	0	0	8	0	0
printer.NewPrinter	printer/printer.go	170	191	22	0	14	12	17	14	13	19	14	11	17	14	12	17	14	12	17	14	12	17	14	12	17
printer.Printer.getLiteralTextOfNode	printer/printer.go	193	224	32	0	16	6	8	16	14	21	16	6	8	16	6	8	16	6	8	16	6	8	16	6	8
printer.Printer.getTextOfNode	printer/printer.go	227	259	33	1	12	6	10	12	8	13	12	0	0	12	6	10	12	6	10	12	6	10	12	6	10
printer.Printer.writeAs	printer/printer.go	279	302	24	1	11	7	14	11	7	14	11	2	4	11	7	14	11	7	14	11	7	14	11	6	12
printer.Printer.write	printer/printer.go	304	306	3	0	1	1	3	1	1	3	1	0	0	1	1	3	1	1	3	1	1	3	1	1	3
printer.Printer.setWriteKind	printer/printer.go	308	312	5	0	3	0	0	3	0	0	3	0	0	3	0	0	3	0	0	3	0	0	3	0	0
printer.Printer.writeSymbol	printer/printer.go	314	320	7	0	3	0	0	3	0	0	3	0	0	3	0	0	3	0	0	3	0	0	3	0	0
printer.Printer.writeLiteral	printer/printer.go	322	324	3	0	1	0	0	1	1	3	1	0	0	1	0	0	1	0	0	1	0	0	1	0	0
printer.Printer.writePunctuation	printer/printer.go	326	328	3	0	1	1	3	1	1	3	1	0	0	1	1	3	1	1	3	1	1	3	1	1	3
printer.Printer.writeOperator	printer/printer.go	330	332	3	0	1	1	3	1	1	3	1	0	0	1	1	3	1	1	3	1	1	3	1	1	3
printer.Printer.writeKeyword	printer/printer.go	334	336	3	0	1	1	3	1	1	3	1	1	3	1	1	3	1	1	3	1	1	3	1	1	3
printer.Printer.writeProperty	printer/printer.go	338	340	3	0	1	1	3	1	1	3	1	0	0	1	1	3	1	1	3	1	1	3	1	1	3
printer.Printer.writeParameter	printer/printer.go	342	344	3	0	1	1	3	1	1	3	1	0	0	1	1	3	1	1	3	1	1	3	1	1	3
printer.Printer.writeComment	printer/printer.go	346	348	3	0	1	0	0	1	1	3	1	0	0	1	0	0	1	0	0	1	0	0	1	0	0
printer.Printer.writeSpace	printer/printer.go	350	352	3	0	1	1	3	1	1	3	1	0	0	1	1	3	1	1	3	1	1	3	1	1	3
printer.Printer.writeLine	printer/printer.go	354	356	3	0	1	0	0	1	1	3	1	0	0	1	0	0	1	1	3	1	0	0	1	0	0
printer.Printer.writeLineRepeat	printer/printer.go	358	362	5	0	2	1	2	2	2	4	2	0	0	2	1	2	2	1	2	2	1	2	2	1	2
printer.Printer.writeLines	printer/printer.go	364	376	13	0	8	0	0	8	7	9	8	0	0	8	0	0	8	0	0	8	0	0	8	0	0
printer.Printer.writeTrailingSemicolon	printer/printer.go	378	380	3	0	1	1	3	1	1	3	1	0	0	1	1	3	1	1	3	1	1	3	1	1	3
printer.Printer.increaseIndent	printer/printer.go	382	384	3	0	1	1	3	1	1	3	1	0	0	1	1	3	1	1	3	1	1	3	1	1	3
printer.Printer.decreaseIndent	printer/printer.go	386	388	3	0	1	1	3	1	1	3	1	0	0	1	1	3	1	1	3	1	1	3	1	1	3
printer.Printer.increaseIndentIf	printer/printer.go	390	394	5	0	2	1	2	2	2	4	2	0	0	2	1	2	2	1	2	2	1	2	2	1	2
printer.Printer.decreaseIndentIf	printer/printer.go	396	400	5	0	2	1	2	2	2	4	2	0	0	2	1	2	2	1	2	2	1	2	2	1	2
printer.Printer.writeLineOrSpace	printer/printer.go	402	415	14	0	8	0	0	8	3	6	8	0	0	8	0	0	8	0	0	8	0	0	8	0	0
printer.Printer.writeLinesAndIndent	printer/printer.go	417	424	8	0	5	0	0	5	5	7	5	0	0	5	0	0	5	3	5	5	0	0	5	0	0
printer.Printer.writeLineSeparatorsAndIndentBefore	printer/printer.go	426	435	10	0	6	0	0	6	2	3	6	0	0	6	0	0	6	2	3	6	0	0	6	0	0
printer.Printer.writeLineSeparatorsAfter	printer/printer.go	437	444	8	0	4	0	0	4	1	2	4	0	0	4	0	0	4	1	2	4	0	0	4	0	0
printer.Printer.getLinesBetweenNodes	printer/printer.go	446	477	32	0	13	8	12	13	11	16	13	0	0	13	8	12	13	7	10	13	7	10	13	2	4
printer.Printer.getEffectiveLines	printer/printer.go	479	503	25	1	6	0	0	6	0	0	6	0	0	6	0	0	6	0	0	6	0	0	6	0	0
printer.Printer.getLeadingLineTerminatorCount	printer/printer.go	505	559	55	0	17	2	3	17	12	18	17	0	0	17	2	3	17	2	3	17	2	3	17	2	3
printer.Printer.getSeparatingLineTerminatorCount	printer/printer.go	561	599	39	0	17	3	4	17	14	24	17	0	0	17	3	4	17	3	4	17	3	4	17	3	4
printer.Printer.getClosingLineTerminatorCount	printer/printer.go	601	633	33	0	16	3	4	16	12	16	16	0	0	16	3	4	16	4	6	16	3	4	16	3	4
printer.Printer.writeCommentRange	printer/printer.go	635	643	9	0	5	0	0	5	4	5	5	0	0	5	0	0	5	0	0	5	0	0	5	0	0
printer.Printer.writeCommentRangeWorker	printer/printer.go	645	733	89	0	42	0	0	42	41	76	42	0	0	42	0	0	42	0	0	42	0	0	42	0	0
printer.Printer.shouldEmitComments	printer/printer.go	739	743	5	0	1	1	5	1	1	5	1	1	5	1	1	5	1	1	5	1	1	5	1	1	5
printer.Printer.shouldWriteComment	printer/printer.go	745	749	5	0	1	0	0	1	1	5	1	0	0	1	0	0	1	0	0	1	0	0	1	0	0
printer.Printer.shouldEmitIndented	printer/printer.go	751	753	3	0	1	1	3	1	1	3	1	0	0	1	1	3	1	1	3	1	1	3	1	1	3
printer.Printer.shouldElideIndentation	printer/printer.go	755	757	3	0	1	1	3	1	1	3	1	0	0	1	1	3	1	1	3	1	1	3	1	1	3
printer.Printer.shouldEmitOnSingleLine	printer/printer.go	759	761	3	0	1	1	3	1	1	3	1	0	0	1	1	3	1	1	3	1	1	3	1	1	3
printer.Printer.shouldEmitOnMultipleLines	printer/printer.go	763	765	3	0	1	1	3	1	1	3	1	0	0	1	1	3	1	1	3	1	1	3	1	1	3
printer.Printer.shouldEmitBlockFunctionBodyOnSingleLine	printer/printer.go	767	803	37	0	14	0	0	14	11	23	14	0	0	14	0	0	14	0	0	14	0	0	14	0	0
printer.Printer.shouldEmitOnNewLine	printer/printer.go	805	810	6	0	3	2	3	3	3	5	3	0	0	3	2	3	3	2	3	3	2	3	3	2	3
printer.Printer.shouldEmitSourceMaps	printer/printer.go	812	817	6	0	1	1	6	1	1	6	1	1	6	1	1	6	1	1	6	1	1	6	1	1	6
printer.Printer.shouldEmitTokenSourceMaps	printer/printer.go	819	827	9	0	1	1	9	1	1	9	1	0	0	1	1	9	1	1	9	1	1	9	1	1	9
printer.Printer.shouldEmitLeadingComments	printer/printer.go	829	831	3	0	1	1	3	1	1	3	1	0	0	1	1	3	1	1	3	1	1	3	1	1	3
printer.Printer.shouldEmitTrailingComments	printer/printer.go	833	835	3	0	1	0	0	1	1	3	1	0	0	1	0	0	1	0	0	1	0	0	1	0	0
printer.Printer.shouldEmitNestedComments	printer/printer.go	837	839	3	0	1	0	0	1	0	0	1	0	0	1	0	0	1	0	0	1	0	0	1	0	0
printer.Printer.shouldEmitDetachedComments	printer/printer.go	841	853	13	0	4	0	0	4	4	11	4	0	0	4	0	0	4	0	0	4	0	0	4	0	0
printer.Printer.hasCommentsAtPosition	printer/printer.go	855	867	13	0	7	0	0	7	6	9	7	0	0	7	0	0	7	0	0	7	0	0	7	0	0
printer.Printer.shouldEmitIndirectCall	printer/printer.go	869	871	3	0	1	0	0	1	1	3	1	0	0	1	0	0	1	1	3	1	0	0	1	0	0
printer.Printer.shouldAllowTrailingComma	printer/printer.go	873	914	42	0	10	0	0	10	4	7	10	0	0	10	0	0	10	0	0	10	0	0	10	0	0
printer.Printer.writeTokenText	printer/printer.go	920	930	11	0	5	5	10	5	5	10	5	4	8	5	5	10	5	4	8	5	5	10	5	5	10
printer.Printer.emitToken	printer/printer.go	932	934	3	0	1	1	3	1	1	3	1	0	0	1	1	3	1	1	3	1	1	3	1	1	3
printer.Printer.emitTokenEx	printer/printer.go	936	941	6	0	4	4	6	4	4	6	4	0	0	4	4	6	4	4	6	4	4	6	4	4	6
printer.Printer.emitKeywordNode	printer/printer.go	943	945	3	0	1	1	3	1	1	3	1	1	3	1	1	3	1	1	3	1	1	3	1	1	3
printer.Printer.emitKeywordNodeEx	printer/printer.go	947	955	9	0	5	4	5	5	4	5	5	4	5	5	4	5	5	4	5	5	4	5	5	4	5
printer.Printer.emitPunctuationNode	printer/printer.go	957	959	3	0	1	1	3	1	1	3	1	0	0	1	1	3	1	1	3	1	1	3	1	1	3
printer.Printer.emitPunctuationNodeEx	printer/printer.go	961	969	9	0	5	5	7	5	5	7	5	0	0	5	5	7	5	5	7	5	5	7	5	5	7
printer.Printer.emitTokenNode	printer/printer.go	971	973	3	0	1	1	3	1	1	3	1	0	0	1	1	3	1	1	3	1	1	3	1	1	3
printer.Printer.emitTokenNodeEx	printer/printer.go	975	988	14	1	6	5	9	6	5	9	6	0	0	6	5	9	6	5	9	6	5	9	6	5	9
printer.Printer.emitLiteral	printer/printer.go	1004	1030	27	0	6	4	19	6	4	19	6	4	19	6	4	19	6	5	21	6	4	19	6	5	21
printer.Printer.emitNumericLiteral	printer/printer.go	1032	1036	5	0	3	3	5	3	3	5	3	0	0	3	3	5	3	3	5	3	3	5	3	3	5
printer.Printer.emitBigIntLiteral	printer/printer.go	1038	1042	5	0	3	3	5	3	3	5	3	0	0	3	3	5	3	3	5	3	3	5	3	3	5
printer.Printer.emitStringLiteral	printer/printer.go	1044	1048	5	0	3	3	5	3	3	5	3	3	5	3	3	5	3	3	5	3	3	5	3	3	5
printer.Printer.emitNoSubstitutionTemplateLiteral	printer/printer.go	1050	1054	5	0	3	0	0	3	3	5	3	0	0	3	0	0	3	0	0	3	0	0	3	0	0
printer.Printer.emitRegularExpressionLiteral	printer/printer.go	1056	1060	5	0	3	0	0	3	3	5	3	0	0	3	0	0	3	3	5	3	0	0	3	0	0
printer.Printer.emitTemplateHead	printer/printer.go	1066	1070	5	0	3	3	5	3	3	5	3	0	0	3	3	5	3	3	5	3	3	5	3	3	5
printer.Printer.emitTemplateMiddle	printer/printer.go	1072	1076	5	0	3	3	5	3	3	5	3	0	0	3	3	5	3	3	5	3	3	5	3	3	5
printer.Printer.emitTemplateTail	printer/printer.go	1078	1082	5	0	3	3	5	3	3	5	3	0	0	3	3	5	3	3	5	3	3	5	3	3	5
printer.Printer.emitTemplateMiddleTail	printer/printer.go	1084	1091	8	0	3	3	6	3	3	6	3	0	0	3	3	6	3	3	6	3	3	6	3	3	6
printer.Printer.emitSnippetNode	printer/printer.go	1097	1104	8	1	3	0	0	3	0	0	3	0	0	3	0	0	3	0	0	3	0	0	3	0	0
printer.Printer.emitTabStop	printer/printer.go	1106	1109	4	1	2	0	0	2	0	0	2	0	0	2	0	0	2	0	0	2	0	0	2	0	0
printer.Printer.emitIdentifierText	printer/printer.go	1115	1127	13	1	8	5	7	8	5	7	8	0	0	8	5	7	8	5	7	8	5	7	8	5	7
printer.Printer.emitIdentifierName	printer/printer.go	1129	1133	5	0	3	3	5	3	3	5	3	0	0	3	3	5	3	3	5	3	3	5	3	3	5
printer.Printer.emitIdentifierNameNode	printer/printer.go	1135	1140	6	0	3	0	0	3	3	5	3	0	0	3	0	0	3	0	0	3	0	0	3	0	0
printer.Printer.getUniqueHelperName	printer/printer.go	1142	1151	10	0	7	0	0	7	7	9	7	0	0	7	0	0	7	0	0	7	0	0	7	0	0
printer.Printer.emitIdentifierReference	printer/printer.go	1153	1179	27	0	13	4	6	13	13	24	13	0	0	13	4	6	13	4	6	13	4	6	13	4	6
printer.Printer.emitBindingIdentifier	printer/printer.go	1181	1193	13	0	7	4	6	7	7	11	7	0	0	7	4	6	7	4	6	7	4	6	7	4	6
printer.Printer.emitLabelIdentifier	printer/printer.go	1195	1199	5	0	3	0	0	3	3	5	3	0	0	3	0	0	3	0	0	3	0	0	3	0	0
printer.Printer.emitPrivateIdentifier	printer/printer.go	1201	1205	5	0	3	0	0	3	3	5	3	0	0	3	0	0	3	0	0	3	0	0	3	0	0
printer.Printer.emitQualifiedName	printer/printer.go	1207	1213	7	0	5	5	7	5	5	7	5	0	0	5	5	7	5	5	7	5	5	7	5	5	7
printer.Printer.emitComputedPropertyName	printer/printer.go	1215	1221	7	0	5	5	7	5	5	7	5	0	0	5	5	7	5	5	7	5	5	7	5	5	7
printer.Printer.emitEntityName	printer/printer.go	1223	1236	14	1	5	3	6	5	3	6	5	0	0	5	3	6	5	3	6	5	3	6	5	3	6
printer.Printer.emitBindingName	printer/printer.go	1238	1253	16	1	7	5	9	7	5	9	7	0	0	7	5	9	7	5	9	7	5	9	7	3	5
printer.Printer.emitPropertyName	printer/printer.go	1255	1283	29	1	14	9	15	14	11	19	14	0	0	14	9	15	14	9	15	14	9	15	14	9	15
printer.Printer.emitMemberName	printer/printer.go	1285	1298	14	1	6	3	5	6	4	7	6	0	0	6	3	5	6	3	5	6	3	5	6	3	5
printer.Printer.emitModuleName	printer/printer.go	1300	1313	14	1	6	0	0	6	4	7	6	0	0	6	0	0	6	0	0	6	0	0	6	0	0
printer.Printer.emitModuleExportName	printer/printer.go	1315	1328	14	1	6	0	0	6	4	7	6	0	0	6	0	0	6	0	0	6	0	0	6	0	0
printer.Printer.emitImportAttributeName	printer/printer.go	1330	1339	10	1	4	0	0	4	3	6	4	0	0	4	0	0	4	0	0	4	0	0	4	0	0
printer.Printer.emitNestedModuleName	printer/printer.go	1341	1354	14	1	6	0	0	6	3	5	6	0	0	6	0	0	6	0	0	6	0	0	6	0	0
printer.Printer.emitModifierList	printer/printer.go	1360	1439	80	0	41	5	9	41	39	62	41	0	0	41	5	9	41	5	9	41	5	9	41	5	9
printer.Printer.emitTypeParameter	printer/printer.go	1441	1458	18	0	14	14	17	14	14	17	14	0	0	14	14	17	14	14	17	14	14	17	14	14	17
printer.Printer.emitTypeParameterDeclarationNode	printer/printer.go	1460	1468	9	0	3	3	8	3	3	8	3	0	0	3	3	8	3	3	8	3	3	8	3	3	8
printer.Printer.emitParameterName	printer/printer.go	1470	1475	6	0	4	4	6	4	4	6	4	0	0	4	4	6	4	4	6	4	4	6	4	4	6
printer.Printer.emitParameter	printer/printer.go	1477	1490	14	0	8	8	14	8	8	14	8	0	0	8	8	14	8	8	14	8	8	14	8	8	14
printer.Printer.emitParameterDeclarationNode	printer/printer.go	1492	1494	3	0	1	1	3	1	1	3	1	0	0	1	1	3	1	1	3	1	1	3	1	1	3
printer.Printer.emitDecorator	printer/printer.go	1496	1501	6	0	4	0	0	4	4	6	4	0	0	4	0	0	4	0	0	4	0	0	4	0	0
printer.Printer.emitModifierLike	printer/printer.go	1503	1512	10	1	4	0	0	4	3	6	4	0	0	4	0	0	4	0	0	4	0	0	4	0	0
printer.Printer.emitTypeParameters	printer/printer.go	1514	1519	6	0	3	3	5	3	3	5	3	0	0	3	3	5	3	3	5	3	3	5	3	3	5
printer.Printer.emitTypeAnnotation	printer/printer.go	1521	1529	9	0	5	5	7	5	5	7	5	0	0	5	5	7	5	5	7	5	5	7	5	5	7
printer.Printer.emitInitializer	printer/printer.go	1531	1540	10	0	6	2	4	6	6	8	6	0	0	6	2	4	6	6	8	6	2	4	6	2	4
printer.Printer.emitParameters	printer/printer.go	1542	1545	4	0	2	2	4	2	2	4	2	0	0	2	2	4	2	2	4	2	2	4	2	2	4
printer.canEmitSimpleArrowHead	printer/printer.go	1547	1567	21	0	5	0	0	5	5	19	5	0	0	5	0	0	5	0	0	5	0	0	5	0	0
printer.Printer.emitParametersForArrow	printer/printer.go	1569	1576	8	0	4	0	0	4	4	7	4	0	0	4	0	0	4	0	0	4	0	0	4	0	0
printer.Printer.emitParametersForIndexSignature	printer/printer.go	1578	1581	4	0	2	2	4	2	2	4	2	0	0	2	2	4	2	2	4	2	2	4	2	2	4
printer.Printer.emitSignature	printer/printer.go	1583	1595	13	0	4	4	13	4	4	13	4	0	0	4	4	13	4	4	13	4	4	13	4	4	13
printer.Printer.emitFunctionBody	printer/printer.go	1597	1638	42	0	20	0	0	20	18	35	20	0	0	20	0	0	20	0	0	20	0	0	20	0	0
printer.Printer.emitFunctionBodyNode	printer/printer.go	1640	1648	9	0	5	0	0	5	5	7	5	0	0	5	0	0	5	0	0	5	0	0	5	0	0
printer.Printer.emitPropertySignature	printer/printer.go	1654	1662	9	0	7	7	9	7	7	9	7	0	0	7	7	9	7	7	9	7	7	9	7	7	9
printer.Printer.emitPropertyDeclaration	printer/printer.go	1664	1673	10	0	8	0	0	8	8	10	8	0	0	8	0	0	8	8	10	8	0	0	8	0	0
printer.Printer.emitMethodSignature	printer/printer.go	1675	1688	14	0	12	12	14	12	12	14	12	0	0	12	12	14	12	12	14	12	12	14	12	12	14
printer.Printer.emitMethodDeclaration	printer/printer.go	1690	1704	15	0	13	0	0	13	13	15	13	0	0	13	0	0	13	0	0	13	0	0	13	0	0
printer.Printer.emitClassStaticBlockDeclaration	printer/printer.go	1706	1713	8	0	6	0	0	6	6	8	6	0	0	6	0	0	6	0	0	6	0	0	6	0	0
printer.Printer.emitConstructor	printer/printer.go	1715	1727	13	0	11	0	0	11	11	13	11	0	0	11	0	0	11	0	0	11	0	0	11	0	0
printer.Printer.emitAccessorDeclaration	printer/printer.go	1729	1743	15	0	13	0	0	13	13	15	13	0	0	13	0	0	13	0	0	13	0	0	13	0	0
printer.Printer.emitGetAccessorDeclaration	printer/printer.go	1745	1747	3	0	1	0	0	1	1	3	1	0	0	1	0	0	1	0	0	1	0	0	1	0	0
printer.Printer.emitSetAccessorDeclaration	printer/printer.go	1749	1751	3	0	1	0	0	1	1	3	1	0	0	1	0	0	1	0	0	1	0	0	1	0	0
printer.Printer.emitCallSignature	printer/printer.go	1753	1763	11	0	9	9	11	9	9	11	9	0	0	9	9	11	9	9	11	9	9	11	9	9	11
printer.Printer.emitConstructSignature	printer/printer.go	1765	1777	13	0	11	11	13	11	11	13	11	0	0	11	11	13	11	11	13	11	11	13	11	11	13
printer.Printer.emitIndexSignature	printer/printer.go	1779	1791	13	0	11	11	13	11	11	13	11	0	0	11	11	13	11	11	13	11	11	13	11	11	13
printer.Printer.emitClassElement	printer/printer.go	1793	1818	26	1	12	0	0	12	9	18	12	0	0	12	0	0	12	2	4	12	0	0	12	0	0
printer.Printer.emitTypeElement	printer/printer.go	1820	1841	22	1	10	6	12	10	9	18	10	0	0	10	6	12	10	6	12	10	6	12	10	6	12
printer.Printer.emitObjectLiteralElement	printer/printer.go	1843	1860	18	1	8	0	0	8	7	14	8	0	0	8	0	0	8	0	0	8	0	0	8	0	0
printer.Printer.emitKeywordTypeNode	printer/printer.go	1866	1868	3	0	1	1	3	1	1	3	1	1	3	1	1	3	1	1	3	1	1	3	1	1	3
printer.Printer.emitTypePredicateParameterName	printer/printer.go	1870	1879	10	1	4	3	6	4	3	6	4	0	0	4	3	6	4	3	6	4	3	6	4	2	4
printer.Printer.emitTypePredicate	printer/printer.go	1881	1895	15	0	11	9	11	11	11	14	11	0	0	11	9	11	11	9	11	11	9	11	11	11	14
printer.Printer.emitTypeArgument	printer/printer.go	1897	1899	3	0	1	1	3	1	1	3	1	0	0	1	1	3	1	1	3	1	1	3	1	1	3
printer.Printer.emitTypeArguments	printer/printer.go	1901	1906	6	0	3	3	5	3	3	5	3	0	0	3	3	5	3	3	5	3	3	5	3	3	5
printer.Printer.emitTypeReference	printer/printer.go	1908	1913	6	0	4	4	6	4	4	6	4	0	0	4	4	6	4	4	6	4	4	6	4	4	6
printer.Printer.emitReturnType	printer/printer.go	1916	1932	17	0	7	5	8	7	5	8	7	0	0	7	5	8	7	5	8	7	5	8	7	5	8
printer.Printer.emitFunctionType	printer/printer.go	1934	1947	14	0	11	11	14	11	11	14	11	0	0	11	11	14	11	11	14	11	11	14	11	11	14
printer.Printer.emitConstructorType	printer/printer.go	1949	1965	17	0	14	14	17	14	14	17	14	0	0	14	14	17	14	14	17	14	14	17	14	14	17
printer.Printer.emitTypeQuery	printer/printer.go	1967	1974	8	0	6	6	8	6	6	8	6	0	0	6	6	8	6	6	8	6	6	8	6	6	8
printer.Printer.emitTypeLiteral	printer/printer.go	1976	1986	11	0	9	9	11	9	9	11	9	0	0	9	9	11	9	9	11	9	9	11	9	9	11
printer.Printer.emitArrayType	printer/printer.go	1988	1994	7	0	5	5	7	5	5	7	5	0	0	5	5	7	5	5	7	5	5	7	5	5	7
printer.Printer.emitPostfixTypeOperand	printer/printer.go	2003	2009	7	0	4	2	3	4	4	6	4	0	0	4	2	3	4	2	3	4	2	3	4	2	3
printer.Printer.emitTupleElementType	printer/printer.go	2011	2013	3	0	1	1	3	1	1	3	1	0	0	1	1	3	1	1	3	1	1	3	1	1	3
printer.Printer.emitTupleType	printer/printer.go	2015	2022	8	0	6	6	8	6	6	8	6	0	0	6	6	8	6	6	8	6	6	8	6	6	8
printer.Printer.emitRestType	printer/printer.go	2024	2029	6	0	4	4	6	4	4	6	4	0	0	4	4	6	4	4	6	4	4	6	4	0	0
printer.Printer.emitOptionalType	printer/printer.go	2031	2037	7	0	4	4	7	4	4	7	4	0	0	4	4	7	4	4	7	4	4	7	4	0	0
printer.Printer.emitNamedTupleMember	printer/printer.go	2039	2048	10	0	8	8	10	8	8	10	8	0	0	8	8	10	8	8	10	8	8	10	8	8	10
printer.Printer.emitUnionTypeConstituent	printer/printer.go	2050	2052	3	0	1	1	3	1	1	3	1	0	0	1	1	3	1	1	3	1	1	3	1	1	3
printer.Printer.emitUnionType	printer/printer.go	2054	2058	5	0	3	3	5	3	3	5	3	0	0	3	3	5	3	3	5	3	3	5	3	3	5
printer.Printer.emitIntersectionTypeConstituent	printer/printer.go	2060	2062	3	0	1	1	3	1	1	3	1	0	0	1	1	3	1	1	3	1	1	3	1	1	3
printer.Printer.emitIntersectionType	printer/printer.go	2064	2068	5	0	3	3	5	3	3	5	3	0	0	3	3	5	3	3	5	3	3	5	3	3	5
printer.Printer.emitConditionalType	printer/printer.go	2070	2086	17	0	15	15	17	15	15	17	15	0	0	15	15	17	15	15	17	15	15	17	15	0	0
printer.Printer.emitInferTypeParameter	printer/printer.go	2088	2098	11	0	8	4	5	8	8	10	8	0	0	8	4	5	8	4	5	8	0	0	8	0	0
printer.Printer.emitInferType	printer/printer.go	2100	2106	7	0	5	5	7	5	5	7	5	0	0	5	5	7	5	5	7	5	0	0	5	0	0
printer.Printer.emitParenthesizedType	printer/printer.go	2108	2114	7	0	5	0	0	5	5	7	5	0	0	5	0	0	5	5	7	5	5	7	5	0	0
printer.Printer.emitThisType	printer/printer.go	2116	2120	5	0	3	3	5	3	3	5	3	0	0	3	3	5	3	3	5	3	3	5	3	3	5
printer.Printer.emitTypeOperator	printer/printer.go	2122	2128	7	0	5	5	7	5	5	7	5	0	0	5	5	7	5	5	7	5	5	7	5	5	7
printer.Printer.emitIndexedAccessType	printer/printer.go	2130	2137	8	0	6	6	8	6	6	8	6	0	0	6	6	8	6	6	8	6	6	8	6	6	8
printer.Printer.emitMappedTypeParameter	printer/printer.go	2139	2147	9	0	7	7	9	7	7	9	7	0	0	7	7	9	7	7	9	7	7	9	7	0	0
printer.Printer.emitMappedType	printer/printer.go	2149	2203	55	0	40	29	33	40	36	44	40	0	0	40	29	33	40	30	34	40	21	24	40	0	0
printer.Printer.emitLiteralType	printer/printer.go	2205	2209	5	0	3	3	5	3	3	5	3	3	5	3	3	5	3	3	5	3	3	5	3	3	5
printer.Printer.emitTemplateTypeSpan	printer/printer.go	2211	2216	6	0	4	4	6	4	4	6	4	0	0	4	4	6	4	4	6	4	4	6	4	4	6
printer.Printer.emitTemplateTypeSpanNode	printer/printer.go	2218	2220	3	0	1	1	3	1	1	3	1	0	0	1	1	3	1	1	3	1	1	3	1	1	3
printer.Printer.emitTemplateType	printer/printer.go	2222	2227	6	0	4	4	6	4	4	6	4	0	0	4	4	6	4	4	6	4	4	6	4	4	6
printer.Printer.emitImportTypeNodeAttributes	printer/printer.go	2229	2240	12	0	10	0	0	10	10	12	10	0	0	10	0	0	10	0	0	10	0	0	10	0	0
printer.Printer.emitImportTypeNode	printer/printer.go	2242	2263	22	0	17	14	17	17	17	21	17	0	0	17	14	17	17	14	17	17	12	14	17	0	0
printer.Printer.emitTypeNodeInExtends	printer/printer.go	2266	2271	6	0	4	4	6	4	4	6	4	0	0	4	4	6	4	4	6	4	4	6	4	0	0
printer.Printer.emitTypeNodeOutsideExtends	printer/printer.go	2274	2279	6	0	4	4	6	4	4	6	4	4	6	4	4	6	4	4	6	4	4	6	4	4	6
printer.Printer.emitTypeNodePreservingExtends	printer/printer.go	2282	2284	3	0	1	1	3	1	1	3	1	1	3	1	1	3	1	1	3	1	1	3	1	1	3
printer.Printer.emitTypeNode	printer/printer.go	2286	2392	107	1	44	34	62	44	35	64	44	9	12	44	34	62	44	33	61	44	34	62	44	27	47
printer.Printer.emitObjectBindingPattern	printer/printer.go	2398	2404	7	0	5	5	7	5	5	7	5	0	0	5	5	7	5	5	7	5	5	7	5	0	0
printer.Printer.emitArrayBindingPattern	printer/printer.go	2406	2412	7	0	5	5	7	5	5	7	5	0	0	5	5	7	5	5	7	5	5	7	5	0	0
printer.Printer.emitBindingElement	printer/printer.go	2414	2428	15	0	10	10	13	10	10	13	10	0	0	10	10	13	10	10	13	10	10	13	10	0	0
printer.Printer.emitBindingElementNode	printer/printer.go	2430	2432	3	0	1	1	3	1	1	3	1	0	0	1	1	3	1	1	3	1	1	3	1	0	0
printer.Printer.emitJSDocAllType	printer/printer.go	2434	2436	3	0	1	0	0	1	0	0	1	0	0	1	0	0	1	1	3	1	0	0	1	0	0
printer.Printer.emitJSDocNonNullableType	printer/printer.go	2438	2443	6	0	4	0	0	4	0	0	4	0	0	4	0	0	4	0	0	4	0	0	4	0	0
printer.Printer.emitJSDocNullableType	printer/printer.go	2445	2450	6	0	4	0	0	4	0	0	4	0	0	4	0	0	4	0	0	4	0	0	4	0	0
printer.Printer.emitJSDocOptionalType	printer/printer.go	2452	2457	6	0	4	0	0	4	0	0	4	0	0	4	0	0	4	0	0	4	0	0	4	0	0
printer.Printer.emitJSDocVariadicType	printer/printer.go	2459	2464	6	0	4	0	0	4	0	0	4	0	0	4	0	0	4	0	0	4	0	0	4	0	0
printer.Printer.emitKeywordExpression	printer/printer.go	2470	2472	3	0	1	0	0	1	1	3	1	0	0	1	0	0	1	1	3	1	0	0	1	0	0
printer.Printer.emitArrayLiteralExpressionElement	printer/printer.go	2474	2476	3	0	1	0	0	1	1	3	1	0	0	1	0	0	1	0	0	1	0	0	1	0	0
printer.Printer.emitArrayLiteralExpression	printer/printer.go	2478	2482	5	0	3	0	0	3	3	5	3	0	0	3	0	0	3	0	0	3	0	0	3	0	0
printer.Printer.emitObjectLiteralExpression	printer/printer.go	2484	2496	13	0	9	0	0	9	9	13	9	0	0	9	0	0	9	0	0	9	0	0	9	0	0
printer.Printer.mayNeedDotDotForPropertyAccess	printer/printer.go	2500	2513	14	0	5	3	4	5	5	13	5	0	0	5	3	4	5	3	4	5	3	4	5	3	4
printer.Printer.emitPropertyAccessExpression	printer/printer.go	2515	2546	32	0	23	21	28	23	23	31	23	0	0	23	21	28	23	22	29	23	21	28	23	21	28
printer.Printer.emitElementAccessExpression	printer/printer.go	2548	2556	9	0	7	0	0	7	7	9	7	0	0	7	0	0	7	7	9	7	0	0	7	7	9
printer.Printer.emitArgument	printer/printer.go	2558	2560	3	0	1	0	0	1	1	3	1	0	0	1	0	0	1	1	3	1	0	0	1	0	0
printer.Printer.emitCallee	printer/printer.go	2562	2576	15	0	10	0	0	10	9	12	10	0	0	10	0	0	10	3	6	10	0	0	10	0	0
printer.Printer.emitCallExpression	printer/printer.go	2578	2585	8	0	6	0	0	6	6	8	6	0	0	6	0	0	6	6	8	6	0	0	6	0	0
printer.Printer.emitNewExpression	printer/printer.go	2587	2600	14	0	9	0	0	9	9	13	9	0	0	9	0	0	9	8	11	9	0	0	9	0	0
printer.Printer.emitTemplateLiteral	printer/printer.go	2602	2611	10	1	4	0	0	4	3	6	4	0	0	4	0	0	4	0	0	4	0	0	4	0	0
printer.Printer.emitTaggedTemplateExpression	printer/printer.go	2613	2620	8	0	6	0	0	6	6	8	6	0	0	6	0	0	6	0	0	6	0	0	6	0	0
printer.Printer.emitTypeAssertionExpression	printer/printer.go	2622	2629	8	0	6	0	0	6	0	0	6	0	0	6	0	0	6	0	0	6	0	0	6	0	0
printer.Printer.emitParenthesizedExpression	printer/printer.go	2631	2644	14	0	11	0	0	11	11	13	11	0	0	11	0	0	11	11	13	11	0	0	11	0	0
printer.Printer.emitFunctionExpression	printer/printer.go	2646	2662	17	0	15	0	0	15	15	17	15	0	0	15	0	0	15	0	0	15	0	0	15	0	0
printer.Printer.emitConciseBody	printer/printer.go	2664	2680	17	1	7	0	0	7	6	13	7	0	0	7	0	0	7	0	0	7	0	0	7	0	0
printer.Printer.emitArrowFunction	printer/printer.go	2682	2698	17	0	15	0	0	15	15	17	15	0	0	15	0	0	15	0	0	15	0	0	15	0	0
printer.Printer.emitDeleteExpression	printer/printer.go	2700	2706	7	0	5	0	0	5	5	7	5	0	0	5	0	0	5	0	0	5	0	0	5	0	0
printer.Printer.emitTypeOfExpression	printer/printer.go	2708	2714	7	0	5	0	0	5	5	7	5	0	0	5	0	0	5	0	0	5	0	0	5	0	0
printer.Printer.emitVoidExpression	printer/printer.go	2716	2722	7	0	5	0	0	5	5	7	5	0	0	5	0	0	5	0	0	5	0	0	5	0	0
printer.Printer.emitAwaitExpression	printer/printer.go	2724	2730	7	0	5	0	0	5	5	7	5	0	0	5	0	0	5	0	0	5	0	0	5	0	0
printer.Printer.emitPrefixUnaryExpression	printer/printer.go	2732	2760	29	0	10	7	21	10	10	26	10	0	0	10	7	21	10	7	21	10	7	21	10	0	0
printer.Printer.emitPostfixUnaryExpression	printer/printer.go	2762	2767	6	0	4	0	0	4	4	6	4	0	0	4	0	0	4	0	0	4	0	0	4	0	0
printer.Printer.getLiteralKindOfBinaryPlusOperand	printer/printer.go	2773	2799	27	0	11	0	0	11	0	0	11	0	0	11	0	0	11	0	0	11	0	0	11	0	0
printer.Printer.getBinaryExpressionPrecedence	printer/printer.go	2801	2869	69	1	26	0	0	26	21	49	26	0	0	26	0	0	26	7	13	26	0	0	26	0	0
printer.Printer.emitBinaryExpression	printer/printer.go	2871	2890	20	0	16	0	0	16	14	15	16	0	0	16	0	0	16	14	15	16	0	0	16	0	0
printer.Printer.emitShortCircuitExpression	printer/printer.go	2892	2898	7	0	3	0	0	3	2	5	3	0	0	3	0	0	3	0	0	3	0	0	3	0	0
printer.Printer.emitConditionalExpression	printer/printer.go	2900	2920	21	0	19	0	0	19	19	21	19	0	0	19	0	0	19	0	0	19	0	0	19	0	0
printer.Printer.emitTemplateExpression	printer/printer.go	2922	2927	6	0	4	0	0	4	4	6	4	0	0	4	0	0	4	4	6	4	0	0	4	0	0
printer.Printer.emitYieldExpression	printer/printer.go	2929	2938	10	0	7	0	0	7	7	9	7	0	0	7	0	0	7	0	0	7	0	0	7	0	0
printer.Printer.emitSpreadElement	printer/printer.go	2940	2945	6	0	4	0	0	4	4	6	4	0	0	4	0	0	4	0	0	4	0	0	4	0	0
printer.Printer.emitClassExpression	printer/printer.go	2947	2974	28	0	20	0	0	20	20	26	20	0	0	20	0	0	20	18	23	20	0	0	20	0	0
printer.Printer.emitOmittedExpression	printer/printer.go	2976	2978	3	0	1	0	0	1	1	3	1	0	0	1	0	0	1	0	0	1	0	0	1	0	0
printer.Printer.emitExpressionWithTypeArguments	printer/printer.go	2980	2985	6	0	4	0	0	4	4	6	4	0	0	4	0	0	4	4	6	4	0	0	4	0	0
printer.Printer.emitAsExpression	printer/printer.go	2987	2995	9	0	7	0	0	7	0	0	7	0	0	7	0	0	7	0	0	7	0	0	7	0	0
printer.Printer.emitSatisfiesExpression	printer/printer.go	2997	3005	9	0	7	0	0	7	0	0	7	0	0	7	0	0	7	0	0	7	0	0	7	0	0
printer.Printer.emitNonNullExpression	printer/printer.go	3007	3012	6	0	4	0	0	4	0	0	4	0	0	4	0	0	4	0	0	4	0	0	4	0	0
printer.Printer.emitMetaProperty	printer/printer.go	3014	3020	7	0	5	0	0	5	5	7	5	0	0	5	0	0	5	0	0	5	0	0	5	0	0
printer.Printer.emitPartiallyEmittedExpression	printer/printer.go	3022	3054	33	0	19	0	0	19	19	28	19	0	0	19	0	0	19	0	0	19	0	0	19	0	0
printer.Printer.commentWillEmitNewLine	printer/printer.go	3056	3058	3	0	1	0	0	1	1	3	1	0	0	1	0	0	1	0	0	1	0	0	1	0	0
printer.Printer.syntheticCommentWillEmitNewLine	printer/printer.go	3060	3062	3	0	1	0	0	1	0	0	1	0	0	1	0	0	1	0	0	1	0	0	1	0	0
printer.Printer.willEmitLeadingNewLine	printer/printer.go	3064	3100	37	0	24	0	0	24	19	22	24	0	0	24	0	0	24	0	0	24	0	0	24	0	0
printer.Printer.parenthesizeExpressionForNoAsi	printer/printer.go	3104	3214	111	0	34	0	0	34	28	86	34	0	0	34	0	0	34	0	0	34	0	0	34	0	0
printer.Printer.emitExpressionNoASI	printer/printer.go	3216	3219	4	0	2	0	0	2	2	4	2	0	0	2	0	0	2	0	0	2	0	0	2	0	0
printer.Printer.emitExpression	printer/printer.go	3221	3343	123	4	54	11	19	54	45	87	54	5	7	54	11	19	54	21	39	54	11	19	54	11	19
printer.Printer.emitTemplateSpan	printer/printer.go	3349	3354	6	0	4	0	0	4	4	6	4	0	0	4	0	0	4	4	6	4	0	0	4	0	0
printer.Printer.emitTemplateSpanNode	printer/printer.go	3356	3358	3	0	1	0	0	1	1	3	1	0	0	1	0	0	1	1	3	1	0	0	1	0	0
printer.Printer.emitSemicolonClassElement	printer/printer.go	3360	3364	5	0	3	0	0	3	3	5	3	0	0	3	0	0	3	0	0	3	0	0	3	0	0
printer.Printer.isEmptyBlock	printer/printer.go	3370	3373	4	0	1	0	0	1	1	4	1	0	0	1	0	0	1	0	0	1	0	0	1	0	0
printer.Printer.emitBlock	printer/printer.go	3375	3387	13	0	7	0	0	7	7	13	7	0	0	7	0	0	7	0	0	7	0	0	7	0	0
printer.Printer.emitVariableStatement	printer/printer.go	3389	3395	7	0	5	0	0	5	5	7	5	0	0	5	0	0	5	0	0	5	0	0	5	0	0
printer.Printer.emitEmptyStatement	printer/printer.go	3397	3408	12	0	5	0	0	5	5	11	5	0	0	5	0	0	5	0	0	5	0	0	5	0	0
printer.Printer.emitExpressionStatement	printer/printer.go	3410	3439	30	0	11	0	0	11	11	23	11	0	0	11	0	0	11	0	0	11	0	0	11	0	0
printer.Printer.emitIIFEWithParenthesizedCallee	printer/printer.go	3450	3462	13	0	9	0	0	9	9	13	9	0	0	9	0	0	9	0	0	9	0	0	9	0	0
printer.Printer.emitIfStatement	printer/printer.go	3464	3483	20	0	15	0	0	15	15	18	15	0	0	15	0	0	15	0	0	15	0	0	15	0	0
printer.Printer.emitWhileClause	printer/printer.go	3485	3491	7	0	5	0	0	5	5	7	5	0	0	5	0	0	5	0	0	5	0	0	5	0	0
printer.Printer.emitDoStatement	printer/printer.go	3493	3506	14	0	9	0	0	9	9	12	9	0	0	9	0	0	9	0	0	9	0	0	9	0	0
printer.Printer.emitWhileStatement	printer/printer.go	3508	3513	6	0	4	0	0	4	4	6	4	0	0	4	0	0	4	0	0	4	0	0	4	0	0
printer.Printer.emitForInitializer	printer/printer.go	3515	3521	7	0	3	0	0	3	3	6	3	0	0	3	0	0	3	0	0	3	0	0	3	0	0
printer.Printer.emitForStatement	printer/printer.go	3523	3547	25	0	20	0	0	20	20	24	20	0	0	20	0	0	20	0	0	20	0	0	20	0	0
printer.Printer.emitForInStatement	printer/printer.go	3549	3562	14	0	12	0	0	12	12	14	12	0	0	12	0	0	12	0	0	12	0	0	12	0	0
printer.Printer.emitForOfStatement	printer/printer.go	3564	3581	18	0	15	0	0	15	15	17	15	0	0	15	0	0	15	0	0	15	0	0	15	0	0
printer.Printer.emitContinueStatement	printer/printer.go	3583	3592	10	0	7	0	0	7	7	9	7	0	0	7	0	0	7	0	0	7	0	0	7	0	0
printer.Printer.emitBreakStatement	printer/printer.go	3594	3603	10	0	7	0	0	7	7	9	7	0	0	7	0	0	7	0	0	7	0	0	7	0	0
printer.Printer.emitReturnStatement	printer/printer.go	3605	3614	10	0	7	0	0	7	7	9	7	0	0	7	0	0	7	0	0	7	0	0	7	0	0
printer.Printer.emitWithStatement	printer/printer.go	3616	3625	10	0	8	0	0	8	8	10	8	0	0	8	0	0	8	0	0	8	0	0	8	0	0
printer.Printer.emitSwitchStatement	printer/printer.go	3627	3637	11	0	9	0	0	9	9	11	9	0	0	9	0	0	9	0	0	9	0	0	9	0	0
printer.Printer.emitLabeledStatement	printer/printer.go	3639	3653	15	0	6	0	0	6	6	15	6	0	0	6	0	0	6	0	0	6	0	0	6	0	0
printer.Printer.emitThrowStatement	printer/printer.go	3655	3662	8	0	6	0	0	6	6	8	6	0	0	6	0	0	6	0	0	6	0	0	6	0	0
printer.Printer.emitTryStatement	printer/printer.go	3664	3680	17	0	13	0	0	13	13	16	13	0	0	13	0	0	13	0	0	13	0	0	13	0	0
printer.Printer.emitDebuggerStatement	printer/printer.go	3682	3687	6	0	4	0	0	4	4	6	4	0	0	4	0	0	4	0	0	4	0	0	4	0	0
printer.Printer.emitNotEmittedStatement	printer/printer.go	3689	3691	3	0	1	0	0	1	1	3	1	0	0	1	0	0	1	0	0	1	0	0	1	0	0
printer.Printer.emitNotEmittedTypeElement	printer/printer.go	3693	3695	3	0	1	0	0	1	1	3	1	0	0	1	0	0	1	0	0	1	0	0	1	0	0
printer.Printer.emitVariableDeclaration	printer/printer.go	3701	3708	8	0	6	0	0	6	6	8	6	0	0	6	0	0	6	0	0	6	0	0	6	0	0
printer.Printer.emitVariableDeclarationNode	printer/printer.go	3710	3712	3	0	1	0	0	1	1	3	1	0	0	1	0	0	1	0	0	1	0	0	1	0	0
printer.Printer.emitVariableDeclarationList	printer/printer.go	3714	3733	20	0	12	0	0	12	12	18	12	0	0	12	0	0	12	0	0	12	0	0	12	0	0
printer.Printer.emitFunctionDeclaration	printer/printer.go	3735	3753	19	0	16	0	0	16	16	18	16	0	0	16	0	0	16	0	0	16	0	0	16	0	0
printer.Printer.emitClassDeclaration	printer/printer.go	3755	3777	23	0	20	0	0	20	20	22	20	0	0	20	0	0	20	0	0	20	0	0	20	0	0
printer.Printer.emitInterfaceDeclaration	printer/printer.go	3779	3795	17	0	15	0	0	15	15	17	15	0	0	15	0	0	15	0	0	15	0	0	15	0	0
printer.Printer.emitTypeAliasDeclaration	printer/printer.go	3797	3810	14	0	12	0	0	12	12	14	12	0	0	12	0	0	12	0	0	12	0	0	12	0	0
printer.Printer.emitEnumDeclaration	printer/printer.go	3812	3823	12	0	10	0	0	10	10	12	10	0	0	10	0	0	10	0	0	10	0	0	10	0	0
printer.Printer.emitModuleDeclaration	printer/printer.go	3825	3847	23	0	17	0	0	17	17	22	17	0	0	17	0	0	17	0	0	17	0	0	17	0	0
printer.Printer.emitModuleBlock	printer/printer.go	3849	3859	11	0	7	0	0	7	7	11	7	0	0	7	0	0	7	0	0	7	0	0	7	0	0
printer.Printer.emitCaseBlock	printer/printer.go	3861	3867	7	0	5	0	0	5	5	7	5	0	0	5	0	0	5	0	0	5	0	0	5	0	0
printer.Printer.emitImportEqualsDeclaration	printer/printer.go	3869	3885	17	0	14	0	0	14	14	16	14	0	0	14	0	0	14	0	0	14	0	0	14	0	0
printer.Printer.emitModuleReference	printer/printer.go	3887	3898	12	1	5	0	0	5	4	8	5	0	0	5	0	0	5	0	0	5	0	0	5	0	0
printer.Printer.emitImportDeclaration	printer/printer.go	3900	3918	19	0	15	0	0	15	15	18	15	0	0	15	0	0	15	0	0	15	0	0	15	0	0
printer.Printer.emitImportClause	printer/printer.go	3920	3935	16	0	11	0	0	11	11	14	11	0	0	11	0	0	11	0	0	11	0	0	11	0	0
printer.Printer.emitNamespaceImport	printer/printer.go	3937	3945	9	0	7	0	0	7	7	9	7	0	0	7	0	0	7	0	0	7	0	0	7	0	0
printer.Printer.emitNamedImports	printer/printer.go	3947	3953	7	0	5	0	0	5	5	7	5	0	0	5	0	0	5	0	0	5	0	0	5	0	0
printer.Printer.emitNamedImportBindings	printer/printer.go	3955	3967	13	1	6	0	0	6	5	9	6	0	0	6	0	0	6	0	0	6	0	0	6	0	0
printer.Printer.emitImportSpecifier	printer/printer.go	3969	3983	15	0	11	0	0	11	11	14	11	0	0	11	0	0	11	0	0	11	0	0	11	0	0
printer.Printer.emitImportSpecifierNode	printer/printer.go	3985	3987	3	0	1	0	0	1	1	3	1	0	0	1	0	0	1	0	0	1	0	0	1	0	0
printer.Printer.emitExportAssignment	printer/printer.go	3989	4012	24	0	15	0	0	15	15	22	15	0	0	15	0	0	15	0	0	15	0	0	15	0	0
printer.Printer.emitExportDeclaration	printer/printer.go	4014	4040	27	0	20	0	0	20	20	26	20	0	0	20	0	0	20	0	0	20	0	0	20	0	0
printer.Printer.emitImportAttributes	printer/printer.go	4042	4048	7	0	5	0	0	5	5	7	5	0	0	5	0	0	5	0	0	5	0	0	5	0	0
printer.Printer.emitImportAttribute	printer/printer.go	4050	4062	13	0	10	0	0	10	10	12	10	0	0	10	0	0	10	0	0	10	0	0	10	0	0
printer.Printer.emitImportAttributeNode	printer/printer.go	4064	4066	3	0	1	0	0	1	1	3	1	0	0	1	0	0	1	0	0	1	0	0	1	0	0
printer.Printer.emitNamespaceExportDeclaration	printer/printer.go	4068	4079	12	0	10	0	0	10	10	12	10	0	0	10	0	0	10	0	0	10	0	0	10	0	0
printer.Printer.emitNamespaceExport	printer/printer.go	4081	4089	9	0	7	0	0	7	7	9	7	0	0	7	0	0	7	0	0	7	0	0	7	0	0
printer.Printer.emitNamedExports	printer/printer.go	4091	4097	7	0	5	0	0	5	5	7	5	0	0	5	0	0	5	0	0	5	0	0	5	0	0
printer.Printer.emitNamedExportBindings	printer/printer.go	4099	4108	10	1	4	0	0	4	3	6	4	0	0	4	0	0	4	0	0	4	0	0	4	0	0
printer.Printer.emitExportSpecifier	printer/printer.go	4110	4124	15	0	11	0	0	11	11	14	11	0	0	11	0	0	11	0	0	11	0	0	11	0	0
printer.Printer.emitExportSpecifierNode	printer/printer.go	4126	4128	3	0	1	0	0	1	1	3	1	0	0	1	0	0	1	0	0	1	0	0	1	0	0
printer.Printer.emitEmbeddedStatement	printer/printer.go	4130	4146	17	0	9	0	0	9	9	15	9	0	0	9	0	0	9	0	0	9	0	0	9	0	0
printer.Printer.emitStatement	printer/printer.go	4148	4228	81	1	37	0	0	37	34	67	37	0	0	37	0	0	37	0	0	37	0	0	37	0	0
printer.Printer.emitExternalModuleReference	printer/printer.go	4234	4241	8	0	6	0	0	6	6	8	6	0	0	6	0	0	6	0	0	6	0	0	6	0	0
printer.Printer.emitJsxElement	printer/printer.go	4247	4253	7	0	5	0	0	5	5	7	5	0	0	5	0	0	5	0	0	5	0	0	5	0	0
printer.Printer.emitJsxSelfClosingElement	printer/printer.go	4255	4264	10	0	8	0	0	8	8	10	8	0	0	8	0	0	8	0	0	8	0	0	8	0	0
printer.Printer.emitJsxFragment	printer/printer.go	4266	4272	7	0	5	0	0	5	5	7	5	0	0	5	0	0	5	0	0	5	0	0	5	0	0
printer.Printer.emitJsxOpeningElement	printer/printer.go	4274	4288	15	0	12	0	0	12	12	14	12	0	0	12	0	0	12	0	0	12	0	0	12	0	0
printer.Printer.emitJsxClosingElement	printer/printer.go	4290	4296	7	0	5	0	0	5	5	7	5	0	0	5	0	0	5	0	0	5	0	0	5	0	0
printer.Printer.emitJsxOpeningFragment	printer/printer.go	4298	4303	6	0	4	0	0	4	4	6	4	0	0	4	0	0	4	0	0	4	0	0	4	0	0
printer.Printer.emitJsxClosingFragment	printer/printer.go	4305	4310	6	0	4	0	0	4	4	6	4	0	0	4	0	0	4	0	0	4	0	0	4	0	0
printer.Printer.emitJsxText	printer/printer.go	4312	4317	6	0	3	0	0	3	3	6	3	0	0	3	0	0	3	0	0	3	0	0	3	0	0
printer.Printer.emitJsxAttributes	printer/printer.go	4319	4323	5	0	3	0	0	3	3	5	3	0	0	3	0	0	3	0	0	3	0	0	3	0	0
printer.Printer.emitJsxAttribute	printer/printer.go	4325	4333	9	0	6	0	0	6	6	8	6	0	0	6	0	0	6	0	0	6	0	0	6	0	0
printer.Printer.emitJsxSpreadAttribute	printer/printer.go	4335	4341	7	0	5	0	0	5	5	7	5	0	0	5	0	0	5	0	0	5	0	0	5	0	0
printer.Printer.emitJsxAttributeLike	printer/printer.go	4343	4352	10	1	4	0	0	4	3	6	4	0	0	4	0	0	4	0	0	4	0	0	4	0	0
printer.Printer.emitJsxExpression	printer/printer.go	4354	4368	15	0	11	0	0	11	11	13	11	0	0	11	0	0	11	0	0	11	0	0	11	0	0
printer.Printer.emitJsxNamespacedName	printer/printer.go	4370	4376	7	0	5	0	0	5	5	7	5	0	0	5	0	0	5	0	0	5	0	0	5	0	0
printer.Printer.emitJsxChild	printer/printer.go	4378	4393	16	1	7	0	0	7	6	12	7	0	0	7	0	0	7	0	0	7	0	0	7	0	0
printer.Printer.emitJsxTagName	printer/printer.go	4395	4408	14	1	6	0	0	6	5	10	6	0	0	6	0	0	6	0	0	6	0	0	6	0	0
printer.Printer.emitJsxAttributeName	printer/printer.go	4410	4419	10	1	4	0	0	4	3	6	4	0	0	4	0	0	4	0	0	4	0	0	4	0	0
printer.Printer.emitJsxAttributeValue	printer/printer.go	4421	4436	16	0	7	0	0	7	7	14	7	0	0	7	0	0	7	0	0	7	0	0	7	0	0
printer.Printer.emitCaseOrDefaultClauseStatements	printer/printer.go	4442	4462	21	0	8	0	0	8	8	19	8	0	0	8	0	0	8	0	0	8	0	0	8	0	0
printer.Printer.emitCaseClause	printer/printer.go	4464	4471	8	0	6	0	0	6	6	8	6	0	0	6	0	0	6	0	0	6	0	0	6	0	0
printer.Printer.emitDefaultClause	printer/printer.go	4473	4478	6	0	4	0	0	4	4	6	4	0	0	4	0	0	4	0	0	4	0	0	4	0	0
printer.Printer.emitCaseOrDefaultClauseNode	printer/printer.go	4480	4489	10	1	4	0	0	4	3	6	4	0	0	4	0	0	4	0	0	4	0	0	4	0	0
printer.Printer.emitHeritageClause	printer/printer.go	4491	4498	8	0	6	0	0	6	6	8	6	0	0	6	0	0	6	6	8	6	0	0	6	0	0
printer.Printer.emitHeritageClauseElement	printer/printer.go	4500	4509	10	1	4	0	0	4	3	6	4	0	0	4	0	0	4	2	4	4	0	0	4	0	0
printer.Printer.emitHeritageClauseNode	printer/printer.go	4511	4513	3	0	1	0	0	1	1	3	1	0	0	1	0	0	1	1	3	1	0	0	1	0	0
printer.Printer.emitCatchClause	printer/printer.go	4515	4529	15	0	10	0	0	10	10	13	10	0	0	10	0	0	10	0	0	10	0	0	10	0	0
printer.Printer.emitPropertyAssignment	printer/printer.go	4535	4554	20	0	10	0	0	10	10	19	10	0	0	10	0	0	10	0	0	10	0	0	10	0	0
printer.Printer.emitShorthandPropertyAssignment	printer/printer.go	4556	4566	11	0	8	0	0	8	8	10	8	0	0	8	0	0	8	0	0	8	0	0	8	0	0
printer.Printer.emitSpreadAssignment	printer/printer.go	4568	4575	8	0	5	0	0	5	5	7	5	0	0	5	0	0	5	0	0	5	0	0	5	0	0
printer.Printer.emitEnumMember	printer/printer.go	4581	4586	6	0	4	0	0	4	4	6	4	0	0	4	0	0	4	0	0	4	0	0	4	0	0
printer.Printer.emitEnumMemberNode	printer/printer.go	4588	4590	3	0	1	0	0	1	1	3	1	0	0	1	0	0	1	0	0	1	0	0	1	0	0
printer.Printer.emitJSDocNode	printer/printer.go	4596	4599	4	1	1	0	0	1	0	0	1	0	0	1	0	0	1	0	0	1	0	0	1	0	0
printer.Printer.emitShebangIfNeeded	printer/printer.go	4605	4614	10	0	6	0	0	6	5	7	6	0	0	6	0	0	6	0	0	6	0	0	6	0	0
printer.Printer.emitPrologueDirectives	printer/printer.go	4616	4626	11	0	6	0	0	6	6	9	6	0	0	6	0	0	6	0	0	6	0	0	6	0	0
printer.Printer.emitHelpers	printer/printer.go	4628	4654	27	0	15	0	0	15	15	21	15	0	0	15	0	0	15	0	0	15	0	0	15	0	0
printer.Printer.emitSourceFile	printer/printer.go	4656	4696	41	0	23	0	0	23	23	38	23	0	0	23	0	0	23	0	0	23	0	0	23	0	0
printer.Printer.emitTripleSlashDirectives	printer/printer.go	4698	4702	5	0	3	0	0	3	3	5	3	0	0	3	0	0	3	0	0	3	0	0	3	0	0
printer.Printer.emitDirective	printer/printer.go	4704	4713	10	0	6	0	0	6	6	8	6	0	0	6	0	0	6	0	0	6	0	0	6	0	0
printer.Printer.emitList	printer/printer.go	4719	4725	7	0	3	2	3	3	2	3	3	0	0	3	2	3	3	2	3	3	2	3	3	2	3
printer.Printer.emitListRange	printer/printer.go	4727	4792	66	0	36	26	37	36	32	45	36	0	0	36	26	37	36	26	37	36	26	37	36	26	37
printer.Printer.hasTrailingComma	printer/printer.go	4794	4866	73	0	26	11	19	26	24	46	26	0	0	26	11	19	26	2	7	26	11	19	26	2	7
printer.Printer.writeDelimiter	printer/printer.go	4868	4885	18	0	10	7	12	10	7	12	10	0	0	10	7	12	10	7	12	10	7	12	10	7	12
printer.Printer.emitListItems	printer/printer.go	4890	5031	142	0	68	41	64	68	66	102	68	0	0	68	41	64	68	45	70	68	41	64	68	40	63
printer.Printer.Emit	printer/printer.go	5037	5048	12	0	6	0	0	6	0	0	6	0	0	6	0	0	6	0	0	6	0	0	6	0	0
printer.Printer.EmitSourceFile	printer/printer.go	5050	5052	3	0	1	0	0	1	0	0	1	0	0	1	0	0	1	0	0	1	0	0	1	0	0
printer.Printer.setSourceFile	printer/printer.go	5054	5067	14	0	8	7	8	8	8	10	8	4	5	8	7	8	8	4	5	8	7	8	8	7	8
printer.Printer.Write	printer/printer.go	5069	5278	210	1	98	36	47	98	37	49	98	29	34	98	36	47	98	34	44	98	33	41	98	36	47
printer.Printer.emitCommentsBeforeNode	printer/printer.go	5284	5305	22	0	14	2	4	14	14	19	14	2	4	14	2	4	14	2	4	14	2	4	14	2	4
printer.Printer.emitCommentsAfterNode	printer/printer.go	5307	5330	24	0	13	2	4	13	13	21	13	2	4	13	2	4	13	2	4	13	2	4	13	2	4
printer.Printer.emitCommentsBeforeToken	printer/printer.go	5332	5362	31	0	18	4	8	18	18	25	18	0	0	18	4	8	18	3	6	18	4	8	18	4	8
printer.Printer.emitCommentsAfterToken	printer/printer.go	5364	5373	10	0	5	2	4	5	5	8	5	0	0	5	2	4	5	2	4	5	2	4	5	2	4
printer.Printer.emitDetachedCommentsBeforeStatementList	printer/printer.go	5375	5395	21	0	12	0	0	12	11	15	12	0	0	12	0	0	12	0	0	12	0	0	12	0	0
printer.Printer.emitDetachedCommentsAfterStatementList	printer/printer.go	5397	5411	15	0	8	0	0	8	8	12	8	0	0	8	0	0	8	0	0	8	0	0	8	0	0
printer.Printer.emitLeadingCommentsOfNode	printer/printer.go	5413	5446	34	0	13	0	0	13	13	29	13	0	0	13	0	0	13	0	0	13	0	0	13	0	0
printer.Printer.emitTrailingCommentsOfNode	printer/printer.go	5448	5464	17	0	9	0	0	9	9	15	9	0	0	9	0	0	9	0	0	9	0	0	9	0	0
printer.Printer.emitLeadingSyntheticCommentsOfNode	printer/printer.go	5466	5474	9	0	5	0	0	5	5	8	5	0	0	5	0	0	5	0	0	5	0	0	5	0	0
printer.Printer.emitLeadingSynthesizedComment	printer/printer.go	5476	5486	11	0	6	0	0	6	5	8	6	0	0	6	0	0	6	0	0	6	0	0	6	0	0
printer.Printer.emitTrailingSyntheticCommentsOfNode	printer/printer.go	5488	5496	9	0	5	0	0	5	5	8	5	0	0	5	0	0	5	0	0	5	0	0	5	0	0
printer.Printer.emitTrailingSynthesizedComment	printer/printer.go	5498	5506	9	0	5	0	0	5	4	6	5	0	0	5	0	0	5	0	0	5	0	0	5	0	0
printer.formatSynthesizedComment	printer/printer.go	5508	5513	6	0	3	0	0	3	2	4	3	0	0	3	0	0	3	0	0	3	0	0	3	0	0
printer.Printer.writeSynthesizedComment	printer/printer.go	5515	5522	8	0	5	0	0	5	5	7	5	0	0	5	0	0	5	0	0	5	0	0	5	0	0
printer.Printer.emitLeadingComments	printer/printer.go	5524	5569	46	0	19	2	5	19	19	36	19	0	0	19	2	5	19	2	5	19	2	5	19	2	5
printer.Printer.shouldEmitCommentIfTripleSlash	printer/printer.go	5571	5580	10	0	4	0	0	4	4	8	4	0	0	4	0	0	4	0	0	4	0	0	4	0	0
printer.Printer.shouldEmitNewLineBeforeLeadingCommentOfPosition	printer/printer.go	5582	5587	6	0	1	0	0	1	1	6	1	0	0	1	0	0	1	0	0	1	0	0	1	0	0
printer.Printer.emitLeadingCommentsOfPosition	printer/printer.go	5589	5595	7	0	3	0	0	3	3	5	3	0	0	3	0	0	3	0	0	3	0	0	3	0	0
printer.Printer.emitTrailingComments	printer/printer.go	5597	5615	19	0	9	2	4	9	9	13	9	0	0	9	2	4	9	2	4	9	2	4	9	2	4
printer.Printer.emitTrailingCommentsOfPosition	printer/printer.go	5617	5660	44	0	25	2	4	25	22	31	25	0	0	25	2	4	25	2	4	25	2	4	25	2	4
printer.Printer.emitDetachedCommentsAndUpdateCommentsInfo	printer/printer.go	5662	5669	8	0	4	0	0	4	3	5	4	0	0	4	0	0	4	0	0	4	0	0	4	0	0
printer.Printer.emitDetachedComments	printer/printer.go	5671	5748	78	0	37	0	0	37	36	59	37	0	0	37	0	0	37	0	0	37	0	0	37	0	0
printer.Printer.emitComments	printer/printer.go	5758	5788	31	0	16	0	0	16	16	24	16	0	0	16	0	0	16	0	0	16	0	0	16	0	0
printer.Printer.emitComment	printer/printer.go	5790	5794	5	0	3	0	0	3	3	5	3	0	0	3	0	0	3	0	0	3	0	0	3	0	0
printer.Printer.isTripleSlashComment	printer/printer.go	5796	5799	4	0	1	0	0	1	1	4	1	0	0	1	0	0	1	0	0	1	0	0	1	0	0
printer.Printer.setSourceMapSource	printer/printer.go	5805	5831	27	1	16	2	4	16	12	14	16	0	0	16	2	4	16	0	0	16	2	4	16	2	4
printer.Printer.emitPos	printer/printer.go	5833	5848	16	1	5	0	0	5	4	12	5	0	0	5	0	0	5	0	0	5	0	0	5	0	0
printer.Printer.emitSourcePos	printer/printer.go	5870	5883	14	0	10	0	0	10	2	5	10	0	0	10	0	0	10	0	0	10	0	0	10	0	0
printer.Printer.emitSourceMapsBeforeNode	printer/printer.go	5899	5921	23	0	11	2	4	11	11	19	11	2	4	11	2	4	11	2	4	11	2	4	11	2	4
printer.Printer.emitSourceMapsAfterNode	printer/printer.go	5923	5940	18	0	8	2	4	8	8	15	8	2	4	8	2	4	8	2	4	8	2	4	8	2	4
printer.Printer.emitSourceMapsBeforeToken	printer/printer.go	5942	5962	21	0	13	2	4	13	12	16	13	0	0	13	2	4	13	2	4	13	2	4	13	2	4
printer.Printer.emitSourceMapsAfterToken	printer/printer.go	5964	5980	17	0	10	2	4	10	9	12	10	0	0	10	2	4	10	2	4	10	2	4	10	2	4
printer.Printer.shouldReuseTempVariableScope	printer/printer.go	5986	5988	3	0	1	1	3	1	1	3	1	0	0	1	1	3	1	1	3	1	1	3	1	1	3
printer.Printer.pushNameGenerationScope	printer/printer.go	5990	5992	3	0	1	1	3	1	1	3	1	0	0	1	1	3	1	1	3	1	1	3	1	1	3
printer.Printer.popNameGenerationScope	printer/printer.go	5994	5996	3	0	1	1	3	1	1	3	1	0	0	1	1	3	1	1	3	1	1	3	1	1	3
printer.Printer.generateAllNames	printer/printer.go	5998	6005	8	0	4	3	5	4	4	7	4	0	0	4	3	5	4	3	5	4	3	5	4	3	5
printer.Printer.generateNames	printer/printer.go	6007	6065	59	0	33	4	7	33	31	53	33	0	0	33	4	7	33	4	7	33	4	7	33	3	5
printer.Printer.generateAllMemberNames	printer/printer.go	6067	6074	8	0	4	3	5	4	3	5	4	0	0	4	3	5	4	3	5	4	3	5	4	3	5
printer.Printer.generateMemberNames	printer/printer.go	6076	6091	16	0	4	3	5	4	3	5	4	0	0	4	3	5	4	3	5	4	3	5	4	3	5
printer.Printer.generateNameIfNeeded	printer/printer.go	6093	6101	9	0	5	5	7	5	5	7	5	0	0	5	5	7	5	5	7	5	5	7	5	4	5
printer.Printer.generateName	printer/printer.go	6104	6106	3	0	1	1	3	1	1	3	1	0	0	1	1	3	1	1	3	1	1	3	1	1	3
printer.Printer.isFileLevelUniqueNameInCurrentFile	printer/printer.go	6109	6115	7	0	3	0	0	3	2	4	3	0	0	3	0	0	3	0	0	3	0	0	3	0	0
printer.Printer.enterNode	printer/printer.go	6121	6131	11	0	6	5	7	6	5	7	6	5	7	6	5	7	6	5	7	6	5	7	6	5	7
printer.Printer.exitNode	printer/printer.go	6133	6140	8	0	4	3	5	4	3	5	4	3	5	4	3	5	4	3	5	4	3	5	4	3	5
printer.Printer.enterTokenNode	printer/printer.go	6142	6156	15	0	8	7	11	8	7	11	8	7	11	8	7	11	8	7	11	8	7	11	8	7	11
printer.Printer.exitTokenNode	printer/printer.go	6158	6165	8	0	4	3	5	4	3	5	4	3	5	4	3	5	4	3	5	4	3	5	4	3	5
printer.Printer.enterToken	printer/printer.go	6177	6182	6	0	4	4	6	4	4	6	4	0	0	4	4	6	4	4	6	4	4	6	4	4	6
printer.Printer.exitToken	printer/printer.go	6184	6187	4	0	2	2	4	2	2	4	2	0	0	2	2	4	2	2	4	2	2	4	2	2	4
printer.getOpeningBracket	printer/printer.go	6279	6292	14	1	6	4	8	6	5	10	6	0	0	6	4	8	6	4	8	6	4	8	6	4	8
printer.getClosingBracket	printer/printer.go	6294	6307	14	1	6	4	8	6	5	10	6	0	0	6	4	8	6	4	8	6	4	8	6	4	8
printer.getTrailingSemicolonDeferringWriter	printer/semicolon_writer.go	13	15	3	0	1	1	3	1	1	3	1	0	0	1	1	3	1	1	3	1	1	3	1	1	3
printer.trailingSemicolonDeferringWriter.commitSemicolon	printer/semicolon_writer.go	17	22	6	0	3	3	5	3	3	5	3	0	0	3	3	5	3	3	5	3	1	2	3	3	5
printer.trailingSemicolonDeferringWriter.Write	printer/semicolon_writer.go	24	27	4	0	2	2	4	2	2	4	2	0	0	2	2	4	2	2	4	2	2	4	2	2	4
printer.trailingSemicolonDeferringWriter.WriteTrailingSemicolon	printer/semicolon_writer.go	29	31	3	0	1	1	3	1	1	3	1	0	0	1	1	3	1	1	3	1	0	0	1	1	3
printer.trailingSemicolonDeferringWriter.WriteComment	printer/semicolon_writer.go	33	36	4	0	2	0	0	2	0	0	2	0	0	2	0	0	2	0	0	2	0	0	2	0	0
printer.trailingSemicolonDeferringWriter.WriteKeyword	printer/semicolon_writer.go	38	41	4	0	2	2	4	2	2	4	2	0	0	2	2	4	2	2	4	2	0	0	2	2	4
printer.trailingSemicolonDeferringWriter.WriteOperator	printer/semicolon_writer.go	43	46	4	0	2	0	0	2	0	0	2	0	0	2	0	0	2	0	0	2	0	0	2	2	4
printer.trailingSemicolonDeferringWriter.WritePunctuation	printer/semicolon_writer.go	48	51	4	0	2	2	4	2	2	4	2	0	0	2	2	4	2	2	4	2	0	0	2	2	4
printer.trailingSemicolonDeferringWriter.WriteSpace	printer/semicolon_writer.go	53	56	4	0	2	2	4	2	2	4	2	0	0	2	2	4	2	2	4	2	0	0	2	2	4
printer.trailingSemicolonDeferringWriter.WriteStringLiteral	printer/semicolon_writer.go	58	61	4	0	2	2	4	2	2	4	2	0	0	2	2	4	2	2	4	2	0	0	2	2	4
printer.trailingSemicolonDeferringWriter.WriteParameter	printer/semicolon_writer.go	63	66	4	0	2	2	4	2	2	4	2	0	0	2	2	4	2	2	4	2	0	0	2	2	4
printer.trailingSemicolonDeferringWriter.WriteProperty	printer/semicolon_writer.go	68	71	4	0	2	2	4	2	2	4	2	0	0	2	2	4	2	2	4	2	0	0	2	2	4
printer.trailingSemicolonDeferringWriter.WriteSymbol	printer/semicolon_writer.go	73	76	4	0	2	0	0	2	0	0	2	0	0	2	0	0	2	0	0	2	0	0	2	0	0
printer.trailingSemicolonDeferringWriter.WriteLine	printer/semicolon_writer.go	78	81	4	0	2	0	0	2	0	0	2	0	0	2	0	0	2	0	0	2	0	0	2	0	0
printer.trailingSemicolonDeferringWriter.WriteLineForce	printer/semicolon_writer.go	83	86	4	0	2	0	0	2	0	0	2	0	0	2	0	0	2	0	0	2	0	0	2	0	0
printer.trailingSemicolonDeferringWriter.IncreaseIndent	printer/semicolon_writer.go	88	91	4	0	2	0	0	2	0	0	2	0	0	2	0	0	2	0	0	2	0	0	2	0	0
printer.trailingSemicolonDeferringWriter.DecreaseIndent	printer/semicolon_writer.go	93	96	4	0	2	0	0	2	0	0	2	0	0	2	0	0	2	0	0	2	0	0	2	0	0
printer.trailingSemicolonDeferringWriter.Clear	printer/semicolon_writer.go	98	101	4	0	2	2	4	2	2	4	2	0	0	2	2	4	2	2	4	2	2	4	2	2	4
printer.trailingSemicolonDeferringWriter.String	printer/semicolon_writer.go	103	105	3	0	1	0	0	1	0	0	1	0	0	1	0	0	1	0	0	1	0	0	1	0	0
printer.trailingSemicolonDeferringWriter.RawWrite	printer/semicolon_writer.go	107	110	4	0	2	0	0	2	0	0	2	0	0	2	0	0	2	0	0	2	0	0	2	0	0
printer.trailingSemicolonDeferringWriter.WriteLiteral	printer/semicolon_writer.go	112	115	4	0	2	0	0	2	0	0	2	0	0	2	0	0	2	0	0	2	0	0	2	0	0
printer.trailingSemicolonDeferringWriter.GetTextPos	printer/semicolon_writer.go	117	119	3	0	1	0	0	1	0	0	1	0	0	1	0	0	1	0	0	1	0	0	1	0	0
printer.trailingSemicolonDeferringWriter.GetLine	printer/semicolon_writer.go	121	123	3	0	1	0	0	1	0	0	1	0	0	1	0	0	1	0	0	1	0	0	1	0	0
printer.trailingSemicolonDeferringWriter.GetColumn	printer/semicolon_writer.go	125	127	3	0	1	0	0	1	0	0	1	0	0	1	0	0	1	0	0	1	0	0	1	0	0
printer.trailingSemicolonDeferringWriter.GetIndent	printer/semicolon_writer.go	129	131	3	0	1	0	0	1	0	0	1	0	0	1	0	0	1	0	0	1	0	0	1	0	0
printer.trailingSemicolonDeferringWriter.IsAtStartOfLine	printer/semicolon_writer.go	133	135	3	0	1	0	0	1	0	0	1	0	0	1	0	0	1	0	0	1	0	0	1	0	0
printer.trailingSemicolonDeferringWriter.HasTrailingComment	printer/semicolon_writer.go	137	139	3	0	1	0	0	1	0	0	1	0	0	1	0	0	1	0	0	1	0	0	1	0	0
printer.trailingSemicolonDeferringWriter.HasTrailingWhitespace	printer/semicolon_writer.go	141	143	3	0	1	0	0	1	0	0	1	0	0	1	0	0	1	0	0	1	0	0	1	0	0
printer.GetSingleLineStringWriter	printer/singlelinestringwriter.go	21	27	7	0	4	4	6	4	4	6	4	0	0	4	4	6	4	4	6	4	4	6	4	4	6
printer.singleLineStringWriter.Clear	printer/singlelinestringwriter.go	34	37	4	0	2	2	4	2	2	4	2	0	0	2	2	4	2	2	4	2	2	4	2	2	4
printer.singleLineStringWriter.DecreaseIndent	printer/singlelinestringwriter.go	39	41	3	0	0	0	0	0	0	0	0	0	0	0	0	0	0	0	0	0	0	0	0	0	0
printer.singleLineStringWriter.GetColumn	printer/singlelinestringwriter.go	43	45	3	0	1	0	0	1	0	0	1	0	0	1	0	0	1	0	0	1	0	0	1	0	0
printer.singleLineStringWriter.GetIndent	printer/singlelinestringwriter.go	47	49	3	0	1	0	0	1	0	0	1	0	0	1	0	0	1	0	0	1	0	0	1	0	0
printer.singleLineStringWriter.GetLine	printer/singlelinestringwriter.go	51	53	3	0	1	0	0	1	0	0	1	0	0	1	0	0	1	0	0	1	0	0	1	0	0
printer.singleLineStringWriter.String	printer/singlelinestringwriter.go	55	57	3	0	1	1	3	1	1	3	1	0	0	1	1	3	1	1	3	1	1	3	1	1	3
printer.singleLineStringWriter.GetTextPos	printer/singlelinestringwriter.go	59	61	3	0	1	0	0	1	0	0	1	0	0	1	0	0	1	0	0	1	0	0	1	0	0
printer.singleLineStringWriter.HasTrailingComment	printer/singlelinestringwriter.go	63	65	3	0	1	0	0	1	0	0	1	0	0	1	0	0	1	0	0	1	0	0	1	0	0
printer.singleLineStringWriter.HasTrailingWhitespace	printer/singlelinestringwriter.go	67	76	10	0	6	0	0	6	0	0	6	0	0	6	0	0	6	0	0	6	0	0	6	0	0
printer.singleLineStringWriter.IncreaseIndent	printer/singlelinestringwriter.go	78	80	3	0	0	0	0	0	0	0	0	0	0	0	0	0	0	0	0	0	0	0	0	0	0
printer.singleLineStringWriter.IsAtStartOfLine	printer/singlelinestringwriter.go	82	84	3	0	1	0	0	1	0	0	1	0	0	1	0	0	1	0	0	1	0	0	1	0	0
printer.singleLineStringWriter.RawWrite	printer/singlelinestringwriter.go	86	89	4	0	2	0	0	2	0	0	2	0	0	2	0	0	2	0	0	2	0	0	2	0	0
printer.singleLineStringWriter.Write	printer/singlelinestringwriter.go	91	94	4	0	2	2	4	2	2	4	2	0	0	2	2	4	2	2	4	2	2	4	2	2	4
printer.singleLineStringWriter.WriteComment	printer/singlelinestringwriter.go	96	99	4	0	2	0	0	2	0	0	2	0	0	2	0	0	2	0	0	2	0	0	2	0	0
printer.singleLineStringWriter.WriteKeyword	printer/singlelinestringwriter.go	101	104	4	0	2	2	4	2	2	4	2	0	0	2	2	4	2	2	4	2	0	0	2	2	4
printer.singleLineStringWriter.WriteLine	printer/singlelinestringwriter.go	106	109	4	0	2	0	0	2	0	0	2	0	0	2	0	0	2	0	0	2	0	0	2	0	0
printer.singleLineStringWriter.WriteLineForce	printer/singlelinestringwriter.go	111	114	4	0	2	0	0	2	0	0	2	0	0	2	0	0	2	0	0	2	0	0	2	0	0
printer.singleLineStringWriter.WriteLiteral	printer/singlelinestringwriter.go	116	119	4	0	2	0	0	2	0	0	2	0	0	2	0	0	2	0	0	2	0	0	2	0	0
printer.singleLineStringWriter.WriteOperator	printer/singlelinestringwriter.go	121	124	4	0	2	0	0	2	0	0	2	0	0	2	0	0	2	0	0	2	0	0	2	2	4
printer.singleLineStringWriter.WriteParameter	printer/singlelinestringwriter.go	126	129	4	0	2	2	4	2	2	4	2	0	0	2	2	4	2	2	4	2	0	0	2	2	4
printer.singleLineStringWriter.WriteProperty	printer/singlelinestringwriter.go	131	134	4	0	2	2	4	2	2	4	2	0	0	2	2	4	2	2	4	2	0	0	2	2	4
printer.singleLineStringWriter.WritePunctuation	printer/singlelinestringwriter.go	136	139	4	0	2	2	4	2	2	4	2	0	0	2	2	4	2	2	4	2	0	0	2	2	4
printer.singleLineStringWriter.WriteSpace	printer/singlelinestringwriter.go	141	144	4	0	2	2	4	2	2	4	2	0	0	2	2	4	2	2	4	2	0	0	2	2	4
printer.singleLineStringWriter.WriteStringLiteral	printer/singlelinestringwriter.go	146	149	4	0	2	2	4	2	2	4	2	0	0	2	2	4	2	2	4	2	0	0	2	2	4
printer.singleLineStringWriter.WriteSymbol	printer/singlelinestringwriter.go	151	154	4	0	2	0	0	2	0	0	2	0	0	2	0	0	2	0	0	2	0	0	2	0	0
printer.singleLineStringWriter.WriteTrailingSemicolon	printer/singlelinestringwriter.go	156	159	4	0	2	2	4	2	2	4	2	0	0	2	2	4	2	2	4	2	0	0	2	2	4
printer.PrintAndPositionNode	printer/syntheticfile.go	17	34	18	0	6	0	0	6	0	0	6	0	0	6	0	0	6	0	0	6	0	0	6	0	0
printer.CreateSyntheticSourceFile	printer/syntheticfile.go	39	53	15	0	8	0	0	8	0	0	8	0	0	8	0	0	8	0	0	8	0	0	8	0	0
printer.textWriter.Clear	printer/textwriter.go	26	28	3	0	1	1	3	1	1	3	1	1	3	1	1	3	1	1	3	1	1	3	1	1	3
printer.textWriter.Grow	printer/textwriter.go	30	32	3	0	1	1	3	1	1	3	1	0	0	1	1	3	1	0	0	1	1	3	1	1	3
printer.textWriter.DecreaseIndent	printer/textwriter.go	34	36	3	0	1	1	3	1	1	3	1	0	0	1	1	3	1	1	3	1	1	3	1	1	3
printer.textWriter.GetColumn	printer/textwriter.go	40	47	8	0	3	0	0	3	3	5	3	0	0	3	0	0	3	0	0	3	0	0	3	0	0
printer.textWriter.GetIndent	printer/textwriter.go	49	51	3	0	1	0	0	1	1	3	1	0	0	1	0	0	1	0	0	1	0	0	1	0	0
printer.textWriter.GetLine	printer/textwriter.go	53	55	3	0	1	0	0	1	1	3	1	0	0	1	0	0	1	0	0	1	0	0	1	0	0
printer.textWriter.String	printer/textwriter.go	57	59	3	0	1	1	3	1	1	3	1	1	3	1	1	3	1	1	3	1	1	3	1	1	3
printer.textWriter.GetTextPos	printer/textwriter.go	61	63	3	0	1	0	0	1	1	3	1	0	0	1	0	0	1	0	0	1	0	0	1	0	0
printer.textWriter.HasTrailingComment	printer/textwriter.go	65	67	3	0	1	0	0	1	1	3	1	0	0	1	0	0	1	0	0	1	0	0	1	0	0
printer.textWriter.HasTrailingWhitespace	printer/textwriter.go	69	78	10	0	6	0	0	6	4	5	6	0	0	6	0	0	6	0	0	6	0	0	6	0	0
printer.textWriter.IncreaseIndent	printer/textwriter.go	80	82	3	0	1	1	3	1	1	3	1	0	0	1	1	3	1	1	3	1	1	3	1	1	3
printer.textWriter.IsAtStartOfLine	printer/textwriter.go	84	86	3	0	1	0	0	1	1	3	1	0	0	1	0	0	1	0	0	1	0	0	1	0	0
printer.textWriter.RawWrite	printer/textwriter.go	88	95	8	0	5	0	0	5	5	7	5	0	0	5	0	0	5	0	0	5	0	0	5	0	0
printer.textWriter.updateLineCountAndPosFor	printer/textwriter.go	97	114	18	0	12	7	10	12	12	16	12	7	10	12	7	10	12	7	10	12	7	10	12	7	10
printer.GetDefaultIndentSize	printer/textwriter.go	119	121	3	0	1	0	0	1	1	3	1	0	0	1	0	0	1	0	0	1	0	0	1	0	0
printer.getIndentString	printer/textwriter.go	123	129	7	0	3	2	4	3	3	5	3	2	4	3	2	4	3	3	5	3	2	4	3	2	4
printer.textWriter.writeText	printer/textwriter.go	131	141	11	0	7	7	9	7	7	9	7	7	9	7	7	9	7	7	9	7	7	9	7	7	9
printer.textWriter.Write	printer/textwriter.go	143	148	6	0	3	3	5	3	3	5	3	3	5	3	3	5	3	3	5	3	3	5	3	3	5
printer.textWriter.WriteComment	printer/textwriter.go	150	155	6	0	3	0	0	3	3	5	3	0	0	3	0	0	3	0	0	3	0	0	3	0	0
printer.textWriter.WriteKeyword	printer/textwriter.go	157	159	3	0	1	1	3	1	1	3	1	1	3	1	1	3	1	1	3	1	1	3	1	1	3
printer.textWriter.writeLineRaw	printer/textwriter.go	161	168	8	0	6	0	0	6	6	8	6	0	0	6	0	0	6	6	8	6	0	0	6	0	0
printer.textWriter.WriteLine	printer/textwriter.go	170	174	5	0	2	0	0	2	2	4	2	0	0	2	0	0	2	2	4	2	0	0	2	0	0
printer.textWriter.WriteLineForce	printer/textwriter.go	176	180	5	0	2	0	0	2	2	4	2	0	0	2	0	0	2	0	0	2	0	0	2	0	0
printer.textWriter.WriteLiteral	printer/textwriter.go	182	184	3	0	1	0	0	1	1	3	1	0	0	1	0	0	1	0	0	1	0	0	1	0	0
printer.textWriter.WriteOperator	printer/textwriter.go	186	188	3	0	1	1	3	1	1	3	1	0	0	1	1	3	1	1	3	1	1	3	1	1	3
printer.textWriter.WriteParameter	printer/textwriter.go	190	192	3	0	1	1	3	1	1	3	1	0	0	1	1	3	1	1	3	1	1	3	1	1	3
printer.textWriter.WriteProperty	printer/textwriter.go	194	196	3	0	1	1	3	1	1	3	1	0	0	1	1	3	1	1	3	1	1	3	1	1	3
printer.textWriter.WritePunctuation	printer/textwriter.go	198	200	3	0	1	1	3	1	1	3	1	0	0	1	1	3	1	1	3	1	1	3	1	1	3
printer.textWriter.WriteSpace	printer/textwriter.go	202	204	3	0	1	1	3	1	1	3	1	0	0	1	1	3	1	1	3	1	1	3	1	1	3
printer.textWriter.WriteStringLiteral	printer/textwriter.go	206	208	3	0	1	1	3	1	1	3	1	1	3	1	1	3	1	1	3	1	1	3	1	1	3
printer.textWriter.WriteSymbol	printer/textwriter.go	210	212	3	0	1	0	0	1	0	0	1	0	0	1	0	0	1	0	0	1	0	0	1	0	0
printer.textWriter.WriteTrailingSemicolon	printer/textwriter.go	214	216	3	0	1	1	3	1	1	3	1	0	0	1	1	3	1	1	3	1	1	3	1	1	3
printer.NewTextWriter	printer/textwriter.go	218	227	10	0	7	7	9	7	7	9	7	7	9	7	7	9	7	7	9	7	7	9	7	7	9
printer.encodeJsxCharacterEntity	printer/utilities.go	58	63	6	0	4	0	0	4	0	0	4	0	0	4	0	0	4	0	0	4	0	0	4	0	0
printer.encodeUtf16EscapeSequence	printer/utilities.go	65	72	8	0	5	4	5	5	5	7	5	0	0	5	4	5	5	4	5	5	4	5	5	0	0
printer.escapeStringWorker	printer/utilities.go	77	176	100	0	48	32	49	48	42	73	48	4	5	48	32	49	48	29	43	48	32	49	48	25	36
printer.EscapeString	printer/utilities.go	178	183	6	0	4	4	6	4	4	6	4	0	0	4	4	6	4	0	0	4	0	0	4	0	0
printer.escapeNonAsciiString	printer/utilities.go	185	190	6	0	4	0	0	4	4	6	4	0	0	4	0	0	4	0	0	4	0	0	4	0	0
printer.escapeJsxAttributeString	printer/utilities.go	192	197	6	0	4	0	0	4	0	0	4	0	0	4	0	0	4	0	0	4	0	0	4	0	0
printer.canUseOriginalText	printer/utilities.go	199	225	27	0	9	2	7	9	9	17	9	0	0	9	2	7	9	0	0	9	2	7	9	2	7
printer.getLiteralText	printer/utilities.go	227	339	113	1	54	37	66	54	41	73	54	12	24	54	37	66	54	37	65	54	37	66	54	36	65
printer.isNotPrologueDirective	printer/utilities.go	341	343	3	0	1	0	0	1	0	0	1	0	0	1	0	0	1	0	0	1	0	0	1	0	0
printer.RangeIsOnSingleLine	printer/utilities.go	345	347	3	0	1	0	0	1	1	3	1	0	0	1	0	0	1	0	0	1	0	0	1	0	0
printer.RangeStartPositionsAreOnSameLine	printer/utilities.go	349	355	7	0	1	0	0	1	1	7	1	0	0	1	0	0	1	0	0	1	0	0	1	0	0
printer.rangeEndPositionsAreOnSameLine	printer/utilities.go	357	359	3	0	1	0	0	1	1	3	1	0	0	1	0	0	1	0	0	1	0	0	1	0	0
printer.rangeStartIsOnSameLineAsRangeEnd	printer/utilities.go	361	363	3	0	1	0	0	1	1	3	1	0	0	1	0	0	1	0	0	1	0	0	1	0	0
printer.rangeEndIsOnSameLineAsRangeStart	printer/utilities.go	365	367	3	0	1	0	0	1	1	3	1	0	0	1	0	0	1	0	0	1	0	0	1	0	0
printer.getStartPositionOfRange	printer/utilities.go	369	374	6	0	3	0	0	3	3	5	3	0	0	3	0	0	3	0	0	3	0	0	3	0	0
printer.PositionsAreOnSameLine	printer/utilities.go	376	378	3	0	1	0	0	1	1	3	1	0	0	1	0	0	1	0	0	1	0	0	1	0	0
printer.GetLinesBetweenPositions	printer/utilities.go	380	395	16	0	11	0	0	11	11	15	11	0	0	11	0	0	11	0	0	11	0	0	11	0	0
printer.getLinesBetweenRangeEndAndRangeStart	printer/utilities.go	397	400	4	0	2	0	0	2	0	0	2	0	0	2	0	0	2	0	0	2	0	0	2	0	0
printer.getLinesBetweenPositionAndPrecedingNonWhitespaceCharacter	printer/utilities.go	402	406	5	0	3	0	0	3	0	0	3	0	0	3	0	0	3	0	0	3	0	0	3	0	0
printer.getLinesBetweenPositionAndNextNonWhitespaceCharacter	printer/utilities.go	408	411	4	0	2	0	0	2	0	0	2	0	0	2	0	0	2	0	0	2	0	0	2	0	0
printer.getPreviousNonWhitespacePosition	printer/utilities.go	413	420	8	0	4	0	0	4	0	0	4	0	0	4	0	0	4	0	0	4	0	0	4	0	0
printer.siblingNodePositionsAreComparable	printer/utilities.go	422	441	20	0	12	0	0	12	0	0	12	0	0	12	0	0	12	0	0	12	0	0	12	0	0
printer.getContainingNodeArray	printer/utilities.go	443	551	109	1	49	0	0	49	0	0	49	0	0	49	0	0	49	0	0	49	0	0	49	0	0
printer.canHaveDecorators	printer/utilities.go	553	565	13	0	3	0	0	3	0	0	3	0	0	3	0	0	3	0	0	3	0	0	3	0	0
printer.originalNodesHaveSameParent	printer/utilities.go	567	576	10	0	5	0	0	5	5	9	5	0	0	5	0	0	5	0	0	5	0	0	5	0	0
printer.tryGetEnd	printer/utilities.go	578	603	26	1	12	5	10	12	6	12	12	0	0	12	5	10	12	5	10	12	5	10	12	5	10
printer.greatestEnd	printer/utilities.go	605	613	9	0	5	5	7	5	5	7	5	0	0	5	5	7	5	4	5	5	5	7	5	5	7
printer.skipSynthesizedParentheses	printer/utilities.go	615	620	6	0	3	2	3	3	3	5	3	0	0	3	2	3	3	3	5	3	2	3	3	0	0
printer.isNewExpressionWithoutArguments	printer/utilities.go	622	624	3	0	1	0	0	1	1	3	1	0	0	1	0	0	1	1	3	1	0	0	1	0	0
printer.isBinaryOperation	printer/utilities.go	626	630	5	0	2	0	0	2	2	5	2	0	0	2	0	0	2	0	0	2	0	0	2	0	0
printer.mixingBinaryOperatorsRequiresParentheses	printer/utilities.go	632	640	9	0	5	0	0	5	4	6	5	0	0	5	0	0	5	3	4	5	0	0	5	0	0
printer.isImmediatelyInvokedFunctionExpressionOrArrowFunction	printer/utilities.go	642	649	8	0	5	0	0	5	5	7	5	0	0	5	0	0	5	0	0	5	0	0	5	0	0
printer.hasLeadingHash	printer/utilities.go	651	653	3	0	1	0	0	1	1	3	1	0	0	1	1	3	1	0	0	1	0	0	1	0	0
printer.removeLeadingHash	printer/utilities.go	655	661	7	0	3	0	0	3	3	6	3	0	0	3	2	5	3	0	0	3	0	0	3	0	0
printer.ensureLeadingHash	printer/utilities.go	663	669	7	0	3	0	0	3	3	6	3	0	0	3	0	0	3	0	0	3	0	0	3	0	0
printer.FormatGeneratedName	printer/utilities.go	671	677	7	0	4	0	0	4	4	6	4	0	0	4	3	4	4	0	0	4	0	0	4	0	0
printer.isASCIIWordCharacter	printer/utilities.go	679	681	3	0	1	0	0	1	1	3	1	0	0	1	0	0	1	0	0	1	0	0	1	0	0
printer.makeIdentifierFromModuleName	printer/utilities.go	683	705	23	0	17	0	0	17	17	20	17	0	0	17	0	0	17	0	0	17	0	0	17	0	0
printer.findSpanEndWithEmitContext	printer/utilities.go	707	713	7	0	4	0	0	4	4	6	4	0	0	4	0	0	4	0	0	4	0	0	4	0	0
printer.findSpanEnd	printer/utilities.go	715	721	7	0	4	0	0	4	4	6	4	0	0	4	0	0	4	0	0	4	0	0	4	0	0
printer.skipWhiteSpaceSingleLine	printer/utilities.go	723	731	9	0	5	0	0	5	5	6	5	0	0	5	0	0	5	0	0	5	0	0	5	0	0
printer.matchWhiteSpaceSingleLine	printer/utilities.go	733	737	5	0	3	0	0	3	3	5	3	0	0	3	0	0	3	0	0	3	0	0	3	0	0
printer.matchRune	printer/utilities.go	739	746	8	0	5	0	0	5	5	7	5	0	0	5	0	0	5	0	0	5	0	0	5	0	0
printer.matchString	printer/utilities.go	748	766	19	0	11	0	0	11	10	12	11	0	0	11	0	0	11	0	0	11	0	0	11	0	0
printer.matchQuotedString	printer/utilities.go	768	788	21	0	13	0	0	13	11	15	13	0	0	13	0	0	13	0	0	13	0	0	13	0	0
printer.IsRecognizedTripleSlashComment	printer/utilities.go	796	851	56	0	32	0	0	32	17	27	32	0	0	32	0	0	32	0	0	32	0	0	32	0	0
printer.isJSDocLikeText	printer/utilities.go	853	858	6	0	1	0	0	1	1	6	1	0	0	1	0	0	1	0	0	1	0	0	1	0	0
printer.IsPinnedComment	printer/utilities.go	860	864	5	0	1	0	0	1	1	5	1	0	0	1	0	0	1	0	0	1	0	0	1	0	0
printer.calculateIndent	printer/utilities.go	866	885	20	0	11	0	0	11	11	16	11	0	0	11	0	0	11	0	0	11	0	0	11	0	0
printer.newLineCharacterCache	printer/utilities.go	904	909	6	0	1	0	0	1	1	6	1	0	0	1	0	0	1	0	0	1	0	0	1	0	0
printer.lineCharacterCache.getLineAndCharacter	printer/utilities.go	913	936	24	0	13	0	0	13	13	23	13	0	0	13	0	0	13	0	0	13	0	0	13	0	0
pseudochecker.NewPseudoChecker	pseudochecker/checker.go	19	21	3	0	1	1	3	1	1	3	1	1	3	1	1	3	0	0	0	1	1	3	1	1	3
pseudochecker.PseudoChecker.GetReturnTypeOfSignature	pseudochecker/lookup.go	11	24	14	1	5	2	4	5	3	6	5	0	0	5	3	6	0	0	0	5	2	4	5	2	4
pseudochecker.PseudoChecker.GetTypeOfAccessor	pseudochecker/lookup.go	26	28	3	0	1	0	0	1	1	3	1	0	0	1	1	3	0	0	0	1	0	0	1	1	3
pseudochecker.PseudoChecker.GetTypeOfExpression	pseudochecker/lookup.go	30	32	3	0	1	0	0	1	0	0	1	0	0	1	0	0	0	0	0	1	0	0	1	0	0
pseudochecker.PseudoChecker.GetTypeOfDeclaration	pseudochecker/lookup.go	34	67	34	1	14	5	10	14	12	27	14	0	0	14	12	27	0	0	0	14	3	6	14	4	8
pseudochecker.PseudoChecker.typeFromPropertyAssignment	pseudochecker/lookup.go	69	85	17	0	10	9	11	10	10	13	10	0	0	10	9	11	0	0	0	10	0	0	10	9	11
pseudochecker.PseudoChecker.typeFromExpandoProperty	pseudochecker/lookup.go	88	96	9	0	4	3	5	4	4	6	4	0	0	4	4	6	0	0	0	4	0	0	4	0	0
pseudochecker.PseudoChecker.typeFromProperty	pseudochecker/lookup.go	98	122	25	0	14	3	5	14	14	20	14	0	0	14	14	20	0	0	0	14	3	5	14	3	5
pseudochecker.PseudoChecker.typeFromVariable	pseudochecker/lookup.go	124	144	21	0	12	0	0	12	11	15	12	0	0	12	11	15	0	0	0	12	0	0	12	0	0
pseudochecker.PseudoChecker.typeFromAccessor	pseudochecker/lookup.go	146	164	19	0	13	0	0	13	13	16	13	0	0	13	13	16	0	0	0	13	0	0	13	4	6
pseudochecker.PseudoChecker.getTypeAnnotationFromAllAccessorDeclarations	pseudochecker/lookup.go	166	175	10	0	6	0	0	6	6	9	6	0	0	6	6	9	0	0	0	6	0	0	6	5	7
pseudochecker.PseudoChecker.getTypeAnnotationFromAccessor	pseudochecker/lookup.go	177	194	18	0	11	0	0	11	9	12	11	0	0	11	8	10	0	0	0	11	0	0	11	8	10
pseudochecker.isValueSignatureDeclaration	pseudochecker/lookup.go	196	198	3	0	1	1	3	1	1	3	1	0	0	1	1	3	0	0	0	1	0	0	1	1	3
pseudochecker.PseudoChecker.createReturnFromSignature	pseudochecker/lookup.go	201	214	14	0	8	7	11	8	8	12	8	0	0	8	8	12	0	0	0	8	5	8	8	7	11
pseudochecker.PseudoChecker.typeFromSingleReturnExpression	pseudochecker/lookup.go	216	259	44	0	28	21	28	28	28	39	28	0	0	28	23	31	0	0	0	28	0	0	28	15	21
pseudochecker.PseudoChecker.typeFromExpression	pseudochecker/lookup.go	262	313	52	0	24	14	29	24	23	48	24	0	0	24	23	48	0	0	0	24	0	0	24	11	24
pseudochecker.PseudoChecker.typeFromObjectLiteral	pseudochecker/lookup.go	315	360	46	0	16	10	27	16	15	36	16	0	0	16	15	36	0	0	0	16	0	0	16	8	16
pseudochecker.PseudoChecker.getAccessorMember	pseudochecker/lookup.go	363	401	39	0	10	0	0	10	10	36	10	0	0	10	10	36	0	0	0	10	0	0	10	0	0
pseudochecker.PseudoChecker.canGetTypeFromObjectLiteral	pseudochecker/lookup.go	406	436	31	0	21	9	10	21	15	18	21	0	0	21	15	18	0	0	0	21	0	0	21	11	12
pseudochecker.PseudoChecker.typeFromArrayLiteral	pseudochecker/lookup.go	438	451	14	0	8	2	4	8	8	12	8	0	0	8	8	12	0	0	0	8	0	0	8	6	8
pseudochecker.PseudoChecker.canGetTypeFromArrayLiteral	pseudochecker/lookup.go	457	467	11	0	6	2	4	6	6	9	6	0	0	6	6	9	0	0	0	6	0	0	6	4	5
pseudochecker.isConstContextPropagatingKind	pseudochecker/lookup.go	470	478	9	0	3	3	5	3	3	5	3	0	0	3	3	5	0	0	0	3	0	0	3	3	5
pseudochecker.IsInConstContext	pseudochecker/lookup.go	482	492	11	0	3	3	9	3	3	9	3	0	0	3	3	9	0	0	0	3	0	0	3	3	9
pseudochecker.PseudoChecker.typeFromPrimitiveLiteralPrefix	pseudochecker/lookup.go	494	508	15	1	10	0	0	10	8	12	10	0	0	10	8	12	0	0	0	10	0	0	10	0	0
pseudochecker.PseudoChecker.typeFromTypeAssertion	pseudochecker/lookup.go	510	515	6	0	3	2	3	3	3	5	3	0	0	3	3	5	0	0	0	3	0	0	3	2	4
pseudochecker.PseudoChecker.typeFromFunctionLikeExpression	pseudochecker/lookup.go	517	530	14	0	6	5	11	6	5	11	6	0	0	6	5	11	0	0	0	6	0	0	6	0	0
pseudochecker.PseudoChecker.cloneTypeParameters	pseudochecker/lookup.go	532	544	13	0	8	2	4	8	7	10	8	0	0	8	7	10	0	0	0	8	0	0	8	0	0
pseudochecker.isUndefinedPseudoType	pseudochecker/lookup.go	546	548	3	0	1	0	0	1	1	3	1	0	0	1	1	3	0	0	0	1	0	0	1	0	0
pseudochecker.typeNodeCouldReferToUndefined	pseudochecker/lookup.go	550	575	26	0	11	0	0	11	7	15	11	0	0	11	7	15	0	0	0	11	0	0	11	0	0
pseudochecker.CouldAlreadyReferToUndefinedType	pseudochecker/lookup.go	578	595	18	0	11	0	0	11	10	15	11	0	0	11	10	15	0	0	0	11	0	0	11	0	0
pseudochecker.isOptionalInitializedOrRestParameter	pseudochecker/lookup.go	597	603	7	0	4	3	4	4	4	6	4	0	0	4	4	6	0	0	0	4	0	0	4	4	6
pseudochecker.lastRequiredParamIndex	pseudochecker/lookup.go	610	617	8	0	4	3	5	4	4	6	4	0	0	4	4	6	0	0	0	4	0	0	4	3	5
pseudochecker.addUndefinedIfDefinitelyRequired	pseudochecker/lookup.go	619	629	11	0	3	0	0	3	3	9	3	0	0	3	3	9	0	0	0	3	0	0	3	0	0
pseudochecker.PseudoChecker.typeFromParameter	pseudochecker/lookup.go	631	647	17	0	11	5	7	11	11	14	11	0	0	11	11	14	0	0	0	11	5	7	11	9	11
pseudochecker.PseudoChecker.typeFromParameterWorker	pseudochecker/lookup.go	649	685	37	0	20	8	12	20	20	29	20	0	0	20	20	29	0	0	0	20	0	0	20	11	13
pseudochecker.PseudoChecker.cloneParameters	pseudochecker/lookup.go	687	713	27	0	13	11	18	13	12	23	13	0	0	13	12	23	0	0	0	13	0	0	13	0	0
pseudochecker.isContextuallyTyped	pseudochecker/lookup.go	715	729	15	0	8	7	11	8	8	13	8	0	0	8	8	13	0	0	0	8	0	0	8	5	7
pseudochecker.newPseudoType	pseudochecker/type.go	49	54	6	0	4	4	6	4	4	6	4	4	6	4	4	6	0	0	0	4	4	6	4	4	6
pseudochecker.PseudoTypeDefault.AsPseudoType	pseudochecker/type.go	64	64	1	0	1	1	1	1	1	1	1	1	1	1	1	1	0	0	0	1	1	1	1	1	1
pseudochecker.NewPseudoTypeDirect	pseudochecker/type.go	88	90	3	0	1	1	3	1	1	3	1	0	0	1	1	3	0	0	0	1	1	3	1	1	3
pseudochecker.PseudoType.AsPseudoTypeDirect	pseudochecker/type.go	92	92	1	0	1	1	1	1	1	1	1	0	0	1	1	1	0	0	0	1	1	1	1	1	1
pseudochecker.NewPseudoTypeInferred	pseudochecker/type.go	106	108	3	0	1	1	3	1	1	3	1	0	0	1	1	3	0	0	0	1	0	0	1	1	3
pseudochecker.NewPseudoTypeInferredWithErrors	pseudochecker/type.go	110	112	3	0	1	1	3	1	1	3	1	0	0	1	1	3	0	0	0	1	0	0	1	1	3
pseudochecker.PseudoType.AsPseudoTypeInferred	pseudochecker/type.go	114	114	1	0	1	1	1	1	1	1	1	0	0	1	1	1	0	0	0	1	0	0	1	1	1
pseudochecker.NewPseudoTypeNoResult	pseudochecker/type.go	124	126	3	0	1	1	3	1	1	3	1	0	0	1	1	3	0	0	0	1	0	0	1	1	3
pseudochecker.PseudoType.AsPseudoTypeNoResult	pseudochecker/type.go	128	128	1	0	1	1	1	1	1	1	1	0	0	1	1	1	0	0	0	1	0	0	1	0	0
pseudochecker.NewPseudoTypeMaybeConstLocation	pseudochecker/type.go	147	149	3	0	1	1	3	1	1	3	1	0	0	1	1	3	0	0	0	1	0	0	1	1	3
pseudochecker.PseudoType.AsPseudoTypeMaybeConstLocation	pseudochecker/type.go	151	153	3	0	1	1	3	1	1	3	1	0	0	1	1	3	0	0	0	1	0	0	1	1	3
pseudochecker.NewPseudoTypeUnion	pseudochecker/type.go	161	163	3	0	1	0	0	1	1	3	1	0	0	1	1	3	0	0	0	1	0	0	1	0	0
pseudochecker.PseudoType.AsPseudoTypeUnion	pseudochecker/type.go	165	167	3	0	1	0	0	1	1	3	1	0	0	1	1	3	0	0	0	1	0	0	1	0	0
pseudochecker.NewPseudoParameter	pseudochecker/type.go	176	178	3	0	1	1	3	1	1	3	1	0	0	1	1	3	0	0	0	1	0	0	1	0	0
pseudochecker.NewPseudoTypeSingleCallSignature	pseudochecker/type.go	189	196	8	0	1	1	8	1	1	8	1	0	0	1	1	8	0	0	0	1	0	0	1	0	0
pseudochecker.PseudoType.AsPseudoTypeSingleCallSignature	pseudochecker/type.go	198	200	3	0	1	1	3	1	1	3	1	0	0	1	1	3	0	0	0	1	0	0	1	0	0
pseudochecker.NewPseudoTypeTuple	pseudochecker/type.go	208	212	5	0	1	0	0	1	1	5	1	0	0	1	1	5	0	0	0	1	0	0	1	1	5
pseudochecker.PseudoType.AsPseudoTypeTuple	pseudochecker/type.go	214	216	3	0	1	0	0	1	1	3	1	0	0	1	1	3	0	0	0	1	0	0	1	1	3
pseudochecker.PseudoObjectElement.AsPseudoObjectElement	pseudochecker/type.go	225	225	1	0	1	1	1	1	1	1	1	0	0	1	1	1	0	0	0	1	0	0	1	1	1
pseudochecker.PseudoObjectElement.Signature	pseudochecker/type.go	227	238	12	0	5	2	4	5	4	8	5	0	0	5	4	8	0	0	0	5	0	0	5	0	0
pseudochecker.newPseudoObjectElement	pseudochecker/type.go	253	260	8	0	6	6	8	6	6	8	6	0	0	6	6	8	0	0	0	6	0	0	6	6	8
pseudochecker.NewPseudoObjectMethod	pseudochecker/type.go	270	277	8	0	1	1	8	1	1	8	1	0	0	1	1	8	0	0	0	1	0	0	1	0	0
pseudochecker.PseudoObjectElement.AsPseudoObjectMethod	pseudochecker/type.go	279	281	3	0	1	1	3	1	1	3	1	0	0	1	1	3	0	0	0	1	0	0	1	0	0
pseudochecker.NewPseudoPropertyAssignment	pseudochecker/type.go	289	294	6	0	1	1	6	1	1	6	1	0	0	1	1	6	0	0	0	1	0	0	1	1	6
pseudochecker.PseudoObjectElement.AsPseudoPropertyAssignment	pseudochecker/type.go	296	298	3	0	1	1	3	1	1	3	1	0	0	1	1	3	0	0	0	1	0	0	1	1	3
pseudochecker.NewPseudoSetAccessor	pseudochecker/type.go	306	311	6	0	1	0	0	1	1	6	1	0	0	1	1	6	0	0	0	1	0	0	1	0	0
pseudochecker.PseudoObjectElement.AsPseudoSetAccessor	pseudochecker/type.go	313	315	3	0	1	0	0	1	1	3	1	0	0	1	1	3	0	0	0	1	0	0	1	0	0
pseudochecker.NewPseudoGetAccessor	pseudochecker/type.go	323	328	6	0	1	0	0	1	1	6	1	0	0	1	1	6	0	0	0	1	0	0	1	0	0
pseudochecker.PseudoObjectElement.AsPseudoGetAccessor	pseudochecker/type.go	330	332	3	0	1	0	0	1	1	3	1	0	0	1	1	3	0	0	0	1	0	0	1	0	0
pseudochecker.NewPseudoTypeObjectLiteral	pseudochecker/type.go	340	344	5	0	1	1	5	1	1	5	1	0	0	1	1	5	0	0	0	1	0	0	1	1	5
pseudochecker.PseudoType.AsPseudoTypeObjectLiteral	pseudochecker/type.go	346	348	3	0	1	1	3	1	1	3	1	0	0	1	1	3	0	0	0	1	0	0	1	1	3
pseudochecker.NewPseudoTypeStringLiteral	pseudochecker/type.go	356	360	5	0	1	1	5	1	1	5	1	0	0	1	1	5	0	0	0	1	0	0	1	1	5
pseudochecker.NewPseudoTypeNumericLiteral	pseudochecker/type.go	362	366	5	0	1	1	5	1	1	5	1	0	0	1	1	5	0	0	0	1	0	0	1	1	5
pseudochecker.NewPseudoTypeBigIntLiteral	pseudochecker/type.go	368	372	5	0	1	0	0	1	1	5	1	0	0	1	1	5	0	0	0	1	0	0	1	0	0
pseudochecker.PseudoType.AsPseudoTypeLiteral	pseudochecker/type.go	374	376	3	0	1	1	3	1	1	3	1	0	0	1	1	3	0	0	0	1	0	0	1	1	3
