// Generated from internal/stringutil/js_case_generated.go of typescript-go 89d5d5b (Unicode 15.1.0). Do not edit.
use crate::stringutil::util::unicode::{Range16, Range32, RangeTable};

#[derive(Clone, Copy, PartialEq, Eq)]
pub(crate) enum SpecialCasingCondition {
    None,
    FinalSigma,
}

// One value of upstream's specialCasingMappings: each mapping is up to three runes, a zero ends it.
#[derive(Clone, Copy)]
pub(crate) struct SpecialCasingMapping {
    pub(crate) lower: [u32; 3],
    pub(crate) upper: [u32; 3],
    pub(crate) conditional_lower: [u32; 3],
    pub(crate) condition: SpecialCasingCondition,
}

// A mapping of more than one rune is stored as this number plus its index in SPECIAL_CASING_SEQUENCES.
const SEQUENCE_BASE: u32 = 0x110000;

fn special_casing_sequence(code: u32) -> [u32; 3] {
    match code.checked_sub(SEQUENCE_BASE) {
        Some(index) => SPECIAL_CASING_SEQUENCES
            .get(index as usize)
            .copied()
            .unwrap_or([code, 0, 0]),
        None => [code, 0, 0],
    }
}

// `specialCasingMappings[r]` of upstream: None when the rune has no entry.
pub(crate) fn special_casing_mappings(r: u32) -> Option<SpecialCasingMapping> {
    let index = SPECIAL_CASING_MAPPINGS
        .binary_search_by(|row| row[0].cmp(&r))
        .ok()?;
    let row = SPECIAL_CASING_MAPPINGS.get(index)?;
    let conditional = SPECIAL_CASING_CONDITIONAL_LOWER
        .iter()
        .find(|entry| entry[0] == r);
    Some(SpecialCasingMapping {
        lower: special_casing_sequence(row[1]),
        upper: special_casing_sequence(row[2]),
        conditional_lower: match conditional {
            Some(entry) => special_casing_sequence(entry[1]),
            None => [0, 0, 0],
        },
        condition: match conditional {
            Some(_) => SpecialCasingCondition::FinalSigma,
            None => SpecialCasingCondition::None,
        },
    })
}

// The runes of upstream's specialCasingMappings in order, each with its lower and its upper mapping.
static SPECIAL_CASING_MAPPINGS: [[u32; 3]; 2927] = [
    [0x41, 0x61, 0x41],
    [0x42, 0x62, 0x42],
    [0x43, 0x63, 0x43],
    [0x44, 0x64, 0x44],
    [0x45, 0x65, 0x45],
    [0x46, 0x66, 0x46],
    [0x47, 0x67, 0x47],
    [0x48, 0x68, 0x48],
    [0x49, 0x69, 0x49],
    [0x4A, 0x6A, 0x4A],
    [0x4B, 0x6B, 0x4B],
    [0x4C, 0x6C, 0x4C],
    [0x4D, 0x6D, 0x4D],
    [0x4E, 0x6E, 0x4E],
    [0x4F, 0x6F, 0x4F],
    [0x50, 0x70, 0x50],
    [0x51, 0x71, 0x51],
    [0x52, 0x72, 0x52],
    [0x53, 0x73, 0x53],
    [0x54, 0x74, 0x54],
    [0x55, 0x75, 0x55],
    [0x56, 0x76, 0x56],
    [0x57, 0x77, 0x57],
    [0x58, 0x78, 0x58],
    [0x59, 0x79, 0x59],
    [0x5A, 0x7A, 0x5A],
    [0x61, 0x61, 0x41],
    [0x62, 0x62, 0x42],
    [0x63, 0x63, 0x43],
    [0x64, 0x64, 0x44],
    [0x65, 0x65, 0x45],
    [0x66, 0x66, 0x46],
    [0x67, 0x67, 0x47],
    [0x68, 0x68, 0x48],
    [0x69, 0x69, 0x49],
    [0x6A, 0x6A, 0x4A],
    [0x6B, 0x6B, 0x4B],
    [0x6C, 0x6C, 0x4C],
    [0x6D, 0x6D, 0x4D],
    [0x6E, 0x6E, 0x4E],
    [0x6F, 0x6F, 0x4F],
    [0x70, 0x70, 0x50],
    [0x71, 0x71, 0x51],
    [0x72, 0x72, 0x52],
    [0x73, 0x73, 0x53],
    [0x74, 0x74, 0x54],
    [0x75, 0x75, 0x55],
    [0x76, 0x76, 0x56],
    [0x77, 0x77, 0x57],
    [0x78, 0x78, 0x58],
    [0x79, 0x79, 0x59],
    [0x7A, 0x7A, 0x5A],
    [0xB5, 0xB5, 0x39C],
    [0xC0, 0xE0, 0xC0],
    [0xC1, 0xE1, 0xC1],
    [0xC2, 0xE2, 0xC2],
    [0xC3, 0xE3, 0xC3],
    [0xC4, 0xE4, 0xC4],
    [0xC5, 0xE5, 0xC5],
    [0xC6, 0xE6, 0xC6],
    [0xC7, 0xE7, 0xC7],
    [0xC8, 0xE8, 0xC8],
    [0xC9, 0xE9, 0xC9],
    [0xCA, 0xEA, 0xCA],
    [0xCB, 0xEB, 0xCB],
    [0xCC, 0xEC, 0xCC],
    [0xCD, 0xED, 0xCD],
    [0xCE, 0xEE, 0xCE],
    [0xCF, 0xEF, 0xCF],
    [0xD0, 0xF0, 0xD0],
    [0xD1, 0xF1, 0xD1],
    [0xD2, 0xF2, 0xD2],
    [0xD3, 0xF3, 0xD3],
    [0xD4, 0xF4, 0xD4],
    [0xD5, 0xF5, 0xD5],
    [0xD6, 0xF6, 0xD6],
    [0xD8, 0xF8, 0xD8],
    [0xD9, 0xF9, 0xD9],
    [0xDA, 0xFA, 0xDA],
    [0xDB, 0xFB, 0xDB],
    [0xDC, 0xFC, 0xDC],
    [0xDD, 0xFD, 0xDD],
    [0xDE, 0xFE, 0xDE],
    [0xDF, 0xDF, 0x110000],
    [0xE0, 0xE0, 0xC0],
    [0xE1, 0xE1, 0xC1],
    [0xE2, 0xE2, 0xC2],
    [0xE3, 0xE3, 0xC3],
    [0xE4, 0xE4, 0xC4],
    [0xE5, 0xE5, 0xC5],
    [0xE6, 0xE6, 0xC6],
    [0xE7, 0xE7, 0xC7],
    [0xE8, 0xE8, 0xC8],
    [0xE9, 0xE9, 0xC9],
    [0xEA, 0xEA, 0xCA],
    [0xEB, 0xEB, 0xCB],
    [0xEC, 0xEC, 0xCC],
    [0xED, 0xED, 0xCD],
    [0xEE, 0xEE, 0xCE],
    [0xEF, 0xEF, 0xCF],
    [0xF0, 0xF0, 0xD0],
    [0xF1, 0xF1, 0xD1],
    [0xF2, 0xF2, 0xD2],
    [0xF3, 0xF3, 0xD3],
    [0xF4, 0xF4, 0xD4],
    [0xF5, 0xF5, 0xD5],
    [0xF6, 0xF6, 0xD6],
    [0xF8, 0xF8, 0xD8],
    [0xF9, 0xF9, 0xD9],
    [0xFA, 0xFA, 0xDA],
    [0xFB, 0xFB, 0xDB],
    [0xFC, 0xFC, 0xDC],
    [0xFD, 0xFD, 0xDD],
    [0xFE, 0xFE, 0xDE],
    [0xFF, 0xFF, 0x178],
    [0x100, 0x101, 0x100],
    [0x101, 0x101, 0x100],
    [0x102, 0x103, 0x102],
    [0x103, 0x103, 0x102],
    [0x104, 0x105, 0x104],
    [0x105, 0x105, 0x104],
    [0x106, 0x107, 0x106],
    [0x107, 0x107, 0x106],
    [0x108, 0x109, 0x108],
    [0x109, 0x109, 0x108],
    [0x10A, 0x10B, 0x10A],
    [0x10B, 0x10B, 0x10A],
    [0x10C, 0x10D, 0x10C],
    [0x10D, 0x10D, 0x10C],
    [0x10E, 0x10F, 0x10E],
    [0x10F, 0x10F, 0x10E],
    [0x110, 0x111, 0x110],
    [0x111, 0x111, 0x110],
    [0x112, 0x113, 0x112],
    [0x113, 0x113, 0x112],
    [0x114, 0x115, 0x114],
    [0x115, 0x115, 0x114],
    [0x116, 0x117, 0x116],
    [0x117, 0x117, 0x116],
    [0x118, 0x119, 0x118],
    [0x119, 0x119, 0x118],
    [0x11A, 0x11B, 0x11A],
    [0x11B, 0x11B, 0x11A],
    [0x11C, 0x11D, 0x11C],
    [0x11D, 0x11D, 0x11C],
    [0x11E, 0x11F, 0x11E],
    [0x11F, 0x11F, 0x11E],
    [0x120, 0x121, 0x120],
    [0x121, 0x121, 0x120],
    [0x122, 0x123, 0x122],
    [0x123, 0x123, 0x122],
    [0x124, 0x125, 0x124],
    [0x125, 0x125, 0x124],
    [0x126, 0x127, 0x126],
    [0x127, 0x127, 0x126],
    [0x128, 0x129, 0x128],
    [0x129, 0x129, 0x128],
    [0x12A, 0x12B, 0x12A],
    [0x12B, 0x12B, 0x12A],
    [0x12C, 0x12D, 0x12C],
    [0x12D, 0x12D, 0x12C],
    [0x12E, 0x12F, 0x12E],
    [0x12F, 0x12F, 0x12E],
    [0x130, 0x110001, 0x130],
    [0x131, 0x131, 0x49],
    [0x132, 0x133, 0x132],
    [0x133, 0x133, 0x132],
    [0x134, 0x135, 0x134],
    [0x135, 0x135, 0x134],
    [0x136, 0x137, 0x136],
    [0x137, 0x137, 0x136],
    [0x139, 0x13A, 0x139],
    [0x13A, 0x13A, 0x139],
    [0x13B, 0x13C, 0x13B],
    [0x13C, 0x13C, 0x13B],
    [0x13D, 0x13E, 0x13D],
    [0x13E, 0x13E, 0x13D],
    [0x13F, 0x140, 0x13F],
    [0x140, 0x140, 0x13F],
    [0x141, 0x142, 0x141],
    [0x142, 0x142, 0x141],
    [0x143, 0x144, 0x143],
    [0x144, 0x144, 0x143],
    [0x145, 0x146, 0x145],
    [0x146, 0x146, 0x145],
    [0x147, 0x148, 0x147],
    [0x148, 0x148, 0x147],
    [0x149, 0x149, 0x110002],
    [0x14A, 0x14B, 0x14A],
    [0x14B, 0x14B, 0x14A],
    [0x14C, 0x14D, 0x14C],
    [0x14D, 0x14D, 0x14C],
    [0x14E, 0x14F, 0x14E],
    [0x14F, 0x14F, 0x14E],
    [0x150, 0x151, 0x150],
    [0x151, 0x151, 0x150],
    [0x152, 0x153, 0x152],
    [0x153, 0x153, 0x152],
    [0x154, 0x155, 0x154],
    [0x155, 0x155, 0x154],
    [0x156, 0x157, 0x156],
    [0x157, 0x157, 0x156],
    [0x158, 0x159, 0x158],
    [0x159, 0x159, 0x158],
    [0x15A, 0x15B, 0x15A],
    [0x15B, 0x15B, 0x15A],
    [0x15C, 0x15D, 0x15C],
    [0x15D, 0x15D, 0x15C],
    [0x15E, 0x15F, 0x15E],
    [0x15F, 0x15F, 0x15E],
    [0x160, 0x161, 0x160],
    [0x161, 0x161, 0x160],
    [0x162, 0x163, 0x162],
    [0x163, 0x163, 0x162],
    [0x164, 0x165, 0x164],
    [0x165, 0x165, 0x164],
    [0x166, 0x167, 0x166],
    [0x167, 0x167, 0x166],
    [0x168, 0x169, 0x168],
    [0x169, 0x169, 0x168],
    [0x16A, 0x16B, 0x16A],
    [0x16B, 0x16B, 0x16A],
    [0x16C, 0x16D, 0x16C],
    [0x16D, 0x16D, 0x16C],
    [0x16E, 0x16F, 0x16E],
    [0x16F, 0x16F, 0x16E],
    [0x170, 0x171, 0x170],
    [0x171, 0x171, 0x170],
    [0x172, 0x173, 0x172],
    [0x173, 0x173, 0x172],
    [0x174, 0x175, 0x174],
    [0x175, 0x175, 0x174],
    [0x176, 0x177, 0x176],
    [0x177, 0x177, 0x176],
    [0x178, 0xFF, 0x178],
    [0x179, 0x17A, 0x179],
    [0x17A, 0x17A, 0x179],
    [0x17B, 0x17C, 0x17B],
    [0x17C, 0x17C, 0x17B],
    [0x17D, 0x17E, 0x17D],
    [0x17E, 0x17E, 0x17D],
    [0x17F, 0x17F, 0x53],
    [0x180, 0x180, 0x243],
    [0x181, 0x253, 0x181],
    [0x182, 0x183, 0x182],
    [0x183, 0x183, 0x182],
    [0x184, 0x185, 0x184],
    [0x185, 0x185, 0x184],
    [0x186, 0x254, 0x186],
    [0x187, 0x188, 0x187],
    [0x188, 0x188, 0x187],
    [0x189, 0x256, 0x189],
    [0x18A, 0x257, 0x18A],
    [0x18B, 0x18C, 0x18B],
    [0x18C, 0x18C, 0x18B],
    [0x18E, 0x1DD, 0x18E],
    [0x18F, 0x259, 0x18F],
    [0x190, 0x25B, 0x190],
    [0x191, 0x192, 0x191],
    [0x192, 0x192, 0x191],
    [0x193, 0x260, 0x193],
    [0x194, 0x263, 0x194],
    [0x195, 0x195, 0x1F6],
    [0x196, 0x269, 0x196],
    [0x197, 0x268, 0x197],
    [0x198, 0x199, 0x198],
    [0x199, 0x199, 0x198],
    [0x19A, 0x19A, 0x23D],
    [0x19C, 0x26F, 0x19C],
    [0x19D, 0x272, 0x19D],
    [0x19E, 0x19E, 0x220],
    [0x19F, 0x275, 0x19F],
    [0x1A0, 0x1A1, 0x1A0],
    [0x1A1, 0x1A1, 0x1A0],
    [0x1A2, 0x1A3, 0x1A2],
    [0x1A3, 0x1A3, 0x1A2],
    [0x1A4, 0x1A5, 0x1A4],
    [0x1A5, 0x1A5, 0x1A4],
    [0x1A6, 0x280, 0x1A6],
    [0x1A7, 0x1A8, 0x1A7],
    [0x1A8, 0x1A8, 0x1A7],
    [0x1A9, 0x283, 0x1A9],
    [0x1AC, 0x1AD, 0x1AC],
    [0x1AD, 0x1AD, 0x1AC],
    [0x1AE, 0x288, 0x1AE],
    [0x1AF, 0x1B0, 0x1AF],
    [0x1B0, 0x1B0, 0x1AF],
    [0x1B1, 0x28A, 0x1B1],
    [0x1B2, 0x28B, 0x1B2],
    [0x1B3, 0x1B4, 0x1B3],
    [0x1B4, 0x1B4, 0x1B3],
    [0x1B5, 0x1B6, 0x1B5],
    [0x1B6, 0x1B6, 0x1B5],
    [0x1B7, 0x292, 0x1B7],
    [0x1B8, 0x1B9, 0x1B8],
    [0x1B9, 0x1B9, 0x1B8],
    [0x1BC, 0x1BD, 0x1BC],
    [0x1BD, 0x1BD, 0x1BC],
    [0x1BF, 0x1BF, 0x1F7],
    [0x1C4, 0x1C6, 0x1C4],
    [0x1C5, 0x1C6, 0x1C4],
    [0x1C6, 0x1C6, 0x1C4],
    [0x1C7, 0x1C9, 0x1C7],
    [0x1C8, 0x1C9, 0x1C7],
    [0x1C9, 0x1C9, 0x1C7],
    [0x1CA, 0x1CC, 0x1CA],
    [0x1CB, 0x1CC, 0x1CA],
    [0x1CC, 0x1CC, 0x1CA],
    [0x1CD, 0x1CE, 0x1CD],
    [0x1CE, 0x1CE, 0x1CD],
    [0x1CF, 0x1D0, 0x1CF],
    [0x1D0, 0x1D0, 0x1CF],
    [0x1D1, 0x1D2, 0x1D1],
    [0x1D2, 0x1D2, 0x1D1],
    [0x1D3, 0x1D4, 0x1D3],
    [0x1D4, 0x1D4, 0x1D3],
    [0x1D5, 0x1D6, 0x1D5],
    [0x1D6, 0x1D6, 0x1D5],
    [0x1D7, 0x1D8, 0x1D7],
    [0x1D8, 0x1D8, 0x1D7],
    [0x1D9, 0x1DA, 0x1D9],
    [0x1DA, 0x1DA, 0x1D9],
    [0x1DB, 0x1DC, 0x1DB],
    [0x1DC, 0x1DC, 0x1DB],
    [0x1DD, 0x1DD, 0x18E],
    [0x1DE, 0x1DF, 0x1DE],
    [0x1DF, 0x1DF, 0x1DE],
    [0x1E0, 0x1E1, 0x1E0],
    [0x1E1, 0x1E1, 0x1E0],
    [0x1E2, 0x1E3, 0x1E2],
    [0x1E3, 0x1E3, 0x1E2],
    [0x1E4, 0x1E5, 0x1E4],
    [0x1E5, 0x1E5, 0x1E4],
    [0x1E6, 0x1E7, 0x1E6],
    [0x1E7, 0x1E7, 0x1E6],
    [0x1E8, 0x1E9, 0x1E8],
    [0x1E9, 0x1E9, 0x1E8],
    [0x1EA, 0x1EB, 0x1EA],
    [0x1EB, 0x1EB, 0x1EA],
    [0x1EC, 0x1ED, 0x1EC],
    [0x1ED, 0x1ED, 0x1EC],
    [0x1EE, 0x1EF, 0x1EE],
    [0x1EF, 0x1EF, 0x1EE],
    [0x1F0, 0x1F0, 0x110003],
    [0x1F1, 0x1F3, 0x1F1],
    [0x1F2, 0x1F3, 0x1F1],
    [0x1F3, 0x1F3, 0x1F1],
    [0x1F4, 0x1F5, 0x1F4],
    [0x1F5, 0x1F5, 0x1F4],
    [0x1F6, 0x195, 0x1F6],
    [0x1F7, 0x1BF, 0x1F7],
    [0x1F8, 0x1F9, 0x1F8],
    [0x1F9, 0x1F9, 0x1F8],
    [0x1FA, 0x1FB, 0x1FA],
    [0x1FB, 0x1FB, 0x1FA],
    [0x1FC, 0x1FD, 0x1FC],
    [0x1FD, 0x1FD, 0x1FC],
    [0x1FE, 0x1FF, 0x1FE],
    [0x1FF, 0x1FF, 0x1FE],
    [0x200, 0x201, 0x200],
    [0x201, 0x201, 0x200],
    [0x202, 0x203, 0x202],
    [0x203, 0x203, 0x202],
    [0x204, 0x205, 0x204],
    [0x205, 0x205, 0x204],
    [0x206, 0x207, 0x206],
    [0x207, 0x207, 0x206],
    [0x208, 0x209, 0x208],
    [0x209, 0x209, 0x208],
    [0x20A, 0x20B, 0x20A],
    [0x20B, 0x20B, 0x20A],
    [0x20C, 0x20D, 0x20C],
    [0x20D, 0x20D, 0x20C],
    [0x20E, 0x20F, 0x20E],
    [0x20F, 0x20F, 0x20E],
    [0x210, 0x211, 0x210],
    [0x211, 0x211, 0x210],
    [0x212, 0x213, 0x212],
    [0x213, 0x213, 0x212],
    [0x214, 0x215, 0x214],
    [0x215, 0x215, 0x214],
    [0x216, 0x217, 0x216],
    [0x217, 0x217, 0x216],
    [0x218, 0x219, 0x218],
    [0x219, 0x219, 0x218],
    [0x21A, 0x21B, 0x21A],
    [0x21B, 0x21B, 0x21A],
    [0x21C, 0x21D, 0x21C],
    [0x21D, 0x21D, 0x21C],
    [0x21E, 0x21F, 0x21E],
    [0x21F, 0x21F, 0x21E],
    [0x220, 0x19E, 0x220],
    [0x222, 0x223, 0x222],
    [0x223, 0x223, 0x222],
    [0x224, 0x225, 0x224],
    [0x225, 0x225, 0x224],
    [0x226, 0x227, 0x226],
    [0x227, 0x227, 0x226],
    [0x228, 0x229, 0x228],
    [0x229, 0x229, 0x228],
    [0x22A, 0x22B, 0x22A],
    [0x22B, 0x22B, 0x22A],
    [0x22C, 0x22D, 0x22C],
    [0x22D, 0x22D, 0x22C],
    [0x22E, 0x22F, 0x22E],
    [0x22F, 0x22F, 0x22E],
    [0x230, 0x231, 0x230],
    [0x231, 0x231, 0x230],
    [0x232, 0x233, 0x232],
    [0x233, 0x233, 0x232],
    [0x23A, 0x2C65, 0x23A],
    [0x23B, 0x23C, 0x23B],
    [0x23C, 0x23C, 0x23B],
    [0x23D, 0x19A, 0x23D],
    [0x23E, 0x2C66, 0x23E],
    [0x23F, 0x23F, 0x2C7E],
    [0x240, 0x240, 0x2C7F],
    [0x241, 0x242, 0x241],
    [0x242, 0x242, 0x241],
    [0x243, 0x180, 0x243],
    [0x244, 0x289, 0x244],
    [0x245, 0x28C, 0x245],
    [0x246, 0x247, 0x246],
    [0x247, 0x247, 0x246],
    [0x248, 0x249, 0x248],
    [0x249, 0x249, 0x248],
    [0x24A, 0x24B, 0x24A],
    [0x24B, 0x24B, 0x24A],
    [0x24C, 0x24D, 0x24C],
    [0x24D, 0x24D, 0x24C],
    [0x24E, 0x24F, 0x24E],
    [0x24F, 0x24F, 0x24E],
    [0x250, 0x250, 0x2C6F],
    [0x251, 0x251, 0x2C6D],
    [0x252, 0x252, 0x2C70],
    [0x253, 0x253, 0x181],
    [0x254, 0x254, 0x186],
    [0x256, 0x256, 0x189],
    [0x257, 0x257, 0x18A],
    [0x259, 0x259, 0x18F],
    [0x25B, 0x25B, 0x190],
    [0x25C, 0x25C, 0xA7AB],
    [0x260, 0x260, 0x193],
    [0x261, 0x261, 0xA7AC],
    [0x263, 0x263, 0x194],
    [0x265, 0x265, 0xA78D],
    [0x266, 0x266, 0xA7AA],
    [0x268, 0x268, 0x197],
    [0x269, 0x269, 0x196],
    [0x26A, 0x26A, 0xA7AE],
    [0x26B, 0x26B, 0x2C62],
    [0x26C, 0x26C, 0xA7AD],
    [0x26F, 0x26F, 0x19C],
    [0x271, 0x271, 0x2C6E],
    [0x272, 0x272, 0x19D],
    [0x275, 0x275, 0x19F],
    [0x27D, 0x27D, 0x2C64],
    [0x280, 0x280, 0x1A6],
    [0x282, 0x282, 0xA7C5],
    [0x283, 0x283, 0x1A9],
    [0x287, 0x287, 0xA7B1],
    [0x288, 0x288, 0x1AE],
    [0x289, 0x289, 0x244],
    [0x28A, 0x28A, 0x1B1],
    [0x28B, 0x28B, 0x1B2],
    [0x28C, 0x28C, 0x245],
    [0x292, 0x292, 0x1B7],
    [0x29D, 0x29D, 0xA7B2],
    [0x29E, 0x29E, 0xA7B0],
    [0x345, 0x345, 0x399],
    [0x370, 0x371, 0x370],
    [0x371, 0x371, 0x370],
    [0x372, 0x373, 0x372],
    [0x373, 0x373, 0x372],
    [0x376, 0x377, 0x376],
    [0x377, 0x377, 0x376],
    [0x37B, 0x37B, 0x3FD],
    [0x37C, 0x37C, 0x3FE],
    [0x37D, 0x37D, 0x3FF],
    [0x37F, 0x3F3, 0x37F],
    [0x386, 0x3AC, 0x386],
    [0x388, 0x3AD, 0x388],
    [0x389, 0x3AE, 0x389],
    [0x38A, 0x3AF, 0x38A],
    [0x38C, 0x3CC, 0x38C],
    [0x38E, 0x3CD, 0x38E],
    [0x38F, 0x3CE, 0x38F],
    [0x390, 0x390, 0x110004],
    [0x391, 0x3B1, 0x391],
    [0x392, 0x3B2, 0x392],
    [0x393, 0x3B3, 0x393],
    [0x394, 0x3B4, 0x394],
    [0x395, 0x3B5, 0x395],
    [0x396, 0x3B6, 0x396],
    [0x397, 0x3B7, 0x397],
    [0x398, 0x3B8, 0x398],
    [0x399, 0x3B9, 0x399],
    [0x39A, 0x3BA, 0x39A],
    [0x39B, 0x3BB, 0x39B],
    [0x39C, 0x3BC, 0x39C],
    [0x39D, 0x3BD, 0x39D],
    [0x39E, 0x3BE, 0x39E],
    [0x39F, 0x3BF, 0x39F],
    [0x3A0, 0x3C0, 0x3A0],
    [0x3A1, 0x3C1, 0x3A1],
    [0x3A3, 0x3C3, 0x3A3],
    [0x3A4, 0x3C4, 0x3A4],
    [0x3A5, 0x3C5, 0x3A5],
    [0x3A6, 0x3C6, 0x3A6],
    [0x3A7, 0x3C7, 0x3A7],
    [0x3A8, 0x3C8, 0x3A8],
    [0x3A9, 0x3C9, 0x3A9],
    [0x3AA, 0x3CA, 0x3AA],
    [0x3AB, 0x3CB, 0x3AB],
    [0x3AC, 0x3AC, 0x386],
    [0x3AD, 0x3AD, 0x388],
    [0x3AE, 0x3AE, 0x389],
    [0x3AF, 0x3AF, 0x38A],
    [0x3B0, 0x3B0, 0x110005],
    [0x3B1, 0x3B1, 0x391],
    [0x3B2, 0x3B2, 0x392],
    [0x3B3, 0x3B3, 0x393],
    [0x3B4, 0x3B4, 0x394],
    [0x3B5, 0x3B5, 0x395],
    [0x3B6, 0x3B6, 0x396],
    [0x3B7, 0x3B7, 0x397],
    [0x3B8, 0x3B8, 0x398],
    [0x3B9, 0x3B9, 0x399],
    [0x3BA, 0x3BA, 0x39A],
    [0x3BB, 0x3BB, 0x39B],
    [0x3BC, 0x3BC, 0x39C],
    [0x3BD, 0x3BD, 0x39D],
    [0x3BE, 0x3BE, 0x39E],
    [0x3BF, 0x3BF, 0x39F],
    [0x3C0, 0x3C0, 0x3A0],
    [0x3C1, 0x3C1, 0x3A1],
    [0x3C2, 0x3C2, 0x3A3],
    [0x3C3, 0x3C3, 0x3A3],
    [0x3C4, 0x3C4, 0x3A4],
    [0x3C5, 0x3C5, 0x3A5],
    [0x3C6, 0x3C6, 0x3A6],
    [0x3C7, 0x3C7, 0x3A7],
    [0x3C8, 0x3C8, 0x3A8],
    [0x3C9, 0x3C9, 0x3A9],
    [0x3CA, 0x3CA, 0x3AA],
    [0x3CB, 0x3CB, 0x3AB],
    [0x3CC, 0x3CC, 0x38C],
    [0x3CD, 0x3CD, 0x38E],
    [0x3CE, 0x3CE, 0x38F],
    [0x3CF, 0x3D7, 0x3CF],
    [0x3D0, 0x3D0, 0x392],
    [0x3D1, 0x3D1, 0x398],
    [0x3D5, 0x3D5, 0x3A6],
    [0x3D6, 0x3D6, 0x3A0],
    [0x3D7, 0x3D7, 0x3CF],
    [0x3D8, 0x3D9, 0x3D8],
    [0x3D9, 0x3D9, 0x3D8],
    [0x3DA, 0x3DB, 0x3DA],
    [0x3DB, 0x3DB, 0x3DA],
    [0x3DC, 0x3DD, 0x3DC],
    [0x3DD, 0x3DD, 0x3DC],
    [0x3DE, 0x3DF, 0x3DE],
    [0x3DF, 0x3DF, 0x3DE],
    [0x3E0, 0x3E1, 0x3E0],
    [0x3E1, 0x3E1, 0x3E0],
    [0x3E2, 0x3E3, 0x3E2],
    [0x3E3, 0x3E3, 0x3E2],
    [0x3E4, 0x3E5, 0x3E4],
    [0x3E5, 0x3E5, 0x3E4],
    [0x3E6, 0x3E7, 0x3E6],
    [0x3E7, 0x3E7, 0x3E6],
    [0x3E8, 0x3E9, 0x3E8],
    [0x3E9, 0x3E9, 0x3E8],
    [0x3EA, 0x3EB, 0x3EA],
    [0x3EB, 0x3EB, 0x3EA],
    [0x3EC, 0x3ED, 0x3EC],
    [0x3ED, 0x3ED, 0x3EC],
    [0x3EE, 0x3EF, 0x3EE],
    [0x3EF, 0x3EF, 0x3EE],
    [0x3F0, 0x3F0, 0x39A],
    [0x3F1, 0x3F1, 0x3A1],
    [0x3F2, 0x3F2, 0x3F9],
    [0x3F3, 0x3F3, 0x37F],
    [0x3F4, 0x3B8, 0x3F4],
    [0x3F5, 0x3F5, 0x395],
    [0x3F7, 0x3F8, 0x3F7],
    [0x3F8, 0x3F8, 0x3F7],
    [0x3F9, 0x3F2, 0x3F9],
    [0x3FA, 0x3FB, 0x3FA],
    [0x3FB, 0x3FB, 0x3FA],
    [0x3FD, 0x37B, 0x3FD],
    [0x3FE, 0x37C, 0x3FE],
    [0x3FF, 0x37D, 0x3FF],
    [0x400, 0x450, 0x400],
    [0x401, 0x451, 0x401],
    [0x402, 0x452, 0x402],
    [0x403, 0x453, 0x403],
    [0x404, 0x454, 0x404],
    [0x405, 0x455, 0x405],
    [0x406, 0x456, 0x406],
    [0x407, 0x457, 0x407],
    [0x408, 0x458, 0x408],
    [0x409, 0x459, 0x409],
    [0x40A, 0x45A, 0x40A],
    [0x40B, 0x45B, 0x40B],
    [0x40C, 0x45C, 0x40C],
    [0x40D, 0x45D, 0x40D],
    [0x40E, 0x45E, 0x40E],
    [0x40F, 0x45F, 0x40F],
    [0x410, 0x430, 0x410],
    [0x411, 0x431, 0x411],
    [0x412, 0x432, 0x412],
    [0x413, 0x433, 0x413],
    [0x414, 0x434, 0x414],
    [0x415, 0x435, 0x415],
    [0x416, 0x436, 0x416],
    [0x417, 0x437, 0x417],
    [0x418, 0x438, 0x418],
    [0x419, 0x439, 0x419],
    [0x41A, 0x43A, 0x41A],
    [0x41B, 0x43B, 0x41B],
    [0x41C, 0x43C, 0x41C],
    [0x41D, 0x43D, 0x41D],
    [0x41E, 0x43E, 0x41E],
    [0x41F, 0x43F, 0x41F],
    [0x420, 0x440, 0x420],
    [0x421, 0x441, 0x421],
    [0x422, 0x442, 0x422],
    [0x423, 0x443, 0x423],
    [0x424, 0x444, 0x424],
    [0x425, 0x445, 0x425],
    [0x426, 0x446, 0x426],
    [0x427, 0x447, 0x427],
    [0x428, 0x448, 0x428],
    [0x429, 0x449, 0x429],
    [0x42A, 0x44A, 0x42A],
    [0x42B, 0x44B, 0x42B],
    [0x42C, 0x44C, 0x42C],
    [0x42D, 0x44D, 0x42D],
    [0x42E, 0x44E, 0x42E],
    [0x42F, 0x44F, 0x42F],
    [0x430, 0x430, 0x410],
    [0x431, 0x431, 0x411],
    [0x432, 0x432, 0x412],
    [0x433, 0x433, 0x413],
    [0x434, 0x434, 0x414],
    [0x435, 0x435, 0x415],
    [0x436, 0x436, 0x416],
    [0x437, 0x437, 0x417],
    [0x438, 0x438, 0x418],
    [0x439, 0x439, 0x419],
    [0x43A, 0x43A, 0x41A],
    [0x43B, 0x43B, 0x41B],
    [0x43C, 0x43C, 0x41C],
    [0x43D, 0x43D, 0x41D],
    [0x43E, 0x43E, 0x41E],
    [0x43F, 0x43F, 0x41F],
    [0x440, 0x440, 0x420],
    [0x441, 0x441, 0x421],
    [0x442, 0x442, 0x422],
    [0x443, 0x443, 0x423],
    [0x444, 0x444, 0x424],
    [0x445, 0x445, 0x425],
    [0x446, 0x446, 0x426],
    [0x447, 0x447, 0x427],
    [0x448, 0x448, 0x428],
    [0x449, 0x449, 0x429],
    [0x44A, 0x44A, 0x42A],
    [0x44B, 0x44B, 0x42B],
    [0x44C, 0x44C, 0x42C],
    [0x44D, 0x44D, 0x42D],
    [0x44E, 0x44E, 0x42E],
    [0x44F, 0x44F, 0x42F],
    [0x450, 0x450, 0x400],
    [0x451, 0x451, 0x401],
    [0x452, 0x452, 0x402],
    [0x453, 0x453, 0x403],
    [0x454, 0x454, 0x404],
    [0x455, 0x455, 0x405],
    [0x456, 0x456, 0x406],
    [0x457, 0x457, 0x407],
    [0x458, 0x458, 0x408],
    [0x459, 0x459, 0x409],
    [0x45A, 0x45A, 0x40A],
    [0x45B, 0x45B, 0x40B],
    [0x45C, 0x45C, 0x40C],
    [0x45D, 0x45D, 0x40D],
    [0x45E, 0x45E, 0x40E],
    [0x45F, 0x45F, 0x40F],
    [0x460, 0x461, 0x460],
    [0x461, 0x461, 0x460],
    [0x462, 0x463, 0x462],
    [0x463, 0x463, 0x462],
    [0x464, 0x465, 0x464],
    [0x465, 0x465, 0x464],
    [0x466, 0x467, 0x466],
    [0x467, 0x467, 0x466],
    [0x468, 0x469, 0x468],
    [0x469, 0x469, 0x468],
    [0x46A, 0x46B, 0x46A],
    [0x46B, 0x46B, 0x46A],
    [0x46C, 0x46D, 0x46C],
    [0x46D, 0x46D, 0x46C],
    [0x46E, 0x46F, 0x46E],
    [0x46F, 0x46F, 0x46E],
    [0x470, 0x471, 0x470],
    [0x471, 0x471, 0x470],
    [0x472, 0x473, 0x472],
    [0x473, 0x473, 0x472],
    [0x474, 0x475, 0x474],
    [0x475, 0x475, 0x474],
    [0x476, 0x477, 0x476],
    [0x477, 0x477, 0x476],
    [0x478, 0x479, 0x478],
    [0x479, 0x479, 0x478],
    [0x47A, 0x47B, 0x47A],
    [0x47B, 0x47B, 0x47A],
    [0x47C, 0x47D, 0x47C],
    [0x47D, 0x47D, 0x47C],
    [0x47E, 0x47F, 0x47E],
    [0x47F, 0x47F, 0x47E],
    [0x480, 0x481, 0x480],
    [0x481, 0x481, 0x480],
    [0x48A, 0x48B, 0x48A],
    [0x48B, 0x48B, 0x48A],
    [0x48C, 0x48D, 0x48C],
    [0x48D, 0x48D, 0x48C],
    [0x48E, 0x48F, 0x48E],
    [0x48F, 0x48F, 0x48E],
    [0x490, 0x491, 0x490],
    [0x491, 0x491, 0x490],
    [0x492, 0x493, 0x492],
    [0x493, 0x493, 0x492],
    [0x494, 0x495, 0x494],
    [0x495, 0x495, 0x494],
    [0x496, 0x497, 0x496],
    [0x497, 0x497, 0x496],
    [0x498, 0x499, 0x498],
    [0x499, 0x499, 0x498],
    [0x49A, 0x49B, 0x49A],
    [0x49B, 0x49B, 0x49A],
    [0x49C, 0x49D, 0x49C],
    [0x49D, 0x49D, 0x49C],
    [0x49E, 0x49F, 0x49E],
    [0x49F, 0x49F, 0x49E],
    [0x4A0, 0x4A1, 0x4A0],
    [0x4A1, 0x4A1, 0x4A0],
    [0x4A2, 0x4A3, 0x4A2],
    [0x4A3, 0x4A3, 0x4A2],
    [0x4A4, 0x4A5, 0x4A4],
    [0x4A5, 0x4A5, 0x4A4],
    [0x4A6, 0x4A7, 0x4A6],
    [0x4A7, 0x4A7, 0x4A6],
    [0x4A8, 0x4A9, 0x4A8],
    [0x4A9, 0x4A9, 0x4A8],
    [0x4AA, 0x4AB, 0x4AA],
    [0x4AB, 0x4AB, 0x4AA],
    [0x4AC, 0x4AD, 0x4AC],
    [0x4AD, 0x4AD, 0x4AC],
    [0x4AE, 0x4AF, 0x4AE],
    [0x4AF, 0x4AF, 0x4AE],
    [0x4B0, 0x4B1, 0x4B0],
    [0x4B1, 0x4B1, 0x4B0],
    [0x4B2, 0x4B3, 0x4B2],
    [0x4B3, 0x4B3, 0x4B2],
    [0x4B4, 0x4B5, 0x4B4],
    [0x4B5, 0x4B5, 0x4B4],
    [0x4B6, 0x4B7, 0x4B6],
    [0x4B7, 0x4B7, 0x4B6],
    [0x4B8, 0x4B9, 0x4B8],
    [0x4B9, 0x4B9, 0x4B8],
    [0x4BA, 0x4BB, 0x4BA],
    [0x4BB, 0x4BB, 0x4BA],
    [0x4BC, 0x4BD, 0x4BC],
    [0x4BD, 0x4BD, 0x4BC],
    [0x4BE, 0x4BF, 0x4BE],
    [0x4BF, 0x4BF, 0x4BE],
    [0x4C0, 0x4CF, 0x4C0],
    [0x4C1, 0x4C2, 0x4C1],
    [0x4C2, 0x4C2, 0x4C1],
    [0x4C3, 0x4C4, 0x4C3],
    [0x4C4, 0x4C4, 0x4C3],
    [0x4C5, 0x4C6, 0x4C5],
    [0x4C6, 0x4C6, 0x4C5],
    [0x4C7, 0x4C8, 0x4C7],
    [0x4C8, 0x4C8, 0x4C7],
    [0x4C9, 0x4CA, 0x4C9],
    [0x4CA, 0x4CA, 0x4C9],
    [0x4CB, 0x4CC, 0x4CB],
    [0x4CC, 0x4CC, 0x4CB],
    [0x4CD, 0x4CE, 0x4CD],
    [0x4CE, 0x4CE, 0x4CD],
    [0x4CF, 0x4CF, 0x4C0],
    [0x4D0, 0x4D1, 0x4D0],
    [0x4D1, 0x4D1, 0x4D0],
    [0x4D2, 0x4D3, 0x4D2],
    [0x4D3, 0x4D3, 0x4D2],
    [0x4D4, 0x4D5, 0x4D4],
    [0x4D5, 0x4D5, 0x4D4],
    [0x4D6, 0x4D7, 0x4D6],
    [0x4D7, 0x4D7, 0x4D6],
    [0x4D8, 0x4D9, 0x4D8],
    [0x4D9, 0x4D9, 0x4D8],
    [0x4DA, 0x4DB, 0x4DA],
    [0x4DB, 0x4DB, 0x4DA],
    [0x4DC, 0x4DD, 0x4DC],
    [0x4DD, 0x4DD, 0x4DC],
    [0x4DE, 0x4DF, 0x4DE],
    [0x4DF, 0x4DF, 0x4DE],
    [0x4E0, 0x4E1, 0x4E0],
    [0x4E1, 0x4E1, 0x4E0],
    [0x4E2, 0x4E3, 0x4E2],
    [0x4E3, 0x4E3, 0x4E2],
    [0x4E4, 0x4E5, 0x4E4],
    [0x4E5, 0x4E5, 0x4E4],
    [0x4E6, 0x4E7, 0x4E6],
    [0x4E7, 0x4E7, 0x4E6],
    [0x4E8, 0x4E9, 0x4E8],
    [0x4E9, 0x4E9, 0x4E8],
    [0x4EA, 0x4EB, 0x4EA],
    [0x4EB, 0x4EB, 0x4EA],
    [0x4EC, 0x4ED, 0x4EC],
    [0x4ED, 0x4ED, 0x4EC],
    [0x4EE, 0x4EF, 0x4EE],
    [0x4EF, 0x4EF, 0x4EE],
    [0x4F0, 0x4F1, 0x4F0],
    [0x4F1, 0x4F1, 0x4F0],
    [0x4F2, 0x4F3, 0x4F2],
    [0x4F3, 0x4F3, 0x4F2],
    [0x4F4, 0x4F5, 0x4F4],
    [0x4F5, 0x4F5, 0x4F4],
    [0x4F6, 0x4F7, 0x4F6],
    [0x4F7, 0x4F7, 0x4F6],
    [0x4F8, 0x4F9, 0x4F8],
    [0x4F9, 0x4F9, 0x4F8],
    [0x4FA, 0x4FB, 0x4FA],
    [0x4FB, 0x4FB, 0x4FA],
    [0x4FC, 0x4FD, 0x4FC],
    [0x4FD, 0x4FD, 0x4FC],
    [0x4FE, 0x4FF, 0x4FE],
    [0x4FF, 0x4FF, 0x4FE],
    [0x500, 0x501, 0x500],
    [0x501, 0x501, 0x500],
    [0x502, 0x503, 0x502],
    [0x503, 0x503, 0x502],
    [0x504, 0x505, 0x504],
    [0x505, 0x505, 0x504],
    [0x506, 0x507, 0x506],
    [0x507, 0x507, 0x506],
    [0x508, 0x509, 0x508],
    [0x509, 0x509, 0x508],
    [0x50A, 0x50B, 0x50A],
    [0x50B, 0x50B, 0x50A],
    [0x50C, 0x50D, 0x50C],
    [0x50D, 0x50D, 0x50C],
    [0x50E, 0x50F, 0x50E],
    [0x50F, 0x50F, 0x50E],
    [0x510, 0x511, 0x510],
    [0x511, 0x511, 0x510],
    [0x512, 0x513, 0x512],
    [0x513, 0x513, 0x512],
    [0x514, 0x515, 0x514],
    [0x515, 0x515, 0x514],
    [0x516, 0x517, 0x516],
    [0x517, 0x517, 0x516],
    [0x518, 0x519, 0x518],
    [0x519, 0x519, 0x518],
    [0x51A, 0x51B, 0x51A],
    [0x51B, 0x51B, 0x51A],
    [0x51C, 0x51D, 0x51C],
    [0x51D, 0x51D, 0x51C],
    [0x51E, 0x51F, 0x51E],
    [0x51F, 0x51F, 0x51E],
    [0x520, 0x521, 0x520],
    [0x521, 0x521, 0x520],
    [0x522, 0x523, 0x522],
    [0x523, 0x523, 0x522],
    [0x524, 0x525, 0x524],
    [0x525, 0x525, 0x524],
    [0x526, 0x527, 0x526],
    [0x527, 0x527, 0x526],
    [0x528, 0x529, 0x528],
    [0x529, 0x529, 0x528],
    [0x52A, 0x52B, 0x52A],
    [0x52B, 0x52B, 0x52A],
    [0x52C, 0x52D, 0x52C],
    [0x52D, 0x52D, 0x52C],
    [0x52E, 0x52F, 0x52E],
    [0x52F, 0x52F, 0x52E],
    [0x531, 0x561, 0x531],
    [0x532, 0x562, 0x532],
    [0x533, 0x563, 0x533],
    [0x534, 0x564, 0x534],
    [0x535, 0x565, 0x535],
    [0x536, 0x566, 0x536],
    [0x537, 0x567, 0x537],
    [0x538, 0x568, 0x538],
    [0x539, 0x569, 0x539],
    [0x53A, 0x56A, 0x53A],
    [0x53B, 0x56B, 0x53B],
    [0x53C, 0x56C, 0x53C],
    [0x53D, 0x56D, 0x53D],
    [0x53E, 0x56E, 0x53E],
    [0x53F, 0x56F, 0x53F],
    [0x540, 0x570, 0x540],
    [0x541, 0x571, 0x541],
    [0x542, 0x572, 0x542],
    [0x543, 0x573, 0x543],
    [0x544, 0x574, 0x544],
    [0x545, 0x575, 0x545],
    [0x546, 0x576, 0x546],
    [0x547, 0x577, 0x547],
    [0x548, 0x578, 0x548],
    [0x549, 0x579, 0x549],
    [0x54A, 0x57A, 0x54A],
    [0x54B, 0x57B, 0x54B],
    [0x54C, 0x57C, 0x54C],
    [0x54D, 0x57D, 0x54D],
    [0x54E, 0x57E, 0x54E],
    [0x54F, 0x57F, 0x54F],
    [0x550, 0x580, 0x550],
    [0x551, 0x581, 0x551],
    [0x552, 0x582, 0x552],
    [0x553, 0x583, 0x553],
    [0x554, 0x584, 0x554],
    [0x555, 0x585, 0x555],
    [0x556, 0x586, 0x556],
    [0x561, 0x561, 0x531],
    [0x562, 0x562, 0x532],
    [0x563, 0x563, 0x533],
    [0x564, 0x564, 0x534],
    [0x565, 0x565, 0x535],
    [0x566, 0x566, 0x536],
    [0x567, 0x567, 0x537],
    [0x568, 0x568, 0x538],
    [0x569, 0x569, 0x539],
    [0x56A, 0x56A, 0x53A],
    [0x56B, 0x56B, 0x53B],
    [0x56C, 0x56C, 0x53C],
    [0x56D, 0x56D, 0x53D],
    [0x56E, 0x56E, 0x53E],
    [0x56F, 0x56F, 0x53F],
    [0x570, 0x570, 0x540],
    [0x571, 0x571, 0x541],
    [0x572, 0x572, 0x542],
    [0x573, 0x573, 0x543],
    [0x574, 0x574, 0x544],
    [0x575, 0x575, 0x545],
    [0x576, 0x576, 0x546],
    [0x577, 0x577, 0x547],
    [0x578, 0x578, 0x548],
    [0x579, 0x579, 0x549],
    [0x57A, 0x57A, 0x54A],
    [0x57B, 0x57B, 0x54B],
    [0x57C, 0x57C, 0x54C],
    [0x57D, 0x57D, 0x54D],
    [0x57E, 0x57E, 0x54E],
    [0x57F, 0x57F, 0x54F],
    [0x580, 0x580, 0x550],
    [0x581, 0x581, 0x551],
    [0x582, 0x582, 0x552],
    [0x583, 0x583, 0x553],
    [0x584, 0x584, 0x554],
    [0x585, 0x585, 0x555],
    [0x586, 0x586, 0x556],
    [0x587, 0x587, 0x110006],
    [0x10A0, 0x2D00, 0x10A0],
    [0x10A1, 0x2D01, 0x10A1],
    [0x10A2, 0x2D02, 0x10A2],
    [0x10A3, 0x2D03, 0x10A3],
    [0x10A4, 0x2D04, 0x10A4],
    [0x10A5, 0x2D05, 0x10A5],
    [0x10A6, 0x2D06, 0x10A6],
    [0x10A7, 0x2D07, 0x10A7],
    [0x10A8, 0x2D08, 0x10A8],
    [0x10A9, 0x2D09, 0x10A9],
    [0x10AA, 0x2D0A, 0x10AA],
    [0x10AB, 0x2D0B, 0x10AB],
    [0x10AC, 0x2D0C, 0x10AC],
    [0x10AD, 0x2D0D, 0x10AD],
    [0x10AE, 0x2D0E, 0x10AE],
    [0x10AF, 0x2D0F, 0x10AF],
    [0x10B0, 0x2D10, 0x10B0],
    [0x10B1, 0x2D11, 0x10B1],
    [0x10B2, 0x2D12, 0x10B2],
    [0x10B3, 0x2D13, 0x10B3],
    [0x10B4, 0x2D14, 0x10B4],
    [0x10B5, 0x2D15, 0x10B5],
    [0x10B6, 0x2D16, 0x10B6],
    [0x10B7, 0x2D17, 0x10B7],
    [0x10B8, 0x2D18, 0x10B8],
    [0x10B9, 0x2D19, 0x10B9],
    [0x10BA, 0x2D1A, 0x10BA],
    [0x10BB, 0x2D1B, 0x10BB],
    [0x10BC, 0x2D1C, 0x10BC],
    [0x10BD, 0x2D1D, 0x10BD],
    [0x10BE, 0x2D1E, 0x10BE],
    [0x10BF, 0x2D1F, 0x10BF],
    [0x10C0, 0x2D20, 0x10C0],
    [0x10C1, 0x2D21, 0x10C1],
    [0x10C2, 0x2D22, 0x10C2],
    [0x10C3, 0x2D23, 0x10C3],
    [0x10C4, 0x2D24, 0x10C4],
    [0x10C5, 0x2D25, 0x10C5],
    [0x10C7, 0x2D27, 0x10C7],
    [0x10CD, 0x2D2D, 0x10CD],
    [0x10D0, 0x10D0, 0x1C90],
    [0x10D1, 0x10D1, 0x1C91],
    [0x10D2, 0x10D2, 0x1C92],
    [0x10D3, 0x10D3, 0x1C93],
    [0x10D4, 0x10D4, 0x1C94],
    [0x10D5, 0x10D5, 0x1C95],
    [0x10D6, 0x10D6, 0x1C96],
    [0x10D7, 0x10D7, 0x1C97],
    [0x10D8, 0x10D8, 0x1C98],
    [0x10D9, 0x10D9, 0x1C99],
    [0x10DA, 0x10DA, 0x1C9A],
    [0x10DB, 0x10DB, 0x1C9B],
    [0x10DC, 0x10DC, 0x1C9C],
    [0x10DD, 0x10DD, 0x1C9D],
    [0x10DE, 0x10DE, 0x1C9E],
    [0x10DF, 0x10DF, 0x1C9F],
    [0x10E0, 0x10E0, 0x1CA0],
    [0x10E1, 0x10E1, 0x1CA1],
    [0x10E2, 0x10E2, 0x1CA2],
    [0x10E3, 0x10E3, 0x1CA3],
    [0x10E4, 0x10E4, 0x1CA4],
    [0x10E5, 0x10E5, 0x1CA5],
    [0x10E6, 0x10E6, 0x1CA6],
    [0x10E7, 0x10E7, 0x1CA7],
    [0x10E8, 0x10E8, 0x1CA8],
    [0x10E9, 0x10E9, 0x1CA9],
    [0x10EA, 0x10EA, 0x1CAA],
    [0x10EB, 0x10EB, 0x1CAB],
    [0x10EC, 0x10EC, 0x1CAC],
    [0x10ED, 0x10ED, 0x1CAD],
    [0x10EE, 0x10EE, 0x1CAE],
    [0x10EF, 0x10EF, 0x1CAF],
    [0x10F0, 0x10F0, 0x1CB0],
    [0x10F1, 0x10F1, 0x1CB1],
    [0x10F2, 0x10F2, 0x1CB2],
    [0x10F3, 0x10F3, 0x1CB3],
    [0x10F4, 0x10F4, 0x1CB4],
    [0x10F5, 0x10F5, 0x1CB5],
    [0x10F6, 0x10F6, 0x1CB6],
    [0x10F7, 0x10F7, 0x1CB7],
    [0x10F8, 0x10F8, 0x1CB8],
    [0x10F9, 0x10F9, 0x1CB9],
    [0x10FA, 0x10FA, 0x1CBA],
    [0x10FD, 0x10FD, 0x1CBD],
    [0x10FE, 0x10FE, 0x1CBE],
    [0x10FF, 0x10FF, 0x1CBF],
    [0x13A0, 0xAB70, 0x13A0],
    [0x13A1, 0xAB71, 0x13A1],
    [0x13A2, 0xAB72, 0x13A2],
    [0x13A3, 0xAB73, 0x13A3],
    [0x13A4, 0xAB74, 0x13A4],
    [0x13A5, 0xAB75, 0x13A5],
    [0x13A6, 0xAB76, 0x13A6],
    [0x13A7, 0xAB77, 0x13A7],
    [0x13A8, 0xAB78, 0x13A8],
    [0x13A9, 0xAB79, 0x13A9],
    [0x13AA, 0xAB7A, 0x13AA],
    [0x13AB, 0xAB7B, 0x13AB],
    [0x13AC, 0xAB7C, 0x13AC],
    [0x13AD, 0xAB7D, 0x13AD],
    [0x13AE, 0xAB7E, 0x13AE],
    [0x13AF, 0xAB7F, 0x13AF],
    [0x13B0, 0xAB80, 0x13B0],
    [0x13B1, 0xAB81, 0x13B1],
    [0x13B2, 0xAB82, 0x13B2],
    [0x13B3, 0xAB83, 0x13B3],
    [0x13B4, 0xAB84, 0x13B4],
    [0x13B5, 0xAB85, 0x13B5],
    [0x13B6, 0xAB86, 0x13B6],
    [0x13B7, 0xAB87, 0x13B7],
    [0x13B8, 0xAB88, 0x13B8],
    [0x13B9, 0xAB89, 0x13B9],
    [0x13BA, 0xAB8A, 0x13BA],
    [0x13BB, 0xAB8B, 0x13BB],
    [0x13BC, 0xAB8C, 0x13BC],
    [0x13BD, 0xAB8D, 0x13BD],
    [0x13BE, 0xAB8E, 0x13BE],
    [0x13BF, 0xAB8F, 0x13BF],
    [0x13C0, 0xAB90, 0x13C0],
    [0x13C1, 0xAB91, 0x13C1],
    [0x13C2, 0xAB92, 0x13C2],
    [0x13C3, 0xAB93, 0x13C3],
    [0x13C4, 0xAB94, 0x13C4],
    [0x13C5, 0xAB95, 0x13C5],
    [0x13C6, 0xAB96, 0x13C6],
    [0x13C7, 0xAB97, 0x13C7],
    [0x13C8, 0xAB98, 0x13C8],
    [0x13C9, 0xAB99, 0x13C9],
    [0x13CA, 0xAB9A, 0x13CA],
    [0x13CB, 0xAB9B, 0x13CB],
    [0x13CC, 0xAB9C, 0x13CC],
    [0x13CD, 0xAB9D, 0x13CD],
    [0x13CE, 0xAB9E, 0x13CE],
    [0x13CF, 0xAB9F, 0x13CF],
    [0x13D0, 0xABA0, 0x13D0],
    [0x13D1, 0xABA1, 0x13D1],
    [0x13D2, 0xABA2, 0x13D2],
    [0x13D3, 0xABA3, 0x13D3],
    [0x13D4, 0xABA4, 0x13D4],
    [0x13D5, 0xABA5, 0x13D5],
    [0x13D6, 0xABA6, 0x13D6],
    [0x13D7, 0xABA7, 0x13D7],
    [0x13D8, 0xABA8, 0x13D8],
    [0x13D9, 0xABA9, 0x13D9],
    [0x13DA, 0xABAA, 0x13DA],
    [0x13DB, 0xABAB, 0x13DB],
    [0x13DC, 0xABAC, 0x13DC],
    [0x13DD, 0xABAD, 0x13DD],
    [0x13DE, 0xABAE, 0x13DE],
    [0x13DF, 0xABAF, 0x13DF],
    [0x13E0, 0xABB0, 0x13E0],
    [0x13E1, 0xABB1, 0x13E1],
    [0x13E2, 0xABB2, 0x13E2],
    [0x13E3, 0xABB3, 0x13E3],
    [0x13E4, 0xABB4, 0x13E4],
    [0x13E5, 0xABB5, 0x13E5],
    [0x13E6, 0xABB6, 0x13E6],
    [0x13E7, 0xABB7, 0x13E7],
    [0x13E8, 0xABB8, 0x13E8],
    [0x13E9, 0xABB9, 0x13E9],
    [0x13EA, 0xABBA, 0x13EA],
    [0x13EB, 0xABBB, 0x13EB],
    [0x13EC, 0xABBC, 0x13EC],
    [0x13ED, 0xABBD, 0x13ED],
    [0x13EE, 0xABBE, 0x13EE],
    [0x13EF, 0xABBF, 0x13EF],
    [0x13F0, 0x13F8, 0x13F0],
    [0x13F1, 0x13F9, 0x13F1],
    [0x13F2, 0x13FA, 0x13F2],
    [0x13F3, 0x13FB, 0x13F3],
    [0x13F4, 0x13FC, 0x13F4],
    [0x13F5, 0x13FD, 0x13F5],
    [0x13F8, 0x13F8, 0x13F0],
    [0x13F9, 0x13F9, 0x13F1],
    [0x13FA, 0x13FA, 0x13F2],
    [0x13FB, 0x13FB, 0x13F3],
    [0x13FC, 0x13FC, 0x13F4],
    [0x13FD, 0x13FD, 0x13F5],
    [0x1C80, 0x1C80, 0x412],
    [0x1C81, 0x1C81, 0x414],
    [0x1C82, 0x1C82, 0x41E],
    [0x1C83, 0x1C83, 0x421],
    [0x1C84, 0x1C84, 0x422],
    [0x1C85, 0x1C85, 0x422],
    [0x1C86, 0x1C86, 0x42A],
    [0x1C87, 0x1C87, 0x462],
    [0x1C88, 0x1C88, 0xA64A],
    [0x1C90, 0x10D0, 0x1C90],
    [0x1C91, 0x10D1, 0x1C91],
    [0x1C92, 0x10D2, 0x1C92],
    [0x1C93, 0x10D3, 0x1C93],
    [0x1C94, 0x10D4, 0x1C94],
    [0x1C95, 0x10D5, 0x1C95],
    [0x1C96, 0x10D6, 0x1C96],
    [0x1C97, 0x10D7, 0x1C97],
    [0x1C98, 0x10D8, 0x1C98],
    [0x1C99, 0x10D9, 0x1C99],
    [0x1C9A, 0x10DA, 0x1C9A],
    [0x1C9B, 0x10DB, 0x1C9B],
    [0x1C9C, 0x10DC, 0x1C9C],
    [0x1C9D, 0x10DD, 0x1C9D],
    [0x1C9E, 0x10DE, 0x1C9E],
    [0x1C9F, 0x10DF, 0x1C9F],
    [0x1CA0, 0x10E0, 0x1CA0],
    [0x1CA1, 0x10E1, 0x1CA1],
    [0x1CA2, 0x10E2, 0x1CA2],
    [0x1CA3, 0x10E3, 0x1CA3],
    [0x1CA4, 0x10E4, 0x1CA4],
    [0x1CA5, 0x10E5, 0x1CA5],
    [0x1CA6, 0x10E6, 0x1CA6],
    [0x1CA7, 0x10E7, 0x1CA7],
    [0x1CA8, 0x10E8, 0x1CA8],
    [0x1CA9, 0x10E9, 0x1CA9],
    [0x1CAA, 0x10EA, 0x1CAA],
    [0x1CAB, 0x10EB, 0x1CAB],
    [0x1CAC, 0x10EC, 0x1CAC],
    [0x1CAD, 0x10ED, 0x1CAD],
    [0x1CAE, 0x10EE, 0x1CAE],
    [0x1CAF, 0x10EF, 0x1CAF],
    [0x1CB0, 0x10F0, 0x1CB0],
    [0x1CB1, 0x10F1, 0x1CB1],
    [0x1CB2, 0x10F2, 0x1CB2],
    [0x1CB3, 0x10F3, 0x1CB3],
    [0x1CB4, 0x10F4, 0x1CB4],
    [0x1CB5, 0x10F5, 0x1CB5],
    [0x1CB6, 0x10F6, 0x1CB6],
    [0x1CB7, 0x10F7, 0x1CB7],
    [0x1CB8, 0x10F8, 0x1CB8],
    [0x1CB9, 0x10F9, 0x1CB9],
    [0x1CBA, 0x10FA, 0x1CBA],
    [0x1CBD, 0x10FD, 0x1CBD],
    [0x1CBE, 0x10FE, 0x1CBE],
    [0x1CBF, 0x10FF, 0x1CBF],
    [0x1D79, 0x1D79, 0xA77D],
    [0x1D7D, 0x1D7D, 0x2C63],
    [0x1D8E, 0x1D8E, 0xA7C6],
    [0x1E00, 0x1E01, 0x1E00],
    [0x1E01, 0x1E01, 0x1E00],
    [0x1E02, 0x1E03, 0x1E02],
    [0x1E03, 0x1E03, 0x1E02],
    [0x1E04, 0x1E05, 0x1E04],
    [0x1E05, 0x1E05, 0x1E04],
    [0x1E06, 0x1E07, 0x1E06],
    [0x1E07, 0x1E07, 0x1E06],
    [0x1E08, 0x1E09, 0x1E08],
    [0x1E09, 0x1E09, 0x1E08],
    [0x1E0A, 0x1E0B, 0x1E0A],
    [0x1E0B, 0x1E0B, 0x1E0A],
    [0x1E0C, 0x1E0D, 0x1E0C],
    [0x1E0D, 0x1E0D, 0x1E0C],
    [0x1E0E, 0x1E0F, 0x1E0E],
    [0x1E0F, 0x1E0F, 0x1E0E],
    [0x1E10, 0x1E11, 0x1E10],
    [0x1E11, 0x1E11, 0x1E10],
    [0x1E12, 0x1E13, 0x1E12],
    [0x1E13, 0x1E13, 0x1E12],
    [0x1E14, 0x1E15, 0x1E14],
    [0x1E15, 0x1E15, 0x1E14],
    [0x1E16, 0x1E17, 0x1E16],
    [0x1E17, 0x1E17, 0x1E16],
    [0x1E18, 0x1E19, 0x1E18],
    [0x1E19, 0x1E19, 0x1E18],
    [0x1E1A, 0x1E1B, 0x1E1A],
    [0x1E1B, 0x1E1B, 0x1E1A],
    [0x1E1C, 0x1E1D, 0x1E1C],
    [0x1E1D, 0x1E1D, 0x1E1C],
    [0x1E1E, 0x1E1F, 0x1E1E],
    [0x1E1F, 0x1E1F, 0x1E1E],
    [0x1E20, 0x1E21, 0x1E20],
    [0x1E21, 0x1E21, 0x1E20],
    [0x1E22, 0x1E23, 0x1E22],
    [0x1E23, 0x1E23, 0x1E22],
    [0x1E24, 0x1E25, 0x1E24],
    [0x1E25, 0x1E25, 0x1E24],
    [0x1E26, 0x1E27, 0x1E26],
    [0x1E27, 0x1E27, 0x1E26],
    [0x1E28, 0x1E29, 0x1E28],
    [0x1E29, 0x1E29, 0x1E28],
    [0x1E2A, 0x1E2B, 0x1E2A],
    [0x1E2B, 0x1E2B, 0x1E2A],
    [0x1E2C, 0x1E2D, 0x1E2C],
    [0x1E2D, 0x1E2D, 0x1E2C],
    [0x1E2E, 0x1E2F, 0x1E2E],
    [0x1E2F, 0x1E2F, 0x1E2E],
    [0x1E30, 0x1E31, 0x1E30],
    [0x1E31, 0x1E31, 0x1E30],
    [0x1E32, 0x1E33, 0x1E32],
    [0x1E33, 0x1E33, 0x1E32],
    [0x1E34, 0x1E35, 0x1E34],
    [0x1E35, 0x1E35, 0x1E34],
    [0x1E36, 0x1E37, 0x1E36],
    [0x1E37, 0x1E37, 0x1E36],
    [0x1E38, 0x1E39, 0x1E38],
    [0x1E39, 0x1E39, 0x1E38],
    [0x1E3A, 0x1E3B, 0x1E3A],
    [0x1E3B, 0x1E3B, 0x1E3A],
    [0x1E3C, 0x1E3D, 0x1E3C],
    [0x1E3D, 0x1E3D, 0x1E3C],
    [0x1E3E, 0x1E3F, 0x1E3E],
    [0x1E3F, 0x1E3F, 0x1E3E],
    [0x1E40, 0x1E41, 0x1E40],
    [0x1E41, 0x1E41, 0x1E40],
    [0x1E42, 0x1E43, 0x1E42],
    [0x1E43, 0x1E43, 0x1E42],
    [0x1E44, 0x1E45, 0x1E44],
    [0x1E45, 0x1E45, 0x1E44],
    [0x1E46, 0x1E47, 0x1E46],
    [0x1E47, 0x1E47, 0x1E46],
    [0x1E48, 0x1E49, 0x1E48],
    [0x1E49, 0x1E49, 0x1E48],
    [0x1E4A, 0x1E4B, 0x1E4A],
    [0x1E4B, 0x1E4B, 0x1E4A],
    [0x1E4C, 0x1E4D, 0x1E4C],
    [0x1E4D, 0x1E4D, 0x1E4C],
    [0x1E4E, 0x1E4F, 0x1E4E],
    [0x1E4F, 0x1E4F, 0x1E4E],
    [0x1E50, 0x1E51, 0x1E50],
    [0x1E51, 0x1E51, 0x1E50],
    [0x1E52, 0x1E53, 0x1E52],
    [0x1E53, 0x1E53, 0x1E52],
    [0x1E54, 0x1E55, 0x1E54],
    [0x1E55, 0x1E55, 0x1E54],
    [0x1E56, 0x1E57, 0x1E56],
    [0x1E57, 0x1E57, 0x1E56],
    [0x1E58, 0x1E59, 0x1E58],
    [0x1E59, 0x1E59, 0x1E58],
    [0x1E5A, 0x1E5B, 0x1E5A],
    [0x1E5B, 0x1E5B, 0x1E5A],
    [0x1E5C, 0x1E5D, 0x1E5C],
    [0x1E5D, 0x1E5D, 0x1E5C],
    [0x1E5E, 0x1E5F, 0x1E5E],
    [0x1E5F, 0x1E5F, 0x1E5E],
    [0x1E60, 0x1E61, 0x1E60],
    [0x1E61, 0x1E61, 0x1E60],
    [0x1E62, 0x1E63, 0x1E62],
    [0x1E63, 0x1E63, 0x1E62],
    [0x1E64, 0x1E65, 0x1E64],
    [0x1E65, 0x1E65, 0x1E64],
    [0x1E66, 0x1E67, 0x1E66],
    [0x1E67, 0x1E67, 0x1E66],
    [0x1E68, 0x1E69, 0x1E68],
    [0x1E69, 0x1E69, 0x1E68],
    [0x1E6A, 0x1E6B, 0x1E6A],
    [0x1E6B, 0x1E6B, 0x1E6A],
    [0x1E6C, 0x1E6D, 0x1E6C],
    [0x1E6D, 0x1E6D, 0x1E6C],
    [0x1E6E, 0x1E6F, 0x1E6E],
    [0x1E6F, 0x1E6F, 0x1E6E],
    [0x1E70, 0x1E71, 0x1E70],
    [0x1E71, 0x1E71, 0x1E70],
    [0x1E72, 0x1E73, 0x1E72],
    [0x1E73, 0x1E73, 0x1E72],
    [0x1E74, 0x1E75, 0x1E74],
    [0x1E75, 0x1E75, 0x1E74],
    [0x1E76, 0x1E77, 0x1E76],
    [0x1E77, 0x1E77, 0x1E76],
    [0x1E78, 0x1E79, 0x1E78],
    [0x1E79, 0x1E79, 0x1E78],
    [0x1E7A, 0x1E7B, 0x1E7A],
    [0x1E7B, 0x1E7B, 0x1E7A],
    [0x1E7C, 0x1E7D, 0x1E7C],
    [0x1E7D, 0x1E7D, 0x1E7C],
    [0x1E7E, 0x1E7F, 0x1E7E],
    [0x1E7F, 0x1E7F, 0x1E7E],
    [0x1E80, 0x1E81, 0x1E80],
    [0x1E81, 0x1E81, 0x1E80],
    [0x1E82, 0x1E83, 0x1E82],
    [0x1E83, 0x1E83, 0x1E82],
    [0x1E84, 0x1E85, 0x1E84],
    [0x1E85, 0x1E85, 0x1E84],
    [0x1E86, 0x1E87, 0x1E86],
    [0x1E87, 0x1E87, 0x1E86],
    [0x1E88, 0x1E89, 0x1E88],
    [0x1E89, 0x1E89, 0x1E88],
    [0x1E8A, 0x1E8B, 0x1E8A],
    [0x1E8B, 0x1E8B, 0x1E8A],
    [0x1E8C, 0x1E8D, 0x1E8C],
    [0x1E8D, 0x1E8D, 0x1E8C],
    [0x1E8E, 0x1E8F, 0x1E8E],
    [0x1E8F, 0x1E8F, 0x1E8E],
    [0x1E90, 0x1E91, 0x1E90],
    [0x1E91, 0x1E91, 0x1E90],
    [0x1E92, 0x1E93, 0x1E92],
    [0x1E93, 0x1E93, 0x1E92],
    [0x1E94, 0x1E95, 0x1E94],
    [0x1E95, 0x1E95, 0x1E94],
    [0x1E96, 0x1E96, 0x110007],
    [0x1E97, 0x1E97, 0x110008],
    [0x1E98, 0x1E98, 0x110009],
    [0x1E99, 0x1E99, 0x11000A],
    [0x1E9A, 0x1E9A, 0x11000B],
    [0x1E9B, 0x1E9B, 0x1E60],
    [0x1E9E, 0xDF, 0x1E9E],
    [0x1EA0, 0x1EA1, 0x1EA0],
    [0x1EA1, 0x1EA1, 0x1EA0],
    [0x1EA2, 0x1EA3, 0x1EA2],
    [0x1EA3, 0x1EA3, 0x1EA2],
    [0x1EA4, 0x1EA5, 0x1EA4],
    [0x1EA5, 0x1EA5, 0x1EA4],
    [0x1EA6, 0x1EA7, 0x1EA6],
    [0x1EA7, 0x1EA7, 0x1EA6],
    [0x1EA8, 0x1EA9, 0x1EA8],
    [0x1EA9, 0x1EA9, 0x1EA8],
    [0x1EAA, 0x1EAB, 0x1EAA],
    [0x1EAB, 0x1EAB, 0x1EAA],
    [0x1EAC, 0x1EAD, 0x1EAC],
    [0x1EAD, 0x1EAD, 0x1EAC],
    [0x1EAE, 0x1EAF, 0x1EAE],
    [0x1EAF, 0x1EAF, 0x1EAE],
    [0x1EB0, 0x1EB1, 0x1EB0],
    [0x1EB1, 0x1EB1, 0x1EB0],
    [0x1EB2, 0x1EB3, 0x1EB2],
    [0x1EB3, 0x1EB3, 0x1EB2],
    [0x1EB4, 0x1EB5, 0x1EB4],
    [0x1EB5, 0x1EB5, 0x1EB4],
    [0x1EB6, 0x1EB7, 0x1EB6],
    [0x1EB7, 0x1EB7, 0x1EB6],
    [0x1EB8, 0x1EB9, 0x1EB8],
    [0x1EB9, 0x1EB9, 0x1EB8],
    [0x1EBA, 0x1EBB, 0x1EBA],
    [0x1EBB, 0x1EBB, 0x1EBA],
    [0x1EBC, 0x1EBD, 0x1EBC],
    [0x1EBD, 0x1EBD, 0x1EBC],
    [0x1EBE, 0x1EBF, 0x1EBE],
    [0x1EBF, 0x1EBF, 0x1EBE],
    [0x1EC0, 0x1EC1, 0x1EC0],
    [0x1EC1, 0x1EC1, 0x1EC0],
    [0x1EC2, 0x1EC3, 0x1EC2],
    [0x1EC3, 0x1EC3, 0x1EC2],
    [0x1EC4, 0x1EC5, 0x1EC4],
    [0x1EC5, 0x1EC5, 0x1EC4],
    [0x1EC6, 0x1EC7, 0x1EC6],
    [0x1EC7, 0x1EC7, 0x1EC6],
    [0x1EC8, 0x1EC9, 0x1EC8],
    [0x1EC9, 0x1EC9, 0x1EC8],
    [0x1ECA, 0x1ECB, 0x1ECA],
    [0x1ECB, 0x1ECB, 0x1ECA],
    [0x1ECC, 0x1ECD, 0x1ECC],
    [0x1ECD, 0x1ECD, 0x1ECC],
    [0x1ECE, 0x1ECF, 0x1ECE],
    [0x1ECF, 0x1ECF, 0x1ECE],
    [0x1ED0, 0x1ED1, 0x1ED0],
    [0x1ED1, 0x1ED1, 0x1ED0],
    [0x1ED2, 0x1ED3, 0x1ED2],
    [0x1ED3, 0x1ED3, 0x1ED2],
    [0x1ED4, 0x1ED5, 0x1ED4],
    [0x1ED5, 0x1ED5, 0x1ED4],
    [0x1ED6, 0x1ED7, 0x1ED6],
    [0x1ED7, 0x1ED7, 0x1ED6],
    [0x1ED8, 0x1ED9, 0x1ED8],
    [0x1ED9, 0x1ED9, 0x1ED8],
    [0x1EDA, 0x1EDB, 0x1EDA],
    [0x1EDB, 0x1EDB, 0x1EDA],
    [0x1EDC, 0x1EDD, 0x1EDC],
    [0x1EDD, 0x1EDD, 0x1EDC],
    [0x1EDE, 0x1EDF, 0x1EDE],
    [0x1EDF, 0x1EDF, 0x1EDE],
    [0x1EE0, 0x1EE1, 0x1EE0],
    [0x1EE1, 0x1EE1, 0x1EE0],
    [0x1EE2, 0x1EE3, 0x1EE2],
    [0x1EE3, 0x1EE3, 0x1EE2],
    [0x1EE4, 0x1EE5, 0x1EE4],
    [0x1EE5, 0x1EE5, 0x1EE4],
    [0x1EE6, 0x1EE7, 0x1EE6],
    [0x1EE7, 0x1EE7, 0x1EE6],
    [0x1EE8, 0x1EE9, 0x1EE8],
    [0x1EE9, 0x1EE9, 0x1EE8],
    [0x1EEA, 0x1EEB, 0x1EEA],
    [0x1EEB, 0x1EEB, 0x1EEA],
    [0x1EEC, 0x1EED, 0x1EEC],
    [0x1EED, 0x1EED, 0x1EEC],
    [0x1EEE, 0x1EEF, 0x1EEE],
    [0x1EEF, 0x1EEF, 0x1EEE],
    [0x1EF0, 0x1EF1, 0x1EF0],
    [0x1EF1, 0x1EF1, 0x1EF0],
    [0x1EF2, 0x1EF3, 0x1EF2],
    [0x1EF3, 0x1EF3, 0x1EF2],
    [0x1EF4, 0x1EF5, 0x1EF4],
    [0x1EF5, 0x1EF5, 0x1EF4],
    [0x1EF6, 0x1EF7, 0x1EF6],
    [0x1EF7, 0x1EF7, 0x1EF6],
    [0x1EF8, 0x1EF9, 0x1EF8],
    [0x1EF9, 0x1EF9, 0x1EF8],
    [0x1EFA, 0x1EFB, 0x1EFA],
    [0x1EFB, 0x1EFB, 0x1EFA],
    [0x1EFC, 0x1EFD, 0x1EFC],
    [0x1EFD, 0x1EFD, 0x1EFC],
    [0x1EFE, 0x1EFF, 0x1EFE],
    [0x1EFF, 0x1EFF, 0x1EFE],
    [0x1F00, 0x1F00, 0x1F08],
    [0x1F01, 0x1F01, 0x1F09],
    [0x1F02, 0x1F02, 0x1F0A],
    [0x1F03, 0x1F03, 0x1F0B],
    [0x1F04, 0x1F04, 0x1F0C],
    [0x1F05, 0x1F05, 0x1F0D],
    [0x1F06, 0x1F06, 0x1F0E],
    [0x1F07, 0x1F07, 0x1F0F],
    [0x1F08, 0x1F00, 0x1F08],
    [0x1F09, 0x1F01, 0x1F09],
    [0x1F0A, 0x1F02, 0x1F0A],
    [0x1F0B, 0x1F03, 0x1F0B],
    [0x1F0C, 0x1F04, 0x1F0C],
    [0x1F0D, 0x1F05, 0x1F0D],
    [0x1F0E, 0x1F06, 0x1F0E],
    [0x1F0F, 0x1F07, 0x1F0F],
    [0x1F10, 0x1F10, 0x1F18],
    [0x1F11, 0x1F11, 0x1F19],
    [0x1F12, 0x1F12, 0x1F1A],
    [0x1F13, 0x1F13, 0x1F1B],
    [0x1F14, 0x1F14, 0x1F1C],
    [0x1F15, 0x1F15, 0x1F1D],
    [0x1F18, 0x1F10, 0x1F18],
    [0x1F19, 0x1F11, 0x1F19],
    [0x1F1A, 0x1F12, 0x1F1A],
    [0x1F1B, 0x1F13, 0x1F1B],
    [0x1F1C, 0x1F14, 0x1F1C],
    [0x1F1D, 0x1F15, 0x1F1D],
    [0x1F20, 0x1F20, 0x1F28],
    [0x1F21, 0x1F21, 0x1F29],
    [0x1F22, 0x1F22, 0x1F2A],
    [0x1F23, 0x1F23, 0x1F2B],
    [0x1F24, 0x1F24, 0x1F2C],
    [0x1F25, 0x1F25, 0x1F2D],
    [0x1F26, 0x1F26, 0x1F2E],
    [0x1F27, 0x1F27, 0x1F2F],
    [0x1F28, 0x1F20, 0x1F28],
    [0x1F29, 0x1F21, 0x1F29],
    [0x1F2A, 0x1F22, 0x1F2A],
    [0x1F2B, 0x1F23, 0x1F2B],
    [0x1F2C, 0x1F24, 0x1F2C],
    [0x1F2D, 0x1F25, 0x1F2D],
    [0x1F2E, 0x1F26, 0x1F2E],
    [0x1F2F, 0x1F27, 0x1F2F],
    [0x1F30, 0x1F30, 0x1F38],
    [0x1F31, 0x1F31, 0x1F39],
    [0x1F32, 0x1F32, 0x1F3A],
    [0x1F33, 0x1F33, 0x1F3B],
    [0x1F34, 0x1F34, 0x1F3C],
    [0x1F35, 0x1F35, 0x1F3D],
    [0x1F36, 0x1F36, 0x1F3E],
    [0x1F37, 0x1F37, 0x1F3F],
    [0x1F38, 0x1F30, 0x1F38],
    [0x1F39, 0x1F31, 0x1F39],
    [0x1F3A, 0x1F32, 0x1F3A],
    [0x1F3B, 0x1F33, 0x1F3B],
    [0x1F3C, 0x1F34, 0x1F3C],
    [0x1F3D, 0x1F35, 0x1F3D],
    [0x1F3E, 0x1F36, 0x1F3E],
    [0x1F3F, 0x1F37, 0x1F3F],
    [0x1F40, 0x1F40, 0x1F48],
    [0x1F41, 0x1F41, 0x1F49],
    [0x1F42, 0x1F42, 0x1F4A],
    [0x1F43, 0x1F43, 0x1F4B],
    [0x1F44, 0x1F44, 0x1F4C],
    [0x1F45, 0x1F45, 0x1F4D],
    [0x1F48, 0x1F40, 0x1F48],
    [0x1F49, 0x1F41, 0x1F49],
    [0x1F4A, 0x1F42, 0x1F4A],
    [0x1F4B, 0x1F43, 0x1F4B],
    [0x1F4C, 0x1F44, 0x1F4C],
    [0x1F4D, 0x1F45, 0x1F4D],
    [0x1F50, 0x1F50, 0x11000C],
    [0x1F51, 0x1F51, 0x1F59],
    [0x1F52, 0x1F52, 0x11000D],
    [0x1F53, 0x1F53, 0x1F5B],
    [0x1F54, 0x1F54, 0x11000E],
    [0x1F55, 0x1F55, 0x1F5D],
    [0x1F56, 0x1F56, 0x11000F],
    [0x1F57, 0x1F57, 0x1F5F],
    [0x1F59, 0x1F51, 0x1F59],
    [0x1F5B, 0x1F53, 0x1F5B],
    [0x1F5D, 0x1F55, 0x1F5D],
    [0x1F5F, 0x1F57, 0x1F5F],
    [0x1F60, 0x1F60, 0x1F68],
    [0x1F61, 0x1F61, 0x1F69],
    [0x1F62, 0x1F62, 0x1F6A],
    [0x1F63, 0x1F63, 0x1F6B],
    [0x1F64, 0x1F64, 0x1F6C],
    [0x1F65, 0x1F65, 0x1F6D],
    [0x1F66, 0x1F66, 0x1F6E],
    [0x1F67, 0x1F67, 0x1F6F],
    [0x1F68, 0x1F60, 0x1F68],
    [0x1F69, 0x1F61, 0x1F69],
    [0x1F6A, 0x1F62, 0x1F6A],
    [0x1F6B, 0x1F63, 0x1F6B],
    [0x1F6C, 0x1F64, 0x1F6C],
    [0x1F6D, 0x1F65, 0x1F6D],
    [0x1F6E, 0x1F66, 0x1F6E],
    [0x1F6F, 0x1F67, 0x1F6F],
    [0x1F70, 0x1F70, 0x1FBA],
    [0x1F71, 0x1F71, 0x1FBB],
    [0x1F72, 0x1F72, 0x1FC8],
    [0x1F73, 0x1F73, 0x1FC9],
    [0x1F74, 0x1F74, 0x1FCA],
    [0x1F75, 0x1F75, 0x1FCB],
    [0x1F76, 0x1F76, 0x1FDA],
    [0x1F77, 0x1F77, 0x1FDB],
    [0x1F78, 0x1F78, 0x1FF8],
    [0x1F79, 0x1F79, 0x1FF9],
    [0x1F7A, 0x1F7A, 0x1FEA],
    [0x1F7B, 0x1F7B, 0x1FEB],
    [0x1F7C, 0x1F7C, 0x1FFA],
    [0x1F7D, 0x1F7D, 0x1FFB],
    [0x1F80, 0x1F80, 0x110010],
    [0x1F81, 0x1F81, 0x110011],
    [0x1F82, 0x1F82, 0x110012],
    [0x1F83, 0x1F83, 0x110013],
    [0x1F84, 0x1F84, 0x110014],
    [0x1F85, 0x1F85, 0x110015],
    [0x1F86, 0x1F86, 0x110016],
    [0x1F87, 0x1F87, 0x110017],
    [0x1F88, 0x1F80, 0x110010],
    [0x1F89, 0x1F81, 0x110011],
    [0x1F8A, 0x1F82, 0x110012],
    [0x1F8B, 0x1F83, 0x110013],
    [0x1F8C, 0x1F84, 0x110014],
    [0x1F8D, 0x1F85, 0x110015],
    [0x1F8E, 0x1F86, 0x110016],
    [0x1F8F, 0x1F87, 0x110017],
    [0x1F90, 0x1F90, 0x110018],
    [0x1F91, 0x1F91, 0x110019],
    [0x1F92, 0x1F92, 0x11001A],
    [0x1F93, 0x1F93, 0x11001B],
    [0x1F94, 0x1F94, 0x11001C],
    [0x1F95, 0x1F95, 0x11001D],
    [0x1F96, 0x1F96, 0x11001E],
    [0x1F97, 0x1F97, 0x11001F],
    [0x1F98, 0x1F90, 0x110018],
    [0x1F99, 0x1F91, 0x110019],
    [0x1F9A, 0x1F92, 0x11001A],
    [0x1F9B, 0x1F93, 0x11001B],
    [0x1F9C, 0x1F94, 0x11001C],
    [0x1F9D, 0x1F95, 0x11001D],
    [0x1F9E, 0x1F96, 0x11001E],
    [0x1F9F, 0x1F97, 0x11001F],
    [0x1FA0, 0x1FA0, 0x110020],
    [0x1FA1, 0x1FA1, 0x110021],
    [0x1FA2, 0x1FA2, 0x110022],
    [0x1FA3, 0x1FA3, 0x110023],
    [0x1FA4, 0x1FA4, 0x110024],
    [0x1FA5, 0x1FA5, 0x110025],
    [0x1FA6, 0x1FA6, 0x110026],
    [0x1FA7, 0x1FA7, 0x110027],
    [0x1FA8, 0x1FA0, 0x110020],
    [0x1FA9, 0x1FA1, 0x110021],
    [0x1FAA, 0x1FA2, 0x110022],
    [0x1FAB, 0x1FA3, 0x110023],
    [0x1FAC, 0x1FA4, 0x110024],
    [0x1FAD, 0x1FA5, 0x110025],
    [0x1FAE, 0x1FA6, 0x110026],
    [0x1FAF, 0x1FA7, 0x110027],
    [0x1FB0, 0x1FB0, 0x1FB8],
    [0x1FB1, 0x1FB1, 0x1FB9],
    [0x1FB2, 0x1FB2, 0x110028],
    [0x1FB3, 0x1FB3, 0x110029],
    [0x1FB4, 0x1FB4, 0x11002A],
    [0x1FB6, 0x1FB6, 0x11002B],
    [0x1FB7, 0x1FB7, 0x11002C],
    [0x1FB8, 0x1FB0, 0x1FB8],
    [0x1FB9, 0x1FB1, 0x1FB9],
    [0x1FBA, 0x1F70, 0x1FBA],
    [0x1FBB, 0x1F71, 0x1FBB],
    [0x1FBC, 0x1FB3, 0x110029],
    [0x1FBE, 0x1FBE, 0x399],
    [0x1FC2, 0x1FC2, 0x11002D],
    [0x1FC3, 0x1FC3, 0x11002E],
    [0x1FC4, 0x1FC4, 0x11002F],
    [0x1FC6, 0x1FC6, 0x110030],
    [0x1FC7, 0x1FC7, 0x110031],
    [0x1FC8, 0x1F72, 0x1FC8],
    [0x1FC9, 0x1F73, 0x1FC9],
    [0x1FCA, 0x1F74, 0x1FCA],
    [0x1FCB, 0x1F75, 0x1FCB],
    [0x1FCC, 0x1FC3, 0x11002E],
    [0x1FD0, 0x1FD0, 0x1FD8],
    [0x1FD1, 0x1FD1, 0x1FD9],
    [0x1FD2, 0x1FD2, 0x110032],
    [0x1FD3, 0x1FD3, 0x110004],
    [0x1FD6, 0x1FD6, 0x110033],
    [0x1FD7, 0x1FD7, 0x110034],
    [0x1FD8, 0x1FD0, 0x1FD8],
    [0x1FD9, 0x1FD1, 0x1FD9],
    [0x1FDA, 0x1F76, 0x1FDA],
    [0x1FDB, 0x1F77, 0x1FDB],
    [0x1FE0, 0x1FE0, 0x1FE8],
    [0x1FE1, 0x1FE1, 0x1FE9],
    [0x1FE2, 0x1FE2, 0x110035],
    [0x1FE3, 0x1FE3, 0x110005],
    [0x1FE4, 0x1FE4, 0x110036],
    [0x1FE5, 0x1FE5, 0x1FEC],
    [0x1FE6, 0x1FE6, 0x110037],
    [0x1FE7, 0x1FE7, 0x110038],
    [0x1FE8, 0x1FE0, 0x1FE8],
    [0x1FE9, 0x1FE1, 0x1FE9],
    [0x1FEA, 0x1F7A, 0x1FEA],
    [0x1FEB, 0x1F7B, 0x1FEB],
    [0x1FEC, 0x1FE5, 0x1FEC],
    [0x1FF2, 0x1FF2, 0x110039],
    [0x1FF3, 0x1FF3, 0x11003A],
    [0x1FF4, 0x1FF4, 0x11003B],
    [0x1FF6, 0x1FF6, 0x11003C],
    [0x1FF7, 0x1FF7, 0x11003D],
    [0x1FF8, 0x1F78, 0x1FF8],
    [0x1FF9, 0x1F79, 0x1FF9],
    [0x1FFA, 0x1F7C, 0x1FFA],
    [0x1FFB, 0x1F7D, 0x1FFB],
    [0x1FFC, 0x1FF3, 0x11003A],
    [0x2126, 0x3C9, 0x2126],
    [0x212A, 0x6B, 0x212A],
    [0x212B, 0xE5, 0x212B],
    [0x2132, 0x214E, 0x2132],
    [0x214E, 0x214E, 0x2132],
    [0x2160, 0x2170, 0x2160],
    [0x2161, 0x2171, 0x2161],
    [0x2162, 0x2172, 0x2162],
    [0x2163, 0x2173, 0x2163],
    [0x2164, 0x2174, 0x2164],
    [0x2165, 0x2175, 0x2165],
    [0x2166, 0x2176, 0x2166],
    [0x2167, 0x2177, 0x2167],
    [0x2168, 0x2178, 0x2168],
    [0x2169, 0x2179, 0x2169],
    [0x216A, 0x217A, 0x216A],
    [0x216B, 0x217B, 0x216B],
    [0x216C, 0x217C, 0x216C],
    [0x216D, 0x217D, 0x216D],
    [0x216E, 0x217E, 0x216E],
    [0x216F, 0x217F, 0x216F],
    [0x2170, 0x2170, 0x2160],
    [0x2171, 0x2171, 0x2161],
    [0x2172, 0x2172, 0x2162],
    [0x2173, 0x2173, 0x2163],
    [0x2174, 0x2174, 0x2164],
    [0x2175, 0x2175, 0x2165],
    [0x2176, 0x2176, 0x2166],
    [0x2177, 0x2177, 0x2167],
    [0x2178, 0x2178, 0x2168],
    [0x2179, 0x2179, 0x2169],
    [0x217A, 0x217A, 0x216A],
    [0x217B, 0x217B, 0x216B],
    [0x217C, 0x217C, 0x216C],
    [0x217D, 0x217D, 0x216D],
    [0x217E, 0x217E, 0x216E],
    [0x217F, 0x217F, 0x216F],
    [0x2183, 0x2184, 0x2183],
    [0x2184, 0x2184, 0x2183],
    [0x24B6, 0x24D0, 0x24B6],
    [0x24B7, 0x24D1, 0x24B7],
    [0x24B8, 0x24D2, 0x24B8],
    [0x24B9, 0x24D3, 0x24B9],
    [0x24BA, 0x24D4, 0x24BA],
    [0x24BB, 0x24D5, 0x24BB],
    [0x24BC, 0x24D6, 0x24BC],
    [0x24BD, 0x24D7, 0x24BD],
    [0x24BE, 0x24D8, 0x24BE],
    [0x24BF, 0x24D9, 0x24BF],
    [0x24C0, 0x24DA, 0x24C0],
    [0x24C1, 0x24DB, 0x24C1],
    [0x24C2, 0x24DC, 0x24C2],
    [0x24C3, 0x24DD, 0x24C3],
    [0x24C4, 0x24DE, 0x24C4],
    [0x24C5, 0x24DF, 0x24C5],
    [0x24C6, 0x24E0, 0x24C6],
    [0x24C7, 0x24E1, 0x24C7],
    [0x24C8, 0x24E2, 0x24C8],
    [0x24C9, 0x24E3, 0x24C9],
    [0x24CA, 0x24E4, 0x24CA],
    [0x24CB, 0x24E5, 0x24CB],
    [0x24CC, 0x24E6, 0x24CC],
    [0x24CD, 0x24E7, 0x24CD],
    [0x24CE, 0x24E8, 0x24CE],
    [0x24CF, 0x24E9, 0x24CF],
    [0x24D0, 0x24D0, 0x24B6],
    [0x24D1, 0x24D1, 0x24B7],
    [0x24D2, 0x24D2, 0x24B8],
    [0x24D3, 0x24D3, 0x24B9],
    [0x24D4, 0x24D4, 0x24BA],
    [0x24D5, 0x24D5, 0x24BB],
    [0x24D6, 0x24D6, 0x24BC],
    [0x24D7, 0x24D7, 0x24BD],
    [0x24D8, 0x24D8, 0x24BE],
    [0x24D9, 0x24D9, 0x24BF],
    [0x24DA, 0x24DA, 0x24C0],
    [0x24DB, 0x24DB, 0x24C1],
    [0x24DC, 0x24DC, 0x24C2],
    [0x24DD, 0x24DD, 0x24C3],
    [0x24DE, 0x24DE, 0x24C4],
    [0x24DF, 0x24DF, 0x24C5],
    [0x24E0, 0x24E0, 0x24C6],
    [0x24E1, 0x24E1, 0x24C7],
    [0x24E2, 0x24E2, 0x24C8],
    [0x24E3, 0x24E3, 0x24C9],
    [0x24E4, 0x24E4, 0x24CA],
    [0x24E5, 0x24E5, 0x24CB],
    [0x24E6, 0x24E6, 0x24CC],
    [0x24E7, 0x24E7, 0x24CD],
    [0x24E8, 0x24E8, 0x24CE],
    [0x24E9, 0x24E9, 0x24CF],
    [0x2C00, 0x2C30, 0x2C00],
    [0x2C01, 0x2C31, 0x2C01],
    [0x2C02, 0x2C32, 0x2C02],
    [0x2C03, 0x2C33, 0x2C03],
    [0x2C04, 0x2C34, 0x2C04],
    [0x2C05, 0x2C35, 0x2C05],
    [0x2C06, 0x2C36, 0x2C06],
    [0x2C07, 0x2C37, 0x2C07],
    [0x2C08, 0x2C38, 0x2C08],
    [0x2C09, 0x2C39, 0x2C09],
    [0x2C0A, 0x2C3A, 0x2C0A],
    [0x2C0B, 0x2C3B, 0x2C0B],
    [0x2C0C, 0x2C3C, 0x2C0C],
    [0x2C0D, 0x2C3D, 0x2C0D],
    [0x2C0E, 0x2C3E, 0x2C0E],
    [0x2C0F, 0x2C3F, 0x2C0F],
    [0x2C10, 0x2C40, 0x2C10],
    [0x2C11, 0x2C41, 0x2C11],
    [0x2C12, 0x2C42, 0x2C12],
    [0x2C13, 0x2C43, 0x2C13],
    [0x2C14, 0x2C44, 0x2C14],
    [0x2C15, 0x2C45, 0x2C15],
    [0x2C16, 0x2C46, 0x2C16],
    [0x2C17, 0x2C47, 0x2C17],
    [0x2C18, 0x2C48, 0x2C18],
    [0x2C19, 0x2C49, 0x2C19],
    [0x2C1A, 0x2C4A, 0x2C1A],
    [0x2C1B, 0x2C4B, 0x2C1B],
    [0x2C1C, 0x2C4C, 0x2C1C],
    [0x2C1D, 0x2C4D, 0x2C1D],
    [0x2C1E, 0x2C4E, 0x2C1E],
    [0x2C1F, 0x2C4F, 0x2C1F],
    [0x2C20, 0x2C50, 0x2C20],
    [0x2C21, 0x2C51, 0x2C21],
    [0x2C22, 0x2C52, 0x2C22],
    [0x2C23, 0x2C53, 0x2C23],
    [0x2C24, 0x2C54, 0x2C24],
    [0x2C25, 0x2C55, 0x2C25],
    [0x2C26, 0x2C56, 0x2C26],
    [0x2C27, 0x2C57, 0x2C27],
    [0x2C28, 0x2C58, 0x2C28],
    [0x2C29, 0x2C59, 0x2C29],
    [0x2C2A, 0x2C5A, 0x2C2A],
    [0x2C2B, 0x2C5B, 0x2C2B],
    [0x2C2C, 0x2C5C, 0x2C2C],
    [0x2C2D, 0x2C5D, 0x2C2D],
    [0x2C2E, 0x2C5E, 0x2C2E],
    [0x2C2F, 0x2C5F, 0x2C2F],
    [0x2C30, 0x2C30, 0x2C00],
    [0x2C31, 0x2C31, 0x2C01],
    [0x2C32, 0x2C32, 0x2C02],
    [0x2C33, 0x2C33, 0x2C03],
    [0x2C34, 0x2C34, 0x2C04],
    [0x2C35, 0x2C35, 0x2C05],
    [0x2C36, 0x2C36, 0x2C06],
    [0x2C37, 0x2C37, 0x2C07],
    [0x2C38, 0x2C38, 0x2C08],
    [0x2C39, 0x2C39, 0x2C09],
    [0x2C3A, 0x2C3A, 0x2C0A],
    [0x2C3B, 0x2C3B, 0x2C0B],
    [0x2C3C, 0x2C3C, 0x2C0C],
    [0x2C3D, 0x2C3D, 0x2C0D],
    [0x2C3E, 0x2C3E, 0x2C0E],
    [0x2C3F, 0x2C3F, 0x2C0F],
    [0x2C40, 0x2C40, 0x2C10],
    [0x2C41, 0x2C41, 0x2C11],
    [0x2C42, 0x2C42, 0x2C12],
    [0x2C43, 0x2C43, 0x2C13],
    [0x2C44, 0x2C44, 0x2C14],
    [0x2C45, 0x2C45, 0x2C15],
    [0x2C46, 0x2C46, 0x2C16],
    [0x2C47, 0x2C47, 0x2C17],
    [0x2C48, 0x2C48, 0x2C18],
    [0x2C49, 0x2C49, 0x2C19],
    [0x2C4A, 0x2C4A, 0x2C1A],
    [0x2C4B, 0x2C4B, 0x2C1B],
    [0x2C4C, 0x2C4C, 0x2C1C],
    [0x2C4D, 0x2C4D, 0x2C1D],
    [0x2C4E, 0x2C4E, 0x2C1E],
    [0x2C4F, 0x2C4F, 0x2C1F],
    [0x2C50, 0x2C50, 0x2C20],
    [0x2C51, 0x2C51, 0x2C21],
    [0x2C52, 0x2C52, 0x2C22],
    [0x2C53, 0x2C53, 0x2C23],
    [0x2C54, 0x2C54, 0x2C24],
    [0x2C55, 0x2C55, 0x2C25],
    [0x2C56, 0x2C56, 0x2C26],
    [0x2C57, 0x2C57, 0x2C27],
    [0x2C58, 0x2C58, 0x2C28],
    [0x2C59, 0x2C59, 0x2C29],
    [0x2C5A, 0x2C5A, 0x2C2A],
    [0x2C5B, 0x2C5B, 0x2C2B],
    [0x2C5C, 0x2C5C, 0x2C2C],
    [0x2C5D, 0x2C5D, 0x2C2D],
    [0x2C5E, 0x2C5E, 0x2C2E],
    [0x2C5F, 0x2C5F, 0x2C2F],
    [0x2C60, 0x2C61, 0x2C60],
    [0x2C61, 0x2C61, 0x2C60],
    [0x2C62, 0x26B, 0x2C62],
    [0x2C63, 0x1D7D, 0x2C63],
    [0x2C64, 0x27D, 0x2C64],
    [0x2C65, 0x2C65, 0x23A],
    [0x2C66, 0x2C66, 0x23E],
    [0x2C67, 0x2C68, 0x2C67],
    [0x2C68, 0x2C68, 0x2C67],
    [0x2C69, 0x2C6A, 0x2C69],
    [0x2C6A, 0x2C6A, 0x2C69],
    [0x2C6B, 0x2C6C, 0x2C6B],
    [0x2C6C, 0x2C6C, 0x2C6B],
    [0x2C6D, 0x251, 0x2C6D],
    [0x2C6E, 0x271, 0x2C6E],
    [0x2C6F, 0x250, 0x2C6F],
    [0x2C70, 0x252, 0x2C70],
    [0x2C72, 0x2C73, 0x2C72],
    [0x2C73, 0x2C73, 0x2C72],
    [0x2C75, 0x2C76, 0x2C75],
    [0x2C76, 0x2C76, 0x2C75],
    [0x2C7E, 0x23F, 0x2C7E],
    [0x2C7F, 0x240, 0x2C7F],
    [0x2C80, 0x2C81, 0x2C80],
    [0x2C81, 0x2C81, 0x2C80],
    [0x2C82, 0x2C83, 0x2C82],
    [0x2C83, 0x2C83, 0x2C82],
    [0x2C84, 0x2C85, 0x2C84],
    [0x2C85, 0x2C85, 0x2C84],
    [0x2C86, 0x2C87, 0x2C86],
    [0x2C87, 0x2C87, 0x2C86],
    [0x2C88, 0x2C89, 0x2C88],
    [0x2C89, 0x2C89, 0x2C88],
    [0x2C8A, 0x2C8B, 0x2C8A],
    [0x2C8B, 0x2C8B, 0x2C8A],
    [0x2C8C, 0x2C8D, 0x2C8C],
    [0x2C8D, 0x2C8D, 0x2C8C],
    [0x2C8E, 0x2C8F, 0x2C8E],
    [0x2C8F, 0x2C8F, 0x2C8E],
    [0x2C90, 0x2C91, 0x2C90],
    [0x2C91, 0x2C91, 0x2C90],
    [0x2C92, 0x2C93, 0x2C92],
    [0x2C93, 0x2C93, 0x2C92],
    [0x2C94, 0x2C95, 0x2C94],
    [0x2C95, 0x2C95, 0x2C94],
    [0x2C96, 0x2C97, 0x2C96],
    [0x2C97, 0x2C97, 0x2C96],
    [0x2C98, 0x2C99, 0x2C98],
    [0x2C99, 0x2C99, 0x2C98],
    [0x2C9A, 0x2C9B, 0x2C9A],
    [0x2C9B, 0x2C9B, 0x2C9A],
    [0x2C9C, 0x2C9D, 0x2C9C],
    [0x2C9D, 0x2C9D, 0x2C9C],
    [0x2C9E, 0x2C9F, 0x2C9E],
    [0x2C9F, 0x2C9F, 0x2C9E],
    [0x2CA0, 0x2CA1, 0x2CA0],
    [0x2CA1, 0x2CA1, 0x2CA0],
    [0x2CA2, 0x2CA3, 0x2CA2],
    [0x2CA3, 0x2CA3, 0x2CA2],
    [0x2CA4, 0x2CA5, 0x2CA4],
    [0x2CA5, 0x2CA5, 0x2CA4],
    [0x2CA6, 0x2CA7, 0x2CA6],
    [0x2CA7, 0x2CA7, 0x2CA6],
    [0x2CA8, 0x2CA9, 0x2CA8],
    [0x2CA9, 0x2CA9, 0x2CA8],
    [0x2CAA, 0x2CAB, 0x2CAA],
    [0x2CAB, 0x2CAB, 0x2CAA],
    [0x2CAC, 0x2CAD, 0x2CAC],
    [0x2CAD, 0x2CAD, 0x2CAC],
    [0x2CAE, 0x2CAF, 0x2CAE],
    [0x2CAF, 0x2CAF, 0x2CAE],
    [0x2CB0, 0x2CB1, 0x2CB0],
    [0x2CB1, 0x2CB1, 0x2CB0],
    [0x2CB2, 0x2CB3, 0x2CB2],
    [0x2CB3, 0x2CB3, 0x2CB2],
    [0x2CB4, 0x2CB5, 0x2CB4],
    [0x2CB5, 0x2CB5, 0x2CB4],
    [0x2CB6, 0x2CB7, 0x2CB6],
    [0x2CB7, 0x2CB7, 0x2CB6],
    [0x2CB8, 0x2CB9, 0x2CB8],
    [0x2CB9, 0x2CB9, 0x2CB8],
    [0x2CBA, 0x2CBB, 0x2CBA],
    [0x2CBB, 0x2CBB, 0x2CBA],
    [0x2CBC, 0x2CBD, 0x2CBC],
    [0x2CBD, 0x2CBD, 0x2CBC],
    [0x2CBE, 0x2CBF, 0x2CBE],
    [0x2CBF, 0x2CBF, 0x2CBE],
    [0x2CC0, 0x2CC1, 0x2CC0],
    [0x2CC1, 0x2CC1, 0x2CC0],
    [0x2CC2, 0x2CC3, 0x2CC2],
    [0x2CC3, 0x2CC3, 0x2CC2],
    [0x2CC4, 0x2CC5, 0x2CC4],
    [0x2CC5, 0x2CC5, 0x2CC4],
    [0x2CC6, 0x2CC7, 0x2CC6],
    [0x2CC7, 0x2CC7, 0x2CC6],
    [0x2CC8, 0x2CC9, 0x2CC8],
    [0x2CC9, 0x2CC9, 0x2CC8],
    [0x2CCA, 0x2CCB, 0x2CCA],
    [0x2CCB, 0x2CCB, 0x2CCA],
    [0x2CCC, 0x2CCD, 0x2CCC],
    [0x2CCD, 0x2CCD, 0x2CCC],
    [0x2CCE, 0x2CCF, 0x2CCE],
    [0x2CCF, 0x2CCF, 0x2CCE],
    [0x2CD0, 0x2CD1, 0x2CD0],
    [0x2CD1, 0x2CD1, 0x2CD0],
    [0x2CD2, 0x2CD3, 0x2CD2],
    [0x2CD3, 0x2CD3, 0x2CD2],
    [0x2CD4, 0x2CD5, 0x2CD4],
    [0x2CD5, 0x2CD5, 0x2CD4],
    [0x2CD6, 0x2CD7, 0x2CD6],
    [0x2CD7, 0x2CD7, 0x2CD6],
    [0x2CD8, 0x2CD9, 0x2CD8],
    [0x2CD9, 0x2CD9, 0x2CD8],
    [0x2CDA, 0x2CDB, 0x2CDA],
    [0x2CDB, 0x2CDB, 0x2CDA],
    [0x2CDC, 0x2CDD, 0x2CDC],
    [0x2CDD, 0x2CDD, 0x2CDC],
    [0x2CDE, 0x2CDF, 0x2CDE],
    [0x2CDF, 0x2CDF, 0x2CDE],
    [0x2CE0, 0x2CE1, 0x2CE0],
    [0x2CE1, 0x2CE1, 0x2CE0],
    [0x2CE2, 0x2CE3, 0x2CE2],
    [0x2CE3, 0x2CE3, 0x2CE2],
    [0x2CEB, 0x2CEC, 0x2CEB],
    [0x2CEC, 0x2CEC, 0x2CEB],
    [0x2CED, 0x2CEE, 0x2CED],
    [0x2CEE, 0x2CEE, 0x2CED],
    [0x2CF2, 0x2CF3, 0x2CF2],
    [0x2CF3, 0x2CF3, 0x2CF2],
    [0x2D00, 0x2D00, 0x10A0],
    [0x2D01, 0x2D01, 0x10A1],
    [0x2D02, 0x2D02, 0x10A2],
    [0x2D03, 0x2D03, 0x10A3],
    [0x2D04, 0x2D04, 0x10A4],
    [0x2D05, 0x2D05, 0x10A5],
    [0x2D06, 0x2D06, 0x10A6],
    [0x2D07, 0x2D07, 0x10A7],
    [0x2D08, 0x2D08, 0x10A8],
    [0x2D09, 0x2D09, 0x10A9],
    [0x2D0A, 0x2D0A, 0x10AA],
    [0x2D0B, 0x2D0B, 0x10AB],
    [0x2D0C, 0x2D0C, 0x10AC],
    [0x2D0D, 0x2D0D, 0x10AD],
    [0x2D0E, 0x2D0E, 0x10AE],
    [0x2D0F, 0x2D0F, 0x10AF],
    [0x2D10, 0x2D10, 0x10B0],
    [0x2D11, 0x2D11, 0x10B1],
    [0x2D12, 0x2D12, 0x10B2],
    [0x2D13, 0x2D13, 0x10B3],
    [0x2D14, 0x2D14, 0x10B4],
    [0x2D15, 0x2D15, 0x10B5],
    [0x2D16, 0x2D16, 0x10B6],
    [0x2D17, 0x2D17, 0x10B7],
    [0x2D18, 0x2D18, 0x10B8],
    [0x2D19, 0x2D19, 0x10B9],
    [0x2D1A, 0x2D1A, 0x10BA],
    [0x2D1B, 0x2D1B, 0x10BB],
    [0x2D1C, 0x2D1C, 0x10BC],
    [0x2D1D, 0x2D1D, 0x10BD],
    [0x2D1E, 0x2D1E, 0x10BE],
    [0x2D1F, 0x2D1F, 0x10BF],
    [0x2D20, 0x2D20, 0x10C0],
    [0x2D21, 0x2D21, 0x10C1],
    [0x2D22, 0x2D22, 0x10C2],
    [0x2D23, 0x2D23, 0x10C3],
    [0x2D24, 0x2D24, 0x10C4],
    [0x2D25, 0x2D25, 0x10C5],
    [0x2D27, 0x2D27, 0x10C7],
    [0x2D2D, 0x2D2D, 0x10CD],
    [0xA640, 0xA641, 0xA640],
    [0xA641, 0xA641, 0xA640],
    [0xA642, 0xA643, 0xA642],
    [0xA643, 0xA643, 0xA642],
    [0xA644, 0xA645, 0xA644],
    [0xA645, 0xA645, 0xA644],
    [0xA646, 0xA647, 0xA646],
    [0xA647, 0xA647, 0xA646],
    [0xA648, 0xA649, 0xA648],
    [0xA649, 0xA649, 0xA648],
    [0xA64A, 0xA64B, 0xA64A],
    [0xA64B, 0xA64B, 0xA64A],
    [0xA64C, 0xA64D, 0xA64C],
    [0xA64D, 0xA64D, 0xA64C],
    [0xA64E, 0xA64F, 0xA64E],
    [0xA64F, 0xA64F, 0xA64E],
    [0xA650, 0xA651, 0xA650],
    [0xA651, 0xA651, 0xA650],
    [0xA652, 0xA653, 0xA652],
    [0xA653, 0xA653, 0xA652],
    [0xA654, 0xA655, 0xA654],
    [0xA655, 0xA655, 0xA654],
    [0xA656, 0xA657, 0xA656],
    [0xA657, 0xA657, 0xA656],
    [0xA658, 0xA659, 0xA658],
    [0xA659, 0xA659, 0xA658],
    [0xA65A, 0xA65B, 0xA65A],
    [0xA65B, 0xA65B, 0xA65A],
    [0xA65C, 0xA65D, 0xA65C],
    [0xA65D, 0xA65D, 0xA65C],
    [0xA65E, 0xA65F, 0xA65E],
    [0xA65F, 0xA65F, 0xA65E],
    [0xA660, 0xA661, 0xA660],
    [0xA661, 0xA661, 0xA660],
    [0xA662, 0xA663, 0xA662],
    [0xA663, 0xA663, 0xA662],
    [0xA664, 0xA665, 0xA664],
    [0xA665, 0xA665, 0xA664],
    [0xA666, 0xA667, 0xA666],
    [0xA667, 0xA667, 0xA666],
    [0xA668, 0xA669, 0xA668],
    [0xA669, 0xA669, 0xA668],
    [0xA66A, 0xA66B, 0xA66A],
    [0xA66B, 0xA66B, 0xA66A],
    [0xA66C, 0xA66D, 0xA66C],
    [0xA66D, 0xA66D, 0xA66C],
    [0xA680, 0xA681, 0xA680],
    [0xA681, 0xA681, 0xA680],
    [0xA682, 0xA683, 0xA682],
    [0xA683, 0xA683, 0xA682],
    [0xA684, 0xA685, 0xA684],
    [0xA685, 0xA685, 0xA684],
    [0xA686, 0xA687, 0xA686],
    [0xA687, 0xA687, 0xA686],
    [0xA688, 0xA689, 0xA688],
    [0xA689, 0xA689, 0xA688],
    [0xA68A, 0xA68B, 0xA68A],
    [0xA68B, 0xA68B, 0xA68A],
    [0xA68C, 0xA68D, 0xA68C],
    [0xA68D, 0xA68D, 0xA68C],
    [0xA68E, 0xA68F, 0xA68E],
    [0xA68F, 0xA68F, 0xA68E],
    [0xA690, 0xA691, 0xA690],
    [0xA691, 0xA691, 0xA690],
    [0xA692, 0xA693, 0xA692],
    [0xA693, 0xA693, 0xA692],
    [0xA694, 0xA695, 0xA694],
    [0xA695, 0xA695, 0xA694],
    [0xA696, 0xA697, 0xA696],
    [0xA697, 0xA697, 0xA696],
    [0xA698, 0xA699, 0xA698],
    [0xA699, 0xA699, 0xA698],
    [0xA69A, 0xA69B, 0xA69A],
    [0xA69B, 0xA69B, 0xA69A],
    [0xA722, 0xA723, 0xA722],
    [0xA723, 0xA723, 0xA722],
    [0xA724, 0xA725, 0xA724],
    [0xA725, 0xA725, 0xA724],
    [0xA726, 0xA727, 0xA726],
    [0xA727, 0xA727, 0xA726],
    [0xA728, 0xA729, 0xA728],
    [0xA729, 0xA729, 0xA728],
    [0xA72A, 0xA72B, 0xA72A],
    [0xA72B, 0xA72B, 0xA72A],
    [0xA72C, 0xA72D, 0xA72C],
    [0xA72D, 0xA72D, 0xA72C],
    [0xA72E, 0xA72F, 0xA72E],
    [0xA72F, 0xA72F, 0xA72E],
    [0xA732, 0xA733, 0xA732],
    [0xA733, 0xA733, 0xA732],
    [0xA734, 0xA735, 0xA734],
    [0xA735, 0xA735, 0xA734],
    [0xA736, 0xA737, 0xA736],
    [0xA737, 0xA737, 0xA736],
    [0xA738, 0xA739, 0xA738],
    [0xA739, 0xA739, 0xA738],
    [0xA73A, 0xA73B, 0xA73A],
    [0xA73B, 0xA73B, 0xA73A],
    [0xA73C, 0xA73D, 0xA73C],
    [0xA73D, 0xA73D, 0xA73C],
    [0xA73E, 0xA73F, 0xA73E],
    [0xA73F, 0xA73F, 0xA73E],
    [0xA740, 0xA741, 0xA740],
    [0xA741, 0xA741, 0xA740],
    [0xA742, 0xA743, 0xA742],
    [0xA743, 0xA743, 0xA742],
    [0xA744, 0xA745, 0xA744],
    [0xA745, 0xA745, 0xA744],
    [0xA746, 0xA747, 0xA746],
    [0xA747, 0xA747, 0xA746],
    [0xA748, 0xA749, 0xA748],
    [0xA749, 0xA749, 0xA748],
    [0xA74A, 0xA74B, 0xA74A],
    [0xA74B, 0xA74B, 0xA74A],
    [0xA74C, 0xA74D, 0xA74C],
    [0xA74D, 0xA74D, 0xA74C],
    [0xA74E, 0xA74F, 0xA74E],
    [0xA74F, 0xA74F, 0xA74E],
    [0xA750, 0xA751, 0xA750],
    [0xA751, 0xA751, 0xA750],
    [0xA752, 0xA753, 0xA752],
    [0xA753, 0xA753, 0xA752],
    [0xA754, 0xA755, 0xA754],
    [0xA755, 0xA755, 0xA754],
    [0xA756, 0xA757, 0xA756],
    [0xA757, 0xA757, 0xA756],
    [0xA758, 0xA759, 0xA758],
    [0xA759, 0xA759, 0xA758],
    [0xA75A, 0xA75B, 0xA75A],
    [0xA75B, 0xA75B, 0xA75A],
    [0xA75C, 0xA75D, 0xA75C],
    [0xA75D, 0xA75D, 0xA75C],
    [0xA75E, 0xA75F, 0xA75E],
    [0xA75F, 0xA75F, 0xA75E],
    [0xA760, 0xA761, 0xA760],
    [0xA761, 0xA761, 0xA760],
    [0xA762, 0xA763, 0xA762],
    [0xA763, 0xA763, 0xA762],
    [0xA764, 0xA765, 0xA764],
    [0xA765, 0xA765, 0xA764],
    [0xA766, 0xA767, 0xA766],
    [0xA767, 0xA767, 0xA766],
    [0xA768, 0xA769, 0xA768],
    [0xA769, 0xA769, 0xA768],
    [0xA76A, 0xA76B, 0xA76A],
    [0xA76B, 0xA76B, 0xA76A],
    [0xA76C, 0xA76D, 0xA76C],
    [0xA76D, 0xA76D, 0xA76C],
    [0xA76E, 0xA76F, 0xA76E],
    [0xA76F, 0xA76F, 0xA76E],
    [0xA779, 0xA77A, 0xA779],
    [0xA77A, 0xA77A, 0xA779],
    [0xA77B, 0xA77C, 0xA77B],
    [0xA77C, 0xA77C, 0xA77B],
    [0xA77D, 0x1D79, 0xA77D],
    [0xA77E, 0xA77F, 0xA77E],
    [0xA77F, 0xA77F, 0xA77E],
    [0xA780, 0xA781, 0xA780],
    [0xA781, 0xA781, 0xA780],
    [0xA782, 0xA783, 0xA782],
    [0xA783, 0xA783, 0xA782],
    [0xA784, 0xA785, 0xA784],
    [0xA785, 0xA785, 0xA784],
    [0xA786, 0xA787, 0xA786],
    [0xA787, 0xA787, 0xA786],
    [0xA78B, 0xA78C, 0xA78B],
    [0xA78C, 0xA78C, 0xA78B],
    [0xA78D, 0x265, 0xA78D],
    [0xA790, 0xA791, 0xA790],
    [0xA791, 0xA791, 0xA790],
    [0xA792, 0xA793, 0xA792],
    [0xA793, 0xA793, 0xA792],
    [0xA794, 0xA794, 0xA7C4],
    [0xA796, 0xA797, 0xA796],
    [0xA797, 0xA797, 0xA796],
    [0xA798, 0xA799, 0xA798],
    [0xA799, 0xA799, 0xA798],
    [0xA79A, 0xA79B, 0xA79A],
    [0xA79B, 0xA79B, 0xA79A],
    [0xA79C, 0xA79D, 0xA79C],
    [0xA79D, 0xA79D, 0xA79C],
    [0xA79E, 0xA79F, 0xA79E],
    [0xA79F, 0xA79F, 0xA79E],
    [0xA7A0, 0xA7A1, 0xA7A0],
    [0xA7A1, 0xA7A1, 0xA7A0],
    [0xA7A2, 0xA7A3, 0xA7A2],
    [0xA7A3, 0xA7A3, 0xA7A2],
    [0xA7A4, 0xA7A5, 0xA7A4],
    [0xA7A5, 0xA7A5, 0xA7A4],
    [0xA7A6, 0xA7A7, 0xA7A6],
    [0xA7A7, 0xA7A7, 0xA7A6],
    [0xA7A8, 0xA7A9, 0xA7A8],
    [0xA7A9, 0xA7A9, 0xA7A8],
    [0xA7AA, 0x266, 0xA7AA],
    [0xA7AB, 0x25C, 0xA7AB],
    [0xA7AC, 0x261, 0xA7AC],
    [0xA7AD, 0x26C, 0xA7AD],
    [0xA7AE, 0x26A, 0xA7AE],
    [0xA7B0, 0x29E, 0xA7B0],
    [0xA7B1, 0x287, 0xA7B1],
    [0xA7B2, 0x29D, 0xA7B2],
    [0xA7B3, 0xAB53, 0xA7B3],
    [0xA7B4, 0xA7B5, 0xA7B4],
    [0xA7B5, 0xA7B5, 0xA7B4],
    [0xA7B6, 0xA7B7, 0xA7B6],
    [0xA7B7, 0xA7B7, 0xA7B6],
    [0xA7B8, 0xA7B9, 0xA7B8],
    [0xA7B9, 0xA7B9, 0xA7B8],
    [0xA7BA, 0xA7BB, 0xA7BA],
    [0xA7BB, 0xA7BB, 0xA7BA],
    [0xA7BC, 0xA7BD, 0xA7BC],
    [0xA7BD, 0xA7BD, 0xA7BC],
    [0xA7BE, 0xA7BF, 0xA7BE],
    [0xA7BF, 0xA7BF, 0xA7BE],
    [0xA7C0, 0xA7C1, 0xA7C0],
    [0xA7C1, 0xA7C1, 0xA7C0],
    [0xA7C2, 0xA7C3, 0xA7C2],
    [0xA7C3, 0xA7C3, 0xA7C2],
    [0xA7C4, 0xA794, 0xA7C4],
    [0xA7C5, 0x282, 0xA7C5],
    [0xA7C6, 0x1D8E, 0xA7C6],
    [0xA7C7, 0xA7C8, 0xA7C7],
    [0xA7C8, 0xA7C8, 0xA7C7],
    [0xA7C9, 0xA7CA, 0xA7C9],
    [0xA7CA, 0xA7CA, 0xA7C9],
    [0xA7D0, 0xA7D1, 0xA7D0],
    [0xA7D1, 0xA7D1, 0xA7D0],
    [0xA7D6, 0xA7D7, 0xA7D6],
    [0xA7D7, 0xA7D7, 0xA7D6],
    [0xA7D8, 0xA7D9, 0xA7D8],
    [0xA7D9, 0xA7D9, 0xA7D8],
    [0xA7F5, 0xA7F6, 0xA7F5],
    [0xA7F6, 0xA7F6, 0xA7F5],
    [0xAB53, 0xAB53, 0xA7B3],
    [0xAB70, 0xAB70, 0x13A0],
    [0xAB71, 0xAB71, 0x13A1],
    [0xAB72, 0xAB72, 0x13A2],
    [0xAB73, 0xAB73, 0x13A3],
    [0xAB74, 0xAB74, 0x13A4],
    [0xAB75, 0xAB75, 0x13A5],
    [0xAB76, 0xAB76, 0x13A6],
    [0xAB77, 0xAB77, 0x13A7],
    [0xAB78, 0xAB78, 0x13A8],
    [0xAB79, 0xAB79, 0x13A9],
    [0xAB7A, 0xAB7A, 0x13AA],
    [0xAB7B, 0xAB7B, 0x13AB],
    [0xAB7C, 0xAB7C, 0x13AC],
    [0xAB7D, 0xAB7D, 0x13AD],
    [0xAB7E, 0xAB7E, 0x13AE],
    [0xAB7F, 0xAB7F, 0x13AF],
    [0xAB80, 0xAB80, 0x13B0],
    [0xAB81, 0xAB81, 0x13B1],
    [0xAB82, 0xAB82, 0x13B2],
    [0xAB83, 0xAB83, 0x13B3],
    [0xAB84, 0xAB84, 0x13B4],
    [0xAB85, 0xAB85, 0x13B5],
    [0xAB86, 0xAB86, 0x13B6],
    [0xAB87, 0xAB87, 0x13B7],
    [0xAB88, 0xAB88, 0x13B8],
    [0xAB89, 0xAB89, 0x13B9],
    [0xAB8A, 0xAB8A, 0x13BA],
    [0xAB8B, 0xAB8B, 0x13BB],
    [0xAB8C, 0xAB8C, 0x13BC],
    [0xAB8D, 0xAB8D, 0x13BD],
    [0xAB8E, 0xAB8E, 0x13BE],
    [0xAB8F, 0xAB8F, 0x13BF],
    [0xAB90, 0xAB90, 0x13C0],
    [0xAB91, 0xAB91, 0x13C1],
    [0xAB92, 0xAB92, 0x13C2],
    [0xAB93, 0xAB93, 0x13C3],
    [0xAB94, 0xAB94, 0x13C4],
    [0xAB95, 0xAB95, 0x13C5],
    [0xAB96, 0xAB96, 0x13C6],
    [0xAB97, 0xAB97, 0x13C7],
    [0xAB98, 0xAB98, 0x13C8],
    [0xAB99, 0xAB99, 0x13C9],
    [0xAB9A, 0xAB9A, 0x13CA],
    [0xAB9B, 0xAB9B, 0x13CB],
    [0xAB9C, 0xAB9C, 0x13CC],
    [0xAB9D, 0xAB9D, 0x13CD],
    [0xAB9E, 0xAB9E, 0x13CE],
    [0xAB9F, 0xAB9F, 0x13CF],
    [0xABA0, 0xABA0, 0x13D0],
    [0xABA1, 0xABA1, 0x13D1],
    [0xABA2, 0xABA2, 0x13D2],
    [0xABA3, 0xABA3, 0x13D3],
    [0xABA4, 0xABA4, 0x13D4],
    [0xABA5, 0xABA5, 0x13D5],
    [0xABA6, 0xABA6, 0x13D6],
    [0xABA7, 0xABA7, 0x13D7],
    [0xABA8, 0xABA8, 0x13D8],
    [0xABA9, 0xABA9, 0x13D9],
    [0xABAA, 0xABAA, 0x13DA],
    [0xABAB, 0xABAB, 0x13DB],
    [0xABAC, 0xABAC, 0x13DC],
    [0xABAD, 0xABAD, 0x13DD],
    [0xABAE, 0xABAE, 0x13DE],
    [0xABAF, 0xABAF, 0x13DF],
    [0xABB0, 0xABB0, 0x13E0],
    [0xABB1, 0xABB1, 0x13E1],
    [0xABB2, 0xABB2, 0x13E2],
    [0xABB3, 0xABB3, 0x13E3],
    [0xABB4, 0xABB4, 0x13E4],
    [0xABB5, 0xABB5, 0x13E5],
    [0xABB6, 0xABB6, 0x13E6],
    [0xABB7, 0xABB7, 0x13E7],
    [0xABB8, 0xABB8, 0x13E8],
    [0xABB9, 0xABB9, 0x13E9],
    [0xABBA, 0xABBA, 0x13EA],
    [0xABBB, 0xABBB, 0x13EB],
    [0xABBC, 0xABBC, 0x13EC],
    [0xABBD, 0xABBD, 0x13ED],
    [0xABBE, 0xABBE, 0x13EE],
    [0xABBF, 0xABBF, 0x13EF],
    [0xFB00, 0xFB00, 0x11003E],
    [0xFB01, 0xFB01, 0x11003F],
    [0xFB02, 0xFB02, 0x110040],
    [0xFB03, 0xFB03, 0x110041],
    [0xFB04, 0xFB04, 0x110042],
    [0xFB05, 0xFB05, 0x110043],
    [0xFB06, 0xFB06, 0x110043],
    [0xFB13, 0xFB13, 0x110044],
    [0xFB14, 0xFB14, 0x110045],
    [0xFB15, 0xFB15, 0x110046],
    [0xFB16, 0xFB16, 0x110047],
    [0xFB17, 0xFB17, 0x110048],
    [0xFF21, 0xFF41, 0xFF21],
    [0xFF22, 0xFF42, 0xFF22],
    [0xFF23, 0xFF43, 0xFF23],
    [0xFF24, 0xFF44, 0xFF24],
    [0xFF25, 0xFF45, 0xFF25],
    [0xFF26, 0xFF46, 0xFF26],
    [0xFF27, 0xFF47, 0xFF27],
    [0xFF28, 0xFF48, 0xFF28],
    [0xFF29, 0xFF49, 0xFF29],
    [0xFF2A, 0xFF4A, 0xFF2A],
    [0xFF2B, 0xFF4B, 0xFF2B],
    [0xFF2C, 0xFF4C, 0xFF2C],
    [0xFF2D, 0xFF4D, 0xFF2D],
    [0xFF2E, 0xFF4E, 0xFF2E],
    [0xFF2F, 0xFF4F, 0xFF2F],
    [0xFF30, 0xFF50, 0xFF30],
    [0xFF31, 0xFF51, 0xFF31],
    [0xFF32, 0xFF52, 0xFF32],
    [0xFF33, 0xFF53, 0xFF33],
    [0xFF34, 0xFF54, 0xFF34],
    [0xFF35, 0xFF55, 0xFF35],
    [0xFF36, 0xFF56, 0xFF36],
    [0xFF37, 0xFF57, 0xFF37],
    [0xFF38, 0xFF58, 0xFF38],
    [0xFF39, 0xFF59, 0xFF39],
    [0xFF3A, 0xFF5A, 0xFF3A],
    [0xFF41, 0xFF41, 0xFF21],
    [0xFF42, 0xFF42, 0xFF22],
    [0xFF43, 0xFF43, 0xFF23],
    [0xFF44, 0xFF44, 0xFF24],
    [0xFF45, 0xFF45, 0xFF25],
    [0xFF46, 0xFF46, 0xFF26],
    [0xFF47, 0xFF47, 0xFF27],
    [0xFF48, 0xFF48, 0xFF28],
    [0xFF49, 0xFF49, 0xFF29],
    [0xFF4A, 0xFF4A, 0xFF2A],
    [0xFF4B, 0xFF4B, 0xFF2B],
    [0xFF4C, 0xFF4C, 0xFF2C],
    [0xFF4D, 0xFF4D, 0xFF2D],
    [0xFF4E, 0xFF4E, 0xFF2E],
    [0xFF4F, 0xFF4F, 0xFF2F],
    [0xFF50, 0xFF50, 0xFF30],
    [0xFF51, 0xFF51, 0xFF31],
    [0xFF52, 0xFF52, 0xFF32],
    [0xFF53, 0xFF53, 0xFF33],
    [0xFF54, 0xFF54, 0xFF34],
    [0xFF55, 0xFF55, 0xFF35],
    [0xFF56, 0xFF56, 0xFF36],
    [0xFF57, 0xFF57, 0xFF37],
    [0xFF58, 0xFF58, 0xFF38],
    [0xFF59, 0xFF59, 0xFF39],
    [0xFF5A, 0xFF5A, 0xFF3A],
    [0x10400, 0x10428, 0x10400],
    [0x10401, 0x10429, 0x10401],
    [0x10402, 0x1042A, 0x10402],
    [0x10403, 0x1042B, 0x10403],
    [0x10404, 0x1042C, 0x10404],
    [0x10405, 0x1042D, 0x10405],
    [0x10406, 0x1042E, 0x10406],
    [0x10407, 0x1042F, 0x10407],
    [0x10408, 0x10430, 0x10408],
    [0x10409, 0x10431, 0x10409],
    [0x1040A, 0x10432, 0x1040A],
    [0x1040B, 0x10433, 0x1040B],
    [0x1040C, 0x10434, 0x1040C],
    [0x1040D, 0x10435, 0x1040D],
    [0x1040E, 0x10436, 0x1040E],
    [0x1040F, 0x10437, 0x1040F],
    [0x10410, 0x10438, 0x10410],
    [0x10411, 0x10439, 0x10411],
    [0x10412, 0x1043A, 0x10412],
    [0x10413, 0x1043B, 0x10413],
    [0x10414, 0x1043C, 0x10414],
    [0x10415, 0x1043D, 0x10415],
    [0x10416, 0x1043E, 0x10416],
    [0x10417, 0x1043F, 0x10417],
    [0x10418, 0x10440, 0x10418],
    [0x10419, 0x10441, 0x10419],
    [0x1041A, 0x10442, 0x1041A],
    [0x1041B, 0x10443, 0x1041B],
    [0x1041C, 0x10444, 0x1041C],
    [0x1041D, 0x10445, 0x1041D],
    [0x1041E, 0x10446, 0x1041E],
    [0x1041F, 0x10447, 0x1041F],
    [0x10420, 0x10448, 0x10420],
    [0x10421, 0x10449, 0x10421],
    [0x10422, 0x1044A, 0x10422],
    [0x10423, 0x1044B, 0x10423],
    [0x10424, 0x1044C, 0x10424],
    [0x10425, 0x1044D, 0x10425],
    [0x10426, 0x1044E, 0x10426],
    [0x10427, 0x1044F, 0x10427],
    [0x10428, 0x10428, 0x10400],
    [0x10429, 0x10429, 0x10401],
    [0x1042A, 0x1042A, 0x10402],
    [0x1042B, 0x1042B, 0x10403],
    [0x1042C, 0x1042C, 0x10404],
    [0x1042D, 0x1042D, 0x10405],
    [0x1042E, 0x1042E, 0x10406],
    [0x1042F, 0x1042F, 0x10407],
    [0x10430, 0x10430, 0x10408],
    [0x10431, 0x10431, 0x10409],
    [0x10432, 0x10432, 0x1040A],
    [0x10433, 0x10433, 0x1040B],
    [0x10434, 0x10434, 0x1040C],
    [0x10435, 0x10435, 0x1040D],
    [0x10436, 0x10436, 0x1040E],
    [0x10437, 0x10437, 0x1040F],
    [0x10438, 0x10438, 0x10410],
    [0x10439, 0x10439, 0x10411],
    [0x1043A, 0x1043A, 0x10412],
    [0x1043B, 0x1043B, 0x10413],
    [0x1043C, 0x1043C, 0x10414],
    [0x1043D, 0x1043D, 0x10415],
    [0x1043E, 0x1043E, 0x10416],
    [0x1043F, 0x1043F, 0x10417],
    [0x10440, 0x10440, 0x10418],
    [0x10441, 0x10441, 0x10419],
    [0x10442, 0x10442, 0x1041A],
    [0x10443, 0x10443, 0x1041B],
    [0x10444, 0x10444, 0x1041C],
    [0x10445, 0x10445, 0x1041D],
    [0x10446, 0x10446, 0x1041E],
    [0x10447, 0x10447, 0x1041F],
    [0x10448, 0x10448, 0x10420],
    [0x10449, 0x10449, 0x10421],
    [0x1044A, 0x1044A, 0x10422],
    [0x1044B, 0x1044B, 0x10423],
    [0x1044C, 0x1044C, 0x10424],
    [0x1044D, 0x1044D, 0x10425],
    [0x1044E, 0x1044E, 0x10426],
    [0x1044F, 0x1044F, 0x10427],
    [0x104B0, 0x104D8, 0x104B0],
    [0x104B1, 0x104D9, 0x104B1],
    [0x104B2, 0x104DA, 0x104B2],
    [0x104B3, 0x104DB, 0x104B3],
    [0x104B4, 0x104DC, 0x104B4],
    [0x104B5, 0x104DD, 0x104B5],
    [0x104B6, 0x104DE, 0x104B6],
    [0x104B7, 0x104DF, 0x104B7],
    [0x104B8, 0x104E0, 0x104B8],
    [0x104B9, 0x104E1, 0x104B9],
    [0x104BA, 0x104E2, 0x104BA],
    [0x104BB, 0x104E3, 0x104BB],
    [0x104BC, 0x104E4, 0x104BC],
    [0x104BD, 0x104E5, 0x104BD],
    [0x104BE, 0x104E6, 0x104BE],
    [0x104BF, 0x104E7, 0x104BF],
    [0x104C0, 0x104E8, 0x104C0],
    [0x104C1, 0x104E9, 0x104C1],
    [0x104C2, 0x104EA, 0x104C2],
    [0x104C3, 0x104EB, 0x104C3],
    [0x104C4, 0x104EC, 0x104C4],
    [0x104C5, 0x104ED, 0x104C5],
    [0x104C6, 0x104EE, 0x104C6],
    [0x104C7, 0x104EF, 0x104C7],
    [0x104C8, 0x104F0, 0x104C8],
    [0x104C9, 0x104F1, 0x104C9],
    [0x104CA, 0x104F2, 0x104CA],
    [0x104CB, 0x104F3, 0x104CB],
    [0x104CC, 0x104F4, 0x104CC],
    [0x104CD, 0x104F5, 0x104CD],
    [0x104CE, 0x104F6, 0x104CE],
    [0x104CF, 0x104F7, 0x104CF],
    [0x104D0, 0x104F8, 0x104D0],
    [0x104D1, 0x104F9, 0x104D1],
    [0x104D2, 0x104FA, 0x104D2],
    [0x104D3, 0x104FB, 0x104D3],
    [0x104D8, 0x104D8, 0x104B0],
    [0x104D9, 0x104D9, 0x104B1],
    [0x104DA, 0x104DA, 0x104B2],
    [0x104DB, 0x104DB, 0x104B3],
    [0x104DC, 0x104DC, 0x104B4],
    [0x104DD, 0x104DD, 0x104B5],
    [0x104DE, 0x104DE, 0x104B6],
    [0x104DF, 0x104DF, 0x104B7],
    [0x104E0, 0x104E0, 0x104B8],
    [0x104E1, 0x104E1, 0x104B9],
    [0x104E2, 0x104E2, 0x104BA],
    [0x104E3, 0x104E3, 0x104BB],
    [0x104E4, 0x104E4, 0x104BC],
    [0x104E5, 0x104E5, 0x104BD],
    [0x104E6, 0x104E6, 0x104BE],
    [0x104E7, 0x104E7, 0x104BF],
    [0x104E8, 0x104E8, 0x104C0],
    [0x104E9, 0x104E9, 0x104C1],
    [0x104EA, 0x104EA, 0x104C2],
    [0x104EB, 0x104EB, 0x104C3],
    [0x104EC, 0x104EC, 0x104C4],
    [0x104ED, 0x104ED, 0x104C5],
    [0x104EE, 0x104EE, 0x104C6],
    [0x104EF, 0x104EF, 0x104C7],
    [0x104F0, 0x104F0, 0x104C8],
    [0x104F1, 0x104F1, 0x104C9],
    [0x104F2, 0x104F2, 0x104CA],
    [0x104F3, 0x104F3, 0x104CB],
    [0x104F4, 0x104F4, 0x104CC],
    [0x104F5, 0x104F5, 0x104CD],
    [0x104F6, 0x104F6, 0x104CE],
    [0x104F7, 0x104F7, 0x104CF],
    [0x104F8, 0x104F8, 0x104D0],
    [0x104F9, 0x104F9, 0x104D1],
    [0x104FA, 0x104FA, 0x104D2],
    [0x104FB, 0x104FB, 0x104D3],
    [0x10570, 0x10597, 0x10570],
    [0x10571, 0x10598, 0x10571],
    [0x10572, 0x10599, 0x10572],
    [0x10573, 0x1059A, 0x10573],
    [0x10574, 0x1059B, 0x10574],
    [0x10575, 0x1059C, 0x10575],
    [0x10576, 0x1059D, 0x10576],
    [0x10577, 0x1059E, 0x10577],
    [0x10578, 0x1059F, 0x10578],
    [0x10579, 0x105A0, 0x10579],
    [0x1057A, 0x105A1, 0x1057A],
    [0x1057C, 0x105A3, 0x1057C],
    [0x1057D, 0x105A4, 0x1057D],
    [0x1057E, 0x105A5, 0x1057E],
    [0x1057F, 0x105A6, 0x1057F],
    [0x10580, 0x105A7, 0x10580],
    [0x10581, 0x105A8, 0x10581],
    [0x10582, 0x105A9, 0x10582],
    [0x10583, 0x105AA, 0x10583],
    [0x10584, 0x105AB, 0x10584],
    [0x10585, 0x105AC, 0x10585],
    [0x10586, 0x105AD, 0x10586],
    [0x10587, 0x105AE, 0x10587],
    [0x10588, 0x105AF, 0x10588],
    [0x10589, 0x105B0, 0x10589],
    [0x1058A, 0x105B1, 0x1058A],
    [0x1058C, 0x105B3, 0x1058C],
    [0x1058D, 0x105B4, 0x1058D],
    [0x1058E, 0x105B5, 0x1058E],
    [0x1058F, 0x105B6, 0x1058F],
    [0x10590, 0x105B7, 0x10590],
    [0x10591, 0x105B8, 0x10591],
    [0x10592, 0x105B9, 0x10592],
    [0x10594, 0x105BB, 0x10594],
    [0x10595, 0x105BC, 0x10595],
    [0x10597, 0x10597, 0x10570],
    [0x10598, 0x10598, 0x10571],
    [0x10599, 0x10599, 0x10572],
    [0x1059A, 0x1059A, 0x10573],
    [0x1059B, 0x1059B, 0x10574],
    [0x1059C, 0x1059C, 0x10575],
    [0x1059D, 0x1059D, 0x10576],
    [0x1059E, 0x1059E, 0x10577],
    [0x1059F, 0x1059F, 0x10578],
    [0x105A0, 0x105A0, 0x10579],
    [0x105A1, 0x105A1, 0x1057A],
    [0x105A3, 0x105A3, 0x1057C],
    [0x105A4, 0x105A4, 0x1057D],
    [0x105A5, 0x105A5, 0x1057E],
    [0x105A6, 0x105A6, 0x1057F],
    [0x105A7, 0x105A7, 0x10580],
    [0x105A8, 0x105A8, 0x10581],
    [0x105A9, 0x105A9, 0x10582],
    [0x105AA, 0x105AA, 0x10583],
    [0x105AB, 0x105AB, 0x10584],
    [0x105AC, 0x105AC, 0x10585],
    [0x105AD, 0x105AD, 0x10586],
    [0x105AE, 0x105AE, 0x10587],
    [0x105AF, 0x105AF, 0x10588],
    [0x105B0, 0x105B0, 0x10589],
    [0x105B1, 0x105B1, 0x1058A],
    [0x105B3, 0x105B3, 0x1058C],
    [0x105B4, 0x105B4, 0x1058D],
    [0x105B5, 0x105B5, 0x1058E],
    [0x105B6, 0x105B6, 0x1058F],
    [0x105B7, 0x105B7, 0x10590],
    [0x105B8, 0x105B8, 0x10591],
    [0x105B9, 0x105B9, 0x10592],
    [0x105BB, 0x105BB, 0x10594],
    [0x105BC, 0x105BC, 0x10595],
    [0x10C80, 0x10CC0, 0x10C80],
    [0x10C81, 0x10CC1, 0x10C81],
    [0x10C82, 0x10CC2, 0x10C82],
    [0x10C83, 0x10CC3, 0x10C83],
    [0x10C84, 0x10CC4, 0x10C84],
    [0x10C85, 0x10CC5, 0x10C85],
    [0x10C86, 0x10CC6, 0x10C86],
    [0x10C87, 0x10CC7, 0x10C87],
    [0x10C88, 0x10CC8, 0x10C88],
    [0x10C89, 0x10CC9, 0x10C89],
    [0x10C8A, 0x10CCA, 0x10C8A],
    [0x10C8B, 0x10CCB, 0x10C8B],
    [0x10C8C, 0x10CCC, 0x10C8C],
    [0x10C8D, 0x10CCD, 0x10C8D],
    [0x10C8E, 0x10CCE, 0x10C8E],
    [0x10C8F, 0x10CCF, 0x10C8F],
    [0x10C90, 0x10CD0, 0x10C90],
    [0x10C91, 0x10CD1, 0x10C91],
    [0x10C92, 0x10CD2, 0x10C92],
    [0x10C93, 0x10CD3, 0x10C93],
    [0x10C94, 0x10CD4, 0x10C94],
    [0x10C95, 0x10CD5, 0x10C95],
    [0x10C96, 0x10CD6, 0x10C96],
    [0x10C97, 0x10CD7, 0x10C97],
    [0x10C98, 0x10CD8, 0x10C98],
    [0x10C99, 0x10CD9, 0x10C99],
    [0x10C9A, 0x10CDA, 0x10C9A],
    [0x10C9B, 0x10CDB, 0x10C9B],
    [0x10C9C, 0x10CDC, 0x10C9C],
    [0x10C9D, 0x10CDD, 0x10C9D],
    [0x10C9E, 0x10CDE, 0x10C9E],
    [0x10C9F, 0x10CDF, 0x10C9F],
    [0x10CA0, 0x10CE0, 0x10CA0],
    [0x10CA1, 0x10CE1, 0x10CA1],
    [0x10CA2, 0x10CE2, 0x10CA2],
    [0x10CA3, 0x10CE3, 0x10CA3],
    [0x10CA4, 0x10CE4, 0x10CA4],
    [0x10CA5, 0x10CE5, 0x10CA5],
    [0x10CA6, 0x10CE6, 0x10CA6],
    [0x10CA7, 0x10CE7, 0x10CA7],
    [0x10CA8, 0x10CE8, 0x10CA8],
    [0x10CA9, 0x10CE9, 0x10CA9],
    [0x10CAA, 0x10CEA, 0x10CAA],
    [0x10CAB, 0x10CEB, 0x10CAB],
    [0x10CAC, 0x10CEC, 0x10CAC],
    [0x10CAD, 0x10CED, 0x10CAD],
    [0x10CAE, 0x10CEE, 0x10CAE],
    [0x10CAF, 0x10CEF, 0x10CAF],
    [0x10CB0, 0x10CF0, 0x10CB0],
    [0x10CB1, 0x10CF1, 0x10CB1],
    [0x10CB2, 0x10CF2, 0x10CB2],
    [0x10CC0, 0x10CC0, 0x10C80],
    [0x10CC1, 0x10CC1, 0x10C81],
    [0x10CC2, 0x10CC2, 0x10C82],
    [0x10CC3, 0x10CC3, 0x10C83],
    [0x10CC4, 0x10CC4, 0x10C84],
    [0x10CC5, 0x10CC5, 0x10C85],
    [0x10CC6, 0x10CC6, 0x10C86],
    [0x10CC7, 0x10CC7, 0x10C87],
    [0x10CC8, 0x10CC8, 0x10C88],
    [0x10CC9, 0x10CC9, 0x10C89],
    [0x10CCA, 0x10CCA, 0x10C8A],
    [0x10CCB, 0x10CCB, 0x10C8B],
    [0x10CCC, 0x10CCC, 0x10C8C],
    [0x10CCD, 0x10CCD, 0x10C8D],
    [0x10CCE, 0x10CCE, 0x10C8E],
    [0x10CCF, 0x10CCF, 0x10C8F],
    [0x10CD0, 0x10CD0, 0x10C90],
    [0x10CD1, 0x10CD1, 0x10C91],
    [0x10CD2, 0x10CD2, 0x10C92],
    [0x10CD3, 0x10CD3, 0x10C93],
    [0x10CD4, 0x10CD4, 0x10C94],
    [0x10CD5, 0x10CD5, 0x10C95],
    [0x10CD6, 0x10CD6, 0x10C96],
    [0x10CD7, 0x10CD7, 0x10C97],
    [0x10CD8, 0x10CD8, 0x10C98],
    [0x10CD9, 0x10CD9, 0x10C99],
    [0x10CDA, 0x10CDA, 0x10C9A],
    [0x10CDB, 0x10CDB, 0x10C9B],
    [0x10CDC, 0x10CDC, 0x10C9C],
    [0x10CDD, 0x10CDD, 0x10C9D],
    [0x10CDE, 0x10CDE, 0x10C9E],
    [0x10CDF, 0x10CDF, 0x10C9F],
    [0x10CE0, 0x10CE0, 0x10CA0],
    [0x10CE1, 0x10CE1, 0x10CA1],
    [0x10CE2, 0x10CE2, 0x10CA2],
    [0x10CE3, 0x10CE3, 0x10CA3],
    [0x10CE4, 0x10CE4, 0x10CA4],
    [0x10CE5, 0x10CE5, 0x10CA5],
    [0x10CE6, 0x10CE6, 0x10CA6],
    [0x10CE7, 0x10CE7, 0x10CA7],
    [0x10CE8, 0x10CE8, 0x10CA8],
    [0x10CE9, 0x10CE9, 0x10CA9],
    [0x10CEA, 0x10CEA, 0x10CAA],
    [0x10CEB, 0x10CEB, 0x10CAB],
    [0x10CEC, 0x10CEC, 0x10CAC],
    [0x10CED, 0x10CED, 0x10CAD],
    [0x10CEE, 0x10CEE, 0x10CAE],
    [0x10CEF, 0x10CEF, 0x10CAF],
    [0x10CF0, 0x10CF0, 0x10CB0],
    [0x10CF1, 0x10CF1, 0x10CB1],
    [0x10CF2, 0x10CF2, 0x10CB2],
    [0x118A0, 0x118C0, 0x118A0],
    [0x118A1, 0x118C1, 0x118A1],
    [0x118A2, 0x118C2, 0x118A2],
    [0x118A3, 0x118C3, 0x118A3],
    [0x118A4, 0x118C4, 0x118A4],
    [0x118A5, 0x118C5, 0x118A5],
    [0x118A6, 0x118C6, 0x118A6],
    [0x118A7, 0x118C7, 0x118A7],
    [0x118A8, 0x118C8, 0x118A8],
    [0x118A9, 0x118C9, 0x118A9],
    [0x118AA, 0x118CA, 0x118AA],
    [0x118AB, 0x118CB, 0x118AB],
    [0x118AC, 0x118CC, 0x118AC],
    [0x118AD, 0x118CD, 0x118AD],
    [0x118AE, 0x118CE, 0x118AE],
    [0x118AF, 0x118CF, 0x118AF],
    [0x118B0, 0x118D0, 0x118B0],
    [0x118B1, 0x118D1, 0x118B1],
    [0x118B2, 0x118D2, 0x118B2],
    [0x118B3, 0x118D3, 0x118B3],
    [0x118B4, 0x118D4, 0x118B4],
    [0x118B5, 0x118D5, 0x118B5],
    [0x118B6, 0x118D6, 0x118B6],
    [0x118B7, 0x118D7, 0x118B7],
    [0x118B8, 0x118D8, 0x118B8],
    [0x118B9, 0x118D9, 0x118B9],
    [0x118BA, 0x118DA, 0x118BA],
    [0x118BB, 0x118DB, 0x118BB],
    [0x118BC, 0x118DC, 0x118BC],
    [0x118BD, 0x118DD, 0x118BD],
    [0x118BE, 0x118DE, 0x118BE],
    [0x118BF, 0x118DF, 0x118BF],
    [0x118C0, 0x118C0, 0x118A0],
    [0x118C1, 0x118C1, 0x118A1],
    [0x118C2, 0x118C2, 0x118A2],
    [0x118C3, 0x118C3, 0x118A3],
    [0x118C4, 0x118C4, 0x118A4],
    [0x118C5, 0x118C5, 0x118A5],
    [0x118C6, 0x118C6, 0x118A6],
    [0x118C7, 0x118C7, 0x118A7],
    [0x118C8, 0x118C8, 0x118A8],
    [0x118C9, 0x118C9, 0x118A9],
    [0x118CA, 0x118CA, 0x118AA],
    [0x118CB, 0x118CB, 0x118AB],
    [0x118CC, 0x118CC, 0x118AC],
    [0x118CD, 0x118CD, 0x118AD],
    [0x118CE, 0x118CE, 0x118AE],
    [0x118CF, 0x118CF, 0x118AF],
    [0x118D0, 0x118D0, 0x118B0],
    [0x118D1, 0x118D1, 0x118B1],
    [0x118D2, 0x118D2, 0x118B2],
    [0x118D3, 0x118D3, 0x118B3],
    [0x118D4, 0x118D4, 0x118B4],
    [0x118D5, 0x118D5, 0x118B5],
    [0x118D6, 0x118D6, 0x118B6],
    [0x118D7, 0x118D7, 0x118B7],
    [0x118D8, 0x118D8, 0x118B8],
    [0x118D9, 0x118D9, 0x118B9],
    [0x118DA, 0x118DA, 0x118BA],
    [0x118DB, 0x118DB, 0x118BB],
    [0x118DC, 0x118DC, 0x118BC],
    [0x118DD, 0x118DD, 0x118BD],
    [0x118DE, 0x118DE, 0x118BE],
    [0x118DF, 0x118DF, 0x118BF],
    [0x16E40, 0x16E60, 0x16E40],
    [0x16E41, 0x16E61, 0x16E41],
    [0x16E42, 0x16E62, 0x16E42],
    [0x16E43, 0x16E63, 0x16E43],
    [0x16E44, 0x16E64, 0x16E44],
    [0x16E45, 0x16E65, 0x16E45],
    [0x16E46, 0x16E66, 0x16E46],
    [0x16E47, 0x16E67, 0x16E47],
    [0x16E48, 0x16E68, 0x16E48],
    [0x16E49, 0x16E69, 0x16E49],
    [0x16E4A, 0x16E6A, 0x16E4A],
    [0x16E4B, 0x16E6B, 0x16E4B],
    [0x16E4C, 0x16E6C, 0x16E4C],
    [0x16E4D, 0x16E6D, 0x16E4D],
    [0x16E4E, 0x16E6E, 0x16E4E],
    [0x16E4F, 0x16E6F, 0x16E4F],
    [0x16E50, 0x16E70, 0x16E50],
    [0x16E51, 0x16E71, 0x16E51],
    [0x16E52, 0x16E72, 0x16E52],
    [0x16E53, 0x16E73, 0x16E53],
    [0x16E54, 0x16E74, 0x16E54],
    [0x16E55, 0x16E75, 0x16E55],
    [0x16E56, 0x16E76, 0x16E56],
    [0x16E57, 0x16E77, 0x16E57],
    [0x16E58, 0x16E78, 0x16E58],
    [0x16E59, 0x16E79, 0x16E59],
    [0x16E5A, 0x16E7A, 0x16E5A],
    [0x16E5B, 0x16E7B, 0x16E5B],
    [0x16E5C, 0x16E7C, 0x16E5C],
    [0x16E5D, 0x16E7D, 0x16E5D],
    [0x16E5E, 0x16E7E, 0x16E5E],
    [0x16E5F, 0x16E7F, 0x16E5F],
    [0x16E60, 0x16E60, 0x16E40],
    [0x16E61, 0x16E61, 0x16E41],
    [0x16E62, 0x16E62, 0x16E42],
    [0x16E63, 0x16E63, 0x16E43],
    [0x16E64, 0x16E64, 0x16E44],
    [0x16E65, 0x16E65, 0x16E45],
    [0x16E66, 0x16E66, 0x16E46],
    [0x16E67, 0x16E67, 0x16E47],
    [0x16E68, 0x16E68, 0x16E48],
    [0x16E69, 0x16E69, 0x16E49],
    [0x16E6A, 0x16E6A, 0x16E4A],
    [0x16E6B, 0x16E6B, 0x16E4B],
    [0x16E6C, 0x16E6C, 0x16E4C],
    [0x16E6D, 0x16E6D, 0x16E4D],
    [0x16E6E, 0x16E6E, 0x16E4E],
    [0x16E6F, 0x16E6F, 0x16E4F],
    [0x16E70, 0x16E70, 0x16E50],
    [0x16E71, 0x16E71, 0x16E51],
    [0x16E72, 0x16E72, 0x16E52],
    [0x16E73, 0x16E73, 0x16E53],
    [0x16E74, 0x16E74, 0x16E54],
    [0x16E75, 0x16E75, 0x16E55],
    [0x16E76, 0x16E76, 0x16E56],
    [0x16E77, 0x16E77, 0x16E57],
    [0x16E78, 0x16E78, 0x16E58],
    [0x16E79, 0x16E79, 0x16E59],
    [0x16E7A, 0x16E7A, 0x16E5A],
    [0x16E7B, 0x16E7B, 0x16E5B],
    [0x16E7C, 0x16E7C, 0x16E5C],
    [0x16E7D, 0x16E7D, 0x16E5D],
    [0x16E7E, 0x16E7E, 0x16E5E],
    [0x16E7F, 0x16E7F, 0x16E5F],
    [0x1E900, 0x1E922, 0x1E900],
    [0x1E901, 0x1E923, 0x1E901],
    [0x1E902, 0x1E924, 0x1E902],
    [0x1E903, 0x1E925, 0x1E903],
    [0x1E904, 0x1E926, 0x1E904],
    [0x1E905, 0x1E927, 0x1E905],
    [0x1E906, 0x1E928, 0x1E906],
    [0x1E907, 0x1E929, 0x1E907],
    [0x1E908, 0x1E92A, 0x1E908],
    [0x1E909, 0x1E92B, 0x1E909],
    [0x1E90A, 0x1E92C, 0x1E90A],
    [0x1E90B, 0x1E92D, 0x1E90B],
    [0x1E90C, 0x1E92E, 0x1E90C],
    [0x1E90D, 0x1E92F, 0x1E90D],
    [0x1E90E, 0x1E930, 0x1E90E],
    [0x1E90F, 0x1E931, 0x1E90F],
    [0x1E910, 0x1E932, 0x1E910],
    [0x1E911, 0x1E933, 0x1E911],
    [0x1E912, 0x1E934, 0x1E912],
    [0x1E913, 0x1E935, 0x1E913],
    [0x1E914, 0x1E936, 0x1E914],
    [0x1E915, 0x1E937, 0x1E915],
    [0x1E916, 0x1E938, 0x1E916],
    [0x1E917, 0x1E939, 0x1E917],
    [0x1E918, 0x1E93A, 0x1E918],
    [0x1E919, 0x1E93B, 0x1E919],
    [0x1E91A, 0x1E93C, 0x1E91A],
    [0x1E91B, 0x1E93D, 0x1E91B],
    [0x1E91C, 0x1E93E, 0x1E91C],
    [0x1E91D, 0x1E93F, 0x1E91D],
    [0x1E91E, 0x1E940, 0x1E91E],
    [0x1E91F, 0x1E941, 0x1E91F],
    [0x1E920, 0x1E942, 0x1E920],
    [0x1E921, 0x1E943, 0x1E921],
    [0x1E922, 0x1E922, 0x1E900],
    [0x1E923, 0x1E923, 0x1E901],
    [0x1E924, 0x1E924, 0x1E902],
    [0x1E925, 0x1E925, 0x1E903],
    [0x1E926, 0x1E926, 0x1E904],
    [0x1E927, 0x1E927, 0x1E905],
    [0x1E928, 0x1E928, 0x1E906],
    [0x1E929, 0x1E929, 0x1E907],
    [0x1E92A, 0x1E92A, 0x1E908],
    [0x1E92B, 0x1E92B, 0x1E909],
    [0x1E92C, 0x1E92C, 0x1E90A],
    [0x1E92D, 0x1E92D, 0x1E90B],
    [0x1E92E, 0x1E92E, 0x1E90C],
    [0x1E92F, 0x1E92F, 0x1E90D],
    [0x1E930, 0x1E930, 0x1E90E],
    [0x1E931, 0x1E931, 0x1E90F],
    [0x1E932, 0x1E932, 0x1E910],
    [0x1E933, 0x1E933, 0x1E911],
    [0x1E934, 0x1E934, 0x1E912],
    [0x1E935, 0x1E935, 0x1E913],
    [0x1E936, 0x1E936, 0x1E914],
    [0x1E937, 0x1E937, 0x1E915],
    [0x1E938, 0x1E938, 0x1E916],
    [0x1E939, 0x1E939, 0x1E917],
    [0x1E93A, 0x1E93A, 0x1E918],
    [0x1E93B, 0x1E93B, 0x1E919],
    [0x1E93C, 0x1E93C, 0x1E91A],
    [0x1E93D, 0x1E93D, 0x1E91B],
    [0x1E93E, 0x1E93E, 0x1E91C],
    [0x1E93F, 0x1E93F, 0x1E91D],
    [0x1E940, 0x1E940, 0x1E91E],
    [0x1E941, 0x1E941, 0x1E91F],
    [0x1E942, 0x1E942, 0x1E920],
    [0x1E943, 0x1E943, 0x1E921],
];

// The runes whose condition is specialCasingConditionFinalSigma, each with its conditionalLower.
static SPECIAL_CASING_CONDITIONAL_LOWER: [[u32; 2]; 1] = [[0x3A3, 0x3C2]];

static SPECIAL_CASING_SEQUENCES: [[u32; 3]; 73] = [
    [0x53, 0x53, 0x0],
    [0x69, 0x307, 0x0],
    [0x2BC, 0x4E, 0x0],
    [0x4A, 0x30C, 0x0],
    [0x399, 0x308, 0x301],
    [0x3A5, 0x308, 0x301],
    [0x535, 0x552, 0x0],
    [0x48, 0x331, 0x0],
    [0x54, 0x308, 0x0],
    [0x57, 0x30A, 0x0],
    [0x59, 0x30A, 0x0],
    [0x41, 0x2BE, 0x0],
    [0x3A5, 0x313, 0x0],
    [0x3A5, 0x313, 0x300],
    [0x3A5, 0x313, 0x301],
    [0x3A5, 0x313, 0x342],
    [0x1F08, 0x399, 0x0],
    [0x1F09, 0x399, 0x0],
    [0x1F0A, 0x399, 0x0],
    [0x1F0B, 0x399, 0x0],
    [0x1F0C, 0x399, 0x0],
    [0x1F0D, 0x399, 0x0],
    [0x1F0E, 0x399, 0x0],
    [0x1F0F, 0x399, 0x0],
    [0x1F28, 0x399, 0x0],
    [0x1F29, 0x399, 0x0],
    [0x1F2A, 0x399, 0x0],
    [0x1F2B, 0x399, 0x0],
    [0x1F2C, 0x399, 0x0],
    [0x1F2D, 0x399, 0x0],
    [0x1F2E, 0x399, 0x0],
    [0x1F2F, 0x399, 0x0],
    [0x1F68, 0x399, 0x0],
    [0x1F69, 0x399, 0x0],
    [0x1F6A, 0x399, 0x0],
    [0x1F6B, 0x399, 0x0],
    [0x1F6C, 0x399, 0x0],
    [0x1F6D, 0x399, 0x0],
    [0x1F6E, 0x399, 0x0],
    [0x1F6F, 0x399, 0x0],
    [0x1FBA, 0x399, 0x0],
    [0x391, 0x399, 0x0],
    [0x386, 0x399, 0x0],
    [0x391, 0x342, 0x0],
    [0x391, 0x342, 0x399],
    [0x1FCA, 0x399, 0x0],
    [0x397, 0x399, 0x0],
    [0x389, 0x399, 0x0],
    [0x397, 0x342, 0x0],
    [0x397, 0x342, 0x399],
    [0x399, 0x308, 0x300],
    [0x399, 0x342, 0x0],
    [0x399, 0x308, 0x342],
    [0x3A5, 0x308, 0x300],
    [0x3A1, 0x313, 0x0],
    [0x3A5, 0x342, 0x0],
    [0x3A5, 0x308, 0x342],
    [0x1FFA, 0x399, 0x0],
    [0x3A9, 0x399, 0x0],
    [0x38F, 0x399, 0x0],
    [0x3A9, 0x342, 0x0],
    [0x3A9, 0x342, 0x399],
    [0x46, 0x46, 0x0],
    [0x46, 0x49, 0x0],
    [0x46, 0x4C, 0x0],
    [0x46, 0x46, 0x49],
    [0x46, 0x46, 0x4C],
    [0x53, 0x54, 0x0],
    [0x544, 0x546, 0x0],
    [0x544, 0x535, 0x0],
    [0x544, 0x53B, 0x0],
    [0x54E, 0x546, 0x0],
    [0x544, 0x53D, 0x0],
];

pub(crate) static UNICODE_CASED_RANGES: RangeTable = RangeTable {
    r16: &[
        Range16::new(0x41, 0x5A, 1),
        Range16::new(0x61, 0x7A, 1),
        Range16::new(0xAA, 0xB5, 11),
        Range16::new(0xBA, 0xC0, 6),
        Range16::new(0xC1, 0xD6, 1),
        Range16::new(0xD8, 0xF6, 1),
        Range16::new(0xF8, 0x1BA, 1),
        Range16::new(0x1BC, 0x1BF, 1),
        Range16::new(0x1C4, 0x293, 1),
        Range16::new(0x295, 0x2B8, 1),
        Range16::new(0x2C0, 0x2C1, 1),
        Range16::new(0x2E0, 0x2E4, 1),
        Range16::new(0x345, 0x370, 43),
        Range16::new(0x371, 0x373, 1),
        Range16::new(0x376, 0x377, 1),
        Range16::new(0x37A, 0x37D, 1),
        Range16::new(0x37F, 0x386, 7),
        Range16::new(0x388, 0x38A, 1),
        Range16::new(0x38C, 0x38E, 2),
        Range16::new(0x38F, 0x3A1, 1),
        Range16::new(0x3A3, 0x3F5, 1),
        Range16::new(0x3F7, 0x481, 1),
        Range16::new(0x48A, 0x52F, 1),
        Range16::new(0x531, 0x556, 1),
        Range16::new(0x560, 0x588, 1),
        Range16::new(0x10A0, 0x10C5, 1),
        Range16::new(0x10C7, 0x10CD, 6),
        Range16::new(0x10D0, 0x10FA, 1),
        Range16::new(0x10FC, 0x10FF, 1),
        Range16::new(0x13A0, 0x13F5, 1),
        Range16::new(0x13F8, 0x13FD, 1),
        Range16::new(0x1C80, 0x1C88, 1),
        Range16::new(0x1C90, 0x1CBA, 1),
        Range16::new(0x1CBD, 0x1CBF, 1),
        Range16::new(0x1D00, 0x1DBF, 1),
        Range16::new(0x1E00, 0x1F15, 1),
        Range16::new(0x1F18, 0x1F1D, 1),
        Range16::new(0x1F20, 0x1F45, 1),
        Range16::new(0x1F48, 0x1F4D, 1),
        Range16::new(0x1F50, 0x1F57, 1),
        Range16::new(0x1F59, 0x1F5F, 2),
        Range16::new(0x1F60, 0x1F7D, 1),
        Range16::new(0x1F80, 0x1FB4, 1),
        Range16::new(0x1FB6, 0x1FBC, 1),
        Range16::new(0x1FBE, 0x1FC2, 4),
        Range16::new(0x1FC3, 0x1FC4, 1),
        Range16::new(0x1FC6, 0x1FCC, 1),
        Range16::new(0x1FD0, 0x1FD3, 1),
        Range16::new(0x1FD6, 0x1FDB, 1),
        Range16::new(0x1FE0, 0x1FEC, 1),
        Range16::new(0x1FF2, 0x1FF4, 1),
        Range16::new(0x1FF6, 0x1FFC, 1),
        Range16::new(0x2071, 0x207F, 14),
        Range16::new(0x2090, 0x209C, 1),
        Range16::new(0x2102, 0x2107, 5),
        Range16::new(0x210A, 0x2113, 1),
        Range16::new(0x2115, 0x2119, 4),
        Range16::new(0x211A, 0x211D, 1),
        Range16::new(0x2124, 0x212A, 2),
        Range16::new(0x212B, 0x212D, 1),
        Range16::new(0x212F, 0x2134, 1),
        Range16::new(0x2139, 0x213C, 3),
        Range16::new(0x213D, 0x213F, 1),
        Range16::new(0x2145, 0x2149, 1),
        Range16::new(0x214E, 0x2160, 18),
        Range16::new(0x2161, 0x217F, 1),
        Range16::new(0x2183, 0x2184, 1),
        Range16::new(0x24B6, 0x24E9, 1),
        Range16::new(0x2C00, 0x2CE4, 1),
        Range16::new(0x2CEB, 0x2CEE, 1),
        Range16::new(0x2CF2, 0x2CF3, 1),
        Range16::new(0x2D00, 0x2D25, 1),
        Range16::new(0x2D27, 0x2D2D, 6),
        Range16::new(0xA640, 0xA66D, 1),
        Range16::new(0xA680, 0xA69D, 1),
        Range16::new(0xA722, 0xA787, 1),
        Range16::new(0xA78B, 0xA78E, 1),
        Range16::new(0xA790, 0xA7CA, 1),
        Range16::new(0xA7D0, 0xA7D1, 1),
        Range16::new(0xA7D3, 0xA7D5, 2),
        Range16::new(0xA7D6, 0xA7D9, 1),
        Range16::new(0xA7F2, 0xA7F6, 1),
        Range16::new(0xA7F8, 0xA7FA, 1),
        Range16::new(0xAB30, 0xAB5A, 1),
        Range16::new(0xAB5C, 0xAB69, 1),
        Range16::new(0xAB70, 0xABBF, 1),
        Range16::new(0xFB00, 0xFB06, 1),
        Range16::new(0xFB13, 0xFB17, 1),
        Range16::new(0xFF21, 0xFF3A, 1),
        Range16::new(0xFF41, 0xFF5A, 1),
    ],
    r32: &[
        Range32::new(0x10400, 0x1044F, 1),
        Range32::new(0x104B0, 0x104D3, 1),
        Range32::new(0x104D8, 0x104FB, 1),
        Range32::new(0x10570, 0x1057A, 1),
        Range32::new(0x1057C, 0x1058A, 1),
        Range32::new(0x1058C, 0x10592, 1),
        Range32::new(0x10594, 0x10595, 1),
        Range32::new(0x10597, 0x105A1, 1),
        Range32::new(0x105A3, 0x105B1, 1),
        Range32::new(0x105B3, 0x105B9, 1),
        Range32::new(0x105BB, 0x105BC, 1),
        Range32::new(0x10780, 0x10783, 3),
        Range32::new(0x10784, 0x10785, 1),
        Range32::new(0x10787, 0x107B0, 1),
        Range32::new(0x107B2, 0x107BA, 1),
        Range32::new(0x10C80, 0x10CB2, 1),
        Range32::new(0x10CC0, 0x10CF2, 1),
        Range32::new(0x118A0, 0x118DF, 1),
        Range32::new(0x16E40, 0x16E7F, 1),
        Range32::new(0x1D400, 0x1D454, 1),
        Range32::new(0x1D456, 0x1D49C, 1),
        Range32::new(0x1D49E, 0x1D49F, 1),
        Range32::new(0x1D4A2, 0x1D4A5, 3),
        Range32::new(0x1D4A6, 0x1D4A9, 3),
        Range32::new(0x1D4AA, 0x1D4AC, 1),
        Range32::new(0x1D4AE, 0x1D4B9, 1),
        Range32::new(0x1D4BB, 0x1D4BD, 2),
        Range32::new(0x1D4BE, 0x1D4C3, 1),
        Range32::new(0x1D4C5, 0x1D505, 1),
        Range32::new(0x1D507, 0x1D50A, 1),
        Range32::new(0x1D50D, 0x1D514, 1),
        Range32::new(0x1D516, 0x1D51C, 1),
        Range32::new(0x1D51E, 0x1D539, 1),
        Range32::new(0x1D53B, 0x1D53E, 1),
        Range32::new(0x1D540, 0x1D544, 1),
        Range32::new(0x1D546, 0x1D54A, 4),
        Range32::new(0x1D54B, 0x1D550, 1),
        Range32::new(0x1D552, 0x1D6A5, 1),
        Range32::new(0x1D6A8, 0x1D6C0, 1),
        Range32::new(0x1D6C2, 0x1D6DA, 1),
        Range32::new(0x1D6DC, 0x1D6FA, 1),
        Range32::new(0x1D6FC, 0x1D714, 1),
        Range32::new(0x1D716, 0x1D734, 1),
        Range32::new(0x1D736, 0x1D74E, 1),
        Range32::new(0x1D750, 0x1D76E, 1),
        Range32::new(0x1D770, 0x1D788, 1),
        Range32::new(0x1D78A, 0x1D7A8, 1),
        Range32::new(0x1D7AA, 0x1D7C2, 1),
        Range32::new(0x1D7C4, 0x1D7CB, 1),
        Range32::new(0x1DF00, 0x1DF09, 1),
        Range32::new(0x1DF0B, 0x1DF1E, 1),
        Range32::new(0x1DF25, 0x1DF2A, 1),
        Range32::new(0x1E030, 0x1E06D, 1),
        Range32::new(0x1E900, 0x1E943, 1),
        Range32::new(0x1F130, 0x1F149, 1),
        Range32::new(0x1F150, 0x1F169, 1),
        Range32::new(0x1F170, 0x1F189, 1),
    ],
    latin_offset: 6,
};

pub(crate) static UNICODE_CASE_IGNORABLE_RANGES: RangeTable = RangeTable {
    r16: &[
        Range16::new(0x27, 0x2E, 7),
        Range16::new(0x3A, 0x5E, 36),
        Range16::new(0x60, 0xA8, 72),
        Range16::new(0xAD, 0xAF, 2),
        Range16::new(0xB4, 0xB7, 3),
        Range16::new(0xB8, 0x2B0, 504),
        Range16::new(0x2B1, 0x36F, 1),
        Range16::new(0x374, 0x375, 1),
        Range16::new(0x37A, 0x384, 10),
        Range16::new(0x385, 0x387, 2),
        Range16::new(0x483, 0x489, 1),
        Range16::new(0x559, 0x55F, 6),
        Range16::new(0x591, 0x5BD, 1),
        Range16::new(0x5BF, 0x5C1, 2),
        Range16::new(0x5C2, 0x5C4, 2),
        Range16::new(0x5C5, 0x5C7, 2),
        Range16::new(0x5F4, 0x600, 12),
        Range16::new(0x601, 0x605, 1),
        Range16::new(0x610, 0x61A, 1),
        Range16::new(0x61C, 0x640, 36),
        Range16::new(0x64B, 0x65F, 1),
        Range16::new(0x670, 0x6D6, 102),
        Range16::new(0x6D7, 0x6DD, 1),
        Range16::new(0x6DF, 0x6E8, 1),
        Range16::new(0x6EA, 0x6ED, 1),
        Range16::new(0x70F, 0x711, 2),
        Range16::new(0x730, 0x74A, 1),
        Range16::new(0x7A6, 0x7B0, 1),
        Range16::new(0x7EB, 0x7F5, 1),
        Range16::new(0x7FA, 0x7FD, 3),
        Range16::new(0x816, 0x82D, 1),
        Range16::new(0x859, 0x85B, 1),
        Range16::new(0x888, 0x890, 8),
        Range16::new(0x891, 0x898, 7),
        Range16::new(0x899, 0x89F, 1),
        Range16::new(0x8C9, 0x902, 1),
        Range16::new(0x93A, 0x93C, 2),
        Range16::new(0x941, 0x948, 1),
        Range16::new(0x94D, 0x951, 4),
        Range16::new(0x952, 0x957, 1),
        Range16::new(0x962, 0x963, 1),
        Range16::new(0x971, 0x981, 16),
        Range16::new(0x9BC, 0x9C1, 5),
        Range16::new(0x9C2, 0x9C4, 1),
        Range16::new(0x9CD, 0x9E2, 21),
        Range16::new(0x9E3, 0x9FE, 27),
        Range16::new(0xA01, 0xA02, 1),
        Range16::new(0xA3C, 0xA41, 5),
        Range16::new(0xA42, 0xA47, 5),
        Range16::new(0xA48, 0xA4B, 3),
        Range16::new(0xA4C, 0xA4D, 1),
        Range16::new(0xA51, 0xA70, 31),
        Range16::new(0xA71, 0xA75, 4),
        Range16::new(0xA81, 0xA82, 1),
        Range16::new(0xABC, 0xAC1, 5),
        Range16::new(0xAC2, 0xAC5, 1),
        Range16::new(0xAC7, 0xAC8, 1),
        Range16::new(0xACD, 0xAE2, 21),
        Range16::new(0xAE3, 0xAFA, 23),
        Range16::new(0xAFB, 0xAFF, 1),
        Range16::new(0xB01, 0xB3C, 59),
        Range16::new(0xB3F, 0xB41, 2),
        Range16::new(0xB42, 0xB44, 1),
        Range16::new(0xB4D, 0xB55, 8),
        Range16::new(0xB56, 0xB62, 12),
        Range16::new(0xB63, 0xB82, 31),
        Range16::new(0xBC0, 0xBCD, 13),
        Range16::new(0xC00, 0xC04, 4),
        Range16::new(0xC3C, 0xC3E, 2),
        Range16::new(0xC3F, 0xC40, 1),
        Range16::new(0xC46, 0xC48, 1),
        Range16::new(0xC4A, 0xC4D, 1),
        Range16::new(0xC55, 0xC56, 1),
        Range16::new(0xC62, 0xC63, 1),
        Range16::new(0xC81, 0xCBC, 59),
        Range16::new(0xCBF, 0xCC6, 7),
        Range16::new(0xCCC, 0xCCD, 1),
        Range16::new(0xCE2, 0xCE3, 1),
        Range16::new(0xD00, 0xD01, 1),
        Range16::new(0xD3B, 0xD3C, 1),
        Range16::new(0xD41, 0xD44, 1),
        Range16::new(0xD4D, 0xD62, 21),
        Range16::new(0xD63, 0xD81, 30),
        Range16::new(0xDCA, 0xDD2, 8),
        Range16::new(0xDD3, 0xDD4, 1),
        Range16::new(0xDD6, 0xE31, 91),
        Range16::new(0xE34, 0xE3A, 1),
        Range16::new(0xE46, 0xE4E, 1),
        Range16::new(0xEB1, 0xEB4, 3),
        Range16::new(0xEB5, 0xEBC, 1),
        Range16::new(0xEC6, 0xEC8, 2),
        Range16::new(0xEC9, 0xECE, 1),
        Range16::new(0xF18, 0xF19, 1),
        Range16::new(0xF35, 0xF39, 2),
        Range16::new(0xF71, 0xF7E, 1),
        Range16::new(0xF80, 0xF84, 1),
        Range16::new(0xF86, 0xF87, 1),
        Range16::new(0xF8D, 0xF97, 1),
        Range16::new(0xF99, 0xFBC, 1),
        Range16::new(0xFC6, 0x102D, 103),
        Range16::new(0x102E, 0x1030, 1),
        Range16::new(0x1032, 0x1037, 1),
        Range16::new(0x1039, 0x103A, 1),
        Range16::new(0x103D, 0x103E, 1),
        Range16::new(0x1058, 0x1059, 1),
        Range16::new(0x105E, 0x1060, 1),
        Range16::new(0x1071, 0x1074, 1),
        Range16::new(0x1082, 0x1085, 3),
        Range16::new(0x1086, 0x108D, 7),
        Range16::new(0x109D, 0x10FC, 95),
        Range16::new(0x135D, 0x135F, 1),
        Range16::new(0x1712, 0x1714, 1),
        Range16::new(0x1732, 0x1733, 1),
        Range16::new(0x1752, 0x1753, 1),
        Range16::new(0x1772, 0x1773, 1),
        Range16::new(0x17B4, 0x17B5, 1),
        Range16::new(0x17B7, 0x17BD, 1),
        Range16::new(0x17C6, 0x17C9, 3),
        Range16::new(0x17CA, 0x17D3, 1),
        Range16::new(0x17D7, 0x17DD, 6),
        Range16::new(0x180B, 0x180F, 1),
        Range16::new(0x1843, 0x1885, 66),
        Range16::new(0x1886, 0x18A9, 35),
        Range16::new(0x1920, 0x1922, 1),
        Range16::new(0x1927, 0x1928, 1),
        Range16::new(0x1932, 0x1939, 7),
        Range16::new(0x193A, 0x193B, 1),
        Range16::new(0x1A17, 0x1A18, 1),
        Range16::new(0x1A1B, 0x1A56, 59),
        Range16::new(0x1A58, 0x1A5E, 1),
        Range16::new(0x1A60, 0x1A62, 2),
        Range16::new(0x1A65, 0x1A6C, 1),
        Range16::new(0x1A73, 0x1A7C, 1),
        Range16::new(0x1A7F, 0x1AA7, 40),
        Range16::new(0x1AB0, 0x1ACE, 1),
        Range16::new(0x1B00, 0x1B03, 1),
        Range16::new(0x1B34, 0x1B36, 2),
        Range16::new(0x1B37, 0x1B3A, 1),
        Range16::new(0x1B3C, 0x1B42, 6),
        Range16::new(0x1B6B, 0x1B73, 1),
        Range16::new(0x1B80, 0x1B81, 1),
        Range16::new(0x1BA2, 0x1BA5, 1),
        Range16::new(0x1BA8, 0x1BA9, 1),
        Range16::new(0x1BAB, 0x1BAD, 1),
        Range16::new(0x1BE6, 0x1BE8, 2),
        Range16::new(0x1BE9, 0x1BED, 4),
        Range16::new(0x1BEF, 0x1BF1, 1),
        Range16::new(0x1C2C, 0x1C33, 1),
        Range16::new(0x1C36, 0x1C37, 1),
        Range16::new(0x1C78, 0x1C7D, 1),
        Range16::new(0x1CD0, 0x1CD2, 1),
        Range16::new(0x1CD4, 0x1CE0, 1),
        Range16::new(0x1CE2, 0x1CE8, 1),
        Range16::new(0x1CED, 0x1CF4, 7),
        Range16::new(0x1CF8, 0x1CF9, 1),
        Range16::new(0x1D2C, 0x1D6A, 1),
        Range16::new(0x1D78, 0x1D9B, 35),
        Range16::new(0x1D9C, 0x1DFF, 1),
        Range16::new(0x1FBD, 0x1FBF, 2),
        Range16::new(0x1FC0, 0x1FC1, 1),
        Range16::new(0x1FCD, 0x1FCF, 1),
        Range16::new(0x1FDD, 0x1FDF, 1),
        Range16::new(0x1FED, 0x1FEF, 1),
        Range16::new(0x1FFD, 0x1FFE, 1),
        Range16::new(0x200B, 0x200F, 1),
        Range16::new(0x2018, 0x2019, 1),
        Range16::new(0x2024, 0x202A, 3),
        Range16::new(0x202B, 0x202E, 1),
        Range16::new(0x2060, 0x2064, 1),
        Range16::new(0x2066, 0x206F, 1),
        Range16::new(0x2071, 0x207F, 14),
        Range16::new(0x2090, 0x209C, 1),
        Range16::new(0x20D0, 0x20F0, 1),
        Range16::new(0x2C7C, 0x2C7D, 1),
        Range16::new(0x2CEF, 0x2CF1, 1),
        Range16::new(0x2D6F, 0x2D7F, 16),
        Range16::new(0x2DE0, 0x2DFF, 1),
        Range16::new(0x2E2F, 0x3005, 470),
        Range16::new(0x302A, 0x302D, 1),
        Range16::new(0x3031, 0x3035, 1),
        Range16::new(0x303B, 0x3099, 94),
        Range16::new(0x309A, 0x309E, 1),
        Range16::new(0x30FC, 0x30FE, 1),
        Range16::new(0xA015, 0xA4F8, 1251),
        Range16::new(0xA4F9, 0xA4FD, 1),
        Range16::new(0xA60C, 0xA66F, 99),
        Range16::new(0xA670, 0xA672, 1),
        Range16::new(0xA674, 0xA67D, 1),
        Range16::new(0xA67F, 0xA69C, 29),
        Range16::new(0xA69D, 0xA69F, 1),
        Range16::new(0xA6F0, 0xA6F1, 1),
        Range16::new(0xA700, 0xA721, 1),
        Range16::new(0xA770, 0xA788, 24),
        Range16::new(0xA789, 0xA78A, 1),
        Range16::new(0xA7F2, 0xA7F4, 1),
        Range16::new(0xA7F8, 0xA7F9, 1),
        Range16::new(0xA802, 0xA806, 4),
        Range16::new(0xA80B, 0xA825, 26),
        Range16::new(0xA826, 0xA82C, 6),
        Range16::new(0xA8C4, 0xA8C5, 1),
        Range16::new(0xA8E0, 0xA8F1, 1),
        Range16::new(0xA8FF, 0xA926, 39),
        Range16::new(0xA927, 0xA92D, 1),
        Range16::new(0xA947, 0xA951, 1),
        Range16::new(0xA980, 0xA982, 1),
        Range16::new(0xA9B3, 0xA9B6, 3),
        Range16::new(0xA9B7, 0xA9B9, 1),
        Range16::new(0xA9BC, 0xA9BD, 1),
        Range16::new(0xA9CF, 0xA9E5, 22),
        Range16::new(0xA9E6, 0xAA29, 67),
        Range16::new(0xAA2A, 0xAA2E, 1),
        Range16::new(0xAA31, 0xAA32, 1),
        Range16::new(0xAA35, 0xAA36, 1),
        Range16::new(0xAA43, 0xAA4C, 9),
        Range16::new(0xAA70, 0xAA7C, 12),
        Range16::new(0xAAB0, 0xAAB2, 2),
        Range16::new(0xAAB3, 0xAAB4, 1),
        Range16::new(0xAAB7, 0xAAB8, 1),
        Range16::new(0xAABE, 0xAABF, 1),
        Range16::new(0xAAC1, 0xAADD, 28),
        Range16::new(0xAAEC, 0xAAED, 1),
        Range16::new(0xAAF3, 0xAAF4, 1),
        Range16::new(0xAAF6, 0xAB5B, 101),
        Range16::new(0xAB5C, 0xAB5F, 1),
        Range16::new(0xAB69, 0xAB6B, 1),
        Range16::new(0xABE5, 0xABE8, 3),
        Range16::new(0xABED, 0xFB1E, 20273),
        Range16::new(0xFBB2, 0xFBC2, 1),
        Range16::new(0xFE00, 0xFE0F, 1),
        Range16::new(0xFE13, 0xFE20, 13),
        Range16::new(0xFE21, 0xFE2F, 1),
        Range16::new(0xFE52, 0xFE55, 3),
        Range16::new(0xFEFF, 0xFF07, 8),
        Range16::new(0xFF0E, 0xFF1A, 12),
        Range16::new(0xFF3E, 0xFF40, 2),
        Range16::new(0xFF70, 0xFF9E, 46),
        Range16::new(0xFF9F, 0xFFE3, 68),
        Range16::new(0xFFF9, 0xFFFB, 1),
    ],
    r32: &[
        Range32::new(0x101FD, 0x102E0, 227),
        Range32::new(0x10376, 0x1037A, 1),
        Range32::new(0x10780, 0x10785, 1),
        Range32::new(0x10787, 0x107B0, 1),
        Range32::new(0x107B2, 0x107BA, 1),
        Range32::new(0x10A01, 0x10A03, 1),
        Range32::new(0x10A05, 0x10A06, 1),
        Range32::new(0x10A0C, 0x10A0F, 1),
        Range32::new(0x10A38, 0x10A3A, 1),
        Range32::new(0x10A3F, 0x10AE5, 166),
        Range32::new(0x10AE6, 0x10D24, 574),
        Range32::new(0x10D25, 0x10D27, 1),
        Range32::new(0x10EAB, 0x10EAC, 1),
        Range32::new(0x10EFD, 0x10EFF, 1),
        Range32::new(0x10F46, 0x10F50, 1),
        Range32::new(0x10F82, 0x10F85, 1),
        Range32::new(0x11001, 0x11038, 55),
        Range32::new(0x11039, 0x11046, 1),
        Range32::new(0x11070, 0x11073, 3),
        Range32::new(0x11074, 0x1107F, 11),
        Range32::new(0x11080, 0x11081, 1),
        Range32::new(0x110B3, 0x110B6, 1),
        Range32::new(0x110B9, 0x110BA, 1),
        Range32::new(0x110BD, 0x110C2, 5),
        Range32::new(0x110CD, 0x11100, 51),
        Range32::new(0x11101, 0x11102, 1),
        Range32::new(0x11127, 0x1112B, 1),
        Range32::new(0x1112D, 0x11134, 1),
        Range32::new(0x11173, 0x11180, 13),
        Range32::new(0x11181, 0x111B6, 53),
        Range32::new(0x111B7, 0x111BE, 1),
        Range32::new(0x111C9, 0x111CC, 1),
        Range32::new(0x111CF, 0x1122F, 96),
        Range32::new(0x11230, 0x11231, 1),
        Range32::new(0x11234, 0x11236, 2),
        Range32::new(0x11237, 0x1123E, 7),
        Range32::new(0x11241, 0x112DF, 158),
        Range32::new(0x112E3, 0x112EA, 1),
        Range32::new(0x11300, 0x11301, 1),
        Range32::new(0x1133B, 0x1133C, 1),
        Range32::new(0x11340, 0x11366, 38),
        Range32::new(0x11367, 0x1136C, 1),
        Range32::new(0x11370, 0x11374, 1),
        Range32::new(0x11438, 0x1143F, 1),
        Range32::new(0x11442, 0x11444, 1),
        Range32::new(0x11446, 0x1145E, 24),
        Range32::new(0x114B3, 0x114B8, 1),
        Range32::new(0x114BA, 0x114BF, 5),
        Range32::new(0x114C0, 0x114C2, 2),
        Range32::new(0x114C3, 0x115B2, 239),
        Range32::new(0x115B3, 0x115B5, 1),
        Range32::new(0x115BC, 0x115BD, 1),
        Range32::new(0x115BF, 0x115C0, 1),
        Range32::new(0x115DC, 0x115DD, 1),
        Range32::new(0x11633, 0x1163A, 1),
        Range32::new(0x1163D, 0x1163F, 2),
        Range32::new(0x11640, 0x116AB, 107),
        Range32::new(0x116AD, 0x116B0, 3),
        Range32::new(0x116B1, 0x116B5, 1),
        Range32::new(0x116B7, 0x1171D, 102),
        Range32::new(0x1171E, 0x1171F, 1),
        Range32::new(0x11722, 0x11725, 1),
        Range32::new(0x11727, 0x1172B, 1),
        Range32::new(0x1182F, 0x11837, 1),
        Range32::new(0x11839, 0x1183A, 1),
        Range32::new(0x1193B, 0x1193C, 1),
        Range32::new(0x1193E, 0x11943, 5),
        Range32::new(0x119D4, 0x119D7, 1),
        Range32::new(0x119DA, 0x119DB, 1),
        Range32::new(0x119E0, 0x11A01, 33),
        Range32::new(0x11A02, 0x11A0A, 1),
        Range32::new(0x11A33, 0x11A38, 1),
        Range32::new(0x11A3B, 0x11A3E, 1),
        Range32::new(0x11A47, 0x11A51, 10),
        Range32::new(0x11A52, 0x11A56, 1),
        Range32::new(0x11A59, 0x11A5B, 1),
        Range32::new(0x11A8A, 0x11A96, 1),
        Range32::new(0x11A98, 0x11A99, 1),
        Range32::new(0x11C30, 0x11C36, 1),
        Range32::new(0x11C38, 0x11C3D, 1),
        Range32::new(0x11C3F, 0x11C92, 83),
        Range32::new(0x11C93, 0x11CA7, 1),
        Range32::new(0x11CAA, 0x11CB0, 1),
        Range32::new(0x11CB2, 0x11CB3, 1),
        Range32::new(0x11CB5, 0x11CB6, 1),
        Range32::new(0x11D31, 0x11D36, 1),
        Range32::new(0x11D3A, 0x11D3C, 2),
        Range32::new(0x11D3D, 0x11D3F, 2),
        Range32::new(0x11D40, 0x11D45, 1),
        Range32::new(0x11D47, 0x11D90, 73),
        Range32::new(0x11D91, 0x11D95, 4),
        Range32::new(0x11D97, 0x11EF3, 348),
        Range32::new(0x11EF4, 0x11F00, 12),
        Range32::new(0x11F01, 0x11F36, 53),
        Range32::new(0x11F37, 0x11F3A, 1),
        Range32::new(0x11F40, 0x11F42, 2),
        Range32::new(0x13430, 0x13440, 1),
        Range32::new(0x13447, 0x13455, 1),
        Range32::new(0x16AF0, 0x16AF4, 1),
        Range32::new(0x16B30, 0x16B36, 1),
        Range32::new(0x16B40, 0x16B43, 1),
        Range32::new(0x16F4F, 0x16F8F, 64),
        Range32::new(0x16F90, 0x16F9F, 1),
        Range32::new(0x16FE0, 0x16FE1, 1),
        Range32::new(0x16FE3, 0x16FE4, 1),
        Range32::new(0x1AFF0, 0x1AFF3, 1),
        Range32::new(0x1AFF5, 0x1AFFB, 1),
        Range32::new(0x1AFFD, 0x1AFFE, 1),
        Range32::new(0x1BC9D, 0x1BC9E, 1),
        Range32::new(0x1BCA0, 0x1BCA3, 1),
        Range32::new(0x1CF00, 0x1CF2D, 1),
        Range32::new(0x1CF30, 0x1CF46, 1),
        Range32::new(0x1D167, 0x1D169, 1),
        Range32::new(0x1D173, 0x1D182, 1),
        Range32::new(0x1D185, 0x1D18B, 1),
        Range32::new(0x1D1AA, 0x1D1AD, 1),
        Range32::new(0x1D242, 0x1D244, 1),
        Range32::new(0x1DA00, 0x1DA36, 1),
        Range32::new(0x1DA3B, 0x1DA6C, 1),
        Range32::new(0x1DA75, 0x1DA84, 15),
        Range32::new(0x1DA9B, 0x1DA9F, 1),
        Range32::new(0x1DAA1, 0x1DAAF, 1),
        Range32::new(0x1E000, 0x1E006, 1),
        Range32::new(0x1E008, 0x1E018, 1),
        Range32::new(0x1E01B, 0x1E021, 1),
        Range32::new(0x1E023, 0x1E024, 1),
        Range32::new(0x1E026, 0x1E02A, 1),
        Range32::new(0x1E030, 0x1E06D, 1),
        Range32::new(0x1E08F, 0x1E130, 161),
        Range32::new(0x1E131, 0x1E13D, 1),
        Range32::new(0x1E2AE, 0x1E2EC, 62),
        Range32::new(0x1E2ED, 0x1E2EF, 1),
        Range32::new(0x1E4EB, 0x1E4EF, 1),
        Range32::new(0x1E8D0, 0x1E8D6, 1),
        Range32::new(0x1E944, 0x1E94B, 1),
        Range32::new(0x1F3FB, 0x1F3FF, 1),
        Range32::new(0xE0001, 0xE0020, 31),
        Range32::new(0xE0021, 0xE007F, 1),
        Range32::new(0xE0100, 0xE01EF, 1),
    ],
    latin_offset: 5,
};
