3b-bind	pkg:ast	ast/ast.go:30	visit	6
3b-bind	pkg:ast	ast/ast.go:37	visitNodes	8
3b-bind	pkg:ast	ast/ast.go:46	visitNodeList	6
3b-bind	pkg:ast	ast/ast.go:53	visitModifiers	6
5-check	pkg:ast	ast/ast.go:70	NewNodeFactory	3
5-check	pkg:ast	ast/ast.go:74	newNode	10
5-check	pkg:ast	ast/ast.go:85	NodeFactory.newNode	4
5-check	pkg:ast	ast/ast.go:98	NodeFactory.AsNodeFactory	3
5-check	pkg:ast	ast/ast.go:128	NodeFactory.NewNodeList	6
5-check	pkg:ast	ast/ast.go:135	NodeList.Pos	1
5-check	pkg:ast	ast/ast.go:136	NodeList.End	1
5-check	pkg:ast	ast/ast.go:138	NodeList.HasTrailingComma	7
5-check	pkg:ast	ast/ast.go:193	Node.Pos	1
5-check	pkg:ast	ast/ast.go:194	Node.End	1
3b-bind	pkg:ast	ast/ast.go:209	Node.Name	1
3b-bind	pkg:ast	ast/ast.go:210	Node.Modifiers	1
3b-bind	pkg:ast	ast/ast.go:211	Node.FlowNodeData	1
3b-bind	pkg:ast	ast/ast.go:212	Node.DeclarationData	1
3b-bind	pkg:ast	ast/ast.go:213	Node.ExportableData	1
3b-bind	pkg:ast	ast/ast.go:214	Node.LocalsContainerData	1
5-check	pkg:ast	ast/ast.go:215	Node.FunctionLikeData	1
3b-bind	pkg:ast	ast/ast.go:216	Node.ParameterList	1
3b-bind	pkg:ast	ast/ast.go:217	Node.Parameters	1
5-check	pkg:ast	ast/ast.go:218	Node.ClassLikeData	1
3b-bind	pkg:ast	ast/ast.go:219	Node.BodyData	1
3b-bind	pkg:ast	ast/ast.go:240	Node.Symbol	7
5-check	pkg:ast	ast/ast.go:248	Node.LocalSymbol	7
4b-init	pkg:ast	ast/ast.go:256	Node.Locals	7
3b-bind	pkg:ast	ast/ast.go:264	Node.Body	7
3b-bind	pkg:ast	ast/ast.go:272	Node.Text	37
3b-bind	pkg:ast	ast/ast.go:310	Node.Expression	75
5-check	pkg:ast	ast/ast.go:494	Node.TypeArgumentList	23
5-check	pkg:ast	ast/ast.go:518	Node.TypeArguments	7
4b-init	pkg:ast	ast/ast.go:526	Node.TypeParameterList	20
4b-init	pkg:ast	ast/ast.go:547	Node.TypeParameters	7
5-check	pkg:ast	ast/ast.go:555	Node.MemberList	17
5-check	pkg:ast	ast/ast.go:573	Node.Members	7
3b-bind	pkg:ast	ast/ast.go:581	Node.StatementList	13
3b-bind	pkg:ast	ast/ast.go:595	Node.Statements	7
3b-bind	pkg:ast	ast/ast.go:612	Node.ModifierFlags	7
5-check	pkg:ast	ast/ast.go:620	Node.ModifierNodes	7
5-check	pkg:ast	ast/ast.go:628	Node.Type	59
3b-bind	pkg:ast	ast/ast.go:750	Node.Initializer	25
5-check	pkg:ast	ast/ast.go:858	Node.PropertyName	11
5-check	pkg:ast	ast/ast.go:870	Node.PropertyNameOrName	7
5-check	pkg:ast	ast/ast.go:895	Node.CommentList	49
5-check	pkg:ast	ast/ast.go:945	Node.Comments	7
5-check	pkg:ast	ast/ast.go:1043	Node.ElementList	15
5-check	pkg:ast	ast/ast.go:1059	Node.Elements	7
3b-bind	pkg:ast	ast/ast.go:1067	Node.PostfixToken	23
5-check	pkg:ast	ast/ast.go:1091	Node.QuestionToken	17
3b-bind	pkg:ast	ast/ast.go:1210	NodeDefault.AsNode	1
3b-bind	pkg:ast	ast/ast.go:1215	NodeDefault.Name	1
3b-bind	pkg:ast	ast/ast.go:1216	NodeDefault.Modifiers	1
5-check	pkg:ast	ast/ast.go:1219	NodeDefault.DeclarationData	1
5-check	pkg:ast	ast/ast.go:1220	NodeDefault.ExportableData	1
4b-init	pkg:ast	ast/ast.go:1221	NodeDefault.LocalsContainerData	1
5-check	pkg:ast	ast/ast.go:1222	NodeDefault.FunctionLikeData	1
3b-bind	pkg:ast	ast/ast.go:1224	NodeDefault.BodyData	1
5-check	pkg:ast	ast/ast.go:1265	IsWriteOnlyAccess	3
5-check	pkg:ast	ast/ast.go:1269	IsWriteAccess	3
5-check	pkg:ast	ast/ast.go:1427	accessKind	60
3b-bind	pkg:ast	ast/ast.go:1510	DeclarationBase.DeclarationData	1
5-check	pkg:ast	ast/ast.go:1512	IsDeclarationNode	3
3b-bind	pkg:ast	ast/ast.go:1518	ExportableBase.ExportableData	1
3b-bind	pkg:ast	ast/ast.go:1522	ModifiersBase.Modifiers	1
3b-bind	pkg:ast	ast/ast.go:1527	LocalsContainerBase.LocalsContainerData	1
3b-bind	pkg:ast	ast/ast.go:1529	IsLocalsContainer	3
3b-bind	pkg:ast	ast/ast.go:1535	FunctionLikeBase.LocalsContainerData	3
3b-bind	pkg:ast	ast/ast.go:1538	FunctionLikeBase.FunctionLikeData	1
3b-bind	pkg:ast	ast/ast.go:1542	BodyBase.BodyData	1
3b-bind	pkg:ast	ast/ast.go:1546	FunctionLikeWithBodyBase.LocalsContainerData	3
5-check	pkg:ast	ast/ast.go:1550	FunctionLikeWithBodyBase.FunctionLikeData	3
3b-bind	pkg:ast	ast/ast.go:1553	FunctionLikeWithBodyBase.BodyData	1
3b-bind	pkg:ast	ast/ast.go:1557	FlowNodeBase.FlowNodeData	1
5-check	pkg:ast	ast/ast.go:1560	Node.JSDoc	15
5-check	pkg:ast	ast/ast.go:1578	Node.EagerJSDoc	18
5-check	pkg:ast	ast/ast.go:1796	ClassLikeBase.ClassLikeData	1
4b-init	pkg:ast	ast/ast.go:1829	IsTypeOrJSTypeAliasDeclaration	3
3b-bind	pkg:ast	ast/ast.go:1924	NamedMemberBase.Modifiers	1
5-check	pkg:ast	ast/ast.go:2552	SourceFile.ParseOptions	3
5-check	pkg:ast	ast/ast.go:2556	SourceFile.Text	3
9-report	pkg:ast	ast/ast.go:2579	SourceFile.SpanMap	6
5-check	pkg:ast	ast/ast.go:2659	SourceFile.DiagnosticDirectives	6
3b-bind	pkg:ast	ast/ast.go:2714	SourceFile.FileName	3
5-check	pkg:ast	ast/ast.go:2718	SourceFile.Path	3
3b-bind	pkg:ast	ast/ast.go:2726	SourceFile.Diagnostics	3
5-check	pkg:ast	ast/ast.go:2758	SourceFile.resolveJSDoc	26
4a-preinit	pkg:ast	ast/ast.go:2785	SourceFile.BindDiagnostics	3
9-report	pkg:ast	ast/ast.go:2847	SourceFile.ECMALineMap	15
3b-bind	pkg:ast	ast/ast.go:2896	SourceFile.IsBound	3
3b-bind	pkg:ast	ast/ast.go:2908	SourceFile.BindOnce	6
5-check	pkg:ast	ast/ast.go:3128	NodeFactory.NewCommentRange	7
5-check	pkg:ast	ast/ast.go:3183	forEachChild_JSDocParameterOrPropertyTag	8
5-check	pkg:ast	ast/ast.go:3196	NodeFactory.ReleaseArenas	7
5-check	pkg:ast	ast/ast_generated.go:600	NodeFactory.NewToken	4
5-check	pkg:ast	ast/ast_generated.go:627	NodeFactory.NewIdentifier	6
3b-bind	pkg:ast	ast/ast_generated.go:638	IsIdentifier	3
3b-bind	pkg:ast	ast/ast_generated.go:662	IsPrivateIdentifier	3
3b-bind	pkg:ast	ast/ast_generated.go:692	QualifiedName.ForEachChild	3
5-check	pkg:ast	ast/ast_generated.go:709	IsQualifiedName	3
3b-bind	pkg:ast	ast/ast_generated.go:736	ComputedPropertyName.ForEachChild	3
5-check	pkg:ast	ast/ast_generated.go:752	IsComputedPropertyName	3
5-check	pkg:ast	ast/ast_generated.go:791	IsDecorator	3
5-check	pkg:ast	ast/ast_generated.go:1055	IsForInStatement	3
5-check	pkg:ast	ast/ast_generated.go:1649	IsBlock	3
3b-bind	pkg:ast	ast/ast_generated.go:1678	VariableStatement.ForEachChild	3
5-check	pkg:ast	ast/ast_generated.go:1690	IsVariableStatement	3
3b-bind	pkg:ast	ast/ast_generated.go:1725	VariableDeclaration.ForEachChild	6
3b-bind	pkg:ast	ast/ast_generated.go:1740	VariableDeclaration.Name	3
5-check	pkg:ast	ast/ast_generated.go:1744	IsVariableDeclaration	3
3b-bind	pkg:ast	ast/ast_generated.go:1773	VariableDeclarationList.ForEachChild	3
3b-bind	pkg:ast	ast/ast_generated.go:1812	BindingPattern.ForEachChild	3
5-check	pkg:ast	ast/ast_generated.go:1824	IsObjectBindingPattern	3
5-check	pkg:ast	ast/ast_generated.go:1866	ParameterDeclaration.ForEachChild	8
3b-bind	pkg:ast	ast/ast_generated.go:1883	ParameterDeclaration.Name	3
3b-bind	pkg:ast	ast/ast_generated.go:1887	IsParameterDeclaration	3
5-check	pkg:ast	ast/ast_generated.go:1923	BindingElement.ForEachChild	6
3b-bind	pkg:ast	ast/ast_generated.go:1938	BindingElement.Name	3
5-check	pkg:ast	ast/ast_generated.go:1942	IsBindingElement	3
3b-bind	pkg:ast	ast/ast_generated.go:2020	FunctionDeclaration.ForEachChild	10
3b-bind	pkg:ast	ast/ast_generated.go:2039	FunctionDeclaration.Name	3
5-check	pkg:ast	ast/ast_generated.go:2043	IsFunctionDeclaration	3
3b-bind	pkg:ast	ast/ast_generated.go:2074	ClassDeclaration.ForEachChild	7
3b-bind	pkg:ast	ast/ast_generated.go:2090	ClassDeclaration.Name	3
5-check	pkg:ast	ast/ast_generated.go:2094	IsClassDeclaration	3
3b-bind	pkg:ast	ast/ast_generated.go:2145	IsClassExpression	3
3b-bind	pkg:ast	ast/ast_generated.go:2174	HeritageClause.ForEachChild	3
3b-bind	pkg:ast	ast/ast_generated.go:2223	InterfaceDeclaration.ForEachChild	7
3b-bind	pkg:ast	ast/ast_generated.go:2239	InterfaceDeclaration.Name	3
4b-init	pkg:ast	ast/ast_generated.go:2243	IsInterfaceDeclaration	3
3b-bind	pkg:ast	ast/ast_generated.go:2295	TypeAliasDeclaration.ForEachChild	6
3b-bind	pkg:ast	ast/ast_generated.go:2317	TypeAliasDeclaration.Name	3
3b-bind	pkg:ast	ast/ast_generated.go:2325	IsJSTypeAliasDeclaration	3
5-check	pkg:ast	ast/ast_generated.go:2420	IsEnumDeclaration	3
3b-bind	pkg:ast	ast/ast_generated.go:2447	ModuleBlock.ForEachChild	3
3b-bind	pkg:ast	ast/ast_generated.go:2463	IsModuleBlock	3
3b-bind	pkg:ast	ast/ast_generated.go:2768	IsExportAssignment	3
5-check	pkg:ast	ast/ast_generated.go:2814	IsNamespaceExportDeclaration	3
3b-bind	pkg:ast	ast/ast_generated.go:2861	IsNamespaceExport	3
3b-bind	pkg:ast	ast/ast_generated.go:2888	NamedExports.ForEachChild	3
3b-bind	pkg:ast	ast/ast_generated.go:2953	IsExportSpecifier	3
3b-bind	pkg:ast	ast/ast_generated.go:2984	CallSignatureDeclaration.ForEachChild	3
3b-bind	pkg:ast	ast/ast_generated.go:3027	ConstructSignatureDeclaration.ForEachChild	3
5-check	pkg:ast	ast/ast_generated.go:3039	IsConstructSignatureDeclaration	3
3b-bind	pkg:ast	ast/ast_generated.go:3075	ConstructorDeclaration.ForEachChild	8
5-check	pkg:ast	ast/ast_generated.go:3092	IsConstructorDeclaration	3
3b-bind	pkg:ast	ast/ast_generated.go:3123	GetAccessorDeclaration.ForEachChild	9
3b-bind	pkg:ast	ast/ast_generated.go:3141	GetAccessorDeclaration.Name	3
5-check	pkg:ast	ast/ast_generated.go:3145	IsGetAccessorDeclaration	3
3b-bind	pkg:ast	ast/ast_generated.go:3176	SetAccessorDeclaration.ForEachChild	9
3b-bind	pkg:ast	ast/ast_generated.go:3194	SetAccessorDeclaration.Name	3
5-check	pkg:ast	ast/ast_generated.go:3198	IsSetAccessorDeclaration	3
3b-bind	pkg:ast	ast/ast_generated.go:3231	IndexSignatureDeclaration.ForEachChild	3
5-check	pkg:ast	ast/ast_generated.go:3243	IsIndexSignatureDeclaration	3
3b-bind	pkg:ast	ast/ast_generated.go:3278	MethodSignatureDeclaration.ForEachChild	8
3b-bind	pkg:ast	ast/ast_generated.go:3295	MethodSignatureDeclaration.Name	3
5-check	pkg:ast	ast/ast_generated.go:3299	IsMethodSignatureDeclaration	3
3b-bind	pkg:ast	ast/ast_generated.go:3339	MethodDeclaration.ForEachChild	11
3b-bind	pkg:ast	ast/ast_generated.go:3359	MethodDeclaration.Name	3
5-check	pkg:ast	ast/ast_generated.go:3363	IsMethodDeclaration	3
5-check	pkg:ast	ast/ast_generated.go:3381	NodeFactory.NewPropertySignatureDeclaration	9
3b-bind	pkg:ast	ast/ast_generated.go:3398	PropertySignatureDeclaration.ForEachChild	7
3b-bind	pkg:ast	ast/ast_generated.go:3414	PropertySignatureDeclaration.Name	3
5-check	pkg:ast	ast/ast_generated.go:3418	IsPropertySignatureDeclaration	3
3b-bind	pkg:ast	ast/ast_generated.go:3453	PropertyDeclaration.ForEachChild	7
3b-bind	pkg:ast	ast/ast_generated.go:3469	PropertyDeclaration.Name	3
3b-bind	pkg:ast	ast/ast_generated.go:3473	IsPropertyDeclaration	3
3b-bind	pkg:ast	ast/ast_generated.go:3541	IsClassStaticBlockDeclaration	3
5-check	pkg:ast	ast/ast_generated.go:3600	NodeFactory.NewStringLiteral	7
5-check	pkg:ast	ast/ast_generated.go:3612	IsStringLiteral	3
3b-bind	pkg:ast	ast/ast_generated.go:3636	IsNumericLiteral	3
5-check	pkg:ast	ast/ast_generated.go:3660	IsBigIntLiteral	3
5-check	pkg:ast	ast/ast_generated.go:3729	NodeFactory.NewBinaryExpression	9
5-check	pkg:ast	ast/ast_generated.go:3746	BinaryExpression.ForEachChild	7
3b-bind	pkg:ast	ast/ast_generated.go:3762	IsBinaryExpression	3
3b-bind	pkg:ast	ast/ast_generated.go:3790	PrefixUnaryExpression.ForEachChild	3
3b-bind	pkg:ast	ast/ast_generated.go:3945	IsArrowFunction	3
3b-bind	pkg:ast	ast/ast_generated.go:4007	IsFunctionExpression	3
5-check	pkg:ast	ast/ast_generated.go:4163	NodeFactory.NewPropertyAccessExpression	9
3b-bind	pkg:ast	ast/ast_generated.go:4180	PropertyAccessExpression.ForEachChild	3
5-check	pkg:ast	ast/ast_generated.go:4192	PropertyAccessExpression.Name	3
5-check	pkg:ast	ast/ast_generated.go:4196	IsPropertyAccessExpression	3
5-check	pkg:ast	ast/ast_generated.go:4248	IsElementAccessExpression	3
5-check	pkg:ast	ast/ast_generated.go:4266	NodeFactory.NewCallExpression	10
5-check	pkg:ast	ast/ast_generated.go:4284	CallExpression.ForEachChild	6
3b-bind	pkg:ast	ast/ast_generated.go:4299	IsCallExpression	3
5-check	pkg:ast	ast/ast_generated.go:4342	IsNewExpression	3
5-check	pkg:ast	ast/ast_generated.go:4428	IsNonNullExpression	3
5-check	pkg:ast	ast/ast_generated.go:4649	IsParenthesizedExpression	3
5-check	pkg:ast	ast/ast_generated.go:4664	NodeFactory.NewArrayLiteralExpression	6
5-check	pkg:ast	ast/ast_generated.go:4678	ArrayLiteralExpression.ForEachChild	3
5-check	pkg:ast	ast/ast_generated.go:4780	IsSpreadAssignment	3
5-check	pkg:ast	ast/ast_generated.go:4835	IsPropertyAssignment	3
5-check	pkg:ast	ast/ast_generated.go:4893	IsShorthandPropertyAssignment	3
5-check	pkg:ast	ast/ast_generated.go:5109	NodeFactory.NewKeywordTypeNode	4
5-check	pkg:ast	ast/ast_generated.go:5134	NodeFactory.NewUnionTypeNode	5
3b-bind	pkg:ast	ast/ast_generated.go:5147	UnionTypeNode.ForEachChild	3
5-check	pkg:ast	ast/ast_generated.go:5171	NodeFactory.NewIntersectionTypeNode	5
3b-bind	pkg:ast	ast/ast_generated.go:5184	IntersectionTypeNode.ForEachChild	3
3b-bind	pkg:ast	ast/ast_generated.go:5229	ConditionalTypeNode.ForEachChild	6
3b-bind	pkg:ast	ast/ast_generated.go:5244	IsConditionalTypeNode	3
3b-bind	pkg:ast	ast/ast_generated.go:5272	TypeOperatorNode.ForEachChild	3
5-check	pkg:ast	ast/ast_generated.go:5284	IsTypeOperatorNode	3
3b-bind	pkg:ast	ast/ast_generated.go:5310	InferTypeNode.ForEachChild	3
5-check	pkg:ast	ast/ast_generated.go:5322	IsInferTypeNode	3
5-check	pkg:ast	ast/ast_generated.go:5335	NodeFactory.NewArrayTypeNode	5
3b-bind	pkg:ast	ast/ast_generated.go:5348	ArrayTypeNode.ForEachChild	3
3b-bind	pkg:ast	ast/ast_generated.go:5388	IndexedAccessTypeNode.ForEachChild	3
5-check	pkg:ast	ast/ast_generated.go:5400	IsIndexedAccessTypeNode	3
5-check	pkg:ast	ast/ast_generated.go:5413	NodeFactory.NewTypeReferenceNode	6
3b-bind	pkg:ast	ast/ast_generated.go:5427	TypeReferenceNode.ForEachChild	3
4b-init	pkg:ast	ast/ast_generated.go:5439	IsTypeReferenceNode	3
5-check	pkg:ast	ast/ast_generated.go:5480	IsExpressionWithTypeArguments	3
5-check	pkg:ast	ast/ast_generated.go:5493	NodeFactory.NewLiteralTypeNode	5
3b-bind	pkg:ast	ast/ast_generated.go:5506	LiteralTypeNode.ForEachChild	3
5-check	pkg:ast	ast/ast_generated.go:5539	IsThisTypeNode	3
3b-bind	pkg:ast	ast/ast_generated.go:5569	TypePredicateNode.ForEachChild	3
5-check	pkg:ast	ast/ast_generated.go:5581	IsTypePredicateNode	3
3b-bind	pkg:ast	ast/ast_generated.go:5705	TypeQueryNode.ForEachChild	3
4b-init	pkg:ast	ast/ast_generated.go:5717	IsTypeQueryNode	3
3b-bind	pkg:ast	ast/ast_generated.go:5755	MappedTypeNode.ForEachChild	8
5-check	pkg:ast	ast/ast_generated.go:5772	IsMappedTypeNode	3
5-check	pkg:ast	ast/ast_generated.go:5786	NodeFactory.NewTypeLiteralNode	5
3b-bind	pkg:ast	ast/ast_generated.go:5799	TypeLiteralNode.ForEachChild	3
5-check	pkg:ast	ast/ast_generated.go:5811	IsTypeLiteralNode	3
3b-bind	pkg:ast	ast/ast_generated.go:5837	TupleTypeNode.ForEachChild	3
5-check	pkg:ast	ast/ast_generated.go:5849	IsTupleTypeNode	3
5-check	pkg:ast	ast/ast_generated.go:5901	IsNamedTupleMember	3
3b-bind	pkg:ast	ast/ast_generated.go:5965	RestTypeNode.ForEachChild	3
5-check	pkg:ast	ast/ast_generated.go:5977	IsRestTypeNode	3
3b-bind	pkg:ast	ast/ast_generated.go:6003	ParenthesizedTypeNode.ForEachChild	3
5-check	pkg:ast	ast/ast_generated.go:6015	IsParenthesizedTypeNode	3
3b-bind	pkg:ast	ast/ast_generated.go:6042	FunctionTypeNode.ForEachChild	3
3b-bind	pkg:ast	ast/ast_generated.go:6082	ConstructorTypeNode.ForEachChild	6
5-check	pkg:ast	ast/ast_generated.go:6097	IsConstructorTypeNode	3
3b-bind	pkg:ast	ast/ast_generated.go:6203	TemplateLiteralTypeNode.ForEachChild	3
3b-bind	pkg:ast	ast/ast_generated.go:6243	TemplateLiteralTypeSpan.ForEachChild	3
5-check	pkg:ast	ast/ast_generated.go:6255	IsTemplateLiteralTypeSpan	3
5-check	pkg:ast	ast/ast_generated.go:6827	IsJsxText	3
5-check	pkg:ast	ast/ast_generated.go:6880	NodeFactory.NewJSDoc	6
5-check	pkg:ast	ast/ast_generated.go:6894	JSDoc.ForEachChild	3
5-check	pkg:ast	ast/ast_generated.go:6919	NodeFactory.NewJSDocTypeExpression	5
5-check	pkg:ast	ast/ast_generated.go:6932	JSDocTypeExpression.ForEachChild	3
5-check	pkg:ast	ast/ast_generated.go:6944	IsJSDocTypeExpression	3
5-check	pkg:ast	ast/ast_generated.go:7169	NodeFactory.NewJSDocUnknownTag	6
5-check	pkg:ast	ast/ast_generated.go:7183	JSDocUnknownTag.ForEachChild	3
5-check	pkg:ast	ast/ast_generated.go:7253	NodeFactory.NewJSDocReturnTag	7
5-check	pkg:ast	ast/ast_generated.go:7268	JSDocReturnTag.ForEachChild	3
5-check	pkg:ast	ast/ast_generated.go:7280	IsJSDocReturnTag	3
5-check	pkg:ast	ast/ast_generated.go:7482	NodeFactory.NewJSDocDeprecatedTag	6
5-check	pkg:ast	ast/ast_generated.go:7496	JSDocDeprecatedTag.ForEachChild	3
5-check	pkg:ast	ast/ast_generated.go:7508	IsJSDocDeprecatedTag	3
5-check	pkg:ast	ast/ast_generated.go:7681	NodeFactory.NewJSDocThrowsTag	7
5-check	pkg:ast	ast/ast_generated.go:7696	JSDocThrowsTag.ForEachChild	3
5-check	pkg:ast	ast/ast_generated.go:7763	NodeFactory.NewJSDocImportTag	9
5-check	pkg:ast	ast/ast_generated.go:7780	JSDocImportTag.ForEachChild	7
3b-bind	pkg:ast	ast/ast_generated.go:8025	IsSourceFile	3
3b-bind	pkg:ast	ast/ast_generated.go:8062	ModuleDeclaration.ForEachChild	3
3b-bind	pkg:ast	ast/ast_generated.go:8074	ModuleDeclaration.Name	3
3b-bind	pkg:ast	ast/ast_generated.go:8078	IsModuleDeclaration	3
3b-bind	pkg:ast	ast/ast_generated.go:8165	ExportDeclaration.ForEachChild	6
3b-bind	pkg:ast	ast/ast_generated.go:8180	IsExportDeclaration	3
5-check	pkg:ast	ast/ast_generated.go:8246	NodeFactory.NewImportClause	7
5-check	pkg:ast	ast/ast_generated.go:8261	ImportClause.ForEachChild	3
5-check	pkg:ast	ast/ast_generated.go:8338	NodeFactory.NewJSDocText	6
5-check	pkg:ast	ast/ast_generated.go:8389	JSDocLink.Name	3
5-check	pkg:ast	ast/ast_generated.go:8477	JSDocLinkCode.Name	3
3b-bind	pkg:ast	ast/ast_generated.go:8517	TypeParameterDeclaration.ForEachChild	7
3b-bind	pkg:ast	ast/ast_generated.go:8533	TypeParameterDeclaration.Name	3
5-check	pkg:ast	ast/ast_generated.go:8537	IsTypeParameterDeclaration	3
5-check	pkg:ast	ast/ast_generated.go:8640	NodeFactory.NewJSDocParameterOrPropertyTag	10
5-check	pkg:ast	ast/ast_generated.go:8658	JSDocParameterOrPropertyTag.ForEachChild	3
5-check	pkg:ast	ast/ast_generated.go:8670	JSDocParameterOrPropertyTag.Name	3
3b-bind	pkg:ast	ast/ast_generated.go:8686	Node.ForEachChild	340
3b-bind	pkg:ast	ast/ast_generated.go:9035	Node.AsIdentifier	3
5-check	pkg:ast	ast/ast_generated.go:9043	Node.AsQualifiedName	3
3b-bind	pkg:ast	ast/ast_generated.go:9047	Node.AsComputedPropertyName	3
5-check	pkg:ast	ast/ast_generated.go:9135	Node.AsVariableStatement	3
3b-bind	pkg:ast	ast/ast_generated.go:9139	Node.AsVariableDeclaration	3
5-check	pkg:ast	ast/ast_generated.go:9143	Node.AsVariableDeclarationList	3
5-check	pkg:ast	ast/ast_generated.go:9147	Node.AsBindingPattern	3
3b-bind	pkg:ast	ast/ast_generated.go:9151	Node.AsParameterDeclaration	3
3b-bind	pkg:ast	ast/ast_generated.go:9155	Node.AsBindingElement	3
5-check	pkg:ast	ast/ast_generated.go:9167	Node.AsClassDeclaration	3
4b-init	pkg:ast	ast/ast_generated.go:9175	Node.AsHeritageClause	3
4b-init	pkg:ast	ast/ast_generated.go:9179	Node.AsInterfaceDeclaration	3
5-check	pkg:ast	ast/ast_generated.go:9183	Node.AsTypeAliasDeclaration	3
3b-bind	pkg:ast	ast/ast_generated.go:9195	Node.AsModuleBlock	3
5-check	pkg:ast	ast/ast_generated.go:9235	Node.AsNamedExports	3
3b-bind	pkg:ast	ast/ast_generated.go:9251	Node.AsConstructorDeclaration	3
5-check	pkg:ast	ast/ast_generated.go:9263	Node.AsIndexSignatureDeclaration	3
3b-bind	pkg:ast	ast/ast_generated.go:9267	Node.AsMethodSignatureDeclaration	3
3b-bind	pkg:ast	ast/ast_generated.go:9271	Node.AsMethodDeclaration	3
3b-bind	pkg:ast	ast/ast_generated.go:9275	Node.AsPropertySignatureDeclaration	3
3b-bind	pkg:ast	ast/ast_generated.go:9279	Node.AsPropertyDeclaration	3
3b-bind	pkg:ast	ast/ast_generated.go:9299	Node.AsStringLiteral	3
3b-bind	pkg:ast	ast/ast_generated.go:9303	Node.AsNumericLiteral	3
5-check	pkg:ast	ast/ast_generated.go:9319	Node.AsBinaryExpression	3
3b-bind	pkg:ast	ast/ast_generated.go:9323	Node.AsPrefixUnaryExpression	3
3b-bind	pkg:ast	ast/ast_generated.go:9355	Node.AsPropertyAccessExpression	3
5-check	pkg:ast	ast/ast_generated.go:9439	Node.AsKeywordTypeNode	3
5-check	pkg:ast	ast/ast_generated.go:9443	Node.AsUnionTypeNode	3
5-check	pkg:ast	ast/ast_generated.go:9447	Node.AsIntersectionTypeNode	3
3b-bind	pkg:ast	ast/ast_generated.go:9451	Node.AsConditionalTypeNode	3
5-check	pkg:ast	ast/ast_generated.go:9455	Node.AsTypeOperatorNode	3
5-check	pkg:ast	ast/ast_generated.go:9459	Node.AsInferTypeNode	3
5-check	pkg:ast	ast/ast_generated.go:9463	Node.AsArrayTypeNode	3
5-check	pkg:ast	ast/ast_generated.go:9467	Node.AsIndexedAccessTypeNode	3
4b-init	pkg:ast	ast/ast_generated.go:9471	Node.AsTypeReferenceNode	3
5-check	pkg:ast	ast/ast_generated.go:9479	Node.AsLiteralTypeNode	3
5-check	pkg:ast	ast/ast_generated.go:9487	Node.AsTypePredicateNode	3
5-check	pkg:ast	ast/ast_generated.go:9499	Node.AsTypeQueryNode	3
5-check	pkg:ast	ast/ast_generated.go:9503	Node.AsMappedTypeNode	3
5-check	pkg:ast	ast/ast_generated.go:9507	Node.AsTypeLiteralNode	3
5-check	pkg:ast	ast/ast_generated.go:9511	Node.AsTupleTypeNode	3
5-check	pkg:ast	ast/ast_generated.go:9523	Node.AsRestTypeNode	3
5-check	pkg:ast	ast/ast_generated.go:9527	Node.AsParenthesizedTypeNode	3
5-check	pkg:ast	ast/ast_generated.go:9539	Node.AsTemplateHead	3
5-check	pkg:ast	ast/ast_generated.go:9543	Node.AsTemplateMiddle	3
5-check	pkg:ast	ast/ast_generated.go:9547	Node.AsTemplateTail	3
5-check	pkg:ast	ast/ast_generated.go:9551	Node.AsTemplateLiteralTypeNode	3
5-check	pkg:ast	ast/ast_generated.go:9555	Node.AsTemplateLiteralTypeSpan	3
5-check	pkg:ast	ast/ast_generated.go:9623	Node.AsJSDoc	3
5-check	pkg:ast	ast/ast_generated.go:9687	Node.AsJSDocDeprecatedTag	3
3b-bind	pkg:ast	ast/ast_generated.go:9739	Node.AsSourceFile	3
3b-bind	pkg:ast	ast/ast_generated.go:9743	Node.AsModuleDeclaration	3
3b-bind	pkg:ast	ast/ast_generated.go:9751	Node.AsExportDeclaration	3
5-check	pkg:ast	ast/ast_generated.go:9783	Node.AsTypeParameterDeclaration	3
5-check	pkg:ast	ast/ast_generated.go:9795	Node.AsJSDocParameterOrPropertyTag	3
5-check	pkg:ast	ast/ast_generated.go:9823	IsPunctuationKind	3
5-check	pkg:ast	ast/ast_generated.go:9827	IsKeywordKind	3
5-check	pkg:ast	ast/ast_generated.go:9831	IsModifierKind	7
5-check	pkg:ast	ast/ast_generated.go:9895	IsAssignmentOperator	7
5-check	pkg:ast	ast/diagnostic.go:58	Diagnostic.File	1
5-check	pkg:ast	ast/diagnostic.go:59	Diagnostic.Pos	1
5-check	pkg:ast	ast/diagnostic.go:62	Diagnostic.Loc	1
5-check	pkg:ast	ast/diagnostic.go:63	Diagnostic.Code	1
9-report	pkg:ast	ast/diagnostic.go:64	Diagnostic.Category	1
9-report	pkg:ast	ast/diagnostic.go:65	Diagnostic.Source	1
9-report	pkg:ast	ast/diagnostic.go:69	Diagnostic.MessageChain	1
5-check	pkg:ast	ast/diagnostic.go:71	Diagnostic.ReportsUnnecessary	1
5-check	pkg:ast	ast/diagnostic.go:73	Diagnostic.SkippedOnNoEmit	1
5-check	pkg:ast	ast/diagnostic.go:100	Diagnostic.SetRelatedInfo	4
5-check	pkg:ast	ast/diagnostic.go:105	Diagnostic.AddRelatedInfo	6
9-report	pkg:ast	ast/diagnostic.go:117	Diagnostic.Localize	6
9-report	pkg:ast	ast/diagnostic.go:134	Diagnostic.displayMessageArgs	31
5-check	pkg:ast	ast/diagnostic.go:194	NewDiagnostic	13
5-check	pkg:ast	ast/diagnostic.go:245	DiagnosticsCollection.Add	42
5-check	pkg:ast	ast/diagnostic.go:294	getDiagnosticLocationKey	11
5-check	pkg:ast	ast/diagnostic.go:322	DiagnosticsCollection.GetGlobalDiagnostics	6
5-check	pkg:ast	ast/diagnostic.go:329	DiagnosticsCollection.getGlobalDiagnosticsLocked	7
5-check	pkg:ast	ast/diagnostic.go:337	DiagnosticsCollection.GetDiagnosticsForFile	6
5-check	pkg:ast	ast/diagnostic.go:344	DiagnosticsCollection.getDiagnosticsForFileLocked	8
5-check	pkg:ast	ast/functionflags.go:13	GetFunctionFlags	25
5-check	pkg:ast	ast/precedence.go:189	getOperator	12
5-check	pkg:ast	ast/precedence.go:203	GetExpressionPrecedence	10
5-check	pkg:ast	ast/precedence.go:223	GetOperatorPrecedence	111
5-check	pkg:ast	ast/precedence.go:336	GetBinaryOperatorPrecedence	32
5-check	pkg:ast	ast/precedence.go:655	GetTypeNodePrecedence	63
5-check	pkg:ast	ast/symbol.go:72	SymbolName	6
3b-bind	pkg:ast	ast/utilities.go:22	GetNodeId	11
4b-init	pkg:ast	ast/utilities.go:34	GetSymbolId	11
3b-bind	pkg:ast	ast/utilities.go:46	GetSymbolTable	6
3b-bind	pkg:ast	ast/utilities.go:53	GetMembers	3
3b-bind	pkg:ast	ast/utilities.go:57	GetExports	3
3b-bind	pkg:ast	ast/utilities.go:61	GetLocals	3
3b-bind	pkg:ast	ast/utilities.go:66	NodeIsMissing	3
3b-bind	pkg:ast	ast/utilities.go:71	NodeIsPresent	3
4b-init	pkg:ast	ast/utilities.go:76	NodeIsSynthesized	3
4b-init	pkg:ast	ast/utilities.go:85	PositionIsSynthesized	3
4b-init	pkg:ast	ast/utilities.go:100	NodeKindIs	3
5-check	pkg:ast	ast/utilities.go:104	IsModifier	3
3b-bind	pkg:ast	ast/utilities.go:166	IsBindingPattern	3
3b-bind	pkg:ast	ast/utilities.go:170	IsForInOrOfStatement	3
5-check	pkg:ast	ast/utilities.go:184	GetAssignmentTarget	43
5-check	pkg:ast	ast/utilities.go:256	IsAccessor	3
3b-bind	pkg:ast	ast/utilities.go:260	IsPropertyNameLiteral	10
5-check	pkg:ast	ast/utilities.go:271	IsMemberName	3
4b-init	pkg:ast	ast/utilities.go:275	IsEntityName	3
3b-bind	pkg:ast	ast/utilities.go:292	IsIdentifierName	17
3b-bind	pkg:ast	ast/utilities.go:323	IsStringLiteralLike	7
3b-bind	pkg:ast	ast/utilities.go:331	IsStringOrNumericLiteralLike	3
3b-bind	pkg:ast	ast/utilities.go:335	IsSignedNumericLiteral	7
3b-bind	pkg:ast	ast/utilities.go:344	IsOptionalChain	12
5-check	pkg:ast	ast/utilities.go:396	isLeftHandSideExpressionKind	13
5-check	pkg:ast	ast/utilities.go:411	IsLeftHandSideExpression	3
5-check	pkg:ast	ast/utilities.go:415	isUnaryExpressionKind	13
5-check	pkg:ast	ast/utilities.go:434	isExpressionKind	15
5-check	pkg:ast	ast/utilities.go:451	IsExpression	3
3b-bind	pkg:ast	ast/utilities.go:479	IsAccessExpression	3
4b-init	pkg:ast	ast/utilities.go:483	isFunctionLikeDeclarationKind	13
4b-init	pkg:ast	ast/utilities.go:498	IsFunctionLikeDeclaration	4
5-check	pkg:ast	ast/utilities.go:503	IsFunctionLikeKind	13
5-check	pkg:ast	ast/utilities.go:518	IsFunctionLike	4
5-check	pkg:ast	ast/utilities.go:531	IsClassLike	3
3b-bind	pkg:ast	ast/utilities.go:539	IsClassElement	14
5-check	pkg:ast	ast/utilities.go:554	IsMethodOrAccessor	7
5-check	pkg:ast	ast/utilities.go:562	IsPrivateIdentifierClassElementDeclaration	3
3b-bind	pkg:ast	ast/utilities.go:566	IsObjectLiteralOrClassExpressionMethodOrAccessor	5
3b-bind	pkg:ast	ast/utilities.go:600	IsObjectLiteralMethod	3
3b-bind	pkg:ast	ast/utilities.go:604	IsAutoAccessorPropertyDeclaration	3
3b-bind	pkg:ast	ast/utilities.go:608	IsParameterPropertyDeclaration	3
5-check	pkg:ast	ast/utilities.go:628	isDeclarationStatementKind	20
5-check	pkg:ast	ast/utilities.go:657	isStatementKindButNotDeclarationKind	25
5-check	pkg:ast	ast/utilities.go:695	IsStatement	4
5-check	pkg:ast	ast/utilities.go:702	isBlockStatement	9
3b-bind	pkg:ast	ast/utilities.go:717	IsBlockOrCatchScoped	3
3b-bind	pkg:ast	ast/utilities.go:721	IsCatchClauseVariableDeclarationOrBindingElement	4
5-check	pkg:ast	ast/utilities.go:726	IsTypeNodeKind	24
5-check	pkg:ast	ast/utilities.go:751	IsTypeNode	3
5-check	pkg:ast	ast/utilities.go:791	IsOuterExpression	24
5-check	pkg:ast	ast/utilities.go:817	SkipOuterExpressions	10
5-check	pkg:ast	ast/utilities.go:829	SkipParentheses	3
5-check	pkg:ast	ast/utilities.go:833	SkipTypeParentheses	6
5-check	pkg:ast	ast/utilities.go:840	SkipPartiallyEmittedExpressions	3
5-check	pkg:ast	ast/utilities.go:853	WalkUpParenthesizedTypes	6
5-check	pkg:ast	ast/utilities.go:861	GetSourceFileOfNode	9
3b-bind	pkg:ast	ast/utilities.go:911	FindAncestor	9
5-check	pkg:ast	ast/utilities.go:967	FindAncestorOrQuit	12
5-check	pkg:ast	ast/utilities.go:990	ModifierToFlag	37
3b-bind	pkg:ast	ast/utilities.go:1036	HasSyntacticModifier	3
3b-bind	pkg:ast	ast/utilities.go:1040	HasAccessorModifier	3
3b-bind	pkg:ast	ast/utilities.go:1044	HasStaticModifier	3
3b-bind	pkg:ast	ast/utilities.go:1048	IsStatic	4
5-check	pkg:ast	ast/utilities.go:1072	CanHaveIllegalDecorators	15
5-check	pkg:ast	ast/utilities.go:1133	CanHaveDecorators	13
5-check	pkg:ast	ast/utilities.go:1147	IsFunctionOrModuleBlock	3
5-check	pkg:ast	ast/utilities.go:1151	IsFunctionExpressionOrArrowFunction	3
3b-bind	pkg:ast	ast/utilities.go:1173	GetRootDeclaration	6
3b-bind	pkg:ast	ast/utilities.go:1180	GetCombinedModifierFlags	15
3b-bind	pkg:ast	ast/utilities.go:1196	GetCombinedNodeFlags	15
5-check	pkg:ast	ast/utilities.go:1223	GetJSDocDeprecatedTag	13
5-check	pkg:ast	ast/utilities.go:1246	IsDeprecatedDeclarationWithCachedFlags	13
5-check	pkg:ast	ast/utilities.go:1286	WalkUpBindingElementsAndPatterns	7
3b-bind	pkg:ast	ast/utilities.go:1298	IsInJSFile	3
4b-init	pkg:ast	ast/utilities.go:1334	IsModuleOrEnumDeclaration	3
5-check	pkg:ast	ast/utilities.go:1367	IsThisIdentifier	3
5-check	pkg:ast	ast/utilities.go:1371	IsThisParameter	3
3b-bind	pkg:ast	ast/utilities.go:1453	GetNameOfDeclaration	13
3b-bind	pkg:ast	ast/utilities.go:1467	GetNonAssignedNameOfDeclaration	24
3b-bind	pkg:ast	ast/utilities.go:1602	HasDynamicName	4
3b-bind	pkg:ast	ast/utilities.go:1607	IsDynamicName	12
5-check	pkg:ast	ast/utilities.go:1620	IsEntityNameExpression	3
5-check	pkg:ast	ast/utilities.go:1624	IsEntityNameExpressionEx	5
5-check	pkg:ast	ast/utilities.go:1630	IsPropertyAccessEntityNameExpression	3
3b-bind	pkg:ast	ast/utilities.go:1658	IsAmbientModule	3
4b-init	pkg:ast	ast/utilities.go:1662	IsAmbientModuleSymbolName	3
3b-bind	pkg:ast	ast/utilities.go:1666	IsExternalModule	3
3b-bind	pkg:ast	ast/utilities.go:1670	IsExternalOrCommonJSModule	3
3b-bind	pkg:ast	ast/utilities.go:1696	IsGlobalScopeAugmentation	3
3b-bind	pkg:ast	ast/utilities.go:1700	IsModuleAugmentationExternal	13
5-check	pkg:ast	ast/utilities.go:1714	IsModuleWithStringLiteralName	3
4b-init	pkg:ast	ast/utilities.go:1722	GetExtendsHeritageClauseElements	3
5-check	pkg:ast	ast/utilities.go:1726	GetImplementsHeritageClauseElements	3
4b-init	pkg:ast	ast/utilities.go:1730	GetHeritageElements	7
4b-init	pkg:ast	ast/utilities.go:1739	GetHeritageClauseElementName	6
4b-init	pkg:ast	ast/utilities.go:1755	GetHeritageClause	11
4b-init	pkg:ast	ast/utilities.go:1767	getHeritageClauses	11
3b-bind	pkg:ast	ast/utilities.go:1779	IsPartOfTypeQuery	6
3b-bind	pkg:ast	ast/utilities.go:1793	IsPartOfParameterDeclaration	3
5-check	pkg:ast	ast/utilities.go:1809	GetThisContainer	34
5-check	pkg:ast	ast/utilities.go:1872	GetImmediatelyInvokedFunctionExpression	14
3b-bind	pkg:ast	ast/utilities.go:1914	IsJsonSourceFile	3
5-check	pkg:ast	ast/utilities.go:1944	GetImportAttributes	9
5-check	pkg:ast	ast/utilities.go:2124	IsQuestionToken	3
3b-bind	pkg:ast	ast/utilities.go:2318	pushAncestor	3
3b-bind	pkg:ast	ast/utilities.go:2341	GetModuleInstanceState	3
3b-bind	pkg:ast	ast/utilities.go:2345	getModuleInstanceState	8
3b-bind	pkg:ast	ast/utilities.go:2354	getModuleInstanceStateCached	16
3b-bind	pkg:ast	ast/utilities.go:2371	getModuleInstanceStateWorker	53
4b-init	pkg:ast	ast/utilities.go:2496	IsGlobalSourceFile	3
5-check	pkg:ast	ast/utilities.go:2508	GetDeclarationOfKind	8
5-check	pkg:ast	ast/utilities.go:2517	FindConstructorDeclaration	8
5-check	pkg:ast	ast/utilities.go:2526	GetFirstIdentifier	11
5-check	pkg:ast	ast/utilities.go:2584	GetEmitModuleFormatOfFileWorker	7
5-check	pkg:ast	ast/utilities.go:2592	GetImpliedNodeFormatForEmitWorker	16
4b-init	pkg:ast	ast/utilities.go:2627	IsNonLocalAlias	7
5-check	pkg:ast	ast/utilities.go:2670	IsParseTreeNode	3
3b-bind	pkg:ast	ast/utilities.go:2844	IsVariableDeclarationInitializedToRequire	6
3b-bind	pkg:ast	ast/utilities.go:2855	isVariableDeclarationInitializedWithRequireHelper	19
5-check	pkg:ast	ast/utilities.go:2908	IsPlainJSFile	3
5-check	pkg:ast	ast/utilities.go:2964	GetClassLikeDeclarationOfSymbol	3
5-check	pkg:ast	ast/utilities.go:3002	IsThisInTypeQuery	9
5-check	pkg:ast	ast/utilities.go:3043	IsTypeReferenceType	3
5-check	pkg:ast	ast/utilities.go:3047	IsVariableLike	8
5-check	pkg:ast	ast/utilities.go:3101	GetClassExtendsHeritageElement	7
5-check	pkg:ast	ast/utilities.go:3175	GetPropertyNameForPropertyNameNode	21
5-check	pkg:ast	ast/utilities.go:3582	IsExternalModuleAugmentation	3
5-check	pkg:ast	ast/utilities.go:3600	IsTypeDeclaration	12
5-check	pkg:ast	ast/utilities.go:3729	HasQuestionToken	3
5-check	pkg:ast	ast/utilities.go:3752	IsCallOrNewExpression	3
5-check	pkg:ast	ast/utilities.go:3783	HasDecorators	3
5-check	pkg:ast	ast/utilities.go:4038	GetJSDocRoot	5
5-check	pkg:ast	ast/utilities.go:4045	GetJSDocHost	7
5-check	pkg:ast	ast/utilities.go:4055	GetHostSignatureFromJSDoc	14
5-check	pkg:ast	ast/utilities.go:4073	GetNextJSDocCommentLocation	14
5-check	pkg:ast	ast/utilities.go:4139	IsKeyword	3
5-check	pkg:ast	ast/utilities.go:4147	HasModifier	3
5-check	pkg:ast	ast/utilities.go:4164	GetContainingFunction	3
3b-bind	pkg:ast	ast/utilities.go:4199	IsImplicitlyExportedJSDocDeclaration	11
5-check	pkg:ast	ast/utilities.go:4244	IsPotentiallyExecutableNode	16
5-check	pkg:ast	ast/utilities.go:4261	HasAbstractModifier	3
5-check	pkg:ast	ast/utilities.go:4265	HasAmbientModifier	3
5-check	pkg:ast	ast/visitor.go:28	NewNodeVisitor	6
3b-bind	pkg:binder	binder/binder.go:95	BindSourceFile	7
3b-bind	pkg:binder	binder/binder.go:111	getBinder	3
3b-bind	pkg:binder	binder/binder.go:115	putBinder	4
3b-bind	pkg:binder	binder/binder.go:120	bindSourceFile	11
3b-bind	pkg:binder	binder/binder.go:132	Binder.newSymbol	7
3b-bind	pkg:binder	binder/binder.go:148	Binder.declareSymbol	3
3b-bind	pkg:binder	binder/binder.go:152	Binder.declareSymbolEx	146
3b-bind	pkg:binder	binder/binder.go:301	Binder.getDeclarationName	55
3b-bind	pkg:binder	binder/binder.go:373	Binder.declareModuleMember	40
3b-bind	pkg:binder	binder/binder.go:414	Binder.declareClassMember	6
3b-bind	pkg:binder	binder/binder.go:421	Binder.declareSourceFileMember	6
3b-bind	pkg:binder	binder/binder.go:428	Binder.declareSymbolAndAddToSymbolTable	20
3b-bind	pkg:binder	binder/binder.go:449	Binder.newFlowNode	5
3b-bind	pkg:binder	binder/binder.go:455	Binder.newFlowNodeEx	6
3b-bind	pkg:binder	binder/binder.go:494	Binder.createFlowMutation	9
3b-bind	pkg:binder	binder/binder.go:515	Binder.newFlowList	6
3b-bind	pkg:binder	binder/binder.go:529	Binder.newSingleDeclaration	3
3b-bind	pkg:binder	binder/binder.go:533	setFlowNodeReferenced	8
3b-bind	pkg:binder	binder/binder.go:542	Binder.addAntecedent	19
3b-bind	pkg:binder	binder/binder.go:562	Binder.finishFlowLabel	9
3b-bind	pkg:binder	binder/binder.go:572	Binder.bind	174
3b-bind	pkg:binder	binder/binder.go:747	Binder.bindPropertyWorker	6
3b-bind	pkg:binder	binder/binder.go:754	Binder.bindSourceFileIfExternalModule	12
3b-bind	pkg:binder	binder/binder.go:767	Binder.bindSourceFileAsExternalModule	3
3b-bind	pkg:binder	binder/binder.go:771	Binder.bindModuleDeclaration	41
3b-bind	pkg:binder	binder/binder.go:813	Binder.declareModuleSymbol	6
3b-bind	pkg:binder	binder/binder.go:842	Binder.bindExportDeclaration	12
3b-bind	pkg:binder	binder/binder.go:880	Binder.setExportContextFlag	9
3b-bind	pkg:binder	binder/binder.go:890	Binder.hasExportDeclarations	15
3b-bind	pkg:binder	binder/binder.go:940	Binder.bindClassLikeDeclaration	30
3b-bind	pkg:binder	binder/binder.go:971	Binder.bindPropertyOrMethodOrAccessor	13
3b-bind	pkg:binder	binder/binder.go:985	Binder.bindFunctionOrConstructorType	14
3b-bind	pkg:binder	binder/binder.go:1027	Binder.bindDeferredExpandoAssignments	7
3b-bind	pkg:binder	binder/binder.go:1038	Binder.bindCommonJSTypeExports	11
3b-bind	pkg:binder	binder/binder.go:1164	Binder.bindVariableDeclarationOrBindingElement	24
3b-bind	pkg:binder	binder/binder.go:1189	Binder.bindParameter	21
3b-bind	pkg:binder	binder/binder.go:1211	Binder.bindFunctionDeclaration	7
3b-bind	pkg:binder	binder/binder.go:1219	Binder.getInferTypeContainer	10
3b-bind	pkg:binder	binder/binder.go:1230	Binder.bindAnonymousDeclaration	7
3b-bind	pkg:binder	binder/binder.go:1238	Binder.bindBlockScopedDeclaration	14
3b-bind	pkg:binder	binder/binder.go:1253	Binder.bindTypeParameter	12
3b-bind	pkg:binder	binder/binder.go:1301	Binder.checkContextualIdentifier	21
3b-bind	pkg:binder	binder/binder.go:1366	Binder.checkStrictModeFunctionName	6
3b-bind	pkg:binder	binder/binder.go:1420	Binder.checkStrictModePrefixUnaryExpression	7
3b-bind	pkg:binder	binder/binder.go:1441	isEvalOrArgumentsIdentifier	7
3b-bind	pkg:binder	binder/binder.go:1449	Binder.checkStrictModeEvalOrArguments	7
3b-bind	pkg:binder	binder/binder.go:1471	Binder.bindContainer	148
3b-bind	pkg:binder	binder/binder.go:1638	Binder.bindChildren	98
3b-bind	pkg:binder	binder/binder.go:1737	Binder.bindEachChild	3
3b-bind	pkg:binder	binder/binder.go:1753	Binder.bindModifiers	5
3b-bind	pkg:binder	binder/binder.go:1759	Binder.bindEachStatementFunctionsFirst	12
3b-bind	pkg:binder	binder/binder.go:2178	Binder.bindPrefixUnaryExpressionFlow	16
3b-bind	pkg:binder	binder/binder.go:2318	Binder.bindVariableDeclarationFlow	6
3b-bind	pkg:binder	binder/binder.go:2325	Binder.bindInitializedVariableFlow	16
3b-bind	pkg:binder	binder/binder.go:2342	Binder.bindAccessExpressionFlow	7
3b-bind	pkg:binder	binder/binder.go:2454	Binder.bindBindingElementFlow	12
3b-bind	pkg:binder	binder/binder.go:2467	Binder.bindParameterFlow	9
3b-bind	pkg:binder	binder/binder.go:2478	Binder.bindInitializer	14
3b-bind	pkg:binder	binder/binder.go:2493	setFlowNode	6
3b-bind	pkg:binder	binder/binder.go:2500	setReturnFlowNode	12
3b-bind	pkg:binder	binder/binder.go:2517	Binder.addToContainerChain	6
3b-bind	pkg:binder	binder/binder.go:2524	Binder.addDeclarationToSymbol	17
3b-bind	pkg:binder	binder/binder.go:2542	SetValueDeclaration	10
3b-bind	pkg:binder	binder/binder.go:2562	GetContainerFlags	43
3b-bind	pkg:binder	binder/binder.go:2637	isNarrowableReference	17
3b-bind	pkg:binder	binder/binder.go:2738	getOptionalSymbolFlagForNode	4
3b-bind	pkg:binder	binder/binder.go:2778	isAssignmentDeclaration	3
3b-bind	pkg:binder	binder/binder.go:2782	isEffectiveModuleDeclaration	3
4b-init	N-RESOLVE	binder/nameresolver.go:25	NameResolver.Resolve	320
4b-init	N-RESOLVE	binder/nameresolver.go:409	NameResolver.getSymbolOfDeclaration	8
4b-init	N-RESOLVE	binder/nameresolver.go:418	NameResolver.lookup	15
4b-init	N-RESOLVE	binder/nameresolver.go:459	getIsDeferredContext	17
5-check	N-RESOLVE	binder/nameresolver.go:477	isTypeParameterSymbolDeclaredInContainer	11
4b-init	N-RESOLVE	binder/nameresolver.go:489	isSelfReferenceLocation	10
4a-preinit	C-INIT	checker/checker.go:909	NewChecker	217
4b-init	C-INIT	checker/checker.go:1127	createFileIndexMap	7
4b-init	C-INIT	checker/checker.go:1135	countGlobalSymbols	9
5-check	C-INIT	checker/checker.go:1145	Checker.reportUnreliableWorker	6
4b-init	C-INIT	checker/checker.go:1160	Checker.getGlobalTypeResolver	5
4b-init	C-INIT	checker/checker.go:1167	Checker.getGlobalTypeAliasResolver	5
4b-init	C-INIT	checker/checker.go:1174	Checker.getGlobalValueSymbolResolver	5
4b-init	C-INIT	checker/checker.go:1180	Checker.getGlobalTypeSymbolResolver	5
4b-init	C-INIT	checker/checker.go:1186	Checker.getGlobalTypesResolver	7
5-check	C-INIT	checker/checker.go:1194	Checker.getGlobalTypeAliasSymbol	16
4b-init	C-INIT	checker/checker.go:1219	Checker.getGlobalType	20
4b-init	C-INIT	checker/checker.go:1250	Checker.getGlobalSymbol	4
4b-init	C-INIT	checker/checker.go:1255	Checker.initializeClosures	12
4b-init	C-INIT	checker/checker.go:1268	Checker.initializeIterationResolvers	36
4b-init	C-INIT	checker/checker.go:1305	Checker.initializeChecker	89
4b-init	C-INIT	checker/checker.go:1395	Checker.mergeGlobalSymbol	10
4b-init	C-INIT	checker/checker.go:1406	Checker.mergeModuleAugmentation	54
4b-init	C-INIT	checker/checker.go:1461	Checker.addUndefinedToGlobalsOrErrorOnRedeclaration	13
4b-init	C-INIT	checker/checker.go:1475	Checker.createNameResolver	17
4b-init	C-INIT	checker/checker.go:1493	Checker.createNameResolverForSuggestion	14
5-check	N-DIAG	checker/checker.go:1508	Checker.symbolReferenced	3
4b-init	N-DIAG	checker/checker.go:1829	Checker.onSuccessfullyResolvedSymbol	67
5-check	N-DIAG	checker/checker.go:1897	Checker.checkResolvedBlockScopedVariable	33
4b-init	N-RESOLVE	checker/checker.go:2185	Checker.getSymbol	19
5-check	D-DRIVER	checker/checker.go:2205	Checker.checkSourceFile	35
5-check	D-DRIVER	checker/checker.go:2241	Checker.checkSourceElements	8
5-check	D-DRIVER	checker/checker.go:2250	Checker.checkSourceElement	12
5-check	D-DRIVER	checker/checker.go:2263	Checker.checkSourceElementWorker	137
5-check	F-UNREACH	checker/checker.go:2401	Checker.checkSourceElementUnreachable	60
5-check	F-UNREACH	checker/checker.go:2462	Checker.isSourceElementUnreachable	19
5-check	D-DRIVER	checker/checker.go:2493	Checker.checkNodeDeferred	7
5-check	D-DRIVER	checker/checker.go:2501	Checker.checkDeferredNodes	10
5-check	D-DRIVER	checker/checker.go:2512	Checker.checkDeferredNode	37
5-check	D-JSDOC	checker/checker.go:2550	Checker.checkJSDocComments	5
5-check	D-JSDOC	checker/checker.go:2556	Checker.checkJSDocComment	8
5-check	D-JSDOC	checker/checker.go:2565	Checker.resolveJSDocMemberName	24
5-check	D-TYPENODE	checker/checker.go:2614	Checker.checkTypeParameter	23
5-check	D-TYPENODE	checker/checker.go:2638	Checker.checkTypeParameterDeferred	22
5-check	D-FUNC	checker/checker.go:2665	Checker.checkParameter	46
5-check	D-FUNC	checker/checker.go:2712	Checker.checkPropertyDeclaration	14
5-check	D-FUNC	checker/checker.go:2727	Checker.checkPropertySignature	6
5-check	D-FUNC	checker/checker.go:2734	Checker.checkSignatureDeclaration	50
5-check	D-FUNC	checker/checker.go:2808	Checker.checkMethodDeclaration	20
5-check	D-FUNC	checker/checker.go:2835	Checker.checkConstructorDeclaration	64
5-check	D-FUNC	checker/checker.go:2941	Checker.checkAccessorDeclaration	51
5-check	D-TYPENODE	checker/checker.go:2993	Checker.checkTypeReferenceNode	15
5-check	D-TYPENODE	checker/checker.go:3009	Checker.checkTypeReferenceOrImport	17
5-check	D-TYPENODE	checker/checker.go:3027	Checker.checkTypeArgumentConstraints	16
5-check	D-TYPENODE	checker/checker.go:3044	Checker.getDeprecatedSuggestionNode	21
5-check	D-TYPENODE	checker/checker.go:3066	Checker.checkTypePredicate	43
5-check	D-TYPENODE	checker/checker.go:3110	Checker.getTypePredicateParent	11
5-check	D-TYPENODE	checker/checker.go:3141	Checker.checkTypeQuery	3
5-check	D-TYPENODE	checker/checker.go:3145	Checker.checkTypeLiteral	7
5-check	D-TYPENODE	checker/checker.go:3153	Checker.checkObjectTypeForDuplicateDeclarations	70
5-check	D-TYPENODE	checker/checker.go:3240	Checker.checkArrayType	3
5-check	D-TYPENODE	checker/checker.go:3244	Checker.checkTupleType	36
5-check	D-TYPENODE	checker/checker.go:3281	Checker.checkUnionOrIntersectionType	4
5-check	D-TYPENODE	checker/checker.go:3286	Checker.checkThisType	3
5-check	D-TYPENODE	checker/checker.go:3290	Checker.checkTypeOperator	4
5-check	D-TYPENODE	checker/checker.go:3295	Checker.checkConditionalType	3
5-check	D-TYPENODE	checker/checker.go:3299	Checker.checkInferType	26
5-check	D-TYPENODE	checker/checker.go:3326	Checker.checkTemplateLiteralType	8
5-check	D-TYPENODE	checker/checker.go:3391	Checker.checkIndexedAccessType	4
5-check	D-TYPENODE	checker/checker.go:3396	Checker.checkMappedType	18
5-check	D-FUNC	checker/checker.go:3415	Checker.checkFunctionDeclaration	5
5-check	D-FUNC	checker/checker.go:3421	Checker.checkFunctionOrMethodDeclaration	50
5-check	D-FUNC	checker/checker.go:3472	Checker.checkFunctionOrConstructorSymbol	7
5-check	D-FUNC	checker/checker.go:3480	Checker.checkFunctionOrConstructorSymbolWorker	231
5-check	D-FUNC	checker/checker.go:3712	Checker.getEffectiveDeclarationFlags	14
5-check	D-FUNC	checker/checker.go:3739	Checker.checkAllCodePathsInNonVoidFunctionReturnOrThrow	51
5-check	D-STMT	checker/checker.go:3796	Checker.checkBlock	16
5-check	D-STMT	checker/checker.go:4284	Checker.checkBindingElement	4
5-check	D-CLASS	checker/checker.go:4289	Checker.checkClassDeclaration	14
5-check	D-CLASS	checker/checker.go:4304	Checker.checkClassLikeDeclaration	102
5-check	D-CLASS	checker/checker.go:4456	Checker.checkTypeParameterListsIdentical	21
5-check	D-CLASS	checker/checker.go:4478	Checker.getClassOrInterfaceDeclarationsOfSymbol	5
5-check	D-CLASS	checker/checker.go:4484	Checker.areTypeParametersIdentical	36
5-check	D-CLASS	checker/checker.go:4744	Checker.checkMembersForOverrideModifier	24
5-check	D-CLASS	checker/checker.go:4769	Checker.checkMemberForOverrideModifier	8
5-check	D-CLASS	checker/checker.go:4803	Checker.checkMemberForOverrideModifierWorker	57
5-check	D-CLASS	checker/checker.go:4865	Checker.checkIndexConstraints	26
5-check	D-CLASS	checker/checker.go:4892	Checker.checkIndexConstraintForProperty	45
5-check	D-CLASS	checker/checker.go:4938	Checker.checkIndexConstraintForIndexSignature	36
5-check	D-CLASS	checker/checker.go:4975	Checker.checkClassOrInterfaceForDuplicateIndexSignatures	7
5-check	D-CLASS	checker/checker.go:4983	Checker.checkTypeForDuplicateIndexSignatures	28
5-check	D-CLASS	checker/checker.go:5012	Checker.checkPropertyInitialization	22
5-check	D-CLASS	checker/checker.go:5070	Checker.checkInterfaceDeclaration	39
5-check	D-CLASS	checker/checker.go:5115	Checker.checkInheritedPropertiesAreIdentical	31
5-check	checker:checker.go	checker/checker.go:5147	Checker.isPropertyIdenticalTo	3
5-check	D-ENUMNS	checker/checker.go:5211	Checker.checkModuleDeclaration	89
5-check	D-ENUMNS	checker/checker.go:5319	Checker.checkModuleAugmentationElement	27
5-check	D-IMPEXP	checker/checker.go:5490	Checker.checkImportAttributes	35
5-check	D-IMPEXP	checker/checker.go:5586	Checker.checkExportDeclaration	48
5-check	D-IMPEXP	checker/checker.go:5786	Checker.checkExternalModuleExports	44
5-check	D-VAR	checker/checker.go:5857	Checker.checkVariableStatement	8
5-check	D-VAR	checker/checker.go:5866	Checker.checkVariableDeclarationList	7
5-check	D-VAR	checker/checker.go:5874	Checker.checkVariableDeclaration	7
5-check	D-VAR	checker/checker.go:5883	Checker.checkVariableLikeDeclaration	158
5-check	D-VAR	checker/checker.go:6054	Checker.checkVarDeclaredNamesNotShadowed	60
5-check	D-DECOR	checker/checker.go:6115	Checker.checkDecorators	38
5-check	D-ITER	checker/checker.go:6188	Checker.checkIteratedTypeOrElementType	10
5-check	D-ITER	checker/checker.go:6199	Checker.getIteratedTypeOrElementType	106
5-check	D-ITER	checker/checker.go:6358	Checker.getIterationTypesOfIterable	21
5-check	D-ITER	checker/checker.go:6380	Checker.getIterationTypesOfIterableWorker	69
5-check	D-ITER	checker/checker.go:6450	Checker.getIterationTypesOfIterableFast	26
5-check	D-ITER	checker/checker.go:6477	IterationTypesResolver.getResolvedIterationTypes	7
5-check	D-ITER	checker/checker.go:6485	Checker.isReferenceToType	3
5-check	D-ITER	checker/checker.go:6489	Checker.isReferenceToSomeType	3
5-check	D-ITER	checker/checker.go:6493	Checker.getBuiltinIteratorReturnType	3
5-check	D-ITER	checker/checker.go:6497	IterationTypes.hasTypes	3
5-check	D-ITER	checker/checker.go:6513	Checker.combineIterationTypes	7
5-check	D-ITER	checker/checker.go:6521	Checker.getIterationTypeUnion	7
5-check	D-ITER	checker/checker.go:6553	Checker.getIterationTypesOfIterableSlow	20
5-check	D-ITER	checker/checker.go:6588	Checker.getIterationTypesOfIteratorWorker	10
5-check	D-ITER	checker/checker.go:6599	Checker.getIterationTypesOfIteratorFast	26
5-check	D-IMPEXP	checker/checker.go:6957	Checker.areDeclarationFlagsIdentical	11
5-check	D-TYPENODE	checker/checker.go:6969	Checker.checkTypeAliasDeclaration	24
5-check	D-TYPENODE	checker/checker.go:6994	Checker.checkTypeNameIsReserved	8
5-check	D-IMPEXP	checker/checker.go:7003	Checker.checkExportsOnMergedDeclarations	50
5-check	D-IMPEXP	checker/checker.go:7054	Checker.getDeclarationSpaces	40
5-check	D-TYPENODE	checker/checker.go:7095	Checker.checkTypeParameters	18
5-check	D-TYPENODE	checker/checker.go:7115	Checker.checkTypeParametersNotReferenced	17
5-check	D-UNUSED	checker/checker.go:7133	Checker.registerForUnusedIdentifiersCheck	5
5-check	D-UNUSED	checker/checker.go:7407	Checker.checkUnusedRenamedBindingElements	14
5-check	E-CORE	checker/checker.go:7498	Checker.checkNonNullExpression	3
5-check	E-CORE	checker/checker.go:7502	Checker.checkNonNullType	3
5-check	E-CORE	checker/checker.go:7506	Checker.checkNonNullTypeWithReporter	23
5-check	E-CORE	checker/checker.go:7606	Checker.checkExpressionCached	3
5-check	E-CORE	checker/checker.go:7610	Checker.checkExpressionCachedEx	19
5-check	E-CORE	checker/checker.go:7646	Checker.checkExpression	3
5-check	E-CORE	checker/checker.go:7650	Checker.checkExpressionEx	15
5-check	E-CORE	checker/checker.go:7692	Checker.instantiateTypeWithSingleGenericCallSignature	71
5-check	E-CORE	checker/checker.go:7824	Checker.checkExpressionWorker	105
5-check	E-ACCESS	checker/checker.go:8313	Checker.checkIndexedAccessIndexType	36
5-check	E-COLLIDE	checker/checker.go:10537	Checker.checkCollisionsForDeclarationName	18
5-check	E-COLLIDE	checker/checker.go:10556	Checker.checkCollisionWithRequireExportsInGeneratedCode	19
5-check	E-COLLIDE	checker/checker.go:10576	Checker.checkCollisionWithGlobalObjectInGeneratedCode	15
5-check	E-COLLIDE	checker/checker.go:10592	Checker.needCollisionCheckForIdentifier	27
5-check	E-COLLIDE	checker/checker.go:10620	Checker.setNodeLinksForPrivateIdentifierScope	11
5-check	E-COLLIDE	checker/checker.go:10632	Checker.recordPotentialCollisionWithWeakMapSetInGeneratedCode	8
5-check	E-COLLIDE	checker/checker.go:10651	Checker.checkCollisionWithGlobalPromiseInGeneratedCode	15
5-check	E-COLLIDE	checker/checker.go:10667	Checker.recordPotentialCollisionWithReflectInGeneratedCode	7
5-check	E-CORE	checker/checker.go:10730	Checker.checkExpressionWithTypeArguments	22
5-check	E-CORE	checker/checker.go:10753	Checker.getInstantiationExpressionType	80
5-check	E-OPER	checker/checker.go:10948	Checker.checkPrefixUnaryExpression	53
5-check	E-ACCESS	checker/checker.go:11135	Checker.checkIdentifier	159
5-check	E-ACCESS	checker/checker.go:11295	Checker.isSameScopedBindingElement	7
5-check	E-ACCESS	checker/checker.go:11337	Checker.checkPropertyAccessExpression	7
5-check	E-ACCESS	checker/checker.go:11351	Checker.checkPropertyAccessExpressionOrQualifiedName	133
5-check	E-ACCESS	checker/checker.go:11485	Checker.getFlowTypeOfAccessExpression	45
5-check	E-ACCESS	checker/checker.go:11531	Checker.getControlFlowContainer	5
5-check	E-ACCESS	checker/checker.go:11559	Checker.isMethodAccessForCall	6
5-check	E-ACCESS	checker/checker.go:11803	Checker.checkPropertyNotUsedBeforeDeclaration	21
5-check	E-ACCESS	checker/checker.go:11847	Checker.checkPropertyAccessibility	3
5-check	E-ACCESS	checker/checker.go:11851	Checker.checkPropertyAccessibilityEx	18
5-check	E-ACCESS	checker/checker.go:11880	Checker.checkPropertyAccessibilityAtLocation	113
5-check	T-UIMEMBERS	checker/checker.go:13614	Checker.getUnionIndexInfos	15
5-check	E-LITERAL	checker/checker.go:13630	Checker.isNonGenericObjectType	3
5-check	E-LITERAL	checker/checker.go:13712	Checker.hasDefaultValue	6
5-check	E-LITERAL	checker/checker.go:13749	Checker.isConstTypeVariable	27
5-check	E-ACCESS	checker/checker.go:13827	Checker.getNarrowedTypeOfSymbol	105
5-check	E-ACCESS	checker/checker.go:13933	Checker.isReadonlyAssignmentDeclaration	19
5-check	E-ACCESS	checker/checker.go:13953	Checker.isReadonlySymbol	15
5-check	N-RESOLVE	checker/checker.go:13994	Checker.getResolvedSymbol	12
5-check	N-RESOLVE	checker/checker.go:14007	Checker.getResolvedSymbolOrNil	3
5-check	N-RESOLVE	checker/checker.go:14019	Checker.getCannotFindNameDiagnosticForName	35
5-check	D-SINK	checker/checker.go:14055	Checker.GetDiagnostics	3
5-check	D-SINK	checker/checker.go:14063	Checker.getDiagnostics	9
5-check	D-SINK	checker/checker.go:14073	Checker.GetGlobalDiagnostics	4
5-check	D-SINK	checker/checker.go:14082	Checker.produceDeferredDiagnostics	6
5-check	D-SINK	checker/checker.go:14089	Checker.addDiagnostic	7
5-check	D-SINK	checker/checker.go:14097	Checker.addSuggestionDiagnostic	7
5-check	D-SINK	checker/checker.go:14137	Checker.IsDeprecatedDeclaration	3
5-check	D-SINK	checker/checker.go:14141	Checker.addDeprecatedSuggestion	4
5-check	D-SINK	checker/checker.go:14146	Checker.addDeprecatedSuggestionWorker	10
5-check	D-SINK	checker/checker.go:14157	Checker.isDeprecatedSymbol	11
4b-init	S-MERGE	checker/checker.go:14173	Checker.newSymbol	7
4b-init	S-MERGE	checker/checker.go:14181	Checker.newSymbolEx	5
5-check	S-MERGE	checker/checker.go:14199	Checker.combineSymbolTables	12
4b-init	S-MERGE	checker/checker.go:14212	Checker.mergeSymbolTable	32
4b-init	S-MERGE	checker/checker.go:14249	Checker.mergeSymbol	54
4b-init	S-MERGE	checker/checker.go:14384	getExcludedSymbolFlags	55
4b-init	S-MERGE	checker/checker.go:14440	Checker.cloneSymbol	11
4b-init	S-MERGE	checker/checker.go:14452	Checker.getMergedSymbol	9
5-check	S-MERGE	checker/checker.go:14462	Checker.getParentOfSymbol	6
4b-init	S-MERGE	checker/checker.go:14469	Checker.recordMergedSymbol	3
5-check	S-MERGE	checker/checker.go:14480	Checker.getExportSymbolOfValueSymbolIfExported	6
4b-init	S-MERGE	checker/checker.go:14487	Checker.getSymbolOfDeclaration	7
5-check	S-MERGE	checker/checker.go:14497	Checker.getSymbolOfNode	7
4b-init	S-MERGE	checker/checker.go:14505	Checker.getLateBoundSymbol	19
4b-init	S-MERGE	checker/checker.go:14525	Checker.resolveSymbol	3
4b-init	S-MERGE	checker/checker.go:14529	Checker.resolveSymbolEx	6
5-check	M-MODULE	checker/checker.go:15653	Checker.resolveExternalModuleSymbol	9
4b-init	Q-ENTITY	checker/checker.go:15869	Checker.resolveEntityName	55
5-check	Q-ENTITY	checker/checker.go:15925	Checker.resolveQualifiedName	62
5-check	M-MODULE	checker/checker.go:16017	Checker.getExportsOfSymbol	9
5-check	M-MODULE	checker/checker.go:16027	Checker.getResolvedMembersOrExportsOfSymbol	48
5-check	M-MODULE	checker/checker.go:16102	Checker.lateBindMember	62
5-check	M-MODULE	checker/checker.go:16193	Checker.addDeclarationToLateBoundSymbol	22
5-check	M-MODULE	checker/checker.go:16221	Checker.getMembersOfSymbol	6
5-check	M-MODULE	checker/checker.go:16228	Checker.getExportsOfModule	9
5-check	M-MODULE	checker/checker.go:16245	Checker.getExportsOfModuleWorker	82
5-check	A-ALIAS	checker/checker.go:16408	Checker.resolveAliasWithDeprecationCheck	31
5-check	T-SYMTYPE	checker/checker.go:16498	Checker.getTypeOfSymbolWithDeferredType	12
5-check	T-SYMTYPE	checker/checker.go:16531	Checker.getWriteTypeOfSymbol	19
5-check	T-SYMTYPE	checker/checker.go:16590	Checker.getTypeOfSymbol	30
5-check	T-SYMTYPE	checker/checker.go:16621	Checker.getNonMissingTypeOfSymbol	3
5-check	T-SYMTYPE	checker/checker.go:16625	Checker.getTypeOfInstantiatedSymbol	7
5-check	T-SYMTYPE	checker/checker.go:16641	Checker.getTypeOfVariableOrParameterOrProperty	19
5-check	T-SYMTYPE	checker/checker.go:16661	Checker.isParameterOfContextSensitiveSignature	13
5-check	T-SYMTYPE	checker/checker.go:16675	Checker.getTypeOfVariableOrParameterOrPropertyWorker	59
5-check	T-SYMTYPE	checker/checker.go:16744	Checker.getWidenedTypeForVariableLikeDeclaration	3
5-check	T-SYMTYPE	checker/checker.go:16749	Checker.getTypeForVariableLikeDeclaration	144
5-check	T-SYMTYPE	checker/checker.go:17001	Checker.getTypeOfFuncClassEnumModule	7
5-check	T-SYMTYPE	checker/checker.go:17009	Checker.getTypeOfFuncClassEnumModuleWorker	23
5-check	T-BASE	checker/checker.go:17033	Checker.getBaseTypeVariableOfClass	12
5-check	T-BASE	checker/checker.go:17054	Checker.getBaseConstructorTypeOfClass	51
5-check	T-BASE	checker/checker.go:17123	Checker.isMixinConstructorType	11
5-check	T-SIGSHAPE	checker/checker.go:17135	signatureHasRestParameter	3
5-check	T-SIGSHAPE	checker/checker.go:17139	Checker.getTypeOfParameter	4
5-check	T-CONSTRAINT	checker/checker.go:17144	Checker.getConstraintOfType	11
5-check	T-CONSTRAINT	checker/checker.go:17156	Checker.getConstraintOfTypeParameter	6
5-check	T-CONSTRAINT	checker/checker.go:17163	Checker.hasNonCircularBaseConstraint	3
5-check	T-CONSTRAINT	checker/checker.go:17168	Checker.getConstraintFromTypeParameter	37
5-check	T-CONSTRAINT	checker/checker.go:17211	Checker.getInferredTypeParameterConstraint	72
5-check	T-CONSTRAINT	checker/checker.go:17284	Checker.getTypeParametersForTypeReferenceOrImport	10
5-check	T-CONSTRAINT	checker/checker.go:17295	Checker.getTypeParametersForTypeAndSymbol	13
5-check	T-CONSTRAINT	checker/checker.go:17317	Checker.getConstraintOfIndexedAccess	6
5-check	T-CONSTRAINT	checker/checker.go:17324	Checker.getConstraintFromIndexedAccess	20
5-check	T-CONSTRAINT	checker/checker.go:17352	Checker.getConstraintFromConditionalType	7
5-check	T-CONSTRAINT	checker/checker.go:17360	Checker.getDefaultConstraintOfConditionalType	20
5-check	T-CONSTRAINT	checker/checker.go:17381	Checker.getConstraintOfDistributiveConditionalType	34
4b-init	T-DECLARED	checker/checker.go:17416	Checker.getDeclaredTypeOfClassOrInterface	29
4b-init	T-DECLARED	checker/checker.go:17453	Checker.isThislessInterface	20
4b-init	T-KEYS	checker/checker.go:17486	keyBuilder.hash	6
5-check	T-KEYS	checker/checker.go:17495	keyBuilder.spill	4
4b-init	T-KEYS	checker/checker.go:17500	keyBuilder.writeByte	7
4b-init	T-KEYS	checker/checker.go:17508	keyBuilder.writeString	10
4b-init	T-KEYS	checker/checker.go:17519	keyBuilder.writeUint32	7
4b-init	T-KEYS	checker/checker.go:17527	keyBuilder.writeUint64	7
4b-init	T-KEYS	checker/checker.go:17535	keyBuilder.writeInt	3
5-check	T-KEYS	checker/checker.go:17539	keyBuilder.writeSymbol	3
4b-init	T-KEYS	checker/checker.go:17543	keyBuilder.writeType	3
4b-init	T-KEYS	checker/checker.go:17547	keyBuilder.writeTypes	6
4b-init	T-KEYS	checker/checker.go:17554	keyBuilder.writeAlias	9
5-check	T-KEYS	checker/checker.go:17564	keyBuilder.writeGenericTypeReferences	34
5-check	T-KEYS	checker/checker.go:17599	keyBuilder.writeNodeId	3
5-check	T-KEYS	checker/checker.go:17603	keyBuilder.writeNode	5
4b-init	T-KEYS	checker/checker.go:17609	getTypeListKey	5
5-check	T-KEYS	checker/checker.go:17615	getAliasKey	5
4b-init	T-KEYS	checker/checker.go:17621	getUnionKey	23
5-check	T-KEYS	checker/checker.go:17645	getIntersectionKey	10
5-check	T-KEYS	checker/checker.go:17656	getTupleKey	22
5-check	T-KEYS	checker/checker.go:17679	getTypeAliasInstantiationKey	3
5-check	T-KEYS	checker/checker.go:17683	getTypeInstantiationKey	9
5-check	T-KEYS	checker/checker.go:17693	getIndexedAccessKey	8
4b-init	T-KEYS	checker/checker.go:17702	getTemplateTypeKey	13
5-check	T-KEYS	checker/checker.go:17716	getConditionalTypeKey	9
5-check	T-KEYS	checker/checker.go:17726	getRelationKey	17
5-check	T-KEYS	checker/checker.go:17753	isTypeReferenceWithGenericArguments	5
5-check	T-KEYS	checker/checker.go:17759	isNonDeferredTypeReference	3
5-check	T-SYMTYPE	checker/checker.go:17797	Checker.getTypeForBindingElement	8
5-check	T-SYMTYPE	checker/checker.go:17808	Checker.getTypeForBindingElementParent	11
5-check	T-SYMTYPE	checker/checker.go:17820	Checker.getBindingElementTypeFromParentType	84
5-check	T-SYMTYPE	checker/checker.go:17962	Checker.getFlowTypeOfDestructuring	7
5-check	T-SYMTYPE	checker/checker.go:17970	Checker.getSyntheticElementAccess	24
5-check	T-SYMTYPE	checker/checker.go:17995	Checker.getParentElementAccess	14
5-check	T-JSDECL	checker/checker.go:18304	Checker.isConstructorDeclaredThisProperty	44
5-check	T-JSDECL	checker/checker.go:18349	Checker.isGlobalSymbolConstructor	5
5-check	T-SYMTYPE	checker/checker.go:18355	Checker.widenTypeForVariableLikeDeclaration	32
5-check	T-WIDEN	checker/checker.go:18472	Checker.getWidenedType	3
5-check	T-WIDEN	checker/checker.go:18476	Checker.getWidenedTypeWithContext	40
5-check	T-SYMTYPE	checker/checker.go:18628	Checker.getTypeOfAccessors	54
5-check	T-SYMTYPE	checker/checker.go:18750	Checker.addOptionalityEx	6
5-check	T-SYMTYPE	checker/checker.go:18757	Checker.getOptionalType	8
5-check	T-SYMTYPE	checker/checker.go:18780	Checker.GetNonNullableType	6
5-check	T-SYMTYPE	checker/checker.go:18805	Checker.getCombinedNodeFlagsCached	9
5-check	T-SYMTYPE	checker/checker.go:18854	Checker.getCombinedModifierFlagsCached	9
5-check	T-RSTACK	checker/checker.go:18875	Checker.pushTypeResolution	12
5-check	T-RSTACK	checker/checker.go:18892	Checker.popTypeResolution	7
5-check	T-RSTACK	checker/checker.go:18900	Checker.findResolutionCycleStartIndex	12
5-check	T-RSTACK	checker/checker.go:18913	Checker.typeResolutionHasProperty	25
5-check	T-LOOKUP	checker/checker.go:18963	Checker.getPropertiesOfType	7
5-check	T-LOOKUP	checker/checker.go:18971	Checker.getPropertiesOfObjectType	6
5-check	T-LOOKUP	checker/checker.go:18978	Checker.getPropertiesOfUnionOrIntersectionType	25
5-check	T-LOOKUP	checker/checker.go:19004	Checker.getPropertyOfType	3
5-check	T-LOOKUP	checker/checker.go:19016	Checker.getPropertyOfTypeEx	50
5-check	T-LOOKUP	checker/checker.go:19068	Checker.getTypeOfPropertyOfType	7
5-check	T-LOOKUP	checker/checker.go:19076	Checker.getSignaturesOfType	3
5-check	T-LOOKUP	checker/checker.go:19080	Checker.getSignaturesOfStructuredType	10
5-check	T-LOOKUP	checker/checker.go:19091	Checker.getIndexInfosOfType	3
5-check	T-LOOKUP	checker/checker.go:19095	Checker.getIndexInfosOfStructuredType	6
5-check	T-LOOKUP	checker/checker.go:19104	Checker.getIndexInfoOfType	3
5-check	T-LOOKUP	checker/checker.go:19110	Checker.getIndexTypeOfType	7
5-check	T-LOOKUP	checker/checker.go:19118	Checker.getIndexTypeOfTypeEx	6
5-check	T-LOOKUP	checker/checker.go:19125	Checker.getApplicableIndexInfo	3
5-check	T-LOOKUP	checker/checker.go:19129	Checker.getApplicableIndexInfoForName	6
5-check	T-LOOKUP	checker/checker.go:19136	Checker.findApplicableIndexInfo	34
5-check	T-LOOKUP	checker/checker.go:19171	Checker.isApplicableIndexType	7
5-check	T-MEMBERS	checker/checker.go:19179	Checker.resolveStructuredTypeMembers	28
5-check	T-MEMBERS	checker/checker.go:19208	Checker.resolveClassOrInterfaceMembers	3
5-check	T-MEMBERS	checker/checker.go:19212	Checker.resolveTypeReferenceMembers	10
5-check	T-MEMBERS	checker/checker.go:19223	Checker.resolveObjectTypeMembers	51
5-check	T-MEMBERS	checker/checker.go:19275	findIndexInfo	8
5-check	T-BASE	checker/checker.go:19284	Checker.getBaseTypes	38
5-check	T-BASE	checker/checker.go:19323	Checker.getTupleBaseType	13
5-check	T-BASE	checker/checker.go:19337	Checker.resolveBaseTypesOfClass	46
5-check	T-BASE	checker/checker.go:19384	getBaseTypeNodeOfClass	7
5-check	T-SIGINST	checker/checker.go:19410	Checker.getSignatureInstantiation	16
5-check	T-SIGINST	checker/checker.go:19435	Checker.getSignatureInstantiationWithoutFillingInTypeArguments	9
5-check	T-SIGINST	checker/checker.go:19445	Checker.createSignatureInstantiation	3
5-check	T-SIGINST	checker/checker.go:19449	Checker.createSignatureTypeMapper	3
5-check	T-SIGINST	checker/checker.go:19453	Checker.getTypeParametersForMapper	3
5-check	T-SIGINST	checker/checker.go:19458	Checker.getSingleCallSignature	3
5-check	T-SIGINST	checker/checker.go:19470	Checker.getSingleSignature	14
5-check	T-SIGINST	checker/checker.go:19513	Checker.getErasedSignature	12
5-check	T-SIGINST	checker/checker.go:19526	Checker.getCanonicalSignature	12
5-check	T-SIGINST	checker/checker.go:19583	Checker.instantiateSignatureInContextOf	31
5-check	T-BASE	checker/checker.go:19615	Checker.resolveBaseTypesOfInterface	21
5-check	T-BASE	checker/checker.go:19654	Checker.isValidBaseType	12
5-check	T-BASE	checker/checker.go:19668	Checker.hasBaseType	14
5-check	T-BASE	checker/checker.go:19683	getTargetType	6
5-check	T-BASE	checker/checker.go:19690	Checker.getTypeWithThisArgument	24
5-check	T-MEMBERS	checker/checker.go:19715	Checker.addInheritedMembers	13
5-check	T-MEMBERS	checker/checker.go:19729	Checker.resolveDeclaredMembers	12
5-check	T-MEMBERS	checker/checker.go:19742	Checker.getIndexInfosOfSymbol	7
5-check	T-MEMBERS	checker/checker.go:19751	Checker.getIndexInfosOfIndexSymbol	85
5-check	T-MEMBERS	checker/checker.go:19904	Checker.isValidIndexKeyType	5
5-check	T-MEMBERS	checker/checker.go:19919	Checker.getIndexSymbol	3
5-check	T-SIGDECL	checker/checker.go:19923	Checker.getSignaturesOfSymbol	29
5-check	T-SIGDECL	checker/checker.go:19953	Checker.getSignatureFromDeclaration	75
5-check	T-SIGDECL	checker/checker.go:20029	Checker.getTypeParametersFromDeclaration	10
5-check	T-SIGDECL	checker/checker.go:20048	Checker.getAccessorThisParameter	6
5-check	T-SIGDECL	checker/checker.go:20058	Checker.hasBindableName	3
5-check	T-SIGDECL	checker/checker.go:20065	Checker.hasLateBindableName	4
5-check	T-SIGDECL	checker/checker.go:20078	Checker.isLateBindableName	9
5-check	T-SIGDECL	checker/checker.go:20088	Checker.hasLateBindableIndexSignature	4
5-check	T-SIGDECL	checker/checker.go:20093	Checker.isLateBindableIndexSignature	9
5-check	T-SIGDECL	checker/checker.go:20107	isLateBindableAST	10
5-check	T-SIGDECL	checker/checker.go:20118	Checker.getReturnTypeOfSignature	49
5-check	T-SIGDECL	checker/checker.go:20168	Checker.getNonCircularReturnTypeOfSignature	6
5-check	T-SIGDECL	checker/checker.go:20175	Checker.getReturnTypeFromAnnotation	13
5-check	T-SIGDECL	checker/checker.go:20189	Checker.getSignatureOfFullSignatureType	6
5-check	T-SIGDECL	checker/checker.go:20215	Checker.getAnnotatedAccessorType	7
5-check	T-SIGDECL	checker/checker.go:20223	Checker.getAnnotatedAccessorTypeNode	11
5-check	T-RETINFER	checker/checker.go:20505	Checker.unwrapReturnType	18
5-check	T-WIDEN	checker/checker.go:20569	Checker.reportErrorsFromWidening	10
5-check	T-SIGINST	checker/checker.go:20732	Checker.instantiateSignature	3
5-check	T-SIGINST	checker/checker.go:20736	Checker.instantiateSignatureEx	22
5-check	T-SIGINST	checker/checker.go:20759	Checker.instantiateIndexInfo	7
5-check	T-MEMBERS	checker/checker.go:20767	Checker.resolveAnonymousTypeMembers	78
5-check	T-MEMBERS	checker/checker.go:20846	Checker.createInstantiatedSymbolTable	10
5-check	T-MEMBERS	checker/checker.go:20857	Checker.instantiateSymbolTable	12
5-check	T-MEMBERS	checker/checker.go:20870	Checker.instantiateSymbol	39
5-check	T-MEMBERS	checker/checker.go:20915	isThisless	16
5-check	T-MEMBERS	checker/checker.go:20934	isThislessVariableLikeDeclaration	7
5-check	T-MEMBERS	checker/checker.go:20945	isThislessType	12
5-check	T-MEMBERS	checker/checker.go:20961	isThislessFunctionLikeDeclaration	6
5-check	T-MEMBERS	checker/checker.go:20974	Checker.getDefaultConstructSignatures	36
5-check	T-UIMEMBERS	checker/checker.go:21169	Checker.resolveUnionTypeMembers	18
5-check	T-UIMEMBERS	checker/checker.go:21188	Checker.getArrayMemberCallSignatures	22
5-check	T-UIMEMBERS	checker/checker.go:21229	Checker.getUnionSignatures	70
5-check	T-UIMEMBERS	checker/checker.go:21419	Checker.resolveIntersectionTypeMembers	32
5-check	T-UIMEMBERS	checker/checker.go:21452	Checker.appendSignatures	10
5-check	T-UIMEMBERS	checker/checker.go:21482	Checker.findMixins	21
5-check	T-LOOKUP	checker/checker.go:21520	Checker.getPropertyOfObjectType	10
5-check	T-UIMEMBERS	checker/checker.go:21531	Checker.getPropertyOfUnionOrIntersectionType	8
5-check	T-UIMEMBERS	checker/checker.go:21545	Checker.getUnionOrIntersectionProperty	23
5-check	T-UIMEMBERS	checker/checker.go:21569	Checker.createUnionOrIntersectionProperty	208
5-check	T-UIMEMBERS	checker/checker.go:21778	Checker.getTargetSymbol	9
5-check	T-UIMEMBERS	checker/checker.go:21792	isPrototypeProperty	3
5-check	T-APPARENT	checker/checker.go:21832	Checker.isMappedTypeGenericIndexedAccess	8
5-check	T-APPARENT	checker/checker.go:21846	Checker.getApparentType	34
5-check	T-APPARENT	checker/checker.go:21913	Checker.getApparentTypeOfIntersectionType	16
5-check	T-APPARENT	checker/checker.go:21936	Checker.getReducedType	24
5-check	T-APPARENT	checker/checker.go:21961	Checker.getReducedUnionType	11
5-check	T-APPARENT	checker/checker.go:21973	Checker.isNeverReducedProperty	3
5-check	T-APPARENT	checker/checker.go:21977	Checker.getReducedApparentType	7
5-check	T-APPARENT	checker/checker.go:21999	Checker.isDiscriminantWithNeverType	5
5-check	T-APPARENT	checker/checker.go:22005	isConflictingPrivateProperty	4
5-check	T-INSTANTIATE	checker/checker.go:22010	Checker.getTypeArguments	39
5-check	T-CONSTRAINT	checker/checker.go:22050	Checker.getEffectiveTypeArguments	3
5-check	T-CONSTRAINT	checker/checker.go:22055	Checker.getMinTypeArgumentCount	9
5-check	T-CONSTRAINT	checker/checker.go:22065	Checker.hasTypeParameterDefault	5
5-check	T-CONSTRAINT	checker/checker.go:22071	Checker.fillMissingTypeArguments	31
5-check	T-CONSTRAINT	checker/checker.go:22103	Checker.getDefaultTypeArgumentType	6
5-check	T-CONSTRAINT	checker/checker.go:22113	Checker.getDefaultFromTypeParameter	10
5-check	T-CONSTRAINT	checker/checker.go:22124	Checker.getResolvedTypeParameterDefault	36
4b-init	T-MEMBERS	checker/checker.go:22166	Checker.getNamedMembers	26
5-check	T-MEMBERS	checker/checker.go:22193	Checker.isDeclarationContainedBy	10
5-check	T-MEMBERS	checker/checker.go:22204	Checker.isNamedMember	3
5-check	T-MEMBERS	checker/checker.go:22208	Checker.symbolIsValue	3
5-check	T-MEMBERS	checker/checker.go:22212	Checker.symbolIsValueEx	4
5-check	T-INSTANTIATE	checker/checker.go:22217	Checker.instantiateType	3
5-check	T-INSTANTIATE	checker/checker.go:22221	Checker.instantiateTypeWithAlias	41
5-check	T-INSTANTIATE	checker/checker.go:22263	Checker.pushActiveMapper	14
5-check	T-INSTANTIATE	checker/checker.go:22278	Checker.popActiveMapper	9
5-check	T-INSTANTIATE	checker/checker.go:22288	Checker.findActiveMapper	3
5-check	T-INSTANTIATE	checker/checker.go:22292	Checker.clearActiveMapperCaches	5
5-check	T-INSTANTIATE	checker/checker.go:22301	Checker.couldContainTypeVariablesWorker	16
5-check	T-INSTANTIATE	checker/checker.go:22318	Checker.isNonGenericTopLevelType	18
5-check	T-INSTANTIATE	checker/checker.go:22337	Checker.instantiateTypeWorker	78
5-check	T-INSTANTIATE	checker/checker.go:22421	Checker.getObjectTypeInstantiation	98
5-check	T-INSTANTIATE	checker/checker.go:22520	Checker.isTypeParameterPossiblyReferenced	54
5-check	T-INSTANTIATE	checker/checker.go:22575	Checker.instantiateAnonymousType	26
5-check	K-COND	checker/checker.go:22602	Checker.getConditionalTypeInstantiation	32
5-check	T-INSTANTIATE	checker/checker.go:22635	Checker.cloneTypeParameter	5
5-check	T-MAPPED	checker/checker.go:22641	Checker.getHomomorphicTypeVariable	10
5-check	T-MAPPED	checker/checker.go:22652	Checker.instantiateMappedType	44
5-check	T-MAPPED	checker/checker.go:22787	Checker.getTypeParameterFromMappedType	7
5-check	T-MAPPED	checker/checker.go:22795	Checker.getConstraintTypeFromMappedType	7
5-check	T-MAPPED	checker/checker.go:22803	Checker.getNameTypeFromMappedType	10
5-check	T-INSTANTIATE	checker/checker.go:22877	Checker.instantiateTypeAlias	6
5-check	T-INSTANTIATE	checker/checker.go:22884	Checker.instantiateTypes	3
5-check	T-INSTANTIATE	checker/checker.go:22888	Checker.instantiateSymbols	3
5-check	T-INSTANTIATE	checker/checker.go:22892	Checker.instantiateSignatures	3
5-check	T-INSTANTIATE	checker/checker.go:22896	Checker.instantiateIndexInfos	3
5-check	T-INSTANTIATE	checker/checker.go:22900	instantiateList	15
5-check	T-TYPENODE	checker/checker.go:22916	Checker.tryGetTypeFromTypeNode	7
5-check	T-TYPENODE	checker/checker.go:22924	Checker.getTypeFromTypeNode	3
5-check	T-TYPENODE	checker/checker.go:22928	Checker.getTypeFromTypeNodeWorker	88
5-check	T-TYPENODE	checker/checker.go:23017	Checker.getTypeFromThisTypeNode	7
5-check	T-TYPENODE	checker/checker.go:23025	Checker.getThisType	13
5-check	T-TYPENODE	checker/checker.go:23039	Checker.getTypeFromLiteralTypeNode	10
5-check	T-TYPENODE	checker/checker.go:23050	Checker.getTypeFromTypeLiteralOrFunctionOrConstructorTypeNode	15
5-check	T-TYPENODE	checker/checker.go:23066	Checker.getTypeFromIndexedAccessTypeNode	10
5-check	T-TYPENODE	checker/checker.go:23077	Checker.getTypeFromTypeOperatorNode	21
5-check	T-TYPENODE	checker/checker.go:23099	Checker.getESSymbolLikeTypeForNode	20
5-check	T-TYPENODE	checker/checker.go:23120	Checker.getTypeFromTypeReference	16
5-check	T-TYPENODE	checker/checker.go:23137	Checker.getIntendedTypeFromJSDocTypeReference	56
5-check	T-TYPENODE	checker/checker.go:23194	Checker.getSymbolFromTypeReference	9
5-check	T-TYPENODE	checker/checker.go:23204	Checker.resolveTypeReferenceName	14
5-check	T-TYPENODE	checker/checker.go:23263	Checker.getTypeReferenceType	19
5-check	T-TYPENODE	checker/checker.go:23286	Checker.getTypeFromClassOrInterfaceReference	46
5-check	T-TYPENODE	checker/checker.go:23333	Checker.getTypeArgumentsFromNode	3
5-check	T-TYPENODE	checker/checker.go:23337	Checker.checkNoTypeArguments	13
5-check	T-TYPENODE	checker/checker.go:23353	Checker.isDeferredTypeReferenceNode	17
5-check	T-TYPENODE	checker/checker.go:23374	Checker.isResolvedByTypeAlias	11
5-check	T-TYPENODE	checker/checker.go:23388	Checker.mayResolveTypeAlias	24
5-check	T-TUPLE	checker/checker.go:23413	Checker.createNormalizedTypeReference	6
5-check	T-TUPLE	checker/checker.go:23420	Checker.createNormalizedTupleTypeEx	47
5-check	T-TUPLE	checker/checker.go:23468	Checker.createNormalizedTupleType	3
5-check	T-TUPLE	checker/checker.go:23481	TupleNormalizer.normalize	65
5-check	T-TUPLE	checker/checker.go:23547	TupleNormalizer.add	13
5-check	T-TUPLE	checker/checker.go:23562	getStartElementCount	8
5-check	T-TUPLE	checker/checker.go:23572	getEndElementCount	8
5-check	T-TUPLE	checker/checker.go:23585	Checker.getElementTypes	8
5-check	T-TUPLE	checker/checker.go:23594	Checker.getTypeReferenceArity	3
5-check	T-TUPLE	checker/checker.go:23598	Checker.isArrayType	3
5-check	T-TUPLE	checker/checker.go:23602	Checker.isReadonlyArrayType	3
4b-init	T-TUPLE	checker/checker.go:23606	isTupleType	3
5-check	T-TUPLE	checker/checker.go:23610	isMutableTupleType	3
5-check	T-TUPLE	checker/checker.go:23614	isGenericTupleType	3
5-check	T-TUPLE	checker/checker.go:23618	isSingleElementGenericTupleType	3
5-check	T-TUPLE	checker/checker.go:23622	Checker.isArrayOrTupleType	3
5-check	T-TUPLE	checker/checker.go:23630	Checker.getElementTypeOfArrayType	6
5-check	T-TUPLE	checker/checker.go:23637	Checker.isArrayLikeType	5
5-check	T-TUPLE	checker/checker.go:23649	Checker.isEmptyArrayLiteralType	4
5-check	T-TUPLE	checker/checker.go:23654	Checker.isEmptyLiteralType	6
5-check	T-TUPLE	checker/checker.go:23677	Checker.isArrayOrTupleOrIntersection	3
5-check	T-TYPENODE	checker/checker.go:23697	Checker.getTypeFromTypeAliasReference	60
5-check	T-TYPENODE	checker/checker.go:23758	Checker.getTypeAliasInstantiation	23
5-check	T-DECLARED	checker/checker.go:23782	isLocalTypeAlias	4
4b-init	T-DECLARED	checker/checker.go:23787	Checker.getDeclaredTypeOfSymbol	7
4b-init	T-DECLARED	checker/checker.go:23795	Checker.tryGetDeclaredTypeOfSymbol	17
5-check	T-DECLARED	checker/checker.go:23813	getTypeReferenceName	14
5-check	T-DECLARED	checker/checker.go:23828	Checker.getAliasForTypeNode	7
5-check	T-DECLARED	checker/checker.go:23836	Checker.getAliasSymbolForTypeNode	10
5-check	T-DECLARED	checker/checker.go:23847	Checker.getTypeArgumentsForAliasSymbol	6
4b-init	T-DECLARED	checker/checker.go:23854	Checker.getOuterTypeParametersOfClassOrInterface	5
4b-init	T-DECLARED	checker/checker.go:23861	Checker.getClassOrInterfaceLikeDeclaration	15
4b-init	T-DECLARED	checker/checker.go:23882	Checker.getOuterTypeParameters	37
5-check	T-DECLARED	checker/checker.go:23920	Checker.getInferTypeParameters	9
5-check	T-DECLARED	checker/checker.go:23932	Checker.getLocalTypeParametersOfClassOrInterfaceOrTypeAlias	3
4b-init	T-DECLARED	checker/checker.go:23936	Checker.appendLocalTypeParametersOfClassOrInterfaceOrTypeAlias	8
4b-init	T-DECLARED	checker/checker.go:23948	Checker.appendTypeParameters	6
4b-init	T-DECLARED	checker/checker.go:23955	Checker.getDeclaredTypeOfTypeParameter	7
5-check	T-DECLARED	checker/checker.go:23963	Checker.getDeclaredTypeOfTypeAlias	37
5-check	T-TYPENODE	checker/checker.go:24228	Checker.getTypeFromTypeQueryNode	12
5-check	T-TYPENODE	checker/checker.go:24241	Checker.getTypeFromArrayOrTupleTypeNode	28
5-check	T-TYPENODE	checker/checker.go:24270	Checker.isVariadicTupleElement	3
5-check	T-TYPENODE	checker/checker.go:24274	Checker.getArrayOrTupleTargetType	11
5-check	T-TYPENODE	checker/checker.go:24286	Checker.isReadonlyTypeOperator	3
5-check	T-TYPENODE	checker/checker.go:24302	Checker.getTypeFromRestTypeNode	8
5-check	T-TYPENODE	checker/checker.go:24311	Checker.getArrayElementTypeNode	19
5-check	T-TYPENODE	checker/checker.go:24335	Checker.getTypeFromUnionTypeNode	8
5-check	T-TYPENODE	checker/checker.go:24344	Checker.getTypeFromIntersectionTypeNode	20
5-check	T-TYPENODE	checker/checker.go:24365	Checker.getTypeFromTemplateTypeNode	15
5-check	T-TYPENODE	checker/checker.go:24381	Checker.getTypeFromMappedTypeNode	13
5-check	K-COND	checker/checker.go:24395	Checker.getTypeFromConditionalTypeNode	30
5-check	K-COND	checker/checker.go:24426	Checker.getConditionalType	145
5-check	K-COND	checker/checker.go:24576	Checker.getTailRecursionRoot	18
5-check	K-COND	checker/checker.go:24595	Checker.isSimpleTupleType	5
5-check	K-COND	checker/checker.go:24601	Checker.isDeferredType	3
5-check	T-INSTANTIATE	checker/checker.go:24605	Checker.getPermissiveInstantiation	12
5-check	T-INSTANTIATE	checker/checker.go:24618	Checker.getRestrictiveInstantiation	18
5-check	T-INSTANTIATE	checker/checker.go:24637	Checker.getRestrictiveTypeParameter	13
5-check	T-INSTANTIATE	checker/checker.go:24651	Checker.restrictiveMapperWorker	6
5-check	K-COND	checker/checker.go:24665	Checker.getTrueTypeFromConditionalType	7
5-check	K-COND	checker/checker.go:24673	Checker.getFalseTypeFromConditionalType	7
5-check	K-COND	checker/checker.go:24681	Checker.getInferredTrueTypeFromConditionalType	11
5-check	T-TYPENODE	checker/checker.go:24693	Checker.getTypeFromInferTypeNode	7
4b-init	T-TUPLE	checker/checker.go:24794	Checker.createTypeFromGenericGlobalType	6
4b-init	T-TUPLE	checker/checker.go:24801	Checker.getGlobalStrictFunctionType	6
4b-init	T-TUPLE	checker/checker.go:24827	Checker.createArrayType	3
4b-init	T-TUPLE	checker/checker.go:24831	Checker.createArrayTypeEx	3
5-check	T-TUPLE	checker/checker.go:24835	Checker.getTupleElementFlags	18
5-check	T-TUPLE	checker/checker.go:24854	Checker.getTupleElementInfo	6
5-check	T-TUPLE	checker/checker.go:24866	Checker.createTupleTypeEx	10
5-check	T-TUPLE	checker/checker.go:24877	Checker.getTupleTargetType	16
5-check	T-TUPLE	checker/checker.go:24901	Checker.createTupleTargetType	54
5-check	T-TUPLE	checker/checker.go:24956	Checker.getElementTypeOfSliceOfTupleType	20
5-check	T-TUPLE	checker/checker.go:24977	Checker.getRestTypeOfTupleType	3
5-check	K-GENERIC	checker/checker.go:24994	Checker.isGenericType	3
5-check	K-GENERIC	checker/checker.go:24998	Checker.isGenericObjectType	3
4b-init	K-GENERIC	checker/checker.go:25002	Checker.isGenericIndexType	3
4b-init	K-GENERIC	checker/checker.go:25006	Checker.getGenericObjectFlags	23
4b-init	K-GENERIC	checker/checker.go:25030	Checker.isGenericTupleType	3
4b-init	K-GENERIC	checker/checker.go:25034	Checker.isGenericMappedType	16
5-check	K-GENERIC	checker/checker.go:25058	Checker.isGenericReducibleType	4
5-check	K-SUBST	checker/checker.go:25078	Checker.getConditionalFlowTypeOfType	36
5-check	K-SUBST	checker/checker.go:25115	Checker.getImpliedConstraint	9
5-check	K-SUBST	checker/checker.go:25125	isUnaryTupleTypeNode	3
4b-init	K-OBJ	checker/checker.go:25129	Checker.newType	13
4b-init	K-OBJ	checker/checker.go:25143	Checker.newIntrinsicType	3
4b-init	K-OBJ	checker/checker.go:25147	Checker.newIntrinsicTypeEx	5
4b-init	K-OBJ	checker/checker.go:25153	Checker.createWideningType	8
4b-init	K-OBJ	checker/checker.go:25162	Checker.createUnknownUnionType	6
4b-init	K-OBJ	checker/checker.go:25169	Checker.newLiteralType	11
5-check	K-OBJ	checker/checker.go:25181	Checker.newUniqueESSymbolType	7
4b-init	K-OBJ	checker/checker.go:25189	Checker.newObjectType	26
4b-init	K-OBJ	checker/checker.go:25216	Checker.newAnonymousType	5
4b-init	K-OBJ	checker/checker.go:25229	Checker.createTypeReference	3
4b-init	K-OBJ	checker/checker.go:25233	Checker.createTypeReferenceEx	13
5-check	K-OBJ	checker/checker.go:25247	Checker.createDeferredTypeReference	15
4b-init	K-OBJ	checker/checker.go:25271	Checker.setStructuredTypeMembers	22
4b-init	K-OBJ	checker/checker.go:25294	Checker.newTypeParameter	5
4b-init	K-OBJ	checker/checker.go:25304	Checker.getPropagatingFlagsOfTypes	9
4b-init	K-OBJ	checker/checker.go:25314	Checker.newUnionType	5
5-check	K-OBJ	checker/checker.go:25320	Checker.newIntersectionType	5
5-check	K-OBJ	checker/checker.go:25326	Checker.newIndexedAccessType	7
5-check	K-OBJ	checker/checker.go:25334	Checker.newIndexType	6
4b-init	K-OBJ	checker/checker.go:25341	Checker.newTemplateLiteralType	6
5-check	K-OBJ	checker/checker.go:25356	Checker.newConditionalType	9
5-check	K-OBJ	checker/checker.go:25366	Checker.newSubstitutionType	6
4b-init	K-OBJ	checker/checker.go:25373	Checker.newSignature	15
5-check	K-OBJ	checker/checker.go:25389	Checker.newIndexInfo	9
5-check	K-LIT	checker/checker.go:25399	Checker.getRegularTypeOfLiteralType	13
5-check	K-LIT	checker/checker.go:25413	Checker.getFreshTypeOfLiteralType	13
4b-init	K-LIT	checker/checker.go:25427	isFreshLiteralType	3
4b-init	K-LIT	checker/checker.go:25431	Checker.getStringLiteralType	8
4b-init	K-LIT	checker/checker.go:25440	Checker.getNumberLiteralType	16
4b-init	K-LIT	checker/checker.go:25457	Checker.getBigIntLiteralType	8
5-check	K-LIT	checker/checker.go:25472	getStringLiteralValue	3
5-check	K-LIT	checker/checker.go:25519	isLiteralType	12
5-check	K-LIT	checker/checker.go:25536	isUnitType	3
5-check	K-LIT	checker/checker.go:25560	Checker.getBaseTypeOfLiteralType	17
5-check	K-LIT	checker/checker.go:25613	Checker.getWidenedLiteralType	17
5-check	K-UNION	checker/checker.go:25680	Checker.mapTypeWithAlias	6
5-check	K-UNION	checker/checker.go:25687	Checker.mapType	3
5-check	K-UNION	checker/checker.go:25691	Checker.mapTypeEx	36
4b-init	K-UNION	checker/checker.go:25743	Checker.getUnionType	3
4b-init	K-UNION	checker/checker.go:25754	Checker.getUnionTypeEx	24
4b-init	K-UNION	checker/checker.go:25779	Checker.getUnionTypeWorker	81
4b-init	K-UNION	checker/checker.go:25862	Checker.getUnionTypeFromSortedList	20
4b-init	K-UNION	checker/checker.go:25887	Checker.addTypesToUnion	62
5-check	K-UNION	checker/checker.go:25950	Checker.addNamedUnions	13
4b-init	K-UNION	checker/checker.go:25964	Checker.removeRedundantLiteralTypes	18
5-check	K-UNION	checker/checker.go:25983	Checker.removeStringLiteralsMatchedByTemplateLiterals	16
5-check	K-UNION	checker/checker.go:26000	Checker.isTypeMatchedByTemplateLiteralOrStringMapping	6
5-check	K-UNION	checker/checker.go:26007	Checker.removeConstrainedTypeVariables	52
5-check	K-INTERSECT	checker/checker.go:26150	Checker.intersectTypes	9
5-check	K-INTERSECT	checker/checker.go:26178	Checker.getIntersectionType	3
5-check	K-INTERSECT	checker/checker.go:26182	Checker.getIntersectionTypeEx	168
5-check	K-PRED	checker/checker.go:26351	isUnionWithUndefined	3
5-check	K-PRED	checker/checker.go:26355	isUnionWithNull	3
5-check	K-PRED	checker/checker.go:26359	isIntersectionType	3
5-check	K-PRED	checker/checker.go:26363	isPrimitiveUnion	3
5-check	K-INTERSECT	checker/checker.go:26377	Checker.addTypesToIntersection	6
5-check	K-INTERSECT	checker/checker.go:26384	Checker.addTypeToIntersection	36
5-check	K-INTERSECT	checker/checker.go:26469	Checker.intersectUnionsOfPrimitiveTypes	49
5-check	K-INTERSECT	checker/checker.go:26522	Checker.eachUnionContains	8
5-check	K-INTERSECT	checker/checker.go:26531	Checker.unionContainsType	24
5-check	K-INTERSECT	checker/checker.go:26556	Checker.getCrossProductIntersections	21
5-check	K-PRED	checker/checker.go:26578	getConstituentCount	9
5-check	K-PRED	checker/checker.go:26588	getConstituentCountOfTypes	7
5-check	K-PRED	checker/checker.go:26602	Checker.IsEmptyAnonymousObjectType	4
5-check	K-PRED	checker/checker.go:26607	Checker.isEmptyResolvedType	3
5-check	K-PRED	checker/checker.go:26611	Checker.isEmptyObjectType	13
4b-init	K-PRED	checker/checker.go:26625	Checker.isPatternLiteralPlaceholderType	16
4b-init	K-PRED	checker/checker.go:26642	Checker.isPatternLiteralType	6
4b-init	K-PRED	checker/checker.go:26649	Checker.isGenericStringLikeType	3
5-check	K-PRED	checker/checker.go:26653	forEachType	9
5-check	K-PRED	checker/checker.go:26663	someType	6
5-check	K-PRED	checker/checker.go:26670	everyType	6
5-check	K-PRED	checker/checker.go:26684	Checker.filterType	35
5-check	K-PRED	checker/checker.go:26742	containsType	4
5-check	K-PRED	checker/checker.go:26747	insertType	6
5-check	K-PRED	checker/checker.go:26754	countTypes	9
4b-init	K-PRED	checker/checker.go:26764	Checker.isErrorType	5
5-check	K-UNION	checker/checker.go:26774	Checker.checkCrossProductUnion	11
5-check	K-UNION	checker/checker.go:26786	Checker.getCrossProductUnionSize	19
5-check	K-KEYOF	checker/checker.go:26806	Checker.getIndexType	3
5-check	K-KEYOF	checker/checker.go:26810	Checker.getIndexTypeEx	24
5-check	K-KEYOF	checker/checker.go:26843	Checker.getLiteralTypeFromProperties	28
5-check	K-KEYOF	checker/checker.go:26872	Checker.getLiteralTypeFromProperty	22
5-check	K-KEYOF	checker/checker.go:26895	Checker.getLiteralTypeFromPropertyName	19
5-check	K-KEYOF	checker/checker.go:26915	Checker.isKeyTypeIncluded	6
5-check	K-KEYOF	checker/checker.go:26922	isInvalidComputedPropertyName	5
5-check	K-KEYOF	checker/checker.go:26928	Checker.checkComputedPropertyName	19
5-check	K-SUBST	checker/checker.go:26948	Checker.isNoInferType	4
5-check	K-SUBST	checker/checker.go:26953	Checker.getSubstitutionIntersection	6
5-check	K-KEYOF	checker/checker.go:26960	Checker.shouldDeferIndexType	7
5-check	K-KEYOF	checker/checker.go:26979	Checker.getIndexTypeForGenericType	12
5-check	K-INDEXED	checker/checker.go:27049	Checker.getIndexedAccessType	3
5-check	K-INDEXED	checker/checker.go:27053	Checker.getIndexedAccessTypeEx	7
5-check	K-INDEXED	checker/checker.go:27061	Checker.getIndexedAccessTypeOrUndefined	65
5-check	K-INDEXED	checker/checker.go:27127	Checker.getPropertyTypeForIndexType	213
5-check	K-INDEXED	checker/checker.go:27395	Checker.errorIfWritingToReadonlyIndex	5
5-check	K-INDEXED	checker/checker.go:27401	Checker.isSelfTypeAccess	3
5-check	K-INDEXED	checker/checker.go:27405	Checker.isAssignmentToReadonlyEntity	48
5-check	K-INDEXED	checker/checker.go:27454	Checker.isThisPropertyAccessInConstructor	9
5-check	K-INDEXED	checker/checker.go:27481	Checker.getPropertyNameFromIndex	9
5-check	K-INDEXED	checker/checker.go:27491	Checker.isStringIndexSignatureOnlyTypeWorker	4
5-check	K-INDEXED	checker/checker.go:27496	Checker.shouldDeferIndexedAccessType	10
5-check	K-SUBST	checker/checker.go:27537	Checker.getSubstitutionType	6
5-check	K-SUBST	checker/checker.go:27544	Checker.getOrCreateSubstitutionType	9
5-check	T-CONSTRAINT	checker/checker.go:27562	Checker.getBaseConstraintOfType	10
5-check	T-CONSTRAINT	checker/checker.go:27573	Checker.getResolvedBaseConstraint	42
5-check	T-CONSTRAINT	checker/checker.go:27616	Checker.computeBaseConstraint	102
5-check	T-CONSTRAINT	checker/checker.go:27719	Checker.getNextBaseConstraint	10
5-check	K-PRED	checker/checker.go:27732	Checker.maybeTypeOfKind	13
5-check	K-PRED	checker/checker.go:27767	Checker.isTypeAssignableToKind	3
5-check	K-PRED	checker/checker.go:27771	Checker.isTypeAssignableToKindEx	18
5-check	K-PRED	checker/checker.go:27790	isConstEnumObjectType	3
5-check	K-PRED	checker/checker.go:27794	isConstEnumSymbol	3
5-check	T-UIMEMBERS	checker/checker.go:27798	Checker.compareProperties	26
5-check	T-UIMEMBERS	checker/checker.go:27825	compareTypesEqual	6
5-check	E-ACCESS	checker/checker.go:27832	Checker.markPropertyAsReferenced	25
5-check	T-SIGSHAPE	checker/checker.go:27913	hasRestParameter	4
5-check	T-SIGSHAPE	checker/checker.go:27918	isRestParameter	3
5-check	K-PRED	checker/checker.go:27929	Checker.isUnknownLikeUnionType	13
5-check	R-REL	checker/checker.go:27991	Checker.getNormalizedType	36
5-check	K-INDEXED	checker/checker.go:28028	Checker.getSimplifiedType	9
5-check	K-INDEXED	checker/checker.go:28041	Checker.getSimplifiedIndexedAccessType	14
5-check	K-INDEXED	checker/checker.go:28056	Checker.getSimplifiedIndexedAccessTypeWorker	44
5-check	K-INDEXED	checker/checker.go:28101	Checker.distributeObjectOverIndexType	14
5-check	K-COND	checker/checker.go:28132	Checker.getSimplifiedConditionalType	21
5-check	K-INDEXED	checker/checker.go:28155	Checker.isIntersectionEmpty	3
5-check	K-INDEXED	checker/checker.go:28159	Checker.getSimplifiedTypeOrConstraint	6
5-check	R-REL	checker/checker.go:28166	Checker.getNormalizedUnionOrIntersectionType	19
5-check	R-REL	checker/checker.go:28186	Checker.shouldNormalizeIntersection	12
5-check	R-REL	checker/checker.go:28199	Checker.getNormalizedTupleType	13
5-check	R-REL	checker/checker.go:28213	Checker.getSingleBaseForNonAugmentingSubtype	39
5-check	K-PRED	checker/checker.go:28281	Checker.extractTypesOfKind	3
5-check	T-WIDEN	checker/checker.go:28285	Checker.getRegularTypeOfObjectLiteral	16
5-check	U-ALIASMARK	checker/checker.go:28315	Checker.markLinkedReferences	166
5-check	U-ALIASMARK	checker/checker.go:28497	shouldMarkIdentifierAliasReferenced	20
5-check	T-MAPPED	checker/checker.go:29186	isPartialMappedType	3
5-check	T-SYMTYPE	checker/checker.go:29218	Checker.removeMissingType	6
5-check	T-CONSTRAINT	checker/checker.go:29258	Checker.getConstraintDeclaration	12
4b-init	K-TEMPLATE	checker/checker.go:29271	Checker.getTemplateLiteralType	67
5-check	K-TEMPLATE	checker/checker.go:29339	Checker.getTemplateStringForType	9
5-check	E-CTX	checker/checker.go:29622	Checker.isContextSensitiveFunctionOrObjectLiteralMethod	3
5-check	E-FACTS	checker/checker.go:31100	Checker.getTypeFacts	3
5-check	E-FACTS	checker/checker.go:31104	Checker.hasTypeFacts	3
5-check	E-FACTS	checker/checker.go:31108	Checker.getTypeFactsWorker	135
5-check	E-FACTS	checker/checker.go:31266	Checker.isFunctionObjectType	9
5-check	E-FACTS	checker/checker.go:31276	Checker.getTypeWithFacts	5
5-check	E-FACTS	checker/checker.go:31285	Checker.getAdjustedTypeWithFacts	19
5-check	E-FACTS	checker/checker.go:31327	Checker.recombineUnknownType	6
5-check	E-FACTS	checker/checker.go:31334	Checker.getGlobalNonNullableTypeInstantiation	7
5-check	E-FACTS	checker/checker.go:31342	Checker.convertAutoToAny	9
5-check	F-NARROW	checker/checker.go:31617	Checker.getNarrowableTypeForReference	17
5-check	F-NARROW	checker/checker.go:31645	Checker.isGenericTypeWithUnionConstraint	6
5-check	K-SUBST	checker/checker.go:31697	Checker.getActualTypeVariable	9
5-check	Z-SERVICES	checker/checker.go:32208	Checker.getApplicableIndexInfos	3
5-check	Z-SERVICES	checker/checker.go:32248	Checker.containsArgumentsReference	36
5-check	Z-SERVICES	checker/checker.go:32289	Checker.GetEmitResolver	7
5-check	Z-SERVICES	checker/emitresolver.go:45	newEmitResolver	7
5-check	Z-SERVICES	checker/emitresolver.go:585	EmitResolver.requiresAddingImplicitUndefined	19
5-check	F-NARROW	checker/flow.go:52	Checker.getFlowState	8
5-check	F-NARROW	checker/flow.go:61	Checker.putFlowState	7
5-check	F-NARROW	checker/flow.go:69	getFlowNodeOfNode	7
5-check	F-NARROW	checker/flow.go:81	Checker.getFlowTypeOfReferenceEx	35
5-check	F-NARROW	checker/flow.go:117	Checker.getTypeAtFlowNode	90
5-check	F-NARROW	checker/flow.go:1542	Checker.isEvolvingArrayOperationTarget	11
5-check	F-NARROW	checker/flow.go:1566	Checker.finalizeEvolvingArrayType	6
5-check	F-NARROW	checker/flow.go:1876	Checker.getReferenceRoot	9
5-check	F-NARROW	checker/flow.go:2107	Checker.getPropertyNameForKnownSymbolName	10
5-check	F-REACH	checker/flow.go:2513	Checker.isReachableFlowNode	8
5-check	F-REACH	checker/flow.go:2522	Checker.isReachableFlowNodeWorker	66
5-check	G-GRAMMAR	checker/grammarchecks.go:120	Checker.checkGrammarMappedType	6
5-check	G-GRAMMAR	checker/grammarchecks.go:199	Checker.checkGrammarExportDeclaration	6
5-check	G-GRAMMAR	checker/grammarchecks.go:206	Checker.checkGrammarModuleElementContext	7
5-check	G-GRAMMAR	checker/grammarchecks.go:214	Checker.checkGrammarModifiers	356
5-check	G-GRAMMAR	checker/grammarchecks.go:571	Checker.reportObviousModifierErrors	7
5-check	G-GRAMMAR	checker/grammarchecks.go:579	Checker.findFirstModifierExcept	7
5-check	G-GRAMMAR	checker/grammarchecks.go:587	Checker.findFirstIllegalModifier	54
5-check	G-GRAMMAR	checker/grammarchecks.go:642	Checker.reportObviousDecoratorErrors	7
5-check	G-GRAMMAR	checker/grammarchecks.go:650	Checker.findFirstIllegalDecorator	8
5-check	G-GRAMMAR	checker/grammarchecks.go:671	Checker.checkGrammarForDisallowedTrailingComma	6
5-check	G-GRAMMAR	checker/grammarchecks.go:678	Checker.checkGrammarTypeParameterList	8
5-check	G-GRAMMAR	checker/grammarchecks.go:687	Checker.checkGrammarParameterList	34
5-check	G-GRAMMAR	checker/grammarchecks.go:722	Checker.checkGrammarForUseStrictSimpleParameterList	35
5-check	G-GRAMMAR	checker/grammarchecks.go:758	Checker.checkGrammarFunctionLikeDeclaration	8
5-check	G-GRAMMAR	checker/grammarchecks.go:767	Checker.checkGrammarClassLikeDeclaration	4
5-check	G-GRAMMAR	checker/grammarchecks.go:772	Checker.checkGrammarArrowFunction	23
5-check	G-GRAMMAR	checker/grammarchecks.go:796	Checker.checkGrammarIndexSignatureParameters	43
5-check	G-GRAMMAR	checker/grammarchecks.go:840	Checker.checkGrammarIndexSignature	4
5-check	G-GRAMMAR	checker/grammarchecks.go:845	Checker.checkGrammarForAtLeastOneTypeArgument	9
5-check	G-GRAMMAR	checker/grammarchecks.go:855	Checker.checkGrammarTypeArguments	3
5-check	G-GRAMMAR	checker/grammarchecks.go:866	Checker.checkGrammarHeritageClause	18
5-check	G-GRAMMAR	checker/grammarchecks.go:885	Checker.checkGrammarExpressionWithTypeArguments	6
5-check	G-GRAMMAR	checker/grammarchecks.go:892	Checker.checkGrammarClassDeclarationHeritageClauses	42
5-check	G-GRAMMAR	checker/grammarchecks.go:935	Checker.checkGrammarInterfaceDeclaration	25
5-check	G-GRAMMAR	checker/grammarchecks.go:961	Checker.checkGrammarComputedPropertyName	12
5-check	G-GRAMMAR	checker/grammarchecks.go:974	Checker.checkGrammarForGenerator	15
5-check	G-GRAMMAR	checker/grammarchecks.go:1289	Checker.checkGrammarAccessor	51
5-check	G-GRAMMAR	checker/grammarchecks.go:1345	Checker.doesAccessorHaveCorrectParameterCount	5
5-check	G-GRAMMAR	checker/grammarchecks.go:1351	Checker.checkGrammarTypeOperatorNode	39
5-check	G-GRAMMAR	checker/grammarchecks.go:1391	Checker.checkGrammarForInvalidDynamicName	17
5-check	G-GRAMMAR	checker/grammarchecks.go:1410	Checker.isNonBindableDynamicName	3
5-check	G-GRAMMAR	checker/grammarchecks.go:1414	Checker.checkGrammarMethod	47
5-check	G-GRAMMAR	checker/grammarchecks.go:1518	Checker.checkGrammarBindingElement	20
5-check	G-GRAMMAR	checker/grammarchecks.go:1539	Checker.checkGrammarVariableDeclaration	56
5-check	G-GRAMMAR	checker/grammarchecks.go:1611	Checker.checkGrammarNameInLetOrConstDeclarations	16
5-check	G-GRAMMAR	checker/grammarchecks.go:1628	Checker.checkGrammarVariableDeclarationList	29
5-check	G-GRAMMAR	checker/grammarchecks.go:1772	Checker.checkGrammarForDisallowedBlockScopedVariableStatement	23
5-check	G-GRAMMAR	checker/grammarchecks.go:1796	Checker.containerAllowsBlockScopedVariable	16
5-check	G-GRAMMAR	checker/grammarchecks.go:1841	Checker.checkGrammarConstructorTypeParameters	14
5-check	G-GRAMMAR	checker/grammarchecks.go:1856	Checker.checkGrammarConstructorTypeAnnotation	7
5-check	G-GRAMMAR	checker/grammarchecks.go:1864	Checker.checkGrammarProperty	60
5-check	G-GRAMMAR	checker/grammarchecks.go:1925	Checker.checkAmbientInitializer	34
5-check	G-GRAMMAR	checker/grammarchecks.go:1994	Checker.checkGrammarTopLevelElementForRequiredDeclareModifier	19
5-check	G-GRAMMAR	checker/grammarchecks.go:2014	Checker.checkGrammarTopLevelElementsForRequiredDeclareModifier	10
5-check	G-GRAMMAR	checker/grammarchecks.go:2025	Checker.checkGrammarSourceFile	3
5-check	G-GRAMMAR	checker/grammarchecks.go:2059	Checker.checkGrammarNumericLiteral	27
5-check	I-INFER	checker/inference.go:32	Checker.getInferenceState	8
5-check	I-INFER	checker/inference.go:41	Checker.putInferenceState	11
5-check	I-INFER	checker/inference.go:53	Checker.inferTypes	11
5-check	I-INFER	checker/inference.go:65	Checker.inferFromTypes	218
5-check	I-INFER	checker/inference.go:335	Checker.invokeOnce	34
5-check	I-INFER	checker/inference.go:699	Checker.inferFromObjectTypes	128
5-check	I-INFER	checker/inference.go:828	Checker.inferFromProperties	9
5-check	I-INFER	checker/inference.go:838	Checker.inferFromSignatures	14
5-check	I-INFER	checker/inference.go:868	Checker.applyToParameterTypes	27
5-check	I-INFER	checker/inference.go:896	Checker.applyToReturnTypes	14
5-check	I-INFER	checker/inference.go:911	Checker.inferFromIndexTypes	36
5-check	I-INFER	checker/inference.go:1185	Checker.typesDefinitelyUnrelated	9
5-check	I-INFER	checker/inference.go:1251	Checker.newInferenceContext	6
5-check	I-INFER	checker/inference.go:1273	Checker.newInferenceContextWorker	11
5-check	I-INFER	checker/inference.go:1302	Checker.inferFromIntraExpressionSites	14
5-check	I-INFER	checker/inference.go:1317	Checker.getInferredType	88
5-check	I-INFER	checker/inference.go:1406	Checker.getInferredTypes	7
5-check	I-INFER	checker/inference.go:1434	Checker.getCovariantInference	28
5-check	I-INFER	checker/inference.go:1470	Checker.unionObjectAndArrayLiteralCandidates	11
5-check	I-INFER	checker/inference.go:1482	Checker.hasPrimitiveConstraint	10
5-check	I-INFER	checker/inference.go:1493	Checker.isTypeParameterAtTopLevel	7
5-check	I-INFER	checker/inference.go:1501	Checker.isTypeParameterAtTopLevelInReturnType	7
5-check	I-INFER	checker/inference.go:1509	Checker.getTypeFromInference	9
5-check	I-INFER	checker/inference.go:1519	getInferenceInfoForType	10
5-check	I-INFER	checker/inference.go:1530	Checker.getCommonSupertype	26
5-check	I-INFER	checker/inference.go:1617	Checker.isFromInferenceBlockedSource	3
5-check	I-INFER	checker/inference.go:1621	Checker.isSkipDirectInferenceNode	3
5-check	I-INFER	checker/inference.go:1625	newInferenceInfo	3
5-check	I-INFER	checker/inference.go:1642	clearCachedInferences	7
5-check	D-JSDOC	checker/jsdoc.go:9	Checker.checkUnmatchedJSDocParameters	76
5-check	D-JSDOC	checker/jsdoc.go:86	getAllJSDocTags	15
5-check	LINKS	checker/links.go:14	nodeLinkStore.Get	3
4b-init	LINKS	checker/links.go:33	symbolArenaLinkStore.Get	7
5-check	LINKS	checker/links.go:41	symbolArenaLinkStore.Has	3
5-check	LINKS	checker/links.go:45	symbolArenaLinkStore.TryGet	6
5-check	MAPPER	checker/mapper.go:26	TypeMapper.Map	1
5-check	MAPPER	checker/mapper.go:27	TypeMapper.Kind	1
5-check	MAPPER	checker/mapper.go:28	TypeMapper.MapsThisOnly	1
5-check	MAPPER	checker/mapper.go:40	newTypeMapper	6
5-check	MAPPER	checker/mapper.go:47	Checker.combineTypeMappers	6
5-check	MAPPER	checker/mapper.go:54	Checker.mapTypeWithCompositeMapper	10
5-check	MAPPER	checker/mapper.go:72	prependTypeMapping	6
5-check	MAPPER	checker/mapper.go:103	TypeMapperBase.Kind	1
5-check	MAPPER	checker/mapper.go:104	TypeMapperBase.MapsThisOnly	1
5-check	MAPPER	checker/mapper.go:114	newSimpleTypeMapper	7
5-check	MAPPER	checker/mapper.go:122	SimpleTypeMapper.Map	6
5-check	MAPPER	checker/mapper.go:133	SimpleTypeMapper.MapsThisOnly	3
5-check	MAPPER	checker/mapper.go:145	newArrayTypeMapper	7
5-check	MAPPER	checker/mapper.go:153	ArrayTypeMapper.Map	8
5-check	MAPPER	checker/mapper.go:162	ArrayTypeMapper.Kind	3
5-check	MAPPER	checker/mapper.go:166	ArrayTypeMapper.MapsThisOnly	3
5-check	MAPPER	checker/mapper.go:178	newArrayToSingleTypeMapper	7
5-check	MAPPER	checker/mapper.go:186	ArrayToSingleTypeMapper.Map	6
5-check	MAPPER	checker/mapper.go:193	ArrayToSingleTypeMapper.MapsThisOnly	3
4b-init	MAPPER	checker/mapper.go:233	newFunctionTypeMapper	6
5-check	MAPPER	checker/mapper.go:240	FunctionTypeMapper.Map	3
5-check	MAPPER	checker/mapper.go:252	newMergedTypeMapper	7
5-check	MAPPER	checker/mapper.go:260	MergedTypeMapper.Map	3
5-check	MAPPER	checker/mapper.go:277	newCompositeTypeMapper	8
5-check	MAPPER	checker/mapper.go:286	CompositeTypeMapper.Map	7
5-check	MAPPER	checker/mapper.go:303	Checker.newInferenceTypeMapper	8
5-check	MAPPER	checker/mapper.go:312	InferenceTypeMapper.Map	15
5-check	P-PRINT	checker/nodebuilder.go:29	NodeBuilder.EmitContext	3
5-check	P-PRINT	checker/nodebuilder.go:33	NodeBuilder.enterContext	27
5-check	P-PRINT	checker/nodebuilder.go:62	NodeBuilder.propagateVerbosityOut	11
5-check	P-PRINT	checker/nodebuilder.go:74	NodeBuilder.popContext	9
5-check	P-PRINT	checker/nodebuilder.go:84	NodeBuilder.exitContext	9
5-check	P-PRINT	checker/nodebuilder.go:104	NodeBuilder.exitContextCheck	5
5-check	P-PRINT	checker/nodebuilder.go:237	NodeBuilder.SymbolToNode	4
5-check	P-PRINT	checker/nodebuilder.go:267	NodeBuilder.TypeToTypeNode	4
5-check	P-PRINT	checker/nodebuilder.go:283	NewNodeBuilderEx	4
5-check	P-PRINT	checker/nodebuilder.go:288	Checker.getNodeBuilder	10
5-check	P-PRINT	checker/nodebuilder.go:299	Checker.getNodeBuilderEx	4
5-check	checker:nodebuilder_hover.go	checker/nodebuilder_hover.go:15	isExpanding	3
5-check	P-PRINT	checker/nodebuilderimpl.go:119	newNodeBuilderImpl	8
5-check	P-PRINT	checker/nodebuilderimpl.go:128	NodeBuilderImpl.saveRestoreFlags	11
5-check	P-PRINT	checker/nodebuilderimpl.go:140	NodeBuilderImpl.checkTruncationLength	15
5-check	P-PRINT	checker/nodebuilderimpl.go:206	NodeBuilderImpl.shouldExpandType	16
5-check	P-PRINT	checker/nodebuilderimpl.go:225	NodeBuilderImpl.isActivelyExpanding	3
5-check	P-PRINT	checker/nodebuilderimpl.go:331	isClassInstanceSide	3
5-check	P-PRINT	checker/nodebuilderimpl.go:343	NodeBuilderImpl.mapToTypeNodes	92
5-check	P-PRINT	checker/nodebuilderimpl.go:457	isIdentifierTypeReference	3
5-check	P-PRINT	checker/nodebuilderimpl.go:461	arrayIsHomogeneous	13
5-check	P-PRINT	checker/nodebuilderimpl.go:479	NodeBuilderImpl.setCommentRange	6
5-check	P-PRINT	checker/nodebuilderimpl.go:578	NodeBuilderImpl.symbolToNode	21
5-check	P-PRINT	checker/nodebuilderimpl.go:644	NodeBuilderImpl.symbolToTypeNode	105
5-check	P-PRINT	checker/nodebuilderimpl.go:757	NodeBuilderImpl.createAccessFromSymbolChain	95
5-check	P-PRINT	checker/nodebuilderimpl.go:853	NodeBuilderImpl.symbolToExpression	4
5-check	P-PRINT	checker/nodebuilderimpl.go:858	NodeBuilderImpl.createExpressionFromSymbolChain	53
5-check	P-PRINT	checker/nodebuilderimpl.go:924	startsWithSingleOrDoubleQuote	3
5-check	P-PRINT	checker/nodebuilderimpl.go:973	NodeBuilderImpl.getNameOfSymbolAsWritten	53
5-check	P-PRINT	checker/nodebuilderimpl.go:1061	NodeBuilderImpl.lookupSymbolChain	4
5-check	P-PRINT	checker/nodebuilderimpl.go:1066	NodeBuilderImpl.lookupSymbolChainWorker	14
5-check	P-PRINT	checker/nodebuilderimpl.go:2181	NodeBuilderImpl.serializeTypeForDeclaration	118
5-check	P-PRINT	checker/nodebuilderimpl.go:2302	NodeBuilderImpl.shouldUsePlaceholderForProperty	58
5-check	P-PRINT	checker/nodebuilderimpl.go:2384	classifyPropertyName	9
5-check	P-PRINT	checker/nodebuilderimpl.go:2394	NodeBuilderImpl.createPropertyNameNodeForIdentifierOrLiteral	10
5-check	P-PRINT	checker/nodebuilderimpl.go:2405	NodeBuilderImpl.isStringNamed	15
5-check	P-PRINT	checker/nodebuilderimpl.go:2421	NodeBuilderImpl.isSingleQuotedStringNamed	4
5-check	P-PRINT	checker/nodebuilderimpl.go:2426	NodeBuilderImpl.getPropertyNameNodeForSymbol	27
5-check	P-PRINT	checker/nodebuilderimpl.go:2455	NodeBuilderImpl.getPropertyNameNodeForSymbolFromNameType	48
5-check	P-PRINT	checker/nodebuilderimpl.go:2504	NodeBuilderImpl.addPropertyToElementList	140
5-check	P-PRINT	checker/nodebuilderimpl.go:2645	NodeBuilderImpl.createTypeNodesFromResolvedType	62
5-check	P-PRINT	checker/nodebuilderimpl.go:2708	NodeBuilderImpl.createTypeNodeFromObjectType	59
5-check	P-PRINT	checker/nodebuilderimpl.go:2778	NodeBuilderImpl.shouldWriteTypeOfFunctionSymbol	36
5-check	P-PRINT	checker/nodebuilderimpl.go:2815	NodeBuilderImpl.createAnonymousTypeNode	3
5-check	P-PRINT	checker/nodebuilderimpl.go:2819	NodeBuilderImpl.shouldEmitTypeOfSymbol	10
5-check	P-PRINT	checker/nodebuilderimpl.go:2830	NodeBuilderImpl.createAnonymousTypeNodeEx	72
5-check	P-PRINT	checker/nodebuilderimpl.go:3137	NodeBuilderImpl.visitAndTransformType	86
5-check	P-PRINT	checker/nodebuilderimpl.go:3224	NodeBuilderImpl.typeToTypeNode	318
5-check	P-PRINT	checker/nodebuilderimpl.go:3543	NodeBuilderImpl.newStringLiteral	3
5-check	P-PRINT	checker/nodebuilderimpl.go:3547	NodeBuilderImpl.newStringLiteralEx	8
5-check	P-PRINT	checker/nodebuilderimpl.go:3562	NodeBuilderImpl.newIdentifier	7
5-check	P-PRINT	checker/nodebuilderimpl.go:3581	NodeBuilderImpl.createExpressionWithTypeArguments	6
5-check	P-PRINT	checker/nodebuilderimpl.go:3615	NodeBuilderImpl.lookupExpressionChainTypeArgumentNodes	19
5-check	P-PRINT	checker/nodebuilderimpl.go:3635	NodeBuilderImpl.shouldWriteTypeParametersInQualifiedName	3
5-check	P-PRINT	checker/printer.go:17	createPrinterWithRemoveComments	3
5-check	P-PRINT	checker/printer.go:21	createPrinterWithRemoveCommentsOmitTrailingSemicolon	6
5-check	P-PRINT	checker/printer.go:43	Checker.TypeToString	3
5-check	P-PRINT	checker/printer.go:47	Checker.typeToString	3
5-check	P-PRINT	checker/printer.go:51	toNodeBuilderFlags	3
5-check	P-PRINT	checker/printer.go:59	Checker.typeToStringEx	60
5-check	P-PRINT	checker/printer.go:124	Checker.symbolToString	3
5-check	P-PRINT	checker/printer.go:132	Checker.symbolToStringEx	46
5-check	R-REL	checker/relater.go:94	asRecursionId	3
5-check	R-REL	checker/relater.go:102	Relation.get	3
5-check	R-REL	checker/relater.go:106	Relation.set	6
5-check	R-REL	checker/relater.go:113	Relation.size	3
5-check	R-REL	checker/relater.go:117	Checker.isTypeIdenticalTo	3
5-check	R-REL	checker/relater.go:135	Checker.compareTypesAssignableWorker	6
5-check	R-REL	checker/relater.go:149	Checker.isTypeAssignableTo	3
5-check	R-REL	checker/relater.go:157	Checker.isTypeStrictSubtypeOf	3
5-check	R-REL	checker/relater.go:169	Checker.isTypeRelatedTo	35
5-check	R-REL	checker/relater.go:205	Checker.isSimpleTypeRelatedTo	75
5-check	R-REL	checker/relater.go:339	Checker.checkTypeAssignableTo	3
5-check	R-REL	checker/relater.go:343	Checker.checkTypeAssignableToEx	3
5-check	R-REL	checker/relater.go:351	Checker.checkTypeRelatedTo	3
5-check	R-REL	checker/relater.go:358	Checker.checkTypeRelatedToEx	41
5-check	R-REL	checker/relater.go:400	createDiagnosticChainFromErrorChain	13
5-check	R-REL	checker/relater.go:414	Checker.reportDiagnostic	9
5-check	R-ELAB	checker/relater.go:424	Checker.checkTypeAssignableToAndOptionallyElaborate	3
5-check	R-ELAB	checker/relater.go:428	Checker.checkTypeRelatedToAndOptionallyElaborate	9
5-check	R-ELAB	checker/relater.go:438	Checker.elaborateError	35
5-check	R-ELAB	checker/relater.go:474	Checker.isOrHasGenericConditional	3
5-check	R-ELAB	checker/relater.go:478	Checker.elaborateDidYouMeanToCallOrConstruct	17
5-check	R-REL	checker/relater.go:679	Checker.isWeakType	15
5-check	R-REL	checker/relater.go:695	Checker.hasCommonProperties	8
5-check	R-REL	checker/relater.go:717	Checker.isKnownProperty	25
5-check	R-REL	checker/relater.go:766	Checker.isDeeplyNestedType	30
5-check	R-REL	checker/relater.go:797	hasMatchingRecursionIdentity	12
5-check	R-REL	checker/relater.go:810	getRecursionIdentity	3
5-check	R-REL	checker/relater.go:820	getRecursionIdentityTarget	13
5-check	R-REL	checker/relater.go:840	getRecursionIdentityFromTarget	31
5-check	R-DISCRIM	checker/relater.go:872	Checker.getBestMatchingType	18
5-check	R-DISCRIM	checker/relater.go:891	Checker.findMatchingTypeReferenceOrTypeAliasReference	17
5-check	R-DISCRIM	checker/relater.go:909	Checker.findBestTypeForInvokable	6
5-check	R-DISCRIM	checker/relater.go:916	Checker.findMostOverlappyType	28
5-check	R-DISCRIM	checker/relater.go:945	Checker.findBestTypeForObjectLiteral	6
5-check	R-REL	checker/relater.go:952	Checker.shouldReportUnmatchedPropertyError	14
5-check	R-REL	checker/relater.go:967	Checker.getUnmatchedProperty	3
5-check	R-REL	checker/relater.go:971	Checker.getUnmatchedProperties	5
5-check	R-REL	checker/relater.go:977	Checker.getUnmatchedPropertiesWorker	30
5-check	R-REL	checker/relater.go:1008	excludeProperties	21
5-check	R-DISCRIM	checker/relater.go:1055	Checker.findMatchingDiscriminantType	14
5-check	R-DISCRIM	checker/relater.go:1070	Checker.findDiscriminantProperties	9
5-check	R-DISCRIM	checker/relater.go:1080	Checker.isDiscriminantProperty	15
5-check	R-DISCRIM	checker/relater.go:1096	Checker.getMatchingUnionConstituentForType	11
5-check	R-DISCRIM	checker/relater.go:1111	Checker.getKeyPropertyName	10
5-check	R-DISCRIM	checker/relater.go:1132	Checker.computeKeyPropertyNameAndMap	15
5-check	R-REL	checker/relater.go:1270	Checker.getTypeNamesForErrorDisplay	19
5-check	R-REL	checker/relater.go:1290	Checker.getTypeNameForErrorDisplay	3
5-check	R-REL	checker/relater.go:1294	Checker.symbolValueDeclarationIsContextSensitive	3
5-check	R-REL	checker/relater.go:1298	Checker.typeCouldHaveTopLevelSingletonTypes	18
5-check	R-VARIANCE	checker/relater.go:1317	Checker.getVariances	7
5-check	R-VARIANCE	checker/relater.go:1334	Checker.getVariancesWorker	102
5-check	R-VARIANCE	checker/relater.go:1437	Checker.getVarianceStackIndex	8
5-check	R-VARIANCE	checker/relater.go:1446	Checker.createMarkerType	15
5-check	R-VARIANCE	checker/relater.go:1462	Checker.isMarkerType	3
5-check	R-VARIANCE	checker/relater.go:1466	Checker.getTypeParameterModifiers	9
5-check	R-VARIANCE	checker/relater.go:1478	Checker.hasCovariantVoidArgument	8
5-check	R-SIGREL	checker/relater.go:1491	Checker.compareSignaturesRelated	183
5-check	R-SIGREL	checker/relater.go:1675	Checker.compareTypePredicateRelatedTo	31
5-check	T-SIGSHAPE	checker/relater.go:1708	Checker.isTopSignature	13
5-check	T-SIGSHAPE	checker/relater.go:1726	Checker.getParameterCount	10
5-check	T-SIGSHAPE	checker/relater.go:1737	Checker.getMinArgumentCount	3
5-check	T-SIGSHAPE	checker/relater.go:1741	Checker.getMinArgumentCountEx	40
5-check	T-SIGSHAPE	checker/relater.go:1782	Checker.hasEffectiveRestParameter	7
5-check	T-SIGSHAPE	checker/relater.go:1790	Checker.getTypeAtPosition	7
5-check	T-SIGSHAPE	checker/relater.go:1798	Checker.tryGetTypeAtPosition	17
5-check	T-SIGSHAPE	checker/relater.go:1819	Checker.getRestOrAnyTypeAtPosition	9
5-check	T-SIGSHAPE	checker/relater.go:1829	Checker.getRestTypeAtPosition	30
5-check	T-SIGSHAPE	checker/relater.go:1860	Checker.getNameableDeclarationAtPosition	26
5-check	T-SIGSHAPE	checker/relater.go:1887	Checker.isValidDeclarationForTupleLabel	3
5-check	T-SIGSHAPE	checker/relater.go:1891	Checker.getNonArrayRestType	7
5-check	T-SIGSHAPE	checker/relater.go:1899	Checker.getEffectiveRestType	15
5-check	T-SIGSHAPE	checker/relater.go:1947	Checker.getThisTypeOfSignature	6
5-check	T-SIGSHAPE	checker/relater.go:1954	Checker.isInstantiatedGenericParameter	7
5-check	T-SIGSHAPE	checker/relater.go:2049	Checker.getTypePredicateOfSignature	33
5-check	T-SIGSHAPE	checker/relater.go:2117	Checker.createTypePredicateFromTypePredicateNode	15
5-check	T-SIGSHAPE	checker/relater.go:2133	Checker.instantiateTypePredicate	7
5-check	T-SIGSHAPE	checker/relater.go:2141	Checker.newTypePredicate	3
5-check	T-SIGSHAPE	checker/relater.go:2145	Checker.isResolvingReturnTypeOfSignature	6
5-check	R-REL	checker/relater.go:2315	Checker.getEffectiveConstraintOfIntersection	38
5-check	K-TEMPLATE	checker/relater.go:2365	Checker.isTypeMatchedByTemplateLiteralType	12
5-check	K-TEMPLATE	checker/relater.go:2378	Checker.inferTypesFromTemplateLiteralType	18
5-check	K-TEMPLATE	checker/relater.go:2418	Checker.inferFromLiteralPartsToTemplateLiteral	83
5-check	K-TEMPLATE	checker/relater.go:2509	Checker.isValidTypeForTemplateLiteralPlaceholder	21
5-check	R-SIGREL	checker/relater.go:2559	visibilityToString	9
5-check	R-REL	checker/relater.go:2599	Checker.getRelater	8
5-check	R-REL	checker/relater.go:2608	Checker.putRelater	12
5-check	R-REL	checker/relater.go:2629	Relater.isRelatedTo	3
5-check	R-REL	checker/relater.go:2633	Relater.isRelatedToEx	113
5-check	R-REL	checker/relater.go:2882	Relater.unionOrIntersectionRelatedTo	68
5-check	R-REL	checker/relater.go:2951	Relater.someTypeRelatedToType	13
5-check	R-REL	checker/relater.go:2965	Relater.eachTypeRelatedToType	31
5-check	R-REL	checker/relater.go:2997	Relater.getUndefinedStrippedTargetIfNeeded	6
5-check	R-REL	checker/relater.go:3004	Relater.typeRelatedToSomeType	58
5-check	R-REL	checker/relater.go:3094	Relater.recursiveTypeRelatedTo	106
5-check	R-REL	checker/relater.go:3201	Relater.resetMaybeStack	10
5-check	R-REL	checker/relater.go:3212	Relater.getErrorState	6
5-check	R-REL	checker/relater.go:3219	Relater.restoreErrorState	4
5-check	R-REL	checker/relater.go:3224	Relater.structuredTypeRelatedTo	61
5-check	R-REL	checker/relater.go:3286	Relater.isSourceIntersectionNeedingExtraCheck	6
5-check	R-REL	checker/relater.go:3293	Relater.structuredTypeRelatedToWorker	641
5-check	R-VARIANCE	checker/relater.go:3935	Relater.typeArgumentsRelatedTo	65
5-check	R-DISCRIM	checker/relater.go:4021	Relater.typeRelatedToDiscriminatedType	110
5-check	R-REL	checker/relater.go:4132	Relater.propertiesRelatedTo	169
5-check	R-REL	checker/relater.go:4302	Relater.propertyRelatedTo	63
5-check	R-REL	checker/relater.go:4366	Relater.isPropertySymbolTypeRelated	10
5-check	R-REL	checker/relater.go:4377	Relater.reportUnmatchedProperty	33
5-check	R-REL	checker/relater.go:4411	Relater.tryElaborateArrayLikeErrors	28
5-check	R-SIGREL	checker/relater.go:4473	Relater.signaturesRelatedTo	76
5-check	R-SIGREL	checker/relater.go:4550	Relater.constructorVisibilitiesAreCompatible	23
5-check	R-SIGREL	checker/relater.go:4575	Relater.signatureRelatedTo	17
5-check	R-REL	checker/relater.go:4610	Relater.indexSignaturesRelatedTo	24
5-check	R-REL	checker/relater.go:4635	Relater.typeRelatedToIndexInfo	16
5-check	R-REL	checker/relater.go:4656	Checker.isObjectTypeWithInferableIndex	9
5-check	R-REL	checker/relater.go:4710	Relater.indexInfoRelatedTo	11
5-check	R-REL	checker/relater.go:4737	Relater.reportErrorResults	45
5-check	R-REL	checker/relater.go:4783	Relater.reportRelationError	78
5-check	R-REL	checker/relater.go:4862	Relater.reportError	47
5-check	R-REL	checker/relater.go:4932	Relater.getChainMessage	13
5-check	R-REL	checker/relater.go:4948	Relater.chainArgsMatch	8
5-check	R-REL	checker/relater.go:4965	isConversionOrInterfaceImplementationMessage	8
5-check	R-REL	checker/relater.go:5028	Relater.traceUnionsOrIntersectionsTooLarge	17
5-check	P-PRINT	checker/symbolaccessibility.go:105	hasNonGlobalAugmentationExternalModuleSymbol	3
5-check	checker:symboltracker.go	checker/symboltracker.go:14	NewSymbolTrackerImpl	13
5-check	checker:symboltracker.go	checker/symboltracker.go:28	SymbolTrackerImpl.TrackSymbol	13
5-check	TYPES	checker/types.go:665	TypeAlias.Symbol	6
5-check	TYPES	checker/types.go:672	TypeAlias.TypeArguments	6
5-check	TYPES	checker/types.go:695	Type.Flags	3
4b-init	TYPES	checker/types.go:706	Type.AsLiteralType	1
5-check	TYPES	checker/types.go:707	Type.AsUniqueESSymbolType	1
5-check	TYPES	checker/types.go:708	Type.AsTupleType	1
5-check	TYPES	checker/types.go:712	Type.AsMappedType	1
4b-init	TYPES	checker/types.go:715	Type.AsTypeParameter	1
4b-init	TYPES	checker/types.go:716	Type.AsUnionType	1
5-check	TYPES	checker/types.go:717	Type.AsIntersectionType	1
5-check	TYPES	checker/types.go:718	Type.AsIndexType	1
5-check	TYPES	checker/types.go:719	Type.AsIndexedAccessType	1
5-check	TYPES	checker/types.go:720	Type.AsTemplateLiteralType	1
5-check	TYPES	checker/types.go:722	Type.AsSubstitutionType	1
5-check	TYPES	checker/types.go:723	Type.AsConditionalType	1
5-check	TYPES	checker/types.go:727	Type.AsConstrainedType	1
4b-init	TYPES	checker/types.go:728	Type.AsStructuredType	1
4b-init	TYPES	checker/types.go:729	Type.AsObjectType	1
4b-init	TYPES	checker/types.go:730	Type.AsTypeReference	1
4b-init	TYPES	checker/types.go:731	Type.AsInterfaceType	1
5-check	TYPES	checker/types.go:732	Type.AsUnionOrIntersectionType	3
5-check	TYPES	checker/types.go:736	Type.Distributed	9
5-check	TYPES	checker/types.go:748	Type.Target	15
5-check	TYPES	checker/types.go:764	Type.Mapper	11
5-check	TYPES	checker/types.go:776	Type.Types	9
5-check	TYPES	checker/types.go:786	Type.TargetInterfaceType	3
5-check	TYPES	checker/types.go:790	Type.TargetTupleType	3
4b-init	TYPES	checker/types.go:872	TypeBase.AsType	1
5-check	TYPES	checker/types.go:873	TypeBase.AsConstrainedType	1
5-check	TYPES	checker/types.go:928	ConstrainedType.AsConstrainedType	1
4b-init	TYPES	checker/types.go:943	StructuredType.AsStructuredType	1
5-check	TYPES	checker/types.go:945	StructuredType.CallSignatures	3
5-check	TYPES	checker/types.go:949	StructuredType.ConstructSignatures	3
4b-init	TYPES	checker/types.go:997	ObjectType.AsObjectType	1
4b-init	TYPES	checker/types.go:1007	TypeReference.AsTypeReference	1
4b-init	TYPES	checker/types.go:1026	InterfaceType.AsInterfaceType	1
5-check	TYPES	checker/types.go:1028	InterfaceType.OuterTypeParameters	6
5-check	TYPES	checker/types.go:1035	InterfaceType.LocalTypeParameters	6
4b-init	TYPES	checker/types.go:1042	InterfaceType.TypeParameters	6
5-check	TYPES	checker/types.go:1141	UnionOrIntersectionType.AsUnionOrIntersectionType	1
5-check	UTIL	checker/utilities.go:22	NewDiagnosticForNode	9
5-check	UTIL	checker/utilities.go:56	hasOverrideModifier	3
5-check	UTIL	checker/utilities.go:64	getSelectedModifierFlags	3
5-check	UTIL	checker/utilities.go:68	hasReadonlyModifier	3
5-check	UTIL	checker/utilities.go:72	isStaticPrivateIdentifierProperty	3
5-check	UTIL	checker/utilities.go:90	getAssignmentTargetKind	19
5-check	UTIL	checker/utilities.go:128	isConstTypeReference	3
5-check	UTIL	checker/utilities.go:169	IsInTypeQuery	14
4b-init	UTIL	checker/utilities.go:261	isTypeAlias	3
5-check	UTIL	checker/utilities.go:273	hasDotDotDotToken	13
5-check	UTIL	checker/utilities.go:287	IsTypeAny	3
5-check	UTIL	checker/utilities.go:299	isOptionalDeclaration	3
5-check	UTIL	checker/utilities.go:362	Checker.sortSymbols	3
5-check	UTIL	checker/utilities.go:366	Checker.compareSymbolsWorker	26
5-check	UTIL	checker/utilities.go:393	Checker.compareNodes	21
4b-init	UTIL	checker/utilities.go:415	CompareTypes	165
4b-init	UTIL	checker/utilities.go:581	getSortOrderFlags	7
4b-init	UTIL	checker/utilities.go:589	compareTypeNames	17
4b-init	UTIL	checker/utilities.go:607	getTypeNameSymbol	9
5-check	UTIL	checker/utilities.go:624	compareTupleTypes	22
5-check	UTIL	checker/utilities.go:660	compareTypeLists	11
5-check	UTIL	checker/utilities.go:672	compareTypeMappers	40
5-check	UTIL	checker/utilities.go:713	getDeclarationModifierFlagsFromSymbol	3
5-check	UTIL	checker/utilities.go:717	getDeclarationModifierFlagsFromSymbolEx	39
5-check	UTIL	checker/utilities.go:824	isObjectLiteralType	3
5-check	UTIL	checker/utilities.go:841	orderedSet.contains	7
5-check	UTIL	checker/utilities.go:849	orderedSet.add	15
5-check	UTIL	checker/utilities.go:879	isTypeUsableAsPropertyName	3
5-check	UTIL	checker/utilities.go:886	getPropertyNameFromType	11
5-check	UTIL	checker/utilities.go:898	isNumericLiteralName	24
5-check	UTIL	checker/utilities.go:923	isThisProperty	3
5-check	UTIL	checker/utilities.go:927	isValidNumberString	7
5-check	UTIL	checker/utilities.go:961	isValidESSymbolDeclaration	9
5-check	UTIL	checker/utilities.go:975	IsKnownSymbol	3
5-check	UTIL	checker/utilities.go:986	isLateBoundName	3
5-check	UTIL	checker/utilities.go:990	isObjectOrArrayLiteralType	3
5-check	UTIL	checker/utilities.go:1013	isThisTypeParameter	3
5-check	UTIL	checker/utilities.go:1053	Checker.isMutableLocalVariableDeclaration	4
5-check	UTIL	checker/utilities.go:1058	isInAmbientOrTypeNode	5
5-check	UTIL	checker/utilities.go:1097	getMembersOfDeclaration	9
5-check	UTIL	checker/utilities.go:1255	getEnclosingContainer	5
5-check	UTIL	checker/utilities.go:1623	isReservedMemberName	3
5-check	UTIL	checker/utilities.go:1659	Checker.isCanceled	3
5-check	UTIL	checker/utilities.go:1663	Checker.checkNotCanceled	5
5-check	UTIL	checker/utilities.go:1754	Checker.isJSLiteralType	20
5-check	UTIL	checker/utilities.go:1861	GetSetAccessorValueParameter	8
5-check	pkg:collections	collections/multimap.go:36	MultiMap.Add	6
5-check	pkg:collections	collections/multimap.go:69	MultiMap.Values	3
5-check	pkg:collections	collections/ordered_map.go:60	OrderedMap.Set	10
5-check	pkg:collections	collections/ordered_map.go:129	OrderedMap.Keys	15
5-check	pkg:collections	collections/ordered_map.go:190	OrderedMap.Size	7
5-check	pkg:collections	collections/ordered_set.go:18	OrderedSet.Add	3
5-check	pkg:collections	collections/ordered_set.go:34	OrderedSet.Values	3
5-check	pkg:collections	collections/ordered_set.go:45	OrderedSet.Size	3
5-check	pkg:collections	collections/set.go:10	NewSetWithSizeHint	5
5-check	pkg:collections	collections/set.go:16	Set.Has	7
3b-bind	pkg:collections	collections/set.go:24	Set.Add	6
5-check	pkg:collections	collections/set.go:31	Set.Delete	3
5-check	pkg:collections	collections/set.go:35	Set.Len	6
5-check	pkg:collections	collections/set.go:42	Set.Keys	6
5-check	pkg:collections	collections/set.go:49	Set.Clear	6
5-check	pkg:collections	collections/syncmap.go:14	SyncMap.Load	7
4a-preinit	pkg:compiler	compiler/checkerpool.go:363	checkerPool.createCheckers	54
5-check	pkg:compiler	compiler/checkerpool.go:447	checkerPool.forEachCheckerParallel	12
4a-preinit	pkg:compiler	compiler/checkerpool.go:460	checkerPool.GetGlobalDiagnostics	8
5-check	pkg:compiler	compiler/checkerpool.go:472	checkerPool.forEachCheckerGroupDo	18
5-check	pkg:compiler	compiler/includeprocessor.go:35	includeProcessor.getDiagnostics	23
5-check	pkg:compiler	compiler/program.go:49	ProgramOptions.canUseProjectReferenceSource	3
5-check	pkg:compiler	compiler/program.go:191	Program.IsSourceFromProjectReference	3
4b-init	pkg:compiler	compiler/program.go:495	Program.SourceFiles	1
3b-bind	pkg:compiler	compiler/program.go:497	Program.Options	1
3b-bind	pkg:compiler	compiler/program.go:554	Program.SingleThreaded	3
3b-bind	pkg:compiler	compiler/program.go:558	Program.BindSourceFiles	16
4a-preinit	pkg:compiler	compiler/program.go:649	Program.collectDiagnostics	10
4a-preinit	pkg:compiler	compiler/program.go:660	Program.collectDiagnosticsFromFiles	11
5-check	pkg:compiler	compiler/program.go:677	Program.collectCheckerDiagnostics	12
4a-preinit	pkg:compiler	compiler/program.go:690	filterAndSortDiagnostics	10
5-check	pkg:compiler	compiler/program.go:702	Program.collectCheckerDiagnosticsFromFiles	22
4a-preinit	pkg:compiler	compiler/program.go:769	Program.GetBindDiagnostics	10
5-check	pkg:compiler	compiler/program.go:780	Program.GetSemanticDiagnostics	3
5-check	pkg:compiler	compiler/program.go:818	Program.GetIncludeProcessorDiagnostics	7
5-check	pkg:compiler	compiler/program.go:826	Program.SkipTypeChecking	7
5-check	pkg:compiler	compiler/program.go:834	Program.canIncludeBindAndCheckDiagnostics	18
4a-preinit	pkg:compiler	compiler/program.go:1429	Program.GetGlobalDiagnostics	11
5-check	pkg:compiler	compiler/program.go:1445	FilterNoEmitSemanticDiagnostics	8
5-check	pkg:compiler	compiler/program.go:1454	Program.getSemanticDiagnosticsWithChecker	6
5-check	pkg:compiler	compiler/program.go:1464	Program.getBindAndCheckDiagnosticsWithChecker	34
5-check	pkg:compiler	compiler/program.go:1499	applyContentMapperDiagnosticDirectives	35
5-check	pkg:compiler	compiler/program.go:1535	Program.getDiagnosticsWithPrecedingDirectives	34
4a-preinit	pkg:compiler	compiler/program.go:1603	SortAndDeduplicateDiagnostics	5
4a-preinit	pkg:compiler	compiler/program.go:1611	compactAndMergeRelatedInfos	30
5-check	pkg:compiler	compiler/program.go:1691	Program.GetSourceFileMetaData	3
5-check	pkg:compiler	compiler/program.go:1695	Program.GetEmitModuleFormatOfFile	3
9-report	pkg:compiler	compiler/program.go:1802	Program.Emit	71
9-report	pkg:compiler	compiler/program.go:1911	HandleNoEmitOptions	33
4a-preinit	pkg:compiler	compiler/program.go:1945	GetDiagnosticsOfAnyProgram	53
5-check	pkg:compiler	compiler/projectreferencefilemapper.go:64	projectReferenceFileMapper.getProjectReferenceFromSource	3
5-check	pkg:compiler	compiler/projectreferencefilemapper.go:68	projectReferenceFileMapper.getProjectReferenceFromOutputDts	3
5-check	pkg:compiler	compiler/projectreferencefilemapper.go:72	projectReferenceFileMapper.isSourceFromProjectReference	3
5-check	pkg:compiler	compiler/projectreferencefilemapper.go:76	projectReferenceFileMapper.getCompilerOptionsForFile	4
5-check	pkg:compiler	compiler/projectreferencefilemapper.go:81	projectReferenceFileMapper.getRedirectParsedCommandLineForResolution	4
5-check	pkg:compiler	compiler/projectreferencefilemapper.go:86	projectReferenceFileMapper.getRedirectForResolution	20
5-check	pkg:compiler	compiler/projectreferencefilemapper.go:158	projectReferenceFileMapper.getSourceToDtsIfSymlink	30
3b-bind	pkg:core	core/arena.go:13	Arena.New	10
3b-bind	pkg:core	core/arena.go:28	Arena.NewSlice	17
3b-bind	pkg:core	core/arena.go:46	Arena.NewSlice1	5
5-check	pkg:core	core/arena.go:52	Arena.Clone	8
3b-bind	pkg:core	core/arena.go:61	nextArenaSize	6
4b-init	pkg:core	core/compileroptions.go:195	CompilerOptions.GetEmitScriptTarget	6
4b-init	pkg:core	core/compileroptions.go:202	CompilerOptions.GetEmitModuleKind	20
4b-init	pkg:core	core/compileroptions.go:223	CompilerOptions.GetModuleResolutionKind	15
4b-init	pkg:core	core/compileroptions.go:294	CompilerOptions.GetStrictOptionValue	6
4b-init	pkg:core	core/compileroptions.go:338	CompilerOptions.GetEmitStandardClassFields	3
5-check	pkg:core	core/compileroptions.go:349	CompilerOptions.GetEmitDeclarations	3
4a-preinit	pkg:core	core/core.go:36	Filter	15
4b-init	pkg:core	core/core.go:80	Map	10
5-check	pkg:core	core/core.go:117	MapNonNil	10
5-check	pkg:core	core/core.go:151	SameMap	15
5-check	pkg:core	core/core.go:183	Same	6
3b-bind	pkg:core	core/core.go:190	Some	8
4b-init	pkg:core	core/core.go:199	Every	8
4b-init	pkg:core	core/core.go:219	Find	8
4b-init	pkg:core	core/core.go:238	FindIndex	8
5-check	pkg:core	core/core.go:247	FindLastIndex	9
5-check	pkg:core	core/core.go:264	LastOrNil	6
5-check	pkg:core	core/core.go:271	ElementOrNil	6
5-check	pkg:core	core/core.go:287	FirstNonNil	9
5-check	pkg:core	core/core.go:307	Concatenate	9
5-check	pkg:core	core/core.go:337	CountWhere	9
5-check	pkg:core	core/core.go:347	ReplaceElement	5
3b-bind	pkg:core	core/core.go:382	AppendIfUnique	6
4b-init	pkg:core	core/core.go:389	Memoize	10
3b-bind	pkg:core	core/core.go:402	IfElse	6
5-check	pkg:core	core/core.go:411	OrElse	6
5-check	pkg:core	core/core.go:420	Coalesce	7
9-report	pkg:core	core/core.go:430	ComputeECMALineStarts	4
5-check	pkg:core	core/core.go:435	ComputeECMALineStartsSeq	35
9-report	pkg:core	core/core.go:486	UTF16Len	15
4b-init	pkg:core	core/linkstore.go:12	LinkStore.Get	12
5-check	pkg:core	core/linkstore.go:25	LinkStore.Has	4
5-check	pkg:core	core/linkstore.go:30	LinkStore.TryGet	3
4b-init	pkg:core	core/linkstore.go:49	PagedLinkStore.Get	25
5-check	pkg:core	core/linkstore.go:79	PagedLinkStore.TryGet	15
5-check	pkg:core	core/text.go:14	NewTextRange	3
5-check	pkg:core	core/text.go:18	UndefinedTextRange	3
4b-init	pkg:core	core/text.go:22	TextRange.Pos	3
4b-init	pkg:core	core/text.go:26	TextRange.End	3
5-check	pkg:core	core/text.go:58	TextRange.ContainedBy	3
3b-bind	pkg:core	core/tristate.go:16	Tristate.IsTrue	3
4a-preinit	pkg:core	core/tristate.go:28	Tristate.IsFalseOrUnknown	3
3b-bind	pkg:core	core/tristate.go:36	Tristate.DefaultIfUnknown	6
3b-bind	pkg:core	core/workgroup.go:20	NewWorkGroup	6
3b-bind	pkg:core	core/workgroup.go:57	singleThreadedWorkGroup.Queue	9
3b-bind	pkg:core	core/workgroup.go:67	singleThreadedWorkGroup.RunAndWait	10
3b-bind	pkg:core	core/workgroup.go:78	singleThreadedWorkGroup.pop	12
3b-bind	pkg:debug	debug/debug.go:45	Assert	6
9-report	pkg:diagnostics	diagnostics/diagnostics.go:29	Category.Name	13
5-check	pkg:diagnostics	diagnostics/diagnostics.go:55	Message.Code	1
5-check	pkg:diagnostics	diagnostics/diagnostics.go:56	Message.Category	1
5-check	pkg:diagnostics	diagnostics/diagnostics.go:57	Message.Key	1
5-check	pkg:diagnostics	diagnostics/diagnostics.go:58	Message.ReportsUnnecessary	1
5-check	pkg:diagnostics	diagnostics/diagnostics.go:59	Message.ElidedInCompatibilityPyramid	1
5-check	pkg:diagnostics	diagnostics/diagnostics.go:60	Message.ReportsDeprecated	1
9-report	pkg:diagnostics	diagnostics/diagnostics.go:71	Localize	15
9-report	pkg:diagnostics	diagnostics/diagnostics.go:89	getLocalizedMessages	25
9-report	pkg:diagnostics	diagnostics/diagnostics.go:117	Format	18
5-check	pkg:diagnostics	diagnostics/diagnostics.go:136	StringifyArgs	15
9-report	pkg:diagnosticwriter	diagnosticwriter/diagnosticwriter.go:57	ASTDiagnostic.File	13
9-report	pkg:diagnosticwriter	diagnosticwriter/diagnosticwriter.go:71	ASTDiagnostic.Source	3
9-report	pkg:diagnosticwriter	diagnosticwriter/diagnosticwriter.go:75	ASTDiagnostic.Pos	1
9-report	pkg:diagnosticwriter	diagnosticwriter/diagnosticwriter.go:90	ASTDiagnostic.resolve	18
9-report	pkg:diagnosticwriter	diagnosticwriter/diagnosticwriter.go:130	ASTDiagnostic.MessageChain	17
9-report	pkg:diagnosticwriter	diagnosticwriter/diagnosticwriter.go:148	WrapASTDiagnostic	3
9-report	pkg:diagnosticwriter	diagnosticwriter/diagnosticwriter.go:342	WriteFlattenedDiagnosticMessage	7
9-report	pkg:diagnosticwriter	diagnosticwriter/diagnosticwriter.go:364	diagnosticPrefix	6
9-report	pkg:diagnosticwriter	diagnosticwriter/diagnosticwriter.go:555	WriteFormatDiagnostic	12
4b-init	pkg:evaluator	evaluator/evaluator.go:24	NewEvaluator	99
5-check	pkg:evaluator	evaluator/evaluator.go:142	AnyToString	13
9-report	pkg:execute	execute/tsc.go:44	stopTracing	8
9-report	pkg:execute/tsc	execute/tsc/diagnostics.go:30	CreateDiagnosticReporter	15
9-report	pkg:execute/tsc	execute/tsc/emit.go:47	EmitAndReportStatistics	27
5-check	pkg:execute/tsc	execute/tsc/emit.go:75	EmitFilesAndReportErrors	70
9-report	pkg:execute/tsc	execute/tsc/emit.go:146	listFiles	19
5-check	pkg:jsnum	jsnum/jsnum.go:22	NaN	3
4b-init	pkg:jsnum	jsnum/jsnum.go:26	Number.IsNaN	3
5-check	pkg:jsnum	jsnum/jsnum.go:30	Inf	3
5-check	pkg:jsnum	jsnum/jsnum.go:34	Number.IsInf	3
5-check	pkg:jsnum	jsnum/string.go:17	Number.String	22
5-check	pkg:jsnum	jsnum/string.go:41	FromString	57
5-check	pkg:jsnum	jsnum/string.go:99	isStrWhiteSpace	18
5-check	pkg:jsnum	jsnum/string.go:120	tryParseInt	52
5-check	pkg:jsnum	jsnum/string.go:255	trimLeadingZeros	9
5-check	pkg:jsnum	jsnum/string.go:286	isAllDigits	8
5-check	pkg:jsnum	jsnum/string.go:322	isNumberRune	20
3b-bind	pkg:k4snap	k4snap/k4snap.go:16	Snap	17
5-check	pkg:module	module/resolver.go:146	GetCompilerOptionsWithRedirect	9
5-check	pkg:parser	parser/jsdoc.go:19	parseJSDocForNode	19
5-check	pkg:parser	parser/jsdoc.go:56	Parser.withJSDoc	50
5-check	pkg:parser	parser/jsdoc.go:107	Parser.parseJSDocTypeExpression	18
5-check	pkg:parser	parser/jsdoc.go:139	Parser.parseJSDocComment	49
5-check	pkg:parser	parser/jsdoc.go:193	Parser.parseJSDocCommentWorker	186
5-check	pkg:parser	parser/jsdoc.go:380	removeLeadingNewlines	7
5-check	pkg:parser	parser/jsdoc.go:388	trimEnd	3
5-check	pkg:parser	parser/jsdoc.go:392	removeTrailingWhitespace	13
5-check	pkg:parser	parser/jsdoc.go:406	Parser.isNextNonwhitespaceTokenEndOfFile	12
5-check	pkg:parser	parser/jsdoc.go:419	Parser.skipWhitespace	11
5-check	pkg:parser	parser/jsdoc.go:431	Parser.skipWhitespaceOrAsterisk	28
5-check	pkg:parser	parser/jsdoc.go:460	Parser.parseTag	73
5-check	pkg:parser	parser/jsdoc.go:534	Parser.parseTrailingTagComments	11
5-check	pkg:parser	parser/jsdoc.go:546	Parser.parseTagComments	167
5-check	pkg:parser	parser/jsdoc.go:765	Parser.parseJSDocLinkPrefix	10
5-check	pkg:parser	parser/jsdoc.go:780	Parser.parseUnknownTag	3
5-check	pkg:parser	parser/jsdoc.go:784	Parser.tryParseTypeExpression	8
5-check	pkg:parser	parser/jsdoc.go:793	Parser.parseBracketNameInPropertyAndParamTag	24
5-check	pkg:parser	parser/jsdoc.go:833	Parser.parseParameterOrPropertyTag	24
5-check	pkg:parser	parser/jsdoc.go:858	Parser.parseNestedTypeLiteral	25
5-check	pkg:parser	parser/jsdoc.go:884	Parser.parseReturnTag	8
5-check	pkg:parser	parser/jsdoc.go:934	Parser.parseThrowsTag	5
5-check	pkg:parser	parser/jsdoc.go:940	Parser.parseImportTag	15
5-check	pkg:parser	parser/jsdoc.go:981	Parser.parseSimpleTag	3
5-check	pkg:parser	parser/jsdoc.go:1313	Parser.parseOptionalJsdoc	7
5-check	pkg:parser	parser/jsdoc.go:1321	Parser.parseJSDocEntityName	18
5-check	pkg:parser	parser/jsdoc.go:1340	Parser.parseJSDocIdentifierName	15
5-check	pkg:parser	parser/parser.go:104	newParser	5
5-check	pkg:parser	parser/parser.go:126	getParser	3
5-check	pkg:parser	parser/parser.go:130	putParser	4
5-check	pkg:parser	parser/parser.go:146	Parser.initializeClosures	6
5-check	pkg:parser	parser/parser.go:291	Parser.initializeState	26
5-check	pkg:parser	parser/parser.go:326	Parser.parseErrorAtCurrentToken	3
5-check	pkg:parser	parser/parser.go:330	Parser.parseErrorAtRange	10
5-check	pkg:parser	parser/parser.go:352	Parser.mark	12
5-check	pkg:parser	parser/parser.go:365	Parser.rewind	11
5-check	pkg:parser	parser/parser.go:377	Parser.lookAhead	6
5-check	pkg:parser	parser/parser.go:384	Parser.nextToken	9
5-check	pkg:parser	parser/parser.go:394	Parser.nextTokenWithoutCheck	4
5-check	pkg:parser	parser/parser.go:399	Parser.nextTokenJSDoc	4
5-check	pkg:parser	parser/parser.go:404	Parser.nextJSDocCommentTextToken	4
5-check	pkg:parser	parser/parser.go:409	Parser.nodePos	3
5-check	pkg:parser	parser/parser.go:413	Parser.hasPrecedingLineBreak	3
5-check	pkg:parser	parser/parser.go:417	Parser.jsdocScannerInfo	13
5-check	pkg:parser	parser/parser.go:613	Parser.parseListIndex	31
5-check	pkg:parser	parser/parser.go:645	Parser.parseList	5
5-check	pkg:parser	parser/parser.go:652	Parser.parseDelimitedList	56
5-check	pkg:parser	parser/parser.go:731	Parser.abortParsingListOrMoveToNextToken	8
5-check	pkg:parser	parser/parser.go:741	Parser.isInSomeParsingContext	13
5-check	pkg:parser	parser/parser.go:755	Parser.parsingContextErrors	68
5-check	pkg:parser	parser/parser.go:824	Parser.isListElement	91
5-check	pkg:parser	parser/parser.go:916	Parser.isListTerminator	45
5-check	pkg:parser	parser/parser.go:962	Parser.parseExpectedJSDoc	11
5-check	pkg:parser	parser/parser.go:974	Parser.parseExpectedMatchingBrackets	14
5-check	pkg:parser	parser/parser.go:989	Parser.parseOptional	7
5-check	pkg:parser	parser/parser.go:997	Parser.parseExpected	3
5-check	pkg:parser	parser/parser.go:1005	Parser.parseExpectedWithDiagnostic	15
5-check	pkg:parser	parser/parser.go:1021	Parser.parseTokenNode	6
5-check	pkg:parser	parser/parser.go:1037	Parser.parseOptionalToken	6
5-check	pkg:parser	parser/parser.go:1708	Parser.parseTypeAnnotation	6
5-check	pkg:parser	parser/parser.go:2371	Parser.parseModuleSpecifier	9
5-check	pkg:parser	parser/parser.go:2381	Parser.tryParseImportClause	11
5-check	pkg:parser	parser/parser.go:2393	Parser.parseImportClause	28
5-check	pkg:parser	parser/parser.go:2545	Parser.tryParseImportAttributes	9
5-check	pkg:parser	parser/parser.go:2655	Parser.parseType	24
5-check	pkg:parser	parser/parser.go:2680	Parser.parseUnionTypeOrHigher	3
5-check	pkg:parser	parser/parser.go:2684	Parser.parseIntersectionTypeOrHigher	3
5-check	pkg:parser	parser/parser.go:2688	Parser.parseUnionOrIntersectionType	21
5-check	pkg:parser	parser/parser.go:2710	Parser.createUnionOrIntersectionTypeNode	10
5-check	pkg:parser	parser/parser.go:2721	Parser.parseTypeOperatorOrHigher	10
5-check	pkg:parser	parser/parser.go:2763	Parser.parsePostfixTypeOrHigher	31
5-check	pkg:parser	parser/parser.go:2800	Parser.parseNonArrayType	69
5-check	pkg:parser	parser/parser.go:2870	Parser.parseKeywordTypeNode	6
5-check	pkg:parser	parser/parser.go:2907	Parser.parseJSDocType	16
5-check	pkg:parser	parser/parser.go:2924	Parser.parseLiteralTypeNode	16
5-check	pkg:parser	parser/parser.go:2941	Parser.parseTypeReference	4
5-check	pkg:parser	parser/parser.go:2946	Parser.parseEntityNameOfTypeReference	3
5-check	pkg:parser	parser/parser.go:2950	Parser.parseEntityName	18
5-check	pkg:parser	parser/parser.go:2969	Parser.parseRightSideOfDot	46
5-check	pkg:parser	parser/parser.go:3016	Parser.newIdentifier	8
5-check	pkg:parser	parser/parser.go:3025	Parser.createMissingIdentifier	3
5-check	pkg:parser	parser/parser.go:3036	Parser.reScanLessThanToken	4
5-check	pkg:parser	parser/parser.go:3041	Parser.reScanGreaterThanToken	4
5-check	pkg:parser	parser/parser.go:3056	Parser.parseTypeArgumentsOfTypeReference	6
5-check	pkg:parser	parser/parser.go:3172	Parser.nextIsStartOfMappedType	10
5-check	pkg:parser	parser/parser.go:3222	Parser.parseTypeMember	21
5-check	pkg:parser	parser/parser.go:3452	Parser.parseTypeOrTypePredicate	13
5-check	pkg:parser	parser/parser.go:3466	Parser.parseTypeMemberSemicolon	9
5-check	pkg:parser	parser/parser.go:3496	Parser.parsePropertyName	6
5-check	pkg:parser	parser/parser.go:3503	Parser.parsePropertyNameWorker	12
5-check	pkg:parser	parser/parser.go:3558	Parser.isIndexSignature	3
5-check	pkg:parser	parser/parser.go:3620	Parser.parsePropertyOrMethodSignature	26
5-check	pkg:parser	parser/parser.go:3647	Parser.parseTypeLiteral	5
5-check	pkg:parser	parser/parser.go:3653	Parser.parseObjectTypeMembers	8
5-check	pkg:parser	parser/parser.go:3796	Parser.parseFunctionOrConstructorTypeToError	21
5-check	pkg:parser	parser/parser.go:3818	Parser.isStartOfFunctionTypeOrConstructorType	6
5-check	pkg:parser	parser/parser.go:3904	Parser.parseModifiers	3
5-check	pkg:parser	parser/parser.go:3908	Parser.parseModifiersEx	39
5-check	pkg:parser	parser/parser.go:3968	Parser.tryParseModifier	22
5-check	pkg:parser	parser/parser.go:3991	Parser.parseContextualModifier	8
5-check	pkg:parser	parser/parser.go:4000	Parser.parseAnyContextualModifier	8
5-check	pkg:parser	parser/parser.go:4101	Parser.parseExpression	20
5-check	pkg:parser	parser/parser.go:4126	Parser.parseAssignmentExpressionOrHigher	3
5-check	pkg:parser	parser/parser.go:4130	Parser.parseAssignmentExpressionOrHigherWorker	68
5-check	pkg:parser	parser/parser.go:4199	Parser.isYieldExpression	26
5-check	pkg:parser	parser/parser.go:4244	Parser.isParenthesizedArrowFunctionExpression	16
5-check	pkg:parser	parser/parser.go:4369	Parser.tryParseParenthesizedArrowFunctionExpression	20
5-check	pkg:parser	parser/parser.go:4557	Parser.tryParseAsyncSimpleArrowFunctionExpression	11
5-check	pkg:parser	parser/parser.go:4601	Parser.parseConditionalExpressionRest	21
5-check	pkg:parser	parser/parser.go:4623	Parser.parseBinaryExpressionOrHigher	5
5-check	pkg:parser	parser/parser.go:4631	shouldConsumeBinaryOperator	6
5-check	pkg:parser	parser/parser.go:4638	Parser.parseBinaryExpressionRest	70
5-check	pkg:parser	parser/parser.go:4717	Parser.makeBinaryExpression	3
5-check	pkg:parser	parser/parser.go:4721	Parser.parseUnaryExpressionOrHigher	38
5-check	pkg:parser	parser/parser.go:4760	Parser.isUpdateExpression	9
5-check	pkg:parser	parser/parser.go:4770	Parser.parseUpdateExpression	18
5-check	pkg:parser	parser/parser.go:5195	Parser.parseLeftHandSideExpressionOrHigher	68
5-check	pkg:parser	parser/parser.go:5291	Parser.isTemplateStartOfTaggedTemplate	3
5-check	pkg:parser	parser/parser.go:5295	Parser.tryParseTypeArgumentsInExpression	27
5-check	pkg:parser	parser/parser.go:5342	Parser.parseMemberExpressionOrHigher	52
5-check	pkg:parser	parser/parser.go:5395	Parser.parseMemberExpressionRest	45
5-check	pkg:parser	parser/parser.go:5441	Parser.isStartOfOptionalPropertyOrElementAccessChain	3
5-check	pkg:parser	parser/parser.go:5450	Parser.parsePropertyAccessExpressionRest	16
5-check	pkg:parser	parser/parser.go:5467	Parser.tryReparseOptionalChain	21
5-check	pkg:parser	parser/parser.go:5501	Parser.parseCallExpressionRest	35
5-check	pkg:parser	parser/parser.go:5537	Parser.parseArgumentList	6
5-check	pkg:parser	parser/parser.go:5544	Parser.parseArgumentExpression	3
5-check	pkg:parser	parser/parser.go:5548	Parser.parseArgumentOrArrayLiteralElement	9
5-check	pkg:parser	parser/parser.go:5602	Parser.parsePrimaryExpression	44
5-check	pkg:parser	parser/parser.go:5658	Parser.parseArrayLiteralExpression	9
5-check	pkg:parser	parser/parser.go:5787	Parser.unparseExpressionWithTypeArguments	11
5-check	pkg:parser	parser/parser.go:5833	Parser.parseLiteralExpression	22
5-check	pkg:parser	parser/parser.go:5874	Parser.parseIdentifierName	3
5-check	pkg:parser	parser/parser.go:5878	Parser.parseIdentifierNameWithDiagnostic	3
5-check	pkg:parser	parser/parser.go:5882	Parser.parseIdentifier	3
5-check	pkg:parser	parser/parser.go:5886	Parser.parseIdentifierWithDiagnostic	3
5-check	pkg:parser	parser/parser.go:5894	Parser.createIdentifierWithDiagnostic	46
5-check	pkg:parser	parser/parser.go:5941	Parser.newNodeList	5
5-check	pkg:parser	parser/parser.go:5953	Parser.finishNode	3
5-check	pkg:parser	parser/parser.go:5957	Parser.finishNodeWithEnd	10
5-check	pkg:parser	parser/parser.go:5968	Parser.overrideParentInImmediateChildren	5
5-check	pkg:parser	parser/parser.go:5978	Parser.scanTypeMemberStart	27
5-check	pkg:parser	parser/parser.go:6065	Parser.canParseSemicolon	5
5-check	pkg:parser	parser/parser.go:6071	Parser.tryParseSemicolon	10
5-check	pkg:parser	parser/parser.go:6082	Parser.parseSemicolon	3
5-check	pkg:parser	parser/parser.go:6086	Parser.isLiteralPropertyName	3
5-check	pkg:parser	parser/parser.go:6197	Parser.isStartOfExpression	22
5-check	pkg:parser	parser/parser.go:6220	Parser.isStartOfLeftHandSideExpression	12
5-check	pkg:parser	parser/parser.go:6233	Parser.isStartOfType	22
5-check	pkg:parser	parser/parser.go:6301	Parser.isIdentifier	13
5-check	pkg:parser	parser/parser.go:6324	Parser.isBinaryOperator	6
5-check	pkg:parser	parser/parser.go:6401	Parser.setContextFlags	7
5-check	pkg:parser	parser/parser.go:6409	doInContext	7
5-check	pkg:parser	parser/parser.go:6421	Parser.inDisallowInContext	3
5-check	pkg:parser	parser/parser.go:6425	Parser.inDisallowConditionalTypesContext	3
5-check	pkg:parser	parser/parser.go:6429	Parser.inDecoratorContext	3
5-check	pkg:parser	parser/parser.go:6441	isReservedWord	3
5-check	pkg:parser	parser/parser.go:6765	Parser.checkJSSyntax	86
5-check	pkg:parser	parser/utilities.go:11	getLanguageVariant	8
5-check	pkg:parser	parser/utilities.go:20	tokenIsIdentifierOrKeyword	3
5-check	pkg:parser	parser/utilities.go:28	GetJSDocCommentRanges	21
5-check	pkg:parser	parser/utilities.go:54	isJSDocLikeText	3
5-check	pkg:printer	printer/emitcontext.go:45	NewEmitContext	5
5-check	pkg:printer	printer/emitcontext.go:71	EmitContext.onCreate	3
5-check	pkg:printer	printer/emitcontext.go:576	EmitContext.EmitFlags	6
5-check	pkg:printer	printer/emitcontext.go:583	EmitContext.SetEmitFlags	3
5-check	pkg:printer	printer/emitcontext.go:587	EmitContext.AddEmitFlags	3
5-check	pkg:printer	printer/emitcontext.go:603	EmitContext.CommentRange	6
5-check	pkg:printer	printer/factory.go:18	NewNodeFactory	10
5-check	pkg:printer	printer/namegenerator.go:41	NameGenerator.PushScope	6
5-check	pkg:printer	printer/namegenerator.go:48	NameGenerator.PopScope	8
5-check	pkg:printer	printer/namegenerator.go:114	NameGenerator.GenerateName	23
5-check	pkg:printer	printer/printer.go:170	NewPrinter	22
5-check	pkg:printer	printer/printer.go:193	Printer.getLiteralTextOfNode	32
5-check	pkg:printer	printer/printer.go:227	Printer.getTextOfNode	33
5-check	pkg:printer	printer/printer.go:279	Printer.writeAs	24
5-check	pkg:printer	printer/printer.go:304	Printer.write	3
5-check	pkg:printer	printer/printer.go:326	Printer.writePunctuation	3
5-check	pkg:printer	printer/printer.go:334	Printer.writeKeyword	3
5-check	pkg:printer	printer/printer.go:338	Printer.writeProperty	3
5-check	pkg:printer	printer/printer.go:350	Printer.writeSpace	3
5-check	pkg:printer	printer/printer.go:378	Printer.writeTrailingSemicolon	3
5-check	pkg:printer	printer/printer.go:505	Printer.getLeadingLineTerminatorCount	55
5-check	pkg:printer	printer/printer.go:561	Printer.getSeparatingLineTerminatorCount	39
5-check	pkg:printer	printer/printer.go:601	Printer.getClosingLineTerminatorCount	33
5-check	pkg:printer	printer/printer.go:739	Printer.shouldEmitComments	5
5-check	pkg:printer	printer/printer.go:759	Printer.shouldEmitOnSingleLine	3
5-check	pkg:printer	printer/printer.go:763	Printer.shouldEmitOnMultipleLines	3
5-check	pkg:printer	printer/printer.go:805	Printer.shouldEmitOnNewLine	6
5-check	pkg:printer	printer/printer.go:812	Printer.shouldEmitSourceMaps	6
5-check	pkg:printer	printer/printer.go:829	Printer.shouldEmitLeadingComments	3
5-check	pkg:printer	printer/printer.go:920	Printer.writeTokenText	11
5-check	pkg:printer	printer/printer.go:943	Printer.emitKeywordNode	3
5-check	pkg:printer	printer/printer.go:947	Printer.emitKeywordNodeEx	9
5-check	pkg:printer	printer/printer.go:961	Printer.emitPunctuationNodeEx	9
5-check	pkg:printer	printer/printer.go:971	Printer.emitTokenNode	3
5-check	pkg:printer	printer/printer.go:975	Printer.emitTokenNodeEx	14
5-check	pkg:printer	printer/printer.go:1004	Printer.emitLiteral	27
5-check	pkg:printer	printer/printer.go:1044	Printer.emitStringLiteral	5
5-check	pkg:printer	printer/printer.go:1115	Printer.emitIdentifierText	13
5-check	pkg:printer	printer/printer.go:1129	Printer.emitIdentifierName	5
5-check	pkg:printer	printer/printer.go:1153	Printer.emitIdentifierReference	27
5-check	pkg:printer	printer/printer.go:1223	Printer.emitEntityName	14
5-check	pkg:printer	printer/printer.go:1255	Printer.emitPropertyName	29
5-check	pkg:printer	printer/printer.go:1360	Printer.emitModifierList	80
5-check	pkg:printer	printer/printer.go:1521	Printer.emitTypeAnnotation	9
5-check	pkg:printer	printer/printer.go:1654	Printer.emitPropertySignature	9
5-check	pkg:printer	printer/printer.go:1820	Printer.emitTypeElement	22
5-check	pkg:printer	printer/printer.go:1866	Printer.emitKeywordTypeNode	3
5-check	pkg:printer	printer/printer.go:1901	Printer.emitTypeArguments	6
5-check	pkg:printer	printer/printer.go:1908	Printer.emitTypeReference	6
5-check	pkg:printer	printer/printer.go:1976	Printer.emitTypeLiteral	11
5-check	pkg:printer	printer/printer.go:2060	Printer.emitIntersectionTypeConstituent	3
5-check	pkg:printer	printer/printer.go:2064	Printer.emitIntersectionType	5
5-check	pkg:printer	printer/printer.go:2205	Printer.emitLiteralType	5
5-check	pkg:printer	printer/printer.go:2274	Printer.emitTypeNodeOutsideExtends	6
5-check	pkg:printer	printer/printer.go:2282	Printer.emitTypeNodePreservingExtends	3
5-check	pkg:printer	printer/printer.go:2286	Printer.emitTypeNode	107
5-check	pkg:printer	printer/printer.go:3221	Printer.emitExpression	123
5-check	pkg:printer	printer/printer.go:4719	Printer.emitList	7
5-check	pkg:printer	printer/printer.go:4727	Printer.emitListRange	66
5-check	pkg:printer	printer/printer.go:4794	Printer.hasTrailingComma	73
5-check	pkg:printer	printer/printer.go:4868	Printer.writeDelimiter	18
5-check	pkg:printer	printer/printer.go:4890	Printer.emitListItems	142
5-check	pkg:printer	printer/printer.go:5054	Printer.setSourceFile	14
5-check	pkg:printer	printer/printer.go:5069	Printer.Write	210
5-check	pkg:printer	printer/printer.go:5284	Printer.emitCommentsBeforeNode	22
5-check	pkg:printer	printer/printer.go:5307	Printer.emitCommentsAfterNode	24
5-check	pkg:printer	printer/printer.go:5617	Printer.emitTrailingCommentsOfPosition	44
5-check	pkg:printer	printer/printer.go:5899	Printer.emitSourceMapsBeforeNode	23
5-check	pkg:printer	printer/printer.go:5923	Printer.emitSourceMapsAfterNode	18
5-check	pkg:printer	printer/printer.go:5986	Printer.shouldReuseTempVariableScope	3
5-check	pkg:printer	printer/printer.go:5990	Printer.pushNameGenerationScope	3
5-check	pkg:printer	printer/printer.go:5994	Printer.popNameGenerationScope	3
5-check	pkg:printer	printer/printer.go:6067	Printer.generateAllMemberNames	8
5-check	pkg:printer	printer/printer.go:6076	Printer.generateMemberNames	16
5-check	pkg:printer	printer/printer.go:6093	Printer.generateNameIfNeeded	9
5-check	pkg:printer	printer/printer.go:6104	Printer.generateName	3
5-check	pkg:printer	printer/printer.go:6121	Printer.enterNode	11
5-check	pkg:printer	printer/printer.go:6133	Printer.exitNode	8
5-check	pkg:printer	printer/printer.go:6142	Printer.enterTokenNode	15
5-check	pkg:printer	printer/printer.go:6158	Printer.exitTokenNode	8
5-check	pkg:printer	printer/semicolon_writer.go:13	getTrailingSemicolonDeferringWriter	3
5-check	pkg:printer	printer/semicolon_writer.go:17	trailingSemicolonDeferringWriter.commitSemicolon	6
5-check	pkg:printer	printer/semicolon_writer.go:24	trailingSemicolonDeferringWriter.Write	4
5-check	pkg:printer	printer/semicolon_writer.go:98	trailingSemicolonDeferringWriter.Clear	4
5-check	pkg:printer	printer/singlelinestringwriter.go:21	GetSingleLineStringWriter	7
5-check	pkg:printer	printer/singlelinestringwriter.go:34	singleLineStringWriter.Clear	4
5-check	pkg:printer	printer/singlelinestringwriter.go:55	singleLineStringWriter.String	3
5-check	pkg:printer	printer/singlelinestringwriter.go:91	singleLineStringWriter.Write	4
5-check	pkg:printer	printer/textwriter.go:26	textWriter.Clear	3
5-check	pkg:printer	printer/textwriter.go:57	textWriter.String	3
5-check	pkg:printer	printer/textwriter.go:97	textWriter.updateLineCountAndPosFor	18
5-check	pkg:printer	printer/textwriter.go:123	getIndentString	7
5-check	pkg:printer	printer/textwriter.go:131	textWriter.writeText	11
5-check	pkg:printer	printer/textwriter.go:143	textWriter.Write	6
5-check	pkg:printer	printer/textwriter.go:157	textWriter.WriteKeyword	3
5-check	pkg:printer	printer/textwriter.go:194	textWriter.WriteProperty	3
5-check	pkg:printer	printer/textwriter.go:198	textWriter.WritePunctuation	3
5-check	pkg:printer	printer/textwriter.go:202	textWriter.WriteSpace	3
5-check	pkg:printer	printer/textwriter.go:206	textWriter.WriteStringLiteral	3
5-check	pkg:printer	printer/textwriter.go:214	textWriter.WriteTrailingSemicolon	3
5-check	pkg:printer	printer/textwriter.go:218	NewTextWriter	10
5-check	pkg:printer	printer/utilities.go:77	escapeStringWorker	100
5-check	pkg:printer	printer/utilities.go:227	getLiteralText	113
5-check	pkg:printer	printer/utilities.go:578	tryGetEnd	26
5-check	pkg:printer	printer/utilities.go:605	greatestEnd	9
5-check	pkg:pseudochecker	pseudochecker/checker.go:19	NewPseudoChecker	3
5-check	pkg:scanner	scanner/scanner.go:217	defaultScanner	6
5-check	pkg:scanner	scanner/scanner.go:224	NewScanner	4
5-check	pkg:scanner	scanner/scanner.go:229	Scanner.Reset	9
5-check	pkg:scanner	scanner/scanner.go:239	cleared	4
5-check	pkg:scanner	scanner/scanner.go:248	Scanner.Token	3
5-check	pkg:scanner	scanner/scanner.go:252	Scanner.TokenFlags	3
5-check	pkg:scanner	scanner/scanner.go:256	Scanner.TokenFullStart	3
5-check	pkg:scanner	scanner/scanner.go:260	Scanner.TokenStart	3
5-check	pkg:scanner	scanner/scanner.go:264	Scanner.TokenEnd	3
5-check	pkg:scanner	scanner/scanner.go:268	Scanner.TokenText	3
5-check	pkg:scanner	scanner/scanner.go:272	Scanner.TokenValue	3
5-check	pkg:scanner	scanner/scanner.go:276	Scanner.TokenRange	3
5-check	pkg:scanner	scanner/scanner.go:284	Scanner.Mark	3
5-check	pkg:scanner	scanner/scanner.go:288	Scanner.Rewind	3
5-check	pkg:scanner	scanner/scanner.go:292	Scanner.ResetPos	8
5-check	pkg:scanner	scanner/scanner.go:308	Scanner.SetSkipJSDocLeadingAsterisks	7
5-check	pkg:scanner	scanner/scanner.go:320	Scanner.HasUnicodeEscape	3
5-check	pkg:scanner	scanner/scanner.go:324	Scanner.HasExtendedUnicodeEscape	3
5-check	pkg:scanner	scanner/scanner.go:328	Scanner.HasPrecedingLineBreak	3
5-check	pkg:scanner	scanner/scanner.go:332	Scanner.HasPrecedingJSDocComment	3
5-check	pkg:scanner	scanner/scanner.go:336	Scanner.HasPrecedingJSDocLeadingAsterisks	3
5-check	pkg:scanner	scanner/scanner.go:388	Scanner.SetText	5
5-check	pkg:scanner	scanner/scanner.go:394	Scanner.SetOnError	3
5-check	pkg:scanner	scanner/scanner.go:398	Scanner.SetLanguageVariant	3
5-check	pkg:scanner	scanner/scanner.go:426	Scanner.char	6
5-check	pkg:scanner	scanner/scanner.go:434	Scanner.charAt	6
5-check	pkg:scanner	scanner/scanner.go:441	Scanner.charAndSize	11
5-check	pkg:scanner	scanner/scanner.go:456	Scanner.scanASCIIWhile	12
5-check	pkg:scanner	scanner/scanner.go:469	Scanner.Scan	502
5-check	pkg:scanner	scanner/scanner.go:1013	Scanner.ReScanLessThanToken	7
5-check	pkg:scanner	scanner/scanner.go:1021	Scanner.ReScanGreaterThanToken	6
5-check	pkg:scanner	scanner/scanner.go:1374	Scanner.ScanJSDocCommentTextToken	32
5-check	pkg:scanner	scanner/scanner.go:1410	Scanner.CanFollowJSDocAt	7
5-check	pkg:scanner	scanner/scanner.go:1418	Scanner.ScanJSDocToken	108
5-check	pkg:scanner	scanner/scanner.go:1527	Scanner.scanIdentifier	34
5-check	pkg:scanner	scanner/scanner.go:1586	Scanner.scanString	51
3b-bind	pkg:scanner	scanner/scanner.go:2214	GetIdentifierToken	9
5-check	pkg:scanner	scanner/scanner.go:2237	isWordCharacter	3
5-check	pkg:scanner	scanner/scanner.go:2241	IsIdentifierStart	3
5-check	pkg:scanner	scanner/scanner.go:2245	IsIdentifierPart	3
5-check	pkg:scanner	scanner/scanner.go:2249	IsIdentifierPartEx	5
5-check	pkg:scanner	scanner/scanner.go:2263	TokenToString	3
5-check	pkg:scanner	scanner/scanner.go:2307	SkipTrivia	3
5-check	pkg:scanner	scanner/scanner.go:2311	SkipTriviaEx	90
5-check	pkg:scanner	scanner/scanner.go:2506	GetScannerForSourceFile	9
5-check	pkg:scanner	scanner/scanner.go:2516	ScanTokenAtPosition	4
5-check	pkg:scanner	scanner/scanner.go:2588	GetErrorRangeForNode	67
9-report	pkg:scanner	scanner/scanner.go:2656	ComputeLineOfPosition	16
9-report	pkg:scanner	scanner/scanner.go:2673	GetECMALineStarts	3
9-report	pkg:scanner	scanner/scanner.go:2685	GetECMALineAndUTF16CharacterOfPosition	6
5-check	pkg:scanner	scanner/scanner.go:2800	GetLeadingCommentRanges	3
5-check	pkg:scanner	scanner/scanner.go:2814	iterateCommentRanges	105
5-check	pkg:scanner	scanner/utilities.go:22	GetSourceTextOfNodeFromSourceFile	3
5-check	pkg:scanner	scanner/utilities.go:26	isJSDocTypeExpressionOrChild	14
5-check	pkg:scanner	scanner/utilities.go:72	GetTextOfNodeFromSourceText	29
5-check	pkg:scanner	scanner/utilities.go:102	GetTextOfNode	3
5-check	pkg:scanner	scanner/utilities.go:122	DeclarationNameToString	6
5-check	pkg:scanner	scanner/utilities.go:129	IsIdentifierText	14
9-report	pkg:spanmap	spanmap/spanmap.go:358	SpanMap.AliasForVirtualSpan	11
9-report	pkg:stringutil	stringutil/compare.go:9	EquateStringCaseInsensitive	5
9-report	pkg:stringutil	stringutil/compare.go:15	EquateStringCaseSensitive	3
9-report	pkg:stringutil	stringutil/compare.go:19	GetStringEqualityComparer	6
5-check	pkg:stringutil	stringutil/util.go:12	IsWhiteSpaceLike	3
5-check	pkg:stringutil	stringutil/util.go:16	IsWhiteSpaceSingleLine	32
5-check	pkg:stringutil	stringutil/util.go:49	IsLineBreak	21
5-check	pkg:stringutil	stringutil/util.go:71	IsDigit	3
5-check	pkg:stringutil	stringutil/util.go:83	IsASCIILetter	3
5-check	pkg:stringutil	stringutil/util.go:334	DecodeJSStringRune	9
4b-init	pkg:stringutil	stringutil/util.go:352	CombineSurrogatePairs	20
3b-bind	pkg:tsoptions	tsoptions/parsedcommandline.go:312	ParsedCommandLine.CompilerOptions	6
3b-bind	pkg:tspath	tspath/extension.go:45	RemoveFileExtension	10
5-check	pkg:tspath	tspath/extension.go:79	FileExtensionIsOneOf	8
9-report	pkg:tspath	tspath/path.go:38	IsRootedDiskPath	3
9-report	pkg:tspath	tspath/path.go:91	CombinePaths	42
9-report	pkg:tspath	tspath/path.go:134	GetPathComponents	4
9-report	pkg:tspath	tspath/path.go:139	pathComponents	8
9-report	pkg:tspath	tspath/path.go:169	GetEncodedRootLength	73
9-report	pkg:tspath	tspath/path.go:243	GetRootLength	7
9-report	pkg:tspath	tspath/path.go:270	GetPathFromPathComponents	12
9-report	pkg:tspath	tspath/path.go:283	NormalizeSlashes	3
9-report	pkg:tspath	tspath/path.go:287	reducePathComponents	27
9-report	pkg:tspath	tspath/path.go:765	GetPathComponentsRelativeTo	43
9-report	pkg:tspath	tspath/path.go:821	ConvertToRelativePath	7
9-report	pkg:tspath	tspath/path.go:829	GetRelativePathToDirectoryOrUrl	20
9-report	pkg:tspath	tspath/path.go:997	ComparePathsOptions.getEqualityComparer	3
5-check	pkg:tspath	tspath/path.go:1095	FileExtensionIs	3
