accessorDeclarationEmitJs.ts	C	compiler/accessorDeclarationEmitJs.ts	/.src	/a.js
allowJsClassThisTypeCrash.ts	C	compiler/allowJsClassThisTypeCrash.ts	/.src	/.src/app.js
allowJscheckJsTypeParameterNoCrash.ts	E	compiler/allowJscheckJsTypeParameterNoCrash.ts	/.src	/.src/func.ts /.src/app.js
ambientPropertyDeclarationInJs.ts	E	compiler/ambientPropertyDeclarationInJs.ts	/.src	/test.js
ambientRequireFunction(module=commonjs).ts	C	compiler/ambientRequireFunction.ts	/.src	/.src/app.js
ambientRequireFunction(module=preserve).ts	C	compiler/ambientRequireFunction.ts	/.src	/.src/app.js
amdLikeInputDeclarationEmit.ts	C	compiler/amdLikeInputDeclarationEmit.ts	/.src	/.src/typing.d.ts /.src/deps/BaseClass.d.ts /.src/ExtendedClass.js
argumentsObjectCreatesRestForJs.ts	E	compiler/argumentsObjectCreatesRestForJs.ts	/.src	/.src/main.js
argumentsPropertyNameInJsMode1.ts	E	compiler/argumentsPropertyNameInJsMode1.ts	/.src	/.src/a.js
argumentsPropertyNameInJsMode2.ts	E	compiler/argumentsPropertyNameInJsMode2.ts	/.src	/.src/a.js
argumentsReferenceInConstructor1_Js.ts	C	compiler/argumentsReferenceInConstructor1_Js.ts	/.src	/a.js
argumentsReferenceInConstructor2_Js.ts	C	compiler/argumentsReferenceInConstructor2_Js.ts	/.src	/a.js
argumentsReferenceInConstructor3_Js.ts	C	compiler/argumentsReferenceInConstructor3_Js.ts	/.src	/a.js
argumentsReferenceInConstructor4_Js.ts	E	compiler/argumentsReferenceInConstructor4_Js.ts	/.src	/a.js
argumentsReferenceInConstructor5_Js.ts	C	compiler/argumentsReferenceInConstructor5_Js.ts	/.src	/a.js
argumentsReferenceInConstructor6_Js.ts	C	compiler/argumentsReferenceInConstructor6_Js.ts	/.src	/a.js
argumentsReferenceInConstructor7_Js.ts	C	compiler/argumentsReferenceInConstructor7_Js.ts	/.src	/a.js
argumentsReferenceInFunction1_Js.ts	E	compiler/argumentsReferenceInFunction1_Js.ts	/.src	/.src/index.js
argumentsReferenceInMethod1_Js.ts	C	compiler/argumentsReferenceInMethod1_Js.ts	/.src	/a.js
argumentsReferenceInMethod2_Js.ts	C	compiler/argumentsReferenceInMethod2_Js.ts	/.src	/a.js
argumentsReferenceInMethod3_Js.ts	C	compiler/argumentsReferenceInMethod3_Js.ts	/.src	/a.js
argumentsReferenceInMethod4_Js.ts	E	compiler/argumentsReferenceInMethod4_Js.ts	/.src	/a.js
argumentsReferenceInMethod5_Js.ts	C	compiler/argumentsReferenceInMethod5_Js.ts	/.src	/a.js
argumentsReferenceInMethod6_Js.ts	C	compiler/argumentsReferenceInMethod6_Js.ts	/.src	/a.js
argumentsReferenceInMethod7_Js.ts	C	compiler/argumentsReferenceInMethod7_Js.ts	/.src	/a.js
argumentsReferenceInObjectLiteral_Js(alwaysstrict=true).ts	E	compiler/argumentsReferenceInObjectLiteral_Js.ts	/.src	/a.js
arrowExpressionBodyJSDoc.ts	E	compiler/arrowExpressionBodyJSDoc.ts	/.src	/.src/mytest.js
arrowExpressionJs.ts	C	compiler/arrowExpressionJs.ts	/.src	/.src/mytest.js
arrowFunctionJSDocAnnotation.ts	C	compiler/arrowFunctionJSDocAnnotation.ts	/.src	/.src/index.js
binderBinaryExpressionStressJs.ts	C	compiler/binderBinaryExpressionStressJs.ts	/.src	/.src/file.js
checkDestructuringShorthandAssigment.ts	E	compiler/checkDestructuringShorthandAssigment.ts	/.src	/.src/bug25434.js
checkJsFiles.ts	E	compiler/checkJsFiles.ts	/.src	/.src/a.js
checkJsFiles2.ts	E	compiler/checkJsFiles2.ts	/.src	/.src/a.js
checkJsFiles3.ts	E	compiler/checkJsFiles3.ts	/.src	/.src/a.js
checkJsFiles4.ts	E	compiler/checkJsFiles4.ts	/.src	/.src/a.js
checkJsFiles5.ts	C	compiler/checkJsFiles5.ts	/.src	/.src/a.js
checkJsFiles6.ts	E	compiler/checkJsFiles6.ts	/.src	/.src/a.js
checkJsFiles7.ts	C	compiler/checkJsFiles7.ts	/.src	/.src/a.js
checkJsFiles_noErrorLocation.ts	C	compiler/checkJsFiles_noErrorLocation.ts	/.src	/.src/a.js
checkJsFiles_skipDiagnostics.ts	E	compiler/checkJsFiles_skipDiagnostics.ts	/.src	/.src/a.js
checkJsObjectLiteralHasCheckedKeyof.ts	E	compiler/checkJsObjectLiteralHasCheckedKeyof.ts	/.src	/.src/file.js
checkJsObjectLiteralIndexSignatures.ts	C	compiler/checkJsObjectLiteralIndexSignatures.ts	/.src	/.src/file.js
checkJsTypeDefNoUnusedLocalMarked.ts	E	compiler/checkJsTypeDefNoUnusedLocalMarked.ts	/.src	/.src/file.ts /.src/something.js
checkJsdocTypeTagOnExportAssignment1.ts	E	compiler/checkJsdocTypeTagOnExportAssignment1.ts	/.src	/.src/checkJsdocTypeTagOnExportAssignment1.js /.src/a.js /.src/b.js
checkJsdocTypeTagOnExportAssignment2.ts	E	compiler/checkJsdocTypeTagOnExportAssignment2.ts	/.src	/.src/checkJsdocTypeTagOnExportAssignment2.js /.src/a.ts /.src/b.js /.src/c.js
checkJsdocTypeTagOnExportAssignment3.ts	E	compiler/checkJsdocTypeTagOnExportAssignment3.ts	/.src	/.src/checkJsdocTypeTagOnExportAssignment3.js /.src/a.js /.src/b.js
checkJsdocTypeTagOnExportAssignment4.ts	E	compiler/checkJsdocTypeTagOnExportAssignment4.ts	/.src	/.src/checkJsdocTypeTagOnExportAssignment4.js /.src/a.js
checkJsdocTypeTagOnExportAssignment5.ts	C	compiler/checkJsdocTypeTagOnExportAssignment5.ts	/.src	/.src/checkJsdocTypeTagOnExportAssignment5.js /.src/a.js /.src/b.js
checkJsdocTypeTagOnExportAssignment6.ts	E	compiler/checkJsdocTypeTagOnExportAssignment6.ts	/.src	/.src/checkJsdocTypeTagOnExportAssignment6.js /.src/a.js /.src/b.js
checkJsdocTypeTagOnExportAssignment7.ts	C	compiler/checkJsdocTypeTagOnExportAssignment7.ts	/.src	/.src/checkJsdocTypeTagOnExportAssignment7.js /.src/a.js /.src/b.js
checkJsdocTypeTagOnExportAssignment8.ts	C	compiler/checkJsdocTypeTagOnExportAssignment8.ts	/.src	/.src/checkJsdocTypeTagOnExportAssignment8.js /.src/a.js
checkJsxNotSetError.ts	E	compiler/checkJsxNotSetError.ts	/.src	/foo.jsx /bar.jsx
checkSuperCallBeforeThisAccessing9.ts	E	compiler/checkSuperCallBeforeThisAccessing9.ts	/.src	/.src/noSuperInJSDocExtends.js
checkingObjectDefinePropertyOnFunctionNonexistentPropertyNoCrash1.ts	E	compiler/checkingObjectDefinePropertyOnFunctionNonexistentPropertyNoCrash1.ts	/.src	/.src/index.js
classAttributeInferenceTemplateJS.ts	C	compiler/classAttributeInferenceTemplateJS.ts	/.src	/.src/index.js
classExtendingAny.ts	E	compiler/classExtendingAny.ts	/.src	/.src/a.ts /.src/b.js
classFieldSuperAccessibleJs1.ts	E	compiler/classFieldSuperAccessibleJs1.ts	/.src	/.src/index.js
classFieldSuperAccessibleJs2.ts	C	compiler/classFieldSuperAccessibleJs2.ts	/.src	/.src/index.js
classFieldSuperNotAccessibleJs.ts	E	compiler/classFieldSuperNotAccessibleJs.ts	/.src	/.src/index.js
commonJsExportTypeDeclarationError(target=es2015).ts	E	compiler/commonJsExportTypeDeclarationError.ts	/.src	/.src/test.js /.src/types1.ts /.src/types2.ts /.src/types3.ts
commonJsIsolatedModules.ts	C	compiler/commonJsIsolatedModules.ts	/.src	/.src/index.js
commonJsUnusedLocals.ts	E	compiler/commonJsUnusedLocals.ts	/.src	/a.js
commonjsAccessExports.ts	E	compiler/commonjsAccessExports.ts	/.src	/a.js
constructorPropertyJs.ts	C	compiler/constructorPropertyJs.ts	/.src	/a.js
contextuallyTypeArgumentsKeyword.ts	C	compiler/contextuallyTypeArgumentsKeyword.ts	/.src	/.src/foo.js
contextuallyTypedParametersOptionalInJSDoc.ts	E	compiler/contextuallyTypedParametersOptionalInJSDoc.ts	/.src	/.src/index.js
contravariantOnlyInferenceFromAnnotatedFunctionJs.ts	C	compiler/contravariantOnlyInferenceFromAnnotatedFunctionJs.ts	/.src	/.src/index.js
contravariantOnlyInferenceWithAnnotatedOptionalParameterJs.ts	C	compiler/contravariantOnlyInferenceWithAnnotatedOptionalParameterJs.ts	/.src	/.src/index.js
controlFlowInstanceof.ts	E	compiler/controlFlowInstanceof.ts	/.src	/.src/controlFlowInstanceof.ts /.src/uglify.js
declarationEmitCastReusesTypeNode4(strictnullchecks=false).ts	C	compiler/declarationEmitCastReusesTypeNode4.ts	/.src	/.src/input.js
declarationEmitCastReusesTypeNode4(strictnullchecks=true).ts	C	compiler/declarationEmitCastReusesTypeNode4.ts	/.src	/.src/input.js
declarationEmitClassAccessorsJs1.ts	C	compiler/declarationEmitClassAccessorsJs1.ts	/.src	/.src/index.js
declarationEmitClassSetAccessorParamNameInJs.ts	C	compiler/declarationEmitClassSetAccessorParamNameInJs.ts	/.src	/.src/foo.js
declarationEmitClassSetAccessorParamNameInJs2.ts	C	compiler/declarationEmitClassSetAccessorParamNameInJs2.ts	/.src	/.src/foo.js
declarationEmitClassSetAccessorParamNameInJs3.ts	C	compiler/declarationEmitClassSetAccessorParamNameInJs3.ts	/.src	/.src/foo.js
declarationEmitJsReExportDefault.ts	C	compiler/declarationEmitJsReExportDefault.ts	/.src	/index.mjs
declarationEmitLateBoundJSAssignments.ts	C	compiler/declarationEmitLateBoundJSAssignments.ts	/.src	/.src/file.js
declarationEmitMethodDeclaration.ts	C	compiler/declarationEmitMethodDeclaration.ts	/.src	/a.js
declarationEmitObjectLiteralAccessorsJs1.ts	C	compiler/declarationEmitObjectLiteralAccessorsJs1.ts	/.src	/.src/index.js
decoratorInJsFile.ts	E	compiler/decoratorInJsFile.ts	/.src	/.src/a.js
decoratorInJsFile1.ts	E	compiler/decoratorInJsFile1.ts	/.src	/.src/a.js
deeplyDependentLargeArrayMutation.ts	C	compiler/deeplyDependentLargeArrayMutation.ts	/.src	/.src/foo.js
deeplyDependentLargeArrayMutation2.ts	C	compiler/deeplyDependentLargeArrayMutation2.ts	/.src	/.src/foo.js
defaultPropsEmptyCurlyBecomesAnyForJs.ts	C	compiler/defaultPropsEmptyCurlyBecomesAnyForJs.ts	/.src	/.src/library.d.ts /.src/component.js /.src/typed_component.ts
elidedJSImport1.ts	E	compiler/elidedJSImport1.ts	/.src	/.src/caller.js /.src/node_modules/@truffle/contract/index.d.ts
elidedJSImport2(module=es2022).ts	E	compiler/elidedJSImport2.ts	/.src	/.src/index.js /.src/other.d.ts /.src/other.js
elidedJSImport2(module=commonjs).ts	E	compiler/elidedJSImport2.ts	/.src	/.src/index.js /.src/other.d.ts /.src/other.js
ensureNoCrashExportAssignmentDefineProperrtyPotentialMerge.ts	C	compiler/ensureNoCrashExportAssignmentDefineProperrtyPotentialMerge.ts	/.src	/.src/index.js
es6ImportWithJsDocTags.ts	C	compiler/es6ImportWithJsDocTags.ts	/.src	/.src/a.js /.src/b.js
expandoFunctionContextualTypesJs.ts	C	compiler/expandoFunctionContextualTypesJs.ts	/.src	/.src/input.js
expandoFunctionSymbolPropertyJs.ts	C	compiler/expandoFunctionSymbolPropertyJs.ts	/.src	/types.ts /a.js
exportDefaultMarksIdentifierAsUsed.ts	C	compiler/exportDefaultMarksIdentifierAsUsed.ts	/.src	/.src/a.js /.src/b.js
exportDefaultWithJSDoc1.ts	C	compiler/exportDefaultWithJSDoc1.ts	/.src	/.src/a.js /.src/b.ts
exportDefaultWithJSDoc2.ts	C	compiler/exportDefaultWithJSDoc2.ts	/.src	/.src/a.js /.src/b.ts
extendedUnicodePlaneIdentifiersJSDoc.ts	C	compiler/extendedUnicodePlaneIdentifiersJSDoc.ts	/.src	/.src/file.js
extendingCollectionsWithCheckJs.ts	C	compiler/extendingCollectionsWithCheckJs.ts	/.src	/.src/extendingCollectionsWithCheckJs.js
extendsJavaScript.ts	C	compiler/extendsJavaScript.ts	/.src	/.src/extendsJavaScript.js
fillInMissingTypeArgsOnJSConstructCalls.ts	E	compiler/fillInMissingTypeArgsOnJSConstructCalls.ts	/.src	/.src/BaseA.js /.src/SubA.js /.src/BaseB.js /.src/SubB.js
functionExpressionNames.ts	C	compiler/functionExpressionNames.ts	/.src	/.src/b.js
genericDefaultsJs.ts	C	compiler/genericDefaultsJs.ts	/.src	/.src/decls.d.ts /.src/main.js
impliedNodeFormatEmit1(module=commonjs).ts	C	compiler/impliedNodeFormatEmit1.ts	/.src	/a.ts /b.mts /c.cts /d.js /e.mjs /f.mjs /g.ts /h.mts /i.cts /dummy.ts
impliedNodeFormatEmit1(module=esnext).ts	E	compiler/impliedNodeFormatEmit1.ts	/.src	/a.ts /b.mts /c.cts /d.js /e.mjs /f.mjs /g.ts /h.mts /i.cts /dummy.ts
impliedNodeFormatEmit1(module=preserve).ts	C	compiler/impliedNodeFormatEmit1.ts	/.src	/a.ts /b.mts /c.cts /d.js /e.mjs /f.mjs /g.ts /h.mts /i.cts /dummy.ts
impliedNodeFormatEmit2(module=commonjs).ts	C	compiler/impliedNodeFormatEmit2.ts	/.src	/a.ts /b.mts /c.cts /d.js /e.mjs /f.mjs /g.ts /h.mts /i.cts /dummy.ts
impliedNodeFormatEmit2(module=esnext).ts	E	compiler/impliedNodeFormatEmit2.ts	/.src	/a.ts /b.mts /c.cts /d.js /e.mjs /f.mjs /g.ts /h.mts /i.cts /dummy.ts
impliedNodeFormatEmit2(module=preserve).ts	C	compiler/impliedNodeFormatEmit2.ts	/.src	/a.ts /b.mts /c.cts /d.js /e.mjs /f.mjs /g.ts /h.mts /i.cts /dummy.ts
impliedNodeFormatEmit3(module=commonjs).ts	C	compiler/impliedNodeFormatEmit3.ts	/.src	/a.ts /b.mts /c.cts /d.js /e.mjs /f.mjs /g.ts /h.mts /i.cts /dummy.ts
impliedNodeFormatEmit3(module=esnext).ts	E	compiler/impliedNodeFormatEmit3.ts	/.src	/a.ts /b.mts /c.cts /d.js /e.mjs /f.mjs /g.ts /h.mts /i.cts /dummy.ts
impliedNodeFormatEmit3(module=preserve).ts	C	compiler/impliedNodeFormatEmit3.ts	/.src	/a.ts /b.mts /c.cts /d.js /e.mjs /f.mjs /g.ts /h.mts /i.cts /dummy.ts
impliedNodeFormatEmit4(module=commonjs).ts	C	compiler/impliedNodeFormatEmit4.ts	/.src	/a.ts /b.mts /c.cts /d.js /e.mjs /f.mjs /g.ts /h.mts /i.cts /dummy.ts
impliedNodeFormatEmit4(module=esnext).ts	E	compiler/impliedNodeFormatEmit4.ts	/.src	/a.ts /b.mts /c.cts /d.js /e.mjs /f.mjs /g.ts /h.mts /i.cts /dummy.ts
impliedNodeFormatEmit4(module=preserve).ts	C	compiler/impliedNodeFormatEmit4.ts	/.src	/a.ts /b.mts /c.cts /d.js /e.mjs /f.mjs /g.ts /h.mts /i.cts /dummy.ts
importDeclFromTypeNodeInJsSource.ts	C	compiler/importDeclFromTypeNodeInJsSource.ts	/.src	/src/node_modules/@types/node/index.d.ts /src/node_modules/@types/node/events.d.ts /src/b.js
importDeclarationInModuleDeclaration2.ts	E	compiler/importDeclarationInModuleDeclaration2.ts	/.src	/.src/check.js
importHelpersCommonJSJavaScript(verbatimmodulesyntax=false).ts	C	compiler/importHelpersCommonJSJavaScript.ts	/.src	/node_modules/tslib/tslib.d.ts /node_modules/tslib/modules/index.d.ts /index.js
importHelpersCommonJSJavaScript(verbatimmodulesyntax=true).ts	C	compiler/importHelpersCommonJSJavaScript.ts	/.src	/node_modules/tslib/tslib.d.ts /node_modules/tslib/modules/index.d.ts /index.js
importNonExportedMember11.ts	E	compiler/importNonExportedMember11.ts	/.src	/.src/a.ts /.src/b.js
importNonExportedMember12.ts	C	compiler/importNonExportedMember12.ts	/.src	/node_modules/foo/src/index.js /a.js /b.ts
importNonExportedMember9.ts	E	compiler/importNonExportedMember9.ts	/.src	/.src/a.ts /.src/b.js
importTypeResolutionJSDocEOF.ts	C	compiler/importTypeResolutionJSDocEOF.ts	/.src	/.src/interfaces.d.ts /.src/usage.js
inexistentPropertyInsideToStringType.ts	E	compiler/inexistentPropertyInsideToStringType.ts	/.src	/.src/index.js
isolatedDeclarationsAllowJs.ts	E	compiler/isolatedDeclarationsAllowJs.ts	/.src	/.src/file1.ts /.src/file2.js
javascriptCommonjsModule.ts	C	compiler/javascriptCommonjsModule.ts	/.src	/.src/index.js
javascriptDefinePropertyPrototypeNonConstructor.ts	C	compiler/javascriptDefinePropertyPrototypeNonConstructor.ts	/.src	/a.js
javascriptImportDefaultBadExport.ts	C	compiler/javascriptImportDefaultBadExport.ts	/.src	/a.js /b.js
javascriptThisAssignmentInStaticBlock.ts	C	compiler/javascriptThisAssignmentInStaticBlock.ts	/.src	/src/a.js
jsCheckObjectDefineThisNoCrash.ts	E	compiler/jsCheckObjectDefineThisNoCrash.ts	/.src	/.src/jsCheckObjectDefineThisNoCrash.js
jsDeclarationEmitDoesNotRenameImport.ts	C	compiler/jsDeclarationEmitDoesNotRenameImport.ts	/.src	/.src/test/Test.js /.src/Test.js /.src/index.js
jsDeclarationEmitExportAssignedArray.ts	C	compiler/jsDeclarationEmitExportAssignedArray.ts	/.src	/.src/file.js
jsDeclarationEmitExportAssignedFunctionWithExtraTypedefsMembers.ts	C	compiler/jsDeclarationEmitExportAssignedFunctionWithExtraTypedefsMembers.ts	/.src	/.src/index.js
jsDeclarationEmitExportedClassWithExtends.ts	E	compiler/jsDeclarationEmitExportedClassWithExtends.ts	/.src	/.src/node_modules/lit/development/index.d.ts /.src/node_modules/lit-element/development/index.d.ts /.src/node_modules/lit-element/development/lit-element.d.ts /.src/index.js
jsDeclarationsGlobalFileConstFunction.ts	E	compiler/jsDeclarationsGlobalFileConstFunction.ts	/.src	/.src/file.js
jsDeclarationsGlobalFileConstFunctionNamed.ts	E	compiler/jsDeclarationsGlobalFileConstFunctionNamed.ts	/.src	/.src/file.js
jsDeclarationsInheritedTypes.ts	E	compiler/jsDeclarationsInheritedTypes.ts	/.src	/.src/a.js
jsDeclarationsWithDefaultAsNamespaceLikeMerge.ts	C	compiler/jsDeclarationsWithDefaultAsNamespaceLikeMerge.ts	/.src	/helper.d.ts /index.js
jsDocDeclarationEmitDoesNotUseNodeModulesPathWithoutError.ts	C	compiler/jsDocDeclarationEmitDoesNotUseNodeModulesPathWithoutError.ts	/.src	/.src/node_modules/@lion/ajax/dist-types/src/index.d.ts /.src/node_modules/@lion/ajax/dist-types/types/types.d.ts /.src/index.js
jsElementAccessNoContextualTypeCrash.ts	C	compiler/jsElementAccessNoContextualTypeCrash.ts	/.src	/.src/jsElementAccessNoContextualTypeCrash.js
jsEmitIntersectionProperty.ts	C	compiler/jsEmitIntersectionProperty.ts	/.src	/.src/globals.d.ts /.src/index.js
jsEnumCrossFileExport.ts	E	compiler/jsEnumCrossFileExport.ts	/.src	/.src/enumDef.js /.src/index.js
jsEnumFunctionLocalNoCrash.ts	C	compiler/jsEnumFunctionLocalNoCrash.ts	/.src	/.src/index.js
jsEnumTagOnObjectFrozen.ts	E	compiler/jsEnumTagOnObjectFrozen.ts	/.src	/.src/usage.js
jsExpandoObjectDefineProperty.ts	E	compiler/jsExpandoObjectDefineProperty.ts	/.src	/.src/index.js
jsExportAssignmentNonMutableLocation.ts	E	compiler/jsExportAssignmentNonMutableLocation.ts	/.src	/.src/file.js
jsExportMemberMergedWithModuleAugmentation.ts	E	compiler/jsExportMemberMergedWithModuleAugmentation.ts	/.src	/test.js /index.ts
jsExportMemberMergedWithModuleAugmentation2.ts	E	compiler/jsExportMemberMergedWithModuleAugmentation2.ts	/.src	/test.js /index.ts
jsExportMemberMergedWithModuleAugmentation3.ts	E	compiler/jsExportMemberMergedWithModuleAugmentation3.ts	/.src	/x.js /y.d.ts
jsExtendsImplicitAny.ts	E	compiler/jsExtendsImplicitAny.ts	/.src	/a.d.ts /b.js
jsFileAlternativeUseOfOverloadTag.ts	C	compiler/jsFileAlternativeUseOfOverloadTag.ts	/.src	/.src/jsFileAlternativeUseOfOverloadTag.js
jsFileClassPropertyInitalizationInObjectLiteral.ts	C	compiler/jsFileClassPropertyInitalizationInObjectLiteral.ts	/.src	/.src/foo.js
jsFileClassPropertyType.ts	E	compiler/jsFileClassPropertyType.ts	/.src	/.src/foo.js /.src/bar.ts
jsFileClassPropertyType2.ts	E	compiler/jsFileClassPropertyType2.ts	/.src	/.src/foo.js /.src/bar.ts
jsFileClassPropertyType3.ts	E	compiler/jsFileClassPropertyType3.ts	/.src	/.src/foo.js /.src/bar.ts
jsFileClassSelfReferencedProperty.ts	C	compiler/jsFileClassSelfReferencedProperty.ts	/.src	/.src/foo.js
jsFileCompilationAbstractModifier.ts	E	compiler/jsFileCompilationAbstractModifier.ts	/.src	/.src/a.js
jsFileCompilationAmbientVarDeclarationSyntax.ts	E	compiler/jsFileCompilationAmbientVarDeclarationSyntax.ts	/.src	/.src/a.js
jsFileCompilationAwaitModifier.ts	C	compiler/jsFileCompilationAwaitModifier.ts	/.src	/.src/a.js
jsFileCompilationBindDeepExportsAssignment.ts	E	compiler/jsFileCompilationBindDeepExportsAssignment.ts	/.src	/.src/a.js
jsFileCompilationBindDuplicateIdentifier.ts	E	compiler/jsFileCompilationBindDuplicateIdentifier.ts	/.src	/.src/a.js
jsFileCompilationBindErrors.ts	E	compiler/jsFileCompilationBindErrors.ts	/.src	/.src/a.js
jsFileCompilationBindMultipleDefaultExports.ts	E	compiler/jsFileCompilationBindMultipleDefaultExports.ts	/.src	/.src/a.js
jsFileCompilationBindReachabilityErrors(alwaysstrict=true).ts	E	compiler/jsFileCompilationBindReachabilityErrors.ts	/.src	/.src/a.js
jsFileCompilationBindStrictModeErrors.ts	E	compiler/jsFileCompilationBindStrictModeErrors.ts	/.src	/.src/a.js /.src/b.js /.src/c.js /.src/d.js
jsFileCompilationConstModifier.ts	C	compiler/jsFileCompilationConstModifier.ts	/.src	/.src/a.js
jsFileCompilationConstructorOverloadSyntax.ts	E	compiler/jsFileCompilationConstructorOverloadSyntax.ts	/.src	/.src/a.js
jsFileCompilationDecoratorSyntax.ts	C	compiler/jsFileCompilationDecoratorSyntax.ts	/.src	/.src/a.js
jsFileCompilationEmitBlockedCorrectly.ts	E	compiler/jsFileCompilationEmitBlockedCorrectly.ts	/.src	/.src/a.ts /.src/b.ts /.src/a.js
jsFileCompilationEnumSyntax.ts	E	compiler/jsFileCompilationEnumSyntax.ts	/.src	/.src/a.js
jsFileCompilationErrorOnDeclarationsWithJsFileReferenceWithNoOut.ts	E	compiler/jsFileCompilationErrorOnDeclarationsWithJsFileReferenceWithNoOut.ts	/.src	/.src/a.ts /.src/b.ts /.src/c.js
jsFileCompilationErrorOnDeclarationsWithJsFileReferenceWithOutDir.ts	C	compiler/jsFileCompilationErrorOnDeclarationsWithJsFileReferenceWithOutDir.ts	/.src	/.src/a.ts /.src/b.ts /.src/c.js
jsFileCompilationExportAssignmentSyntax.ts	E	compiler/jsFileCompilationExportAssignmentSyntax.ts	/.src	/.src/a.js
jsFileCompilationExternalPackageError.ts	C	compiler/jsFileCompilationExternalPackageError.ts	/.src	/.src/moduleA/a.js /.src/node_modules/b.ts /.src/node_modules/c.js
jsFileCompilationFunctionOverloadSyntax.ts	E	compiler/jsFileCompilationFunctionOverloadSyntax.ts	/.src	/.src/a.js
jsFileCompilationHeritageClauseSyntaxOfClass.ts	E	compiler/jsFileCompilationHeritageClauseSyntaxOfClass.ts	/.src	/.src/a.js
jsFileCompilationImportEqualsSyntax.ts	E	compiler/jsFileCompilationImportEqualsSyntax.ts	/.src	/.src/a.js
jsFileCompilationInterfaceSyntax.ts	E	compiler/jsFileCompilationInterfaceSyntax.ts	/.src	/.src/a.js
jsFileCompilationMethodOverloadSyntax.ts	E	compiler/jsFileCompilationMethodOverloadSyntax.ts	/.src	/.src/a.js
jsFileCompilationModuleSyntax.ts	E	compiler/jsFileCompilationModuleSyntax.ts	/.src	/.src/a.js
jsFileCompilationNoErrorWithoutDeclarationsWithJsFileReferenceWithNoOut.ts	E	compiler/jsFileCompilationNoErrorWithoutDeclarationsWithJsFileReferenceWithNoOut.ts	/.src	/.src/a.ts /.src/b.ts /.src/c.js
jsFileCompilationOptionalClassElementSyntaxOfClass.ts	E	compiler/jsFileCompilationOptionalClassElementSyntaxOfClass.ts	/.src	/.src/a.js
jsFileCompilationOptionalParameter.ts	E	compiler/jsFileCompilationOptionalParameter.ts	/.src	/.src/a.js
jsFileCompilationPublicMethodSyntaxOfClass.ts	E	compiler/jsFileCompilationPublicMethodSyntaxOfClass.ts	/.src	/.src/a.js
jsFileCompilationPublicParameterModifier.ts	E	compiler/jsFileCompilationPublicParameterModifier.ts	/.src	/.src/a.js
jsFileCompilationReturnTypeSyntaxOfFunction.ts	E	compiler/jsFileCompilationReturnTypeSyntaxOfFunction.ts	/.src	/.src/a.js
jsFileCompilationSyntaxError.ts	E	compiler/jsFileCompilationSyntaxError.ts	/.src	/.src/a.js
jsFileCompilationTypeAliasSyntax.ts	E	compiler/jsFileCompilationTypeAliasSyntax.ts	/.src	/.src/a.js
jsFileCompilationTypeArgumentSyntaxOfCall.ts	E	compiler/jsFileCompilationTypeArgumentSyntaxOfCall.ts	/.src	/.src/a.jsx
jsFileCompilationTypeOfParameter.ts	E	compiler/jsFileCompilationTypeOfParameter.ts	/.src	/.src/a.js
jsFileCompilationTypeParameterSyntaxOfClass.ts	E	compiler/jsFileCompilationTypeParameterSyntaxOfClass.ts	/.src	/.src/a.js
jsFileCompilationTypeParameterSyntaxOfClassExpression.ts	E	compiler/jsFileCompilationTypeParameterSyntaxOfClassExpression.ts	/.src	/.src/a.js
jsFileCompilationTypeParameterSyntaxOfFunction.ts	E	compiler/jsFileCompilationTypeParameterSyntaxOfFunction.ts	/.src	/.src/a.js
jsFileCompilationTypeSyntaxOfVar.ts	E	compiler/jsFileCompilationTypeSyntaxOfVar.ts	/.src	/.src/a.js
jsFileCompilationWithJsEmitPathSameAsInput.ts	E	compiler/jsFileCompilationWithJsEmitPathSameAsInput.ts	/.src	/.src/a.ts /.src/a.js
jsFileCompilationWithMapFileAsJs.ts	E	compiler/jsFileCompilationWithMapFileAsJs.ts	/.src	/.src/a.ts /.src/b.js.map /.src/b.js
jsFileCompilationWithMapFileAsJsWithInlineSourceMap.ts	E	compiler/jsFileCompilationWithMapFileAsJsWithInlineSourceMap.ts	/.src	/.src/a.ts /.src/b.js.map /.src/b.js
jsFileCompilationWithMapFileAsJsWithOutDir.ts	E	compiler/jsFileCompilationWithMapFileAsJsWithOutDir.ts	/.src	/.src/a.ts /.src/b.js.map /.src/b.js
jsFileCompilationWithoutJsExtensions.ts	E	compiler/jsFileCompilationWithoutJsExtensions.ts	/.src	/.src/a.js
jsFileCompilationWithoutOut.ts	E	compiler/jsFileCompilationWithoutOut.ts	/.src	/.src/a.ts /.src/b.js
jsFileESModuleWithEnumTag.ts	C	compiler/jsFileESModuleWithEnumTag.ts	/.src	/.src/jsFileESModuleWithEnumTag.js
jsFileFunctionOverloads.ts	C	compiler/jsFileFunctionOverloads.ts	/.src	/.src/jsFileFunctionOverloads.js
jsFileFunctionOverloads2.ts	C	compiler/jsFileFunctionOverloads2.ts	/.src	/.src/jsFileFunctionOverloads2.js
jsFileFunctionParametersAsOptional.ts	C	compiler/jsFileFunctionParametersAsOptional.ts	/.src	/.src/foo.js /.src/bar.ts
jsFileFunctionParametersAsOptional2.ts	C	compiler/jsFileFunctionParametersAsOptional2.ts	/.src	/.src/foo.js /.src/bar.ts
jsFileImportPreservedWhenUsed.ts	C	compiler/jsFileImportPreservedWhenUsed.ts	/.src	/.src/dash.d.ts /.src/Consts.ts /.src/index.js
jsFileMethodOverloads.ts	C	compiler/jsFileMethodOverloads.ts	/.src	/.src/jsFileMethodOverloads.js
jsFileMethodOverloads2.ts	C	compiler/jsFileMethodOverloads2.ts	/.src	/.src/jsFileMethodOverloads2.js
jsFileMethodOverloads3.ts	E	compiler/jsFileMethodOverloads3.ts	/.src	/a.js
jsFileMethodOverloads4.ts	C	compiler/jsFileMethodOverloads4.ts	/.src	/a.js
jsFileMethodOverloads5.ts	C	compiler/jsFileMethodOverloads5.ts	/.src	/a.js
jsFunctionWithPrototypeNoErrorTruncationNoCrash.ts	E	compiler/jsFunctionWithPrototypeNoErrorTruncationNoCrash.ts	/.src	/.src/index.js
jsNegativeElementAccessNotBound.ts	C	compiler/jsNegativeElementAccessNotBound.ts	/.src	/.src/jsNegativeELementAccessNotBound.js
jsNoImplicitAnyNoCascadingReferenceErrors.ts	E	compiler/jsNoImplicitAnyNoCascadingReferenceErrors.ts	/.src	/.src/somelib.d.ts /.src/index.js
jsPropertyAssignedAfterMethodDeclaration.ts	E	compiler/jsPropertyAssignedAfterMethodDeclaration.ts	/.src	/a.js
jsPropertyAssignedAfterMethodDeclaration_nonError.ts	C	compiler/jsPropertyAssignedAfterMethodDeclaration_nonError.ts	/.src	/a.js
jsSelfReferencingArgumentsFunction.ts	C	compiler/jsSelfReferencingArgumentsFunction.ts	/.src	/.src/foo.js
jsdocAccessEnumType.ts	C	compiler/jsdocAccessEnumType.ts	/.src	/a.ts /b.js
jsdocArrayObjectPromiseImplicitAny.ts	C	compiler/jsdocArrayObjectPromiseImplicitAny.ts	/.src	/.src/jsdocArrayObjectPromiseImplicitAny.js
jsdocArrayObjectPromiseNoImplicitAny.ts	E	compiler/jsdocArrayObjectPromiseNoImplicitAny.ts	/.src	/.src/jsdocArrayObjectPromiseNoImplicitAny.js
jsdocBracelessTypeTag1.ts	E	compiler/jsdocBracelessTypeTag1.ts	/.src	/.src/index.js
jsdocCallbackAndType.ts	E	compiler/jsdocCallbackAndType.ts	/.src	/a.js
jsdocClassMissingTypeArguments.ts	E	compiler/jsdocClassMissingTypeArguments.ts	/.src	/a.js
jsdocFunctionClassPropertiesDeclaration.ts	E	compiler/jsdocFunctionClassPropertiesDeclaration.ts	/.src	/a.js
jsdocFunctionTypeFalsePositive.ts	E	compiler/jsdocFunctionTypeFalsePositive.ts	/.src	/a.js
jsdocIllegalTags.ts	E	compiler/jsdocIllegalTags.ts	/.src	/a.js
jsdocImportTypeNodeNamespace.ts	E	compiler/jsdocImportTypeNodeNamespace.ts	/.src	/.src/GeometryType.d.ts /.src/Main.js
jsdocImportTypeResolution.ts	C	compiler/jsdocImportTypeResolution.ts	/.src	/.src/module.js /.src/usage.js
jsdocParamTagInvalid.ts	E	compiler/jsdocParamTagInvalid.ts	/.src	/a.js
jsdocParamTagOnPropertyInitializer.ts	C	compiler/jsdocParamTagOnPropertyInitializer.ts	/.src	/a.js
jsdocParameterParsingInfiniteLoop.ts	E	compiler/jsdocParameterParsingInfiniteLoop.ts	/.src	/.src/example.js
jsdocPropertyTagInvalid.ts	E	compiler/jsdocPropertyTagInvalid.ts	/.src	/a.js /b.js
jsdocReferenceGlobalTypeInCommonJs.ts	E	compiler/jsdocReferenceGlobalTypeInCommonJs.ts	/.src	/.src/a.js /.src/puppet.d.ts /.src/other.d.ts
jsdocResolveNameFailureInTypedef.ts	E	compiler/jsdocResolveNameFailureInTypedef.ts	/.src	/a.js
jsdocRestParameter.ts	E	compiler/jsdocRestParameter.ts	/.src	/a.js
jsdocRestParameter_es6.ts	C	compiler/jsdocRestParameter_es6.ts	/.src	/a.js
jsdocTypeCast.ts	E	compiler/jsdocTypeCast.ts	/.src	/.src/jsdocTypeCast.js
jsdocTypeGenericInstantiationAttempt.ts	C	compiler/jsdocTypeGenericInstantiationAttempt.ts	/.src	/.src/index.js
jsdocTypeNongenericInstantiationAttempt.ts	E	compiler/jsdocTypeNongenericInstantiationAttempt.ts	/.src	/.src/index.js /.src/index2.js /.src/index3.js /.src/index4.js /.src/index5.js /.src/index6.js /.src/index7.js /.src/index8.js
jsdocTypecastNoTypeNoCrash.ts	C	compiler/jsdocTypecastNoTypeNoCrash.ts	/.src	/.src/index.js
jsdocTypedefBeforeParenthesizedExpression.ts	C	compiler/jsdocTypedefBeforeParenthesizedExpression.ts	/.src	/.src/test.js
jsdocTypedefMissingType.ts	C	compiler/jsdocTypedefMissingType.ts	/.src	/a.js
jsdocTypedefNoCrash.ts	E	compiler/jsdocTypedefNoCrash.ts	/.src	/.src/export.js
jsdocTypedefNoCrash2.ts	E	compiler/jsdocTypedefNoCrash2.ts	/.src	/.src/export.js
jsdocTypedef_propertyWithNoType.ts	C	compiler/jsdocTypedef_propertyWithNoType.ts	/.src	/a.js
jsdocUnexpectedCharacter.ts	C	compiler/jsdocUnexpectedCharacter.ts	/.src	/a.js
jsxDeclarationsWithEsModuleInteropNoCrash.tsx	C	compiler/jsxDeclarationsWithEsModuleInteropNoCrash.tsx	/.src	/.src/jsxDeclarationsWithEsModuleInteropNoCrash.jsx
jsxPreserveWithJsInput.ts	C	compiler/jsxPreserveWithJsInput.ts	/.src	/.src/a.js /.src/b.jsx /.src/c.js /.src/d.ts /.src/e.tsx
lateBoundAssignmentCandidateJS1.ts	C	compiler/lateBoundAssignmentCandidateJS1.ts	/.src	/.src/index.js
lateBoundAssignmentCandidateJS2.ts	C	compiler/lateBoundAssignmentCandidateJS2.ts	/.src	/.src/index.js
lateBoundAssignmentCandidateJS3.ts	E	compiler/lateBoundAssignmentCandidateJS3.ts	/.src	/.src/index.js
lateBoundMethodNameAssigmentJS.ts	C	compiler/lateBoundMethodNameAssigmentJS.ts	/.src	/.src/lateBoundMethodNameAssigmentJS.js
localRequireFunction.ts	C	compiler/localRequireFunction.ts	/.src	/.src/app.js
misspelledJsDocTypedefTags.ts	E	compiler/misspelledJsDocTypedefTags.ts	/.src	/.src/a.js
moduleExportsTypeNoExcessPropertyCheckFromContainedLiteral.ts	C	compiler/moduleExportsTypeNoExcessPropertyCheckFromContainedLiteral.ts	/.src	/.src/eslint.config.js
modulePreserve2.ts	C	compiler/modulePreserve2.ts	/.src	/main.js
modulePreserve4.ts	E	compiler/modulePreserve4.ts	/.src	/a.js /b.ts /c.ts /d.ts /e.mts /f.cts /g.js /main1.ts /main2.mts /main3.cjs /main4.cjs /dummy.ts
narrowingPlainJsNoCrash1.ts	C	compiler/narrowingPlainJsNoCrash1.ts	/.src	/.src/index.js
noCrashOnParameterNamedRequire.ts	E	compiler/noCrashOnParameterNamedRequire.ts	/.src	/.src/index.js
noParameterReassignmentIIFEAnnotated.ts	E	compiler/noParameterReassignmentIIFEAnnotated.ts	/.src	/.src/index.js
noParameterReassignmentJSIIFE.ts	E	compiler/noParameterReassignmentJSIIFE.ts	/.src	/.src/index.js
objectPropertyAsClass.ts	C	compiler/objectPropertyAsClass.ts	/.src	/.src/index.js
parenthesizedJSDocCastAtReturnStatement.ts	C	compiler/parenthesizedJSDocCastAtReturnStatement.ts	/.src	/.src/index.js
parenthesizedJSDocCastDoesNotNarrow.ts	E	compiler/parenthesizedJSDocCastDoesNotNarrow.ts	/.src	/.src/index.js
parseJsxElementInUnaryExpressionNoCrash1.ts	E	compiler/parseJsxElementInUnaryExpressionNoCrash1.ts	/.src	/.src/a.js
parseJsxElementInUnaryExpressionNoCrash2.ts	E	compiler/parseJsxElementInUnaryExpressionNoCrash2.ts	/.src	/.src/a.js
parseJsxElementInUnaryExpressionNoCrash3.ts	E	compiler/parseJsxElementInUnaryExpressionNoCrash3.ts	/.src	/.src/a.js
parseUnaryExpressionNoTypeAssertionInJsx1.ts	E	compiler/parseUnaryExpressionNoTypeAssertionInJsx1.ts	/.src	/.src/index.js
parseUnaryExpressionNoTypeAssertionInJsx2.ts	E	compiler/parseUnaryExpressionNoTypeAssertionInJsx2.ts	/.src	/.src/index.js
parseUnaryExpressionNoTypeAssertionInJsx3.ts	E	compiler/parseUnaryExpressionNoTypeAssertionInJsx3.ts	/.src	/.src/index.js
parserUnparsedTokenCrash1.ts	E	compiler/parserUnparsedTokenCrash1.ts	/.src	/.src/a.js
parsingDeepParenthensizedExpression.ts	C	compiler/parsingDeepParenthensizedExpression.ts	/.src	/.src/a.js
pushTypeGetTypeOfAlias.ts	E	compiler/pushTypeGetTypeOfAlias.ts	/.src	/.src/bar.js
reactImportDropped.ts	C	compiler/reactImportDropped.ts	/.src	/.src/react.d.ts /.src/src/components/TabBar.js /.src/src/modules/navigation/NavigationView.js
recursiveResolveDeclaredMembers.ts	C	compiler/recursiveResolveDeclaredMembers.ts	/.src	/.src/types.ts /.src/other.js
requireAsFunctionInExternalModule.ts	C	compiler/requireAsFunctionInExternalModule.ts	/.src	/.src/c.js /.src/m.js /.src/m2.ts
requireOfJsonFileInJsFile.ts	E	compiler/requireOfJsonFileInJsFile.ts	/.src	/user.js
resolveNameWithNamspace.ts	C	compiler/resolveNameWithNamspace.ts	/.src	/.src/node.d.ts /.src/ns.ts /.src/app.js
returnConditionalExpressionJSDocCast.ts	C	compiler/returnConditionalExpressionJSDocCast.ts	/.src	/.src/file.js
reuseTypeAnnotationImportTypeInGlobalThisTypeArgument.ts	E	compiler/reuseTypeAnnotationImportTypeInGlobalThisTypeArgument.ts	/.src	/contractHelper.d.ts /exported.d.ts /types.js /index.js
selfReferentialDefaultNoStackOverflow.ts	E	compiler/selfReferentialDefaultNoStackOverflow.ts	/.src	/.src/QSpinner.js
strictOptionalProperties3.ts	E	compiler/strictOptionalProperties3.ts	/.src	/.src/a.js
strictOptionalProperties4.ts	C	compiler/strictOptionalProperties4.ts	/.src	/.src/a.js
subclassThisTypeAssignable01.ts	E	compiler/subclassThisTypeAssignable01.ts	/.src	/.src/tile1.ts /.src/file1.js
subclassThisTypeAssignable02.ts	C	compiler/subclassThisTypeAssignable02.ts	/.src	/.src/tile1.ts /.src/file1.js
superNoModifiersCrash.ts	C	compiler/superNoModifiersCrash.ts	/.src	/.src/File.js
thisAssignmentInNamespaceDeclaration1.ts	E	compiler/thisAssignmentInNamespaceDeclaration1.ts	/.src	/.src/a.js /.src/b.js
thisInFunctionCallJs.ts	E	compiler/thisInFunctionCallJs.ts	/.src	/a.js
thisInObjectJs.ts	C	compiler/thisInObjectJs.ts	/.src	/.src/index.js
topLevelBlockExpando.ts	C	compiler/topLevelBlockExpando.ts	/.src	/.src/check.ts /.src/check.js
truthinessCallExpressionCoercion4.ts	C	compiler/truthinessCallExpressionCoercion4.ts	/.src	/.src/a.js
tslibInJs.ts	E	compiler/tslibInJs.ts	/.src	/.src/main.js
unicodeEscapesInJSDoc.ts	C	compiler/unicodeEscapesInJSDoc.ts	/.src	/.src/file.js
uniqueSymbolJs.ts	E	compiler/uniqueSymbolJs.ts	/.src	/.src/a.js
uniqueSymbolJs2.ts	E	compiler/uniqueSymbolJs2.ts	/.src	/index.js
unmetTypeConstraintInJSDocImportCall.ts	E	compiler/unmetTypeConstraintInJSDocImportCall.ts	/.src	/.src/file1.js /.src/file2.js
unreachableJavascriptChecked.ts	E	compiler/unreachableJavascriptChecked.ts	/.src	/.src/unreachable.js
unreachableJavascriptUnchecked.ts	C	compiler/unreachableJavascriptUnchecked.ts	/.src	/.src/unreachable.js
unusedTypeParameters_templateTag.ts	E	compiler/unusedTypeParameters_templateTag.ts	/.src	/a.js
unusedTypeParameters_templateTag2.ts	E	compiler/unusedTypeParameters_templateTag2.ts	/.src	/a.js
usedImportNotElidedInJs.ts	C	compiler/usedImportNotElidedInJs.ts	/.src	/.src/test.js
asyncArrowFunction_allowJs.ts	E	conformance/async/es2017/asyncArrowFunction/asyncArrowFunction_allowJs.ts	/.src	/.src/file.js
asyncFunctionDeclaration16_es5(target=es2015).ts	E	conformance/async/es5/functionDeclarations/asyncFunctionDeclaration16_es5.ts	/.src	/types.d.ts /a.js
privateNameImplicitDeclaration.ts	E	conformance/classes/members/privateNames/privateNameImplicitDeclaration.ts	/.src	/.src/privateNameImplicitDeclaration.js
privateNameJsBadAssignment.ts	E	conformance/classes/members/privateNames/privateNameJsBadAssignment.ts	/.src	/.src/privateNameJsBadAssignment.js
privateNameJsBadDeclaration(target=es2015).ts	E	conformance/classes/members/privateNames/privateNameJsBadDeclaration.ts	/.src	/.src/privateNameJsPrototype.js
privateNameUncheckedJsOptionalChain.ts	E	conformance/classes/members/privateNames/privateNameUncheckedJsOptionalChain.ts	/.src	/.src/privateNameUncheckedJsOptionalChain.js
privateNamesIncompatibleModifiersJs.ts	E	conformance/classes/members/privateNames/privateNamesIncompatibleModifiersJs.ts	/.src	/.src/privateNamesIncompatibleModifiersJs.js
typeFromPrivatePropertyAssignmentJs.ts	C	conformance/classes/members/privateNames/typeFromPrivatePropertyAssignmentJs.ts	/.src	/.src/typeFromPrivatePropertyAssignmentJs.js /.src/a.js
thisPropertyOverridesAccessors.ts	C	conformance/classes/propertyMemberDeclarations/thisPropertyOverridesAccessors.ts	/.src	/.src/foo.ts /.src/bar.js
assertionTypePredicates2.ts	E	conformance/controlFlow/assertionTypePredicates2.ts	/.src	/.src/assertionTypePredicates2.js
ts-expect-error-js.ts	E	conformance/directives/ts-expect-error-js.ts	/.src	/.src/a.js
ts-expect-error-nocheck-js.ts	C	conformance/directives/ts-expect-error-nocheck-js.ts	/.src	/.src/a.js
globalThisCollision.ts	E	conformance/es2019/globalThisCollision.ts	/.src	/.src/globalThisCollision.js
globalThisPropertyAssignment.ts	E	conformance/es2019/globalThisPropertyAssignment.ts	/.src	/.src/globalThisPropertyAssignment.js
destructuringParameterDeclaration9(strict=false).ts	C	conformance/es6/destructuring/destructuringParameterDeclaration9.ts	/.src	/.src/index.js
destructuringParameterDeclaration9(strict=true).ts	E	conformance/es6/destructuring/destructuringParameterDeclaration9.ts	/.src	/.src/index.js
optionalBindingParameters3.ts	E	conformance/es6/destructuring/optionalBindingParameters3.ts	/.src	/a.js
optionalBindingParameters4.ts	C	conformance/es6/destructuring/optionalBindingParameters4.ts	/.src	/a.js
yieldExpressionInControlFlow.ts	E	conformance/es6/yieldExpressions/yieldExpressionInControlFlow.ts	/.src	/.src/bug25149.js /.src/alsoFails.ts
esDecorators-classDeclaration-exportModifier.ts	E	conformance/esDecorators/classDeclaration/esDecorators-classDeclaration-exportModifier.ts	/.src	/.src/global.js /.src/file1.js /.src/file2.js /.src/file3.js /.src/file4.js /.src/file5.js /.src/file6.js /.src/file7.js
callWithMissingVoidUndefinedUnknownAnyInJs(strict=false).ts	E	conformance/expressions/functionCalls/callWithMissingVoidUndefinedUnknownAnyInJs.ts	/.src	/.src/defs.d.ts /.src/jsfile.js /.src/tsfile.ts
callWithMissingVoidUndefinedUnknownAnyInJs(strict=true).ts	E	conformance/expressions/functionCalls/callWithMissingVoidUndefinedUnknownAnyInJs.ts	/.src	/.src/defs.d.ts /.src/jsfile.js /.src/tsfile.ts
commonJsImportBindingElementNarrowType.ts	C	conformance/externalModules/commonJsImportBindingElementNarrowType.ts	/.src	/bar.js
emit(jsx=preserve).ts	E	conformance/externalModules/rewriteRelativeImportExtensions/emit.ts	/.src	/.src/globals.d.ts /.src/main.ts /.src/js.js /.src/no.ts /.src/lol.ts
emit(jsx=react).ts	E	conformance/externalModules/rewriteRelativeImportExtensions/emit.ts	/.src	/.src/globals.d.ts /.src/main.ts /.src/js.js /.src/no.ts /.src/lol.ts
emitModuleCommonJS(module=commonjs).ts	E	conformance/externalModules/rewriteRelativeImportExtensions/emitModuleCommonJS.ts	/.src	/.src/a.js /.src/b.ts
emitModuleCommonJS(module=nodenext).ts	E	conformance/externalModules/rewriteRelativeImportExtensions/emitModuleCommonJS.ts	/.src	/.src/a.js /.src/b.ts
exportNamespace_js.ts	E	conformance/externalModules/typeOnly/exportNamespace_js.ts	/.src	/.src/a.js /.src/b.js /.src/c.js
exportSpecifiers_js.ts	E	conformance/externalModules/typeOnly/exportSpecifiers_js.ts	/.src	/.src/a.js
grammarErrors.ts	E	conformance/externalModules/typeOnly/grammarErrors.ts	/.src	/a.ts /b.ts /a.js /c.ts
importSpecifiers_js.ts	E	conformance/externalModules/typeOnly/importSpecifiers_js.ts	/.src	/.src/a.ts /.src/a.js
assertionsAndNonReturningFunctions.ts	E	conformance/jsdoc/assertionsAndNonReturningFunctions.ts	/.src	/.src/assertionsAndNonReturningFunctions.js
callOfPropertylessConstructorFunction.ts	C	conformance/jsdoc/callOfPropertylessConstructorFunction.ts	/.src	/.src/callOfPropertylessConstructorFunction.js
callbackCrossModule.ts	E	conformance/jsdoc/callbackCrossModule.ts	/.src	/.src/mod1.js /.src/use.js
callbackOnConstructor.ts	C	conformance/jsdoc/callbackOnConstructor.ts	/.src	/.src/callbackOnConstructor.js
callbackTag1.ts	C	conformance/jsdoc/callbackTag1.ts	/.src	/.src/cb.js
callbackTag2.ts	E	conformance/jsdoc/callbackTag2.ts	/.src	/.src/cb.js
callbackTag3.ts	C	conformance/jsdoc/callbackTag3.ts	/.src	/.src/cb.js
callbackTag4.ts	C	conformance/jsdoc/callbackTag4.ts	/.src	/.src/a.js
callbackTagNamespace.ts	C	conformance/jsdoc/callbackTagNamespace.ts	/.src	/.src/namespaced.js
callbackTagNestedParameter.ts	C	conformance/jsdoc/callbackTagNestedParameter.ts	/.src	/.src/cb_nested.js
callbackTagVariadicType.ts	E	conformance/jsdoc/callbackTagVariadicType.ts	/.src	/.src/callbackTagVariadicType.js
checkJsdocOptionalParamOrder.ts	E	conformance/jsdoc/checkJsdocOptionalParamOrder.ts	/.src	/.src/0.js
checkJsdocParamOnVariableDeclaredFunctionExpression.ts	C	conformance/jsdoc/checkJsdocParamOnVariableDeclaredFunctionExpression.ts	/.src	/.src/0.js
checkJsdocParamTag1.ts	C	conformance/jsdoc/checkJsdocParamTag1.ts	/.src	/.src/0.js
checkJsdocSatisfiesTag1.ts	E	conformance/jsdoc/checkJsdocSatisfiesTag1.ts	/.src	/a.js
checkJsdocSatisfiesTag10.ts	E	conformance/jsdoc/checkJsdocSatisfiesTag10.ts	/.src	/a.js
checkJsdocSatisfiesTag11.ts	C	conformance/jsdoc/checkJsdocSatisfiesTag11.ts	/.src	/a.js
checkJsdocSatisfiesTag12.ts	E	conformance/jsdoc/checkJsdocSatisfiesTag12.ts	/.src	/a.js
checkJsdocSatisfiesTag13.ts	E	conformance/jsdoc/checkJsdocSatisfiesTag13.ts	/.src	/a.js
checkJsdocSatisfiesTag14.ts	E	conformance/jsdoc/checkJsdocSatisfiesTag14.ts	/.src	/a.js
checkJsdocSatisfiesTag15.ts	E	conformance/jsdoc/checkJsdocSatisfiesTag15.ts	/.src	/a.js
checkJsdocSatisfiesTag2.ts	C	conformance/jsdoc/checkJsdocSatisfiesTag2.ts	/.src	/a.js
checkJsdocSatisfiesTag3.ts	E	conformance/jsdoc/checkJsdocSatisfiesTag3.ts	/.src	/a.js
checkJsdocSatisfiesTag4.ts	E	conformance/jsdoc/checkJsdocSatisfiesTag4.ts	/.src	/a.js /b.js
checkJsdocSatisfiesTag5.ts	C	conformance/jsdoc/checkJsdocSatisfiesTag5.ts	/.src	/a.js
checkJsdocSatisfiesTag6.ts	E	conformance/jsdoc/checkJsdocSatisfiesTag6.ts	/.src	/a.js
checkJsdocSatisfiesTag7.ts	E	conformance/jsdoc/checkJsdocSatisfiesTag7.ts	/.src	/a.js
checkJsdocSatisfiesTag8.ts	E	conformance/jsdoc/checkJsdocSatisfiesTag8.ts	/.src	/a.js
checkJsdocSatisfiesTag9.ts	E	conformance/jsdoc/checkJsdocSatisfiesTag9.ts	/.src	/a.js
checkJsdocTypeTag1.ts	E	conformance/jsdoc/checkJsdocTypeTag1.ts	/.src	/.src/0.js
checkJsdocTypeTag2.ts	E	conformance/jsdoc/checkJsdocTypeTag2.ts	/.src	/.src/0.js
checkJsdocTypeTag3.ts	C	conformance/jsdoc/checkJsdocTypeTag3.ts	/.src	/.src/test.js
checkJsdocTypeTag4.ts	E	conformance/jsdoc/checkJsdocTypeTag4.ts	/.src	/.src/t.d.ts /.src/test.js
checkJsdocTypeTag5.ts	E	conformance/jsdoc/checkJsdocTypeTag5.ts	/.src	/.src/test.js
checkJsdocTypeTag6.ts	E	conformance/jsdoc/checkJsdocTypeTag6.ts	/.src	/.src/test.js
checkJsdocTypeTag7.ts	C	conformance/jsdoc/checkJsdocTypeTag7.ts	/.src	/.src/test.js
checkJsdocTypeTag8.ts	C	conformance/jsdoc/checkJsdocTypeTag8.ts	/.src	/.src/index.js
checkJsdocTypeTagOnObjectProperty1.ts	E	conformance/jsdoc/checkJsdocTypeTagOnObjectProperty1.ts	/.src	/.src/0.js
checkJsdocTypeTagOnObjectProperty2.ts	E	conformance/jsdoc/checkJsdocTypeTagOnObjectProperty2.ts	/.src	/.src/0.js
checkJsdocTypedefInParamTag1.ts	C	conformance/jsdoc/checkJsdocTypedefInParamTag1.ts	/.src	/.src/0.js
checkJsdocTypedefOnlySourceFile.ts	E	conformance/jsdoc/checkJsdocTypedefOnlySourceFile.ts	/.src	/.src/0.js
checkOtherObjectAssignProperty.ts	E	conformance/jsdoc/checkOtherObjectAssignProperty.ts	/.src	/.src/importer.js
constructorTagOnClassConstructor.ts	C	conformance/jsdoc/constructorTagOnClassConstructor.ts	/.src	/.src/bug27025.js
constructorTagOnNestedBinaryExpression.ts	C	conformance/jsdoc/constructorTagOnNestedBinaryExpression.ts	/.src	/.src/constructorTagOnNestedBinaryExpression.js
constructorTagOnObjectLiteralMethod.ts	E	conformance/jsdoc/constructorTagOnObjectLiteralMethod.ts	/.src	/.src/example.js
constructorTagWithThisTag.ts	C	conformance/jsdoc/constructorTagWithThisTag.ts	/.src	/.src/classthisboth.js
jsDeclarationsClassAccessor.ts	C	conformance/jsdoc/declarations/jsDeclarationsClassAccessor.ts	/.src	/.src/supplement.d.ts /.src/base.js /.src/argument.js
jsDeclarationsClassExtendsVisibility(target=es2015).ts	E	conformance/jsdoc/declarations/jsDeclarationsClassExtendsVisibility.ts	/.src	/.src/cls.js
jsDeclarationsClassImplementsGenericsSerialization(target=es2015).ts	C	conformance/jsdoc/declarations/jsDeclarationsClassImplementsGenericsSerialization.ts	/.src	/.src/interface.ts /.src/lib.js
jsDeclarationsClassLeadingOptional(target=es2015).ts	C	conformance/jsdoc/declarations/jsDeclarationsClassLeadingOptional.ts	/.src	/.src/bar.js
jsDeclarationsClassLikeHeuristic(target=es2015).ts	E	conformance/jsdoc/declarations/jsDeclarationsClassLikeHeuristic.ts	/.src	/.src/index.js
jsDeclarationsClassMethod.ts	E	conformance/jsdoc/declarations/jsDeclarationsClassMethod.ts	/.src	/.src/jsDeclarationsClassMethod.js
jsDeclarationsClassStatic(target=es2015).ts	E	conformance/jsdoc/declarations/jsDeclarationsClassStatic.ts	/.src	/.src/source.js
jsDeclarationsClassStatic2.ts	C	conformance/jsdoc/declarations/jsDeclarationsClassStatic2.ts	/.src	/.src/Foo.js /.src/Bar.ts
jsDeclarationsClassStaticMethodAugmentation(target=es2015).ts	E	conformance/jsdoc/declarations/jsDeclarationsClassStaticMethodAugmentation.ts	/.src	/.src/source.js
jsDeclarationsClasses(target=es2015).ts	E	conformance/jsdoc/declarations/jsDeclarationsClasses.ts	/.src	/.src/index.js
jsDeclarationsClassesErr(target=es2015).ts	E	conformance/jsdoc/declarations/jsDeclarationsClassesErr.ts	/.src	/.src/index.js
jsDeclarationsCommonjsRelativePath.ts	C	conformance/jsdoc/declarations/jsDeclarationsCommonjsRelativePath.ts	/.src	/.src/reexport.js
jsDeclarationsComputedNames(target=es2015).ts	C	conformance/jsdoc/declarations/jsDeclarationsComputedNames.ts	/.src	/.src/index.js /.src/index2.js
jsDeclarationsConstsAsNamespacesWithReferences.ts	C	conformance/jsdoc/declarations/jsDeclarationsConstsAsNamespacesWithReferences.ts	/.src	/.src/index.js
jsDeclarationsCrossfileMerge(target=es2015).ts	E	conformance/jsdoc/declarations/jsDeclarationsCrossfileMerge.ts	/.src	/.src/index.js /.src/exporter.js
jsDeclarationsDefault(target=es2015).ts	E	conformance/jsdoc/declarations/jsDeclarationsDefault.ts	/.src	/.src/index1.js /.src/index2.js /.src/index3.js /.src/index4.js /.src/index5.js /.src/index6.js
jsDeclarationsDefaultsErr(target=es2015).ts	E	conformance/jsdoc/declarations/jsDeclarationsDefaultsErr.ts	/.src	/.src/index1.js /.src/index2.js /.src/index3.js
jsDeclarationsDocCommentsOnConsts(target=es2015).ts	C	conformance/jsdoc/declarations/jsDeclarationsDocCommentsOnConsts.ts	/.src	/.src/index1.js
jsDeclarationsEnumTag(target=es2015).ts	E	conformance/jsdoc/declarations/jsDeclarationsEnumTag.ts	/.src	/.src/index.js
jsDeclarationsEnums(target=es2015).ts	E	conformance/jsdoc/declarations/jsDeclarationsEnums.ts	/.src	/.src/index.js
jsDeclarationsExportAssignedClassExpression(target=es2015).ts	C	conformance/jsdoc/declarations/jsDeclarationsExportAssignedClassExpression.ts	/.src	/.src/index.js
jsDeclarationsExportAssignedClassExpressionAnonymous(target=es2015).ts	C	conformance/jsdoc/declarations/jsDeclarationsExportAssignedClassExpressionAnonymous.ts	/.src	/.src/index.js
jsDeclarationsExportAssignedClassExpressionAnonymousWithSub(target=es2015).ts	E	conformance/jsdoc/declarations/jsDeclarationsExportAssignedClassExpressionAnonymousWithSub.ts	/.src	/.src/index.js
jsDeclarationsExportAssignedClassExpressionShadowing(target=es2015).ts	E	conformance/jsdoc/declarations/jsDeclarationsExportAssignedClassExpressionShadowing.ts	/.src	/.src/index.js
jsDeclarationsExportAssignedClassInstance1(target=es2015).ts	C	conformance/jsdoc/declarations/jsDeclarationsExportAssignedClassInstance1.ts	/.src	/.src/index.js
jsDeclarationsExportAssignedClassInstance2(target=es2015).ts	C	conformance/jsdoc/declarations/jsDeclarationsExportAssignedClassInstance2.ts	/.src	/.src/index.js
jsDeclarationsExportAssignedClassInstance3(target=es2015).ts	E	conformance/jsdoc/declarations/jsDeclarationsExportAssignedClassInstance3.ts	/.src	/.src/index.js
jsDeclarationsExportAssignedConstructorFunction(target=es2015).ts	E	conformance/jsdoc/declarations/jsDeclarationsExportAssignedConstructorFunction.ts	/.src	/.src/jsDeclarationsExportAssignedConstructorFunction.js
jsDeclarationsExportAssignedConstructorFunctionWithSub(target=es2015).ts	E	conformance/jsdoc/declarations/jsDeclarationsExportAssignedConstructorFunctionWithSub.ts	/.src	/.src/jsDeclarationsExportAssignedConstructorFunctionWithSub.js
jsDeclarationsExportAssignedVisibility(target=es2015).ts	C	conformance/jsdoc/declarations/jsDeclarationsExportAssignedVisibility.ts	/.src	/.src/index.js
jsDeclarationsExportAssignmentExpressionPlusSecondary(target=es2015).ts	E	conformance/jsdoc/declarations/jsDeclarationsExportAssignmentExpressionPlusSecondary.ts	/.src	/.src/index.js
jsDeclarationsExportAssignmentWithKeywordName(target=es2015).ts	C	conformance/jsdoc/declarations/jsDeclarationsExportAssignmentWithKeywordName.ts	/.src	/.src/index.js
jsDeclarationsExportDefinePropertyEmit.ts	C	conformance/jsdoc/declarations/jsDeclarationsExportDefinePropertyEmit.ts	/.src	/.src/index.js
jsDeclarationsExportDoubleAssignmentInClosure.ts	C	conformance/jsdoc/declarations/jsDeclarationsExportDoubleAssignmentInClosure.ts	/.src	/.src/index.js
jsDeclarationsExportForms(target=es2015).ts	C	conformance/jsdoc/declarations/jsDeclarationsExportForms.ts	/.src	/.src/cls.js /.src/func.js /.src/bar.js /.src/bar2.js /.src/baz.js /.src/bat.js /.src/ban.js /.src/bol.js /.src/cjs.js /.src/cjs2.js /.src/cjs3.js /.src/cjs4.js /.src/includeAll.js
jsDeclarationsExportFormsErr(target=es2015).ts	E	conformance/jsdoc/declarations/jsDeclarationsExportFormsErr.ts	/.src	/.src/cls.js /.src/bar.js /.src/bin.js /.src/globalNs.js /.src/includeAll.js
jsDeclarationsExportSpecifierNonlocal(target=es2015).ts	C	conformance/jsdoc/declarations/jsDeclarationsExportSpecifierNonlocal.ts	/.src	/.src/source.js /.src/index.js
jsDeclarationsExportSubAssignments(target=es2015).ts	E	conformance/jsdoc/declarations/jsDeclarationsExportSubAssignments.ts	/.src	/.src/cls.js
jsDeclarationsExportedClassAliases.ts	C	conformance/jsdoc/declarations/jsDeclarationsExportedClassAliases.ts	/.src	/.src/utils/index.js
jsDeclarationsFunctionClassesCjsExportAssignment(target=es2015).ts	E	conformance/jsdoc/declarations/jsDeclarationsFunctionClassesCjsExportAssignment.ts	/.src	/.src/timer.js /.src/hook.js /.src/context.js
jsDeclarationsFunctionJSDoc(target=es2015).ts	C	conformance/jsdoc/declarations/jsDeclarationsFunctionJSDoc.ts	/.src	/.src/source.js
jsDeclarationsFunctionKeywordProp(target=es2015).ts	C	conformance/jsdoc/declarations/jsDeclarationsFunctionKeywordProp.ts	/.src	/.src/source.js
jsDeclarationsFunctionKeywordPropExhaustive(target=es2015).ts	C	conformance/jsdoc/declarations/jsDeclarationsFunctionKeywordPropExhaustive.ts	/.src	/.src/source.js
jsDeclarationsFunctionLikeClasses(target=es2015).ts	E	conformance/jsdoc/declarations/jsDeclarationsFunctionLikeClasses.ts	/.src	/.src/source.js /.src/referencer.js
jsDeclarationsFunctionLikeClasses2(target=es2015).ts	E	conformance/jsdoc/declarations/jsDeclarationsFunctionLikeClasses2.ts	/.src	/.src/source.js /.src/referencer.js
jsDeclarationsFunctionPrototypeStatic(target=es2015).ts	C	conformance/jsdoc/declarations/jsDeclarationsFunctionPrototypeStatic.ts	/.src	/.src/source.js
jsDeclarationsFunctionWithDefaultAssignedMember.ts	C	conformance/jsdoc/declarations/jsDeclarationsFunctionWithDefaultAssignedMember.ts	/.src	/.src/index.js
jsDeclarationsFunctions.ts	E	conformance/jsdoc/declarations/jsDeclarationsFunctions.ts	/.src	/.src/index.js
jsDeclarationsFunctionsCjs.ts	E	conformance/jsdoc/declarations/jsDeclarationsFunctionsCjs.ts	/.src	/.src/index.js
jsDeclarationsGetterSetter.ts	C	conformance/jsdoc/declarations/jsDeclarationsGetterSetter.ts	/.src	/.src/index.js
jsDeclarationsImportAliasExposedWithinNamespace.ts	C	conformance/jsdoc/declarations/jsDeclarationsImportAliasExposedWithinNamespace.ts	/.src	/.src/file.js /.src/file2.js
jsDeclarationsImportAliasExposedWithinNamespaceCjs.ts	C	conformance/jsdoc/declarations/jsDeclarationsImportAliasExposedWithinNamespaceCjs.ts	/.src	/.src/file2.js
jsDeclarationsImportNamespacedType.ts	C	conformance/jsdoc/declarations/jsDeclarationsImportNamespacedType.ts	/.src	/.src/file.js /.src/mod1.js
jsDeclarationsInterfaces(target=es2015).ts	E	conformance/jsdoc/declarations/jsDeclarationsInterfaces.ts	/.src	/.src/index.js
jsDeclarationsJSDocRedirectedLookups.ts	E	conformance/jsdoc/declarations/jsDeclarationsJSDocRedirectedLookups.ts	/.src	/.src/index.js
jsDeclarationsJson(target=es2015).ts	C	conformance/jsdoc/declarations/jsDeclarationsJson.ts	/.src	/.src/index.js
jsDeclarationsMissingGenerics(target=es2015).ts	C	conformance/jsdoc/declarations/jsDeclarationsMissingGenerics.ts	/.src	/.src/file.js
jsDeclarationsMissingTypeParameters(target=es2015).ts	E	conformance/jsdoc/declarations/jsDeclarationsMissingTypeParameters.ts	/.src	/.src/file.js
jsDeclarationsModuleReferenceHasEmit(target=es2015).ts	E	conformance/jsdoc/declarations/jsDeclarationsModuleReferenceHasEmit.ts	/.src	/.src/index.js
jsDeclarationsMultipleExportFromMerge(target=es2015).ts	C	conformance/jsdoc/declarations/jsDeclarationsMultipleExportFromMerge.ts	/.src	/.src/items.js /.src/justone.js /.src/two.js /.src/multiple.js
jsDeclarationsNestedParams.ts	C	conformance/jsdoc/declarations/jsDeclarationsNestedParams.ts	/.src	/.src/file.js
jsDeclarationsNonIdentifierInferredNames.ts	C	conformance/jsdoc/declarations/jsDeclarationsNonIdentifierInferredNames.ts	/.src	/.src/jsDeclarationsNonIdentifierInferredNames.jsx
jsDeclarationsOptionalTypeLiteralProps1.ts	E	conformance/jsdoc/declarations/jsDeclarationsOptionalTypeLiteralProps1.ts	/.src	/.src/foo.js
jsDeclarationsOptionalTypeLiteralProps2.ts	C	conformance/jsdoc/declarations/jsDeclarationsOptionalTypeLiteralProps2.ts	/.src	/.src/foo.js
jsDeclarationsPackageJson(target=es2015).ts	C	conformance/jsdoc/declarations/jsDeclarationsPackageJson.ts	/.src	/.src/index.js
jsDeclarationsParameterTagReusesInputNodeInEmit1.ts	E	conformance/jsdoc/declarations/jsDeclarationsParameterTagReusesInputNodeInEmit1.ts	/.src	/.src/base.js /.src/file.js
jsDeclarationsParameterTagReusesInputNodeInEmit2.ts	C	conformance/jsdoc/declarations/jsDeclarationsParameterTagReusesInputNodeInEmit2.ts	/.src	/.src/base.js /.src/file.js
jsDeclarationsPrivateFields01.ts	C	conformance/jsdoc/declarations/jsDeclarationsPrivateFields01.ts	/.src	/.src/file.js
jsDeclarationsReactComponents(target=es2015).ts	C	conformance/jsdoc/declarations/jsDeclarationsReactComponents.ts	/.src	/.src/jsDeclarationsReactComponents1.jsx /.src/jsDeclarationsReactComponents2.jsx /.src/jsDeclarationsReactComponents3.jsx /.src/jsDeclarationsReactComponents4.jsx /.src/jsDeclarationsReactComponents5.jsx
jsDeclarationsReexportAliases(target=es2015).ts	C	conformance/jsdoc/declarations/jsDeclarationsReexportAliases.ts	/.src	/.src/cls.js /.src/usage.js
jsDeclarationsReexportAliasesEsModuleInterop(target=es2015).ts	C	conformance/jsdoc/declarations/jsDeclarationsReexportAliasesEsModuleInterop.ts	/.src	/.src/cls.js /.src/usage.js
jsDeclarationsReexportedCjsAlias(target=es2015).ts	C	conformance/jsdoc/declarations/jsDeclarationsReexportedCjsAlias.ts	/.src	/.src/main.js
jsDeclarationsReferenceToClassInstanceCrossFile.ts	E	conformance/jsdoc/declarations/jsDeclarationsReferenceToClassInstanceCrossFile.ts	/.src	/.src/test.js
jsDeclarationsRestArgsWithThisTypeInJSDocFunction(target=es2015).ts	E	conformance/jsdoc/declarations/jsDeclarationsRestArgsWithThisTypeInJSDocFunction.ts	/.src	/.src/bug38550.js
jsDeclarationsReusesExistingNodesMappingJSDocTypes.ts	E	conformance/jsdoc/declarations/jsDeclarationsReusesExistingNodesMappingJSDocTypes.ts	/.src	/.src/index.js
jsDeclarationsReusesExistingTypeAnnotations.ts	E	conformance/jsdoc/declarations/jsDeclarationsReusesExistingTypeAnnotations.ts	/.src	/.src/index.js
jsDeclarationsSubclassWithExplicitNoArgumentConstructor.ts	C	conformance/jsdoc/declarations/jsDeclarationsSubclassWithExplicitNoArgumentConstructor.ts	/.src	/.src/index.js
jsDeclarationsThisTypes.ts	C	conformance/jsdoc/declarations/jsDeclarationsThisTypes.ts	/.src	/.src/index.js
jsDeclarationsTypeAliases.ts	C	conformance/jsdoc/declarations/jsDeclarationsTypeAliases.ts	/.src	/.src/index.js /.src/mixed.js
jsDeclarationsTypeReassignmentFromDeclaration.ts	C	conformance/jsdoc/declarations/jsDeclarationsTypeReassignmentFromDeclaration.ts	/.src	/some-mod.d.ts /.src/index.js
jsDeclarationsTypeReassignmentFromDeclaration2.ts	E	conformance/jsdoc/declarations/jsDeclarationsTypeReassignmentFromDeclaration2.ts	/.src	/.src/index.js
jsDeclarationsTypeReferences(target=es2015).ts	C	conformance/jsdoc/declarations/jsDeclarationsTypeReferences.ts	/.src	/.src/index.js
jsDeclarationsTypeReferences2(target=es2015).ts	C	conformance/jsdoc/declarations/jsDeclarationsTypeReferences2.ts	/.src	/.src/index.js
jsDeclarationsTypeReferences3(target=es2015).ts	E	conformance/jsdoc/declarations/jsDeclarationsTypeReferences3.ts	/.src	/.src/index.js
jsDeclarationsTypeReferences4(target=es2015).ts	E	conformance/jsdoc/declarations/jsDeclarationsTypeReferences4.ts	/.src	/.src/index.js
jsDeclarationsTypedefAndImportTypes.ts	C	conformance/jsdoc/declarations/jsDeclarationsTypedefAndImportTypes.ts	/.src	/.src/conn.js /.src/usage.js
jsDeclarationsTypedefAndLatebound.ts	E	conformance/jsdoc/declarations/jsDeclarationsTypedefAndLatebound.ts	/.src	/.src/index.js /.src/LazySet.js
jsDeclarationsTypedefDescriptionsPreserved.ts	C	conformance/jsdoc/declarations/jsDeclarationsTypedefDescriptionsPreserved.ts	/.src	/.src/index.js
jsDeclarationsTypedefFunction.ts	C	conformance/jsdoc/declarations/jsDeclarationsTypedefFunction.ts	/.src	/.src/foo.js
jsDeclarationsTypedefPropertyAndExportAssignment.ts	C	conformance/jsdoc/declarations/jsDeclarationsTypedefPropertyAndExportAssignment.ts	/.src	/.src/index.js
jsDeclarationsUniqueSymbolUsage.ts	C	conformance/jsdoc/declarations/jsDeclarationsUniqueSymbolUsage.ts	/.src	/.src/a.js /.src/b.js
enumTag.ts	E	conformance/jsdoc/enumTag.ts	/.src	/.src/a.js
enumTagCircularReference.ts	C	conformance/jsdoc/enumTagCircularReference.ts	/.src	/.src/bug27142.js
enumTagImported.ts	E	conformance/jsdoc/enumTagImported.ts	/.src	/.src/type.js /.src/value.js /.src/mod1.js
enumTagOnExports.ts	C	conformance/jsdoc/enumTagOnExports.ts	/.src	/.src/enumTagOnExports.js
enumTagOnExports2.ts	C	conformance/jsdoc/enumTagOnExports2.ts	/.src	/.src/enumTagOnExports.js
enumTagUseBeforeDefCrash.ts	E	conformance/jsdoc/enumTagUseBeforeDefCrash.ts	/.src	/.src/bug27134.js
errorIsolation.ts	C	conformance/jsdoc/errorIsolation.ts	/.src	/.src/errorIsolation.js
errorOnFunctionReturnType(target=es2015).ts	E	conformance/jsdoc/errorOnFunctionReturnType.ts	/.src	/.src/foo.js
exportedAliasedEnumTag.ts	C	conformance/jsdoc/exportedAliasedEnumTag.ts	/.src	/.src/exportedAliasedEnumTag.js
exportedEnumTypeAndValue.ts	E	conformance/jsdoc/exportedEnumTypeAndValue.ts	/.src	/.src/def.js /.src/use.js
extendsTag1.ts	C	conformance/jsdoc/extendsTag1.ts	/.src	/.src/bug25101.js
extendsTag2.ts	C	conformance/jsdoc/extendsTag2.ts	/.src	/.src/foo.js
extendsTag3.ts	C	conformance/jsdoc/extendsTag3.ts	/.src	/.src/foo.js
extendsTag4.ts	C	conformance/jsdoc/extendsTag4.ts	/.src	/.src/foo.js
extendsTag5.ts	E	conformance/jsdoc/extendsTag5.ts	/.src	/a.js
extendsTag6.ts	C	conformance/jsdoc/extendsTag6.ts	/.src	/.src/foo.js
extendsTagEmit.ts	E	conformance/jsdoc/extendsTagEmit.ts	/.src	/.src/super.js /.src/main.js
importDeferJsdoc.ts	E	conformance/jsdoc/importDeferJsdoc.ts	/.src	/types.ts /foo.js
importTag1.ts	C	conformance/jsdoc/importTag1.ts	/.src	/types.ts /foo.js
importTag10.ts	E	conformance/jsdoc/importTag10.ts	/.src	/foo.js
importTag11.ts	E	conformance/jsdoc/importTag11.ts	/.src	/foo.js
importTag12.ts	E	conformance/jsdoc/importTag12.ts	/.src	/foo.js
importTag13.ts	E	conformance/jsdoc/importTag13.ts	/.src	/foo.js
importTag14.ts	E	conformance/jsdoc/importTag14.ts	/.src	/foo.js
importTag15(module=es2015).ts	E	conformance/jsdoc/importTag15.ts	/.src	/.src/0.ts /.src/1.js
importTag15(module=esnext).ts	E	conformance/jsdoc/importTag15.ts	/.src	/.src/0.ts /.src/1.js
importTag16.ts	C	conformance/jsdoc/importTag16.ts	/.src	/.src/a.ts /.src/b.js
importTag17.ts	E	conformance/jsdoc/importTag17.ts	/.src	/node_modules/@types/foo/index.d.mts /node_modules/@types/foo/index.d.cts /a.js
importTag18.ts	C	conformance/jsdoc/importTag18.ts	/.src	/.src/a.ts /.src/b.js
importTag19.ts	C	conformance/jsdoc/importTag19.ts	/.src	/.src/a.ts /.src/b.js
importTag2.ts	C	conformance/jsdoc/importTag2.ts	/.src	/types.ts /foo.js
importTag20.ts	C	conformance/jsdoc/importTag20.ts	/.src	/.src/a.ts /.src/b.js
importTag21.ts	C	conformance/jsdoc/importTag21.ts	/.src	/.src/node_modules/tslib/modules/index.d.ts /.src/node_modules/tslib/tslib.d.ts /.src/test.js
importTag23.ts	E	conformance/jsdoc/importTag23.ts	/.src	/a.ts /b.js
importTag24.ts	E	conformance/jsdoc/importTag24.ts	/.src	/.src/types.d.ts /.src/a.js
importTag25.ts	C	conformance/jsdoc/importTag25.ts	/.src	/.src/types.d.ts /.src/foo.js
importTag3.ts	C	conformance/jsdoc/importTag3.ts	/.src	/types.ts /foo.js
importTag4.ts	E	conformance/jsdoc/importTag4.ts	/.src	/types.ts /foo.js
importTag5.ts	C	conformance/jsdoc/importTag5.ts	/.src	/types.ts /foo.js
importTag6.ts	C	conformance/jsdoc/importTag6.ts	/.src	/types.ts /foo.js
importTag7.ts	C	conformance/jsdoc/importTag7.ts	/.src	/types.ts /foo.js
importTag8.ts	C	conformance/jsdoc/importTag8.ts	/.src	/types.ts /foo.js
importTag9.ts	C	conformance/jsdoc/importTag9.ts	/.src	/types.ts /foo.js
inferThis.ts	C	conformance/jsdoc/inferThis.ts	/.src	/a.js
instantiateTemplateTagTypeParameterOnVariableStatement.ts	C	conformance/jsdoc/instantiateTemplateTagTypeParameterOnVariableStatement.ts	/.src	/.src/instantiateTemplateTagTypeParameterOnVariableStatement.js
jsdocAccessibilityTags.ts	E	conformance/jsdoc/jsdocAccessibilityTags.ts	/.src	/.src/jsdocAccessibilityTag.js
jsdocAugmentsMissingType.ts	E	conformance/jsdoc/jsdocAugmentsMissingType.ts	/.src	/a.js
jsdocAugments_errorInExtendsExpression.ts	E	conformance/jsdoc/jsdocAugments_errorInExtendsExpression.ts	/.src	/a.js
jsdocAugments_nameMismatch.ts	C	conformance/jsdoc/jsdocAugments_nameMismatch.ts	/.src	/b.js
jsdocAugments_noExtends.ts	E	conformance/jsdoc/jsdocAugments_noExtends.ts	/.src	/b.js
jsdocAugments_notAClass.ts	C	conformance/jsdoc/jsdocAugments_notAClass.ts	/.src	/b.js
jsdocAugments_qualifiedName.ts	C	conformance/jsdoc/jsdocAugments_qualifiedName.ts	/.src	/a.js /b.js
jsdocAugments_withTypeParameter.ts	C	conformance/jsdoc/jsdocAugments_withTypeParameter.ts	/.src	/a.d.ts /b.js
jsdocBindingInUnreachableCode.ts	C	conformance/jsdoc/jsdocBindingInUnreachableCode.ts	/.src	/.src/bug27341.js
jsdocCatchClauseWithTypeAnnotation.ts	E	conformance/jsdoc/jsdocCatchClauseWithTypeAnnotation.ts	/.src	/.src/foo.js
jsdocFunctionType.ts	E	conformance/jsdoc/jsdocFunctionType.ts	/.src	/.src/functions.js
jsdocFunction_missingReturn.ts	E	conformance/jsdoc/jsdocFunction_missingReturn.ts	/.src	/a.js
jsdocImplementsTag.ts	C	conformance/jsdoc/jsdocImplementsTag.ts	/.src	/a.js
jsdocImplements_class.ts	E	conformance/jsdoc/jsdocImplements_class.ts	/.src	/a.js
jsdocImplements_interface.ts	E	conformance/jsdoc/jsdocImplements_interface.ts	/.src	/defs.d.ts /a.js
jsdocImplements_interface_multiple.ts	E	conformance/jsdoc/jsdocImplements_interface_multiple.ts	/.src	/defs.d.ts /a.js
jsdocImplements_missingType.ts	E	conformance/jsdoc/jsdocImplements_missingType.ts	/.src	/a.js
jsdocImplements_namespacedInterface.ts	C	conformance/jsdoc/jsdocImplements_namespacedInterface.ts	/.src	/defs.d.ts /a.js
jsdocImplements_properties.ts	E	conformance/jsdoc/jsdocImplements_properties.ts	/.src	/a.js
jsdocImplements_signatures.ts	E	conformance/jsdoc/jsdocImplements_signatures.ts	/.src	/defs.d.ts /a.js
jsdocImportType.ts	E	conformance/jsdoc/jsdocImportType.ts	/.src	/.src/use.js
jsdocImportType2.ts	E	conformance/jsdoc/jsdocImportType2.ts	/.src	/.src/use.js
jsdocImportTypeReferenceToClassAlias.ts	C	conformance/jsdoc/jsdocImportTypeReferenceToClassAlias.ts	/.src	/.src/mod1.js /.src/test.js
jsdocImportTypeReferenceToCommonjsModule.ts	E	conformance/jsdoc/jsdocImportTypeReferenceToCommonjsModule.ts	/.src	/.src/ex.d.ts /.src/test.js
jsdocImportTypeReferenceToESModule.ts	E	conformance/jsdoc/jsdocImportTypeReferenceToESModule.ts	/.src	/.src/ex.d.ts /.src/test.js
jsdocImportTypeReferenceToStringLiteral.ts	E	conformance/jsdoc/jsdocImportTypeReferenceToStringLiteral.ts	/.src	/.src/b.js /.src/a.js
jsdocIndexSignature.ts	E	conformance/jsdoc/jsdocIndexSignature.ts	/.src	/.src/indices.js
jsdocLinkTag2.ts	C	conformance/jsdoc/jsdocLinkTag2.ts	/.src	/a.js /b.js
jsdocLinkTag7.ts	C	conformance/jsdoc/jsdocLinkTag7.ts	/.src	/a.js
jsdocLinkTag8.ts	C	conformance/jsdoc/jsdocLinkTag8.ts	/.src	/a.js
jsdocOuterTypeParameters1.ts	E	conformance/jsdoc/jsdocOuterTypeParameters1.ts	/.src	/.src/jsdocOuterTypeParameters1.js
jsdocOuterTypeParameters2.ts	E	conformance/jsdoc/jsdocOuterTypeParameters2.ts	/.src	/.src/jsdocOuterTypeParameters1.js
jsdocOuterTypeParameters3.ts	E	conformance/jsdoc/jsdocOuterTypeParameters3.ts	/.src	/.src/jsdocOuterTypeParameters3.js
jsdocOverrideTag1.ts	E	conformance/jsdoc/jsdocOverrideTag1.ts	/.src	/.src/0.js
jsdocParamTag2.ts	E	conformance/jsdoc/jsdocParamTag2.ts	/.src	/.src/0.js
jsdocParamTagTypeLiteral.ts	E	conformance/jsdoc/jsdocParamTagTypeLiteral.ts	/.src	/.src/0.js
jsdocParseBackquotedParamName.ts	E	conformance/jsdoc/jsdocParseBackquotedParamName.ts	/.src	/.src/a.js /.src/ts.ts
jsdocParseDotDotDotInJSDocFunction.ts	E	conformance/jsdoc/jsdocParseDotDotDotInJSDocFunction.ts	/.src	/.src/a.js
jsdocParseHigherOrderFunction.ts	E	conformance/jsdoc/jsdocParseHigherOrderFunction.ts	/.src	/.src/paren.js
jsdocParseMatchingBackticks.ts	C	conformance/jsdoc/jsdocParseMatchingBackticks.ts	/.src	/.src/jsdocParseMatchingBackticks.js
jsdocParseParenthesizedJSDocParameter.ts	E	conformance/jsdoc/jsdocParseParenthesizedJSDocParameter.ts	/.src	/.src/paren.js
jsdocParseStarEquals.ts	E	conformance/jsdoc/jsdocParseStarEquals.ts	/.src	/.src/a.js
jsdocPostfixEqualsAddsOptionality.ts	E	conformance/jsdoc/jsdocPostfixEqualsAddsOptionality.ts	/.src	/.src/a.js
jsdocPrefixPostfixParsing.ts	E	conformance/jsdoc/jsdocPrefixPostfixParsing.ts	/.src	/.src/prefixPostfix.js
jsdocPrivateName1.ts	E	conformance/jsdoc/jsdocPrivateName1.ts	/.src	/.src/jsdocPrivateName1.js
jsdocPrivateName2.ts	E	conformance/jsdoc/jsdocPrivateName2.ts	/.src	/.src/jsdocPrivateName1.js
jsdocPrototypePropertyAccessWithType.ts	E	conformance/jsdoc/jsdocPrototypePropertyAccessWithType.ts	/.src	/a.js
jsdocReadonly.ts	E	conformance/jsdoc/jsdocReadonly.ts	/.src	/.src/jsdocReadonly.js
jsdocSignatureOnReturnedFunction.ts	C	conformance/jsdoc/jsdocSignatureOnReturnedFunction.ts	/.src	/.src/jsdocSignatureOnReturnedFunction.js
jsdocTemplateClass.ts	E	conformance/jsdoc/jsdocTemplateClass.ts	/.src	/.src/templateTagOnClasses.js
jsdocTemplateConstructorFunction.ts	E	conformance/jsdoc/jsdocTemplateConstructorFunction.ts	/.src	/.src/templateTagOnConstructorFunctions.js
jsdocTemplateConstructorFunction2.ts	E	conformance/jsdoc/jsdocTemplateConstructorFunction2.ts	/.src	/.src/templateTagWithNestedTypeLiteral.js
jsdocTemplateTag.ts	E	conformance/jsdoc/jsdocTemplateTag.ts	/.src	/.src/forgot.js
jsdocTemplateTag2.ts	C	conformance/jsdoc/jsdocTemplateTag2.ts	/.src	/.src/github17339.js
jsdocTemplateTag3.ts	E	conformance/jsdoc/jsdocTemplateTag3.ts	/.src	/.src/a.js
jsdocTemplateTag4.ts	E	conformance/jsdoc/jsdocTemplateTag4.ts	/.src	/.src/a.js
jsdocTemplateTag5.ts	E	conformance/jsdoc/jsdocTemplateTag5.ts	/.src	/.src/a.js
jsdocTemplateTag6.ts	C	conformance/jsdoc/jsdocTemplateTag6.ts	/.src	/.src/a.js
jsdocTemplateTag7.ts	E	conformance/jsdoc/jsdocTemplateTag7.ts	/.src	/.src/a.js
jsdocTemplateTag8.ts	E	conformance/jsdoc/jsdocTemplateTag8.ts	/.src	/.src/a.js
jsdocTemplateTagDefault.ts	E	conformance/jsdoc/jsdocTemplateTagDefault.ts	/.src	/.src/file.js
jsdocTemplateTagNameResolution.ts	E	conformance/jsdoc/jsdocTemplateTagNameResolution.ts	/.src	/.src/file.js
jsdocThisType.ts	E	conformance/jsdoc/jsdocThisType.ts	/.src	/types.d.ts /a.js
jsdocTypeDefAtStartOfFile.ts	C	conformance/jsdoc/jsdocTypeDefAtStartOfFile.ts	/.src	/.src/dtsEquivalent.js /.src/index.js
jsdocTypeFromChainedAssignment.ts	E	conformance/jsdoc/jsdocTypeFromChainedAssignment.ts	/.src	/.src/a.js
jsdocTypeFromChainedAssignment2.ts	E	conformance/jsdoc/jsdocTypeFromChainedAssignment2.ts	/.src	/.src/use.js
jsdocTypeFromChainedAssignment3.ts	E	conformance/jsdoc/jsdocTypeFromChainedAssignment3.ts	/.src	/.src/a.js
jsdocTypeReferenceExports.ts	E	conformance/jsdoc/jsdocTypeReferenceExports.ts	/.src	/.src/bug27342.js
jsdocTypeReferenceToImport.ts	E	conformance/jsdoc/jsdocTypeReferenceToImport.ts	/.src	/.src/jsdocTypeReferenceToImport.js /.src/ex.d.ts
jsdocTypeReferenceToImportOfClassExpression.ts	C	conformance/jsdoc/jsdocTypeReferenceToImportOfClassExpression.ts	/.src	/.src/MC.js
jsdocTypeReferenceToImportOfFunctionExpression.ts	E	conformance/jsdoc/jsdocTypeReferenceToImportOfFunctionExpression.ts	/.src	/.src/MC.js
jsdocTypeReferenceToMergedClass.ts	E	conformance/jsdoc/jsdocTypeReferenceToMergedClass.ts	/.src	/.src/jsdocTypeReferenceToMergedClass.js
jsdocTypeReferenceToValue.ts	E	conformance/jsdoc/jsdocTypeReferenceToValue.ts	/.src	/.src/foo.js
jsdocTypeReferenceUseBeforeDef.ts	C	conformance/jsdoc/jsdocTypeReferenceUseBeforeDef.ts	/.src	/.src/bug25097.js
jsdocTypeTag.ts	E	conformance/jsdoc/jsdocTypeTag.ts	/.src	/.src/a.js /.src/b.ts
jsdocTypeTagCast.ts	E	conformance/jsdoc/jsdocTypeTagCast.ts	/.src	/.src/a.ts /.src/b.js
jsdocTypeTagOnParameter1.ts	C	conformance/jsdoc/jsdocTypeTagOnParameter1.ts	/.src	/index.js
jsdocTypeTagParameterType.ts	E	conformance/jsdoc/jsdocTypeTagParameterType.ts	/.src	/.src/a.js
jsdocTypeTagRequiredParameters.ts	E	conformance/jsdoc/jsdocTypeTagRequiredParameters.ts	/.src	/.src/a.js
jsdocVariableDeclarationWithTypeAnnotation.ts	C	conformance/jsdoc/jsdocVariableDeclarationWithTypeAnnotation.ts	/.src	/.src/foo.js
jsdocVariadicType.ts	E	conformance/jsdoc/jsdocVariadicType.ts	/.src	/.src/a.js /.src/b.ts
linkTagEmit1.ts	C	conformance/jsdoc/linkTagEmit1.ts	/.src	/.src/declarations.d.ts /.src/linkTagEmit1.js
moduleExportsElementAccessAssignment.ts	E	conformance/jsdoc/moduleExportsElementAccessAssignment.ts	/.src	/.src/mod2.js
moduleExportsElementAccessAssignment2.ts	C	conformance/jsdoc/moduleExportsElementAccessAssignment2.ts	/.src	/.src/file1.js /.src/ref.js
noAssertForUnparseableTypedefs.ts	E	conformance/jsdoc/noAssertForUnparseableTypedefs.ts	/.src	/.src/bug26693.js
noDuplicateJsdoc1.ts	E	conformance/jsdoc/noDuplicateJsdoc1.ts	/.src	/.src/a.js
overloadTag1.ts	E	conformance/jsdoc/overloadTag1.ts	/.src	/.src/overloadTag1.js
overloadTag2.ts	E	conformance/jsdoc/overloadTag2.ts	/.src	/.src/overloadTag2.js
overloadTag3.ts	C	conformance/jsdoc/overloadTag3.ts	/.src	/a.js
paramTagBracketsAddOptionalUndefined.ts	C	conformance/jsdoc/paramTagBracketsAddOptionalUndefined.ts	/.src	/.src/a.js
paramTagNestedWithoutTopLevelObject.ts	E	conformance/jsdoc/paramTagNestedWithoutTopLevelObject.ts	/.src	/.src/paramTagNestedWithoutTopLevelObject.js
paramTagNestedWithoutTopLevelObject2.ts	E	conformance/jsdoc/paramTagNestedWithoutTopLevelObject2.ts	/.src	/.src/paramTagNestedWithoutTopLevelObject2.js
paramTagNestedWithoutTopLevelObject3.ts	E	conformance/jsdoc/paramTagNestedWithoutTopLevelObject3.ts	/.src	/.src/paramTagNestedWithoutTopLevelObject3.js
paramTagNestedWithoutTopLevelObject4.ts	E	conformance/jsdoc/paramTagNestedWithoutTopLevelObject4.ts	/.src	/.src/paramTagNestedWithoutTopLevelObject4.js
paramTagOnCallExpression.ts	C	conformance/jsdoc/paramTagOnCallExpression.ts	/.src	/.src/decls.d.ts /.src/a.js
paramTagOnFunctionUsingArguments.ts	E	conformance/jsdoc/paramTagOnFunctionUsingArguments.ts	/.src	/.src/decls.d.ts /.src/a.js
paramTagTypeResolution.ts	C	conformance/jsdoc/paramTagTypeResolution.ts	/.src	/.src/main.js
paramTagTypeResolution2.ts	C	conformance/jsdoc/paramTagTypeResolution2.ts	/.src	/.src/38572.js
paramTagWrapping.ts	E	conformance/jsdoc/paramTagWrapping.ts	/.src	/.src/good.js /.src/bad.js
returnTagTypeGuard.ts	C	conformance/jsdoc/returnTagTypeGuard.ts	/.src	/.src/bug25127.js
seeTag3.ts	C	conformance/jsdoc/seeTag3.ts	/.src	/.src/seeTag3.js
seeTag4.ts	C	conformance/jsdoc/seeTag4.ts	/.src	/.src/seeTag4.js
syntaxErrors.ts	C	conformance/jsdoc/syntaxErrors.ts	/.src	/.src/dummyType.d.ts /.src/badTypeArguments.js
templateInsideCallback.ts	E	conformance/jsdoc/templateInsideCallback.ts	/.src	/.src/templateInsideCallback.js
thisPrototypeMethodCompoundAssignmentJs.ts	C	conformance/jsdoc/thisPrototypeMethodCompoundAssignmentJs.ts	/.src	/.src/index.js
thisTag1.ts	C	conformance/jsdoc/thisTag1.ts	/.src	/.src/a.js
thisTag2.ts	C	conformance/jsdoc/thisTag2.ts	/.src	/.src/a.js
thisTag3.ts	E	conformance/jsdoc/thisTag3.ts	/.src	/a.js
typeTagCircularReferenceOnConstructorFunction.ts	E	conformance/jsdoc/typeTagCircularReferenceOnConstructorFunction.ts	/.src	/.src/bug27346.js
typeTagModuleExports.ts	E	conformance/jsdoc/typeTagModuleExports.ts	/.src	/.src/bug27327.js
typeTagNoErasure.ts	E	conformance/jsdoc/typeTagNoErasure.ts	/.src	/.src/typeTagNoErasure.js
typeTagOnPropertyAssignment.ts	C	conformance/jsdoc/typeTagOnPropertyAssignment.ts	/.src	/.src/typeTagOnPropertyAssignment.js
typeTagPrototypeAssignment.ts	E	conformance/jsdoc/typeTagPrototypeAssignment.ts	/.src	/.src/bug27327.js
typeTagWithGenericSignature.ts	C	conformance/jsdoc/typeTagWithGenericSignature.ts	/.src	/.src/bug25618.js
typedefCrossModule.ts	E	conformance/jsdoc/typedefCrossModule.ts	/.src	/.src/commonjs.d.ts /.src/mod1.js /.src/mod2.js /.src/mod3.js /.src/use.js
typedefCrossModule2.ts	E	conformance/jsdoc/typedefCrossModule2.ts	/.src	/.src/use.js
typedefCrossModule3.ts	C	conformance/jsdoc/typedefCrossModule3.ts	/.src	/.src/mod2.js
typedefCrossModule4.ts	C	conformance/jsdoc/typedefCrossModule4.ts	/.src	/.src/mod3.js
typedefCrossModule5.ts	E	conformance/jsdoc/typedefCrossModule5.ts	/.src	/.src/mod1.js /.src/mod2.js
typedefDuplicateTypeDeclaration.ts	E	conformance/jsdoc/typedefDuplicateTypeDeclaration.ts	/.src	/.src/typedefDuplicateTypeDeclaration.js
typedefInnerNamepaths.ts	E	conformance/jsdoc/typedefInnerNamepaths.ts	/.src	/.src/bug25104.js
typedefMultipleTypeParameters.ts	E	conformance/jsdoc/typedefMultipleTypeParameters.ts	/.src	/.src/a.js /.src/test.ts
typedefOnSemicolonClassElement.ts	C	conformance/jsdoc/typedefOnSemicolonClassElement.ts	/.src	/.src/typedefOnSemicolonClassElement.js
typedefOnStatements.ts	E	conformance/jsdoc/typedefOnStatements.ts	/.src	/.src/typedefOnStatements.js
typedefScope1.ts	E	conformance/jsdoc/typedefScope1.ts	/.src	/.src/typedefScope1.js
typedefTagExtraneousProperty.ts	C	conformance/jsdoc/typedefTagExtraneousProperty.ts	/.src	/.src/typedefTagExtraneousProperty.js
typedefTagNested.ts	C	conformance/jsdoc/typedefTagNested.ts	/.src	/.src/a.js
typedefTagTypeResolution.ts	E	conformance/jsdoc/typedefTagTypeResolution.ts	/.src	/.src/github20832.js
typedefTagWrapping.ts	E	conformance/jsdoc/typedefTagWrapping.ts	/.src	/.src/mod1.js /.src/mod2.js /.src/mod3.js /.src/mod4.js /.src/mod5.js /.src/mod6.js /.src/mod7.js
jsxCheckJsxNoTypeArgumentsAllowed.tsx	E	conformance/jsx/jsxCheckJsxNoTypeArgumentsAllowed.tsx	/.src	/.src/file.jsx
bundlerConditionsExcludesNode(module=esnext).ts	E	conformance/moduleResolution/bundler/bundlerConditionsExcludesNode.ts	/.src	/node_modules/conditions/index.node.js /node_modules/conditions/index.node.d.ts /node_modules/conditions/index.web.js /node_modules/conditions/index.web.d.ts /main.ts
bundlerConditionsExcludesNode(module=preserve).ts	E	conformance/moduleResolution/bundler/bundlerConditionsExcludesNode.ts	/.src	/node_modules/conditions/index.node.js /node_modules/conditions/index.node.d.ts /node_modules/conditions/index.web.js /node_modules/conditions/index.web.d.ts /main.ts
bundlerImportTsExtensions(allowimportingtsextensions=false,noemit=false).ts	E	conformance/moduleResolution/bundler/bundlerImportTsExtensions.ts	/.src	/project/a.ts /project/b.ts /project/b.js /project/b.d.ts /project/c.ts /project/c.tsx /project/d/index.ts /project/e /project/e.ts /project/e.txt /project/e.txt.ts /project/main.ts /project/types.d.ts
bundlerImportTsExtensions(allowimportingtsextensions=false,noemit=true).ts	E	conformance/moduleResolution/bundler/bundlerImportTsExtensions.ts	/.src	/project/a.ts /project/b.ts /project/b.js /project/b.d.ts /project/c.ts /project/c.tsx /project/d/index.ts /project/e /project/e.ts /project/e.txt /project/e.txt.ts /project/main.ts /project/types.d.ts
bundlerImportTsExtensions(allowimportingtsextensions=true,noemit=false).ts	E	conformance/moduleResolution/bundler/bundlerImportTsExtensions.ts	/.src	/project/a.ts /project/b.ts /project/b.js /project/b.d.ts /project/c.ts /project/c.tsx /project/d/index.ts /project/e /project/e.ts /project/e.txt /project/e.txt.ts /project/main.ts /project/types.d.ts
bundlerImportTsExtensions(allowimportingtsextensions=true,noemit=true).ts	E	conformance/moduleResolution/bundler/bundlerImportTsExtensions.ts	/.src	/project/a.ts /project/b.ts /project/b.js /project/b.d.ts /project/c.ts /project/c.tsx /project/d/index.ts /project/e /project/e.ts /project/e.txt /project/e.txt.ts /project/main.ts /project/types.d.ts
bundlerNodeModules1(module=esnext).ts	E	conformance/moduleResolution/bundler/bundlerNodeModules1.ts	/.src	/node_modules/dual/index.js /node_modules/dual/index.d.ts /node_modules/dual/index.cjs /node_modules/dual/index.d.cts /main.ts /main.mts /main.cts
bundlerNodeModules1(module=preserve).ts	E	conformance/moduleResolution/bundler/bundlerNodeModules1.ts	/.src	/node_modules/dual/index.js /node_modules/dual/index.d.ts /node_modules/dual/index.cjs /node_modules/dual/index.d.cts /main.ts /main.mts /main.cts
bundlerSyntaxRestrictions(module=esnext).ts	E	conformance/moduleResolution/bundler/bundlerSyntaxRestrictions.ts	/.src	/node_modules/@types/node/index.d.ts /ambient.d.ts /mainJs.js /main.ts /a.ts
bundlerSyntaxRestrictions(module=preserve).ts	C	conformance/moduleResolution/bundler/bundlerSyntaxRestrictions.ts	/.src	/node_modules/@types/node/index.d.ts /ambient.d.ts /mainJs.js /main.ts /a.ts
conditionalExportsResolutionFallback(moduleresolution=bundler).ts	C	conformance/moduleResolution/conditionalExportsResolutionFallback.ts	/.src	/node_modules/dep/dist/index.d.ts /node_modules/dep/dist/index.mjs /index.mts
conditionalExportsResolutionFallback(moduleresolution=node16).ts	E	conformance/moduleResolution/conditionalExportsResolutionFallback.ts	/.src	/node_modules/dep/dist/index.d.ts /node_modules/dep/dist/index.mjs /index.mts
conditionalExportsResolutionFallback(moduleresolution=nodenext).ts	E	conformance/moduleResolution/conditionalExportsResolutionFallback.ts	/.src	/node_modules/dep/dist/index.d.ts /node_modules/dep/dist/index.mjs /index.mts
extensionLoadingPriority(moduleresolution=bundler).ts	C	conformance/moduleResolution/extensionLoadingPriority.ts	/.src	/project/a.js /project/a.js.js /project/dir/index.ts /project/dir.js /project/b.ts
extensionLoadingPriority(moduleresolution=node16).ts	E	conformance/moduleResolution/extensionLoadingPriority.ts	/.src	/project/a.js /project/a.js.js /project/dir/index.ts /project/dir.js /project/b.ts
extensionLoadingPriority(moduleresolution=nodenext).ts	E	conformance/moduleResolution/extensionLoadingPriority.ts	/.src	/project/a.js /project/a.js.js /project/dir/index.ts /project/dir.js /project/b.ts
nodeModulesAtTypesPriority.ts	E	conformance/moduleResolution/nodeModulesAtTypesPriority.ts	/.src	/node_modules/@types/react/index.d.ts /node_modules/@types/redux/index.d.ts /packages/a/node_modules/react/index.js /packages/a/node_modules/redux/index.d.ts /packages/a/node_modules/redux/index.js /packages/a/index.ts
resolvesWithoutExportsDiagnostic1(moduleresolution=bundler).ts	E	conformance/moduleResolution/resolvesWithoutExportsDiagnostic1.ts	/.src	/node_modules/foo/index.js /node_modules/foo/index.mjs /node_modules/foo/index.d.ts /node_modules/@types/bar/index.d.ts /node_modules/bar/index.js /node_modules/bar/index.mjs /index.mts
resolvesWithoutExportsDiagnostic1(moduleresolution=node16).ts	E	conformance/moduleResolution/resolvesWithoutExportsDiagnostic1.ts	/.src	/node_modules/foo/index.js /node_modules/foo/index.mjs /node_modules/foo/index.d.ts /node_modules/@types/bar/index.d.ts /node_modules/bar/index.js /node_modules/bar/index.mjs /index.mts
selfNameModuleAugmentation.ts	C	conformance/moduleResolution/selfNameModuleAugmentation.ts	/.src	/node_modules/acorn-walk/dist/walk.d.ts /node_modules/acorn-walk/dist/walk.mjs /index.ts
nodeAllowJsPackageSelfName(module=node16).ts	E	conformance/node/allowJs/nodeAllowJsPackageSelfName.ts	/.src	/.src/index.js /.src/index.mjs /.src/index.cjs
nodeAllowJsPackageSelfName(module=node18).ts	E	conformance/node/allowJs/nodeAllowJsPackageSelfName.ts	/.src	/.src/index.js /.src/index.mjs /.src/index.cjs
nodeAllowJsPackageSelfName(module=node20).ts	E	conformance/node/allowJs/nodeAllowJsPackageSelfName.ts	/.src	/.src/index.js /.src/index.mjs /.src/index.cjs
nodeAllowJsPackageSelfName(module=nodenext).ts	E	conformance/node/allowJs/nodeAllowJsPackageSelfName.ts	/.src	/.src/index.js /.src/index.mjs /.src/index.cjs
nodeAllowJsPackageSelfName2.ts	C	conformance/node/allowJs/nodeAllowJsPackageSelfName2.ts	/.src	/src/foo.js /test/foo.js
nodeModulesAllowJs1(module=node16).ts	E	conformance/node/allowJs/nodeModulesAllowJs1.ts	/.src	/.src/subfolder/index.js /.src/subfolder/index.cjs /.src/subfolder/index.mjs /.src/subfolder2/index.js /.src/subfolder2/index.cjs /.src/subfolder2/index.mjs /.src/subfolder2/another/index.js /.src/subfolder2/another/index.cjs /.src/subfolder2/another/index.mjs /.src/index.js /.src/index.cjs /.src/index.mjs
nodeModulesAllowJs1(module=node18).ts	E	conformance/node/allowJs/nodeModulesAllowJs1.ts	/.src	/.src/subfolder/index.js /.src/subfolder/index.cjs /.src/subfolder/index.mjs /.src/subfolder2/index.js /.src/subfolder2/index.cjs /.src/subfolder2/index.mjs /.src/subfolder2/another/index.js /.src/subfolder2/another/index.cjs /.src/subfolder2/another/index.mjs /.src/index.js /.src/index.cjs /.src/index.mjs
nodeModulesAllowJs1(module=node20).ts	E	conformance/node/allowJs/nodeModulesAllowJs1.ts	/.src	/.src/subfolder/index.js /.src/subfolder/index.cjs /.src/subfolder/index.mjs /.src/subfolder2/index.js /.src/subfolder2/index.cjs /.src/subfolder2/index.mjs /.src/subfolder2/another/index.js /.src/subfolder2/another/index.cjs /.src/subfolder2/another/index.mjs /.src/index.js /.src/index.cjs /.src/index.mjs
nodeModulesAllowJs1(module=nodenext).ts	E	conformance/node/allowJs/nodeModulesAllowJs1.ts	/.src	/.src/subfolder/index.js /.src/subfolder/index.cjs /.src/subfolder/index.mjs /.src/subfolder2/index.js /.src/subfolder2/index.cjs /.src/subfolder2/index.mjs /.src/subfolder2/another/index.js /.src/subfolder2/another/index.cjs /.src/subfolder2/another/index.mjs /.src/index.js /.src/index.cjs /.src/index.mjs
nodeModulesAllowJsCjsFromJs(module=node16).ts	C	conformance/node/allowJs/nodeModulesAllowJsCjsFromJs.ts	/.src	/.src/foo.cjs /.src/bar.ts
nodeModulesAllowJsCjsFromJs(module=node18).ts	C	conformance/node/allowJs/nodeModulesAllowJsCjsFromJs.ts	/.src	/.src/foo.cjs /.src/bar.ts
nodeModulesAllowJsCjsFromJs(module=node20).ts	C	conformance/node/allowJs/nodeModulesAllowJsCjsFromJs.ts	/.src	/.src/foo.cjs /.src/bar.ts
nodeModulesAllowJsCjsFromJs(module=nodenext).ts	C	conformance/node/allowJs/nodeModulesAllowJsCjsFromJs.ts	/.src	/.src/foo.cjs /.src/bar.ts
nodeModulesAllowJsConditionalPackageExports(module=node16).ts	E	conformance/node/allowJs/nodeModulesAllowJsConditionalPackageExports.ts	/.src	/.src/index.js /.src/index.mjs /.src/index.cjs /.src/node_modules/inner/index.d.ts /.src/node_modules/inner/test.d.ts /.src/node_modules/inner/index.d.mts /.src/node_modules/inner/test.d.mts /.src/node_modules/inner/index.d.cts /.src/node_modules/inner/test.d.cts
nodeModulesAllowJsConditionalPackageExports(module=node18).ts	E	conformance/node/allowJs/nodeModulesAllowJsConditionalPackageExports.ts	/.src	/.src/index.js /.src/index.mjs /.src/index.cjs /.src/node_modules/inner/index.d.ts /.src/node_modules/inner/test.d.ts /.src/node_modules/inner/index.d.mts /.src/node_modules/inner/test.d.mts /.src/node_modules/inner/index.d.cts /.src/node_modules/inner/test.d.cts
nodeModulesAllowJsConditionalPackageExports(module=node20).ts	C	conformance/node/allowJs/nodeModulesAllowJsConditionalPackageExports.ts	/.src	/.src/index.js /.src/index.mjs /.src/index.cjs /.src/node_modules/inner/index.d.ts /.src/node_modules/inner/test.d.ts /.src/node_modules/inner/index.d.mts /.src/node_modules/inner/test.d.mts /.src/node_modules/inner/index.d.cts /.src/node_modules/inner/test.d.cts
nodeModulesAllowJsConditionalPackageExports(module=nodenext).ts	C	conformance/node/allowJs/nodeModulesAllowJsConditionalPackageExports.ts	/.src	/.src/index.js /.src/index.mjs /.src/index.cjs /.src/node_modules/inner/index.d.ts /.src/node_modules/inner/test.d.ts /.src/node_modules/inner/index.d.mts /.src/node_modules/inner/test.d.mts /.src/node_modules/inner/index.d.cts /.src/node_modules/inner/test.d.cts
nodeModulesAllowJsDynamicImport(module=node16).ts	C	conformance/node/allowJs/nodeModulesAllowJsDynamicImport.ts	/.src	/.src/subfolder/index.js /.src/index.js /.src/types.d.ts
nodeModulesAllowJsDynamicImport(module=node18).ts	C	conformance/node/allowJs/nodeModulesAllowJsDynamicImport.ts	/.src	/.src/subfolder/index.js /.src/index.js /.src/types.d.ts
nodeModulesAllowJsDynamicImport(module=node20).ts	C	conformance/node/allowJs/nodeModulesAllowJsDynamicImport.ts	/.src	/.src/subfolder/index.js /.src/index.js /.src/types.d.ts
nodeModulesAllowJsDynamicImport(module=nodenext).ts	C	conformance/node/allowJs/nodeModulesAllowJsDynamicImport.ts	/.src	/.src/subfolder/index.js /.src/index.js /.src/types.d.ts
nodeModulesAllowJsExportAssignment(module=node16).ts	E	conformance/node/allowJs/nodeModulesAllowJsExportAssignment.ts	/.src	/.src/subfolder/index.js /.src/subfolder/file.js /.src/index.js /.src/file.js
nodeModulesAllowJsExportAssignment(module=node18).ts	E	conformance/node/allowJs/nodeModulesAllowJsExportAssignment.ts	/.src	/.src/subfolder/index.js /.src/subfolder/file.js /.src/index.js /.src/file.js
nodeModulesAllowJsExportAssignment(module=node20).ts	E	conformance/node/allowJs/nodeModulesAllowJsExportAssignment.ts	/.src	/.src/subfolder/index.js /.src/subfolder/file.js /.src/index.js /.src/file.js
nodeModulesAllowJsExportAssignment(module=nodenext).ts	E	conformance/node/allowJs/nodeModulesAllowJsExportAssignment.ts	/.src	/.src/subfolder/index.js /.src/subfolder/file.js /.src/index.js /.src/file.js
nodeModulesAllowJsExportlessJsModuleDetectionAuto(module=node16).ts	C	conformance/node/allowJs/nodeModulesAllowJsExportlessJsModuleDetectionAuto.ts	/.src	/.src/foo.cjs /.src/bar.js
nodeModulesAllowJsExportlessJsModuleDetectionAuto(module=node18).ts	C	conformance/node/allowJs/nodeModulesAllowJsExportlessJsModuleDetectionAuto.ts	/.src	/.src/foo.cjs /.src/bar.js
nodeModulesAllowJsExportlessJsModuleDetectionAuto(module=node20).ts	C	conformance/node/allowJs/nodeModulesAllowJsExportlessJsModuleDetectionAuto.ts	/.src	/.src/foo.cjs /.src/bar.js
nodeModulesAllowJsExportlessJsModuleDetectionAuto(module=nodenext).ts	C	conformance/node/allowJs/nodeModulesAllowJsExportlessJsModuleDetectionAuto.ts	/.src	/.src/foo.cjs /.src/bar.js
nodeModulesAllowJsGeneratedNameCollisions(module=node16).ts	E	conformance/node/allowJs/nodeModulesAllowJsGeneratedNameCollisions.ts	/.src	/.src/subfolder/index.js /.src/index.js
nodeModulesAllowJsGeneratedNameCollisions(module=node18).ts	E	conformance/node/allowJs/nodeModulesAllowJsGeneratedNameCollisions.ts	/.src	/.src/subfolder/index.js /.src/index.js
nodeModulesAllowJsGeneratedNameCollisions(module=node20).ts	E	conformance/node/allowJs/nodeModulesAllowJsGeneratedNameCollisions.ts	/.src	/.src/subfolder/index.js /.src/index.js
nodeModulesAllowJsGeneratedNameCollisions(module=nodenext).ts	E	conformance/node/allowJs/nodeModulesAllowJsGeneratedNameCollisions.ts	/.src	/.src/subfolder/index.js /.src/index.js
nodeModulesAllowJsImportAssignment(module=node16).ts	E	conformance/node/allowJs/nodeModulesAllowJsImportAssignment.ts	/.src	/.src/subfolder/index.js /.src/index.js /.src/file.js /.src/types.d.ts
nodeModulesAllowJsImportAssignment(module=node18).ts	E	conformance/node/allowJs/nodeModulesAllowJsImportAssignment.ts	/.src	/.src/subfolder/index.js /.src/index.js /.src/file.js /.src/types.d.ts
nodeModulesAllowJsImportAssignment(module=node20).ts	E	conformance/node/allowJs/nodeModulesAllowJsImportAssignment.ts	/.src	/.src/subfolder/index.js /.src/index.js /.src/file.js /.src/types.d.ts
nodeModulesAllowJsImportAssignment(module=nodenext).ts	E	conformance/node/allowJs/nodeModulesAllowJsImportAssignment.ts	/.src	/.src/subfolder/index.js /.src/index.js /.src/file.js /.src/types.d.ts
nodeModulesAllowJsImportHelpersCollisions1(module=node16).ts	E	conformance/node/allowJs/nodeModulesAllowJsImportHelpersCollisions1.ts	/.src	/.src/subfolder/index.js /.src/index.js /.src/types.d.ts
nodeModulesAllowJsImportHelpersCollisions1(module=node18).ts	E	conformance/node/allowJs/nodeModulesAllowJsImportHelpersCollisions1.ts	/.src	/.src/subfolder/index.js /.src/index.js /.src/types.d.ts
nodeModulesAllowJsImportHelpersCollisions1(module=node20).ts	E	conformance/node/allowJs/nodeModulesAllowJsImportHelpersCollisions1.ts	/.src	/.src/subfolder/index.js /.src/index.js /.src/types.d.ts
nodeModulesAllowJsImportHelpersCollisions1(module=nodenext).ts	E	conformance/node/allowJs/nodeModulesAllowJsImportHelpersCollisions1.ts	/.src	/.src/subfolder/index.js /.src/index.js /.src/types.d.ts
nodeModulesAllowJsImportHelpersCollisions2(module=node16).ts	E	conformance/node/allowJs/nodeModulesAllowJsImportHelpersCollisions2.ts	/.src	/.src/subfolder/index.ts /.src/index.js /.src/types.d.ts
nodeModulesAllowJsImportHelpersCollisions2(module=node18).ts	E	conformance/node/allowJs/nodeModulesAllowJsImportHelpersCollisions2.ts	/.src	/.src/subfolder/index.ts /.src/index.js /.src/types.d.ts
nodeModulesAllowJsImportHelpersCollisions2(module=node20).ts	E	conformance/node/allowJs/nodeModulesAllowJsImportHelpersCollisions2.ts	/.src	/.src/subfolder/index.ts /.src/index.js /.src/types.d.ts
nodeModulesAllowJsImportHelpersCollisions2(module=nodenext).ts	E	conformance/node/allowJs/nodeModulesAllowJsImportHelpersCollisions2.ts	/.src	/.src/subfolder/index.ts /.src/index.js /.src/types.d.ts
nodeModulesAllowJsImportHelpersCollisions3(module=node16,target=es2015).ts	E	conformance/node/allowJs/nodeModulesAllowJsImportHelpersCollisions3.ts	/.src	/.src/subfolder/index.js /.src/index.js /.src/types.d.ts
nodeModulesAllowJsImportHelpersCollisions3(module=node18,target=es2015).ts	E	conformance/node/allowJs/nodeModulesAllowJsImportHelpersCollisions3.ts	/.src	/.src/subfolder/index.js /.src/index.js /.src/types.d.ts
nodeModulesAllowJsImportHelpersCollisions3(module=node20,target=es2015).ts	E	conformance/node/allowJs/nodeModulesAllowJsImportHelpersCollisions3.ts	/.src	/.src/subfolder/index.js /.src/index.js /.src/types.d.ts
nodeModulesAllowJsImportHelpersCollisions3(module=nodenext,target=es2015).ts	E	conformance/node/allowJs/nodeModulesAllowJsImportHelpersCollisions3.ts	/.src	/.src/subfolder/index.js /.src/index.js /.src/types.d.ts
nodeModulesAllowJsImportMeta(module=node16).ts	E	conformance/node/allowJs/nodeModulesAllowJsImportMeta.ts	/.src	/.src/subfolder/index.js /.src/index.js
nodeModulesAllowJsImportMeta(module=node18).ts	E	conformance/node/allowJs/nodeModulesAllowJsImportMeta.ts	/.src	/.src/subfolder/index.js /.src/index.js
nodeModulesAllowJsImportMeta(module=node20).ts	E	conformance/node/allowJs/nodeModulesAllowJsImportMeta.ts	/.src	/.src/subfolder/index.js /.src/index.js
nodeModulesAllowJsImportMeta(module=nodenext).ts	E	conformance/node/allowJs/nodeModulesAllowJsImportMeta.ts	/.src	/.src/subfolder/index.js /.src/index.js
nodeModulesAllowJsPackageExports(module=node16).ts	E	conformance/node/allowJs/nodeModulesAllowJsPackageExports.ts	/.src	/.src/index.js /.src/index.mjs /.src/index.cjs /.src/node_modules/inner/index.d.ts /.src/node_modules/inner/test.d.ts /.src/node_modules/inner/index.d.mts /.src/node_modules/inner/test.d.mts /.src/node_modules/inner/index.d.cts /.src/node_modules/inner/test.d.cts
nodeModulesAllowJsPackageExports(module=node18).ts	E	conformance/node/allowJs/nodeModulesAllowJsPackageExports.ts	/.src	/.src/index.js /.src/index.mjs /.src/index.cjs /.src/node_modules/inner/index.d.ts /.src/node_modules/inner/test.d.ts /.src/node_modules/inner/index.d.mts /.src/node_modules/inner/test.d.mts /.src/node_modules/inner/index.d.cts /.src/node_modules/inner/test.d.cts
nodeModulesAllowJsPackageExports(module=node20).ts	C	conformance/node/allowJs/nodeModulesAllowJsPackageExports.ts	/.src	/.src/index.js /.src/index.mjs /.src/index.cjs /.src/node_modules/inner/index.d.ts /.src/node_modules/inner/test.d.ts /.src/node_modules/inner/index.d.mts /.src/node_modules/inner/test.d.mts /.src/node_modules/inner/index.d.cts /.src/node_modules/inner/test.d.cts
nodeModulesAllowJsPackageExports(module=nodenext).ts	C	conformance/node/allowJs/nodeModulesAllowJsPackageExports.ts	/.src	/.src/index.js /.src/index.mjs /.src/index.cjs /.src/node_modules/inner/index.d.ts /.src/node_modules/inner/test.d.ts /.src/node_modules/inner/index.d.mts /.src/node_modules/inner/test.d.mts /.src/node_modules/inner/index.d.cts /.src/node_modules/inner/test.d.cts
nodeModulesAllowJsPackageImports(module=node16).ts	E	conformance/node/allowJs/nodeModulesAllowJsPackageImports.ts	/.src	/.src/index.js /.src/index.mjs /.src/index.cjs
nodeModulesAllowJsPackageImports(module=node18).ts	E	conformance/node/allowJs/nodeModulesAllowJsPackageImports.ts	/.src	/.src/index.js /.src/index.mjs /.src/index.cjs
nodeModulesAllowJsPackageImports(module=node20).ts	E	conformance/node/allowJs/nodeModulesAllowJsPackageImports.ts	/.src	/.src/index.js /.src/index.mjs /.src/index.cjs
nodeModulesAllowJsPackageImports(module=nodenext).ts	E	conformance/node/allowJs/nodeModulesAllowJsPackageImports.ts	/.src	/.src/index.js /.src/index.mjs /.src/index.cjs
nodeModulesAllowJsPackagePatternExports(module=node16).ts	E	conformance/node/allowJs/nodeModulesAllowJsPackagePatternExports.ts	/.src	/.src/index.js /.src/index.mjs /.src/index.cjs /.src/node_modules/inner/index.d.ts /.src/node_modules/inner/test.d.ts /.src/node_modules/inner/index.d.mts /.src/node_modules/inner/test.d.mts /.src/node_modules/inner/index.d.cts /.src/node_modules/inner/test.d.cts
nodeModulesAllowJsPackagePatternExports(module=node18).ts	E	conformance/node/allowJs/nodeModulesAllowJsPackagePatternExports.ts	/.src	/.src/index.js /.src/index.mjs /.src/index.cjs /.src/node_modules/inner/index.d.ts /.src/node_modules/inner/test.d.ts /.src/node_modules/inner/index.d.mts /.src/node_modules/inner/test.d.mts /.src/node_modules/inner/index.d.cts /.src/node_modules/inner/test.d.cts
nodeModulesAllowJsPackagePatternExports(module=node20).ts	C	conformance/node/allowJs/nodeModulesAllowJsPackagePatternExports.ts	/.src	/.src/index.js /.src/index.mjs /.src/index.cjs /.src/node_modules/inner/index.d.ts /.src/node_modules/inner/test.d.ts /.src/node_modules/inner/index.d.mts /.src/node_modules/inner/test.d.mts /.src/node_modules/inner/index.d.cts /.src/node_modules/inner/test.d.cts
nodeModulesAllowJsPackagePatternExports(module=nodenext).ts	C	conformance/node/allowJs/nodeModulesAllowJsPackagePatternExports.ts	/.src	/.src/index.js /.src/index.mjs /.src/index.cjs /.src/node_modules/inner/index.d.ts /.src/node_modules/inner/test.d.ts /.src/node_modules/inner/index.d.mts /.src/node_modules/inner/test.d.mts /.src/node_modules/inner/index.d.cts /.src/node_modules/inner/test.d.cts
nodeModulesAllowJsPackagePatternExportsExclude(module=node16).ts	E	conformance/node/allowJs/nodeModulesAllowJsPackagePatternExportsExclude.ts	/.src	/.src/index.js /.src/index.mjs /.src/index.cjs /.src/node_modules/inner/exclude/index.d.ts /.src/node_modules/inner/exclude/index.d.mts /.src/node_modules/inner/exclude/index.d.cts
nodeModulesAllowJsPackagePatternExportsExclude(module=node18).ts	E	conformance/node/allowJs/nodeModulesAllowJsPackagePatternExportsExclude.ts	/.src	/.src/index.js /.src/index.mjs /.src/index.cjs /.src/node_modules/inner/exclude/index.d.ts /.src/node_modules/inner/exclude/index.d.mts /.src/node_modules/inner/exclude/index.d.cts
nodeModulesAllowJsPackagePatternExportsExclude(module=node20).ts	E	conformance/node/allowJs/nodeModulesAllowJsPackagePatternExportsExclude.ts	/.src	/.src/index.js /.src/index.mjs /.src/index.cjs /.src/node_modules/inner/exclude/index.d.ts /.src/node_modules/inner/exclude/index.d.mts /.src/node_modules/inner/exclude/index.d.cts
nodeModulesAllowJsPackagePatternExportsExclude(module=nodenext).ts	E	conformance/node/allowJs/nodeModulesAllowJsPackagePatternExportsExclude.ts	/.src	/.src/index.js /.src/index.mjs /.src/index.cjs /.src/node_modules/inner/exclude/index.d.ts /.src/node_modules/inner/exclude/index.d.mts /.src/node_modules/inner/exclude/index.d.cts
nodeModulesAllowJsPackagePatternExportsTrailers(module=node16).ts	E	conformance/node/allowJs/nodeModulesAllowJsPackagePatternExportsTrailers.ts	/.src	/.src/index.js /.src/index.mjs /.src/index.cjs /.src/node_modules/inner/index.d.ts /.src/node_modules/inner/test.d.ts /.src/node_modules/inner/index.d.mts /.src/node_modules/inner/test.d.mts /.src/node_modules/inner/index.d.cts /.src/node_modules/inner/test.d.cts
nodeModulesAllowJsPackagePatternExportsTrailers(module=node18).ts	E	conformance/node/allowJs/nodeModulesAllowJsPackagePatternExportsTrailers.ts	/.src	/.src/index.js /.src/index.mjs /.src/index.cjs /.src/node_modules/inner/index.d.ts /.src/node_modules/inner/test.d.ts /.src/node_modules/inner/index.d.mts /.src/node_modules/inner/test.d.mts /.src/node_modules/inner/index.d.cts /.src/node_modules/inner/test.d.cts
nodeModulesAllowJsPackagePatternExportsTrailers(module=node20).ts	C	conformance/node/allowJs/nodeModulesAllowJsPackagePatternExportsTrailers.ts	/.src	/.src/index.js /.src/index.mjs /.src/index.cjs /.src/node_modules/inner/index.d.ts /.src/node_modules/inner/test.d.ts /.src/node_modules/inner/index.d.mts /.src/node_modules/inner/test.d.mts /.src/node_modules/inner/index.d.cts /.src/node_modules/inner/test.d.cts
nodeModulesAllowJsPackagePatternExportsTrailers(module=nodenext).ts	C	conformance/node/allowJs/nodeModulesAllowJsPackagePatternExportsTrailers.ts	/.src	/.src/index.js /.src/index.mjs /.src/index.cjs /.src/node_modules/inner/index.d.ts /.src/node_modules/inner/test.d.ts /.src/node_modules/inner/index.d.mts /.src/node_modules/inner/test.d.mts /.src/node_modules/inner/index.d.cts /.src/node_modules/inner/test.d.cts
nodeModulesAllowJsSynchronousCallErrors(module=node16).ts	E	conformance/node/allowJs/nodeModulesAllowJsSynchronousCallErrors.ts	/.src	/.src/subfolder/index.js /.src/index.js
nodeModulesAllowJsSynchronousCallErrors(module=node18).ts	E	conformance/node/allowJs/nodeModulesAllowJsSynchronousCallErrors.ts	/.src	/.src/subfolder/index.js /.src/index.js
nodeModulesAllowJsSynchronousCallErrors(module=node20).ts	E	conformance/node/allowJs/nodeModulesAllowJsSynchronousCallErrors.ts	/.src	/.src/subfolder/index.js /.src/index.js
nodeModulesAllowJsSynchronousCallErrors(module=nodenext).ts	E	conformance/node/allowJs/nodeModulesAllowJsSynchronousCallErrors.ts	/.src	/.src/subfolder/index.js /.src/index.js
nodeModulesAllowJsTopLevelAwait(module=node16).ts	E	conformance/node/allowJs/nodeModulesAllowJsTopLevelAwait.ts	/.src	/.src/subfolder/index.js /.src/index.js
nodeModulesAllowJsTopLevelAwait(module=node18).ts	E	conformance/node/allowJs/nodeModulesAllowJsTopLevelAwait.ts	/.src	/.src/subfolder/index.js /.src/index.js
nodeModulesAllowJsTopLevelAwait(module=node20).ts	E	conformance/node/allowJs/nodeModulesAllowJsTopLevelAwait.ts	/.src	/.src/subfolder/index.js /.src/index.js
nodeModulesAllowJsTopLevelAwait(module=nodenext).ts	E	conformance/node/allowJs/nodeModulesAllowJsTopLevelAwait.ts	/.src	/.src/subfolder/index.js /.src/index.js
esmModuleExports1.ts	E	conformance/node/esmModuleExports1.ts	/.src	/importer-cjs.cjs /importer-cts.cts /exporter.mts
esmModuleExports2(esmoduleinterop=true).ts	E	conformance/node/esmModuleExports2.ts	/.src	/importer-cjs.cjs /importer-cts.cts /exporter.mts
esmModuleExports3.ts	E	conformance/node/esmModuleExports3.ts	/.src	/importer-cjs.cjs /importer-cts.cts /exporter.mts
nodeModulesCJSEmit1(module=node18).ts	E	conformance/node/nodeModulesCJSEmit1.ts	/.src	/1.cjs /2.cjs /3.cjs /4.cjs /5.cjs
nodeModulesCJSEmit1(module=node20).ts	E	conformance/node/nodeModulesCJSEmit1.ts	/.src	/1.cjs /2.cjs /3.cjs /4.cjs /5.cjs
nodeModulesCJSEmit1(module=nodenext).ts	E	conformance/node/nodeModulesCJSEmit1.ts	/.src	/1.cjs /2.cjs /3.cjs /4.cjs /5.cjs
nodeModulesCJSResolvingToESM1_emptyPackageJson.ts	E	conformance/node/nodeModulesCJSResolvingToESM1_emptyPackageJson.ts	/.src	/module.mts /tsExtension.ts /jsExtension.js /ctsExtension.cts /tsxExtension.tsx
nodeModulesCJSResolvingToESM2_cjsPackageJson.ts	E	conformance/node/nodeModulesCJSResolvingToESM2_cjsPackageJson.ts	/.src	/module.mts /tsExtension.ts /jsExtension.js /ctsExtension.cts /tsxExtension.tsx
nodeModulesCJSResolvingToESM3_modulePackageJson.ts	E	conformance/node/nodeModulesCJSResolvingToESM3_modulePackageJson.ts	/.src	/module.mts /tsExtension.ts /jsExtension.js /ctsExtension.cts /tsxExtension.tsx
nodeModulesCJSResolvingToESM4_noPackageJson.ts	E	conformance/node/nodeModulesCJSResolvingToESM4_noPackageJson.ts	/.src	/module.mts /tsExtension.ts /jsExtension.js /ctsExtension.cts /tsxExtension.tsx
nodeModulesExportsBlocksTypesVersions(module=node16).ts	E	conformance/node/nodeModulesExportsBlocksTypesVersions.ts	/.src	/node_modules/exports-and-types-versions/dist/foo.js /node_modules/exports-and-types-versions/types/foo.d.ts /node_modules/just-types-versions/types/foo.d.ts /main.cts /main.mts
nodeModulesExportsBlocksTypesVersions(module=node18).ts	E	conformance/node/nodeModulesExportsBlocksTypesVersions.ts	/.src	/node_modules/exports-and-types-versions/dist/foo.js /node_modules/exports-and-types-versions/types/foo.d.ts /node_modules/just-types-versions/types/foo.d.ts /main.cts /main.mts
nodeModulesExportsBlocksTypesVersions(module=node20).ts	E	conformance/node/nodeModulesExportsBlocksTypesVersions.ts	/.src	/node_modules/exports-and-types-versions/dist/foo.js /node_modules/exports-and-types-versions/types/foo.d.ts /node_modules/just-types-versions/types/foo.d.ts /main.cts /main.mts
nodeModulesExportsBlocksTypesVersions(module=nodenext).ts	E	conformance/node/nodeModulesExportsBlocksTypesVersions.ts	/.src	/node_modules/exports-and-types-versions/dist/foo.js /node_modules/exports-and-types-versions/types/foo.d.ts /node_modules/just-types-versions/types/foo.d.ts /main.cts /main.mts
override_js1.ts	C	conformance/override/override_js1.ts	/.src	/.src/a.js
override_js2.ts	E	conformance/override/override_js2.ts	/.src	/.src/a.js
override_js3.ts	E	conformance/override/override_js3.ts	/.src	/.src/a.js
override_js4.ts	E	conformance/override/override_js4.ts	/.src	/.src/a.js
parserArrowFunctionExpression10.ts	E	conformance/parser/ecmascript5/ArrowFunctionExpressions/parserArrowFunctionExpression10.ts	/.src	/.src/fileJs.js /.src/fileTs.ts
parserArrowFunctionExpression11.ts	E	conformance/parser/ecmascript5/ArrowFunctionExpressions/parserArrowFunctionExpression11.ts	/.src	/.src/fileJs.js /.src/fileTs.ts
parserArrowFunctionExpression12.ts	E	conformance/parser/ecmascript5/ArrowFunctionExpressions/parserArrowFunctionExpression12.ts	/.src	/.src/fileJs.js /.src/fileTs.ts
parserArrowFunctionExpression13.ts	E	conformance/parser/ecmascript5/ArrowFunctionExpressions/parserArrowFunctionExpression13.ts	/.src	/.src/fileJs.js /.src/fileTs.ts
parserArrowFunctionExpression14.ts	E	conformance/parser/ecmascript5/ArrowFunctionExpressions/parserArrowFunctionExpression14.ts	/.src	/.src/fileJs.js /.src/fileTs.ts
parserArrowFunctionExpression15.ts	E	conformance/parser/ecmascript5/ArrowFunctionExpressions/parserArrowFunctionExpression15.ts	/.src	/.src/fileJs.js /.src/fileTs.ts
parserArrowFunctionExpression16.ts	E	conformance/parser/ecmascript5/ArrowFunctionExpressions/parserArrowFunctionExpression16.ts	/.src	/.src/fileJs.js /.src/fileTs.ts
parserArrowFunctionExpression17.ts	E	conformance/parser/ecmascript5/ArrowFunctionExpressions/parserArrowFunctionExpression17.ts	/.src	/.src/fileJs.js /.src/fileTs.ts
parserArrowFunctionExpression8.ts	E	conformance/parser/ecmascript5/ArrowFunctionExpressions/parserArrowFunctionExpression8.ts	/.src	/.src/fileJs.js /.src/fileTs.ts
parserArrowFunctionExpression9.ts	E	conformance/parser/ecmascript5/ArrowFunctionExpressions/parserArrowFunctionExpression9.ts	/.src	/.src/fileJs.js /.src/fileTs.ts
annotatedThisPropertyInitializerDoesntNarrow.ts	C	conformance/salsa/annotatedThisPropertyInitializerDoesntNarrow.ts	/.src	/.src/Compilation.js
assignmentToVoidZero1.ts	C	conformance/salsa/assignmentToVoidZero1.ts	/.src	/.src/assignmentToVoidZero1.js
assignmentToVoidZero2.ts	E	conformance/salsa/assignmentToVoidZero2.ts	/.src	/.src/assignmentToVoidZero2.js /.src/importer.js
binderUninitializedModuleExportsAssignment.ts	C	conformance/salsa/binderUninitializedModuleExportsAssignment.ts	/.src	/.src/loop.js
chainedPrototypeAssignment.ts	E	conformance/salsa/chainedPrototypeAssignment.ts	/.src	/.src/use.js
checkSpecialPropertyAssignments.ts	E	conformance/salsa/checkSpecialPropertyAssignments.ts	/.src	/.src/bug24252.js
circularMultipleAssignmentDeclaration.ts	E	conformance/salsa/circularMultipleAssignmentDeclaration.ts	/.src	/.src/circularMultipleAssignmentDeclaration.js
classCanExtendConstructorFunction.ts	E	conformance/salsa/classCanExtendConstructorFunction.ts	/.src	/.src/first.js /.src/second.ts /.src/generic.js
commonJSAliasedExport.ts	E	conformance/salsa/commonJSAliasedExport.ts	/.src	/.src/bug43713.js
commonJSImportClassTypeReference.ts	C	conformance/salsa/commonJSImportClassTypeReference.ts	/.src	/.src/main.js /.src/mod1.js
commonJSImportExportedClassExpression.ts	C	conformance/salsa/commonJSImportExportedClassExpression.ts	/.src	/.src/main.js /.src/mod1.js
commonJSImportNestedClassTypeReference.ts	E	conformance/salsa/commonJSImportNestedClassTypeReference.ts	/.src	/.src/main.js /.src/mod1.js
commonJSReexport.ts	C	conformance/salsa/commonJSReexport.ts	/.src	/.src/main.js
conflictingCommonJSES2015Exports.ts	E	conformance/salsa/conflictingCommonJSES2015Exports.ts	/.src	/.src/bug24934.js /.src/use.js
constructorFunctionMergeWithClass.ts	E	conformance/salsa/constructorFunctionMergeWithClass.ts	/.src	/.src/file1.js /.src/file2.js
constructorFunctionMethodTypeParameters.ts	E	conformance/salsa/constructorFunctionMethodTypeParameters.ts	/.src	/.src/constructorFunctionMethodTypeParameters.js
constructorFunctions.ts	E	conformance/salsa/constructorFunctions.ts	/.src	/.src/index.js
constructorFunctions2.ts	C	conformance/salsa/constructorFunctions2.ts	/.src	/.src/node.d.ts /.src/index.js /.src/other.js
constructorFunctions3.ts	E	conformance/salsa/constructorFunctions3.ts	/.src	/.src/a.js
constructorFunctionsStrict.ts	E	conformance/salsa/constructorFunctionsStrict.ts	/.src	/.src/a.js
contextualTypedSpecialAssignment.ts	E	conformance/salsa/contextualTypedSpecialAssignment.ts	/.src	/.src/test.js /.src/mod.js
defaultPropertyAssignedClassWithPrototype.ts	E	conformance/salsa/defaultPropertyAssignedClassWithPrototype.ts	/.src	/.src/bug39167.js
enumMergeWithExpando.ts	E	conformance/salsa/enumMergeWithExpando.ts	/.src	/.src/lovefield-ts.d.ts /.src/enums.js
expandoOnAlias.ts	E	conformance/salsa/expandoOnAlias.ts	/.src	/.src/vue.js /.src/test.js
exportDefaultInJsFile01(target=es2015).ts	E	conformance/salsa/exportDefaultInJsFile01.ts	/.src	/.src/myFile01.js
exportDefaultInJsFile02.ts	E	conformance/salsa/exportDefaultInJsFile02.ts	/.src	/.src/myFile02.js
exportNestedNamespaces.ts	E	conformance/salsa/exportNestedNamespaces.ts	/.src	/.src/mod.js /.src/use.js
exportNestedNamespaces2.ts	E	conformance/salsa/exportNestedNamespaces2.ts	/.src	/.src/mod.js /.src/first.js /.src/second.js /.src/use.js
exportPropertyAssignmentNameResolution.ts	E	conformance/salsa/exportPropertyAssignmentNameResolution.ts	/.src	/.src/bug24492.js
globalMergeWithCommonJSAssignmentDeclaration.ts	E	conformance/salsa/globalMergeWithCommonJSAssignmentDeclaration.ts	/.src	/.src/bug27099.js
importAliasModuleExports.ts	E	conformance/salsa/importAliasModuleExports.ts	/.src	/.src/mod1.js /.src/main.js
importingExportingTypes.ts	E	conformance/salsa/importingExportingTypes.ts	/.src	/node_modules/@types/node/index.d.ts /index.js
inferingFromAny.ts	C	conformance/salsa/inferingFromAny.ts	/.src	/.src/a.ts /.src/a.js
inferringClassMembersFromAssignments2.ts	E	conformance/salsa/inferringClassMembersFromAssignments2.ts	/.src	/.src/a.js
inferringClassMembersFromAssignments3.ts	C	conformance/salsa/inferringClassMembersFromAssignments3.ts	/.src	/.src/a.js
inferringClassMembersFromAssignments4.ts	C	conformance/salsa/inferringClassMembersFromAssignments4.ts	/.src	/.src/a.js
inferringClassMembersFromAssignments5.ts	C	conformance/salsa/inferringClassMembersFromAssignments5.ts	/.src	/.src/a.js
inferringClassMembersFromAssignments6.ts	E	conformance/salsa/inferringClassMembersFromAssignments6.ts	/.src	/.src/inferringClassMembersFromAssignments6.js
inferringClassMembersFromAssignments7.ts	E	conformance/salsa/inferringClassMembersFromAssignments7.ts	/.src	/.src/inferringClassMembersFromAssignments7.js
inferringClassStaticMembersFromAssignments.ts	C	conformance/salsa/inferringClassStaticMembersFromAssignments.ts	/.src	/.src/a.js /.src/global.js /.src/b.ts
jsContainerMergeJsContainer.ts	C	conformance/salsa/jsContainerMergeJsContainer.ts	/.src	/.src/a.js /.src/b.js
jsContainerMergeTsDeclaration.ts	E	conformance/salsa/jsContainerMergeTsDeclaration.ts	/.src	/.src/a.js /.src/b.ts
jsContainerMergeTsDeclaration2.ts	E	conformance/salsa/jsContainerMergeTsDeclaration2.ts	/.src	/.src/a.d.ts /.src/b.js
jsContainerMergeTsDeclaration3.ts	E	conformance/salsa/jsContainerMergeTsDeclaration3.ts	/.src	/.src/a.d.ts /.src/b.js
jsdocConstructorFunctionTypeReference.ts	E	conformance/salsa/jsdocConstructorFunctionTypeReference.ts	/.src	/.src/jsdocConstructorFunctionTypeReference.js
lateBoundAssignmentDeclarationSupport1.ts	E	conformance/salsa/lateBoundAssignmentDeclarationSupport1.ts	/.src	/.src/usage.js
lateBoundAssignmentDeclarationSupport2.ts	E	conformance/salsa/lateBoundAssignmentDeclarationSupport2.ts	/.src	/.src/usage.js
lateBoundAssignmentDeclarationSupport3.ts	E	conformance/salsa/lateBoundAssignmentDeclarationSupport3.ts	/.src	/.src/usage.js
lateBoundAssignmentDeclarationSupport4.ts	E	conformance/salsa/lateBoundAssignmentDeclarationSupport4.ts	/.src	/.src/usage.js
lateBoundAssignmentDeclarationSupport5.ts	E	conformance/salsa/lateBoundAssignmentDeclarationSupport5.ts	/.src	/.src/usage.js
lateBoundAssignmentDeclarationSupport6.ts	E	conformance/salsa/lateBoundAssignmentDeclarationSupport6.ts	/.src	/.src/usage.js
lateBoundAssignmentDeclarationSupport7.ts	C	conformance/salsa/lateBoundAssignmentDeclarationSupport7.ts	/.src	/.src/usage.js
lateBoundClassMemberAssignmentJS.ts	E	conformance/salsa/lateBoundClassMemberAssignmentJS.ts	/.src	/.src/lateBoundClassMemberAssignmentJS.js
lateBoundClassMemberAssignmentJS2.ts	E	conformance/salsa/lateBoundClassMemberAssignmentJS2.ts	/.src	/.src/lateBoundClassMemberAssignmentJS2.js
lateBoundClassMemberAssignmentJS3.ts	E	conformance/salsa/lateBoundClassMemberAssignmentJS3.ts	/.src	/.src/lateBoundClassMemberAssignmentJS.js
malformedTags.ts	C	conformance/salsa/malformedTags.ts	/.src	/.src/myFile02.js
moduleExportAlias.ts	E	conformance/salsa/moduleExportAlias.ts	/.src	/.src/a.ts /.src/b.js
moduleExportAlias2.ts	E	conformance/salsa/moduleExportAlias2.ts	/.src	/.src/index.js
moduleExportAlias3.ts	C	conformance/salsa/moduleExportAlias3.ts	/.src	/.src/bug24062.js
moduleExportAlias4.ts	E	conformance/salsa/moduleExportAlias4.ts	/.src	/.src/bug24024.js
moduleExportAlias5.ts	E	conformance/salsa/moduleExportAlias5.ts	/.src	/.src/bug24754.js
moduleExportAliasElementAccessExpression.ts	C	conformance/salsa/moduleExportAliasElementAccessExpression.ts	/.src	/.src/moduleExportAliasElementAccessExpression.js
moduleExportAliasExports.ts	C	conformance/salsa/moduleExportAliasExports.ts	/.src	/.src/Eloquent.js
moduleExportAliasImported.ts	E	conformance/salsa/moduleExportAliasImported.ts	/.src	/.src/bug28014.js /.src/importer.js
moduleExportAliasUnknown.ts	E	conformance/salsa/moduleExportAliasUnknown.ts	/.src	/.src/bug27025.js
moduleExportAssignment.ts	E	conformance/salsa/moduleExportAssignment.ts	/.src	/.src/use.js
moduleExportAssignment2.ts	E	conformance/salsa/moduleExportAssignment2.ts	/.src	/.src/npm.js
moduleExportAssignment3.ts	C	conformance/salsa/moduleExportAssignment3.ts	/.src	/.src/npm.js
moduleExportAssignment4.ts	E	conformance/salsa/moduleExportAssignment4.ts	/.src	/.src/async.js
moduleExportAssignment5.ts	E	conformance/salsa/moduleExportAssignment5.ts	/.src	/.src/axios.js
moduleExportAssignment6.ts	C	conformance/salsa/moduleExportAssignment6.ts	/.src	/.src/webpackLibNormalModule.js
moduleExportAssignment7.ts	E	conformance/salsa/moduleExportAssignment7.ts	/.src	/.src/mod.js /.src/main.js /.src/index.ts
moduleExportDuplicateAlias.ts	C	conformance/salsa/moduleExportDuplicateAlias.ts	/.src	/.src/test.js
moduleExportDuplicateAlias2.ts	C	conformance/salsa/moduleExportDuplicateAlias2.ts	/.src	/.src/test.js
moduleExportDuplicateAlias3.ts	E	conformance/salsa/moduleExportDuplicateAlias3.ts	/.src	/.src/test.js
moduleExportNestedNamespaces.ts	E	conformance/salsa/moduleExportNestedNamespaces.ts	/.src	/.src/mod.js /.src/use.js
moduleExportPropertyAssignmentDefault.ts	E	conformance/salsa/moduleExportPropertyAssignmentDefault.ts	/.src	/.src/axios.js
moduleExportWithExportPropertyAssignment.ts	E	conformance/salsa/moduleExportWithExportPropertyAssignment.ts	/.src	/.src/a.js
moduleExportWithExportPropertyAssignment2.ts	E	conformance/salsa/moduleExportWithExportPropertyAssignment2.ts	/.src	/.src/a.js
moduleExportWithExportPropertyAssignment3.ts	E	conformance/salsa/moduleExportWithExportPropertyAssignment3.ts	/.src	/.src/a.js
moduleExportWithExportPropertyAssignment4.ts	E	conformance/salsa/moduleExportWithExportPropertyAssignment4.ts	/.src	/.src/a.js
moduleExportsAliasLoop1.ts	E	conformance/salsa/moduleExportsAliasLoop1.ts	/.src	/.src/x.js
moduleExportsAliasLoop2.ts	E	conformance/salsa/moduleExportsAliasLoop2.ts	/.src	/.src/x.js
namespaceAssignmentToRequireAlias.ts	E	conformance/salsa/namespaceAssignmentToRequireAlias.ts	/.src	/.src/bug40140.js
nestedDestructuringOfRequire.ts	E	conformance/salsa/nestedDestructuringOfRequire.ts	/.src	/.src/main.js
nestedPrototypeAssignment.ts	E	conformance/salsa/nestedPrototypeAssignment.ts	/.src	/.src/mod.js
plainJSBinderErrors.ts	E	conformance/salsa/plainJSBinderErrors.ts	/.src	/.src/plainJSBinderErrors.js
plainJSGrammarErrors.ts	E	conformance/salsa/plainJSGrammarErrors.ts	/.src	/.src/plainJSGrammarErrors.js
plainJSGrammarErrors2.ts	C	conformance/salsa/plainJSGrammarErrors2.ts	/.src	/.src/plainJSGrammarErrors2.js /a.js /b.js
plainJSGrammarErrors3.ts	E	conformance/salsa/plainJSGrammarErrors3.ts	/.src	/.src/plainJSGrammarErrors3.js /a.js
plainJSGrammarErrors4.ts	E	conformance/salsa/plainJSGrammarErrors4.ts	/.src	/.src/plainJSGrammarErrors4.js
plainJSRedeclare.ts	E	conformance/salsa/plainJSRedeclare.ts	/.src	/.src/plainJSRedeclare.js
plainJSRedeclare2.ts	E	conformance/salsa/plainJSRedeclare2.ts	/.src	/.src/plainJSRedeclare.js
plainJSRedeclare3.ts	C	conformance/salsa/plainJSRedeclare3.ts	/.src	/.src/plainJSRedeclare.js
plainJSReservedStrict.ts	E	conformance/salsa/plainJSReservedStrict.ts	/.src	/.src/plainJSReservedStrict.js
plainJSTypeErrors.ts	E	conformance/salsa/plainJSTypeErrors.ts	/.src	/.src/plainJSTypeErrors.js
privateConstructorFunction.ts	E	conformance/salsa/privateConstructorFunction.ts	/.src	/.src/privateConstructorFunction.js
privateIdentifierExpando.ts	C	conformance/salsa/privateIdentifierExpando.ts	/.src	/.src/privateIdentifierExpando.js
propertiesOfGenericConstructorFunctions.ts	E	conformance/salsa/propertiesOfGenericConstructorFunctions.ts	/.src	/.src/propertiesOfGenericConstructorFunctions.js
propertyAssignmentOnImportedSymbol.ts	C	conformance/salsa/propertyAssignmentOnImportedSymbol.ts	/.src	/.src/mod1.js /.src/bug24658.js
propertyAssignmentOnParenthesizedNumber.ts	C	conformance/salsa/propertyAssignmentOnParenthesizedNumber.ts	/.src	/.src/bug38934.js
propertyAssignmentOnUnresolvedImportedSymbol.ts	E	conformance/salsa/propertyAssignmentOnUnresolvedImportedSymbol.ts	/.src	/.src/bug28576.js
propertyAssignmentUseParentType2.ts	E	conformance/salsa/propertyAssignmentUseParentType2.ts	/.src	/.src/propertyAssignmentUseParentType2.js
prototypePropertyAssignmentMergeAcrossFiles.ts	E	conformance/salsa/prototypePropertyAssignmentMergeAcrossFiles.ts	/.src	/.src/prototypePropertyAssignmentMergeAcrossFiles.js /.src/other.js
prototypePropertyAssignmentMergeAcrossFiles2.ts	E	conformance/salsa/prototypePropertyAssignmentMergeAcrossFiles2.ts	/.src	/.src/prototypePropertyAssignmentMergeAcrossFiles2.js /.src/other.js
prototypePropertyAssignmentMergeWithInterfaceMethod.ts	E	conformance/salsa/prototypePropertyAssignmentMergeWithInterfaceMethod.ts	/.src	/.src/lovefield-ts.d.ts /.src/lovefield.js
prototypePropertyAssignmentMergedTypeReference.ts	E	conformance/salsa/prototypePropertyAssignmentMergedTypeReference.ts	/.src	/.src/prototypePropertyAssignmentMergedTypeReference.js
reExportJsFromTs.ts	C	conformance/salsa/reExportJsFromTs.ts	/.src	/lib/constants.js /src/constants.ts
requireAssertsFromTypescript.ts	C	conformance/salsa/requireAssertsFromTypescript.ts	/.src	/.src/38379.js
requireOfESWithPropertyAccess.ts	E	conformance/salsa/requireOfESWithPropertyAccess.ts	/.src	/.src/main.js /.src/ch.js
requireTwoPropertyAccesses.ts	C	conformance/salsa/requireTwoPropertyAccesses.ts	/.src	/.src/requireTwoPropertyAccesses.js
spellingUncheckedJS.ts	C	conformance/salsa/spellingUncheckedJS.ts	/.src	/.src/spellingUncheckedJS.js /.src/other.js
thisPropertyAssignment.ts	E	conformance/salsa/thisPropertyAssignment.ts	/.src	/.src/a.js
thisPropertyAssignmentCircular.ts	E	conformance/salsa/thisPropertyAssignmentCircular.ts	/.src	/.src/thisPropertyAssignmentCircular.js
thisPropertyAssignmentComputed.ts	E	conformance/salsa/thisPropertyAssignmentComputed.ts	/.src	/.src/thisPropertyAssignmentComputed.js
thisPropertyAssignmentInherited.ts	C	conformance/salsa/thisPropertyAssignmentInherited.ts	/.src	/.src/thisPropertyAssignmentInherited.js
thisTypeOfConstructorFunctions.ts	E	conformance/salsa/thisTypeOfConstructorFunctions.ts	/.src	/.src/thisTypeOfConstructorFunctions.js
typeFromContextualThisType.ts	E	conformance/salsa/typeFromContextualThisType.ts	/.src	/.src/bug25926.js
typeFromJSConstructor.ts	E	conformance/salsa/typeFromJSConstructor.ts	/.src	/.src/a.js
typeFromJSInitializer.ts	E	conformance/salsa/typeFromJSInitializer.ts	/.src	/.src/a.js
typeFromJSInitializer2.ts	C	conformance/salsa/typeFromJSInitializer2.ts	/.src	/.src/a.js
typeFromJSInitializer3.ts	C	conformance/salsa/typeFromJSInitializer3.ts	/.src	/.src/a.js
typeFromJSInitializer4.ts	E	conformance/salsa/typeFromJSInitializer4.ts	/.src	/.src/a.js
typeFromParamTagForFunction.ts	E	conformance/salsa/typeFromParamTagForFunction.ts	/.src	/.src/node.d.ts /.src/a-ext.js /.src/a.js /.src/b-ext.js /.src/b.js /.src/c-ext.js /.src/c.js /.src/d-ext.js /.src/d.js /.src/e-ext.js /.src/e.js /.src/f.js /.src/g.js /.src/h.js
typeFromPropertyAssignment.ts	E	conformance/salsa/typeFromPropertyAssignment.ts	/.src	/.src/a.js
typeFromPropertyAssignment10.ts	E	conformance/salsa/typeFromPropertyAssignment10.ts	/.src	/.src/module.js /.src/someview.js /.src/application.js /.src/main.js
typeFromPropertyAssignment10_1.ts	E	conformance/salsa/typeFromPropertyAssignment10_1.ts	/.src	/.src/module.js /.src/someview.js /.src/application.js /.src/main.js
typeFromPropertyAssignment11.ts	C	conformance/salsa/typeFromPropertyAssignment11.ts	/.src	/.src/module.js
typeFromPropertyAssignment12.ts	E	conformance/salsa/typeFromPropertyAssignment12.ts	/.src	/.src/module.js /.src/usage.js
typeFromPropertyAssignment13.ts	C	conformance/salsa/typeFromPropertyAssignment13.ts	/.src	/.src/module.js
typeFromPropertyAssignment14.ts	E	conformance/salsa/typeFromPropertyAssignment14.ts	/.src	/.src/def.js /.src/work.js /.src/use.js
typeFromPropertyAssignment15.ts	E	conformance/salsa/typeFromPropertyAssignment15.ts	/.src	/.src/a.js
typeFromPropertyAssignment16.ts	E	conformance/salsa/typeFromPropertyAssignment16.ts	/.src	/.src/a.js
typeFromPropertyAssignment17.ts	C	conformance/salsa/typeFromPropertyAssignment17.ts	/.src	/.src/use.js
typeFromPropertyAssignment18.ts	C	conformance/salsa/typeFromPropertyAssignment18.ts	/.src	/.src/a.js
typeFromPropertyAssignment19.ts	C	conformance/salsa/typeFromPropertyAssignment19.ts	/.src	/.src/index.js
typeFromPropertyAssignment2.ts	E	conformance/salsa/typeFromPropertyAssignment2.ts	/.src	/.src/a.js
typeFromPropertyAssignment20.ts	C	conformance/salsa/typeFromPropertyAssignment20.ts	/.src	/.src/bluebird.js
typeFromPropertyAssignment21.ts	E	conformance/salsa/typeFromPropertyAssignment21.ts	/.src	/.src/chrome-devtools-DOMExtension.js
typeFromPropertyAssignment22.ts	E	conformance/salsa/typeFromPropertyAssignment22.ts	/.src	/.src/npm-install.js
typeFromPropertyAssignment23.ts	E	conformance/salsa/typeFromPropertyAssignment23.ts	/.src	/.src/a.js
typeFromPropertyAssignment24.ts	E	conformance/salsa/typeFromPropertyAssignment24.ts	/.src	/.src/usage.js /.src/def.js
typeFromPropertyAssignment25.ts	C	conformance/salsa/typeFromPropertyAssignment25.ts	/.src	/.src/bug24703.js
typeFromPropertyAssignment26.ts	E	conformance/salsa/typeFromPropertyAssignment26.ts	/.src	/.src/bug24730.js
typeFromPropertyAssignment27.ts	C	conformance/salsa/typeFromPropertyAssignment27.ts	/.src	/.src/a.js
typeFromPropertyAssignment28.ts	E	conformance/salsa/typeFromPropertyAssignment28.ts	/.src	/.src/a.js
typeFromPropertyAssignment3.ts	E	conformance/salsa/typeFromPropertyAssignment3.ts	/.src	/.src/a.js
typeFromPropertyAssignment34.ts	C	conformance/salsa/typeFromPropertyAssignment34.ts	/.src	/.src/file1.js /.src/file2.js
typeFromPropertyAssignment35.ts	E	conformance/salsa/typeFromPropertyAssignment35.ts	/.src	/.src/bug26877.js /.src/second.js
typeFromPropertyAssignment37.ts	C	conformance/salsa/typeFromPropertyAssignment37.ts	/.src	/.src/use.js
typeFromPropertyAssignment39.ts	C	conformance/salsa/typeFromPropertyAssignment39.ts	/.src	/.src/a.js
typeFromPropertyAssignment4.ts	E	conformance/salsa/typeFromPropertyAssignment4.ts	/.src	/.src/def.js /.src/a.js /.src/b.js
typeFromPropertyAssignment40.ts	E	conformance/salsa/typeFromPropertyAssignment40.ts	/.src	/.src/typeFromPropertyAssignment40.js
typeFromPropertyAssignment5.ts	E	conformance/salsa/typeFromPropertyAssignment5.ts	/.src	/.src/a.js /.src/b.js
typeFromPropertyAssignment6.ts	E	conformance/salsa/typeFromPropertyAssignment6.ts	/.src	/.src/def.js /.src/a.js /.src/b.js
typeFromPropertyAssignment7.ts	C	conformance/salsa/typeFromPropertyAssignment7.ts	/.src	/.src/a.js
typeFromPropertyAssignment8.ts	C	conformance/salsa/typeFromPropertyAssignment8.ts	/.src	/.src/a.js /.src/b.js
typeFromPropertyAssignment8_1.ts	C	conformance/salsa/typeFromPropertyAssignment8_1.ts	/.src	/.src/a.js /.src/b.js
typeFromPropertyAssignment9.ts	E	conformance/salsa/typeFromPropertyAssignment9.ts	/.src	/.src/a.js
typeFromPropertyAssignment9_1.ts	E	conformance/salsa/typeFromPropertyAssignment9_1.ts	/.src	/.src/a.js
typeFromPropertyAssignmentOutOfOrder(target=es2015).ts	E	conformance/salsa/typeFromPropertyAssignmentOutOfOrder.ts	/.src	/.src/index.js /.src/roots.js
typeFromPropertyAssignmentWithExport.ts	C	conformance/salsa/typeFromPropertyAssignmentWithExport.ts	/.src	/.src/a.js
typeFromPrototypeAssignment.ts	E	conformance/salsa/typeFromPrototypeAssignment.ts	/.src	/.src/a.js
typeFromPrototypeAssignment2.ts	E	conformance/salsa/typeFromPrototypeAssignment2.ts	/.src	/.src/a.js
typeFromPrototypeAssignment3.ts	E	conformance/salsa/typeFromPrototypeAssignment3.ts	/.src	/.src/bug26885.js
typeFromPrototypeAssignment4.ts	C	conformance/salsa/typeFromPrototypeAssignment4.ts	/.src	/.src/a.js
typeLookupInIIFE.ts	E	conformance/salsa/typeLookupInIIFE.ts	/.src	/.src/a.js
typeTagOnFunctionReferencesGeneric.ts	C	conformance/salsa/typeTagOnFunctionReferencesGeneric.ts	/.src	/.src/typeTagOnFunctionReferencesGeneric.js
unannotatedParametersAreOptional.ts	C	conformance/salsa/unannotatedParametersAreOptional.ts	/.src	/.src/test.js
varRequireFromJavascript.ts	C	conformance/salsa/varRequireFromJavascript.ts	/.src	/.src/use.js
varRequireFromTypescript.ts	C	conformance/salsa/varRequireFromTypescript.ts	/.src	/.src/use.js
jsdocInvalidTokens.ts	C	conformance/scanner/jsdocInvalidTokens.ts	/.src	/.src/jsdocInvalidTokens.js
contextualTypeFromJSDoc.ts	C	conformance/types/contextualTypes/jsdoc/contextualTypeFromJSDoc.ts	/.src	/.src/index.js
importTypeInJSDoc.ts	C	conformance/types/import/importTypeInJSDoc.ts	/.src	/.src/externs.d.ts /.src/index.js
contextualThisTypeInJavascript.ts	C	conformance/types/thisType/contextualThisTypeInJavascript.ts	/.src	/.src/context.js
recursiveTypeReferences2.ts	E	conformance/types/typeRelationships/recursiveTypes/recursiveTypeReferences2.ts	/.src	/.src/bug39372.js
