F 2f7372632f612e7473 6c657420f09f9880c3a9203d20313b0d0a6c657420793a207b20613a206e756d626572207d203d207b20613a202222207d3be280a87ae280a9770d710a0a656e64
F 2f7372632f622e7473 636f6e737420783a206e756d626572203d202273223b0a
F 2f7372632f6469722f632e7473 610a620a63
F 2f6f746865722f642e7473 78203d20310a
F 2f7372632f652e7473 6162fffe630ae282640deda080650af09f9866
F 2f7372632f656d7074792e7473 -
LINECOL 0 0
LINECOL 0 1
LINECOL 0 2
LINECOL 0 3
LINECOL 0 4
LINECOL 0 5
LINECOL 0 6
LINECOL 0 7
LINECOL 0 8
LINECOL 0 9
LINECOL 0 10
LINECOL 0 11
LINECOL 0 12
LINECOL 0 13
LINECOL 0 14
LINECOL 0 15
LINECOL 0 16
LINECOL 0 17
LINECOL 0 18
LINECOL 0 19
LINECOL 0 20
LINECOL 0 21
LINECOL 0 22
LINECOL 0 23
LINECOL 0 24
LINECOL 0 25
LINECOL 0 26
LINECOL 0 27
LINECOL 0 28
LINECOL 0 29
LINECOL 0 30
LINECOL 0 31
LINECOL 0 32
LINECOL 0 33
LINECOL 0 34
LINECOL 0 35
LINECOL 0 36
LINECOL 0 37
LINECOL 0 38
LINECOL 0 39
LINECOL 0 40
LINECOL 0 41
LINECOL 0 42
LINECOL 0 43
LINECOL 0 44
LINECOL 0 45
LINECOL 0 46
LINECOL 0 47
LINECOL 0 48
LINECOL 0 49
LINECOL 0 50
LINECOL 0 51
LINECOL 0 52
LINECOL 0 53
LINECOL 0 54
LINECOL 0 55
LINECOL 0 56
LINECOL 0 57
LINECOL 0 58
LINECOL 0 59
LINECOL 0 60
LINECOL 0 61
LINECOL 0 62
LINECOL 0 63
LINECOL 0 64
LINECOL 0 65
LINECOL 1 0
LINECOL 1 1
LINECOL 1 2
LINECOL 1 3
LINECOL 1 4
LINECOL 1 5
LINECOL 1 6
LINECOL 1 7
LINECOL 1 8
LINECOL 1 9
LINECOL 1 10
LINECOL 1 11
LINECOL 1 12
LINECOL 1 13
LINECOL 1 14
LINECOL 1 15
LINECOL 1 16
LINECOL 1 17
LINECOL 1 18
LINECOL 1 19
LINECOL 1 20
LINECOL 1 21
LINECOL 1 22
LINECOL 1 23
LINECOL 2 0
LINECOL 2 1
LINECOL 2 2
LINECOL 2 3
LINECOL 2 4
LINECOL 2 5
LINECOL 3 0
LINECOL 3 1
LINECOL 3 2
LINECOL 3 3
LINECOL 3 4
LINECOL 3 5
LINECOL 3 6
LINECOL 4 0
LINECOL 4 1
LINECOL 4 2
LINECOL 4 3
LINECOL 4 4
LINECOL 4 5
LINECOL 4 6
LINECOL 4 7
LINECOL 4 8
LINECOL 4 9
LINECOL 4 10
LINECOL 4 11
LINECOL 4 12
LINECOL 4 13
LINECOL 4 14
LINECOL 4 15
LINECOL 4 16
LINECOL 4 17
LINECOL 4 18
LINECOL 4 19
LINECOL 5 0
CASE mixed0
D 2 5 5 2300 -1 0 1 s:62
D 4 0 1 2326 -1 0 1 s:e28241fffe
C 0 1
D -1 -1 -1 2300 -1 0 1 s:7b307d
R 0 2
D 2 1 2 6203 -1 0 1 s:61
C 2 3
D 2 5 5 2304 -1 0 1 s:6e756d626572
R 0 4
D 3 6 6 6217 -1 0 1 s:6e756d626572
D -1 -1 -1 2304 -1 0 1 i:12
R 5 6
D 0 2 3 2741 -1 1 3 s:c3a9 s:7b20613a20737472696e673b207d s:e28241fffe
R 5 7
D 2 5 5 2554 -1 0 2 s:6161 s:61
C 7 8
D 0 9 10 6217 -1 0 1 s:61
R 5 9
CL 5 0
TOP 0 5 10
END
CASE mixed1
D 3 5 6 1003 -1 0 0
D 3 6 6 2554 -1 0 2 s:61 s:6e756d626572
C 0 1
D 0 1 1 6217 -1 0 1 i:-1
D 1 9 9 2554 3 0 2 s:6e756d626572 s:61
C 2 3
D -1 -1 -1 2345 -1 0 2 s:6e756d626572 s:6e756d626572
C 3 4
D 2 2 3 2304 -1 0 1 s:6161
R 2 5
D 1 2 4 2554 -1 0 2 s:e28241fffe s:7b20613a20737472696e673b207d
C 5 6
D 1 5 7 1003 -1 0 0
R 2 7
D -1 -1 -1 2339 -1 0 2 s:c3a9 s:7b317d
C 7 8
D 0 2 2 2326 -1 0 1 i:12
D 0 9 11 2345 3 1 2 s:6e756d626572 i:3
CL 10 2
D -1 -1 -1 2741 -1 0 3 s:737472696e67 s:62 i:0
N 12 2741 3 i:-1 s:61 s:6e756d626572
D 0 5 6 6217 -1 0 1 s:e697a5e69cac
D -1 -1 -1 2345 -1 0 2 s:737472696e67 s:61
R 14 15
N 14 2741 3 s:61 s:6e756d626572 s:6e756d626572
D 1 9 11 2300 -1 0 1 i:-1
D 3 1 1 2326 -1 0 1 s:6e756d626572
R 17 18
D 0 0 1 2741 -1 0 3 s:62 i:100 i:3
C 18 19
TOP 0 0 2 9 10 11 13 16 0 17
END
CASE mixed2
D 1 1 3 1003 -1 0 0
D 4 1 2 2554 -1 0 2 i:12 s:737472696e67
C 0 1
D 3 0 2 2304 -1 0 1 s:6e756d626572
R 0 2
D 1 2 3 6204 -1 0 0
R 0 3
D 3 5 6 6217 -1 0 1 s:41
R 0 4
D 0 5 6 2554 3 1 2 i:0 s:737472696e67
D 3 6 6 2326 -1 0 1 i:100
R 5 6
D 3 0 0 2339 -1 0 2 s:62 s:6e756d626572
R 5 7
A 696e7465726e616c2074776f207b307d 3 1 2
R 5 8
D 1 1 2 1003 -1 0 0
C 8 9
CL 5 3
D 1 1 1 2728 -1 0 1 s:62
D 1 2 4 2728 -1 0 1 s:62
R 11 12
N 11 1003 0
D 3 0 0 2728 -1 0 1 s:62
A 696e7465726e616c206f6e65 0 9 9
D 0 0 0 2554 -1 0 2 s:ff s:6e756d626572
D -1 -1 -1 6204 -1 0 0
N 17 2741 3 s:62 s:737472696e67 s:62
D 0 2 4 2728 -1 0 1 s:e28241fffe
D -1 -1 -1 2304 1 0 1 s:6e756d626572
R 19 20
D 0 9 10 6217 -1 1 1 s:61
C 20 21
A 696e7465726e616c2074776f207b307d 2 1 1
R 19 22
D 0 1 2 1003 -1 1 0
R 19 23
D 0 0 1 2300 -1 0 1 s:61
C 23 24
TOP 0 5 10 13 13 0 14 15 16 18 19
END
CASE mixed3
D 1 1 1 2728 -1 1 1 s:61
D 4 5 6 6203 -1 0 1 s:62
C 0 1
D -1 -1 -1 2339 0 0 2 i:12 s:61
C 1 2
D 2 1 2 2554 -1 0 2 s:41 s:62
R 0 3
D 0 9 10 2322 -1 0 2 s:6161 s:7b307d
C 3 4
D 0 1 2 2326 -1 0 1 s:61
D -1 -1 -1 2304 -1 0 1 s:61
R 5 6
N 5 2345 2 s:737472696e67 s:61
A 78 4 9 10
N 8 2304 1 s:6e756d626572
CL 9 0
TOP 0 7 9 10 10
END
CASE mixed4
D 4 9 9 2345 -1 0 2 s:61 s:7b20613a20737472696e673b207d
D 0 9 9 2326 -1 0 1 i:12
D 1 0 2 6217 -1 0 1 s:62
D 1 1 2 2728 -1 1 1 s:61
C 2 3
N 2 2339 2 s:737472696e67 s:61
D -1 -1 -1 2339 -1 0 2 s:62 s:61
D 0 9 11 2304 -1 0 1 s:7b307d
C 5 6
D 0 0 2 2728 -1 0 1 s:6e756d626572
R 5 7
D 2 1 2 2339 3 0 2 s:62 s:737472696e67
R 5 8
D 4 5 5 1003 2 0 0
C 8 9
D 0 5 7 2728 3 0 1 s:737472696e67
R 5 10
N 5 2304 1 s:737472696e67
N 11 2322 2 i:100 s:6e756d626572
D 1 0 0 6203 1 0 1 s:737472696e67
D 3 0 2 2339 -1 0 2 s:6e756d626572 s:e28241fffe
R 13 14
N 13 2304 1 s:7b317d
CL 15 2
TOP 0 1 1 4 1 4 12 1 15 16
END
CASE mixed5
D -1 0 0 6204 -1 0 0
TOP 0
END
CASE mixed6
D -1 0 0 6217 0 0 1 i:0
D -1 -1 -1 2728 -1 0 1 s:6e756d626572
C 0 1
D 1 9 11 2554 -1 0 2 s:62 s:737472696e67
R 0 2
D 0 0 1 2554 -1 0 2 s:737472696e67 s:737472696e67
R 0 3
D 1 5 5 6204 -1 0 0
R 0 4
D 1 0 0 2304 -1 0 1 i:0
D 2 5 5 2345 -1 0 2 s:62 i:-1
R 5 6
D 0 1 2 2345 -1 0 2 s:62 s:6e756d626572
D 0 1 1 2728 -1 0 1 s:6e756d626572
C 7 8
D 3 5 6 2554 -1 1 2 s:61 s:62
R 8 9
N 7 2304 1 s:61
TOP 0 5 10 5
END
CASE mixed7
D -1 -1 -1 6204 -1 0 0
N 0 6204 0
D 4 2 2 2322 0 0 2 s:e697a5e69cac s:61
D 0 9 9 2345 -1 0 2 s:737472696e67 s:737472696e67
R 2 3
D 2 5 5 2322 -1 0 2 s:737472696e67 s:61
R 2 4
N 2 6217 1 s:737472696e67
N 5 2300 1 s:61
D 4 0 1 6204 -1 1 0
N 7 6217 1 i:100
N 8 2554 2 s:61 i:3
CL 9 2
D -1 0 0 6204 -1 0 0
N 11 2741 3 s:62 s:62 s:7b317d
CL 12 2
D 0 9 11 2554 -1 0 2 s:62 s:6e756d626572
D 3 2 2 2304 3 0 1 s:6e756d626572
R 14 15
D 0 2 2 2741 -1 1 3 s:737472696e67 s:61 s:6161
R 14 16
D 4 5 7 2304 -1 0 1 s:61
D 3 0 2 2326 -1 0 1 i:12
R 17 18
D 3 2 2 2300 -1 0 1 s:-
R 17 19
D 0 0 1 2300 -1 0 1 s:6e756d626572
D 3 5 6 2339 -1 0 2 s:41 s:62
R 20 21
D 0 9 11 2304 -1 0 1 s:737472696e67
C 21 22
D 3 0 2 2741 -1 0 3 s:737472696e67 s:737472696e67 s:737472696e67
R 20 23
D -1 -1 -1 2304 1 0 1 s:6161
R 20 24
D 1 0 0 2322 -1 0 2 s:61 s:62
D 0 0 1 2322 -1 1 2 s:6e756d626572 s:61c3
R 25 26
A 78 -1 -1 -1
C 26 27
D 1 9 9 2554 -1 0 2 s:6e756d626572 s:737472696e67
A 78 3 5 5
R 28 29
A 696e7465726e616c2074776f207b307d 3 5 6
C 29 30
D 0 1 1 2728 -1 0 1 i:-1
R 28 31
D -1 0 0 6204 -1 0 0
C 31 32
D 0 2 3 2741 -1 0 3 s:61 s:6e756d626572 s:6e756d626572
D 1 5 7 2322 -1 0 2 s:62 i:12
C 33 34
D 4 9 11 6203 -1 0 1 s:61
C 34 35
D 3 1 2 2728 -1 0 1 s:61
R 34 36
D 2 1 2 6204 -1 1 0
R 33 37
TOP 1 1 6 1 9 10 12 13 1 14 17 20 25 28 9 33
END
CASE mixed8
D 3 0 0 2304 -1 0 1 i:3
N 0 6217 1 s:6e756d626572
D 0 9 10 2300 -1 0 1 s:62
A 696e7465726e616c2074776f207b307d 0 1 2
D 0 0 1 2345 -1 1 2 s:62 s:61
C 3 4
D 3 5 6 6217 -1 0 1 i:100
D 4 9 11 6203 -1 1 1 i:100
C 5 6
D 4 0 0 6204 -1 0 0
C 6 7
N 5 1003 0
D -1 -1 -1 2326 -1 0 1 s:61
D 1 9 9 2339 1 0 2 s:6e756d626572 s:e28241fffe
D 4 2 3 2339 -1 0 2 s:6e756d626572 s:737472696e67
D -1 0 0 2728 -1 1 1 s:737472696e67
D 3 6 6 2728 -1 1 1 s:6e756d626572
R 12 13
D 1 0 0 6204 -1 1 0
R 12 14
D 3 1 2 2300 -1 0 1 s:737472696e67
R 12 15
N -1 6203 1 s:6e756d626572
CL 16 0
D -1 -1 -1 2345 -1 0 2 s:ff i:100
D -1 0 0 6203 -1 0 1 i:100
C 18 19
D 2 5 5 2300 -1 0 1 s:737472696e67
R 18 20
D 3 5 6 6217 -1 0 1 s:e697a5e69cac
R 18 21
D -1 -1 -1 2345 -1 0 2 s:e697a5e69cac s:737472696e67
R 18 22
N 18 2326 1 i:-1
N 23 6217 1 s:61
D 0 0 2 2554 -1 0 2 s:6e756d626572 s:6e756d626572
D 1 5 6 2554 -1 0 2 s:737472696e67 s:6e756d626572
R 25 26
D 2 1 3 6203 -1 0 1 s:737472696e67
D 0 0 2 2300 -1 0 1 s:61
D 4 5 7 2741 -1 0 3 s:c3a9 s:41 s:-
C 28 29
D 0 5 6 2728 -1 0 1 s:7b20613a20737472696e673b207d
C 29 30
D 1 5 5 2741 -1 0 3 s:61 s:62 i:-1
C 30 31
D 1 2 4 6204 -1 0 0
R 28 32
D 0 5 5 6217 -1 0 1 s:62
C 32 33
D 2 0 0 6203 -1 0 1 i:12
R 28 34
D -1 -1 -1 6217 -1 1 1 s:737472696e67
R 28 35
TOP 1 2 3 8 9 10 11 1 16 17 16 24 25 27 28 28
END
CASE mixed9
A 696e7465726e616c206f6e65 3 5 5
D 4 2 2 6204 -1 0 0
D 0 0 2 2304 0 0 1 s:61
R 1 2
D 2 1 3 2322 -1 1 2 i:100 s:c3a9
R 1 3
N 1 2304 1 s:62
D 4 9 10 2304 -1 0 1 s:-
D 2 2 4 6217 -1 0 1 s:61
D -1 0 0 2728 -1 0 1 s:61
C 6 7
D 0 9 10 2339 1 0 2 s:e28241fffe s:737472696e67
D 0 0 0 2345 -1 0 2 i:3 s:737472696e67
N 9 2728 1 s:6e756d626572
N 10 2326 1 s:6e756d626572
D 3 5 6 2345 -1 0 2 s:61 s:62
D 0 2 3 2554 -1 0 2 i:12 s:7b20613a20737472696e673b207d
C 12 13
D 3 0 1 2741 0 0 3 s:61 s:6e756d626572 i:12
R 13 14
D 1 2 4 2728 -1 0 1 s:737472696e67
R 13 15
D 3 1 3 6203 -1 0 1 s:62
R 13 16
D 0 0 1 6203 -1 0 1 s:61
A 696e7465726e616c206f6e65 0 5 7
R 17 18
A 78 -1 0 0
C 18 19
N 17 1003 0
N 20 2554 2 s:7b317d s:737472696e67
D 0 2 4 2728 -1 0 1 s:61
D 0 9 10 2326 -1 0 1 s:737472696e67
C 22 23
D 0 5 5 2728 -1 0 1 s:7b317d
R 23 24
D 1 2 3 2322 -1 0 2 s:6e756d626572 s:737472696e67
R 23 25
D 0 1 3 2322 -1 0 2 s:62 s:61
R 23 26
A 696e7465726e616c2074776f207b307d -1 -1 -1
R 22 27
D 3 6 6 2322 -1 0 2 i:0 i:-1
R 22 28
D -1 -1 -1 2345 -1 0 2 s:737472696e67 s:737472696e67
R 22 29
CL 22 0
D -1 -1 -1 2322 -1 0 2 s:6161 s:7b20613a20737472696e673b207d
D 2 1 2 6217 -1 0 1 s:62
R 31 32
D 1 9 10 1003 -1 0 0
R 31 33
D 2 5 5 2300 2 0 1 s:61
C 33 34
A 78 -1 0 0
D 1 2 2 1003 -1 0 0
D 0 5 6 1003 -1 0 0
R 36 37
D 1 0 2 2300 -1 0 1 s:6e756d626572
C 37 38
A 78 -1 0 0
R 36 39
D 1 5 5 2300 -1 0 1 i:12
R 36 40
D 4 1 3 6217 -1 0 1 s:41
D -1 -1 -1 6217 -1 0 1 s:62
C 41 42
D 0 2 2 6203 -1 0 1 s:61
R 42 43
D 1 1 1 2300 -1 0 1 s:61
R 42 44
CL 41 2
D 4 0 0 6217 -1 0 1 s:62
D 3 6 6 2554 -1 0 2 s:6161 s:61
C 46 47
D 3 5 6 2322 -1 0 2 s:6e756d626572 i:100
D 0 9 9 2554 -1 0 2 s:- s:737472696e67
R 48 49
D 1 2 3 2554 -1 0 2 s:737472696e67 s:6e756d626572
C 49 50
D -1 -1 -1 2326 3 0 1 s:7b317d
R 48 51
D 1 1 1 2304 -1 0 1 s:-
C 51 52
TOP 0 4 5 6 8 11 12 21 12 22 30 31 35 36 41 45 46 48
END
CASE mixed10
D -1 -1 -1 1003 -1 0 0
D 0 5 7 2339 -1 0 2 s:61 s:41
R 0 1
D 4 5 5 1003 -1 0 0
C 1 2
D 0 9 9 2554 -1 0 2 s:61 s:c3a9
D 2 5 5 1003 -1 0 0
D 1 0 1 2345 0 0 2 s:61 s:6e756d626572
R 4 5
D 2 0 1 6217 -1 0 1 s:6e756d626572
C 5 6
D 0 2 3 2554 -1 0 2 s:62 s:62
D 4 9 11 6203 -1 0 1 s:62
C 7 8
N 7 2326 1 s:7b307d
N 9 2339 2 s:737472696e67 s:61
D 3 1 3 2300 -1 0 1 s:62
D -1 -1 -1 6217 -1 1 1 s:62
D 3 0 2 6204 -1 0 0
D 0 5 5 2554 -1 0 2 s:6e756d626572 s:7b307d
D -1 -1 -1 6204 -1 0 0
R 14 15
D 0 0 0 2300 -1 0 1 i:12
C 15 16
D 1 9 11 2304 -1 0 1 s:61
R 14 17
D 0 2 2 6217 -1 0 1 s:61
D 2 0 2 6217 -1 0 1 i:3
D -1 -1 -1 6204 -1 0 0
R 19 20
D 0 0 0 2326 2 0 1 s:ff
D 0 9 11 2300 -1 0 1 s:41
R 21 22
D 3 2 4 2741 -1 0 3 s:62 i:3 s:737472696e67
D 4 0 0 2322 -1 0 2 s:737472696e67 s:ff
C 23 24
D 2 5 5 1003 -1 0 0
R 24 25
D 2 2 3 6217 -1 0 1 s:737472696e67
R 24 26
N 23 2300 1 i:3
D 0 1 2 6204 -1 0 0
D 0 0 0 2304 -1 0 1 s:6e756d626572
D 4 9 9 2554 -1 0 2 s:61 s:6e756d626572
C 29 30
TOP 0 3 4 4 4 10 11 12 13 14 18 19 21 27 28 29
END
CASE mixed11
D 3 0 0 2304 -1 0 1 s:737472696e67
A 78 0 9 9
D 0 1 3 2300 -1 0 1 s:737472696e67
C 1 2
CL 1 0
D -1 0 0 2345 3 0 2 s:62 s:61
N 4 6217 1 s:6e756d626572
D 3 0 1 2728 -1 1 1 i:12
D 4 0 2 2300 -1 0 1 s:61
D 1 2 4 2300 -1 0 1 s:737472696e67
R 7 8
D -1 0 0 2345 -1 0 2 s:62 s:e697a5e69cac
R 7 9
D 0 0 0 2345 -1 0 2 s:6e756d626572 i:3
R 7 10
N 7 6203 1 s:7b307d
D 4 9 10 6204 0 1 0
D 3 6 6 2300 -1 0 1 s:61
R 12 13
D -1 -1 -1 2741 -1 0 3 s:6e756d626572 s:6e756d626572 i:0
R 12 14
CL 12 3
TOP 0 1 3 5 6 11 6 3 12 15
END
CASE mixed12
D 4 5 6 2741 2 0 3 s:737472696e67 s:737472696e67 s:737472696e67
D 1 1 2 2554 -1 1 2 s:e28241fffe s:737472696e67
R 0 1
CL 0 2
D 4 1 2 2300 1 0 1 s:737472696e67
N 3 2304 1 s:737472696e67
D -1 0 0 2741 -1 0 3 s:7b307d s:e697a5e69cac s:6e756d626572
N 5 2728 1 s:61c3
D -1 -1 -1 2345 0 0 2 s:ff i:3
D 2 0 0 2304 -1 0 1 s:62
R 7 8
D 2 5 5 6203 -1 0 1 s:ff
D 0 1 3 2554 -1 0 2 s:c3a9 s:737472696e67
C 9 10
N 9 6203 1 s:6e756d626572
D 0 2 2 6217 -1 0 1 i:-1
CL 12 2
D 3 1 1 2339 -1 0 2 s:6e756d626572 s:e28241fffe
D 0 1 3 2339 -1 0 2 s:41 s:61
A 78 1 9 10
C 15 16
D 3 5 6 2554 -1 0 2 s:6e756d626572 s:61
D 2 1 2 6204 -1 0 0
C 17 18
D -1 0 0 2554 -1 0 2 s:6e756d626572 s:737472696e67
D 1 2 2 1003 0 0 0
D 3 0 0 2741 -1 0 3 s:61 s:737472696e67 i:-1
D 1 1 1 6204 -1 0 0
N 22 2322 2 s:61 s:62
N 23 2741 3 s:6e756d626572 s:61 s:6e756d626572
TOP 0 2 4 6 7 11 12 13 14 15 17 19 20 21 24
END
CASE mixed13
D 0 9 10 2741 -1 0 3 s:6e756d626572 s:737472696e67 s:62
N 0 2300 1 s:6e756d626572
D 0 2 3 2326 -1 0 1 s:62
D 3 1 3 2554 -1 0 2 s:737472696e67 s:737472696e67
C 2 3
D 2 5 5 2728 -1 1 1 s:6e756d626572
R 2 4
D 2 2 2 2728 -1 1 1 s:62
C 4 5
D 2 2 2 2326 -1 0 1 s:737472696e67
R 2 6
D 0 5 7 2554 -1 0 2 s:6e756d626572 i:12
R 2 7
D -1 -1 -1 2300 -1 0 1 s:6e756d626572
D 3 6 6 2326 -1 0 1 s:e697a5e69cac
R 8 9
D 2 1 3 2728 -1 0 1 s:6e756d626572
D 4 9 10 2322 -1 1 2 s:e697a5e69cac s:62
C 10 11
D 0 9 11 2304 -1 0 1 i:12
C 11 12
D 1 5 6 1003 -1 0 0
D 0 0 1 6217 -1 0 1 s:737472696e67
R 13 14
D 2 0 1 2300 -1 0 1 s:61
R 13 15
D 3 2 2 2554 -1 0 2 s:62 s:62
C 15 16
CL 13 2
TOP 1 2 8 10 13 17
END
CASE mixed14
D 0 1 1 6203 -1 0 1 s:-
D -1 -1 -1 6217 1 1 1 s:737472696e67
A 78 -1 -1 -1
R 1 2
D 0 5 5 2554 -1 0 2 s:61 s:6e756d626572
C 2 3
D -1 0 0 2300 -1 0 1 s:ff
R 1 4
D -1 -1 -1 6203 -1 0 1 s:61c3
D 0 1 3 6203 1 0 1 s:61
D 3 1 2 2345 -1 0 2 s:7b317d s:6161
R 6 7
D 3 2 4 2345 -1 0 2 s:737472696e67 s:61c3
C 7 8
D 0 9 9 2345 -1 1 2 s:41 s:62
R 6 9
D 4 1 3 2339 -1 1 2 s:e697a5e69cac s:6e756d626572
C 9 10
D 3 0 1 6217 -1 0 1 s:6e756d626572
R 6 11
N 6 2728 1 s:-
A 696e7465726e616c2074776f207b307d 0 5 7
D 1 5 5 2728 -1 0 1 s:6e756d626572
D 1 5 5 1003 1 0 0
D 0 5 5 6217 -1 0 1 s:62
C 15 16
CL 15 3
D -1 -1 -1 2728 -1 0 1 i:12
D 3 6 6 2728 -1 0 1 s:6161
C 18 19
D 0 9 10 2326 -1 0 1 s:62
D 0 2 3 2728 -1 0 1 s:737472696e67
C 20 21
N 20 2326 1 s:7b307d
D 0 1 3 2304 -1 0 1 i:100
D 1 5 7 6203 -1 0 1 s:737472696e67
C 23 24
D 0 5 7 2326 -1 0 1 i:3
R 24 25
D 0 5 7 2339 -1 0 2 s:6e756d626572 i:0
R 24 26
N 23 2339 2 s:7b317d s:62
N 27 2728 1 s:737472696e67
D 2 5 5 1003 -1 0 0
D -1 0 0 2741 -1 0 3 s:61 s:7b307d i:-1
C 29 30
D -1 0 0 2322 0 0 2 s:61 s:6e756d626572
C 30 31
A 78 3 2 3
C 31 32
D 3 0 1 2339 1 0 2 i:12 s:737472696e67
R 29 33
D -1 -1 -1 2741 -1 1 3 s:62 s:61 s:6e756d626572
R 29 34
D 3 6 6 2326 -1 0 1 s:737472696e67
R 29 35
D 1 1 3 2326 -1 0 1 s:61
C 35 36
TOP 0 1 5 12 13 14 12 15 17 5 18 22 28 29
END
CASE mixed15
D 1 1 1 6204 0 0 0
D 4 1 2 2728 3 0 1 s:737472696e67
D 0 0 1 2345 -1 0 2 s:6e756d626572 s:61
D -1 -1 -1 2345 -1 0 2 s:62 s:62
R 2 3
D 0 5 6 2322 1 0 2 i:-1 s:737472696e67
C 3 4
A 78 -1 -1 -1
R 2 5
D 1 1 1 6204 1 0 0
D -1 -1 -1 6203 -1 0 1 s:61
R 6 7
D -1 -1 -1 6204 -1 1 0
R 6 8
D 0 0 2 2554 -1 1 2 s:62 s:7b317d
D 0 0 2 2728 -1 0 1 s:6e756d626572
R 9 10
D 3 0 0 6204 -1 0 0
R 9 11
D 0 9 9 1003 -1 0 0
R 9 12
D 4 1 2 2300 -1 0 1 s:737472696e67
C 12 13
D 0 0 0 2300 -1 0 1 i:-1
D 1 9 11 2300 -1 0 1 s:61
R 14 15
D 2 2 4 2339 2 0 2 s:61 s:61
C 15 16
D -1 -1 -1 6203 -1 0 1 s:62
R 14 17
D 0 1 2 6203 -1 0 1 s:6e756d626572
D 2 1 2 2326 -1 0 1 s:737472696e67
C 18 19
D 1 2 2 2554 -1 0 2 s:6e756d626572 s:6e756d626572
C 19 20
D 2 2 2 2326 -1 0 1 s:6e756d626572
R 18 21
D 0 5 5 2300 -1 0 1 s:737472696e67
R 18 22
D 0 9 9 2322 3 0 2 s:41 s:737472696e67
D 1 1 1 2741 -1 0 3 i:12 s:737472696e67 s:61
D 1 1 2 6203 -1 0 1 s:7b20613a20737472696e673b207d
C 24 25
D -1 -1 -1 2326 0 0 1 s:62
C 25 26
D 2 1 1 2304 3 0 1 i:-1
D 4 1 2 6204 -1 0 0
C 27 28
D 4 2 4 1003 -1 0 0
C 28 29
D -1 -1 -1 6203 -1 1 1 s:62
R 28 30
D 0 5 6 6204 -1 0 0
R 28 31
D -1 -1 -1 6217 -1 0 1 s:62
R 28 32
D 3 1 2 6217 -1 1 1 i:-1
TOP 0 1 2 6 9 14 18 23 24 27 18 33
END
CASE mixed16
D 0 2 2 2326 -1 0 1 s:6e756d626572
D -1 -1 -1 2339 -1 0 2 i:12 s:62
R 0 1
D 1 2 2 2339 -1 1 2 s:- s:c3a9
R 0 2
D 0 1 1 2300 -1 0 1 s:737472696e67
C 2 3
D 3 1 3 2741 -1 0 3 s:62 s:61 s:737472696e67
R 0 4
D 4 5 7 2741 -1 0 3 s:6e756d626572 s:e28241fffe s:737472696e67
C 4 5
D -1 -1 -1 2339 -1 0 2 s:737472696e67 s:737472696e67
N 6 2741 3 s:ff s:737472696e67 i:100
N 7 2554 2 s:62 i:12
D 4 5 7 2554 -1 0 2 i:100 s:61
D -1 0 0 2554 -1 0 2 i:0 s:61
R 9 10
D 1 1 1 6204 -1 0 0
R 9 11
D 3 5 6 2300 -1 0 1 s:737472696e67
R 9 12
N 9 2345 2 s:61 s:62
D -1 -1 -1 2345 1 1 2 i:-1 s:737472696e67
D 1 5 6 6217 -1 0 1 s:737472696e67
C 14 15
D 1 2 3 2339 -1 0 2 s:737472696e67 s:737472696e67
N 16 2345 2 s:- s:61
N 17 2300 1 s:6e756d626572
D 0 5 6 2304 -1 0 1 s:7b20613a20737472696e673b207d
N 19 2554 2 s:62 i:0
D 2 2 4 2304 -1 0 1 i:0
D -1 0 0 2304 -1 0 1 s:6e756d626572
R 21 22
D 1 1 2 2554 -1 0 2 i:-1 s:6e756d626572
R 21 23
A 78 0 5 5
C 23 24
D 0 0 0 1003 -1 0 0
R 21 25
D 3 1 1 2322 -1 1 2 s:61 s:-
D 3 0 1 2304 -1 0 1 s:61
D 1 5 6 6204 -1 1 0
D 1 0 1 6204 -1 0 0
D -1 -1 -1 6217 -1 0 1 s:61
R 29 30
D 4 2 3 2300 -1 0 1 s:62
D 3 6 6 2326 -1 0 1 s:62
C 31 32
N 31 2728 1 s:e28241fffe
TOP 0 8 13 14 18 8 20 21 26 27 28 14 29 33
END
CASE mixed17
D -1 -1 -1 2728 -1 0 1 s:61
D -1 -1 -1 2728 -1 0 1 s:6e756d626572
R 0 1
D 0 5 6 2300 -1 0 1 s:e28241fffe
C 1 2
D 1 9 9 2326 -1 0 1 i:-1
R 0 3
D 3 5 6 2339 -1 0 2 i:0 s:e697a5e69cac
R 0 4
CL 0 3
D 1 1 2 2326 -1 0 1 s:61
D 1 9 11 2304 1 0 1 s:62
R 6 7
D 2 5 5 6203 -1 0 1 s:7b20613a20737472696e673b207d
R 6 8
D -1 -1 -1 2300 -1 0 1 s:62
R 6 9
D 1 1 3 2728 -1 0 1 s:62
D 3 1 3 2345 -1 0 2 s:6e756d626572 s:61
R 10 11
D 2 0 1 6204 -1 0 0
R 10 12
D 1 1 2 2345 -1 0 2 s:6e756d626572 s:7b20613a20737472696e673b207d
R 10 13
D 0 0 1 2554 -1 0 2 s:62 s:62
C 13 14
N 10 2345 2 s:61 s:e697a5e69cac
D 2 2 3 1003 -1 0 0
D 3 2 2 2345 -1 0 2 i:-1 s:61c3
D 1 1 1 6204 -1 0 0
C 17 18
D 0 0 2 1003 -1 0 0
D 4 1 3 1003 0 0 0
C 19 20
D 2 0 0 6203 -1 0 1 s:62
R 20 21
D 1 2 2 2300 -1 0 1 s:6e756d626572
R 19 22
CL 19 2
A 696e7465726e616c2074776f207b307d 0 5 5
N 24 2728 1 s:6e756d626572
D 4 2 2 6203 -1 0 1 s:6e756d626572
D 1 0 0 1003 -1 0 0
C 26 27
D -1 -1 -1 2304 -1 0 1 s:6e756d626572
R 27 28
D 3 5 6 2300 2 0 1 s:737472696e67
R 27 29
TOP 0 5 6 15 16 6 17 19 23 25 26
END
CASE mixed18
D 0 5 6 2322 -1 0 2 s:61 s:6e756d626572
D 2 1 2 2728 -1 0 1 i:0
R 0 1
D 1 1 1 2554 -1 0 2 s:ff i:100
C 1 2
N 0 6203 1 s:737472696e67
D -1 0 0 2326 -1 1 1 s:6e756d626572
D -1 -1 -1 2339 -1 0 2 s:62 s:e28241fffe
C 4 5
D 3 0 2 2554 -1 0 2 s:6e756d626572 s:61
R 4 6
D 1 0 0 1003 -1 0 0
R 4 7
D 1 0 2 2741 -1 0 3 s:61 s:737472696e67 s:6e756d626572
C 7 8
D 0 2 4 6217 -1 0 1 s:6e756d626572
N 9 2728 1 s:61
D 3 0 1 2345 -1 0 2 s:737472696e67 s:-
TOP 3 4 10 11
END
CASE mixed19
D 0 0 0 6217 2 0 1 i:100
A 696e7465726e616c2074776f207b307d 0 9 11
C 0 1
D 0 2 3 6204 1 1 0
R 1 2
D 4 9 11 6203 -1 0 1 s:7b20613a20737472696e673b207d
D 0 9 9 2728 -1 0 1 s:7b307d
D 1 5 5 2728 -1 0 1 s:6e756d626572
C 4 5
A 696e7465726e616c206f6e65 3 6 6
R 5 6
D 4 0 2 2339 -1 0 2 s:61 s:7b20613a20737472696e673b207d
A 78 0 2 3
R 7 8
D 2 2 2 6217 -1 0 1 s:6e756d626572
R 7 9
TOP 0 3 4 7
END
CASE mixed20
A 696e7465726e616c206f6e65 3 6 6
D 4 9 11 6203 -1 0 1 s:737472696e67
D 2 5 5 6204 -1 0 0
R 1 2
D 0 1 2 1003 -1 0 0
C 2 3
D -1 -1 -1 6204 -1 0 0
R 1 4
D -1 -1 -1 2728 -1 0 1 s:61
R 1 5
D 2 0 0 2300 -1 0 1 s:62
N 6 2326 1 s:61
D 0 2 4 2728 -1 0 1 s:7b307d
D 4 5 7 2300 -1 0 1 s:61
C 8 9
D 2 5 5 2322 -1 0 2 s:61 i:0
R 8 10
D 2 5 5 2554 -1 0 2 i:100 s:61
C 10 11
TOP 0 1 7 8
END
CASE mixed21
A 78 1 1 1
N 0 2345 2 i:100 s:6e756d626572
D -1 0 0 2741 -1 0 3 s:6e756d626572 s:61 i:3
D 1 1 1 2554 -1 0 2 i:100 s:737472696e67
R 2 3
A 696e7465726e616c2074776f207b307d 2 0 2
C 3 4
D -1 0 0 2345 -1 0 2 s:6e756d626572 s:737472696e67
R 2 5
D 0 5 5 2304 -1 0 1 s:62
R 2 6
N 2 2304 1 s:61
CL 7 0
D -1 -1 -1 2322 -1 0 2 s:6e756d626572 s:6e756d626572
D 0 5 6 2339 -1 0 2 s:6e756d626572 s:61
N 10 6217 1 s:6e756d626572
TOP 1 1 7 8 7 9 11
END
CASE mixed22
A 78 3 2 4
D 1 0 1 2322 -1 0 2 s:737472696e67 s:6e756d626572
D 2 5 5 2326 -1 0 1 s:737472696e67
C 1 2
D 0 1 1 6203 -1 0 1 i:-1
A 78 2 0 0
D 0 1 2 2339 3 1 2 s:737472696e67 s:62
D 2 0 0 6204 2 0 0
R 5 6
D 3 0 1 2322 -1 0 2 s:6e756d626572 s:61
D 1 0 1 2300 -1 0 1 i:100
R 7 8
D 3 5 6 2339 -1 0 2 s:737472696e67 s:737472696e67
R 7 9
D 1 9 10 6203 -1 0 1 s:62
R 7 10
D 3 2 3 2300 -1 0 1 s:737472696e67
D 1 9 11 2326 -1 0 1 s:-
D 2 5 5 2300 -1 0 1 i:12
R 12 13
D 3 0 1 2300 -1 0 1 i:0
C 13 14
D 3 0 0 1003 -1 1 0
R 12 15
D 1 9 11 2728 -1 1 1 s:737472696e67
R 12 16
D -1 0 0 2300 -1 0 1 s:62
D 4 5 5 2326 1 0 1 s:61c3
C 17 18
N 17 2300 1 s:61
D 2 0 0 2339 -1 0 2 s:6e756d626572 s:-
A 696e7465726e616c206f6e65 -1 -1 -1
C 20 21
D 0 5 6 6204 -1 0 0
D -1 -1 -1 2345 -1 0 2 s:737472696e67 s:737472696e67
R 22 23
N 22 6204 0
D 0 5 6 2339 -1 0 2 s:62 s:7b317d
TOP 0 1 0 3 0 4 5 7 11 12 19 20 24 25
END
CASE mixed23
D -1 -1 -1 6203 -1 0 1 i:100
D -1 -1 -1 2554 -1 0 2 s:6e756d626572 s:62
N 1 2345 2 s:61 s:7b20613a20737472696e673b207d
D 0 0 0 6217 -1 0 1 s:6e756d626572
D 3 0 2 2322 -1 0 2 s:61 s:737472696e67
TOP 0 2 3 4
END
CASE mixed24
D 3 0 0 2554 -1 0 2 s:6e756d626572 i:-1
D 3 2 2 2741 -1 1 3 s:737472696e67 s:6e756d626572 s:737472696e67
D 2 2 4 2741 -1 0 3 i:100 s:6e756d626572 s:62
D -1 0 0 2728 -1 0 1 i:0
R 2 3
D 0 2 3 1003 -1 0 0
R 2 4
D 0 1 3 6217 -1 0 1 s:737472696e67
D 0 5 5 2326 -1 0 1 s:61
D 4 2 4 1003 -1 0 0
D -1 0 0 2741 -1 0 3 s:e697a5e69cac s:61 s:737472696e67
D 1 5 6 2326 -1 0 1 s:62
R 8 9
TOP 0 1 2 5 6 7 8
END
CASE mixed25
D 0 2 3 2345 -1 0 2 s:737472696e67 s:7b20613a20737472696e673b207d
D -1 -1 -1 1003 -1 0 0
D 1 5 7 1003 2 0 0
C 1 2
D 3 2 4 2554 3 0 2 i:100 s:62
CL 3 2
A 696e7465726e616c206f6e65 2 2 4
D 0 9 9 2304 -1 0 1 s:6e756d626572
R 5 6
D 0 5 7 2554 -1 0 2 s:61 s:62
C 6 7
D 0 2 4 6203 -1 1 1 s:737472696e67
D 4 9 10 2345 -1 0 2 s:61 s:6e756d626572
D 0 1 1 2741 -1 0 3 s:62 s:7b317d s:6e756d626572
C 9 10
D 2 2 2 2728 -1 0 1 s:-
C 10 11
D 4 5 7 2339 1 0 2 s:737472696e67 s:6e756d626572
C 11 12
D -1 0 0 2554 -1 1 2 i:12 s:-
N 13 2554 2 s:- i:100
TOP 0 0 1 3 4 5 8 0 3 9 14
END
CASE mixed26
D 2 5 5 2300 -1 0 1 s:62
N 0 2339 2 s:62 s:6e756d626572
CL 1 0
D 0 2 2 6203 -1 0 1 s:61
D 1 1 3 6204 -1 0 0
N 4 1003 0
D 3 1 2 2300 -1 0 1 s:e28241fffe
D 4 9 9 2300 -1 0 1 s:6e756d626572
C 6 7
D 2 1 2 2741 -1 0 3 s:7b307d s:737472696e67 s:737472696e67
R 6 8
D 3 6 6 6203 -1 0 1 s:61
C 8 9
D -1 -1 -1 2326 -1 0 1 s:e28241fffe
R 6 10
D -1 -1 -1 2326 -1 0 1 s:6e756d626572
R 6 11
D 2 5 5 6203 -1 0 1 s:61
N 12 2322 2 s:62 s:62
D 2 2 3 2728 -1 0 1 s:6e756d626572
A 696e7465726e616c206f6e65 -1 -1 -1
R 14 15
N 14 2728 1 s:62
D 0 1 2 6204 -1 0 0
D 1 0 1 2554 -1 0 2 s:ff i:0
R 17 18
D 0 5 6 2554 -1 0 2 i:-1 s:7b307d
R 17 19
D 3 6 6 2741 -1 0 3 s:61 s:62 i:3
TOP 1 2 3 5 6 13 3 16 17 20
END
CASE mixed27
D 1 9 10 6204 -1 0 0
D 1 9 10 2326 -1 0 1 s:c3a9
R 0 1
D 2 5 5 1003 -1 0 0
D -1 -1 -1 2304 -1 0 1 s:61c3
D 0 0 0 2300 -1 0 1 s:ff
C 3 4
D 2 0 1 6217 -1 0 1 s:62
C 4 5
D 0 0 1 2322 -1 0 2 i:100 s:62
D -1 -1 -1 6217 0 0 1 s:61
C 6 7
D 4 0 0 1003 -1 0 0
C 7 8
D 0 9 9 2741 -1 0 3 s:61 s:e28241fffe s:7b307d
C 8 9
D 3 1 3 2322 -1 0 2 s:7b317d s:61
D 2 2 4 2741 -1 0 3 s:7b20613a20737472696e673b207d i:100 s:-
C 10 11
D 0 1 3 2728 -1 0 1 s:6e756d626572
D 2 2 4 2339 -1 0 2 s:6e756d626572 s:6e756d626572
D -1 0 0 2300 -1 0 1 s:6e756d626572
D 3 5 5 1003 -1 1 0
D 1 5 5 6217 -1 0 1 s:41
R 15 16
D -1 -1 -1 1003 -1 0 0
C 16 17
TOP 0 2 3 6 10 0 12 13 14 15 13
END
CASE mixed28
D 3 6 6 2300 -1 0 1 s:737472696e67
D 2 5 5 6203 -1 0 1 i:3
R 0 1
N 0 6203 1 s:6e756d626572
TOP 2 2
END
CASE mixed29
D 0 9 11 6217 -1 0 1 s:6e756d626572
D 1 0 2 2322 1 0 2 s:61c3 s:61
R 0 1
D 0 5 5 2300 -1 0 1 s:62
C 1 2
A 696e7465726e616c206f6e65 -1 -1 -1
R 0 3
D 1 9 11 1003 -1 0 0
C 3 4
D 0 2 2 2326 -1 0 1 s:e697a5e69cac
D 0 5 5 2304 -1 0 1 s:c3a9
C 5 6
D -1 -1 -1 2345 -1 0 2 s:7b20613a20737472696e673b207d s:6e756d626572
C 6 7
D 1 9 10 6217 -1 0 1 i:-1
R 6 8
D 0 1 1 2304 -1 1 1 s:737472696e67
R 6 9
D 2 5 5 2728 -1 0 1 s:61
R 6 10
D -1 0 0 6204 -1 0 0
R 5 11
D 2 5 5 2300 -1 0 1 i:12
D 2 0 1 2339 -1 0 2 s:61c3 s:ff
CL 13 2
D 3 6 6 6204 -1 0 0
D 2 0 1 2728 -1 0 1 s:62
C 15 16
D 2 5 5 2741 -1 0 3 s:7b307d s:61 s:e697a5e69cac
C 16 17
D 3 6 6 2339 -1 0 2 i:-1 i:-1
C 17 18
D 0 1 1 2322 -1 0 2 s:737472696e67 i:0
R 16 19
D 0 1 2 1003 -1 0 0
R 15 20
D 0 9 9 2326 -1 0 1 s:61
R 15 21
D 0 1 2 1003 -1 0 0
D -1 -1 -1 6204 -1 0 0
C 22 23
D 0 9 10 2326 -1 0 1 s:62
C 23 24
A 696e7465726e616c2074776f207b307d 3 0 0
C 24 25
D 0 2 3 2300 -1 0 1 s:61
R 23 26
D -1 -1 -1 2326 -1 0 1 s:7b307d
R 22 27
D 1 9 10 2300 -1 0 1 s:e28241fffe
R 22 28
D 3 6 6 2304 -1 0 1 s:62
R 22 29
D 3 6 6 6204 -1 0 0
CL 30 2
D 3 0 0 6204 -1 0 0
D 1 1 1 2345 -1 0 2 s:62 s:61
C 32 33
A 696e7465726e616c2074776f207b307d 4 0 2
C 33 34
D 0 1 3 6204 -1 0 0
R 33 35
D 3 0 2 6204 3 0 0
R 33 36
CL 32 3
D 2 5 5 2554 -1 1 2 s:41 s:62
D 1 0 2 2554 -1 0 2 s:c3a9 s:-
R 38 39
N 38 1003 0
D 4 1 3 2339 -1 0 2 s:e697a5e69cac s:737472696e67
D -1 -1 -1 2326 -1 0 1 s:41
C 41 42
N 41 1003 0
N 43 2326 1 s:62
D 0 0 1 2304 -1 0 1 i:100
A 696e7465726e616c206f6e65 0 9 11
C 45 46
D 2 5 5 2304 -1 0 1 s:737472696e67
C 46 47
N 45 2300 1 s:737472696e67
D 0 9 9 6217 -1 0 1 s:6e756d626572
D 1 9 10 1003 -1 0 0
C 49 50
D 2 1 1 1003 -1 0 0
R 50 51
D 2 2 2 6217 -1 0 1 s:62
R 50 52
D 3 5 6 2304 3 0 1 s:61
R 50 53
A 696e7465726e616c2074776f207b307d 0 2 4
D 1 0 2 2339 -1 0 2 s:6e756d626572 s:6161
R 54 55
D 1 5 5 2345 -1 0 2 s:61 s:737472696e67
R 54 56
D 2 0 0 2322 -1 0 2 s:61 s:7b307d
C 56 57
D 0 9 10 1003 -1 0 0
R 54 58
D 2 2 2 2339 -1 0 2 s:c3a9 s:62
C 58 59
N 54 6204 0
N 60 2304 1 s:737472696e67
D 0 5 7 1003 -1 0 0
D 4 1 1 2326 -1 0 1 s:6161
C 62 63
D 1 9 9 2741 -1 0 3 i:3 i:0 s:7b20613a20737472696e673b207d
C 63 64
D 0 5 6 2326 -1 0 1 i:100
C 64 65
D 3 5 6 2326 -1 0 1 s:62
R 62 66
D 2 0 0 2326 -1 0 1 s:6e756d626572
R 62 67
TOP 0 5 12 13 14 15 22 15 30 31 32 37 30 40 44 48 49 61 62
END
CASE onefile30
D 0 0 0 2728 0 1 1 s:6e756d626572
D 2 5 5 2345 -1 0 2 s:737472696e67 s:61
R 0 1
D 3 2 3 2300 1 0 1 i:-1
R 0 2
D 3 6 6 6203 -1 1 1 s:e697a5e69cac
R 0 3
D 0 1 1 2345 0 1 2 s:737472696e67 s:6e756d626572
N 4 2339 2 s:6e756d626572 i:-1
D 0 0 2 2322 -1 0 2 s:737472696e67 s:62
D 0 1 3 6217 0 0 1 s:61
A 696e7465726e616c2074776f207b307d 0 5 5
D 0 1 2 1003 -1 0 0
D 0 5 7 2741 -1 0 3 s:6e756d626572 s:61 i:-1
C 9 10
D 0 9 11 2326 0 0 1 s:7b307d
C 10 11
A 78 0 2 3
TOP 0 5 6 0 7 8 9 12
END
CASE onefile31
D 0 0 1 1003 -1 0 0
N 0 2741 3 s:62 s:6e756d626572 s:7b307d
D 0 0 0 2554 -1 0 2 s:6e756d626572 s:62
N 2 2326 1 s:737472696e67
N 3 6204 0
D 0 0 1 6204 -1 0 0
N 5 2554 2 s:61 s:61
D 0 5 6 2326 -1 0 1 s:62
D 0 9 9 2339 -1 0 2 s:62 s:6e756d626572
N 8 2304 1 s:61
TOP 1 1 4 1 6 7 1 9 6 1
END
CASE onefile32
D 0 1 2 2304 -1 0 1 s:c3a9
D 0 0 0 2339 -1 0 2 s:61 s:61
D 0 5 6 2728 -1 0 1 s:-
C 1 2
D 0 0 1 2554 -1 0 2 s:62 s:6e756d626572
C 2 3
D 0 9 10 2345 -1 1 2 s:6e756d626572 s:62
R 2 4
D 0 2 4 6217 -1 0 1 s:61
N 5 2554 2 i:0 s:737472696e67
N 6 6217 1 s:62
A 696e7465726e616c2074776f207b307d 0 1 3
A 696e7465726e616c206f6e65 0 2 3
C 8 9
D 0 0 0 2741 -1 0 3 s:ff i:3 s:62
N 10 2339 2 s:737472696e67 s:6e756d626572
D 0 9 9 2304 -1 0 1 s:62
D 3 0 2 2339 -1 0 2 s:62 s:737472696e67
R 12 13
D 0 9 11 2326 -1 0 1 i:0
R 12 14
D 0 1 3 2728 -1 0 1 s:737472696e67
R 12 15
N 12 2554 2 s:- i:-1
D 0 0 0 1003 -1 0 0
D 0 5 7 1003 -1 0 0
C 17 18
D 2 5 5 2300 -1 0 1 s:-
R 18 19
D 0 0 1 2322 -1 1 2 s:61 s:737472696e67
R 18 20
D 2 5 5 6217 -1 0 1 s:62
R 18 21
D -1 0 0 6217 -1 1 1 s:6161
R 17 22
D -1 -1 -1 6204 -1 0 0
R 17 23
D 0 1 2 2300 -1 0 1 s:7b307d
TOP 0 1 7 8 11 16 1 17 24
END
CASE onefile33
D 0 5 7 2326 -1 0 1 s:6161
A 696e7465726e616c2074776f207b307d 0 2 3
A 78 0 9 11
C 1 2
D 0 0 1 2304 -1 0 1 s:61
R 2 3
D 0 2 2 6204 -1 1 0
R 2 4
D 2 2 3 2322 -1 0 2 i:3 i:100
R 2 5
D 0 2 2 2300 -1 0 1 s:62
D 0 1 2 2304 -1 0 1 s:61
C 6 7
D 2 5 5 6217 -1 0 1 s:6e756d626572
R 6 8
D 0 1 1 6203 -1 0 1 s:6161
D 0 1 1 2339 -1 0 2 s:61 s:61
A 696e7465726e616c206f6e65 0 9 11
D 0 1 2 6203 -1 0 1 s:61
C 11 12
D 0 2 2 6204 -1 0 0
D 0 2 2 2741 -1 0 3 s:6e756d626572 s:6e756d626572 i:-1
C 13 14
A 696e7465726e616c2074776f207b307d 0 9 11
D 0 5 7 2728 -1 0 1 s:c3a9
C 15 16
D 3 6 6 6203 -1 0 1 i:12
R 16 17
D 2 5 5 6204 -1 0 0
R 16 18
D 2 5 5 6204 -1 0 0
R 16 19
D 0 9 10 2339 -1 0 2 s:62 s:61
D 1 5 7 2741 -1 0 3 s:6e756d626572 s:e28241fffe s:6e756d626572
R 20 21
D 0 2 2 1003 -1 0 0
C 21 22
TOP 0 1 6 9 10 11 0 13 15 20 1
END
CASE onefile34
D 0 2 2 2326 -1 0 1 i:12
D 0 9 10 2322 3 0 2 s:6e756d626572 s:737472696e67
D 0 0 0 2339 1 0 2 i:-1 s:-
C 1 2
D 2 5 5 2345 -1 0 2 s:61 s:41
R 2 3
N 1 2326 1 s:6e756d626572
N -1 1003 0
D 0 2 2 6203 -1 0 1 s:737472696e67
D 0 5 6 6204 -1 0 0
D 0 0 0 2304 -1 0 1 s:737472696e67
C 7 8
D 0 9 11 2728 -1 0 1 s:61
D 0 5 5 6203 1 0 1 s:61
D 0 5 7 2741 -1 0 3 s:6e756d626572 s:61 s:6e756d626572
C 10 11
D 3 0 0 6217 -1 0 1 s:6161
R 10 12
D 0 2 4 2326 -1 0 1 i:12
D -1 0 0 2728 -1 0 1 i:12
R 13 14
D 2 5 5 2322 -1 0 2 s:61 i:100
R 13 15
D 1 2 3 1003 -1 1 0
R 13 16
CL 13 0
D 0 9 11 2304 -1 0 1 s:-
D -1 0 0 2345 0 0 2 s:6e756d626572 s:61
R 18 19
D 0 1 3 1003 -1 0 0
C 19 20
N 18 2554 2 s:41 s:6e756d626572
N 21 2304 1 s:61
D 0 0 0 2322 -1 0 2 s:6161 s:737472696e67
D 0 9 10 2345 -1 0 2 s:6e756d626572 s:62
D 0 0 2 2345 -1 0 2 s:7b307d i:0
R 24 25
D 0 0 2 2741 -1 0 3 i:-1 s:737472696e67 s:-
C 25 26
D 0 9 9 2728 -1 0 1 i:3
R 24 27
D 0 5 6 2554 -1 0 2 s:61 s:62
A 78 -1 0 0
R 28 29
D 0 2 2 1003 -1 0 0
C 29 30
D 0 9 10 2339 -1 0 2 s:61 s:6e756d626572
D 0 1 2 2728 -1 0 1 s:61
D 0 5 5 6204 -1 0 0
C 32 33
D 3 5 6 6204 -1 0 0
R 33 34
D 0 1 2 6217 -1 0 1 s:737472696e67
D -1 -1 -1 2554 -1 0 2 s:6e756d626572 s:62
R 35 36
D 0 1 1 2741 -1 0 3 s:61c3 s:61c3 s:6e756d626572
R 35 37
D 0 5 7 6204 -1 1 0
D 0 1 2 6203 -1 0 1 s:6e756d626572
D 0 9 9 1003 -1 0 0
R 39 40
N 39 6217 1 s:61
TOP 0 5 6 7 9 10 13 17 22 23 24 28 31 32 35 38 41
END
CASE onefile35
D 0 5 7 2554 -1 0 2 s:62 i:0
A 78 0 5 7
TOP 0 1
END
CASE onefile36
D 0 2 2 2322 -1 0 2 s:737472696e67 i:-1
D 2 2 3 2554 -1 0 2 s:6e756d626572 s:61
R 0 1
D 0 0 0 6203 -1 0 1 s:6e756d626572
C 1 2
D -1 -1 -1 2326 -1 0 1 i:-1
R 0 3
D 0 2 3 6203 1 0 1 i:100
D 0 0 0 2554 -1 0 2 s:61 s:6e756d626572
C 4 5
D 0 2 3 6217 -1 0 1 s:6e756d626572
C 5 6
N 4 6203 1 s:61
D 0 1 2 2741 -1 0 3 s:62 s:737472696e67 i:100
D 0 0 0 6204 1 0 0
D 0 5 6 2326 -1 0 1 i:-1
D 0 2 3 2741 -1 0 3 s:e697a5e69cac s:61c3 i:0
D 0 0 2 2345 -1 0 2 s:61 s:62
R 11 12
D 1 5 7 2741 3 1 3 i:3 s:6e756d626572 s:737472696e67
R 11 13
D 1 0 2 6203 -1 0 1 i:3
R 11 14
TOP 0 0 7 8 9 10 11
END
CASE onefile37
D 0 2 4 6204 -1 0 0
D 0 9 9 6203 -1 1 1 s:7b317d
C 0 1
D 0 0 0 2304 -1 0 1 s:62
C 1 2
D 0 5 5 2554 2 0 2 i:12 s:737472696e67
N 3 1003 0
D 0 2 2 6217 -1 0 1 s:61
D 0 1 1 6217 1 1 1 s:62
D 0 9 11 2300 1 0 1 s:61
N 7 1003 0
CL 8 0
D 0 1 2 2741 -1 0 3 s:737472696e67 s:61c3 s:6e756d626572
D 0 2 2 1003 -1 0 0
D -1 -1 -1 2304 -1 0 1 s:6e756d626572
R 11 12
N 11 1003 0
N 13 2345 2 s:62 s:7b307d
D 0 2 3 2554 -1 0 2 s:62 s:61
N 15 6217 1 s:737472696e67
D 0 2 2 2300 -1 0 1 s:61c3
D 0 0 0 2304 -1 1 1 s:7b20613a20737472696e673b207d
C 17 18
D 3 5 6 2322 -1 0 2 s:61 s:62
R 17 19
D 0 1 3 2326 -1 0 1 s:c3a9
C 19 20
N 17 1003 0
D 0 5 5 2728 -1 1 1 i:100
D -1 -1 -1 2322 -1 0 2 s:e28241fffe s:62
R 22 23
D 0 5 7 6203 -1 0 1 s:61
R 22 24
TOP 0 4 5 6 8 9 8 10 14 16 21 6 22
END
CASE global38
D -1 -1 -1 2304 -1 0 1 i:12
D -1 -1 -1 2300 3 0 1 i:100
D -1 -1 -1 1003 -1 0 0
C 1 2
D 2 5 5 2322 -1 0 2 s:737472696e67 s:61
R 1 3
D -1 -1 -1 2554 -1 1 2 s:62 i:3
C 3 4
D -1 0 0 2326 -1 0 1 s:6161
D 2 2 3 2326 -1 0 1 s:737472696e67
R 5 6
D 3 0 2 1003 3 0 0
R 5 7
D -1 0 0 2326 -1 0 1 s:-
A 696e7465726e616c206f6e65 3 2 3
R 8 9
D -1 -1 -1 6204 -1 1 0
C 9 10
CL 8 2
D -1 -1 -1 2741 -1 0 3 s:61 s:61 s:62
D -1 -1 -1 2345 -1 0 2 s:737472696e67 s:61
D -1 -1 -1 2741 -1 0 3 s:c3a9 s:62 s:737472696e67
R 13 14
D 0 5 5 2345 2 1 2 i:3 s:62
R 13 15
D -1 -1 -1 2304 -1 0 1 s:7b307d
R 13 16
N 13 2304 1 s:61
TOP 0 0 1 5 8 11 0 12 17
END
CASE global39
D -1 0 0 2345 -1 0 2 s:62 i:-1
D -1 -1 -1 6204 -1 0 0
D -1 0 0 2322 -1 0 2 s:61 s:61
N 2 2728 1 s:62
TOP 0 0 0 1 3
END
CASE global40
D -1 -1 -1 2304 -1 0 1 s:7b20613a20737472696e673b207d
D -1 -1 -1 2322 -1 0 2 s:61c3 s:61
D -1 -1 -1 1003 -1 0 0
C 1 2
D 1 9 10 2728 -1 0 1 s:61
R 1 3
D -1 0 0 2741 -1 0 3 s:e28241fffe i:12 s:62
C 3 4
D -1 -1 -1 2304 -1 0 1 s:c3a9
D -1 0 0 1003 2 0 0
C 5 6
N 5 6204 0
D -1 -1 -1 2741 -1 0 3 s:737472696e67 s:61c3 s:61
D 3 5 6 2304 -1 0 1 s:737472696e67
R 8 9
A 78 -1 -1 -1
R 8 10
N 8 1003 0
N 11 1003 0
D -1 -1 -1 6217 -1 0 1 s:6e756d626572
D 1 9 10 2345 -1 0 2 s:61 s:61c3
R 13 14
D 3 2 3 2554 -1 0 2 s:6e756d626572 s:737472696e67
R 13 15
D -1 -1 -1 2345 3 0 2 s:737472696e67 s:6e756d626572
N 16 6203 1 i:0
D -1 0 0 2300 -1 0 1 s:6e756d626572
D 0 9 10 2322 -1 0 2 i:100 s:61c3
R 18 19
D 1 5 5 2741 0 0 3 s:737472696e67 i:0 s:6e756d626572
R 18 20
D -1 -1 -1 6204 -1 0 0
C 20 21
D 1 2 3 6204 -1 0 0
R 18 22
D -1 -1 -1 1003 -1 1 0
C 22 23
D -1 -1 -1 2339 -1 0 2 s:737472696e67 s:6e756d626572
CL 24 3
D -1 -1 -1 6203 -1 0 1 s:6e756d626572
D -1 -1 -1 2326 -1 0 1 s:737472696e67
C 26 27
D 1 5 6 6204 -1 0 0
R 27 28
D 3 5 6 2304 -1 0 1 s:61
R 27 29
D 0 9 11 2300 -1 0 1 s:61
R 26 30
D -1 -1 -1 6203 -1 0 1 s:737472696e67
C 30 31
TOP 0 1 7 12 13 17 18 24 25 26 1
END
CASE global41
D -1 -1 -1 2554 -1 0 2 s:62 s:737472696e67
D -1 0 0 1003 -1 0 0
D 2 1 2 6204 1 0 0
R 1 2
D -1 -1 -1 1003 -1 0 0
R 1 3
D -1 -1 -1 2326 -1 0 1 s:61
D -1 -1 -1 2322 -1 0 2 s:61 s:6e756d626572
A 78 -1 -1 -1
D -1 0 0 6204 -1 0 0
N -1 2304 1 s:e697a5e69cac
D -1 -1 -1 6217 -1 0 1 s:c3a9
TOP 0 1 4 5 6 8 9
END
CASE deep42
D 3 0 0 2728 -1 1 1 s:6e756d626572
D 1 5 6 6204 -1 1 0
C 0 1
D -1 -1 -1 2728 -1 0 1 s:e697a5e69cac
C 1 2
D 1 2 4 2728 -1 1 1 i:0
C 2 3
D 1 5 5 6203 -1 0 1 s:e697a5e69cac
C 2 4
D 0 5 6 6217 -1 0 1 s:6161
C 0 5
A 696e7465726e616c2074776f207b307d 2 1 1
C 5 6
D 4 0 0 2304 -1 0 1 s:6e756d626572
C 5 7
D -1 -1 -1 2300 -1 0 1 s:7b307d
C 5 8
D 3 6 6 2326 -1 0 1 i:100
C 8 9
D 3 2 2 1003 -1 1 0
C 0 10
D -1 0 0 6217 -1 0 1 s:62
R 10 11
D 1 0 0 2345 -1 0 2 s:e697a5e69cac s:62
D 1 0 1 2304 -1 0 1 i:0
D -1 -1 -1 2728 -1 0 1 s:61
D 0 0 2 6217 -1 0 1 s:-
D 0 5 7 2554 -1 0 2 s:737472696e67 s:62
C 15 16
D 0 1 3 2304 1 0 1 i:100
C 16 17
D 0 1 3 2326 3 0 1 s:737472696e67
C 16 18
A 696e7465726e616c2074776f207b307d 0 9 11
N 19 2741 3 s:7b317d s:61 s:62
D -1 -1 -1 2554 -1 1 2 s:62 s:61
D 4 5 7 2741 -1 0 3 s:62 s:61 s:61
C 21 22
D 4 2 4 6203 0 1 1 s:6e756d626572
C 22 23
D 0 1 3 2322 3 0 2 i:12 s:6e756d626572
C 23 24
D 4 0 0 2300 -1 0 1 s:e28241fffe
C 23 25
D 0 2 3 2326 -1 0 1 s:61
C 22 26
D 3 5 6 6203 -1 0 1 s:62
C 26 27
D 1 2 3 6217 -1 0 1 s:61
C 22 28
D 0 2 4 2345 -1 0 2 s:62 i:-1
C 28 29
D -1 -1 -1 2554 -1 0 2 s:737472696e67 s:737472696e67
C 28 30
D 0 2 3 2300 -1 0 1 s:62
R 22 31
N 21 2741 3 s:e697a5e69cac i:3 s:6161
A 696e7465726e616c2074776f207b307d -1 0 0
D 2 1 3 2741 0 0 3 s:6e756d626572 s:c3a9 s:62
C 33 34
D 4 2 2 2304 -1 0 1 s:6e756d626572
C 34 35
D -1 -1 -1 2345 -1 0 2 s:6e756d626572 s:61
C 33 36
D 2 5 5 2322 -1 0 2 s:6e756d626572 s:61
R 33 37
D 0 1 3 6203 -1 0 1 s:61
C 37 38
N 33 2728 1 s:e697a5e69cac
TOP 0 12 0 13 13 13 14 15 20 32 39
END
CASE deep43
D 0 5 7 2728 -1 0 1 s:62
D 2 5 5 2741 -1 0 3 s:7b307d s:62 s:737472696e67
D 0 2 2 2326 -1 0 1 s:6e756d626572
C 1 2
D -1 -1 -1 2345 -1 0 2 s:62 s:737472696e67
C 2 3
D 0 5 6 2728 -1 0 1 i:100
C 3 4
D 0 2 3 6204 -1 0 0
C 1 5
D 0 0 2 6217 -1 0 1 s:737472696e67
C 5 6
D 0 0 0 2326 -1 0 1 s:62
C 6 7
D -1 -1 -1 2304 -1 0 1 s:62
C 6 8
D -1 -1 -1 6203 -1 0 1 s:61
C 6 9
N 1 2728 1 s:62
N 10 2741 3 s:61 s:737472696e67 s:61
D 2 1 1 6217 -1 0 1 s:41
D 4 1 2 6217 -1 0 1 s:6e756d626572
C 12 13
D -1 -1 -1 2322 -1 0 2 s:737472696e67 s:62
C 13 14
D 1 9 9 2728 -1 0 1 s:61
C 14 15
D 0 9 9 2554 -1 0 2 i:-1 s:6e756d626572
C 14 16
D 0 1 1 6217 -1 0 1 s:ff
C 13 17
D 2 2 2 2326 -1 0 1 s:737472696e67
C 17 18
D 3 2 2 1003 -1 0 0
D 4 2 3 6217 -1 0 1 s:6e756d626572
C 19 20
D 1 2 3 2300 -1 0 1 i:3
C 20 21
D 4 5 5 2339 -1 0 2 s:737472696e67 i:0
C 20 22
D 0 1 2 2304 -1 1 1 s:737472696e67
C 22 23
D 0 2 4 2728 -1 0 1 s:6e756d626572
C 22 24
N 19 2345 2 s:61 s:61
N 25 2345 2 s:7b20613a20737472696e673b207d i:100
D 3 5 5 2554 -1 0 2 s:737472696e67 s:62
D 0 2 4 2304 2 0 1 s:61
C 27 28
A 696e7465726e616c2074776f207b307d 1 9 10
R 27 29
D 0 0 1 6204 -1 0 0
C 29 30
D 4 0 1 2322 -1 0 2 i:3 s:6e756d626572
C 29 31
D 4 2 4 2741 -1 0 3 s:61c3 s:61 s:6e756d626572
C 29 32
D 0 5 5 2300 -1 1 1 s:61
R 27 33
D -1 0 0 2554 -1 0 2 s:7b20613a20737472696e673b207d s:62
C 33 34
D 2 5 5 2339 -1 0 2 s:61 s:737472696e67
C 33 35
N 27 6217 1 s:6e756d626572
D 0 5 7 2304 -1 1 1 s:737472696e67
N 37 6204 0
D -1 0 0 2326 -1 0 1 s:6161
D -1 -1 -1 2339 -1 0 2 s:61 s:61
C 39 40
D 3 0 2 2345 -1 0 2 s:6e756d626572 s:6e756d626572
R 40 41
D 2 5 5 2339 -1 0 2 s:737472696e67 s:737472696e67
R 40 42
D 0 2 2 2728 -1 0 1 s:41
C 39 43
D 2 5 5 2322 -1 0 2 s:61 s:-
C 43 44
D -1 -1 -1 2304 -1 0 1 s:737472696e67
C 44 45
D 4 1 1 2322 -1 0 2 s:61 s:62
C 44 46
D 1 2 3 2300 -1 1 1 i:12
C 43 47
D 0 2 2 2554 -1 0 2 s:737472696e67 i:100
C 47 48
D 3 1 2 2728 -1 0 1 s:62
C 47 49
D 3 1 2 2304 -1 0 1 s:62
C 43 50
D -1 -1 -1 2339 -1 0 2 s:62 s:737472696e67
C 50 51
D -1 -1 -1 2304 -1 0 1 s:6e756d626572
C 50 52
D 4 2 3 6204 -1 0 0
C 50 53
D 0 5 6 2300 -1 0 1 s:61
C 39 54
D 3 2 2 2300 -1 0 1 s:737472696e67
C 54 55
D 1 0 2 2300 -1 0 1 i:100
R 54 56
TOP 0 11 0 12 26 36 38 39
END
CASE deep44
D 4 1 2 2326 -1 0 1 s:6e756d626572
D 3 5 6 2304 -1 1 1 s:61c3
A 78 1 5 7
C 1 2
D 0 1 1 2322 -1 0 2 s:6e756d626572 s:c3a9
C 2 3
D 3 6 6 1003 -1 0 0
C 3 4
D -1 -1 -1 6204 -1 0 0
C 2 5
D 4 1 1 2322 -1 0 2 s:6e756d626572 s:7b20613a20737472696e673b207d
C 5 6
D 3 6 6 2304 -1 0 1 s:737472696e67
C 1 7
D 2 0 0 2554 -1 0 2 s:41 i:100
C 1 8
D 2 2 4 2345 -1 0 2 s:6e756d626572 s:61
R 8 9
D 1 2 2 2345 -1 0 2 s:6e756d626572 s:61c3
R 8 10
D 1 9 9 2728 2 0 1 s:62
D 3 0 2 6204 -1 0 0
C 11 12
A 696e7465726e616c206f6e65 0 1 2
C 12 13
D 1 1 1 6204 -1 1 0
C 13 14
D -1 -1 -1 1003 -1 0 0
C 13 15
D 3 6 6 2728 -1 0 1 s:61c3
C 13 16
D 2 2 3 1003 -1 0 0
C 12 17
D 0 0 0 6203 -1 0 1 s:62
C 11 18
A 696e7465726e616c206f6e65 0 9 9
C 18 19
D 0 5 6 2300 -1 0 1 s:61c3
C 19 20
D 2 5 5 2304 -1 0 1 s:6e756d626572
C 19 21
A 78 1 5 5
R 18 22
D 3 2 4 6204 -1 0 0
R 11 23
D 2 5 5 2554 -1 0 2 s:737472696e67 s:61
C 23 24
D 0 0 2 2322 -1 0 2 s:61 s:62
C 23 25
D 1 2 3 1003 -1 0 0
C 23 26
D 0 9 10 6204 -1 0 0
R 11 27
D 4 2 4 2300 -1 0 1 s:737472696e67
C 27 28
D -1 -1 -1 6217 -1 0 1 s:62
C 27 29
D -1 0 0 6204 -1 0 0
D 1 5 6 1003 -1 0 0
C 30 31
D -1 0 0 2300 -1 0 1 s:62
C 30 32
D 3 0 1 6217 -1 0 1 s:62
C 32 33
D 3 6 6 2554 -1 0 2 i:3 s:6e756d626572
C 33 34
A 696e7465726e616c2074776f207b307d 4 1 2
C 30 35
D 2 0 2 2339 -1 1 2 s:61 s:6e756d626572
R 30 36
D 1 9 10 2741 1 0 3 s:62 s:7b317d s:7b307d
R 30 37
D 3 0 0 2339 -1 0 2 i:-1 s:ff
C 37 38
D -1 -1 -1 2741 -1 0 3 s:61 s:61 s:6e756d626572
C 37 39
D -1 -1 -1 2322 -1 0 2 i:100 s:737472696e67
C 37 40
D 1 0 0 2326 1 0 1 i:12
R 30 41
CL 30 2
D 1 2 4 6203 -1 0 1 s:61
N 43 2741 3 s:- s:737472696e67 s:61
D 0 0 1 2554 -1 0 2 s:62 s:6e756d626572
D 0 0 2 2728 -1 0 1 s:62
C 45 46
D 3 1 3 2322 -1 0 2 s:41 s:61
R 46 47
D 2 2 4 2339 -1 0 2 s:737472696e67 s:62
R 46 48
D 3 2 4 6203 3 0 1 s:61
R 46 49
D -1 -1 -1 2728 -1 0 1 s:e697a5e69cac
C 45 50
D 3 1 1 2345 -1 0 2 s:7b20613a20737472696e673b207d s:61
C 45 51
D 4 5 6 2728 -1 0 1 s:6e756d626572
C 51 52
D -1 -1 -1 2304 -1 0 1 s:62
A 696e7465726e616c2074776f207b307d -1 0 0
C 53 54
D 3 2 4 6217 -1 0 1 s:62
C 54 55
D 0 9 10 2304 -1 0 1 i:100
C 54 56
D 4 1 1 1003 -1 0 0
C 56 57
D 3 5 6 2554 -1 0 2 i:100 s:737472696e67
C 54 58
D 0 9 10 2554 -1 0 2 i:100 s:62
C 58 59
D 2 2 3 2326 -1 0 1 s:737472696e67
C 58 60
D 2 5 5 2728 -1 0 1 s:-
D -1 0 0 2304 -1 0 1 s:61c3
C 61 62
A 696e7465726e616c206f6e65 3 0 1
C 62 63
D 0 1 3 2339 -1 0 2 i:-1 s:61
C 63 64
D 2 2 4 1003 -1 0 0
C 62 65
D 0 5 5 2728 -1 0 1 s:61
C 65 66
D 3 2 2 6217 -1 0 1 s:61
C 65 67
D 0 0 1 2339 -1 0 2 s:737472696e67 s:61
C 62 68
D 0 0 2 2322 -1 0 2 s:737472696e67 s:-
C 61 69
A 696e7465726e616c206f6e65 -1 -1 -1
C 69 70
D 2 2 4 2339 -1 0 2 s:61c3 s:737472696e67
C 70 71
D 3 6 6 2300 -1 0 1 s:62
C 70 72
D 2 2 4 2300 -1 0 1 s:62
C 70 73
D 1 9 9 2304 -1 1 1 s:61c3
R 69 74
D 2 2 4 2304 -1 0 1 s:6e756d626572
R 69 75
D 2 0 0 2728 -1 1 1 s:6e756d626572
C 61 76
D 2 1 1 6204 -1 0 0
C 76 77
D 1 0 1 2300 0 0 1 s:62
C 77 78
D 1 2 4 2345 -1 1 2 i:0 i:-1
C 77 79
D 1 0 2 6203 -1 0 1 s:61
C 77 80
D 2 1 3 6204 -1 1 0
C 76 81
D 4 0 0 2322 -1 0 2 s:62 s:6e756d626572
C 81 82
D 1 0 2 2339 0 0 2 s:61 s:7b20613a20737472696e673b207d
C 81 83
A 696e7465726e616c2074776f207b307d 3 5 5
C 81 84
D 4 5 7 2304 -1 0 1 s:62
D 3 6 6 2322 -1 0 2 s:e697a5e69cac s:737472696e67
C 85 86
D 0 1 1 2304 -1 0 1 i:-1
C 86 87
D -1 -1 -1 6203 3 0 1 s:6e756d626572
C 87 88
D 3 2 4 2741 -1 0 3 s:6e756d626572 s:737472696e67 s:61c3
C 86 89
D -1 0 0 2554 -1 0 2 s:6e756d626572 s:62
C 89 90
D 0 1 2 6203 -1 0 1 s:6e756d626572
C 89 91
D 2 0 2 2345 -1 0 2 s:6e756d626572 s:62
C 85 92
D 1 1 2 6217 0 0 1 s:61
C 92 93
D 0 1 3 6203 -1 0 1 s:62
C 93 94
D 0 2 2 2741 -1 0 3 i:-1 s:737472696e67 s:41
C 93 95
D -1 -1 -1 2345 -1 0 2 s:- s:61
C 85 96
D 1 2 3 6203 -1 0 1 s:737472696e67
C 96 97
D 0 5 7 2339 -1 0 2 i:0 s:6e756d626572
C 97 98
D 4 0 2 2741 -1 0 3 s:737472696e67 i:100 s:62
C 97 99
D 1 0 2 2304 -1 0 1 s:41
C 96 100
D 4 1 2 6204 -1 0 0
C 100 101
D 0 2 2 2304 -1 0 1 s:61c3
D 0 0 0 2322 -1 0 2 s:7b307d s:62
C 102 103
D 4 5 7 6203 -1 0 1 s:61
C 103 104
D 0 1 3 2728 -1 0 1 s:737472696e67
C 104 105
D -1 0 0 1003 -1 0 0
C 104 106
D 0 1 3 2741 0 0 3 s:6e756d626572 s:737472696e67 s:7b307d
C 104 107
D 1 9 10 2339 -1 0 2 s:6e756d626572 s:61
C 103 108
D 0 0 0 2304 -1 0 1 s:61
C 108 109
D 0 9 11 2300 -1 0 1 i:3
C 108 110
D 0 9 11 2300 1 0 1 s:62
C 103 111
D 2 5 5 2554 -1 0 2 s:41 s:737472696e67
C 111 112
D 2 0 1 2554 -1 0 2 s:62 s:61
R 103 113
N 102 1003 0
D 0 2 2 1003 -1 0 0
A 696e7465726e616c2074776f207b307d 2 2 4
C 115 116
D 0 9 9 2300 -1 0 1 s:737472696e67
N 117 2300 1 s:61
N 118 2322 2 s:62 s:c3a9
D -1 -1 -1 6217 -1 0 1 s:62
D 0 5 6 2345 -1 0 2 s:61 i:12
C 120 121
D 0 9 11 2326 -1 0 1 s:737472696e67
C 120 122
D 1 1 1 2741 -1 0 3 s:61 s:41 s:737472696e67
C 122 123
D 4 5 5 6217 -1 0 1 i:3
C 123 124
D 4 9 11 1003 2 0 0
C 123 125
D 2 2 2 2741 -1 0 3 s:62 s:61 s:62
C 123 126
D 1 9 9 2322 -1 0 2 s:737472696e67 s:737472696e67
C 122 127
D -1 -1 -1 2339 -1 0 2 i:12 s:6e756d626572
C 127 128
D 3 6 6 2326 -1 1 1 s:737472696e67
C 127 129
D 1 2 3 2339 -1 0 2 s:61 s:6e756d626572
C 122 130
D -1 0 0 1003 -1 0 0
C 130 131
D 0 5 7 1003 -1 0 0
C 130 132
D 0 1 3 6204 -1 0 0
C 130 133
D -1 -1 -1 2339 -1 0 2 s:- s:62
C 120 134
D 3 0 0 2741 -1 0 3 s:62 s:61 s:6e756d626572
C 134 135
A 696e7465726e616c2074776f207b307d 2 5 5
R 120 136
D 0 2 4 6217 -1 0 1 s:61
C 136 137
D 3 1 2 2304 -1 0 1 s:62
C 136 138
D -1 0 0 2304 -1 0 1 s:737472696e67
C 136 139
D -1 -1 -1 2345 0 0 2 s:62 s:737472696e67
R 120 140
D 1 1 3 2322 -1 0 2 s:41 i:12
R 120 141
D 0 0 1 6204 -1 0 0
C 141 142
TOP 0 1 11 30 42 44 45 53 61 85 114 115 119 120
END
CASE deep45
D 4 5 7 2728 -1 1 1 s:61
D -1 -1 -1 2304 -1 0 1 s:61
C 0 1
D 0 2 4 2304 -1 0 1 s:61
C 1 2
D 0 1 3 6204 -1 0 0
C 2 3
D -1 -1 -1 2304 -1 0 1 s:62
C 2 4
D 0 0 1 1003 -1 0 0
C 1 5
D 2 5 5 2741 -1 0 3 s:737472696e67 s:62 s:61
C 5 6
D 1 2 3 1003 -1 0 0
C 5 7
D 0 5 7 2326 -1 0 1 s:61
C 5 8
A 696e7465726e616c2074776f207b307d 0 2 2
C 0 9
D 1 1 2 2304 -1 0 1 s:61
C 9 10
D 0 5 7 6204 -1 1 0
C 9 11
A 78 0 1 2
D 0 0 2 2345 -1 0 2 s:737472696e67 s:6e756d626572
C 12 13
D 4 5 5 2322 0 0 2 s:737472696e67 s:-
C 13 14
D 3 5 6 2326 1 0 1 i:3
C 14 15
D 1 0 1 2554 -1 0 2 s:62 s:62
C 14 16
D 2 5 5 2339 -1 0 2 s:6e756d626572 s:41
C 14 17
D -1 -1 -1 2304 -1 0 1 s:7b317d
C 12 18
D 1 1 3 6204 -1 1 0
R 12 19
D 2 1 3 2326 -1 0 1 s:61
R 12 20
D 3 2 3 2741 1 0 3 s:6e756d626572 s:62 i:12
C 20 21
D 2 0 2 6204 -1 0 0
C 20 22
D 0 5 5 2326 -1 0 1 s:6e756d626572
C 20 23
D 0 1 3 6204 3 0 0
A 696e7465726e616c2074776f207b307d 3 0 2
C 24 25
D 1 1 3 2339 -1 0 2 i:0 s:6e756d626572
C 25 26
D -1 -1 -1 2339 -1 0 2 s:62 s:737472696e67
C 26 27
D -1 0 0 6217 -1 0 1 s:62
C 26 28
D -1 -1 -1 6203 -1 0 1 i:100
C 26 29
D 1 1 2 2554 -1 0 2 s:62 s:737472696e67
C 25 30
D 0 1 3 2304 -1 0 1 i:3
C 25 31
D 1 0 0 6203 -1 1 1 s:6161
C 24 32
D 3 1 1 2339 -1 0 2 s:737472696e67 s:737472696e67
D -1 -1 -1 2304 -1 0 1 s:61
D 4 5 6 6217 3 0 1 s:7b307d
C 34 35
A 696e7465726e616c2074776f207b307d 0 0 1
C 35 36
D -1 -1 -1 6203 -1 0 1 s:62
C 35 37
D 0 5 6 2339 -1 0 2 s:61 s:6e756d626572
C 37 38
D 0 1 3 2339 -1 0 2 s:61 s:e697a5e69cac
C 37 39
D 1 5 6 2322 -1 0 2 s:61 s:61
R 35 40
D -1 -1 -1 2322 -1 0 2 s:6e756d626572 s:62
C 34 41
D 0 1 3 2554 -1 0 2 s:737472696e67 s:ff
C 41 42
D 3 5 6 2554 -1 1 2 s:62 s:737472696e67
C 42 43
A 78 4 0 0
C 34 44
D 2 2 3 2741 -1 0 3 s:61 i:100 s:737472696e67
D 0 5 6 2728 -1 0 1 s:737472696e67
D -1 0 0 2304 -1 0 1 s:62
D 0 5 5 2728 -1 0 1 s:61
C 47 48
D -1 0 0 2554 -1 0 2 s:61 s:737472696e67
C 48 49
D 0 2 3 2326 -1 1 1 s:62
C 49 50
D 4 5 6 2322 0 0 2 s:c3a9 s:6e756d626572
C 49 51
D 0 2 2 2741 -1 0 3 s:6e756d626572 s:62 s:6e756d626572
C 47 52
D 0 9 10 2322 -1 0 2 s:62 s:61
C 52 53
D 4 0 1 2339 -1 0 2 i:3 s:737472696e67
C 53 54
D 1 1 2 6217 -1 0 1 i:3
C 53 55
D 3 6 6 2304 -1 0 1 s:6161
C 53 56
D 0 9 11 2554 -1 1 2 s:- s:6161
C 52 57
D 1 1 3 2741 -1 0 3 s:62 s:62 i:12
C 57 58
D 3 0 1 2300 -1 0 1 s:7b20613a20737472696e673b207d
C 52 59
D 3 6 6 2339 -1 0 2 s:6e756d626572 i:3
C 59 60
D 3 5 6 2300 -1 0 1 s:62
R 47 61
D 1 9 11 2322 2 1 2 s:7b317d i:100
R 47 62
D 4 2 3 2300 -1 0 1 s:41
C 62 63
D -1 0 0 2304 -1 0 1 s:7b20613a20737472696e673b207d
R 47 64
D 4 9 9 2345 -1 0 2 s:62 s:ff
C 64 65
D 0 2 2 2300 -1 0 1 s:7b317d
C 64 66
D 2 2 2 6203 -1 0 1 s:6e756d626572
C 64 67
N 47 2741 3 s:62 s:7b317d s:7b307d
D -1 0 0 1003 -1 0 0
D 4 2 2 2322 -1 0 2 s:6e756d626572 s:62
C 69 70
D 4 2 2 6203 -1 0 1 i:0
C 70 71
D 3 2 2 2741 -1 0 3 s:ff s:61 s:-
C 71 72
D -1 -1 -1 2322 -1 0 2 s:62 s:737472696e67
C 71 73
D 1 2 4 2728 -1 1 1 s:62
C 71 74
D 0 2 3 2339 0 0 2 s:6e756d626572 i:-1
C 70 75
D 4 2 4 6203 -1 0 1 s:e697a5e69cac
C 75 76
D 0 2 2 2322 2 0 2 i:100 s:62
C 69 77
D 4 2 3 2339 -1 0 2 s:6e756d626572 i:3
C 77 78
D -1 -1 -1 2741 -1 0 3 s:7b20613a20737472696e673b207d s:737472696e67 s:737472696e67
C 77 79
D 1 9 9 2728 -1 1 1 s:62
C 79 80
D 0 1 1 2326 -1 0 1 s:61
C 79 81
D 1 1 1 2728 -1 0 1 s:737472696e67
C 79 82
D 4 2 2 6204 -1 0 0
C 77 83
D 2 5 5 6204 3 0 0
C 83 84
D -1 -1 -1 2322 2 1 2 s:61 s:62
R 69 85
D 1 0 2 6203 -1 0 1 s:6161
D 2 2 4 2304 -1 0 1 s:62
C 86 87
D 2 5 5 2326 -1 0 1 s:737472696e67
C 86 88
D 1 0 1 2741 -1 0 3 i:0 s:62 s:6e756d626572
C 88 89
D -1 0 0 6204 -1 1 0
C 88 90
D 0 2 3 2554 -1 0 2 i:-1 s:6e756d626572
C 88 91
D 4 0 1 2728 -1 0 1 i:100
C 91 92
D 2 0 1 2322 -1 0 2 s:61 s:7b20613a20737472696e673b207d
C 91 93
D -1 -1 -1 2554 3 0 2 s:737472696e67 s:7b317d
C 91 94
TOP 0 0 0 12 24 33 34 45 46 68 0 69 0 86
END
CASE deep46
D 3 5 6 2741 -1 1 3 i:3 s:6e756d626572 s:62
D 4 2 2 2339 -1 0 2 s:737472696e67 i:0
C 0 1
D 0 0 2 2300 -1 1 1 s:737472696e67
C 0 2
D 3 5 6 2345 -1 0 2 s:6161 s:6e756d626572
D -1 0 0 6204 -1 0 0
C 3 4
D -1 -1 -1 2322 -1 0 2 s:737472696e67 i:3
C 4 5
D 0 0 2 2326 -1 0 1 s:6e756d626572
C 4 6
D -1 0 0 2322 -1 0 2 s:62 s:7b307d
C 6 7
D 0 2 2 2304 -1 0 1 s:61
C 4 8
D 0 2 2 2554 -1 0 2 s:61c3 s:7b307d
C 8 9
A 78 1 5 6
C 8 10
D 0 5 7 6217 -1 0 1 i:12
C 8 11
D 3 2 4 2728 -1 1 1 s:c3a9
R 4 12
D 1 1 1 2322 -1 0 2 s:737472696e67 s:61
R 4 13
D 1 9 9 2304 -1 0 1 s:737472696e67
C 3 14
D 0 5 5 6217 -1 1 1 s:6e756d626572
D 4 0 1 2728 -1 0 1 s:61
C 15 16
D -1 0 0 2326 2 0 1 s:61
R 16 17
D 0 2 4 1003 -1 0 0
C 15 18
D 0 0 2 2304 -1 0 1 s:7b20613a20737472696e673b207d
C 18 19
D 4 9 9 2339 1 0 2 s:6161 s:737472696e67
C 19 20
D 3 1 1 2300 -1 0 1 s:6161
C 19 21
D 2 5 5 6217 0 0 1 s:737472696e67
C 19 22
D -1 0 0 6203 -1 0 1 s:61
C 18 23
D 0 9 11 1003 -1 0 0
C 18 24
D 3 6 6 2304 -1 0 1 s:737472696e67
C 24 25
CL 15 3
D 2 5 5 2304 -1 0 1 s:7b20613a20737472696e673b207d
D 0 1 2 1003 -1 0 0
C 27 28
D 4 0 2 2728 -1 0 1 s:e697a5e69cac
C 28 29
D 4 1 1 2345 -1 0 2 s:6e756d626572 s:7b317d
C 29 30
D 3 0 0 6203 2 0 1 s:61
C 27 31
D 2 1 3 2345 -1 0 2 s:62 s:62
C 31 32
D -1 -1 -1 6217 -1 0 1 s:6e756d626572
C 31 33
TOP 0 3 15 26 27
END
CASE deep47
A 696e7465726e616c2074776f207b307d 3 2 4
D -1 0 0 6204 1 0 0
R 0 1
D 2 5 5 2326 -1 0 1 s:e28241fffe
R 0 2
N 0 2741 3 i:-1 i:12 s:62
TOP 3 3
END
CASE deep48
D 2 1 1 2326 -1 1 1 i:0
D 3 5 5 2322 -1 0 2 s:6e756d626572 s:62
D 0 5 6 2728 -1 0 1 s:c3a9
C 1 2
D -1 -1 -1 6204 -1 0 0
C 2 3
D 1 0 2 2300 -1 0 1 s:7b20613a20737472696e673b207d
C 3 4
D -1 -1 -1 6217 -1 0 1 s:62
C 3 5
D 1 0 1 6217 -1 0 1 s:7b317d
C 2 6
D 0 9 9 2304 -1 0 1 s:61
C 6 7
D 0 1 3 2554 -1 0 2 s:62 s:62
C 2 8
D 2 5 5 6203 -1 1 1 s:7b307d
C 8 9
D 2 2 3 1003 -1 0 0
C 8 10
D 0 9 10 2339 -1 0 2 i:0 s:737472696e67
C 8 11
D 0 9 9 2304 -1 0 1 i:0
R 2 12
D 2 2 2 6204 -1 0 0
R 2 13
D 0 1 3 6203 3 0 1 s:737472696e67
R 2 14
D 2 1 3 6217 -1 0 1 s:62
R 1 15
D 4 1 2 2728 -1 0 1 s:61
C 15 16
D 0 1 3 2326 -1 0 1 s:6e756d626572
C 15 17
D -1 0 0 2300 -1 0 1 i:-1
C 15 18
D 2 5 5 2339 -1 0 2 s:c3a9 s:62
D 0 0 1 2345 2 0 2 s:61 i:3
C 19 20
D 2 1 2 6203 -1 0 1 s:61
C 20 21
D 3 2 4 2339 -1 0 2 s:61 s:62
C 21 22
D 0 9 11 2339 -1 0 2 s:61 s:61
C 21 23
D 0 5 5 6217 -1 0 1 s:737472696e67
C 21 24
D 4 2 4 2339 -1 0 2 i:0 s:737472696e67
C 19 25
D 2 1 2 2339 0 0 2 s:6e756d626572 s:61
C 25 26
D 3 2 4 2339 -1 0 2 s:737472696e67 s:6e756d626572
C 25 27
D 4 2 4 2345 -1 1 2 s:ff s:7b307d
C 27 28
D 1 2 3 2339 -1 0 2 s:737472696e67 s:61
C 27 29
D -1 0 0 1003 1 0 0
C 27 30
D 0 0 0 2345 -1 0 2 s:62 s:6e756d626572
C 25 31
D 2 0 1 6204 -1 0 0
C 31 32
N 19 2339 2 s:6e756d626572 s:61
N 33 2554 2 s:6161 i:0
TOP 0 0 1 34
END
CASE deep49
D 0 5 6 2741 -1 0 3 s:62 s:61c3 s:62
D 4 5 6 2345 -1 1 2 s:6e756d626572 s:6e756d626572
C 0 1
D 0 9 10 2304 -1 0 1 s:61
C 1 2
D 4 9 11 1003 -1 0 0
C 2 3
D -1 0 0 2728 -1 0 1 s:737472696e67
C 2 4
D -1 0 0 2554 -1 0 2 s:- s:61
C 1 5
D 3 6 6 1003 -1 0 0
C 5 6
D 3 6 6 6203 -1 0 1 s:7b307d
R 0 7
D 2 0 1 2339 -1 1 2 s:737472696e67 s:61
R 0 8
D 3 0 1 6217 -1 0 1 s:62
C 8 9
D 2 5 5 2741 -1 0 3 s:61 s:62 i:100
C 8 10
D -1 -1 -1 2741 -1 0 3 i:-1 i:-1 s:61
C 8 11
D 0 9 11 2322 -1 1 2 s:737472696e67 s:7b317d
R 0 12
D 4 1 3 2728 -1 0 1 s:7b20613a20737472696e673b207d
C 12 13
D 0 9 11 1003 -1 0 0
D 0 9 11 2326 -1 0 1 i:-1
D 4 0 2 2728 -1 0 1 i:100
C 15 16
D 1 0 0 2326 -1 0 1 s:7b20613a20737472696e673b207d
C 15 17
D 0 9 10 2304 -1 0 1 s:62
C 17 18
D 0 5 7 2345 -1 0 2 s:62 s:41
C 18 19
D 4 2 4 2728 3 0 1 s:6e756d626572
C 17 20
D -1 -1 -1 2339 -1 0 2 s:6161 s:62
C 20 21
D 0 2 4 2728 -1 0 1 s:62
C 17 22
D 0 1 1 2554 -1 0 2 s:737472696e67 s:61
C 22 23
A 78 0 1 2
C 22 24
D 3 2 2 2322 -1 1 2 s:e28241fffe s:62
R 17 25
D 0 9 11 6204 0 0 0
D 4 1 1 6217 -1 0 1 s:6161
C 26 27
D 4 1 3 1003 -1 0 0
C 27 28
D 3 6 6 2554 -1 0 2 s:737472696e67 s:7b317d
C 27 29
D 2 0 0 2304 -1 0 1 s:61
C 29 30
D 3 5 6 1003 -1 0 0
C 29 31
D 3 5 5 2554 -1 0 2 i:0 s:7b307d
C 27 32
D 0 5 7 6204 -1 1 0
C 32 33
D 1 2 3 2326 -1 0 1 s:61
C 26 34
D 1 0 2 2339 -1 1 2 i:100 s:6e756d626572
C 34 35
D 4 5 5 2728 2 0 1 s:7b307d
C 35 36
D -1 -1 -1 2322 -1 1 2 s:737472696e67 s:6e756d626572
C 34 37
D 1 2 4 2345 -1 0 2 s:61 s:737472696e67
C 37 38
D 4 1 1 6204 -1 0 0
C 26 39
D 0 9 11 6203 -1 0 1 s:61
C 39 40
D 0 2 2 2728 -1 0 1 i:-1
C 40 41
D 0 1 2 6217 3 0 1 s:62
C 39 42
D 1 0 1 2741 -1 1 3 s:737472696e67 s:62 s:61
C 42 43
D 2 1 3 2741 -1 0 3 i:3 i:-1 s:6161
C 42 44
D 2 5 5 2300 -1 0 1 s:7b307d
C 42 45
D 3 0 2 2304 -1 0 1 s:61
C 39 46
CL 26 3
TOP 0 14 15 26 47
END
CASE big50
D 3 5 6 2345 -1 0 2 s:6e756d626572 s:6e756d626572
D -1 -1 -1 2339 -1 0 2 s:e697a5e69cac s:e697a5e69cac
D 0 9 9 2728 -1 0 1 s:6e756d626572
R 1 2
D 2 5 5 2326 -1 0 1 s:61
C 2 3
D 0 0 0 2326 -1 0 1 s:62
N 4 2339 2 s:6e756d626572 s:7b317d
N 5 6204 0
CL 6 3
D 1 2 4 6217 -1 0 1 s:62
D 4 1 1 2339 -1 0 2 s:7b307d s:62
C 8 9
D -1 -1 -1 6203 -1 0 1 i:0
R 8 10
N 8 2728 1 s:61
D 1 2 4 2554 -1 0 2 i:100 s:61c3
D 4 1 3 6203 -1 0 1 s:62
C 12 13
D 0 1 3 1003 -1 0 0
N 14 6204 0
D 3 2 4 2304 -1 0 1 s:41
A 696e7465726e616c2074776f207b307d 3 6 6
N 17 2322 2 s:6e756d626572 s:6e756d626572
D -1 -1 -1 1003 -1 0 0
N 19 2339 2 s:737472696e67 s:737472696e67
D 3 0 0 2304 -1 0 1 s:737472696e67
D 3 0 1 6204 -1 0 0
C 21 22
D 2 5 5 2339 -1 0 2 i:100 s:ff
D 2 5 5 2322 -1 0 2 s:6e756d626572 s:61
C 23 24
D 1 1 3 2554 -1 1 2 s:62 s:737472696e67
R 23 25
D -1 0 0 2741 -1 0 3 s:7b307d s:6e756d626572 s:6e756d626572
R 23 26
D 4 5 5 2741 -1 0 3 s:61 s:6e756d626572 s:61
C 26 27
D 3 2 4 2300 -1 0 1 s:62
D 4 9 11 2339 -1 0 2 s:62 s:61
N 29 2339 2 s:62 s:ff
N 30 2554 2 i:0 s:62
D 4 1 2 2322 -1 0 2 i:-1 s:62
D -1 0 0 2339 -1 0 2 s:6e756d626572 s:7b20613a20737472696e673b207d
R 32 33
D 0 0 1 2728 0 0 1 s:61
R 32 34
N 32 2322 2 s:62 s:61
N 35 2322 2 s:6e756d626572 s:737472696e67
D 3 6 6 2304 -1 0 1 s:e697a5e69cac
D 0 0 0 2300 -1 0 1 s:62
D 3 5 5 2741 -1 0 3 s:6161 s:62 s:737472696e67
D 0 2 2 6204 -1 0 0
C 39 40
D 0 5 6 2326 -1 0 1 s:62
D 4 9 9 2554 -1 0 2 s:61 s:e28241fffe
CL 42 0
A 696e7465726e616c206f6e65 0 9 10
D 0 1 3 2322 -1 0 2 s:61 s:6e756d626572
D 2 1 2 2339 -1 0 2 s:62 i:-1
C 45 46
N -1 2300 1 s:737472696e67
D 4 5 7 6204 -1 0 0
D -1 0 0 6203 -1 0 1 s:6e756d626572
R 48 49
D 0 2 3 2326 2 0 1 s:61
R 48 50
D 3 2 4 2554 1 0 2 s:61c3 s:7b307d
D 4 0 1 2554 -1 0 2 s:6e756d626572 s:737472696e67
D 3 6 6 2741 -1 0 3 s:62 s:62 s:737472696e67
R 52 53
D 0 9 10 2304 -1 0 1 s:e697a5e69cac
C 53 54
D 1 1 1 6203 -1 0 1 s:737472696e67
D 0 2 4 2339 -1 0 2 i:-1 s:62
C 55 56
D -1 0 0 2300 -1 0 1 i:3
C 56 57
D 0 2 3 2300 -1 0 1 s:6e756d626572
C 57 58
A 78 2 5 5
D 1 2 2 2326 -1 1 1 s:737472696e67
N 60 2322 2 s:7b317d s:61c3
D 0 2 2 2304 -1 0 1 i:0
N 62 1003 0
D -1 -1 -1 2304 -1 0 1 s:61
D 2 5 5 2300 -1 0 1 s:61
N 65 6203 1 s:62
N 66 2339 2 s:61 s:737472696e67
A 696e7465726e616c206f6e65 3 5 6
D 4 5 5 2554 -1 0 2 s:61 s:6e756d626572
D 3 5 6 6204 -1 0 0
R 69 70
D 3 1 3 2728 -1 0 1 s:61
R 69 71
D 2 0 0 2326 -1 0 1 s:62
R 69 72
D 2 5 5 2304 -1 0 1 s:7b20613a20737472696e673b207d
D -1 -1 -1 2741 -1 0 3 s:61c3 s:c3a9 s:61
R 73 74
N 73 6217 1 s:6e756d626572
D 0 0 2 2326 -1 0 1 s:61
D 0 5 6 2304 -1 0 1 s:6e756d626572
R 76 77
D -1 -1 -1 6217 -1 0 1 s:737472696e67
R 76 78
N 76 1003 0
N 79 6203 1 s:61
D 1 5 6 2304 -1 0 1 i:-1
D 1 0 1 2741 -1 0 3 s:62 s:61 s:737472696e67
D 4 0 2 1003 -1 0 0
D 0 9 11 6203 -1 0 1 s:61
R 83 84
D 2 5 5 2304 -1 0 1 s:6161
R 83 85
D 1 9 11 2326 0 1 1 s:61
R 83 86
N 83 2326 1 s:6e756d626572
D -1 0 0 2300 -1 0 1 s:62
D 0 5 7 2322 -1 0 2 s:6e756d626572 s:6e756d626572
R 88 89
D -1 -1 -1 2300 -1 0 1 s:61
D 2 2 3 6217 -1 0 1 i:0
N 91 6217 1 s:62
N 92 2300 1 s:737472696e67
D 4 0 1 2322 -1 0 2 s:61 s:41
D 4 9 10 2326 -1 0 1 s:61c3
C 94 95
D 2 0 1 2345 -1 0 2 s:61 s:62
R 94 96
D 4 5 6 2728 -1 1 1 s:6e756d626572
C 96 97
D 1 1 1 6217 -1 0 1 s:737472696e67
D -1 -1 -1 6217 -1 0 1 s:c3a9
D 1 0 2 2339 -1 0 2 s:62 s:ff
R 99 100
D 3 1 2 6217 -1 1 1 s:61
R 99 101
A 78 -1 -1 -1
C 101 102
D 0 9 11 2339 -1 0 2 s:61 s:7b317d
R 99 103
D 4 5 6 2339 -1 0 2 s:61 s:e28241fffe
C 103 104
D 2 5 5 1003 -1 0 0
CL 105 0
D 0 5 6 6203 -1 0 1 s:ff
D 1 1 3 6203 1 1 1 s:6e756d626572
R 107 108
D 0 1 1 1003 -1 0 0
C 108 109
D 2 1 3 2300 -1 0 1 s:61
R 107 110
TOP 0 1 0 0 6 7 6 11 12 15 15 16 18 20 21 18 23 28 31 36 37 38 15 39 41 42 43 44 47 48 36 51 52 55 59 61 42 63 64 67 68 0 69 48 42 75 80 81 82 87 88 90 93 94 98 99 105 106 107
END
CASE big51
D 1 5 5 1003 -1 0 0
CL 0 2
D 2 1 3 2339 -1 0 2 i:0 i:100
D 0 5 7 2304 -1 0 1 s:62
CL 3 0
D 2 5 5 1003 -1 0 0
D 2 5 5 2728 -1 1 1 s:61
D 1 0 0 2339 2 1 2 s:61 s:6161
R 6 7
D 1 2 3 2339 2 0 2 s:61 s:737472696e67
R 6 8
D 0 5 6 2554 -1 0 2 s:61 s:61c3
C 8 9
D 0 9 11 1003 -1 0 0
R 6 10
D 1 2 2 2345 -1 0 2 s:737472696e67 s:61
D 1 5 5 6203 -1 1 1 s:6e756d626572
R 11 12
D 1 2 2 2326 -1 0 1 i:0
R 11 13
D 2 5 5 2304 -1 0 1 i:-1
R 11 14
D 1 1 3 6203 -1 0 1 s:e697a5e69cac
N 15 2304 1 i:-1
D 2 2 4 2741 -1 0 3 s:737472696e67 s:e697a5e69cac s:61
D 2 0 0 2741 -1 0 3 s:737472696e67 s:737472696e67 i:100
R 17 18
D 2 2 3 2345 -1 0 2 s:737472696e67 s:62
R 17 19
D 0 9 10 2300 -1 0 1 s:737472696e67
C 19 20
N -1 2304 1 s:6161
CL 21 3
D 1 2 3 2300 -1 0 1 i:3
D 2 5 5 2345 -1 0 2 s:6e756d626572 s:737472696e67
C 23 24
D 1 9 10 1003 -1 0 0
D 1 1 1 2322 -1 1 2 s:737472696e67 s:c3a9
R 25 26
N 25 2304 1 s:6e756d626572
D 2 5 5 6217 -1 0 1 i:100
A 78 2 0 1
D 4 0 2 2326 -1 0 1 s:7b307d
A 696e7465726e616c2074776f207b307d 2 2 3
R 30 31
D 1 1 3 2728 -1 0 1 s:62
R 30 32
A 78 3 5 5
R 30 33
D 2 5 5 2741 -1 0 3 s:61 i:-1 s:62
C 33 34
D 3 0 0 2304 -1 1 1 s:737472696e67
D 4 2 2 2300 -1 0 1 s:6e756d626572
C 35 36
D 3 6 6 2304 -1 0 1 i:0
D -1 0 0 2322 -1 0 2 s:6e756d626572 s:6e756d626572
D 2 5 5 2728 3 0 1 s:62
D 1 2 2 6204 -1 0 0
D 0 1 3 6203 -1 0 1 s:e697a5e69cac
R 40 41
D 0 1 3 2326 -1 0 1 s:6e756d626572
C 41 42
D 1 1 2 2554 -1 0 2 i:100 s:62
R 40 43
D 1 1 1 2304 -1 0 1 s:e697a5e69cac
C 43 44
D 0 2 4 1003 -1 0 0
CL 45 3
D 4 2 2 6204 -1 0 0
D 2 0 1 6203 -1 0 1 s:61
A 696e7465726e616c206f6e65 -1 0 0
D 1 1 3 6204 -1 0 0
C 49 50
D 1 5 7 2345 -1 0 2 s:41 i:12
C 50 51
D 4 1 1 2728 -1 0 1 s:62
C 51 52
D 2 0 1 6217 -1 0 1 i:100
R 50 53
D 0 1 3 2345 -1 0 2 s:737472696e67 s:62
R 50 54
D 1 0 0 2304 -1 0 1 s:737472696e67
R 50 55
D 0 1 2 2304 -1 0 1 s:62
N 56 2300 1 s:7b20613a20737472696e673b207d
N 57 2741 3 s:7b317d s:61 s:737472696e67
D 4 0 2 2741 0 0 3 s:737472696e67 s:e697a5e69cac s:6e756d626572
D 2 1 1 2300 -1 0 1 s:737472696e67
N 60 2326 1 s:61
A 696e7465726e616c206f6e65 3 0 2
D 0 2 2 2554 -1 0 2 s:737472696e67 s:737472696e67
D 2 2 3 2300 -1 0 1 s:7b20613a20737472696e673b207d
R 63 64
D 0 5 7 2326 -1 0 1 s:41
C 64 65
D 4 0 1 2728 -1 0 1 s:6e756d626572
D 0 2 2 2741 -1 1 3 i:100 s:7b317d s:61
C 66 67
D 2 1 3 2339 -1 0 2 s:6e756d626572 i:100
D 3 0 0 2322 -1 0 2 s:737472696e67 i:12
D 0 0 1 2345 -1 0 2 s:737472696e67 s:737472696e67
D 4 0 1 6203 -1 0 1 s:6e756d626572
C 70 71
D 0 0 0 2554 -1 0 2 i:0 s:61
C 71 72
D 0 0 2 1003 -1 0 0
C 72 73
D 2 5 5 2322 3 0 2 s:737472696e67 s:c3a9
R 71 74
CL 70 0
D 4 2 4 2326 -1 0 1 i:100
D -1 -1 -1 2741 -1 0 3 i:-1 i:0 i:3
C 76 77
D 0 1 2 6203 2 0 1 s:737472696e67
C 77 78
D 3 0 0 2300 -1 0 1 s:7b317d
R 77 79
D 2 0 0 2741 -1 0 3 s:61 s:6e756d626572 s:737472696e67
R 77 80
D 1 9 11 2322 -1 0 2 s:62 s:61
R 77 81
N 76 2728 1 s:6e756d626572
N 82 6217 1 s:62
D 0 0 0 2554 -1 0 2 i:-1 s:6e756d626572
CL 84 2
D 0 0 2 2322 -1 0 2 s:6e756d626572 s:6e756d626572
A 696e7465726e616c2074776f207b307d 0 5 5
C 86 87
D 0 5 7 2345 -1 0 2 s:62 s:-
C 87 88
D 0 5 7 2728 -1 0 1 s:6e756d626572
D 3 1 1 6204 -1 1 0
C 89 90
D 0 9 9 2322 -1 0 2 s:6e756d626572 s:737472696e67
R 90 91
D 0 0 2 2339 -1 0 2 s:737472696e67 s:62
D 1 2 3 2304 -1 0 1 s:737472696e67
C 92 93
D 0 5 5 6204 -1 0 0
C 93 94
D 0 1 1 6203 -1 0 1 s:61
C 94 95
N 92 2741 3 s:737472696e67 s:737472696e67 s:61
N 96 6217 1 s:62
D 3 1 1 2741 -1 0 3 s:61c3 s:41 s:61
CL 98 3
D -1 0 0 2339 -1 0 2 s:6161 s:41
D 1 1 3 2326 -1 0 1 s:737472696e67
C 100 101
N 100 2304 1 s:62
D 0 2 4 2554 -1 0 2 s:737472696e67 s:6e756d626572
D 3 1 1 6203 -1 0 1 s:62
TOP 0 1 2 3 4 5 6 11 0 16 21 22 23 27 28 23 29 1 30 35 37 29 38 39 40 45 46 47 48 49 58 59 61 62 63 66 68 69 70 75 83 84 85 86 85 89 97 85 98 99 102 103 104
END
CASE big52
D 0 0 2 2741 -1 0 3 s:7b20613a20737472696e673b207d s:737472696e67 s:737472696e67
A 696e7465726e616c206f6e65 -1 -1 -1
R 0 1
D 4 1 2 2300 -1 0 1 s:62
C 1 2
D 3 1 1 6217 -1 0 1 s:6e756d626572
R 0 3
D 4 5 6 2339 -1 0 2 s:737472696e67 s:62
C 3 4
D 1 0 1 6204 -1 0 0
D 1 9 9 2741 -1 0 3 i:12 s:61 s:61
D 1 9 9 6203 -1 0 1 i:100
D -1 -1 -1 2326 -1 0 1 i:3
C 7 8
D 1 5 7 6217 1 0 1 i:-1
D 0 2 4 2741 -1 0 3 s:62 s:e697a5e69cac s:41
C 9 10
D -1 -1 -1 2322 -1 0 2 i:0 s:737472696e67
D 3 0 1 2339 -1 0 2 s:737472696e67 s:737472696e67
D 0 9 11 6204 -1 0 0
N 13 2741 3 s:6e756d626572 s:61 s:6e756d626572
N 14 2326 1 i:-1
D 0 1 1 6204 -1 0 0
D 0 2 3 2554 -1 0 2 s:61 s:e697a5e69cac
D 0 5 7 2339 -1 1 2 s:737472696e67 s:737472696e67
R 17 18
D 1 0 2 2345 -1 0 2 s:62 i:12
R 17 19
D 4 5 7 2339 -1 0 2 s:737472696e67 s:61
C 19 20
D 1 2 4 6217 -1 0 1 s:737472696e67
R 17 21
D 0 1 1 6203 -1 0 1 s:6e756d626572
N 22 2345 2 s:e28241fffe i:-1
D 1 0 2 2741 -1 0 3 s:62 s:6e756d626572 s:61
D 0 9 11 2300 -1 1 1 s:61
N 25 2728 1 s:737472696e67
D 0 5 5 2741 -1 0 3 s:61c3 s:c3a9 s:62
D 0 5 7 2304 -1 0 1 s:737472696e67
D 0 9 11 1003 3 0 0
C 28 29
D -1 -1 -1 2741 3 1 3 s:61 s:62 s:6e756d626572
D 1 1 1 6204 -1 0 0
R 30 31
N 30 2741 3 s:62 s:61 s:6e756d626572
D 0 2 4 2554 -1 0 2 s:61 s:7b20613a20737472696e673b207d
D 3 0 1 2326 -1 0 1 s:e697a5e69cac
N 34 2345 2 s:6e756d626572 s:61
D 0 1 3 2326 -1 0 1 i:12
D 4 0 1 2554 -1 1 2 s:6e756d626572 s:e697a5e69cac
D 0 1 2 2304 -1 0 1 s:62
N 38 1003 0
D 0 1 1 2345 -1 0 2 s:62 s:62
D 0 2 2 2728 3 0 1 s:6e756d626572
C 40 41
D 2 5 5 1003 -1 0 0
C 41 42
N 40 2300 1 i:0
N 43 2728 1 s:7b307d
D 0 5 7 2339 -1 0 2 s:6e756d626572 i:-1
CL 45 0
D -1 0 0 2304 -1 0 1 i:-1
D 2 5 5 2554 -1 0 2 i:0 i:3
R 47 48
D -1 -1 -1 2554 -1 0 2 s:737472696e67 s:61
R 47 49
D 0 5 6 2741 -1 0 3 s:61 s:6e756d626572 s:6e756d626572
D 0 1 3 2322 -1 0 2 s:e697a5e69cac s:6161
R 50 51
D 0 0 0 2554 -1 1 2 s:737472696e67 i:12
R 50 52
D 0 9 10 6217 -1 0 1 s:61
C 52 53
D 2 0 1 2339 -1 0 2 s:737472696e67 s:61
R 50 54
D 2 5 5 1003 -1 0 0
C 54 55
D 1 9 11 1003 0 0 0
D 0 1 1 1003 -1 0 0
R 56 57
D 1 2 2 6203 -1 1 1 s:737472696e67
R 56 58
D 1 9 9 6217 -1 0 1 i:-1
R 56 59
D 2 1 2 2728 -1 0 1 s:737472696e67
D 0 5 5 2741 -1 0 3 i:0 i:3 i:100
C 60 61
D 2 2 4 2345 -1 0 2 s:62 s:e697a5e69cac
R 61 62
D -1 -1 -1 2326 -1 0 1 i:100
R 61 63
D 1 0 1 2300 -1 0 1 s:737472696e67
D 2 2 2 6203 -1 0 1 s:61
R 64 65
D 2 5 5 6217 -1 1 1 s:61
C 65 66
A 78 3 5 6
R 64 67
CL 64 3
D 0 2 4 2554 -1 0 2 s:61 s:61
N 69 2728 1 s:737472696e67
N 70 2322 2 i:-1 s:7b20613a20737472696e673b207d
N -1 2300 1 s:61
A 696e7465726e616c206f6e65 1 1 3
D 1 0 0 6204 -1 0 0
R 73 74
D 0 9 9 6217 -1 0 1 i:3
D -1 0 0 2339 -1 0 2 s:6e756d626572 s:737472696e67
D 1 9 11 2554 0 0 2 s:c3a9 s:61
C 76 77
D -1 0 0 2326 -1 0 1 s:6e756d626572
D -1 -1 -1 2339 -1 0 2 s:6e756d626572 s:61
A 696e7465726e616c206f6e65 4 9 10
C 79 80
A 696e7465726e616c2074776f207b307d 0 5 5
N 81 2339 2 i:100 s:62
D 0 2 4 2728 -1 0 1 s:62
D 2 5 5 2326 -1 0 1 s:737472696e67
D 0 1 3 1003 -1 0 0
D 4 5 5 2741 -1 0 3 s:61 s:62 s:62
CL 86 2
D 1 2 2 2304 -1 0 1 s:62
D 1 0 2 2304 -1 0 1 s:61
N 89 2554 2 i:3 i:-1
TOP 0 5 5 6 7 9 11 12 15 16 17 23 24 26 27 9 28 32 33 35 36 37 39 44 45 46 47 50 56 60 64 68 72 17 73 75 76 78 79 82 64 83 84 85 16 86 87 88 33 90
END
CASE big53
D -1 -1 -1 2741 -1 0 3 i:12 s:6e756d626572 s:7b307d
N 0 2728 1 s:62
D 4 2 2 2300 -1 0 1 s:62
D 0 0 1 6203 -1 0 1 s:737472696e67
D 1 5 7 2728 -1 1 1 s:61
C 3 4
D 0 0 1 6204 -1 0 0
C 4 5
D -1 -1 -1 2339 -1 0 2 s:61 s:-
D 4 1 2 2554 -1 0 2 s:61 s:62
CL 7 2
D -1 -1 -1 6203 -1 0 1 s:6e756d626572
D 0 9 9 6203 -1 0 1 s:6e756d626572
C 9 10
D 1 5 7 2322 -1 0 2 s:737472696e67 s:62
R 10 11
D 1 5 6 2304 -1 0 1 s:6e756d626572
R 10 12
D 1 1 2 6203 -1 1 1 s:62
A 78 1 5 5
R 13 14
D -1 -1 -1 2304 -1 0 1 s:61
R 13 15
D 1 2 4 2300 -1 0 1 i:0
R 13 16
N 13 2326 1 s:737472696e67
D 3 1 2 2345 -1 0 2 s:62 s:62
D 0 1 3 2345 2 0 2 s:- s:62
C 18 19
D 1 5 5 2339 -1 0 2 s:62 s:7b20613a20737472696e673b207d
R 18 20
D 4 9 10 2728 -1 0 1 s:-
C 20 21
D -1 -1 -1 6217 -1 0 1 s:62
R 18 22
D 3 1 1 1003 -1 0 0
R 18 23
N 18 2728 1 s:7b20613a20737472696e673b207d
D 0 1 1 6203 -1 0 1 s:62
N 25 2339 2 s:737472696e67 s:62
N 26 1003 0
CL 27 0
D 4 0 0 6203 -1 0 1 i:0
D -1 0 0 6203 -1 0 1 s:62
D 3 0 0 6217 -1 0 1 s:6e756d626572
C 30 31
D 4 0 0 2554 -1 0 2 s:62 s:62
D 1 0 0 6203 -1 0 1 i:12
D 2 1 1 6203 -1 0 1 s:6e756d626572
D 0 5 6 2322 -1 0 2 s:62 s:61
C 34 35
D 3 2 2 2322 -1 0 2 s:737472696e67 s:737472696e67
C 35 36
A 78 1 0 2
D -1 0 0 2322 -1 0 2 s:6e756d626572 s:61
R 37 38
CL 37 3
D 1 0 0 2326 -1 0 1 s:6e756d626572
D 3 5 5 2728 -1 0 1 s:61
R 40 41
D 2 5 5 6217 -1 0 1 s:62
C 41 42
D 0 0 2 6217 -1 0 1 s:6e756d626572
R 40 43
D 0 5 5 2728 -1 0 1 s:-
C 43 44
D -1 -1 -1 1003 -1 0 0
R 40 45
N 40 6217 1 i:100
D 1 0 0 6203 -1 0 1 s:6e756d626572
N 47 1003 0
N 48 6217 1 s:6e756d626572
D 4 1 1 6203 -1 0 1 s:6e756d626572
D 0 0 1 2554 -1 1 2 s:6e756d626572 s:7b317d
C 50 51
D 0 5 6 2326 -1 0 1 i:100
R 51 52
D 3 1 2 6203 -1 0 1 s:6e756d626572
R 51 53
D 1 5 6 2326 -1 0 1 s:737472696e67
R 51 54
N 50 1003 0
D 1 5 7 2304 -1 0 1 s:-
D 1 9 11 6203 -1 1 1 s:e697a5e69cac
D 0 5 7 2345 -1 0 2 s:737472696e67 s:6161
D 0 5 6 2339 -1 0 2 s:61 s:61
R 58 59
A 696e7465726e616c206f6e65 -1 -1 -1
R 58 60
D -1 -1 -1 2728 -1 0 1 s:6e756d626572
R 58 61
D 1 0 1 1003 -1 0 0
D 0 2 4 1003 -1 0 0
A 696e7465726e616c206f6e65 0 0 0
D 0 2 2 2326 -1 0 1 i:0
C 64 65
D 1 9 11 6217 -1 0 1 s:737472696e67
R 64 66
D 2 0 1 2728 -1 0 1 s:6e756d626572
D 0 5 6 2741 -1 0 3 s:6161 i:12 s:6e756d626572
C 67 68
A 78 2 0 2
D 3 6 6 6217 -1 0 1 i:0
R 69 70
D 3 0 2 6203 -1 1 1 s:61
R 69 71
D -1 -1 -1 2339 -1 0 2 s:61 s:41
C 71 72
D -1 0 0 2728 -1 0 1 i:-1
D 3 5 5 2339 -1 0 2 s:62 s:61
C 73 74
D 1 0 1 2300 -1 0 1 i:3
R 74 75
D 0 5 7 2322 -1 0 2 i:-1 s:737472696e67
R 74 76
D 2 0 2 1003 -1 0 0
R 74 77
TOP 1 2 3 6 7 8 9 17 17 24 3 27 28 29 30 3 32 33 34 37 39 46 32 49 33 55 56 57 58 62 63 64 67 55 69 73
END
CASE big54
D 1 0 0 2339 -1 0 2 s:62 s:737472696e67
D 4 9 10 2339 -1 0 2 s:62 s:-
C 0 1
D 3 5 6 2741 -1 0 3 s:737472696e67 s:e28241fffe s:737472696e67
C 1 2
D 2 5 5 2728 0 0 1 s:41
R 1 3
D -1 -1 -1 2554 1 0 2 i:12 s:ff
R 1 4
D 2 1 1 2300 -1 0 1 i:100
R 1 5
D 1 1 1 2326 -1 0 1 s:737472696e67
D 3 1 2 2339 -1 0 2 s:7b20613a20737472696e673b207d s:e697a5e69cac
D 2 2 3 2339 -1 0 2 s:6e756d626572 s:61c3
D 3 0 2 1003 -1 0 0
R 8 9
D 2 1 1 1003 3 0 0
R 8 10
D 1 0 1 2345 -1 1 2 s:61 s:41
R 8 11
D -1 -1 -1 6203 -1 0 1 s:62
D 4 9 11 2554 -1 0 2 s:62 s:737472696e67
N 13 2326 1 s:737472696e67
N 14 2300 1 s:6e756d626572
D 2 5 5 2554 -1 0 2 s:61 s:6e756d626572
D -1 0 0 1003 -1 0 0
D 0 5 6 2304 2 0 1 s:62
R 17 18
D 3 0 2 1003 -1 0 0
R 17 19
D 3 0 2 2345 -1 0 2 s:6161 i:-1
N 20 2345 2 i:100 s:6e756d626572
D 2 0 2 2728 -1 0 1 s:41
D -1 -1 -1 6203 2 0 1 s:62
R 22 23
D 0 9 9 2326 -1 0 1 s:61
C 23 24
N 22 1003 0
D -1 -1 -1 2339 -1 0 2 s:6e756d626572 s:61c3
D -1 0 0 6203 -1 0 1 i:3
D 3 0 1 6204 -1 0 0
C 27 28
CL 27 2
D 4 2 2 1003 -1 0 0
D 3 5 6 6217 -1 0 1 s:62
R 30 31
D 0 1 3 2345 -1 0 2 s:737472696e67 i:100
R 30 32
A 696e7465726e616c206f6e65 4 9 10
D 3 5 5 1003 -1 0 0
C 33 34
D 4 5 7 2304 2 0 1 s:62
D 3 0 0 2304 -1 0 1 s:62
D 0 1 3 2345 -1 0 2 s:61 s:62
C 36 37
D 0 9 11 1003 1 0 0
C 37 38
A 696e7465726e616c206f6e65 2 5 5
R 36 39
D 1 2 4 2300 -1 0 1 s:-
R 36 40
D 0 9 11 2554 -1 0 2 s:6e756d626572 s:61
C 40 41
D 3 0 0 2728 -1 0 1 s:6e756d626572
D -1 0 0 2326 -1 0 1 s:61
N 43 2345 2 i:3 s:737472696e67
CL 44 0
D 4 2 4 2322 -1 0 2 i:12 s:ff
D 0 0 0 2339 3 0 2 i:0 i:0
C 46 47
D 3 0 1 2741 -1 0 3 i:-1 s:61 i:100
R 47 48
A 696e7465726e616c2074776f207b307d 0 1 1
R 47 49
D 4 2 4 2339 -1 0 2 s:6e756d626572 s:6e756d626572
D 3 2 2 2728 -1 0 1 s:6e756d626572
R 50 51
D 1 0 0 2326 -1 1 1 s:737472696e67
D 2 0 1 6204 -1 0 0
R 52 53
D 3 1 2 2304 1 1 1 s:6e756d626572
D 1 5 6 2300 -1 0 1 s:61
D 2 5 5 1003 -1 0 0
C 55 56
N 55 2554 2 s:62 i:100
N 57 2300 1 s:e28241fffe
CL 58 3
D -1 0 0 2345 0 0 2 i:3 s:6e756d626572
D 2 1 3 1003 -1 0 0
R 60 61
D 1 0 1 6204 -1 0 0
D -1 0 0 6217 -1 0 1 s:737472696e67
R 62 63
D 3 1 2 2345 -1 0 2 s:- s:41
C 63 64
D 0 2 2 2728 -1 0 1 s:61
R 62 65
D 3 5 6 2322 -1 0 2 s:41 s:ff
R 62 66
D 0 1 2 2728 -1 0 1 s:7b317d
D 0 1 3 2304 -1 0 1 s:62
D 4 1 2 2741 -1 0 3 s:61 s:6e756d626572 s:e28241fffe
C 68 69
D 0 1 3 2322 -1 0 2 s:737472696e67 s:6e756d626572
D -1 -1 -1 2322 -1 0 2 i:100 s:6e756d626572
R 70 71
D -1 -1 -1 2339 -1 0 2 s:737472696e67 s:62
R 70 72
D 3 2 3 2345 -1 0 2 s:7b307d s:737472696e67
R 70 73
D 0 5 7 2322 -1 0 2 s:61 s:6e756d626572
D -1 -1 -1 2728 -1 0 1 i:100
D 2 0 0 2728 1 0 1 s:6e756d626572
CL 76 2
A 78 0 5 6
D 1 2 4 2304 -1 0 1 s:61
D -1 -1 -1 2304 2 0 1 s:6e756d626572
CL 80 2
D 0 0 1 2322 -1 0 2 i:12 s:62
D 2 5 5 2326 -1 0 1 s:6e756d626572
C 82 83
N 82 2339 2 s:6e756d626572 i:12
D 4 1 2 2326 -1 0 1 i:12
D -1 -1 -1 2741 -1 0 3 s:737472696e67 s:- s:6161
C 85 86
D 1 5 5 2304 -1 0 1 s:61c3
R 86 87
D 0 9 10 2345 -1 1 2 s:61 i:100
R 86 88
D -1 -1 -1 2304 -1 0 1 i:100
R 86 89
D 4 5 7 2741 -1 0 3 i:100 s:6e756d626572 s:41
D 3 1 2 2728 -1 0 1 i:3
D -1 -1 -1 6204 -1 0 0
C 91 92
N 91 6217 1 s:62
D 3 2 4 2554 -1 0 2 s:6e756d626572 s:737472696e67
D 4 0 2 2728 -1 0 1 s:6e756d626572
C 94 95
D 1 9 11 6203 -1 0 1 s:c3a9
R 95 96
D 2 1 3 2304 -1 1 1 s:c3a9
R 95 97
D 1 1 2 2339 2 0 2 s:737472696e67 s:6e756d626572
D 0 0 2 2345 -1 0 2 s:e697a5e69cac s:737472696e67
C 98 99
TOP 0 6 7 8 12 15 16 17 21 25 15 26 27 29 30 6 33 35 36 42 44 45 46 50 52 54 7 58 59 60 33 62 67 68 70 74 75 76 77 78 79 80 81 84 85 90 93 94 98
END
CASE big55
D 3 1 3 6203 -1 0 1 i:0
N 0 2322 2 s:62 s:c3a9
N 1 6203 1 s:737472696e67
D -1 -1 -1 2339 -1 0 2 s:737472696e67 s:6e756d626572
D 0 9 10 2300 -1 0 1 s:6e756d626572
C 3 4
D 0 2 3 2304 -1 0 1 s:61
R 4 5
D 2 1 2 2728 -1 0 1 s:62
R 4 6
N 3 2554 2 s:62 s:62
D 0 0 1 2304 -1 0 1 i:-1
D -1 -1 -1 2554 -1 0 2 s:737472696e67 s:62
R 8 9
D 2 1 1 2345 -1 0 2 s:737472696e67 s:62
R 8 10
D 1 2 2 2300 -1 0 1 s:737472696e67
R 8 11
D 4 0 2 1003 -1 1 0
C 11 12
D 2 5 5 6204 -1 0 0
D 0 9 9 2326 -1 0 1 s:6e756d626572
D -1 -1 -1 2326 -1 0 1 i:100
C 14 15
D 0 2 4 1003 -1 0 0
A 78 3 6 6
D 1 5 7 2326 -1 1 1 i:3
R 17 18
D 2 2 3 6203 -1 0 1 s:62
N 19 2741 3 s:62 s:7b317d s:ff
N 20 2554 2 s:737472696e67 s:e697a5e69cac
D 4 1 1 2322 -1 0 2 s:6e756d626572 s:737472696e67
D 3 5 6 2339 -1 0 2 s:62 i:12
R 22 23
D 4 1 1 6204 -1 0 0
C 23 24
D 3 2 4 1003 -1 0 0
R 22 25
N 22 2322 2 s:61 s:62
D 2 0 1 1003 -1 0 0
D 3 1 2 6217 -1 0 1 s:62
N 28 1003 0
N 29 2304 1 s:6e756d626572
CL 30 2
D 1 5 6 2322 -1 0 2 s:62 s:737472696e67
D 0 2 3 1003 -1 0 0
D 0 2 4 1003 -1 0 0
D 0 2 2 2339 -1 0 2 s:- i:100
D -1 -1 -1 2741 -1 0 3 s:62 s:6e756d626572 s:737472696e67
CL 36 2
D -1 0 0 6217 -1 0 1 s:62
N 38 2554 2 s:6e756d626572 s:62
N -1 2300 1 s:61
D 4 2 2 2322 -1 0 2 s:6e756d626572 s:7b20613a20737472696e673b207d
D 0 1 2 2728 -1 0 1 s:-
N 42 2322 2 s:61 i:12
N 43 1003 0
TOP 2 2 7 8 13 14 16 17 21 26 27 30 31 32 33 34 35 36 37 40 31 41 44 16
END
CASE tie56
D 0 5 6 2322 -1 0 2 s:78 s:79
D 0 5 6 2728 -1 0 1 s:61
C 0 1
D 0 0 14 2300 -1 0 1 s:62
D 0 5 6 2322 -1 0 2 s:78 s:79
D 0 5 6 6203 -1 0 1 s:61
C 3 4
D 0 3 14 2304 -1 0 1 s:6e756d626572
D 0 5 6 2322 -1 0 2 s:78 s:79
D 0 5 6 6203 -1 0 1 s:61
C 6 7
D 0 8 12 2304 -1 0 1 s:6e756d626572
D 0 5 6 2322 -1 0 2 s:78 s:79
D 0 5 6 2728 -1 0 1 s:61
C 9 10
D 0 7 14 2300 -1 0 1 s:61
TOP 0 2 3 5 6 8 9 11
END
CASE tie57
D 0 5 6 2322 -1 0 2 s:78 s:79
D 0 5 6 6203 -1 0 1 s:61
C 0 1
D 0 8 13 2300 -1 0 1 s:62
D 0 5 6 2322 -1 0 2 s:78 s:79
D 0 5 6 2326 -1 0 1 s:61
C 3 4
D 0 4 12 2304 -1 0 1 s:737472696e67
D 0 5 6 2322 -1 0 2 s:78 s:79
D 0 5 6 2728 -1 0 1 s:61
C 6 7
D 0 11 13 2304 -1 0 1 s:62
D 0 5 6 2322 -1 0 2 s:78 s:79
D 0 5 6 2300 -1 0 1 s:61
C 9 10
D 0 2 14 2300 -1 0 1 s:62
D 0 5 6 2322 -1 0 2 s:78 s:79
D 0 5 6 2300 -1 0 1 s:61
C 12 13
D 0 8 12 2304 -1 0 1 s:6e756d626572
D 0 5 6 2322 -1 0 2 s:78 s:79
D 0 5 6 2326 -1 0 1 s:61
C 15 16
D 0 0 13 2304 -1 0 1 s:61
TOP 0 2 3 5 6 8 9 11 12 14 15 17
END
CASE tie58
D 0 5 6 2322 -1 0 2 s:78 s:79
D 0 5 6 6203 -1 0 1 s:61
C 0 1
D 0 0 13 2300 -1 0 1 s:61
D 0 5 6 2322 -1 0 2 s:78 s:79
D 0 5 6 2300 -1 0 1 s:61
C 3 4
D 0 4 13 2304 -1 0 1 s:61
D 0 5 6 2322 -1 0 2 s:78 s:79
D 0 5 6 2300 -1 0 1 s:61
C 6 7
D 0 0 12 2300 -1 0 1 s:61
D 0 5 6 2322 -1 0 2 s:78 s:79
D 0 5 6 2304 -1 0 1 s:61
C 9 10
D 0 11 14 2300 -1 0 1 s:62
D 0 5 6 2322 -1 0 2 s:78 s:79
D 0 5 6 2300 -1 0 1 s:61
C 12 13
D 0 2 14 2300 -1 0 1 s:61
D 0 5 6 2322 -1 0 2 s:78 s:79
D 0 5 6 2728 -1 0 1 s:61
C 15 16
D 0 1 12 2304 -1 0 1 s:6e756d626572
D 0 5 6 2322 -1 0 2 s:78 s:79
D 0 5 6 2304 -1 0 1 s:61
C 18 19
TOP 0 2 3 5 6 8 9 11 12 14 15 17 18
END
CASE tie59
D 0 5 6 2322 -1 0 2 s:78 s:79
D 0 5 6 2326 -1 0 1 s:61
C 0 1
D 0 7 13 2300 -1 0 1 s:61
D 0 1 13 2304 -1 0 1 s:737472696e67
D 0 5 6 2322 -1 0 2 s:78 s:79
D 0 5 6 2326 -1 0 1 s:61
C 4 5
D 0 11 13 2300 -1 0 1 s:62
D 0 8 12 2304 -1 0 1 s:6e756d626572
D 0 5 6 2322 -1 0 2 s:78 s:79
D 0 5 6 2304 -1 0 1 s:61
C 8 9
D 0 6 12 2300 -1 0 1 s:61
D 0 4 14 2304 -1 0 1 s:737472696e67
D 0 5 6 2322 -1 0 2 s:78 s:79
D 0 5 6 2304 -1 0 1 s:61
C 12 13
D 0 10 14 2300 -1 0 1 s:737472696e67
D 0 3 14 2300 -1 0 1 s:737472696e67
D 0 5 6 2322 -1 0 2 s:78 s:79
D 0 5 6 6203 -1 0 1 s:61
C 16 17
D 0 4 12 2300 -1 0 1 s:6e756d626572
D 0 11 14 2300 -1 0 1 s:6e756d626572
D 0 5 6 2322 -1 0 2 s:78 s:79
D 0 5 6 2326 -1 0 1 s:61
C 20 21
D 0 2 13 2300 -1 0 1 s:737472696e67
D 0 7 13 2304 -1 0 1 s:62
D 0 5 6 2322 -1 0 2 s:78 s:79
D 0 5 6 6203 -1 0 1 s:61
C 24 25
D 0 0 12 2300 -1 0 1 s:737472696e67
TOP 0 2 3 4 6 7 8 10 11 12 14 15 16 18 19 20 22 23 24 26
END
CASE tie60
D 0 5 6 2322 -1 0 2 s:78 s:79
D 0 5 6 2300 -1 0 1 s:61
C 0 1
D 0 10 13 2300 -1 0 1 s:61
D 0 11 12 2304 -1 0 1 s:61
D 0 1 13 2300 -1 0 1 s:62
D 0 7 12 2300 -1 0 1 s:62
D 0 3 13 2300 -1 0 1 s:737472696e67
D 0 0 14 2300 -1 0 1 s:61
D 0 8 14 2304 -1 0 1 s:737472696e67
D 0 5 6 2322 -1 0 2 s:78 s:79
D 0 5 6 2300 -1 0 1 s:61
C 9 10
D 0 4 12 2300 -1 0 1 s:6e756d626572
D 0 3 12 2304 -1 0 1 s:737472696e67
D 0 10 14 2304 -1 0 1 s:61
D 0 8 12 2304 -1 0 1 s:737472696e67
D 0 10 14 2300 -1 0 1 s:737472696e67
D 0 4 13 2300 -1 0 1 s:61
D 0 8 13 2300 -1 0 1 s:62
D 0 5 6 2322 -1 0 2 s:78 s:79
D 0 5 6 6203 -1 0 1 s:61
C 18 19
D 0 0 12 2304 -1 0 1 s:62
D 0 7 13 2300 -1 0 1 s:737472696e67
D 0 10 12 2300 -1 0 1 s:6e756d626572
D 0 5 12 2304 -1 0 1 s:62
D 0 3 12 2300 -1 0 1 s:61
D 0 2 12 2304 -1 0 1 s:6e756d626572
D 0 2 14 2300 -1 0 1 s:61
D 0 5 6 2322 -1 0 2 s:78 s:79
D 0 5 6 6203 -1 0 1 s:61
C 27 28
D 0 2 14 2300 -1 0 1 s:6e756d626572
D 0 6 14 2304 -1 0 1 s:61
D 0 8 13 2304 -1 0 1 s:62
D 0 4 14 2304 -1 0 1 s:62
D 0 6 12 2300 -1 0 1 s:6e756d626572
D 0 6 14 2300 -1 0 1 s:6e756d626572
D 0 5 12 2300 -1 0 1 s:61
D 0 5 6 2322 -1 0 2 s:78 s:79
D 0 5 6 6203 -1 0 1 s:61
C 36 37
D 0 3 13 2300 -1 0 1 s:6e756d626572
D 0 4 14 2304 -1 0 1 s:61
D 0 8 14 2300 -1 0 1 s:737472696e67
D 0 2 13 2304 -1 0 1 s:62
D 0 4 12 2304 -1 0 1 s:61
D 0 5 13 2304 -1 0 1 s:737472696e67
D 0 1 14 2304 -1 0 1 s:62
D 0 5 6 2322 -1 0 2 s:78 s:79
D 0 5 6 2728 -1 0 1 s:61
C 45 46
D 0 9 13 2300 -1 0 1 s:6e756d626572
D 0 1 14 2300 -1 0 1 s:62
D 0 3 13 2300 -1 0 1 s:737472696e67
D 0 4 14 2304 -1 0 1 s:6e756d626572
D 0 7 14 2300 -1 0 1 s:61
D 0 5 14 2300 -1 0 1 s:62
D 0 0 13 2300 -1 0 1 s:737472696e67
D 0 5 6 2322 -1 0 2 s:78 s:79
D 0 5 6 2728 -1 0 1 s:61
C 54 55
D 0 0 13 2300 -1 0 1 s:61
TOP 0 2 3 4 5 6 7 8 9 11 12 13 14 15 16 17 18 20 21 22 23 24 25 26 27 29 30 31 32 33 34 35 36 38 39 40 41 42 43 44 45 47 48 49 50 51 52 53 54 56
END
SORT 1
SORT 1
SORT 1
SORT 1
SORT 1
SORT 1
SORT 1
SORT 16
SORT 16
SORT 16
SORT 16
SORT 16
SORT 16
SORT 16
SORT 1 2
SORT 1 0
SORT 1 1
SORT 1 59
SORT 1 0
SORT 1 0
SORT 1 0
SORT 16 0
SORT 16 0
SORT 16 1
SORT 16 17
SORT 16 0
SORT 16 0
SORT 16 0
SORT 1 2 1
SORT 1 0 1
SORT 1 2 1
SORT 1 22 60
SORT 1 0 3
SORT 1 0 1
SORT 1 0 1
SORT 16 8 6
SORT 16 0 1
SORT 16 2 1
SORT 16 27 75
SORT 16 0 3
SORT 16 0 1
SORT 16 0 1
SORT 1 24 43 25 23 25 10 20 29 15 1 38 11
SORT 1 0 1 2 3 4 5 6 7 8 9 10 11
SORT 1 12 11 10 9 8 7 6 5 4 3 2 1
SORT 1 49 46 63 31 22 67 3 26 75 71 7 49
SORT 1 0 3 6 9 12 15 18 21 24 27 30 33
SORT 1 0 1 2 3 4 5 6 7 8 9 10 11
SORT 1 0 1 2 3 4 5 6 5 4 3 2 1
SORT 16 14 7 47 45 42 18 7 25 31 24 23 22
SORT 16 0 1 2 3 4 5 6 7 8 9 10 11
SORT 16 12 11 10 9 8 7 6 5 4 3 2 1
SORT 16 33 7 75 41 44 76 3 10 36 75 24 21
SORT 16 0 3 6 9 12 15 18 21 24 27 30 33
SORT 16 0 1 2 3 4 5 6 7 8 9 10 11
SORT 16 0 1 2 3 4 5 6 5 4 3 2 1
SORT 1 46 39 29 48 12 5 12 52 37 22 34 33 32
SORT 1 0 1 2 3 4 5 6 7 8 9 10 11 12
SORT 1 13 12 11 10 9 8 7 6 5 4 3 2 1
SORT 1 13 5 75 67 45 52 18 77 29 56 72 15 45
SORT 1 0 3 6 9 12 15 18 21 24 27 30 33 36
SORT 1 0 10 2 3 4 5 6 7 8 9 10 11 12
SORT 1 0 1 2 3 4 5 6 6 5 4 3 2 1
SORT 16 1 25 50 51 42 7 33 40 25 43 38 25 22
SORT 16 0 1 2 3 4 5 6 7 8 9 10 11 12
SORT 16 13 12 11 10 9 8 7 6 5 4 3 2 1
SORT 16 50 43 41 23 17 44 38 11 39 36 17 40 39
SORT 16 0 3 6 9 12 15 18 21 24 27 30 33 36
SORT 16 0 1 2 3 4 5 6 7 8 9 10 11 12
SORT 16 0 1 2 3 4 5 6 6 5 4 3 2 1
SORT 1 64 10 43 17 38 38 46 22 25 41 40 12 73 19 27 17 21 9 36 35
SORT 1 0 1 2 3 4 5 6 7 8 9 10 11 12 13 14 15 16 17 18 19
SORT 1 20 19 18 17 16 15 14 13 12 11 10 9 8 7 6 5 4 3 2 1
SORT 1 63 1 31 4 72 36 26 13 41 14 69 73 31 62 16 42 56 66 15 78
SORT 1 0 3 6 9 12 15 18 21 24 27 30 33 36 39 42 45 48 0 3 6
SORT 1 0 1 2 3 4 5 6 7 8 9 10 11 12 13 14 15 16 17 18 19
SORT 1 0 1 2 3 4 5 6 7 8 9 10 9 8 7 6 5 4 3 2 1
SORT 16 32 15 52 67 19 40 0 51 39 47 3 2 14 70 64 68 15 54 77 45
SORT 16 0 1 2 3 4 5 6 7 8 9 10 11 12 13 14 15 16 17 18 19
SORT 16 20 19 18 17 16 15 14 13 12 11 10 9 8 7 6 5 4 3 2 1
SORT 16 75 15 71 69 48 2 70 79 64 61 63 40 39 69 49 49 64 31 14 13
SORT 16 0 3 6 9 12 15 18 21 24 27 30 33 36 39 42 45 48 0 3 6
SORT 16 0 0 2 3 4 5 6 7 19 9 10 11 12 13 14 15 16 17 18 19
SORT 16 0 1 2 3 4 5 6 7 8 9 10 9 8 7 6 5 4 3 2 1
SORT 1 58 23 5 167 35 12 160 69 119 56 189 64 49 156 21 71 74 139 5 171 61 49 64 89 0 84 107 30 34 55 104 172 76 45 41 175 75 4 140 120 165 81 195 165 195 48 189 54 162 4
SORT 1 0 1 2 3 4 5 6 7 8 9 10 11 12 13 14 15 16 17 18 19 20 21 22 23 24 25 26 27 28 29 30 31 32 33 34 35 36 37 38 39 40 41 42 43 44 45 46 47 48 49
SORT 1 50 49 48 47 46 45 44 43 42 41 40 39 38 37 36 35 34 33 32 31 30 29 28 27 26 25 24 23 22 21 20 19 18 17 16 15 14 13 12 11 10 9 8 7 6 5 4 3 2 1
SORT 1 60 5 42 41 42 50 63 68 43 56 26 36 5 77 76 26 73 1 48 0 53 8 50 4 56 55 45 66 4 45 0 32 2 24 48 77 19 79 44 59 36 25 66 3 71 1 15 75 55 39
SORT 1 0 3 6 9 12 15 18 21 24 27 30 33 36 39 42 45 48 0 3 6 9 12 15 18 21 24 27 30 33 36 39 42 45 48 0 3 6 9 12 15 18 21 24 27 30 33 36 39 42 45
SORT 1 0 1 2 3 4 5 6 7 8 9 10 11 12 13 14 15 16 17 18 19 20 21 22 23 24 25 26 27 28 29 30 33 32 33 34 35 36 37 38 39 40 41 42 43 44 45 46 47 48 49
SORT 1 0 1 2 3 4 5 6 7 8 9 10 11 12 13 14 15 16 17 18 19 20 21 22 23 24 25 24 23 22 21 20 19 18 17 16 15 14 13 12 11 10 9 8 7 6 5 4 3 2 1
SORT 16 48 97 76 7 30 12 154 62 186 155 149 71 7 199 200 189 58 43 53 42 48 4 198 91 76 163 164 199 158 45 8 44 143 174 168 49 61 99 170 74 73 32 94 190 56 48 45 125 1 104
SORT 16 0 1 2 3 4 5 6 7 8 9 10 11 12 13 14 15 16 17 18 19 20 21 22 23 24 25 26 27 28 29 30 31 32 33 34 35 36 37 38 39 40 41 42 43 44 45 46 47 48 49
SORT 16 50 49 48 47 46 45 44 43 42 41 40 39 38 37 36 35 34 33 32 31 30 29 28 27 26 25 24 23 22 21 20 19 18 17 16 15 14 13 12 11 10 9 8 7 6 5 4 3 2 1
SORT 16 38 38 55 79 16 69 61 44 27 3 72 45 61 34 68 46 12 59 21 51 50 0 14 45 62 24 57 7 2 14 67 38 14 76 27 64 51 65 62 46 77 3 69 41 65 35 0 33 0 6
SORT 16 0 3 6 9 12 15 18 21 24 27 30 33 36 39 42 45 48 0 3 6 9 12 15 18 21 24 27 30 33 36 39 42 45 48 0 3 6 9 12 15 18 21 24 27 30 33 36 39 42 45
SORT 16 0 1 2 3 4 5 37 7 8 9 10 34 12 13 14 8 16 17 18 19 20 21 22 23 24 25 26 27 28 29 30 31 32 33 34 35 36 16 38 39 40 41 42 43 44 45 46 47 48 49
SORT 16 0 1 2 3 4 5 6 7 8 9 10 11 12 13 14 15 16 17 18 19 20 21 22 23 24 25 24 23 22 21 20 19 18 17 16 15 14 13 12 11 10 9 8 7 6 5 4 3 2 1
SORT 1 23 250 237 79 170 78 89 17 123 87 36 41 74 34 154 170 142 192 179 253 116 24 151 64 0 56 15 120 47 161 241 227 23 138 176 231 24 111 214 115 179 55 126 132 207 185 182 46 65 72 197 196 75 91 205 224 156 162 22 197 196 169 37 39
SORT 1 0 1 2 3 4 5 6 7 8 9 10 11 12 13 14 15 16 17 18 19 20 21 22 23 24 25 26 27 28 29 30 31 32 33 34 35 36 37 38 39 40 41 42 43 44 45 46 47 48 49 50 51 52 53 54 55 56 57 58 59 60 61 62 63
SORT 1 64 63 62 61 60 59 58 57 56 55 54 53 52 51 50 49 48 47 46 45 44 43 42 41 40 39 38 37 36 35 34 33 32 31 30 29 28 27 26 25 24 23 22 21 20 19 18 17 16 15 14 13 12 11 10 9 8 7 6 5 4 3 2 1
SORT 1 14 64 26 27 73 20 50 48 58 7 40 0 59 21 74 30 15 66 46 11 28 18 52 29 58 36 78 26 29 49 57 1 47 50 68 40 6 21 36 57 49 9 26 58 63 1 56 19 51 77 63 64 61 55 61 37 55 34 16 75 56 38 71 18
SORT 1 0 3 6 9 12 15 18 21 24 27 30 33 36 39 42 45 48 0 3 6 9 12 15 18 21 24 27 30 33 36 39 42 45 48 0 3 6 9 12 15 18 21 24 27 30 33 36 39 42 45 48 0 3 6 9 12 15 18 21 24 27 30 33 36
SORT 1 0 1 2 3 4 5 6 7 8 9 4 11 12 11 14 15 16 17 45 19 20 21 22 23 24 25 58 2 28 29 30 31 32 33 34 35 36 37 38 39 40 16 42 43 44 45 46 2 48 49 50 51 52 53 54 55 56 57 58 59 60 61 28 63
SORT 1 0 1 2 3 4 5 6 7 8 9 10 11 12 13 14 15 16 17 18 19 20 21 22 23 24 25 26 27 28 29 30 31 32 31 30 29 28 27 26 25 24 23 22 21 20 19 18 17 16 15 14 13 12 11 10 9 8 7 6 5 4 3 2 1
SORT 16 223 222 186 83 164 241 233 77 124 56 114 64 118 35 92 142 31 123 129 176 68 244 119 86 63 72 224 153 100 229 134 40 81 126 226 51 205 237 162 28 147 91 252 110 159 77 1 253 165 23 63 252 231 167 137 114 188 219 159 69 191 96 45 87
SORT 16 0 1 2 3 4 5 6 7 8 9 10 11 12 13 14 15 16 17 18 19 20 21 22 23 24 25 26 27 28 29 30 31 32 33 34 35 36 37 38 39 40 41 42 43 44 45 46 47 48 49 50 51 52 53 54 55 56 57 58 59 60 61 62 63
SORT 16 64 63 62 61 60 59 58 57 56 55 54 53 52 51 50 49 48 47 46 45 44 43 42 41 40 39 38 37 36 35 34 33 32 31 30 29 28 27 26 25 24 23 22 21 20 19 18 17 16 15 14 13 12 11 10 9 8 7 6 5 4 3 2 1
SORT 16 72 75 5 40 74 46 77 56 29 64 43 6 40 35 61 53 61 15 52 72 26 10 75 20 25 20 77 25 41 8 62 35 31 66 15 8 43 64 58 67 2 18 53 49 53 25 54 14 11 60 7 59 62 27 51 56 27 42 47 69 56 46 14 2
SORT 16 0 3 6 9 12 15 18 21 24 27 30 33 36 39 42 45 48 0 3 6 9 12 15 18 21 24 27 30 33 36 39 42 45 48 0 3 6 9 12 15 18 21 24 27 30 33 36 39 42 45 48 0 3 6 9 12 15 18 21 24 27 30 33 36
SORT 16 0 1 37 3 4 5 6 7 8 9 10 11 12 13 14 15 16 17 24 19 20 21 22 23 24 25 26 27 28 29 30 31 32 33 34 35 36 37 38 39 8 41 42 43 57 45 46 47 48 49 50 51 52 53 54 55 56 57 58 59 60 61 62 63
SORT 16 0 1 2 3 4 5 6 7 8 9 10 11 12 13 14 15 16 17 18 19 20 21 22 23 24 25 26 27 28 29 30 31 32 31 30 29 28 27 26 25 24 23 22 21 20 19 18 17 16 15 14 13 12 11 10 9 8 7 6 5 4 3 2 1
SORT 1 265 220 471 84 25 119 219 516 150 511 60 135 285 187 337 337 25 32 59 278 270 335 213 471 264 384 391 299 140 205 22 324 280 32 349 220 143 50 469 356 222 289 402 257 6 13 476 322 100 156 75 341 54 296 510 38 68 155 454 200 514 393 213 335 82 334 137 469 64 35 30 233 457 16 117 3 145 338 504 411 192 193 242 339 375 381 125 200 202 101 194 506 414 384 477 450 440 435 477 269 507 401 139 198 403 477 382 404 148 209 329 58 43 149 243 25 211 346 154 41 301 430 114 401 492 241 225 185 372
SORT 1 0 1 2 3 4 5 6 7 8 9 10 11 12 13 14 15 16 17 18 19 20 21 22 23 24 25 26 27 28 29 30 31 32 33 34 35 36 37 38 39 40 41 42 43 44 45 46 47 48 49 50 51 52 53 54 55 56 57 58 59 60 61 62 63 64 65 66 67 68 69 70 71 72 73 74 75 76 77 78 79 80 81 82 83 84 85 86 87 88 89 90 91 92 93 94 95 96 97 98 99 100 101 102 103 104 105 106 107 108 109 110 111 112 113 114 115 116 117 118 119 120 121 122 123 124 125 126 127 128
SORT 1 129 128 127 126 125 124 123 122 121 120 119 118 117 116 115 114 113 112 111 110 109 108 107 106 105 104 103 102 101 100 99 98 97 96 95 94 93 92 91 90 89 88 87 86 85 84 83 82 81 80 79 78 77 76 75 74 73 72 71 70 69 68 67 66 65 64 63 62 61 60 59 58 57 56 55 54 53 52 51 50 49 48 47 46 45 44 43 42 41 40 39 38 37 36 35 34 33 32 31 30 29 28 27 26 25 24 23 22 21 20 19 18 17 16 15 14 13 12 11 10 9 8 7 6 5 4 3 2 1
SORT 1 54 25 44 2 33 11 41 64 14 45 51 59 0 35 52 36 12 46 51 10 68 0 17 41 58 71 58 14 67 68 24 46 73 23 53 16 12 24 71 2 39 45 78 71 73 39 22 5 21 50 33 23 36 64 72 23 24 64 25 78 16 8 2 26 22 1 50 67 23 0 43 66 73 27 29 68 22 53 77 28 76 73 11 29 7 66 61 36 49 57 0 75 49 73 54 74 48 55 46 20 1 48 17 5 59 43 57 27 78 62 38 73 56 72 48 78 42 48 17 20 27 12 1 2 63 76 73 19 33
SORT 1 0 3 6 9 12 15 18 21 24 27 30 33 36 39 42 45 48 0 3 6 9 12 15 18 21 24 27 30 33 36 39 42 45 48 0 3 6 9 12 15 18 21 24 27 30 33 36 39 42 45 48 0 3 6 9 12 15 18 21 24 27 30 33 36 39 42 45 48 0 3 6 9 12 15 18 21 24 27 30 33 36 39 42 45 48 0 3 6 9 12 15 18 21 24 27 30 33 36 39 42 45 48 0 3 6 9 12 15 18 21 24 27 30 33 36 39 42 45 48 0 3 6 9 12 15 18 21 24 27
SORT 1 0 1 2 3 4 5 6 7 8 9 10 11 12 4 14 15 16 14 18 19 20 21 22 23 24 25 26 27 28 29 30 31 32 33 34 35 36 37 38 39 40 41 42 43 44 45 120 47 48 49 50 51 52 53 54 55 56 57 58 59 60 61 62 63 64 65 66 67 68 69 70 71 72 73 74 75 76 77 78 79 80 81 82 83 84 85 86 87 88 89 90 91 92 93 94 95 96 97 98 99 108 101 70 103 104 105 106 107 108 109 110 111 112 113 114 115 116 117 118 119 120 121 122 123 124 125 126 127 128
SORT 1 0 1 2 3 4 5 6 7 8 9 10 11 12 13 14 15 16 17 18 19 20 21 22 23 24 25 26 27 28 29 30 31 32 33 34 35 36 37 38 39 40 41 42 43 44 45 46 47 48 49 50 51 52 53 54 55 56 57 58 59 60 61 62 63 64 64 63 62 61 60 59 58 57 56 55 54 53 52 51 50 49 48 47 46 45 44 43 42 41 40 39 38 37 36 35 34 33 32 31 30 29 28 27 26 25 24 23 22 21 20 19 18 17 16 15 14 13 12 11 10 9 8 7 6 5 4 3 2 1
SORT 16 111 328 419 133 453 81 30 203 402 213 135 18 405 19 362 148 363 167 343 309 232 393 51 404 154 319 142 499 165 422 247 296 75 14 487 143 198 171 139 312 82 360 361 357 46 140 231 265 467 237 280 166 64 45 3 23 393 347 9 400 120 314 284 408 220 349 355 353 348 76 479 105 373 224 463 499 156 116 437 415 296 17 369 65 330 515 338 32 471 321 212 179 324 71 191 436 83 98 265 354 129 236 326 370 501 58 306 145 91 192 502 18 189 240 137 45 344 203 60 111 59 163 252 348 188 1 224 489 435
SORT 16 0 1 2 3 4 5 6 7 8 9 10 11 12 13 14 15 16 17 18 19 20 21 22 23 24 25 26 27 28 29 30 31 32 33 34 35 36 37 38 39 40 41 42 43 44 45 46 47 48 49 50 51 52 53 54 55 56 57 58 59 60 61 62 63 64 65 66 67 68 69 70 71 72 73 74 75 76 77 78 79 80 81 82 83 84 85 86 87 88 89 90 91 92 93 94 95 96 97 98 99 100 101 102 103 104 105 106 107 108 109 110 111 112 113 114 115 116 117 118 119 120 121 122 123 124 125 126 127 128
SORT 16 129 128 127 126 125 124 123 122 121 120 119 118 117 116 115 114 113 112 111 110 109 108 107 106 105 104 103 102 101 100 99 98 97 96 95 94 93 92 91 90 89 88 87 86 85 84 83 82 81 80 79 78 77 76 75 74 73 72 71 70 69 68 67 66 65 64 63 62 61 60 59 58 57 56 55 54 53 52 51 50 49 48 47 46 45 44 43 42 41 40 39 38 37 36 35 34 33 32 31 30 29 28 27 26 25 24 23 22 21 20 19 18 17 16 15 14 13 12 11 10 9 8 7 6 5 4 3 2 1
SORT 16 0 43 8 5 64 23 6 36 29 62 76 15 50 37 42 17 62 36 3 28 34 24 69 79 25 15 56 54 53 50 30 11 34 9 64 50 43 58 64 30 46 54 11 21 55 67 21 24 70 23 74 78 21 8 7 60 22 34 18 8 65 59 76 21 25 23 50 68 57 20 46 76 56 8 69 40 59 11 42 28 20 44 59 15 58 34 34 66 24 0 61 55 43 42 3 4 3 58 15 67 19 21 45 68 25 43 30 17 17 69 19 17 72 33 27 11 46 70 51 64 78 57 28 14 55 1 78 24 9
SORT 16 0 3 6 9 12 15 18 21 24 27 30 33 36 39 42 45 48 0 3 6 9 12 15 18 21 24 27 30 33 36 39 42 45 48 0 3 6 9 12 15 18 21 24 27 30 33 36 39 42 45 48 0 3 6 9 12 15 18 21 24 27 30 33 36 39 42 45 48 0 3 6 9 12 15 18 21 24 27 30 33 36 39 42 45 48 0 3 6 9 12 15 18 21 24 27 30 33 36 39 42 45 48 0 3 6 9 12 15 18 21 24 27 30 33 36 39 42 45 48 0 3 6 9 12 15 18 21 24 27
SORT 16 0 1 2 3 4 111 6 7 104 9 10 11 12 113 14 15 16 17 18 19 20 21 22 23 24 25 26 27 28 29 30 31 32 33 34 35 36 37 38 39 40 41 42 43 44 45 46 47 48 49 50 51 52 53 54 55 56 57 58 59 60 61 62 72 64 65 66 67 68 69 70 71 72 73 74 75 76 77 78 79 80 81 82 83 84 85 86 87 88 89 90 91 92 93 94 95 96 97 98 99 100 101 102 103 104 105 106 107 108 109 110 111 112 113 114 115 116 117 118 119 120 121 91 123 124 125 74 127 128
SORT 16 0 1 2 3 4 5 6 7 8 9 10 11 12 13 14 15 16 17 18 19 20 21 22 23 24 25 26 27 28 29 30 31 32 33 34 35 36 37 38 39 40 41 42 43 44 45 46 47 48 49 50 51 52 53 54 55 56 57 58 59 60 61 62 63 64 64 63 62 61 60 59 58 57 56 55 54 53 52 51 50 49 48 47 46 45 44 43 42 41 40 39 38 37 36 35 34 33 32 31 30 29 28 27 26 25 24 23 22 21 20 19 18 17 16 15 14 13 12 11 10 9 8 7 6 5 4 3 2 1
SORT 1 926 595 121 19 715 275 840 958 649 183 748 1093 927 82 986 345 120 1174 594 805 565 399 767 28 145 712 596 104 128 38 150 1186 497 428 550 203 396 745 492 587 916 937 881 389 874 648 575 366 1053 530 630 715 521 64 946 155 892 731 1156 420 408 456 1000 425 560 515 115 385 982 448 46 490 317 321 22 646 960 1028 548 807 1129 1096 804 546 465 740 902 1060 164 781 142 1116 1138 826 77 1018 118 855 983 206 49 976 618 996 4 1024 604 787 192 589 415 926 708 582 20 84 784 919 439 1002 392 1151 50 238 17 1009 916 1148 460 858 43 546 344 26 285 678 58 787 127 631 200 1077 298 1093 702 1003 85 160 593 703 685 1071 706 986 1104 886 913 456 91 189 871 565 201 259 113 848 256 1066 171 681 73 386 1116 258 295 1107 581 893 1001 1144 530 892 105 721 810 402 263 35 357 1061 1024 520 871 1083 25 269 645 125 379 947 871 639 1075 386 609 559 438 828 179 1059 452 669 996 39 362 434 497 806 1034 348 133 1157 446 99 320 660 335 402 295 831 627 1100 831 920 282 429 818 1144 1048 103 692 741 638 345 137 941 950 1085 126 342 162 5 1158 691 912 398 929 798 537 610 291 265 1085 995 939 761 165 184 905 1175 828 395 915 186 134 682 868 664 463 937 41 503 1097 315 2 370 500 267 671 267 341 1002 94 444 120 115 107 416 981 887
SORT 1 0 1 2 3 4 5 6 7 8 9 10 11 12 13 14 15 16 17 18 19 20 21 22 23 24 25 26 27 28 29 30 31 32 33 34 35 36 37 38 39 40 41 42 43 44 45 46 47 48 49 50 51 52 53 54 55 56 57 58 59 60 61 62 63 64 65 66 67 68 69 70 71 72 73 74 75 76 77 78 79 80 81 82 83 84 85 86 87 88 89 90 91 92 93 94 95 96 97 98 99 100 101 102 103 104 105 106 107 108 109 110 111 112 113 114 115 116 117 118 119 120 121 122 123 124 125 126 127 128 129 130 131 132 133 134 135 136 137 138 139 140 141 142 143 144 145 146 147 148 149 150 151 152 153 154 155 156 157 158 159 160 161 162 163 164 165 166 167 168 169 170 171 172 173 174 175 176 177 178 179 180 181 182 183 184 185 186 187 188 189 190 191 192 193 194 195 196 197 198 199 200 201 202 203 204 205 206 207 208 209 210 211 212 213 214 215 216 217 218 219 220 221 222 223 224 225 226 227 228 229 230 231 232 233 234 235 236 237 238 239 240 241 242 243 244 245 246 247 248 249 250 251 252 253 254 255 256 257 258 259 260 261 262 263 264 265 266 267 268 269 270 271 272 273 274 275 276 277 278 279 280 281 282 283 284 285 286 287 288 289 290 291 292 293 294 295 296 297 298 299
SORT 1 300 299 298 297 296 295 294 293 292 291 290 289 288 287 286 285 284 283 282 281 280 279 278 277 276 275 274 273 272 271 270 269 268 267 266 265 264 263 262 261 260 259 258 257 256 255 254 253 252 251 250 249 248 247 246 245 244 243 242 241 240 239 238 237 236 235 234 233 232 231 230 229 228 227 226 225 224 223 222 221 220 219 218 217 216 215 214 213 212 211 210 209 208 207 206 205 204 203 202 201 200 199 198 197 196 195 194 193 192 191 190 189 188 187 186 185 184 183 182 181 180 179 178 177 176 175 174 173 172 171 170 169 168 167 166 165 164 163 162 161 160 159 158 157 156 155 154 153 152 151 150 149 148 147 146 145 144 143 142 141 140 139 138 137 136 135 134 133 132 131 130 129 128 127 126 125 124 123 122 121 120 119 118 117 116 115 114 113 112 111 110 109 108 107 106 105 104 103 102 101 100 99 98 97 96 95 94 93 92 91 90 89 88 87 86 85 84 83 82 81 80 79 78 77 76 75 74 73 72 71 70 69 68 67 66 65 64 63 62 61 60 59 58 57 56 55 54 53 52 51 50 49 48 47 46 45 44 43 42 41 40 39 38 37 36 35 34 33 32 31 30 29 28 27 26 25 24 23 22 21 20 19 18 17 16 15 14 13 12 11 10 9 8 7 6 5 4 3 2 1
SORT 1 56 25 53 49 55 2 31 72 48 72 33 4 8 29 63 61 69 57 62 66 2 61 4 26 70 62 70 25 53 41 47 62 27 79 62 9 30 79 76 4 19 29 73 30 67 11 37 53 35 13 33 34 20 44 79 39 36 64 66 3 10 35 25 51 63 73 27 59 28 71 22 8 38 45 41 11 20 38 73 67 68 75 53 4 58 58 18 35 26 36 15 68 30 1 70 33 5 51 58 58 13 67 66 0 0 62 48 37 31 19 57 69 4 21 2 74 56 51 70 51 75 78 55 69 30 34 39 55 52 71 46 65 34 24 28 67 44 43 3 60 47 60 30 26 48 30 7 79 26 39 7 47 61 7 68 18 4 52 0 30 27 64 13 46 27 49 5 12 63 28 1 5 14 50 59 69 54 54 72 55 15 30 15 51 24 29 62 66 3 68 76 73 19 4 59 44 14 11 46 14 58 37 26 51 69 53 71 35 6 67 33 49 63 79 69 45 51 69 16 79 35 32 62 68 19 50 54 45 65 15 50 12 58 17 69 15 53 50 70 14 0 32 38 69 10 60 71 11 77 30 37 75 48 54 1 38 22 7 0 8 32 2 23 37 38 22 40 32 55 50 49 43 44 78 48 25 22 76 13 29 51 33 78 42 14 8 65 44 28 54 56 60 53 69 56 33 49 76 56 28
SORT 1 0 3 6 9 12 15 18 21 24 27 30 33 36 39 42 45 48 0 3 6 9 12 15 18 21 24 27 30 33 36 39 42 45 48 0 3 6 9 12 15 18 21 24 27 30 33 36 39 42 45 48 0 3 6 9 12 15 18 21 24 27 30 33 36 39 42 45 48 0 3 6 9 12 15 18 21 24 27 30 33 36 39 42 45 48 0 3 6 9 12 15 18 21 24 27 30 33 36 39 42 45 48 0 3 6 9 12 15 18 21 24 27 30 33 36 39 42 45 48 0 3 6 9 12 15 18 21 24 27 30 33 36 39 42 45 48 0 3 6 9 12 15 18 21 24 27 30 33 36 39 42 45 48 0 3 6 9 12 15 18 21 24 27 30 33 36 39 42 45 48 0 3 6 9 12 15 18 21 24 27 30 33 36 39 42 45 48 0 3 6 9 12 15 18 21 24 27 30 33 36 39 42 45 48 0 3 6 9 12 15 18 21 24 27 30 33 36 39 42 45 48 0 3 6 9 12 15 18 21 24 27 30 33 36 39 42 45 48 0 3 6 9 12 15 18 21 24 27 30 33 36 39 42 45 48 0 3 6 9 12 15 18 21 24 27 30 33 36 39 42 45 48 0 3 6 9 12 15 18 21 24 27 30 33 36 39 42 45 48 0 3 6 9 12 15 18 21 24 27 30
SORT 1 0 1 2 3 4 5 6 7 8 9 10 11 12 13 14 15 16 17 18 19 20 21 22 23 24 25 26 27 211 280 30 31 32 33 34 35 36 37 38 39 40 41 42 43 44 45 46 47 48 110 50 51 52 53 54 55 56 57 141 59 60 61 62 63 64 65 66 67 68 69 70 71 72 73 74 75 76 77 78 79 80 81 82 83 84 85 86 87 88 89 90 91 92 93 94 95 96 97 98 99 100 101 102 103 104 105 106 107 108 109 110 111 112 113 114 115 116 117 118 119 120 121 122 123 124 125 126 127 128 129 130 131 132 133 134 135 136 137 138 139 140 141 142 143 144 145 146 147 211 149 150 151 152 246 154 155 156 157 158 159 160 161 162 163 164 165 166 167 168 169 170 171 172 173 174 175 176 177 178 179 180 181 182 183 184 185 186 187 188 189 190 191 192 193 194 195 196 197 198 199 200 201 202 203 204 205 206 207 208 209 210 211 212 213 214 215 216 217 218 219 220 221 222 223 224 225 226 227 228 229 230 231 232 233 234 235 236 237 159 239 109 241 242 243 244 245 246 247 248 249 250 251 252 253 254 255 256 289 258 259 260 261 262 263 264 265 266 267 268 269 270 271 272 273 178 275 119 277 278 279 280 281 282 283 255 285 286 287 288 289 290 291 292 293 294 295 296 297 298 299
SORT 1 0 1 2 3 4 5 6 7 8 9 10 11 12 13 14 15 16 17 18 19 20 21 22 23 24 25 26 27 28 29 30 31 32 33 34 35 36 37 38 39 40 41 42 43 44 45 46 47 48 49 50 51 52 53 54 55 56 57 58 59 60 61 62 63 64 65 66 67 68 69 70 71 72 73 74 75 76 77 78 79 80 81 82 83 84 85 86 87 88 89 90 91 92 93 94 95 96 97 98 99 100 101 102 103 104 105 106 107 108 109 110 111 112 113 114 115 116 117 118 119 120 121 122 123 124 125 126 127 128 129 130 131 132 133 134 135 136 137 138 139 140 141 142 143 144 145 146 147 148 149 150 149 148 147 146 145 144 143 142 141 140 139 138 137 136 135 134 133 132 131 130 129 128 127 126 125 124 123 122 121 120 119 118 117 116 115 114 113 112 111 110 109 108 107 106 105 104 103 102 101 100 99 98 97 96 95 94 93 92 91 90 89 88 87 86 85 84 83 82 81 80 79 78 77 76 75 74 73 72 71 70 69 68 67 66 65 64 63 62 61 60 59 58 57 56 55 54 53 52 51 50 49 48 47 46 45 44 43 42 41 40 39 38 37 36 35 34 33 32 31 30 29 28 27 26 25 24 23 22 21 20 19 18 17 16 15 14 13 12 11 10 9 8 7 6 5 4 3 2 1
SORT 16 192 592 538 612 28 111 137 1096 454 624 1137 1066 460 1073 742 121 976 264 28 224 1153 1140 146 1197 1192 867 159 387 667 899 1067 1026 462 124 729 451 304 13 661 841 164 128 369 755 511 227 1014 302 796 491 547 1083 952 1188 248 691 955 679 200 910 281 160 427 551 915 110 251 6 867 820 1184 515 977 1076 449 462 778 194 180 322 912 312 553 904 1037 1115 462 1163 39 126 528 265 555 573 527 144 417 58 234 363 529 92 1032 213 142 578 1183 47 1015 224 856 516 919 804 802 359 210 1027 580 679 712 541 247 337 1192 1045 545 590 1132 958 696 363 853 663 500 580 128 544 771 92 301 682 614 933 1126 318 434 863 978 899 1161 961 1097 806 1002 1013 653 715 245 9 1198 1170 503 588 1089 336 434 1198 926 114 221 1179 1153 265 34 620 112 67 417 1074 640 214 34 1111 924 536 784 58 412 971 277 846 1161 1031 406 1036 779 434 1128 34 401 11 231 798 551 1074 646 211 274 922 1060 952 388 828 353 1135 1187 243 1067 574 620 919 664 266 296 694 168 862 535 801 265 239 748 639 346 697 1004 1200 258 516 408 189 378 663 674 913 224 392 257 991 151 1097 484 232 122 307 159 395 834 294 1025 434 254 414 717 404 171 500 18 157 574 1138 462 807 656 1041 356 547 3 558 792 970 914 139 62 790 87 26 249 254 380 499 218 127 668 1067 1186 1149 561 698
SORT 16 0 1 2 3 4 5 6 7 8 9 10 11 12 13 14 15 16 17 18 19 20 21 22 23 24 25 26 27 28 29 30 31 32 33 34 35 36 37 38 39 40 41 42 43 44 45 46 47 48 49 50 51 52 53 54 55 56 57 58 59 60 61 62 63 64 65 66 67 68 69 70 71 72 73 74 75 76 77 78 79 80 81 82 83 84 85 86 87 88 89 90 91 92 93 94 95 96 97 98 99 100 101 102 103 104 105 106 107 108 109 110 111 112 113 114 115 116 117 118 119 120 121 122 123 124 125 126 127 128 129 130 131 132 133 134 135 136 137 138 139 140 141 142 143 144 145 146 147 148 149 150 151 152 153 154 155 156 157 158 159 160 161 162 163 164 165 166 167 168 169 170 171 172 173 174 175 176 177 178 179 180 181 182 183 184 185 186 187 188 189 190 191 192 193 194 195 196 197 198 199 200 201 202 203 204 205 206 207 208 209 210 211 212 213 214 215 216 217 218 219 220 221 222 223 224 225 226 227 228 229 230 231 232 233 234 235 236 237 238 239 240 241 242 243 244 245 246 247 248 249 250 251 252 253 254 255 256 257 258 259 260 261 262 263 264 265 266 267 268 269 270 271 272 273 274 275 276 277 278 279 280 281 282 283 284 285 286 287 288 289 290 291 292 293 294 295 296 297 298 299
SORT 16 300 299 298 297 296 295 294 293 292 291 290 289 288 287 286 285 284 283 282 281 280 279 278 277 276 275 274 273 272 271 270 269 268 267 266 265 264 263 262 261 260 259 258 257 256 255 254 253 252 251 250 249 248 247 246 245 244 243 242 241 240 239 238 237 236 235 234 233 232 231 230 229 228 227 226 225 224 223 222 221 220 219 218 217 216 215 214 213 212 211 210 209 208 207 206 205 204 203 202 201 200 199 198 197 196 195 194 193 192 191 190 189 188 187 186 185 184 183 182 181 180 179 178 177 176 175 174 173 172 171 170 169 168 167 166 165 164 163 162 161 160 159 158 157 156 155 154 153 152 151 150 149 148 147 146 145 144 143 142 141 140 139 138 137 136 135 134 133 132 131 130 129 128 127 126 125 124 123 122 121 120 119 118 117 116 115 114 113 112 111 110 109 108 107 106 105 104 103 102 101 100 99 98 97 96 95 94 93 92 91 90 89 88 87 86 85 84 83 82 81 80 79 78 77 76 75 74 73 72 71 70 69 68 67 66 65 64 63 62 61 60 59 58 57 56 55 54 53 52 51 50 49 48 47 46 45 44 43 42 41 40 39 38 37 36 35 34 33 32 31 30 29 28 27 26 25 24 23 22 21 20 19 18 17 16 15 14 13 12 11 10 9 8 7 6 5 4 3 2 1
SORT 16 26 20 26 11 28 64 29 72 39 58 63 37 3 11 3 19 33 43 24 56 29 8 37 50 6 54 54 75 60 63 31 2 10 66 40 10 32 36 20 0 15 41 0 40 69 46 37 69 39 29 65 66 37 26 20 39 11 22 42 49 21 30 26 41 2 66 45 10 75 6 18 12 11 16 41 71 1 50 33 79 44 61 66 73 75 15 1 52 29 14 40 30 26 53 38 7 31 34 60 77 53 51 56 8 0 7 54 49 65 60 23 3 79 29 27 69 76 53 14 25 60 73 17 27 73 47 49 18 12 58 58 2 71 15 66 53 78 34 25 44 34 30 66 28 70 34 75 56 50 6 37 48 14 51 3 8 20 2 60 38 15 78 3 41 50 45 71 72 72 38 46 37 14 10 27 2 59 49 40 11 43 52 51 68 21 19 25 37 79 78 34 37 1 70 62 66 8 22 65 51 2 52 68 36 79 37 32 18 77 32 34 61 15 47 23 41 20 38 59 62 35 6 24 64 14 73 9 56 12 16 79 61 22 59 0 17 18 30 27 76 18 46 57 40 46 26 14 46 62 4 6 17 73 65 36 18 31 62 30 7 11 40 21 51 60 40 17 77 23 31 5 42 68 15 26 43 16 77 32 52 62 29 30 37 39 67 64 43 70 26 44 61 72 67 58 33 60 54 53 44
SORT 16 0 3 6 9 12 15 18 21 24 27 30 33 36 39 42 45 48 0 3 6 9 12 15 18 21 24 27 30 33 36 39 42 45 48 0 3 6 9 12 15 18 21 24 27 30 33 36 39 42 45 48 0 3 6 9 12 15 18 21 24 27 30 33 36 39 42 45 48 0 3 6 9 12 15 18 21 24 27 30 33 36 39 42 45 48 0 3 6 9 12 15 18 21 24 27 30 33 36 39 42 45 48 0 3 6 9 12 15 18 21 24 27 30 33 36 39 42 45 48 0 3 6 9 12 15 18 21 24 27 30 33 36 39 42 45 48 0 3 6 9 12 15 18 21 24 27 30 33 36 39 42 45 48 0 3 6 9 12 15 18 21 24 27 30 33 36 39 42 45 48 0 3 6 9 12 15 18 21 24 27 30 33 36 39 42 45 48 0 3 6 9 12 15 18 21 24 27 30 33 36 39 42 45 48 0 3 6 9 12 15 18 21 24 27 30 33 36 39 42 45 48 0 3 6 9 12 15 18 21 24 27 30 33 36 39 42 45 48 0 3 6 9 12 15 18 21 24 27 30 33 36 39 42 45 48 0 3 6 9 12 15 18 21 24 27 30 33 36 39 42 45 48 0 3 6 9 12 15 18 21 24 27 30 33 36 39 42 45 48 0 3 6 9 12 15 18 21 24 27 30
SORT 16 0 1 2 3 4 5 6 7 8 9 10 11 12 13 14 15 16 17 18 19 20 21 22 23 24 25 26 27 28 29 30 31 32 33 34 35 36 37 38 39 40 41 42 43 44 45 46 47 48 49 50 51 52 53 54 55 56 57 58 59 60 61 62 249 64 65 66 67 68 69 90 71 72 73 74 75 76 77 78 79 80 254 82 83 84 225 86 87 88 89 90 91 92 93 94 95 96 97 98 99 100 101 102 103 104 105 106 107 108 109 110 111 112 113 114 115 116 117 118 119 120 121 122 123 124 125 126 127 128 123 130 131 132 133 182 135 43 137 138 245 140 141 142 143 144 145 146 147 148 149 150 151 152 153 154 155 156 157 158 159 160 161 162 163 164 165 166 167 168 169 170 171 172 173 150 175 176 177 178 179 180 181 182 183 184 185 186 187 188 189 190 191 192 193 194 195 196 197 198 10 200 201 202 203 34 205 206 207 208 209 210 211 212 213 214 7 216 217 218 219 220 221 222 223 224 225 226 227 228 229 230 231 232 233 234 235 236 237 238 239 240 241 242 243 244 245 246 247 248 249 250 251 252 253 254 255 256 257 258 259 260 261 262 263 264 265 266 267 268 269 270 271 272 273 274 275 276 277 278 279 280 281 282 283 284 285 286 287 288 289 290 251 292 293 294 44 296 297 298 299
SORT 16 0 1 2 3 4 5 6 7 8 9 10 11 12 13 14 15 16 17 18 19 20 21 22 23 24 25 26 27 28 29 30 31 32 33 34 35 36 37 38 39 40 41 42 43 44 45 46 47 48 49 50 51 52 53 54 55 56 57 58 59 60 61 62 63 64 65 66 67 68 69 70 71 72 73 74 75 76 77 78 79 80 81 82 83 84 85 86 87 88 89 90 91 92 93 94 95 96 97 98 99 100 101 102 103 104 105 106 107 108 109 110 111 112 113 114 115 116 117 118 119 120 121 122 123 124 125 126 127 128 129 130 131 132 133 134 135 136 137 138 139 140 141 142 143 144 145 146 147 148 149 150 149 148 147 146 145 144 143 142 141 140 139 138 137 136 135 134 133 132 131 130 129 128 127 126 125 124 123 122 121 120 119 118 117 116 115 114 113 112 111 110 109 108 107 106 105 104 103 102 101 100 99 98 97 96 95 94 93 92 91 90 89 88 87 86 85 84 83 82 81 80 79 78 77 76 75 74 73 72 71 70 69 68 67 66 65 64 63 62 61 60 59 58 57 56 55 54 53 52 51 50 49 48 47 46 45 44 43 42 41 40 39 38 37 36 35 34 33 32 31 30 29 28 27 26 25 24 23 22 21 20 19 18 17 16 15 14 13 12 11 10 9 8 7 6 5 4 3 2 1
REL 2f737263 1 2f7372632f612e7473
REL 2f737263 1 2f7372632f6469722f632e7473
REL 2f737263 1 2f6f746865722f642e7473
REL 2f737263 1 612e7473
REL 2f737263 1 2e2f612e7473
REL 2f737263 1 2e2e2f612e7473
REL 2f7372632f 1 2f7372632f612e7473
REL 2f 1 2f612e7473
REL 2f 1 2f7372632f612e7473
REL - 1 2f7372632f612e7473
REL 2f737263 1 2f5352432f612e7473
REL 2f737263 0 2f5352432f612e7473
REL 2f537263 0 2f7372632f4469722f412e7473
REL 2f612f622f63 1 2f612f782f792e7473
REL 2f612f622f63 1 2f612f622f63
REL 2f612f622f63 1 2f612f622f632f
REL 2f612f622f63 1 2f612f62
REL 633a2f737263 1 633a2f7372632f612e7473
REL 633a2f737263 1 643a2f7372632f612e7473
REL 633a2f737263 0 433a2f5352432f612e7473
REL 633a5c737263 1 633a5c7372635c612e7473
REL 2f737263 1 2f2f7365727665722f73686172652f612e7473
REL 2f737263 1 66696c653a2f2f2f7372632f612e7473
REL 2f737263 1 687474703a2f2f782f612e7473
REL 2f737263 1 2f7372632f2f612e7473
REL 2f737263 1 2f7372632f2e2f612e7473
REL 2f737263 1 2f7372632f782f2e2e2f612e7473
REL 2f737263 1 -
REL 2f737263 1 2f
REL 2f2e737263 1 2f2e7372632f74657374732f63617365732f636f6d70696c65722f612e7473
REL 2f2e737263 1 2f2e6c69622f6c69622e642e7473
REL 2f686f6d652f7372632f776f726b7370616365732f70726f6a656374 1 2f686f6d652f7372632f776f726b7370616365732f70726f6a6563742f612e7473
REL 2f686f6d652f7372632f776f726b7370616365732f70726f6a656374 1 2f686f6d652f7372632f74736c6962732f54532f4c69622f6c69622e642e7473
FMT 277b307d272065787065637465642e 1 29
FMT 277b307d272065787065637465642e 0
FMT 7b307d7b317d7b307d 2 61 62
FMT 7b307d 2 7b317d 78
FMT 7b7b307d7d 1 61
FMT 7b207b307d2061732064656661756c74207d 1 6e
FMT 2740706172616d207b6f626a6563747d207b317d27 2 61 62
FMT 7b30317d 2 61 62
FMT 7b30 1 61
FMT 307d 1 61
FMT 7b7d 1 61
FMT 7b617d 1 61
FMT 7b2d317d 1 61
FMT 7b2b307d 1 61
FMT 7b20307d 1 61
FMT 7b30207d 1 61
FMT 7b317d 1 61
FMT 7b327d207b307d 2 61 62
FMT 7b39393939393939393939393939393939393939397d 1 61
FMT 7b31383434363734343037333730393535313631367d 1 61
FMT 7b393232333337323033363835343737353830377d 1 61
FMT 7b30303030303030303030303030303030303030303030307d 1 61
FMT 7b307d7b 1 61
FMT 7b307d7d 1 61
FMT 7b7b307d 1 61
FMT c3a97b307dc3a9 1 e697a5
FMT 7bd9a07d 1 61
FMT 7befbc907d 1 61
FMT 607b277d277d60207b307d 1 61
FMT 7b307d7b317d7b327d7b337d7b347d 5 61 62 63 64 65
FMT - 1 61
FMT 6e6f20706c616365686f6c64657273 1 61
FMT 3c7b307d3e 1 ff
FMT 3c7b307d3e 1 fffe
FMT 3c7b307d3e 1 61ff62
FMT 3c7b307d3e 1 c3
FMT 3c7b307d3e 1 c328
FMT 3c7b307d3e 1 e282
FMT 3c7b307d3e 1 e28241
FMT 3c7b307d3e 1 e228a1
FMT 3c7b307d3e 1 eda080
FMT 3c7b307d3e 1 f09f98
FMT 3c7b307d3e 1 f09f9880
FMT 3c7b307d3e 1 f4908080
FMT 3c7b307d3e 1 c080
FMT 3c7b307d3e 1 c1bf
FMT 3c7b307d3e 1 e08080
FMT 3c7b307d3e 1 efbfbd
FMT 3c7b307d3e 1 efbfbdff
FMT 3c7b307d3e 1 ffefbfbdff
FMT 3c7b307d3e 1 80
FMT 3c7b307d3e 1 80804180
FMT 3c7b307d3e 1 f888808080
FMT 3c7b307d3e 1 e282acffe282
